Date,TrueY,VERSION,Quantile_0.002,Quantile_0.004,Quantile_0.005,Quantile_0.006,Quantile_0.008,Quantile_0.010,Quantile_0.015,Quantile_0.020,Quantile_0.025,Quantile_0.030,Quantile_0.040,Quantile_0.050,Quantile_0.950,Quantile_0.960,Quantile_0.970,Quantile_0.975,Quantile_0.980,Quantile_0.985,Quantile_0.990,Quantile_0.992,Quantile_0.994,Quantile_0.995,Quantile_0.996,Quantile_0.998,ES_0.010,ES_0.025,ES_0.050,ES_0.950,ES_0.975,ES_0.990
2016-02-08,0.000255739,IV_COMBINED,-0.01655734425,-0.0145169965,-0.014197751,-0.01387581775,-0.013137408,-0.01263160375,-0.01135275925,-0.011171647,-0.01047681675,-0.0100021695,-0.009661078,-0.008823308,0.008004464325,0.0090332075,0.00952294875,0.010133989749999999,0.010722734250000001,0.0114700015,0.0124859685,0.0130871805,0.013904226375,0.0145899795,0.01480750025,0.016229234500000002,-0.014143833750000001,-0.011966115375,-0.01045796075,0.0099538645,0.011880535000000001,0.014102821625
2016-02-09,0.014571752,IV_COMBINED,-0.02233103625,-0.01991704675,-0.0193280155,-0.019065853,-0.018324716,-0.01769728025,-0.015702394375,-0.015469708375,-0.014478053125000001,-0.013677455500000001,-0.01315026125,-0.012177651500000001,0.01081883225,0.01232047025,0.01324577775,0.013906102,0.0146613565,0.0158544495,0.01751963425,0.01850393425,0.01958994725,0.02044622725,0.02070027225,0.022220965750000002,-0.01946718575,-0.016535090500000002,-0.014434471125,0.013713214,0.01647755375,0.01970695125
2016-02-10,-0.009979599,IV_COMBINED,-0.024474623,-0.021715952,-0.021043249,-0.02084698425,-0.0200240035,-0.01924142375,-0.017103294749999998,-0.0169066545,-0.0156562675,-0.0148904845,-0.01434803475,-0.013363732,0.01192925275,0.013601857375,0.01449958075,0.015282816250000001,0.01609056625,0.01729891375,0.01918717375,0.020196641,0.02145944825,0.02245464175,0.022672132499999997,0.02434337425,-0.0212605965,-0.0179901785,-0.01575006625,0.01506168575,0.018062822,0.02157175475
2016-02-11,0.0129506355,IV_COMBINED,-0.02443151975,-0.02162188375,-0.021028585000000002,-0.020748594500000002,-0.01986920925,-0.019127106999999997,-0.01701784925,-0.016785445,-0.015643159,-0.014822238250000001,-0.01429988175,-0.013292244875,0.01195929725,0.013614273125,0.014486617,0.01520814225,0.016050391,0.017271652,0.01911362725,0.0201317845,0.02141951475,0.022358444749999998,0.02256574025,0.024328084,-0.02115966275,-0.017920428500000002,-0.0156653835,0.01504484125,0.0180004515,0.02151175075
2016-02-12,-0.008659557,IV_COMBINED,-0.0260931,-0.02314473825,-0.02239173825,-0.0222547995,-0.02122708125,-0.020430280500000002,-0.018184687499999998,-0.017998659,-0.01667056775,-0.015801843375,-0.015269243125,-0.014253607875,0.012852185625,0.014646068,0.015569887,0.01633270525,0.017232159,0.01854859625,0.02052523925,0.0215683705,0.0229580095,0.02398368675,0.0241679655,0.02605876725,-0.02263000025,-0.019135186999999998,-0.01675072625,0.016165107749999998,0.0193244775,0.02305567075
2016-02-15,-0.009029038,IV_COMBINED,-0.01832686075,-0.016104997625,-0.015720281625,-0.0154209395,-0.0145125475,-0.013987240875,-0.0125427505,-0.01234694275,-0.011633458000000001,-0.0110567965,-0.01067425725,-0.009777290375,0.008983321625,0.010146135875,0.01070100725,0.011247281625000001,0.01193863425,0.01279189675,0.013961727,0.014667210375,0.015587234875,0.01625371025,0.0164335645,0.01814942675,-0.01567051725,-0.0132461345,-0.01156850525,0.011146165625,0.013238650125000001,0.015759833
2016-02-16,-8.300794e-05,IV_COMBINED,-0.02023964875,-0.0179414355,-0.01746135025,-0.0171558595,-0.016453614,-0.0158135595,-0.014059583125,-0.01379789025,-0.01307323475,-0.012338840875,-0.011845110249999999,-0.010933953125,0.009828207875,0.0111579445,0.011966277,0.01245188275,0.01322996375,0.01429112875,0.015723163375,0.016577160875,0.0176052495,0.018296224,0.018476244,0.019993059,-0.017520822749999998,-0.014841124,-0.0129458705,0.0123811115,0.01479847275,0.017674975000000002
2016-02-17,-0.0010348122,IV_COMBINED,-0.020472796,-0.01813202925,-0.017657555,-0.01730113175,-0.01665470275,-0.015995766,-0.014251277,-0.013957513375000001,-0.013196156125,-0.01244573725,-0.01197136975,-0.01107967625,0.0099038925,0.01125917125,0.012084548,0.0126037165,0.013385599,0.01444355825,0.015895369625,0.016796146249999998,0.01775656325,0.0185202545,0.01871829025,0.02018511525,-0.0177112845,-0.015011653625,-0.013090012625,0.012505716,0.0149696995,0.0178702975
2016-02-18,-0.0027459785,IV_COMBINED,-0.02037271575,-0.01805446325,-0.017567442750000002,-0.01719948375,-0.0165730625,-0.01593527225,-0.01420030875,-0.013890064,-0.01314724625,-0.012375744,-0.011911785,-0.01103068475,0.0098590355,0.01120605375,0.012029636625,0.0125502135,0.01334020075,0.014395247375,0.015822105500000003,0.0167288855,0.01767427,0.01843706075,0.0186464075,0.02009966125,-0.0176269995,-0.0149480665,-0.013028710124999999,0.012451407,0.01490896575,0.0177942655
2016-02-19,0.00045030846,IV_COMBINED,-0.020074794,-0.0177997945,-0.0172907175,-0.0169242495,-0.016325364250000002,-0.01571110975,-0.01399624375,-0.01368854375,-0.01295750675,-0.0121850255,-0.01173526775,-0.0108696185,0.009716453625,0.011031538875,0.0118522255,0.012358375,0.01316523575,0.0142029245,0.015572111000000001,0.016475911,0.01737138025,0.01814471425,0.018383972749999998,0.0197947495,-0.0173670625,-0.01472882425,-0.0128379125,0.012267513,0.014688671875,0.01751962525
2016-02-22,-0.0071568293,IV_COMBINED,-0.0169127215,-0.01491807475,-0.01451976725,-0.01417040575,-0.01362105825,-0.013135633,-0.01170405825,-0.0114406905,-0.010879978,-0.010276468375,-0.009883604125,-0.0090623435,0.008181723049999999,0.009240387249999999,0.009875011125,0.010328553125,0.0110642015,0.011904219625,0.01296427425,0.013613100999999999,0.01442062425,0.01501835025,0.01524917125,0.0165834085,-0.01455157875,-0.012336025,-0.01075974825,0.010265119875,0.01225591975,0.014566116
2016-02-23,-0.00027210143,IV_COMBINED,-0.01958937525,-0.01742464725,-0.01691816025,-0.016518543,-0.01602070425,-0.015489377249999998,-0.0137200885,-0.01339844425,-0.012738971,-0.011950757749999999,-0.011478229999999999,-0.01061060925,0.009450275000000001,0.01074078775,0.011574830000000001,0.01206203625,0.012843502,0.01392446575,0.01524825025,0.0161674635,0.017012878250000002,0.01771090425,0.01795624575,0.01934597275,-0.01700852975,-0.014453008125,-0.01258548375,0.01197152925,0.014357831,0.0171461625
2016-02-24,0.00015419991,IV_COMBINED,-0.0180836255,-0.016020246000000002,-0.01559239675,-0.0151829755,-0.01469639125,-0.01416621975,-0.012597538750000001,-0.012291221750000001,-0.011679926125,-0.01098734725,-0.010573637375,-0.00974714125,0.00870439735,0.0098742395,0.010596745375000001,0.011088797375,0.011810880874999999,0.012770302875,0.013934637,0.014710023,0.0155333945,0.01618223775,0.01643480325,0.017724933,-0.015629892,-0.013265460375,-0.0115531135,0.01098418,0.013157371125,0.0156675585
2016-02-25,0.0008522058,IV_COMBINED,-0.019925724,-0.01772837625,-0.0172054075,-0.01682554025,-0.016294105,-0.015746091,-0.01395099825,-0.0136536455,-0.0129016055,-0.012134804499999999,-0.01167482075,-0.01081222525,0.009629138499999999,0.01094551925,0.0117637625,0.0122976865,0.01306079225,0.0141598885,0.01549815575,0.016395744,0.0173068675,0.018022627,0.018262103249999998,0.01967339225,-0.017303967,-0.014691549375,-0.01280431725,0.012179473,0.014607830375,0.01742725175
2016-02-26,-0.009908555,IV_COMBINED,-0.0187298415,-0.0166053215,-0.01615889075,-0.015751304,-0.0152667625,-0.014711291750000001,-0.01306518125,-0.012753906,-0.012109525875,-0.011388972875,-0.01095358225,-0.01012528875,0.00901516675,0.0102369635,0.01099170175,0.01151505975,0.012229945249999999,0.0132246345,0.0144699375,0.015311074124999999,0.016138653750000002,0.0168489105,0.017096668250000002,0.01840899575,-0.0162129045,-0.01375975925,-0.011986608,0.01138874275,0.013657697125,0.0162850655
2016-02-29,-0.005736671,IV_COMBINED,-0.0171579865,-0.015190453999999999,-0.0148036645,-0.014455952000000001,-0.01390063175,-0.0134509795,-0.01195901125,-0.011691613625,-0.011087907125,-0.01047212425,-0.01006611975,-0.00923242775,0.00829570855,0.0093853905,0.01003383875,0.010559192,0.011211665374999999,0.0121312575,0.0132103955,0.01385421325,0.01469146975,0.0152856245,0.01551768425,0.01687977575,-0.014831200874999999,-0.012598635,-0.010982653,0.01042739975,0.0124796275,0.014830707625
2016-03-01,-0.00039129125,IV_COMBINED,-0.01969144775,-0.01751657575,-0.017049518,-0.01664765175,-0.016133103250000003,-0.015632641500000002,-0.01383102275,-0.013510904,-0.012830034,-0.01204443,-0.011559942875,-0.010681606,0.00950088575,0.010801037,0.011630782499999999,0.012185612,0.01290033025,0.0140110455,0.01535319425,0.01627034975,0.017110074,0.01781262825,0.0180830965,0.0194764075,-0.01712428475,-0.014570824375,-0.012685904375000001,0.01203724625,0.014452562375,0.0172586235
2016-03-02,-0.0029026326,IV_COMBINED,-0.0183232765,-0.016231971249999998,-0.01581608375,-0.015438522875,-0.014906506125,-0.014389000875,-0.012783664,-0.01249854975,-0.011843689000000001,-0.011156384125,-0.010731448250000001,-0.009890050125,0.0088343575,0.010021774625,0.010737034,0.01128861525,0.01197975075,0.012952809,0.0141424505,0.01490279375,0.015743615000000002,0.016403961,0.01668189175,0.01799978825,-0.015857855625,-0.013466197374999999,-0.0117330865,0.01114307325,0.01335351775,0.0158941085
2016-03-03,0.00957044,IV_COMBINED,-0.0188155625,-0.0166975045,-0.01625593775,-0.01587484425,-0.015363194875,-0.01485289375,-0.0131726965,-0.012867339125,-0.01222114075,-0.0114849855,-0.011031701375000001,-0.010182106,0.00906305025,0.010292401625,0.011058969,0.01161313625,0.01231065275,0.01333496825,0.01459069675,0.015422710499999999,0.01624179575,0.01693264875,0.0172038355,0.0185372995,-0.0163208005,-0.013874002,-0.012083805125,0.011463154375,0.0137564205,0.01639926775
2016-03-04,0.0069825174,IV_COMBINED,-0.025732500499999998,-0.023027264,-0.02229793825,-0.021970663,-0.02130322275,-0.0206484975,-0.018279425000000002,-0.01796433125,-0.01683528475,-0.015801186000000002,-0.015191697875,-0.01415835975,0.012512038,0.014355382125,0.015408266,0.01629699975,0.01715985725,0.01852037025,0.02051218225,0.021846809,0.022836561499999998,0.023890169,0.0241902545,0.02594539825,-0.02253642925,-0.019205095749999998,-0.01675281475,0.015989545,0.019275916,0.02306624125
2016-03-07,-0.0022416692,IV_COMBINED,-0.01920671675,-0.01783467025,-0.0173482135,-0.0167336065,-0.015241094875,-0.01503707625,-0.01424816425,-0.01342315,-0.012528528375,-0.0119069115,-0.011077507875,-0.0105921065,0.01089335575,0.011207417,0.011784242125,0.01236115725,0.01271482625,0.01345000675,0.015350534,0.016061479625,0.0166082585,0.0173381515,0.01766509875,0.019475071,-0.01681063275,-0.014517027250000002,-0.012407350375,0.01239007525,0.014242935875,0.01703208775
2016-03-08,0.006644422,IV_COMBINED,-0.02131980525,-0.019728838000000002,-0.019066002749999998,-0.01841690525,-0.01688936,-0.016518785,-0.0157511315,-0.01467869,-0.01372776175,-0.01309304475,-0.01212877225,-0.011509139250000001,0.012041040624999999,0.012117586999999999,0.01279909475,0.01337442875,0.013958632,0.0147792465,0.0167950255,0.017561894,0.0182101905,0.0189080225,0.01951592325,0.021214766,-0.01857473825,-0.0159484745,-0.0135856865,0.013542275875,0.015563071,0.01865956
2016-03-09,-0.004561732,IV_COMBINED,-0.021929231,-0.02034238025,-0.01960305475,-0.0189180735,-0.0173634395,-0.01699746725,-0.01621812125,-0.01508553675,-0.0141346435,-0.0134838525,-0.0124454335,-0.0118059785,0.012411508,0.01252804725,0.01321835275,0.0137965915,0.01441093025,0.015240013375,0.017343681,0.018105358000000002,0.01874668225,0.019473163499999998,0.020156267,0.0218834495,-0.019110118250000002,-0.0164077645,-0.01396365325,0.013982503375,0.016052875249999998,0.019247087500000003
2016-03-11,0.013683733,IV_COMBINED,-0.033779568499999996,-0.03124146975,-0.029450992750000002,-0.02880496025,-0.0263113925,-0.02550519425,-0.0243120135,-0.022432834,-0.02095379125,-0.020123947,-0.01856783775,-0.0176092535,0.01886926125,0.01920435725,0.02022142675,0.02131882525,0.022041962,0.023538996,0.02632693725,0.02758306425,0.028222534,0.029477337,0.030680706500000002,0.033461117,-0.0291285165,-0.0245309645,-0.02084781325,0.02133278925,0.024540811250000003,0.029254871249999998
2016-03-14,-0.0046800207,IV_COMBINED,-0.01719270525,-0.0158944775,-0.01532137175,-0.014824398124999999,-0.013447266874999999,-0.013375393499999999,-0.012896441,-0.01221773925,-0.011225559,-0.010750588625,-0.010024097499999999,-0.009516222500000001,0.009962418375,0.0103434745,0.010781746625,0.011030906875,0.01131644725,0.012052758,0.013829873749999999,0.014460977,0.014937689,0.015470585875,0.01586002375,0.017320576,-0.01494684875,-0.013007301,-0.0111768085,0.01124679225,0.012740114,0.015281828125
2016-03-15,0.0004950874,IV_COMBINED,-0.01903897275,-0.01757347825,-0.01698063,-0.016336141499999998,-0.015111092375,-0.014789342625,-0.014164949999999999,-0.013192965125000001,-0.01226228175,-0.011716768249999999,-0.010938089375,-0.010319847625,0.010718051499999999,0.010846521,0.01146896075,0.01198404,0.01242801675,0.013239043,0.01494882275,0.0157888945,0.016313712,0.01668084125,0.0173687025,0.01882754275,-0.01656980575,-0.0142780345,-0.0121914025,0.0120820745,0.013856152375,0.0166495345
2016-03-18,0.016055765,IV_COMBINED,-0.02005351825,-0.018576508749999998,-0.01791657875,-0.01727323775,-0.015946366875,-0.015621932875,-0.014917631125,-0.01387243325,-0.01289104975,-0.01230738025,-0.011481256,-0.01083053375,0.01124372325,0.01141984875,0.012088079,0.012666832375,0.013156485374999999,0.014001428,0.015795193,0.016670963,0.01712888075,0.01758076325,0.01836954275,0.019911659249999998,-0.017494312499999998,-0.01504392475,-0.012822707249999999,0.012740666250000001,0.01464014075,0.017575247750000002
2016-03-21,-0.0028446114,IV_COMBINED,-0.014708368624999999,-0.013160030999999999,-0.01299916525,-0.01248126575,-0.01194803925,-0.01185763875,-0.011369083875,-0.0107444935,-0.01013234225,-0.0098769545,-0.0093370655,-0.0081995885,0.007984617025,0.008360878700000001,0.00879664025,0.009412393750000001,0.0097828965,0.0100758985,0.011843211624999999,0.012433812124999999,0.0130177765,0.01327833175,0.01385867775,0.015471283249999999,-0.012831068875,-0.01142054475,-0.010003148625,0.00935364875,0.010878546125,0.013324952250000001
2016-03-22,-0.00287054,IV_COMBINED,-0.0165385285,-0.014705139249999999,-0.014286710250000001,-0.013838038,-0.01363371575,-0.0131314095,-0.012734162125,-0.011783299,-0.011283019,-0.01099256325,-0.01028567725,-0.009135496,0.00936662775,0.009574977875,0.010235935,0.01082130575,0.011612193,0.0119165635,0.0135198365,0.014298561750000001,0.015156290499999999,0.01569507275,0.0162343565,0.0178306745,-0.014369366250000001,-0.01264372,-0.01106568925,0.0108619145,0.0127129945,0.015407944
2016-03-23,-0.0046937387,IV_COMBINED,-0.016003424250000002,-0.014791784,-0.01440084825,-0.01389244425,-0.012974292,-0.0127101885,-0.01204668225,-0.011295665,-0.010354080875,-0.00981655,-0.00932514875,-0.00881024025,0.00873655925,0.00901515025,0.00953783025,0.01009207175,0.01040157975,0.011098505,0.012583219,0.013413229625,0.01382541975,0.01390057975,0.01462836225,0.015750673,-0.01407442675,-0.012161492624999999,-0.01039155825,0.0100548675,0.011615191375,0.0140401805
2016-03-24,-0.0010990549,IV_COMBINED,-0.016406500749999997,-0.01462640925,-0.014416967624999999,-0.01393617375,-0.0133771035,-0.013114980375,-0.01251982125,-0.01177805825,-0.011077634624999999,-0.01072420225,-0.01013386875,-0.009038230625,0.008696434999999999,0.009002053,0.00958977425,0.0103749285,0.01084843075,0.011135171,0.013005683875,0.0137473265,0.0143263015,0.01454533625,0.015318902,0.017058675750000002,-0.014292233625000001,-0.012581493000000001,-0.010957867999999999,0.01022847575,0.01198191025,0.01469137825
2016-03-29,0.0035703105,IV_COMBINED,-0.01574936825,-0.0140270285,-0.013870981000000001,-0.013387932,-0.012860054,-0.0126275985,-0.01203413275,-0.01135313675,-0.01069253025,-0.01034125,-0.009782877125,-0.00870335275,0.0083382195,0.008635616,0.009200863875,0.0099491125,0.01041015525,0.010686438749999999,0.01252424025,0.01319417675,0.0137878215,0.01400943975,0.014724751,0.0163857655,-0.01373039625,-0.01211567625,-0.010561643249999999,0.009821818999999999,0.011515877125,0.01412335125
2016-03-30,0.01127962,IV_COMBINED,-0.01718846325,-0.015408634,-0.01514457675,-0.014695997,-0.01410872175,-0.0137966775,-0.013120633,-0.01228305175,-0.011597137375,-0.011233465375,-0.010578493375,-0.00947911225,0.009093572000000001,0.00938014725,0.010022842,0.010879165375,0.011397641625,0.011713106875,0.01362895,0.01439033825,0.015051208500000001,0.01528126375,0.01609471775,0.01787708475,-0.0150396995,-0.01318841575,-0.011474160625,0.01070463075,0.01258002475,0.015408459749999999
2016-03-31,0.0052863015,IV_COMBINED,-0.0175906285,-0.0157801975,-0.01553820325,-0.015154123749999998,-0.01443491175,-0.014090961249999999,-0.013333066250000001,-0.012552642000000001,-0.0118943595,-0.011501582875,-0.01079852475,-0.0097548875,0.0092801356,0.009606581749999999,0.0103358185,0.011230861125,0.01161159575,0.01199793025,0.013911102750000001,0.014718977500000001,0.0153997695,0.01574229475,0.016376737750000002,0.0184619505,-0.015410165,-0.0134818465,-0.01173971975,0.01094904675,0.012898757125,0.0157737075
2016-04-01,-0.00043030962,IV_COMBINED,-0.022520712749999998,-0.02081401675,-0.0198995015,-0.01957287275,-0.018026205,-0.017496904,-0.016538655125,-0.01543826425,-0.0142760805,-0.01354594225,-0.01272725375,-0.01211579225,0.012333091249999999,0.012515753374999999,0.013389095375,0.01416164075,0.014688313,0.015660754375,0.017578578,0.01870118375,0.019077735,0.01955229825,0.02043506975,0.022196953749999998,-0.01968614175,-0.016729881250000002,-0.01426483175,0.014100966,0.016328317000000002,0.0195979045
2016-04-04,7.905034e-05,IV_COMBINED,-0.013456336374999999,-0.01238487875,-0.012156477625,-0.011773529125000001,-0.010875004,-0.01078295,-0.010248447,-0.009724496249999999,-0.008826829875,-0.008340556625,-0.0079989853,-0.0075722694,0.007435220075,0.00775835035,0.008200556250000001,0.008559022625000001,0.008765287375,0.009368007,0.0107599455,0.011421794875,0.011746997125,0.011889685375,0.012397216499999999,0.013270981000000001,-0.0118545395,-0.0103478405,-0.00888385125,0.008583872,0.0098683895,0.01191938725
2016-04-05,-0.0006743244,IV_COMBINED,-0.014602079375,-0.013461037125,-0.013199510250000001,-0.012721742500000001,-0.011869755625,-0.011644327125,-0.0110264765,-0.0103811495,-0.009511888,-0.00896945725,-0.008568292625,-0.008082870150000001,0.007924697225,0.008132995,0.0086651295,0.0091234215,0.00945962725,0.01008804875,0.011486711625,0.012245376875,0.012679070125,0.01271326225,0.013338613249999999,0.0142316535,-0.012859788,-0.011152670375,-0.00952921925,0.009133832125,0.01057421475,0.0127962855
2016-04-06,0.004422036,IV_COMBINED,-0.01622648175,-0.01498502925,-0.014595051,-0.01413579025,-0.013179246,-0.012895699,-0.012165315,-0.0114316365,-0.010507451,-0.009910388875,-0.0094230535,-0.00891258825,0.008802972075,0.00903050675,0.00962054,0.01014861,0.010522334,0.0112026665,0.012742629875,0.01358563625,0.014018749,0.01412607175,0.0147911025,0.01590824775,-0.014284449500000001,-0.012319031,-0.010514673,0.01014379625,0.011748462000000001,0.014209273000000001
2016-04-07,-0.0037213627,IV_COMBINED,-0.01637388375,-0.014565497625,-0.013835068,-0.013595856,-0.013153429875,-0.0125999595,-0.01155790825,-0.011266356625,-0.01062724075,-0.01037332025,-0.00940248375,-0.00884250675,0.007550051825,0.00833250825,0.00921891675,0.00993113575,0.01067438425,0.01174996175,0.012783219875,0.013376038,0.01422823675,0.01483720675,0.01532112975,0.01588127325,-0.0140577255,-0.01197730625,-0.01049692575,0.0097118165,0.0119951815,0.014317979625
2016-04-08,0.0016476113,IV_COMBINED,-0.0179896555,-0.0159447845,-0.0151379315,-0.01484175825,-0.014372590250000001,-0.013732401,-0.012642628,-0.012327277000000001,-0.011605704875000001,-0.0114011785,-0.01029860725,-0.009739078375,0.0083452175,0.0092681675,0.010196889125,0.01092170825,0.011754840375,0.012941758125000001,0.01411494575,0.01463156525,0.015634117,0.0162909425,0.0168831885,0.01749659425,-0.01537623825,-0.013089189250000001,-0.011499708375,0.0107360115,0.01320483925,0.015752082125
2016-04-11,0.000561016,IV_COMBINED,-0.01352113175,-0.01186362625,-0.011261662124999999,-0.011163020124999999,-0.010720111375,-0.0102963935,-0.009414213099999999,-0.0091213436,-0.0088231216,-0.00851745675,-0.0077517779,-0.0072730185499999996,0.00617127795,0.006859052375,0.007479486675000001,0.00819986925,0.0087265265,0.009705911349999999,0.010423982,0.010873480750000001,0.011757841750000001,0.012264576,0.01247805875,0.01321232275,-0.01151285625,-0.00978334675,-0.00859199815,0.007932064975,0.009864173075,0.01174913675
2016-04-12,-0.0014053244,IV_COMBINED,-0.016172558,-0.01428097225,-0.013557311125,-0.013309281374999999,-0.012951288125,-0.01232979575,-0.0113111655,-0.0110622395,-0.01044542775,-0.01020217975,-0.00926482525,-0.008696024625,0.007418814325,0.00821523635,0.009068934875,0.009757888,0.01047685175,0.011582264625,0.012591595,0.01305029375,0.014048213,0.014622957625,0.015076892375,0.015622145875,-0.013808778625,-0.0117411885,-0.0103110135,0.009554286625,0.011806311125,0.014077828
2016-04-13,-0.01013229,IV_COMBINED,-0.0168404845,-0.014959037875,-0.01422391575,-0.01391057325,-0.013503551375,-0.01293085475,-0.01185737825,-0.0115673275,-0.010885635500000001,-0.01063795725,-0.00965842675,-0.00907991675,0.007750676000000001,0.0085644445,0.009475355625,0.010192650250000001,0.010963295125,0.012075262,0.01312010425,0.013717121,0.014587287499999999,0.015184885499999998,0.01572720475,0.01629707025,-0.0144289005,-0.01229302175,-0.0107748965,0.00997477525,0.012307239625,0.014689757250000001
2016-04-14,-0.0015681372,IV_COMBINED,-0.01714922175,-0.01523444825,-0.014475730999999999,-0.01416743375,-0.01373943325,-0.013173010124999999,-0.01208276525,-0.01179064675,-0.011078059,-0.01084749275,-0.00982989575,-0.00925905875,0.00791820335,0.00874299475,0.009678847,0.0103931845,0.01116942,0.012284842,0.013383625875,0.013972328625,0.014857959625,0.0154664015,0.0160189825,0.0166186445,-0.01469270925,-0.01252004225,-0.01098002075,0.010178618125,0.012539494625,0.014970308250000001
2016-04-15,0.0027708525,IV_COMBINED,-0.0172436105,-0.015251273000000001,-0.0145041785,-0.01426011175,-0.0137869675,-0.013182432625,-0.0121198375,-0.01179927775,-0.011125796,-0.01092500275,-0.00986147075,-0.0093444315,0.008008956099999999,0.00881612075,0.0097319915,0.010434121499999999,0.01117958725,0.01231063325,0.013479543,0.01404242375,0.015059344125,0.01556218925,0.016094053,0.016772395250000002,-0.014744878999999999,-0.01254630475,-0.01102252275,0.01024323975,0.012593215,0.0150895515
2016-04-18,0.0025159249,IV_COMBINED,-0.0137594715,-0.0120396855,-0.01144938475,-0.011361350874999999,-0.01087598,-0.01044705775,-0.0095616345,-0.009249097,-0.0089612275,-0.008694409375,-0.0078663808,-0.007433539325,0.006281400775,0.006964557,0.0076081504,0.008286464425,0.008823231375,0.009813536225,0.01060548825,0.01108136975,0.012059808875,0.01245126625,0.012681665625,0.013419371125,-0.011696709,-0.009933680125,-0.008738096625,0.0080565655,0.009995997749999999,0.0119695405
2016-04-19,0.004674542,IV_COMBINED,-0.015600573125,-0.01373013825,-0.013052616749999999,-0.012834960999999999,-0.01242536675,-0.01184752275,-0.0108757105,-0.01060429575,-0.01007664875,-0.00986310975,-0.008922166625,-0.008407580750000001,0.00713071985,0.00787302265,0.008682456875000001,0.00935264075,0.010019802250000001,0.011097958,0.01209278075,0.012586117875,0.013619602,0.01406770325,0.01449332475,0.01504490125,-0.013287712625,-0.011291358500000001,-0.00992893525,0.009159757000000001,0.01132617775,0.013567345375
2016-04-20,-0.004109441,IV_COMBINED,-0.01611948275,-0.01422909225,-0.01353089125,-0.01327569575,-0.012840134999999999,-0.012301981,-0.011279492875,-0.010990544250000001,-0.010390025,-0.0102025005,-0.00921313325,-0.00869086875,0.0073790265,0.008132027625,0.008979906625,0.009668358625,0.010362907875,0.01144894825,0.012481857249999999,0.013051940875000001,0.01402409575,0.014480886,0.01496950075,0.01556344025,-0.013753277,-0.011698587,-0.0102798055,0.00946714525,0.011688591625,0.01401816675
2016-04-22,-0.007978445,IV_COMBINED,-0.021375284,-0.01918513625,-0.0183190495,-0.017610163249999998,-0.0171459625,-0.016522903749999998,-0.015096365125,-0.01482394125,-0.01371354,-0.01350217575,-0.01216745,-0.011591975125,0.00998364575,0.01095030875,0.012280198,0.013073398,0.01399381175,0.015303925999999999,0.016644062,0.017518410749999998,0.0185285445,0.0191158545,0.0200457415,0.02059786925,-0.018367889999999998,-0.0156951605,-0.0137216895,0.012770405125,0.0156262105,0.0186669255
2016-04-25,0.0030606466,IV_COMBINED,-0.013600048625,-0.0119585785,-0.01137144225,-0.01131832025,-0.010740409125,-0.0104801525,-0.009482894325,-0.009157256325,-0.008849271700000001,-0.00861818445,-0.007762813625,-0.007339067625,0.006215863625,0.0068608004,0.0075325256250000005,0.0082056625,0.0086915225,0.00963327375,0.0104294595,0.011047597749999999,0.011863231375,0.0122436265,0.01248540675,0.013322621375,-0.0116195015,-0.009868203374999999,-0.00867149465,0.007946033750000001,0.009840708850000001,0.011829663
2016-04-26,0.0038933163,IV_COMBINED,-0.01553247125,-0.01373912525,-0.01305658075,-0.0128481775,-0.0123904885,-0.0119041175,-0.01085978025,-0.010583339875,-0.01004389975,-0.00988032025,-0.00887498,-0.008372078675,0.007093630425,0.0078152121,0.00865949975,0.00931957875,0.009964008375,0.011008518,0.01203781,0.012573683125,0.013566011,0.0139698975,0.0143792245,0.01496762375,-0.01328287575,-0.011289543875,-0.009922967,0.009114032,0.011259962875000001,0.0135048705
2016-04-27,0.00047704446,IV_COMBINED,-0.015824105499999998,-0.014029522124999999,-0.01333253325,-0.01308934725,-0.0126156925,-0.01214797,-0.01110498375,-0.010792376875,-0.0102207635,-0.010065087125,-0.00903921225,-0.008534406625,0.00722468855,0.0079594783,0.008804646125000001,0.009487901,0.010164059625,0.01121410175,0.0122521025,0.01287061525,0.01378201025,0.014189475,0.01466650875,0.01526209725,-0.013541327375,-0.0115197255,-0.010115810375,0.009280995,0.0114615285,0.01376666675
2016-04-28,0.00015896426,IV_COMBINED,-0.0165536825,-0.014747027,-0.01401456975,-0.01368764775,-0.013252540125,-0.012772333625,-0.011653661999999999,-0.0113498,-0.0106847575,-0.010529766,-0.00944976825,-0.008930342375,0.007575040125,0.008341883250000001,0.009258608,0.009948012375,0.010681617124999999,0.011749851375,0.012822406500000001,0.013495559,0.0143674545,0.01481122925,0.01535755225,0.0159429535,-0.014202646374999999,-0.012095024,-0.01060640175,0.009735910625,0.0120026235,0.01439718525
2016-04-29,0.010230774,IV_COMBINED,-0.01514501625,-0.01348833475,-0.012770512500000001,-0.012574614,-0.01212952125,-0.01168621475,-0.01064645725,-0.01031662925,-0.009828974,-0.00965948525,-0.008662941,-0.008152868875,0.006874829875,0.0076212366,0.008410844575,0.009102045,0.00976165625,0.010767476750000001,0.01171492125,0.0123622045,0.013142366875,0.013582295250000001,0.01404287775,0.014615644,-0.01300474025,-0.01104975775,-0.009695627875,0.00887669725,0.01098567875,0.013175603000000001
2016-05-02,0.0065124673,IV_COMBINED,-0.0131927035,-0.01163224425,-0.01099244775,-0.010841773249999999,-0.010458067,-0.0100401245,-0.009175938125,-0.00884575175,-0.0086059837,-0.00840188135,-0.007525545825,-0.0070699475,0.0059015129250000005,0.00660616015,0.007223373575,0.00787900025,0.008417081425,0.00937334975,0.010129884375,0.0106342895,0.011502403750000001,0.011845807,0.01213150325,0.0127053325,-0.011232982249999999,-0.009532048750000001,-0.00837665,0.00765560225,0.0095290245,0.011420682375000001
2016-05-03,-0.00074275973,IV_COMBINED,-0.0172595555,-0.01544059525,-0.014621986875,-0.014236255875,-0.01384657475,-0.013219308,-0.01215885675,-0.011846226750000001,-0.0111757425,-0.010975039,-0.0098543555,-0.0093320595,0.00790716335,0.008742416499999999,0.00967578025,0.010382058,0.011183882,0.0123224005,0.0134860425,0.01409020025,0.015036160875,0.015492239,0.01613662725,0.016547105,-0.014800458249999999,-0.01260442375,-0.011045398125,0.010199057000000001,0.012573324375,0.01505922725
2016-05-04,-0.00185714,IV_COMBINED,-0.0185205385,-0.01651446375,-0.015660764,-0.01522855325,-0.01476661825,-0.014188982,-0.01303537275,-0.012708029499999999,-0.011947647625,-0.01174821825,-0.01055075975,-0.010049173000000002,0.008581396750000001,0.00946834225,0.01046440825,0.0111997235,0.01202570125,0.013225459,0.01447398575,0.0151251395,0.01608806375,0.0166334205,0.0173344255,0.01789121575,-0.015843831750000002,-0.013508159375,-0.011849032625,0.011002767,0.013511658,0.016182566500000002
2016-05-05,-0.0072154687,IV_COMBINED,-0.0174687405,-0.015551498875,-0.01474957525,-0.0144435605,-0.01396280325,-0.01340127875,-0.01229782875,-0.01196142225,-0.011312599999999999,-0.01110555,-0.010002741249999999,-0.009493427875,0.00808731025,0.008925368,0.0098635755,0.01057060025,0.011357569125,0.012487040625000001,0.013689967375,0.01429272925,0.015187222875,0.0157658465,0.016350991500000002,0.01696504175,-0.014965577125,-0.012744540875,-0.011192884,0.0103847585,0.01277420475,0.0152971905
2016-05-06,0.0014568975,IV_COMBINED,-0.0216988635,-0.019491626249999998,-0.018577421,-0.017905917,-0.01739044475,-0.0167686715,-0.01534076525,-0.01506507075,-0.01396161475,-0.01369271275,-0.012387880625,-0.011811758,0.010208142,0.0112055785,0.0125499315,0.01331924125,0.01427910625,0.015593416249999999,0.0170434645,0.0178436955,0.0188539365,0.019539226,0.020436546,0.0209963695,-0.0186511045,-0.01594270825,-0.01394521875,0.013057244249999999,0.01595489025,0.019034802
2016-05-09,-0.001551176,IV_COMBINED,-0.014069902625,-0.01211687875,-0.0119698175,-0.01172730825,-0.01161570225,-0.01115319425,-0.01017979575,-0.009464345,-0.008872851250000001,-0.008369695075,-0.0077163437750000004,-0.006998182925000001,0.00695510345,0.007555342425,0.008308357625,0.00871984575,0.00913191125,0.00960726325,0.01060494,0.011283007000000001,0.0116865675,0.011929676875,0.012216051,0.01369215275,-0.01213659725,-0.01032800075,-0.008740352,0.0085111305,0.009998726749999999,0.011896544
2016-05-10,-0.0014811193,IV_COMBINED,-0.01559222525,-0.013377283,-0.0131960975,-0.012917986,-0.0126731585,-0.012305509,-0.0111995815,-0.01045460025,-0.009839139,-0.00920056125,-0.008540058425,-0.007735364874999999,0.007667401925,0.008206441375,0.00905638475,0.0094761415,0.01009936875,0.01055989925,0.01171108525,0.0124000265,0.01302535325,0.01324928025,0.0136362965,0.01512080675,-0.0133732325,-0.0113989855,-0.0096472185,0.0093481365,0.011019155499999999,0.01317871325
2016-05-11,0.0052103926,IV_COMBINED,-0.015644438,-0.013403693625000001,-0.013279975874999999,-0.012978509124999999,-0.012735670875,-0.012317100000000001,-0.01121849625,-0.010479954999999999,-0.009844362125,-0.009221276125,-0.008544649,-0.0077394609999999996,0.007673708600000001,0.008207292750000001,0.009075043625000001,0.0095009245,0.01013029975,0.01058134375,0.011753457,0.01240266425,0.0130461025,0.013271422,0.01367667925,0.01514107075,-0.01341588325,-0.011427977375,-0.009660487875,0.00936796075,0.011047489125,0.0132039945
2016-05-12,-0.0056276964,IV_COMBINED,-0.015262020250000001,-0.013021099625000001,-0.0128849,-0.0125952405,-0.012361460000000001,-0.011985687625,-0.01088969625,-0.01018579975,-0.009592327250000001,-0.00893813125,-0.008306353325,-0.0075407469,0.00745287925,0.007951056375,0.0088204185,0.009216777,0.00985998375,0.010295160000000001,0.011390263500000001,0.012071345,0.012693227750000001,0.012923272,0.0133016095,0.01467270975,-0.01304510175,-0.011107682,-0.0093913435,0.009094919625,0.0107370915,0.0128258305
2016-05-16,-0.0046261465,IV_COMBINED,-0.014799774,-0.0125916145,-0.01244207875,-0.0121574295,-0.011961290250000001,-0.011615903,-0.01055961275,-0.009873433875,-0.009292294375,-0.008640040325,-0.0080266314,-0.007278125775,0.007184965475,0.007677294175,0.00852679525,0.00891488275,0.0095430295,0.009957003,0.010996768875,0.0116607755,0.012264167,0.012498548,0.01285324975,0.014180089375,-0.012625202125,-0.010756664249999999,-0.009086827,0.00878577025,0.0103820465,0.01239101025
2016-05-17,0.00078096567,IV_COMBINED,-0.01560088775,-0.013306737124999999,-0.01312444675,-0.012833418,-0.012598388,-0.0122359205,-0.011116931125,-0.010388786375,-0.009765412875,-0.00909759125,-0.008452870000000001,-0.007701392625,0.007590986675,0.00806993585,0.008957913750000001,0.009353985625,0.010047861,0.010493329999999999,0.011608325999999999,0.0122826315,0.013002891,0.013228393500000001,0.013598739,0.014958962249999999,-0.0133150705,-0.01132629925,-0.009575312124999999,0.00925500475,0.010946379249999999,0.013090309750000001
2016-05-19,-0.01090915,IV_COMBINED,-0.014808258500000001,-0.0125880825,-0.012414396000000001,-0.012127724500000001,-0.0119560755,-0.0116176295,-0.010554028,-0.009872038375,-0.0092832295,-0.008606564125,-0.00799802975,-0.0072880061,0.007174528775,0.0076628958,0.008497634125,0.008882620875,0.00951898975,0.00994507725,0.010970741749999999,0.011633194375,0.012295388875,0.012525877,0.012844622625,0.01415265525,-0.012619554250000001,-0.010748264625,-0.00907645325,0.008764958125,0.01036866175,0.012379320749999999
2016-05-20,-0.00061105477,IV_COMBINED,-0.017091162,-0.014690919,-0.0145227195,-0.014183219375,-0.013938338625000001,-0.013422922875,-0.012227144124999999,-0.01141274075,-0.010657909875,-0.01004997475,-0.00924152375,-0.008469032625000001,0.00834630175,0.008920539750000001,0.009819844,0.01028497625,0.011053189750000001,0.01152083125,0.012833469,0.01344967275,0.014270571249999999,0.014497957,0.014967519750000002,0.01649244,-0.01466531225,-0.01244868675,-0.01051923875,0.01019466925,0.01203808525,0.01440273475
2016-05-23,-0.0013304465,IV_COMBINED,-0.012899832,-0.010944196375,-0.01073497025,-0.01047904125,-0.01041241825,-0.01016103775,-0.00926890825,-0.00865102125,-0.008179852,-0.007512382,-0.0069715051,-0.0063429799749999995,0.0062274008,0.0067447156,0.00743065605,0.0077922387499999995,0.00826234675,0.008656255750000001,0.009538227375,0.0101563275,0.01068179125,0.01089379875,0.011094932,0.012351899375,-0.010979305,-0.00939915775,-0.00792778485,0.0076406695500000005,0.009028573875,0.01076463525
2016-05-24,-0.004286861,IV_COMBINED,-0.015277527749999999,-0.01297970025,-0.012784379,-0.012498994499999999,-0.012297386,-0.01198218725,-0.010882505125,-0.010195696625,-0.00956918975,-0.0088639435,-0.008250450825,-0.0075345337250000005,0.00740149785,0.00788838,0.0087284215,0.0091230745,0.009808800375,0.01023867125,0.011328710625,0.011959242875,0.012717422625,0.012940872625,0.01327613,0.014580352750000001,-0.013007159875,-0.011082791125,-0.0093653625,0.009031162249999999,0.01068802575,0.012772372
2016-05-25,0.00080056424,IV_COMBINED,-0.015727216250000002,-0.01339599575,-0.0132493635,-0.0129442515,-0.01273586425,-0.0123309165,-0.011189454500000001,-0.010480324749999999,-0.009829842625,-0.009149517874999999,-0.00849357505,-0.0077763059,0.007649523975,0.0081500779,0.009014705500000001,0.00942795325,0.01013114825,0.010561144,0.01169458575,0.012351056875,0.013098167625,0.01332365425,0.013681043125,0.01503396025,-0.013426848500000001,-0.011415979875,-0.009646127875,0.0093280085,0.011027697,0.013171762875
2016-05-26,0.0027086395,IV_COMBINED,-0.014967161,-0.012725478,-0.01258985675,-0.01229899325,-0.012114267875,-0.01176192975,-0.01068913725,-0.010003832,-0.0093735075,-0.008706418875,-0.008098258575,-0.007378031425,0.00726552065,0.007750462,0.00860267875,0.0089990345,0.00963774825,0.0100766635,0.011123155124999999,0.01175404,0.0124440205,0.01267250725,0.01299074475,0.01429886325,-0.012773566375,-0.0108836525,-0.009189694375,0.008875912875000001,0.01050182225,0.012522165
2016-05-27,-0.00392207,IV_COMBINED,-0.0153846815,-0.013114402,-0.0128908635,-0.012594269,-0.01242306175,-0.012068998000000001,-0.010967407375,-0.010249381,-0.00962547125,-0.008950131,-0.008291509499999999,-0.007592829875,0.007471670325,0.007975307325,0.008788885625,0.00919371475,0.009898760999999999,0.01031059625,0.01141981275,0.012081116,0.0128113385,0.013046833,0.01337048975,0.01471626625,-0.013117083125,-0.01116042475,-0.00943056975,0.009110887375000001,0.010773944,0.012879804750000001
2016-05-30,-0.0001907838,IV_COMBINED,-0.012805885749999999,-0.01086909125,-0.010535281,-0.010286992875000001,-0.010260091125,-0.01006308625,-0.00921598975,-0.00856594225,-0.00810183285,-0.007427876325,-0.0068740821,-0.00624716885,0.0061508595,0.006677854675,0.00729881965,0.0076541006500000005,0.008182644875,0.008525863625000001,0.009422484,0.0100526725,0.010626514375,0.010840887125,0.011006888375000001,0.012250432,-0.01085702925,-0.00929642625,-0.00783563115,0.007546532875,0.00892519625,0.010671798125
2016-05-31,-0.0002514413,IV_COMBINED,-0.0157050145,-0.013401836,-0.013005605,-0.01274065075,-0.012569729375,-0.012272338,-0.011179836625,-0.01043213325,-0.00981231325,-0.0091011835,-0.00842962925,-0.007716531375,0.007604597625,0.00810483075,0.0088922715,0.00928087825,0.010071440625,0.010479859375,0.011625412125,0.01227979075,0.013132181,0.01337512775,0.01366996425,0.015003674,-0.01333791325,-0.011340444750000001,-0.009590363000000001,0.009259710375,0.01096654325,0.013142204250000001
2016-06-01,0.0026437037,IV_COMBINED,-0.0175847205,-0.015122263,-0.014729757625,-0.01444379675,-0.01421869725,-0.0137359435,-0.01250257425,-0.01162948125,-0.0109072465,-0.010271065499999999,-0.009447889000000001,-0.00869256625,0.008597122,0.00915315975,0.010012182,0.01043776025,0.011352336000000001,0.01179780125,0.01313984925,0.0138360085,0.014754854500000001,0.015006162,0.01539917675,0.0169053565,-0.01502108475,-0.012701001,-0.010755388875,0.01045092975,0.012346781625,0.014807049249999999
2016-06-02,-0.00068323995,IV_COMBINED,-0.02428229325,-0.0208580605,-0.02051171325,-0.020174444,-0.01969503175,-0.01863033,-0.0170022675,-0.01587364525,-0.014854870249999999,-0.014214506625,-0.01303428975,-0.012151049,0.012113552,0.0126190785,0.01388771125,0.014481878,0.01592728525,0.01651226525,0.01831903275,0.019217851,0.020344730999999998,0.0205050245,0.021320099250000002,0.02335764025,-0.02072803275,-0.01737456475,-0.0147807645,0.014573331625,0.01714909675,0.020511871
2016-06-06,0.017449116,IV_COMBINED,-0.02209609375,-0.01904853475,-0.01877657925,-0.0185956325,-0.018193079,-0.01714565875,-0.0156767495,-0.014558434,-0.013568611500000001,-0.01306021525,-0.011951961,-0.0110342285,0.011047553375,0.011622276625,0.01283833275,0.013401845,0.01454417825,0.01517641325,0.0168099915,0.0176146145,0.01848518775,0.01867163475,0.01936984425,0.0214309045,-0.0190158005,-0.01594520675,-0.01355009925,0.013372466999999999,0.01572081225,0.0187421095
2016-06-07,-0.00027530463,IV_COMBINED,-0.017298617999999998,-0.014857649,-0.01467400925,-0.014484658125000001,-0.0141587475,-0.013608672125,-0.01235769275,-0.011484673625,-0.0107931465,-0.010207754999999999,-0.009463547125,-0.008685345875,0.008622228999999999,0.00912705375,0.01010949175,0.010528370375,0.011305308,0.0118345865,0.0130489145,0.013862032875,0.014493197375,0.014714820375,0.015118504,0.01673666925,-0.0148816685,-0.012583638624999999,-0.01068999875,0.0104425995,0.012286399375,0.014651864
2016-06-08,0.0045076455,IV_COMBINED,-0.014444266125,-0.013055159875,-0.012691214375,-0.012488068625000001,-0.011981924625000001,-0.01155543825,-0.010203358875,-0.0097569275,-0.009410408875,-0.008763320500000001,-0.008191696375,-0.0077282867500000005,0.0074437450999999995,0.00804112025,0.0084357301,0.0089362175,0.009585798,0.0102616585,0.01145459525,0.011581489,0.012404422,0.0126468885,0.01300321175,0.014039621,-0.012704971875,-0.010723469624999999,-0.00919913375,0.0089921975,0.010577031375,0.012496667375
2016-06-09,-0.0063817296,IV_COMBINED,-0.01460614525,-0.01323851225,-0.012827809625,-0.012585005,-0.0120859985,-0.011646758625,-0.01026940875,-0.009843175499999999,-0.00944112375,-0.008791626625,-0.00820352975,-0.0077642119999999995,0.007423623075,0.00800098125,0.0084963684,0.00898276225,0.00963907975,0.010348872625,0.01154277875,0.0116810595,0.012482794,0.012789729125,0.01310529975,0.01417694475,-0.012832484,-0.0108056555,-0.009249860249999999,0.00902056625,0.010660644625,0.0125977755
2016-06-10,-0.004239548,IV_COMBINED,-0.017384384,-0.01592824575,-0.01529621625,-0.014994649375,-0.01436680975,-0.01381900625,-0.012250461875,-0.011543208875,-0.01121911475,-0.010408699125,-0.009737979,-0.009195079,0.008807563000000001,0.0094816675,0.0100830465,0.0107250745,0.01150474975,0.01238602325,0.01368995925,0.01396937975,0.014919031374999999,0.015378074,0.015809727500000002,0.01696096475,-0.015298618625,-0.012825600874999999,-0.010940795,0.0107133975,0.0127367765,0.015069812375
2016-06-13,2.8810811e-05,IV_COMBINED,-0.0160132375,-0.01451447925,-0.014001439625,-0.0137258235,-0.01320682925,-0.012593942125,-0.011252889125,-0.010671309,-0.010328643375,-0.009613265,-0.008961908250000001,-0.008441569500000001,0.008132326175,0.00882529,0.00927626825,0.009843904125,0.010578639249999999,0.01142662325,0.012608934625,0.012797960375,0.01365249075,0.014123072875,0.0145627255,0.015507160249999999,-0.01401086275,-0.011769644749999999,-0.010056399,0.00988429125,0.01171623475,0.01382585425
2016-06-14,-0.0067756167,IV_COMBINED,-0.01849746075,-0.016902193,-0.01621569175,-0.015831987,-0.015229226499999998,-0.014590736625,-0.013035622125,-0.012242325375,-0.01194986725,-0.011079786000000001,-0.01038073425,-0.00967828275,0.0093922165,0.01014099125,0.0107425365,0.0113768855,0.0122750455,0.01317955425,0.014549281625,0.014864952625,0.0157743315,0.0163982125,0.01692964625,0.0181129855,-0.01621032075,-0.013606848625000001,-0.011594373,0.011420014249999999,0.01355579575,0.0160462395
2016-06-15,0.0029787421,IV_COMBINED,-0.01865631225,-0.017001369000000002,-0.016347919250000002,-0.01592793675,-0.01534293775,-0.014694407750000001,-0.013181906125,-0.01235770275,-0.012083663,-0.01119817325,-0.01050538325,-0.009768068500000001,0.009558807124999999,0.010331720875,0.01087879175,0.01151979075,0.01243582,0.01332164375,0.01470720975,0.015033218749999999,0.01595073325,0.0165711805,0.0171364175,0.01828218025,-0.01632459275,-0.0137331205,-0.011704747,0.011582469750000001,0.013711128749999999,0.016221951749999998
2016-06-16,-0.0072271316,IV_COMBINED,-0.01834239475,-0.01673228975,-0.0161166925,-0.01572451,-0.015061157,-0.0145305745,-0.01299137775,-0.012202830375000001,-0.01194718675,-0.01106148075,-0.010382632,-0.00964344675,0.009449598625,0.010182931,0.010754032,0.011340139249999999,0.01225425275,0.0130634045,0.014461969,0.01479882475,0.0156735715,0.016282097,0.016806129,0.01804360025,-0.016078184875,-0.013557732,-0.01156419325,0.011420556875,0.013480372124999999,0.01595681875
2016-06-17,0.008743169,IV_COMBINED,-0.021895011,-0.02015724,-0.019315254,-0.0187862745,-0.01799658375,-0.01743,-0.015580617250000001,-0.01444138075,-0.014187813375,-0.0130951835,-0.01236521825,-0.011502343,0.011300467125,0.01215260575,0.012887223375,0.013621259875,0.014671925249999999,0.015640414499999998,0.0172679585,0.017817267749999997,0.0188628515,0.019580153,0.02026791725,0.021760542,-0.019253021500000002,-0.016191012749999997,-0.01376682525,0.01365603675,0.016156341875,0.0191953075
2016-06-20,0.005548795,IV_COMBINED,-0.0208799175,-0.01929100575,-0.01831730475,-0.01806862225,-0.01750492325,-0.01671179575,-0.0148474965,-0.0137510705,-0.0135560555,-0.01270775725,-0.01196310875,-0.011093656625,0.010909949,0.01193298325,0.012454063,0.01311252425,0.01407117825,0.015188172,0.01662206875,0.01710025875,0.0182529535,0.018902696,0.01975045025,0.0209028525,-0.0184912535,-0.015436744499999999,-0.01324547775,0.0131980485,0.0155793275,0.01852571675
2016-06-21,-0.0049736584,IV_COMBINED,-0.02187697625,-0.020247574,-0.01927122425,-0.0189294365,-0.018256798,-0.01744624125,-0.01566790775,-0.0144354105,-0.01419649575,-0.013286985500000001,-0.012641037,-0.011582854,0.0113979435,0.0125356595,0.01304690125,0.01362198775,0.0148398055,0.01579376525,0.017359299,0.017974456,0.01897467625,0.0197433085,0.02072622225,0.02195806275,-0.01935140475,-0.016203455875,-0.013878505999999999,0.013835921375,0.016271633,0.019398543
2016-06-22,0.0021798506,IV_COMBINED,-0.0231017345,-0.0213640145,-0.0203452805,-0.0200078795,-0.019318202,-0.018473366499999998,-0.01654583775,-0.015184828,-0.01494261675,-0.01401701925,-0.0133761465,-0.01221821625,0.012076027999999999,0.01332397875,0.013826790875,0.014378725,0.01567994175,0.016739837,0.01842091925,0.019061387,0.020141567,0.020851163,0.02202991625,0.02327246525,-0.020453039,-0.017098386,-0.01465391475,0.014665531625,0.017214117,0.0205852505
2016-06-23,0.007435077,IV_COMBINED,-0.02554911525,-0.02359540325,-0.02250088825,-0.02214909625,-0.021318457,-0.02047658075,-0.0183913425,-0.01684691475,-0.01651649025,-0.01546950275,-0.014876140749999999,-0.01355375325,0.01346696025,0.0148185465,0.01537260175,0.015927234,0.01744074325,0.018556786999999998,0.02055520125,0.021317414,0.022403138,0.023171379750000002,0.02458123675,0.02599692,-0.022617731,-0.0189464445,-0.016244578750000002,0.01633081075,0.01913026825,0.022970782250000002
2016-06-27,-0.031075334,IV_COMBINED,-0.03898105675,-0.03530581525,-0.03404108275,-0.033519535749999996,-0.0314928265,-0.03064218725,-0.027888074,-0.0253412555,-0.02450972425,-0.0226545505,-0.0221474045,-0.020440442,0.0202935645,0.022158022,0.023295039500000003,0.02402877325,0.02656179775,0.02806372225,0.03157431775,0.032714066,0.0343647005,0.035316563,0.0371381865,0.04032489675,-0.03398828425,-0.02848446425,-0.02424516925,0.0247765485,0.0291090355,0.0352232345
2016-06-28,0.002761028,IV_COMBINED,-0.02442541575,-0.022138374750000002,-0.02147463775,-0.02110143975,-0.02049898325,-0.0199686845,-0.01786229625,-0.01625073175,-0.0157481935,-0.015024356499999999,-0.01435512775,-0.013491422,0.013479640625,0.014713486750000001,0.015178659625,0.015730762000000002,0.01697255825,0.01788187075,0.020067893,0.0208538125,0.02198089625,0.02267953425,0.02379138575,0.02561022275,-0.021626579,-0.01826090925,-0.01581806425,0.016082448,0.01866652375,0.02246084225
2016-06-29,0.005755697,IV_COMBINED,-0.02226739825,-0.02027217525,-0.0195578375,-0.0193346195,-0.018665115,-0.01827389375,-0.01620407775,-0.015011526249999999,-0.01459957875,-0.01378216725,-0.01310735775,-0.012213308374999999,0.01215858825,0.01333857225,0.013814656250000001,0.01421532625,0.015561251,0.0164014295,0.018385306,0.018951430999999998,0.01992687075,0.020695339,0.021426999,0.023408652250000002,-0.019762639999999998,-0.01672938325,-0.014477650375,0.014651674625,0.01705173025,0.0204198505
2016-06-30,-0.007471666,IV_COMBINED,-0.020928851,-0.019035501,-0.01837491475,-0.01810946,-0.0174443635,-0.01707443425,-0.015169407,-0.01418836275,-0.0137172475,-0.012964744125,-0.0123120495,-0.0115218035,0.01135787525,0.01251425625,0.012985621,0.0133383595,0.0146324755,0.01547662925,0.0172196925,0.017834187,0.01871963,0.01950073775,0.02000780425,0.021921893999999997,-0.01851852275,-0.0157048735,-0.01361227875,0.0137419845,0.0160335785,0.0191406415
2016-07-01,0.009962579,IV_COMBINED,-0.02048102525,-0.01871279075,-0.018141327999999998,-0.017835028250000003,-0.017288294750000002,-0.01689074225,-0.01476935025,-0.01394125275,-0.013457381125,-0.012762774375,-0.0121025995,-0.011384911,0.011275951499999999,0.01219485725,0.01275653325,0.013169527,0.014309118624999999,0.015301023625,0.016845007500000002,0.0175697875,0.018483983750000002,0.0191501075,0.019621457,0.02135648875,-0.018241576000000002,-0.01544001025,-0.0134164555,0.013476293,0.01575495775,0.01877534525
2016-07-04,-7.403145e-05,IV_COMBINED,-0.014976404,-0.013859795875,-0.013250594000000001,-0.01304955225,-0.01276548075,-0.012313446125,-0.0108187065,-0.01050565125,-0.009780997,-0.009439649875,-0.008927924,-0.00852116275,0.0082521231,0.009151522,0.00951485075,0.0098262975,0.010614061250000001,0.011289868,0.01253624525,0.01283818,0.013591286000000001,0.014236242625,0.014584754625,0.01552015525,-0.013392935625,-0.011333879,-0.00994156675,0.01001376,0.011700543125,0.0138141245
2016-07-05,-0.005750789,IV_COMBINED,-0.0155588615,-0.01443831425,-0.01378572525,-0.01358157525,-0.01314199975,-0.01273810275,-0.01114361225,-0.010827337749999999,-0.0101118765,-0.00975155625,-0.009208197,-0.008676981,0.008354742875,0.009222580250000001,0.009752315249999999,0.01001824725,0.0109089085,0.01169854225,0.012955266,0.013275906,0.01398923625,0.014648489,0.0149648195,0.015943350250000002,-0.013891770500000001,-0.011721331,-0.01024043475,0.0102387625,0.01204589075,0.01422571525
2016-07-06,-0.00035883184,IV_COMBINED,-0.0176778,-0.0165132175,-0.01579194575,-0.015491221749999999,-0.01493717175,-0.01455102325,-0.01266927775,-0.01216086425,-0.011518858625,-0.0110791595,-0.01045096975,-0.009890869,0.009545619175,0.010335713,0.01102303425,0.011361356999999999,0.012358523625,0.013305277375,0.0146507015,0.01511942775,0.01600955325,0.016688355000000002,0.017030794250000002,0.018127953250000002,-0.015834087,-0.0133383935,-0.011626577249999999,0.011582717875,0.0136728425,0.01618768525
2016-07-07,-0.0009959249,IV_COMBINED,-0.01812712625,-0.0168951455,-0.01615674625,-0.01586077325,-0.015253357749999998,-0.014852882500000001,-0.013049340625,-0.01247196675,-0.011838805,-0.0113558415,-0.01071447175,-0.010185027,0.009801265875,0.0106975495,0.011351601749999999,0.011747520000000001,0.012703606499999999,0.013597907999999999,0.0150160675,0.0154823735,0.0164251375,0.01714422375,0.0174924555,0.01869467775,-0.016197857,-0.0136739485,-0.01191603825,0.011914018,0.01404186525,0.016622142
2016-07-08,-0.0025655136,IV_COMBINED,-0.02107861175,-0.01952724,-0.0187535955,-0.01844782075,-0.01761533025,-0.01722912175,-0.015231142,-0.01434377875,-0.0138478195,-0.013149084,-0.01247057425,-0.01175441225,0.011383036499999999,0.012340677500000001,0.013069350875,0.013572888125,0.014727029499999999,0.0157919865,0.01733846575,0.01803076075,0.0191443055,0.0197712725,0.0201674275,0.02184527025,-0.018779625,-0.01588109125,-0.013789394,0.013771712,0.016240328499999998,0.01930524625
2016-07-11,0.0007427301,IV_COMBINED,-0.01547750225,-0.01371951025,-0.013233347749999999,-0.01305762975,-0.0121624495,-0.0119774915,-0.01100654725,-0.01053000975,-0.01021747675,-0.00961888,-0.00880753925,-0.008215483575,0.00794952025,0.00831073975,0.00882888225,0.00953916825,0.010283663125,0.010805012499999999,0.011382644,0.01232192775,0.012926996125,0.013578169625,0.01373141875,0.01480927275,-0.013278916750000001,-0.011392974875,-0.009829880874999999,0.00935109025,0.0111177315,0.013034451875
2016-07-12,0.0025703846,IV_COMBINED,-0.01594745775,-0.014141876875,-0.0136835095,-0.0134827595,-0.0124457695,-0.0123677865,-0.011388078999999999,-0.010946167875,-0.010547045,-0.0098676085,-0.009006951749999999,-0.00845742725,0.00812066495,0.008460507249999999,0.00909917075,0.009830192,0.01055670425,0.011126890625,0.0117679595,0.01264907,0.013432153,0.013862235,0.014033530499999999,0.01528002675,-0.01367713,-0.0117865175,-0.01012918875,0.009601001500000001,0.011428796375,0.01343254775
2016-07-13,0.0035069329,IV_COMBINED,-0.01636268125,-0.0145209405,-0.013934403000000001,-0.01378818925,-0.0127762365,-0.01269192775,-0.01163544325,-0.011199536749999999,-0.01084095075,-0.0101188265,-0.00921293475,-0.008601345,0.008193062625,0.0085356025,0.009199154250000001,0.010016823000000001,0.01075386425,0.01137031675,0.0120452235,0.012865409250000001,0.013641781,0.01403672725,0.014249665375,0.015551215,-0.01402799525,-0.01206045225,-0.010364914125000001,0.0097453815,0.011644591125,0.013670659125
2016-07-14,-0.00038255032,IV_COMBINED,-0.017561703499999998,-0.015547350750000001,-0.0148591105,-0.01471469975,-0.0136351375,-0.0135517995,-0.01245472725,-0.0119907825,-0.01161117875,-0.010821692125,-0.0098308805,-0.009148197625,0.008727856624999999,0.009065961125,0.00982072375,0.010724529375,0.0114918825,0.012152945125,0.012917851,0.01370695375,0.01455934975,0.014924473,0.01515222075,0.016663241750000002,-0.015002138,-0.01289351975,-0.011068670375,0.010404854875000001,0.0124423365,0.0145999235
2016-07-15,-0.00441214,IV_COMBINED,-0.0174870985,-0.01552760925,-0.01485706925,-0.0147228195,-0.0136444125,-0.013571208375000001,-0.012452110249999999,-0.012011637,-0.011627308625,-0.010850429,-0.00982935975,-0.009186393000000001,0.00874918925,0.009095838,0.00982655475,0.010701093,0.011512279875,0.012125151,0.01287735875,0.013722300375,0.014545483875000001,0.014980622124999999,0.01519356075,0.01666667575,-0.01499063,-0.01290386675,-0.011089805,0.010412244375,0.01243930075,0.01460107575
2016-07-18,0.0015496244,IV_COMBINED,-0.01446627125,-0.0128704255,-0.012392623125,-0.012234333625,-0.011273264375,-0.011201544125,-0.0104013865,-0.00996324875,-0.0096133965,-0.0090334375,-0.008157270500000001,-0.007694851400000001,0.007283246875,0.00761544915,0.008131339925,0.0088042175,0.009547145,0.010039215375,0.010575528375,0.01137052175,0.01211520225,0.012523685875,0.012711760375,0.013695658624999999,-0.0124091675,-0.01071444,-0.009210070875,0.008630542,0.0102979585,0.012093734
2016-07-19,-0.005629418,IV_COMBINED,-0.01650448525,-0.014653915125,-0.014016802,-0.01380856225,-0.012833561375,-0.0127569925,-0.0118068085,-0.0113410395,-0.0109545615,-0.010261385250000001,-0.00923672025,-0.008653865,0.008203486500000001,0.008535204000000001,0.009213850499999999,0.0100231565,0.0108230555,0.0114218425,0.012129175625,0.012839885124999999,0.013737056249999999,0.01405184625,0.0142856055,0.01561891875,-0.014111503000000001,-0.01217524,-0.0104500005,0.00978095425,0.011689815,0.013722128
2016-07-20,-0.0007607127,IV_COMBINED,-0.01687686375,-0.014961678499999999,-0.014303219249999999,-0.014116961125,-0.013118172875,-0.013045037625,-0.012059053375,-0.011581316625000001,-0.011175162125,-0.01048814025,-0.009443265,-0.008822961,0.008382286249999999,0.00870756375,0.009412246124999999,0.010251677625,0.011065720000000001,0.0116834405,0.01238931475,0.01311847825,0.014006043625,0.014374351125,0.01462641,0.015952373,-0.01442374275,-0.0124327575,-0.01067614425,0.00999142575,0.011952901,0.014018523875000001
2016-07-21,0.00090597715,IV_COMBINED,-0.02545591575,-0.02244384075,-0.021248700750000002,-0.02093889625,-0.0196619675,-0.01958985525,-0.0179744505,-0.017238525,-0.0166704175,-0.01560381575,-0.01427285675,-0.012905977499999999,0.0126697385,0.0130920495,0.014131537,0.01575126675,0.01672951725,0.01774060375,0.01891008025,0.019587053,0.02083438125,0.0212119865,0.02184854225,0.02430349075,-0.02161809475,-0.01854438975,-0.015922206,0.015106584250000001,0.01806869075,0.021096709249999998
2016-07-22,-0.0043261065,IV_COMBINED,-0.0167605335,-0.014805714250000001,-0.014223882,-0.0140503985,-0.013052863500000001,-0.012988360625,-0.0119298495,-0.011475845375,-0.01112684525,-0.01042632175,-0.0094859595,-0.00878678925,0.00848564435,0.008812839624999999,0.009455292375,0.010310753249999999,0.01111679125,0.01168775775,0.01230875525,0.013196409625,0.0139244755,0.014509580875,0.01470955775,0.015930298,-0.014331574,-0.012348956250000001,-0.010632654750000001,0.0100358645,0.01198672825,0.0140138995
2016-07-25,0.0010320494,IV_COMBINED,-0.014453154,-0.01287802175,-0.012432658249999999,-0.012254761,-0.0112999455,-0.01123161925,-0.01037719825,-0.0099647425,-0.009615337750000001,-0.009066331,-0.008181523999999999,-0.007683114925,0.007317028425,0.007636191675,0.0081256835,0.0088138805,0.009562926,0.010072122749999999,0.0106221865,0.011395043,0.012153155125,0.012572381875,0.012764732375,0.01370964425,-0.01242350025,-0.010724311375,-0.00922546625,0.008652803,0.0103287,0.01212895225
2016-07-26,0.00035288508,IV_COMBINED,-0.0160538885,-0.01425843325,-0.01367583625,-0.01347641525,-0.01252039875,-0.01244216,-0.01148466225,-0.0110398265,-0.0106754375,-0.01003206225,-0.009016614,-0.00841760675,0.0079903306,0.0083173535,0.00895015175,0.0097426195,0.010541524125,0.01113742275,0.011817263,0.01250140475,0.013385984375,0.01371884925,0.01395907875,0.015152566,-0.01375025925,-0.0118635845,-0.0101896535,0.009523324625,0.01139153525,0.01336325925
2016-07-27,0.00044605063,IV_COMBINED,-0.015725845750000002,-0.013981461,-0.0133784375,-0.013216278,-0.012280515125,-0.01219823775,-0.011237649,-0.01080413725,-0.01048194525,-0.009833796375,-0.008834489000000001,-0.008222309274999999,0.00777655135,0.008100321,0.0087082655,0.0095263105,0.01030588825,0.01089913425,0.011563437,0.01220731875,0.0130680255,0.013397787500000001,0.013648564,0.014763711374999999,-0.013480467375,-0.0116200815,-0.009978594,0.0092908925,0.011138511375,0.0130502115
2016-07-28,0.009609885,IV_COMBINED,-0.016226716000000002,-0.0144247935,-0.013755505,-0.0135988425,-0.012647398,-0.012562132,-0.011568134125,-0.011117857125,-0.010819711125,-0.010125876249999999,-0.00908869625,-0.008423922,0.00797469475,0.008294208375,0.008935655125,0.0098060885,0.010600368249999999,0.011206719,0.0119126585,0.01251823025,0.01342549025,0.01372024025,0.01402315875,0.015192759250000002,-0.013891976125,-0.01196466825,-0.010263696874999999,0.00954351675,0.011449214749999999,0.01341445875
2016-07-29,0.006737753,IV_COMBINED,-0.01760459625,-0.015588203125,-0.01481858875,-0.0147161195,-0.0137945025,-0.013707924625,-0.012937058625,-0.012416353,-0.012056987,-0.011124410250000001,-0.0100307925,-0.0093610815,0.009084834,0.00945205525,0.01024316925,0.010961796749999999,0.012078472,0.012564552,0.01364238075,0.01425698125,0.015214015000000001,0.01577425275,0.016221383,0.0182383905,-0.0150822695,-0.013187382000000001,-0.011328112,0.010900182250000001,0.013004291250000001,0.015514629750000002
2016-08-01,0.0005594356,IV_COMBINED,-0.01415192725,-0.012471323999999999,-0.011904365,-0.01189657425,-0.011058334999999999,-0.0109710285,-0.010552247625,-0.010069017625,-0.009798512499999999,-0.00903623465,-0.008188618175,-0.007610851075,0.007366056075,0.0077203246249999994,0.008282816075,0.0087983266,0.009822071375,0.010110319,0.01102118825,0.011573191,0.012320089749999999,0.01287626825,0.01314190175,0.014615969500000001,-0.012109838,-0.01065903425,-0.0091751501,0.00884249095,0.010525634874999999,0.012534468
2016-08-02,0.0043974365,IV_COMBINED,-0.014310376,-0.012647430250000001,-0.0119008925,-0.01180464025,-0.01102580025,-0.01092807875,-0.0105033695,-0.01002369875,-0.00987700825,-0.009065839650000001,-0.008106498675,-0.007464263375,0.0072359471,0.007628718425,0.00820046115,0.00882743,0.009841377875,0.01017340875,0.0111357695,0.011534800250000001,0.012409042125,0.012781326249999999,0.013170517,0.014545141749999999,-0.01214326525,-0.01064660975,-0.00911767525,0.00880845475,0.010551862625,0.01255905325
2016-08-03,-0.0048360075,IV_COMBINED,-0.014598472500000001,-0.012877717,-0.01204296025,-0.0119371715,-0.011135197375,-0.011037778375,-0.010629021,-0.010123349625,-0.009959884,-0.00923411075,-0.008186847,-0.0074921781,0.007247558574999999,0.007686088775,0.008267687275,0.00898965225,0.009975334499999999,0.010330766875,0.011314934875,0.01168597875,0.012605340375,0.012935922625,0.013407519625,0.014679455249999999,-0.012317267,-0.010758598875,-0.009214852625,0.008898320825,0.010709322125,0.0127386455
2016-08-04,-0.0033133917,IV_COMBINED,-0.01455162375,-0.012775098625,-0.01191991875,-0.01180739075,-0.0109975545,-0.01090117625,-0.010499007749999999,-0.0099873155,-0.009821650250000001,-0.009191074,-0.00814811915,-0.0073595505,0.007093373975,0.007475139075,0.008111212,0.0090136135,0.0097791835,0.01025282825,0.01118412075,0.01152963125,0.01247686175,0.0127412775,0.013250531874999999,0.014318520874999999,-0.012206568625,-0.01062581375,-0.009117447,0.00872860575,0.010594204749999999,0.012551933
2016-08-08,-0.0050832955,IV_COMBINED,-0.017480351999999998,-0.01548022925,-0.014673318999999999,-0.014517058499999999,-0.013560544,-0.01346906425,-0.01287653,-0.01232440375,-0.01187230025,-0.01106403525,-0.0097878765,-0.0089487615,0.008428597999999999,0.00880694225,0.00950964325,0.011076349624999999,0.011733919124999999,0.012422837624999999,0.013515860125000001,0.013932736375000001,0.01506884625,0.01523319225,0.015955425000000002,0.017102762,-0.01490144925,-0.01304312325,-0.01111882875,0.010398993,0.012796430875,0.0151151265
2016-08-09,0.0029252637,IV_COMBINED,-0.0135644515,-0.012427444875,-0.0117413165,-0.01144861725,-0.010876100999999999,-0.0105646705,-0.00980369675,-0.00889797,-0.008431174,-0.007962984975,-0.00729878075,-0.0069902681000000005,0.006478812675,0.007546072575,0.008290105,0.008566923125,0.008923479875000001,0.009279239,0.010558191375,0.010914535874999999,0.011069917,0.011639213249999999,0.012336290125,0.013256879499999999,-0.01177625725,-0.0098877655,-0.008342934875,0.008359332375,0.00979340925,0.01162716325
2016-08-10,0.0054714233,IV_COMBINED,-0.01283659,-0.0117238345,-0.01103055825,-0.01085388,-0.01028344925,-0.009961757625,-0.009282083,-0.008378167249999999,-0.007987742675,-0.007546265275,-0.006858103525,-0.006586387075,0.00604306995,0.00707764625,0.0077238493,0.008046220125,0.008405803,0.0087742615,0.00991534475,0.0102756735,0.01042423875,0.01091438275,0.011585777,0.01242164225,-0.01113190225,-0.0093280615,-0.007866135875,0.007833142750000001,0.00921120225,0.01092453475
2016-08-11,-0.0001701099,IV_COMBINED,-0.014057862125,-0.012794969,-0.012156802750000001,-0.011982705,-0.011301988625,-0.01097111125,-0.01015762925,-0.0092197915,-0.008774934750000001,-0.008329146675,-0.0075101180499999995,-0.007220870425,0.006596100475,0.007736338,0.008470174,0.00877469525,0.00918292275,0.009604527125,0.01091951525,0.01125195525,0.011482114875,0.011981922,0.01274341775,0.013678124,-0.012221727,-0.010256054,-0.0086502075,0.0085810105,0.010092717000000001,0.012015025875
2016-08-12,0.00029543551,IV_COMBINED,-0.01356603225,-0.01238779925,-0.011727181875,-0.01154099825,-0.01092086575,-0.01060471675,-0.009820315999999999,-0.008908325,-0.008467812,-0.008030288925,-0.007260904525,-0.0069852774,0.0063760815,0.007497898525,0.008199676675,0.0084852461,0.00887696225,0.00927199425,0.010526592625000001,0.01087195575,0.011069581875,0.011574576999999999,0.0123101305,0.0132028795,-0.011804082375,-0.009905670125,-0.008357902325,0.0082954425,0.009747074875000001,0.01159622825
2016-08-16,0.009323901,IV_COMBINED,-0.0109683735,-0.010060770625,-0.00931727525,-0.00926358075,-0.00878377025,-0.008509468125,-0.008005705049999999,-0.007140822375,-0.0068248749,-0.0064483774,-0.005848267925,-0.00563046875,0.005118107,0.006076961725,0.00653725955,0.00686336345,0.007184920149999999,0.0074811080749999995,0.008372907175,0.008732923125,0.0088635195,0.009250505124999999,0.0099031885,0.010570209,-0.009517192875,-0.007959629,-0.006715481075,0.0066580309,0.007830561125,0.00928854925
2016-08-17,-0.001220121,IV_COMBINED,-0.014645944250000001,-0.01326373125,-0.0126988085,-0.012591890750000001,-0.011799469,-0.01145617575,-0.01061114,-0.009623885,-0.00917545475,-0.008751728,-0.007778060375,-0.007460530875,0.0068043626,0.008035234325,0.0087333964,0.00907077975,0.00953313875,0.009987211749999999,0.011364837749999999,0.011672723375,0.01202682875,0.012436785124999999,0.013238045875,0.01422941075,-0.0127514425,-0.010713092875,-0.009014076375,0.008894194250000001,0.010478550875,0.012506369125
2016-08-18,0.0062490245,IV_COMBINED,-0.015668164625,-0.014226885,-0.0136904915,-0.01339864975,-0.012643021125,-0.01225675775,-0.011310253499999999,-0.010335239125,-0.009808379,-0.009347153,-0.00839400985,-0.008062339475000001,0.007369581225,0.008638373975,0.0094992195,0.009744104,0.010261794875,0.0107134645,0.01223725275,0.01257382925,0.0128807985,0.0134137045,0.01422185175,0.015330009875,-0.01363869525,-0.011480224125,-0.0096791,0.009601244375,0.011274064,0.01344874875
2016-08-19,-0.0006222652,IV_COMBINED,-0.0146564665,-0.013311610750000001,-0.012725683,-0.012541143625,-0.011786529625,-0.011455312875,-0.010613251375,-0.009648202,-0.00916496775,-0.008717955,-0.007853927275,-0.0075325249,0.006936345375,0.0081079696,0.00885901725,0.00916445275,0.009602860250000001,0.010006606625000001,0.011433572749999999,0.011753177375,0.0120519805,0.01253513625,0.013328873625000001,0.014284923500000001,-0.012750213,-0.0107214835,-0.009041585,0.00898795275,0.01054852525,0.012570505
2016-08-22,-0.0011705543,IV_COMBINED,-0.011818480125,-0.0107770515,-0.010118823,-0.00999952225,-0.009488974,-0.009172504,-0.008583320875,-0.007694096125,-0.0073520887,-0.00694895855,-0.0063250123250000005,-0.006067697225,0.0055711842999999995,0.00654321175,0.007105130175,0.0073949116,0.007761037,0.008061823,0.00907861075,0.0094391235,0.0095773065,0.01002506825,0.01066955275,0.01143334275,-0.010251306,-0.008584166375,-0.007241653675,0.00721183475,0.00846429025,0.010039587499999999
2016-08-23,-0.00052609126,IV_COMBINED,-0.0137943675,-0.012479467000000001,-0.01195723,-0.0118175035,-0.01112069125,-0.0107366805,-0.009978964,-0.0090288065,-0.0086365355,-0.0081911034,-0.0073673962,-0.007080212775000001,0.0064438131,0.007566067325,0.00828353885,0.008558711075,0.009000472499999999,0.009405056,0.010679838875,0.011025487625,0.01123812725,0.011726584750000001,0.0124482925,0.013405794,-0.011989742375000001,-0.010067643499999999,-0.00848083975,0.008394746,0.009874132,0.011759508125
2016-08-24,-0.0044896486,IV_COMBINED,-0.0133204375,-0.012090844,-0.011552578,-0.01139799,-0.010736487874999999,-0.01037711675,-0.009658897,-0.00872283125,-0.00834719,-0.00789371975,-0.0071379018499999995,-0.0068664618749999995,0.006244123,0.007334834,0.008038944575,0.008289814749999999,0.008707435999999999,0.00907907625,0.010311419624999998,0.010662561000000001,0.010835270000000001,0.01133256425,0.01205366525,0.0129647415,-0.011584575,-0.00973172225,-0.00819960665,0.008127351425,0.009544061999999999,0.011365531875
2016-08-25,0.0016200157,IV_COMBINED,-0.014136886,-0.01277461675,-0.0122962255,-0.01213618475,-0.01138746475,-0.01100404525,-0.0102340735,-0.009267207250000001,-0.008876493249999999,-0.008399661874999999,-0.007566911825,-0.007277631825,0.006627735475,0.007762136725,0.008520628075,0.00878001025,0.009225242,0.00963075275,0.01098230075,0.011312881375,0.0115221435,0.0120306365,0.012792759,0.013767433,-0.012287839125,-0.01033560925,-0.008703091125,0.008623608500000001,0.01012978875,0.012075503500000001
2016-08-29,-0.008352262,IV_COMBINED,-0.013625285249999999,-0.012359047750000001,-0.01186049975,-0.01168527225,-0.010972432375,-0.010608749125,-0.009895397125,-0.008933634875,-0.008559071375,-0.00808898795,-0.007309916625,-0.00703464965,0.006401285425,0.007499889425,0.0082456575,0.008487274,0.008912897874999999,0.009298806875,0.0105728955,0.01093186375,0.011097617125,0.011604453875,0.01234243875,0.01328743775,-0.01185015725,-0.00997147025,-0.00839518725,0.00832652525,0.00977526525,0.0116464505
2016-08-30,-0.0027473436,IV_COMBINED,-0.015099628,-0.0136399155,-0.013209327,-0.012990539125,-0.01216425125,-0.011767422125,-0.01093514925,-0.00992712225,-0.0095073975,-0.008997012875,-0.00810303225,-0.00779599435,0.007105073325,0.0082849256,0.00916152275,0.0093988205,0.009883603625,0.0103321885,0.0117975625,0.012138904374999999,0.012355080125,0.012903283125,0.0137132295,0.014788578,-0.013132351,-0.011069283499999999,-0.00931811675,0.009246537625,0.010863091625,0.012958670875
2016-08-31,-0.0003991828,IV_COMBINED,-0.0161416025,-0.01455855425,-0.01413727825,-0.01384233775,-0.012974146125,-0.012573802375,-0.01166076175,-0.010626925,-0.01015329,-0.0096107815,-0.00867499375,-0.00832194125,0.007639203549999999,0.00885172025,0.00982808525,0.01005188625,0.010561302375,0.01104331425,0.01265780625,0.01298125175,0.013244742,0.013824824749999999,0.014687641750000001,0.0158440575,-0.014018088,-0.011830411249999999,-0.0099616885,0.009907623625,0.0116278265,0.01388309975
2016-09-01,0.004301871,IV_COMBINED,-0.016375063,-0.01476996075,-0.0143531995,-0.01401342125,-0.01312839775,-0.0127344455,-0.0118401575,-0.01077905225,-0.01029071575,-0.0097385015,-0.0087981645,-0.008432321999999999,0.00777801725,0.008983132375,0.009974442625,0.01021708975,0.010723107625,0.011198937125,0.01283954025,0.01317668325,0.013451079,0.014032018375,0.0148763825,0.01610146275,-0.01420425725,-0.011999514,-0.01009649725,0.010059647875000001,0.01180213875,0.014089029375
2016-09-02,-0.003243713,IV_COMBINED,-0.01917073975,-0.01723325875,-0.01684450575,-0.01639026575,-0.015319578125,-0.01489495675,-0.01380684175,-0.012640429,-0.012043463125,-0.0114559315,-0.010317850375,-0.009842291999999999,0.009128618875000001,0.010475809499999999,0.01169395675,0.011930502374999999,0.012538239,0.013128025,0.015118347,0.01543736075,0.01585930575,0.01645559125,0.01743987575,0.01890784,-0.01660175925,-0.01404603925,-0.011830292,0.011790994375,0.01383414125,0.01655254525
2016-09-05,-0.00061861775,IV_COMBINED,-0.012515221,-0.01139443575,-0.010798261,-0.010579409250000001,-0.0099101225,-0.00962215625,-0.00913856025,-0.008138287075,-0.0077836115,-0.00732109195,-0.006670235950000001,-0.0063808084250000004,0.0059713945,0.00691139235,0.007509499525,0.007841056875,0.008195102,0.0084551495,0.009588767,0.0099965885,0.01016520875,0.01057014275,0.011190427,0.01211303625,-0.01080426875,-0.009096175,-0.0076265160500000005,0.007635231100000001,0.008930044,0.01061080575
2016-09-06,0.0076497286,IV_COMBINED,-0.0135417805,-0.01226005675,-0.01170928975,-0.0115396015,-0.0108333465,-0.01048928625,-0.00979718675,-0.008827950000000001,-0.0084470055,-0.008014438,-0.00723923475,-0.006921315825,0.00638758735,0.00742498675,0.0081442306,0.008447590375000001,0.008851468250000001,0.0092434315,0.010446123,0.010841107000000001,0.011016583875,0.011504035249999999,0.01221426125,0.013153969750000001,-0.011732814375,-0.009854144,-0.008298444675,0.00825087925,0.00969852925,0.011534408749999999
2016-09-07,9.5669406e-05,IV_COMBINED,-0.0142913105,-0.01296578675,-0.012462407625,-0.012251535,-0.011420523125,-0.011087959875,-0.01039400175,-0.009377440125,-0.00895341,-0.00849583755,-0.00759769035,-0.00729068775,0.006697226625,0.0078275031,0.008510181075000001,0.0088707109,0.0093129795,0.009671586999999999,0.0109890995,0.011410809375,0.01169918075,0.01207858725,0.01274559875,0.013889081000000001,-0.012403423125,-0.010455043375,-0.008769923249999999,0.00866739775,0.010184593,0.012146754
2016-09-08,0.0017027183,IV_COMBINED,-0.0164556645,-0.014910153,-0.014408981625000001,-0.01408226,-0.013218834,-0.01287161825,-0.011874834875,-0.01084191875,-0.01031472575,-0.009838423625,-0.0088394065,-0.008436582750000001,0.00777782125,0.00903395275,0.009963989999999999,0.010235211000000001,0.010760093,0.01124331875,0.0128444975,0.013213596875,0.013561222125000001,0.01406462425,0.014908736749999998,0.01613731125,-0.014307706125,-0.01206241525,-0.01016558975,0.010076071,0.01182954975,0.014133073375
2016-09-09,-0.003836316,IV_COMBINED,-0.0152675665,-0.013357308,-0.012926171,-0.012766913250000001,-0.01238461,-0.011961286750000001,-0.0110140265,-0.0105119185,-0.00940699875,-0.00910836975,-0.0086606585,-0.00842435325,0.007237236875000001,0.00773480315,0.00860658375,0.0093344065,0.00986143375,0.010929090375,0.011746676,0.012504938125,0.01319496825,0.013486081,0.014008814500000001,0.0153085755,-0.01314753725,-0.011164080125,-0.0097333175,0.009037347,0.01107153725,0.013352794875
2016-09-12,0.0014125146,IV_COMBINED,-0.012511809625,-0.010655552625,-0.0103633245,-0.01024179375,-0.009981725375,-0.009579742125,-0.009001511125,-0.0085583345,-0.007716684725,-0.007420092475,-0.0070764506,-0.00684840275,0.0059186277,0.006308793,0.0069950827,0.007564071075,0.007923646925,0.00891128075,0.009481219125,0.01006383425,0.010587521875,0.011006199749999999,0.011308571875,0.01249607325,-0.0105941245,-0.009043918875000001,-0.0078966047,0.007325473925,0.0089772835,0.010787444625
2016-09-13,0.0011125649,IV_COMBINED,-0.0154768495,-0.01371719025,-0.013211183,-0.01306063325,-0.0125890265,-0.012249880250000001,-0.011202949875,-0.010751229375,-0.00963286325,-0.00930294425,-0.00884375175,-0.00854200025,0.007278671275,0.007774866025,0.00874180275,0.009505957875,0.01008247075,0.011118757,0.012051452125,0.012782987249999999,0.013566202749999999,0.013820548,0.0143544335,0.015626941,-0.013418715875,-0.0114096205,-0.00993796125,0.009185852750000001,0.01131583725,0.01367640375
2016-09-14,0.0025453388,IV_COMBINED,-0.01441403575,-0.012584862875,-0.012166699874999999,-0.012013117,-0.011645546875,-0.0112800525,-0.01041717975,-0.00993215425,-0.00889170525,-0.00858856425,-0.008181544075,-0.00792838375,0.0067978780749999995,0.0072476365,0.00811092175,0.008791769375,0.009273397249999999,0.010289912,0.01108275425,0.011774850625,0.012425990750000001,0.012749720625,0.013212277500000001,0.01445263675,-0.012387523,-0.010537557749999999,-0.00918214,0.008502517000000001,0.010437511,0.012589702
2016-09-15,-0.0021940256,IV_COMBINED,-0.014508917,-0.012692674625,-0.0122577525,-0.0120984015,-0.011728928,-0.0113611505,-0.01048345025,-0.010010451375,-0.008973463000000001,-0.00866039625,-0.008245334375,-0.007980218625,0.0068289396749999995,0.0072807945,0.00815986525,0.00885686775,0.0093409395,0.01036314975,0.01116657,0.0118649495,0.012527686750000001,0.01287471575,0.01331839925,0.014561873125,-0.012478013999999999,-0.0106172535,-0.00925151025,0.00855542175,0.01052044825,0.0126878955
2016-09-16,-0.0077620284,IV_COMBINED,-0.014752519625,-0.012942750499999999,-0.01253076925,-0.012375509,-0.01193014875,-0.01161456025,-0.01065990125,-0.010190039750000001,-0.009129388375,-0.008815739875,-0.008384851875,-0.00811512375,0.00694570165,0.007414365175,0.008305456,0.009018024,0.009547704875,0.0105608205,0.011416902,0.012090736375,0.01282101825,0.01307424425,0.01359900525,0.0148169075,-0.01272309775,-0.0108249315,-0.009424063125,0.008726026125,0.010723538875,0.012948913999999999
2016-09-19,0.00181758,IV_COMBINED,-0.0129894415,-0.011194221625,-0.010904562125,-0.010762214249999999,-0.010395859,-0.01009851,-0.009376383,-0.008933032625,-0.00802636245,-0.00772464515,-0.00734900365,-0.007097916,0.00613347965,0.0065141843500000005,0.00729881015,0.00788163435,0.0083077975,0.009261156,0.0099913375,0.0105455315,0.01114984425,0.01143187975,0.01185900475,0.01301478825,-0.011088049499999999,-0.00946777,-0.008240621625,0.00764912185,0.009374760999999999,0.011312101250000001
2016-09-20,-0.0005972881,IV_COMBINED,-0.01422489075,-0.01252353925,-0.01213646825,-0.011971944750000001,-0.01148520025,-0.011184895375,-0.01030961575,-0.009868380125,-0.00885001375,-0.008534637500000001,-0.00810419225,-0.007810777075,0.006698098875,0.0071046574000000005,0.00803710275,0.00870574125,0.009223565,0.01019121525,0.01109282625,0.011713185,0.012440834375,0.01261822525,0.013166897,0.014335807375,-0.012278094,-0.01046987425,-0.0091005765,0.00843125,0.010366314875000001,0.01254991
2016-09-21,-0.0007096033,IV_COMBINED,-0.01461093125,-0.012903465999999999,-0.012471102750000001,-0.0123259075,-0.011806064375,-0.0115010985,-0.0105920575,-0.010129112,-0.00906594675,-0.00875818875,-0.0083203325,-0.008034153575000001,0.0068913425,0.007320280425,0.008266071,0.008951223250000001,0.00948999575,0.01046807625,0.011406866125,0.0120518065,0.0127844185,0.012930190250000001,0.013535416500000001,0.01472222625,-0.01262949325,-0.0107518635,-0.0093485765,0.00867491075,0.010649270375,0.012900146500000001
2016-09-22,0.005720668,IV_COMBINED,-0.01711006675,-0.015408923,-0.0146606125,-0.014608663000000001,-0.0139599115,-0.01359667575,-0.01242056725,-0.011949620625,-0.01061928775,-0.010308728,-0.0097712755,-0.009514029375,0.008078933600000001,0.0086645385,0.0097250685,0.010570890375,0.011283624249999999,0.01233496975,0.013446921,0.0142656265,0.015127248,0.01531410725,0.016001757999999998,0.01733012425,-0.01493684825,-0.012649353,-0.01102806575,0.010239817,0.012590102375,0.015234335625
2016-09-23,-0.00048549852,IV_COMBINED,-0.014297658750000001,-0.012448098,-0.01205332375,-0.011911267,-0.01149120025,-0.011183654375000001,-0.010317591000000001,-0.0098132585,-0.00877532025,-0.00849161575,-0.008067219575,-0.007850522725,0.006766919725,0.007225721274999999,0.0080449905,0.0087151265,0.0092001505,0.0102024595,0.0109761675,0.0116717865,0.01228540425,0.01252961875,0.013091681,0.014294212,-0.0122663755,-0.010428629625,-0.00908125425,0.00844279025,0.01032470475,0.01246385
2016-09-26,0.0041125882,IV_COMBINED,-0.01161537475,-0.009876885,-0.009579299500000001,-0.00947345875,-0.0091924855,-0.00889111325,-0.008344401,-0.007924092925,-0.00719032595,-0.0069016798,-0.006554585625,-0.006331780125,0.0054496633249999996,0.005785579125,0.006441686525,0.00699779805,0.007298927475,0.008241974525,0.00874536125,0.0092896895,0.009779323749999999,0.010146586499999999,0.010494603875,0.01156854225,-0.009809863375,-0.008385847,-0.007320650125,0.006744243625,0.00828612975,0.009975504375
2016-09-27,-0.0054701166,IV_COMBINED,-0.0133050705,-0.0116449655,-0.0111994795,-0.01109224275,-0.0106321215,-0.010357815499999999,-0.009583188875,-0.009158986625,-0.00827555425,-0.007958902,-0.007550494125,-0.0072692251,0.006166886025,0.00653203625,0.00739883905,0.008094171,0.008506197625,0.009457206875,0.010185983125,0.010867493375,0.011486134,0.011771169125,0.012208674875,0.013310358500000001,-0.01140644275,-0.009715005124999999,-0.008459084725,0.007757988425,0.0096029455,0.01161172925
2016-09-28,-0.00067610765,IV_COMBINED,-0.013186742375000001,-0.011510793,-0.011066924,-0.01096896725,-0.01050206725,-0.01023814025,-0.009487421,-0.009044410125,-0.008166173625,-0.007858024,-0.0074640684,-0.00719042115,0.00610026485,0.00645905545,0.0073147335,0.00799313525,0.0083857425,0.0093377475,0.010064588,0.010731206,0.011325835,0.01161160825,0.01206509825,0.01315089475,-0.011281342375,-0.00960061375,-0.00835901325,0.007664876925,0.00947856475,0.011467524875
2016-09-29,0.003938644,IV_COMBINED,-0.013612254125,-0.011955443999999999,-0.0114335855,-0.011365703375,-0.010850036,-0.01057127525,-0.009789760875,-0.009340883500000001,-0.008428004999999999,-0.00811542275,-0.00770527585,-0.007430260100000001,0.006280355825,0.00666079205,0.00754745685,0.00826715175,0.0086827745,0.00964066575,0.0104187475,0.0111100395,0.011729771375,0.0120027315,0.01249106425,0.0135767415,-0.011670943,-0.009912701999999999,-0.008632623625,0.007918025425000001,0.009802414249999999,0.011865273125
2016-09-30,-0.0005782404,IV_COMBINED,-0.0138568165,-0.012187169625,-0.011642694875,-0.011576475624999999,-0.0110509705,-0.0107683395,-0.0099529515,-0.00949396375,-0.00856072985,-0.00825058585,-0.0078431388,-0.0075709986,0.00639663175,0.006780219325,0.007689834100000001,0.00841196825,0.008819898,0.00980150625,0.0106066855,0.01131382525,0.0119339025,0.012178516875,0.01270359475,0.0138264605,-0.011887954249999999,-0.01008373625,-0.008785405125,0.0080586535,0.009963715125,0.012076893875
2016-10-03,-0.002407737,IV_COMBINED,-0.012435559249999999,-0.010700523625,-0.010388468250000001,-0.01027062275,-0.009760331,-0.00954236375,-0.008896030249999999,-0.008455352,-0.007634306825,-0.00734436545,-0.00695175735,-0.006699310475,0.0057409051,0.0060541866,0.006866358475000001,0.00746224675,0.007787337125,0.008737551,0.00945978175,0.010052044,0.010562235,0.01080826375,0.01129146625,0.012344476625,-0.010541880375,-0.00898330375,-0.007798629575,0.007181713675,0.008851036,0.010742000500000001
2016-10-04,0.00011372391,IV_COMBINED,-0.01327551125,-0.011654426249999999,-0.01118134325,-0.0111083915,-0.01053437075,-0.0102554585,-0.00954611725,-0.0091127235,-0.00823275425,-0.00793338825,-0.007508929575,-0.007212254725,0.0061324523,0.006446819625,0.00738134395,0.008043858875,0.0084369185,0.00938329075,0.010208357,0.01084801825,0.0114702735,0.011662001375,0.012204095,0.0132589815,-0.011365631625,-0.0096656795,-0.008404551,0.00772117815,0.009546885125,0.011597945
2016-10-05,-0.0015352485,IV_COMBINED,-0.01453898575,-0.012785448375000001,-0.012347325875,-0.01217821,-0.0116287085,-0.011324227499999999,-0.01045610925,-0.0099810425,-0.00893795215,-0.0086394274,-0.00818537025,-0.007908863525,0.00674401365,0.007121381025,0.00814077425,0.00883171025,0.00926329775,0.01025910175,0.011233621499999999,0.011982660249999999,0.01259038425,0.012771713,0.0133623745,0.01454417375,-0.012491115875,-0.010609331875000001,-0.009207785999999999,0.008500617625,0.01047188875,0.0127426425
2016-10-06,-0.0033867627,IV_COMBINED,-0.01399522725,-0.01224127025,-0.01183667075,-0.011687798,-0.011169349125,-0.010883110375,-0.01006349475,-0.0095884345,-0.008609275875,-0.008327600375,-0.0079100417,-0.007623751075,0.006512216525,0.00688311015,0.007818588500000001,0.0084963843,0.00892030175,0.009901562249999999,0.01077061975,0.01144616625,0.012069736,0.01227042175,0.012834407625,0.013959298,-0.01199535075,-0.01019619725,-0.0088665875,0.00818096725,0.010071858,0.01221604575
2016-10-07,-0.00011652609,IV_COMBINED,-0.017804489,-0.0160863165,-0.015261172,-0.015190361749999999,-0.01448900425,-0.01409926425,-0.0128771595,-0.012401858125,-0.01100362925,-0.010696268125,-0.010137229875,-0.009877201375,0.008351954575,0.008966412,0.010085285749999999,0.0109911735,0.0117035845,0.012776204749999999,0.013989231000000001,0.0148808475,0.0157107385,0.01599827125,0.016653069,0.017998961,-0.015533887750000001,-0.013128617,-0.011442364,0.01061929325,0.013091693,0.015846569999999997
2016-10-10,9.8599885e-05,IV_COMBINED,-0.01201764625,-0.01068215,-0.01059181825,-0.01033370275,-0.0100195555,-0.009694363375,-0.0086679835,-0.00834888885,-0.007981445325,-0.007595876175,-0.00686545285,-0.0062435224499999996,0.00585750195,0.00623445225,0.0068662864,0.007449218425,0.008042453,0.008410972,0.00907128825,0.009482517875,0.010248296375,0.01088023275,0.01103501325,0.0125406465,-0.01054948325,-0.009056899625,-0.0077496208,0.007214396425,0.008770833124999999,0.010475553
2016-10-11,-0.008605727,IV_COMBINED,-0.011667499125,-0.010295945375,-0.010215473125,-0.009941490125,-0.009668716375,-0.0092965244,-0.008361209325,-0.0080129,-0.0076998855,-0.00729602985,-0.0066650505749999995,-0.005982650674999999,0.005595010825,0.00596646825,0.006560760925,0.007147471,0.00767332475,0.00804557995,0.008694028925,0.009085797,0.00985851525,0.01046230525,0.01061704275,0.012045450875,-0.01017403475,-0.00871719875,-0.0074506311000000006,0.006897918875000001,0.00840454225,0.010060167
2016-10-12,-0.0043807365,IV_COMBINED,-0.014366591,-0.01292537925,-0.012816513625,-0.012589904875,-0.0120969895,-0.011698109,-0.0104836615,-0.01007634425,-0.00942872225,-0.008937791125,-0.00824974215,-0.007617765125,0.0069308499,0.007367964725,0.0082468906,0.00900889725,0.00970542525,0.009995081125,0.0108815455,0.011303749,0.012299417,0.01294473275,0.013323408625,0.014623396125,-0.01273539475,-0.01090067,-0.00931595025,0.0086265353,0.0105071365,0.012486303375
2016-10-13,0.0023263998,IV_COMBINED,-0.01611059025,-0.0146579655,-0.01444346925,-0.014314844,-0.013657627125,-0.013161274375,-0.01183029825,-0.011403885,-0.01054672125,-0.01000835525,-0.00929723025,-0.00868432825,0.00787280915,0.0083302625,0.0093844295,0.01024506075,0.011058299375,0.011309253875000001,0.012267859625,0.01280167825,0.013879651625,0.01453722275,0.015035511125,0.01626858925,-0.01438046075,-0.01227713,-0.010511014625,0.009782732374999999,0.0118835395,0.014050658
2016-10-14,-0.0048584784,IV_COMBINED,-0.01559034525,-0.014157247500000001,-0.01400815375,-0.01378865725,-0.0131683515,-0.012667015,-0.011421454250000001,-0.010982945000000001,-0.01020567075,-0.0096869525,-0.00899161025,-0.008369043999999999,0.00767061345,0.008127614,0.009087774875,0.009908340625000001,0.010705594875,0.010988661625,0.011854533625,0.0123903685,0.013386354999999999,0.014095269875,0.014542636125,0.015800808875,-0.013874323,-0.011857047375,-0.010139514,0.009489226375,0.011510479875,0.01359494075
2016-10-17,0.0013304815,IV_COMBINED,-0.01191910075,-0.01064071625,-0.010546182375000001,-0.010186013375,-0.009856834625,-0.00947212285,-0.008534826625,-0.00816358575,-0.0078623675,-0.007421828125,-0.00681826205,-0.0061571188,0.005821331525,0.006223753975,0.006784917125,0.007356023425,0.007920602,0.00829130925,0.00892402385,0.009390560625,0.010063311125,0.0107309805,0.01091937775,0.01231380325,-0.0104149575,-0.00891581675,-0.0076065833499999996,0.007134925675,0.00864458785,0.010322215249999999
2016-10-18,-0.00028414224,IV_COMBINED,-0.013589568375,-0.012221053749999999,-0.012111793999999999,-0.011814113875,-0.011362683375,-0.01096912375,-0.00985556625,-0.0094182455,-0.008874634575,-0.008418817200000001,-0.00780228835,-0.00712894715,0.006568989025,0.007021648,0.0077591781,0.00845012475,0.009106972500000001,0.00942676475,0.01023817275,0.010685541,0.011533904250000001,0.012185512875,0.012562229500000001,0.013877222500000001,-0.011991308249999999,-0.010245872999999999,-0.0087474843,0.008138992099999999,0.00988150925,0.011779414
2016-10-19,-0.0028321922,IV_COMBINED,-0.012839973250000001,-0.0114884915,-0.011390100375,-0.011110673,-0.010711414875,-0.0103010495,-0.0092597035,-0.008864306875,-0.008416838874999999,-0.007994224125,-0.007356232799999999,-0.0067075868,0.006201521975,0.006640861775,0.00729891395,0.007943803999999999,0.0085632531,0.0089163314,0.0096407955,0.010082767625,0.010871309,0.01151908475,0.011805884749999999,0.013146203625,-0.011290320125,-0.00964639975,-0.008244680125,0.0076690692,0.009316653625,0.011109392
2016-10-21,-0.009120059,IV_COMBINED,-0.0175605245,-0.015987221500000003,-0.015696037750000003,-0.015683251750000002,-0.01497042375,-0.01439042,-0.012906880375,-0.012342998625,-0.01138210775,-0.010823053249999999,-0.010136973625,-0.009476063,0.008572718125,0.00906708425,0.01021898425,0.0111769275,0.012005108,0.0122503775,0.013300503875,0.013932386125,0.01510486775,0.01564726475,0.0163793895,0.017534242499999998,-0.0157183685,-0.013343689375,-0.0114339015,0.010632879875,0.012876036625,0.01525027775
2016-10-24,0.001972138,IV_COMBINED,-0.011562562,-0.01028753075,-0.0101999675,-0.009898025375,-0.00960145825,-0.00916022335,-0.008251725500000001,-0.0079463845,-0.0076714875,-0.007236498075,-0.00663138585,-0.005980089,0.005639560725,0.006011994025,0.006574203575,0.00714147475,0.00770895475,0.008062196175000001,0.00863565745,0.009133200250000001,0.009791792375,0.010431316749999999,0.010546442875,0.011922783749999999,-0.01010196,-0.0086459578,-0.007390916375,0.00691407405,0.00839592075,0.01000597575
2016-10-25,0.00017220496,IV_COMBINED,-0.012498442,-0.011129405,-0.01103809825,-0.01078951575,-0.0104371535,-0.01001069975,-0.009006577075000001,-0.00863156925,-0.008219891625,-0.0077928581250000005,-0.00715422395,-0.0064982957,0.0060090415,0.006418184425,0.00707243355,0.00770599725,0.008304968900000001,0.008645449,0.009371482125,0.00979492275,0.010561636375,0.011160170875,0.01142332025,0.0127689625,-0.0109730435,-0.009381366875,-0.0080175298,0.007435222375,0.009037613574999999,0.010784064749999999
2016-10-26,0.002382567,IV_COMBINED,-0.012735587999999999,-0.0113413085,-0.0112496725,-0.01102398625,-0.0106504435,-0.010234646,-0.00919216225,-0.0088437244,-0.008386305375,-0.007954168875,-0.007294216475,-0.006654082875,0.006112136075,0.0065273994999999994,0.0072216381750000004,0.007875590750000001,0.008505100125,0.00883686335,0.009558625125000001,0.009985484999999999,0.010795260375,0.01140109575,0.011658780625,0.012996102124999999,-0.01119719475,-0.00958130175,-0.008196167925000001,0.00758498025,0.00923545475,0.0109988505
2016-10-27,-0.0010564346,IV_COMBINED,-0.013608948,-0.01217503425,-0.0120733315,-0.011875901,-0.011433225875,-0.01104343075,-0.00989462475,-0.0095250985,-0.008944686949999999,-0.008489605325,-0.007808604825,-0.0071803015,0.006563126225,0.0069804757499999995,0.007785154125,0.008495273425,0.009180325,0.009478076,0.01025875475,0.010711278000000001,0.01159552625,0.012200488,0.01253091575,0.01385492075,-0.01202730775,-0.010296234,-0.008809408,0.0081535675,0.00992258325,0.01179027925
2016-10-28,0.0027727645,IV_COMBINED,-0.01303014825,-0.01164008075,-0.01154081875,-0.01132218225,-0.0109027985,-0.01055307525,-0.009454495,-0.009097820375,-0.00859272405,-0.008151002425,-0.007481472425,-0.0068358694,0.006283983875,0.00670243575,0.0074507186000000005,0.0080989279,0.00876620325,0.009084506,0.0098133315,0.0102587145,0.011084024000000001,0.011690134500000001,0.011981127500000001,0.013342528749999999,-0.011489656875,-0.009847786,-0.008423847375,0.0078033349749999995,0.0094906205,0.01129594525
2016-10-31,0.0025119674,IV_COMBINED,-0.011561922499999999,-0.010204686125000001,-0.010121843125,-0.0098469885,-0.009526026375,-0.00919992725,-0.008254021125,-0.007897595,-0.0076223257999999995,-0.0072005929,-0.006587797225000001,-0.005943984875,0.0055425397500000004,0.005968842,0.006496244525,0.007040548775000001,0.007575843425,0.0080011035,0.008612280875,0.0090080305,0.009684089,0.01025526425,0.0104653395,0.0118720445,-0.01006791,-0.00861914215,-0.007365979675,0.0068391499,0.008297008250000001,0.0099283565
2016-11-01,0.007353375,IV_COMBINED,-0.01247856225,-0.011099401,-0.01100731625,-0.010737390375,-0.010386902125,-0.010051074,-0.008990448275,-0.00861650825,-0.008201176825,-0.007778260575,-0.00713331325,-0.006472546725,0.005958307025,0.00639816465,0.007048474175,0.007646515575,0.008246843375,0.008629627625,0.00934709375,0.00973580325,0.010525996375,0.011108706625,0.011425617875,0.01278244575,-0.01095066575,-0.009373305,-0.008010340500000001,0.007399776675000001,0.008995757175,0.010763391375
2016-11-02,0.0069265324,IV_COMBINED,-0.01326757825,-0.01188563225,-0.011784023749999999,-0.01152282975,-0.01109347125,-0.01074594,-0.00961707,-0.0092504095,-0.008710793125,-0.008265131625,-0.007623043425,-0.00696888075,0.006366685175,0.0068222847,0.007559395,0.0082243635,0.008892395599999998,0.00922885125,0.00999322975,0.010421427,0.011262848124999999,0.011876162749999999,0.01223846175,0.013556110125,-0.011703090499999999,-0.0100216475,-0.008570681125,0.00792679785,0.00964300025,0.011494415375
2016-11-03,-0.002129255,IV_COMBINED,-0.017016942,-0.015609963000000001,-0.015258458499999999,-0.01510699125,-0.01435092375,-0.0140399665,-0.012560073375,-0.012075376125,-0.011066879,-0.0105127905,-0.00983762875,-0.009218462125,0.0083157431,0.00888146915,0.00991603675,0.0108245005,0.0116774545,0.0119758075,0.01303311725,0.01357338275,0.014619131625,0.01533136625,0.0160672865,0.017173340250000002,-0.0152249575,-0.0130001505,-0.0111368445,0.010364764,0.012568449,0.01489325225
2016-11-04,0.002297871,IV_COMBINED,-0.0180702795,-0.016680204,-0.01625555825,-0.016040148,-0.0153054045,-0.01479397225,-0.0133459775,-0.012847375250000001,-0.0117160985,-0.011148636,-0.010472658,-0.0098894095,0.00895976995,0.009510034625,0.010638362625,0.011608543249999999,0.01252063975,0.0128297645,0.013855616000000001,0.014488830250000001,0.01558437575,0.01639567325,0.017162716,0.0181706805,-0.0161780015,-0.0137917965,-0.01183041,0.011096884375,0.0134420475,0.0158524435
2016-11-07,-0.007869747,IV_COMBINED,-0.0153771325,-0.01424288075,-0.013885791750000001,-0.01337019825,-0.012799738,-0.01241490425,-0.011280712625,-0.0108124255,-0.00998099325,-0.00950656175,-0.008916550425,-0.00826671515,0.00766678445,0.008207536625000001,0.009008651999999999,0.00976714725,0.01056951675,0.010943806625,0.011818462,0.012353581249999999,0.0131795995,0.01410835425,0.01470009425,0.0157723465,-0.013640970875,-0.011674966,-0.00998343175,0.009454190625000001,0.0114414575,0.01356481625
2016-11-08,0.0011729888,IV_COMBINED,-0.016106019,-0.014814142249999999,-0.0144438705,-0.014094082,-0.0135358335,-0.013065570125,-0.0118162455,-0.01130001375,-0.01044035575,-0.00991260125,-0.00932473475,-0.008676398625,0.008001107,0.0084977571,0.0094144995,0.010240891375,0.011054544875,0.011351331,0.01229815425,0.012904769875,0.01379981625,0.01463275125,0.01524749875,0.016342390749999998,-0.014323129875,-0.01221321075,-0.010455863,0.0098532125,0.01191553475,0.014118526
2016-11-10,-0.015292889,IV_COMBINED,-0.0320184945,-0.029286166250000002,-0.027880949250000002,-0.02700390675,-0.02692329975,-0.02597225475,-0.0237177315,-0.02284101275,-0.021258363750000002,-0.0204491285,-0.01734303075,-0.01662039025,0.015903983,0.01697838525,0.018406403249999998,0.02045722525,0.0208507715,0.0234928845,0.0244738925,0.027065037,0.027601100250000003,0.028166444500000002,0.02832383575,0.031446959249999996,-0.028240825,-0.024334061,-0.020645163,0.019322686999999998,0.02348824325,0.027782164749999998
2016-11-11,-0.0025678682,IV_COMBINED,-0.018215797,-0.016913531000000002,-0.01593624925,-0.0152410415,-0.014820380749999999,-0.0144208665,-0.01322951125,-0.01261773475,-0.01193846675,-0.01152155075,-0.01018332825,-0.00943047775,0.00904730175,0.00999037475,0.01098402225,0.0115090115,0.011876095,0.013525333875,0.0142309175,0.015116115875,0.01594102475,0.01615043825,0.016608131,0.01828449575,-0.01592232275,-0.01362856575,-0.01163479125,0.011225742,0.0134583595,0.01603613725
2016-11-14,-0.011926783,IV_COMBINED,-0.014465056875,-0.013445697,-0.012904435,-0.0122449885,-0.01175189975,-0.01144965225,-0.01057813825,-0.010111208625,-0.009533445,-0.00919715525,-0.008398518325,-0.0076293959,0.0072746073750000004,0.008086123375,0.0089225861,0.00909513525,0.009667688425,0.010838010375,0.011554063,0.01202365225,0.012785277,0.013161067,0.013466636749999998,0.01482548725,-0.01267145925,-0.010915376,-0.00935718575,0.0091010136,0.01086319275,0.0129310235
2016-11-15,0.0004918375,IV_COMBINED,-0.0195864445,-0.018212687249999998,-0.0173787945,-0.0166987395,-0.016283080499999998,-0.01563195175,-0.01448897675,-0.013682551250000001,-0.012916363,-0.01235797275,-0.0110041485,-0.01028980775,0.00976411825,0.010653593,0.0116326645,0.0123759995,0.01275864575,0.0143615495,0.01532568325,0.01643179925,0.01698730875,0.0171898355,0.017636705875,0.019743252,-0.01728258025,-0.014819727750000001,-0.012593286375,0.012026940875,0.01440234225,0.017224949125
2016-11-16,-0.0051354053,IV_COMBINED,-0.0172075805,-0.016034385249999998,-0.01524375325,-0.014555856624999999,-0.01409909125,-0.01367858925,-0.012634527,-0.011914792,-0.0113107975,-0.010807103875,-0.0097353425,-0.00895291375,0.00857436225,0.00937548235,0.010279446875,0.0108490025,0.01124120475,0.01267288425,0.013437582,0.01431447625,0.014919860625,0.015186675,0.015631456000000002,0.017352165,-0.015115100499999999,-0.012956492,-0.011017748375,0.010581615375,0.01267746975,0.015131108
2016-11-17,0.000117113574,IV_COMBINED,-0.01968527875,-0.01830172825,-0.01740302875,-0.0167576635,-0.016283445,-0.015721767,-0.014537558,-0.01367789925,-0.012968622249999999,-0.0123811815,-0.01100204925,-0.01025152025,0.00982158625,0.01065757425,0.01160935525,0.01245032825,0.01272484475,0.014421622249999998,0.01526851475,0.01638095975,0.01695129225,0.01716177425,0.0176404375,0.019785776249999998,-0.0173499765,-0.014861775,-0.012606883,0.012016375374999999,0.014405415875,0.017205397
2016-11-18,-0.009403241,IV_COMBINED,-0.01806983475,-0.016807667499999998,-0.015971710125,-0.0153011,-0.01481974275,-0.01437874325,-0.013273315,-0.01252317675,-0.011885319,-0.011347925750000001,-0.010172664500000001,-0.009389844750000001,0.00902187,0.0098318005,0.01075681675,0.011410285499999999,0.011737751000000001,0.0132842485,0.0140638315,0.01499777975,0.01561119075,0.015879744375,0.016334044875000002,0.01820704,-0.015875417375,-0.01360645225,-0.01156247075,0.011082413250000001,0.013275172,0.015842778000000002
2016-11-21,0.004526757,IV_COMBINED,-0.015628031,-0.014585115124999999,-0.013979749375,-0.0132872475,-0.01274945175,-0.0124096295,-0.01149112475,-0.01082985425,-0.0103295795,-0.009898257,-0.008976444,-0.00817487515,0.007866521125,0.008690281875,0.00949373275,0.00990071925,0.010299089,0.01160414825,0.01233451725,0.01295115075,0.013722170875,0.0140405565,0.014408529750000001,0.0159941915,-0.013731894750000001,-0.01180798775,-0.01005781225,0.009736828425,0.01163580575,0.0138821125
2016-11-22,-0.0035555174,IV_COMBINED,-0.01696666825,-0.015817064625000002,-0.015094956000000001,-0.014437863375000002,-0.013929578625000001,-0.013511882125,-0.012522672,-0.0117967395,-0.011188356,-0.010649882999999999,-0.009641703125,-0.00885922075,0.00848299825,0.009268262999999999,0.01011390475,0.010702499,0.0110946095,0.012467976,0.013232096125,0.014041540375,0.01464249325,0.015041875,0.01539175875,0.017139560125,-0.014932611,-0.012822921000000001,-0.01089188625,0.0104383745,0.012507811125,0.0148894905
2016-11-23,-0.004887021,IV_COMBINED,-0.01671680775,-0.0154213725,-0.014716731125,-0.01410064175,-0.013622651,-0.0132805735,-0.01228982,-0.011551818875,-0.010995274749999999,-0.01044087325,-0.00944751625,-0.00863581125,0.008276885250000001,0.009061894125,0.009875258375000001,0.01050363875,0.01090465075,0.012176793,0.01291957875,0.013672116750000001,0.0142987495,0.01470482625,0.0150476015,0.016721235,-0.014628409,-0.01256684375,-0.010671318249999999,0.01020765375,0.0122418975,0.014531855625000001
2016-11-24,0.00272585,IV_COMBINED,-0.01799261625,-0.016638417750000002,-0.015814318,-0.015272173750000001,-0.014776925750000001,-0.014361669,-0.013279774000000001,-0.0125177455,-0.01186142425,-0.011256360625,-0.010102695625,-0.00931172175,0.00890224525,0.009761198375,0.010597299249999999,0.011345955125,0.011697093625,0.013086275500000001,0.0138875625,0.014724680625,0.01537196675,0.015744829624999998,0.016108714875,0.01800857925,-0.015808361,-0.013566986,-0.011510038375,0.01096907925,0.013152343625,0.015620301000000001
2016-11-25,0.0040819664,IV_COMBINED,-0.018336637750000002,-0.016956529249999998,-0.016156309375,-0.015525139125,-0.015077422125,-0.014624792,-0.0135326815,-0.01271565875,-0.012064841,-0.01148191875,-0.01028286825,-0.00950028925,0.0090767255,0.0099400525,0.010793466625,0.01155941575,0.01192335075,0.013366077375,0.01415204875,0.015092712000000001,0.015719552875,0.015995989874999998,0.016428676625,0.01834679425,-0.01610410425,-0.013818857,-0.01172110575,0.01117712875,0.0133993765,0.01594795725
2016-11-28,-0.0020436249,IV_COMBINED,-0.013921931125,-0.0128835085,-0.012362288875,-0.01167347875,-0.011222019,-0.010984576875,-0.010228604625,-0.0095988275,-0.009188293,-0.00876026325,-0.00806296925,-0.007197363525,0.006927121175,0.0077133274,0.0084023953,0.0087308045,0.0092648285,0.010310495,0.01087935975,0.01130232025,0.012233088125,0.012542546750000001,0.01277690525,0.014102714,-0.012137103125,-0.01047251825,-0.0089208,0.008637406425,0.0103456065,0.01225887725
2016-11-29,0.0033582086,IV_COMBINED,-0.021441486750000002,-0.019783776250000003,-0.01884744125,-0.018294585000000002,-0.01786835425,-0.017272213,-0.015974810750000002,-0.01510552425,-0.014192087499999999,-0.013526367375,-0.011949483,-0.01118048425,0.010654859,0.0116739345,0.012566434500000001,0.01354959775,0.01385831125,0.0156294305,0.01659782,0.01767551325,0.018351271250000002,0.018697525,0.01905224425,0.02148998225,-0.018932082750000002,-0.01627841575,-0.013806813749999999,0.013070271500000001,0.015666537,0.018633366
2016-11-30,-0.000956318,IV_COMBINED,-0.02184825175,-0.0202985945,-0.019118009,-0.0186520865,-0.0181759345,-0.01758048475,-0.0161629,-0.0155173325,-0.014439836250000001,-0.013824452249999999,-0.012111224,-0.0113857035,0.01092397025,0.01195909475,0.012996236250000001,0.013838364,0.014160573624999999,0.016030971,0.0169837535,0.017930726,0.018862181750000002,0.01933170225,0.01965645875,0.0219848475,-0.01931107075,-0.01656371225,-0.01408383975,0.01340472525,0.01606907325,0.01908359325
2016-12-01,0.00038640606,IV_COMBINED,-0.02450079375,-0.022897004999999998,-0.021493752,-0.02103845,-0.02051508725,-0.0198502625,-0.018284397,-0.0174913495,-0.016386908625000002,-0.0156775615,-0.01364581625,-0.012887471000000001,0.012451229250000001,0.013540851,0.01462781975,0.015623555125,0.015988767,0.018090961500000002,0.01913470075,0.020224998,0.021185258,0.021864026,0.022157602999999998,0.0249177165,-0.02176031975,-0.018701335,-0.015910492000000002,0.015148673000000001,0.0181404015,0.02152405525
2016-12-02,0.004538502,IV_COMBINED,-0.02502976,-0.0235968735,-0.022139402000000002,-0.021651492,-0.02108666825,-0.02043655575,-0.01879010825,-0.01805157475,-0.01686679075,-0.016242487,-0.01413789125,-0.01342549875,0.012907322375,0.014106668875,0.015209193,0.016141179624999998,0.016577178875,0.018801982,0.019816186,0.020965497,0.02195496425,0.02275754525,0.02307621875,0.02585520075,-0.02236027025,-0.01925688675,-0.016458801500000002,0.01572331,0.0188188145,0.0223336125
2016-12-05,0.0058990326,IV_COMBINED,-0.029288638999999998,-0.027479475,-0.0256891485,-0.0252026835,-0.024820454999999998,-0.0239441455,-0.02190353025,-0.021181234,-0.019850443000000002,-0.0190866805,-0.01638204225,-0.015745127375,0.015203480875,0.016454647750000002,0.0176889185,0.01896195675,0.019436291,0.0220236025,0.0230848755,0.024760314,0.025715750500000002,0.02669452675,0.02688006475,0.03008443325,-0.02614707975,-0.02251370025,-0.019267845500000002,0.018373642250000002,0.02204025075,0.026105088
2016-12-06,0.0008016182,IV_COMBINED,-0.02157569675,-0.02032843475,-0.01897795025,-0.01839240625,-0.01779363675,-0.01731657525,-0.0159420245,-0.01530681575,-0.01466240175,-0.013968898,-0.01231187675,-0.011523249499999999,0.01126393,0.0123193655,0.013342143,0.01373138125,0.01420061875,0.01637985225,0.01716867625,0.01786025375,0.01868037375,0.019489826749999998,0.02009252725,0.02246497,-0.01908135,-0.016441153,-0.014085483,0.013658946625,0.01619407125,0.01925336025
2016-12-07,0.0031907745,IV_COMBINED,-0.0203306725,-0.019234698,-0.018031334,-0.01754799425,-0.01692993375,-0.016393572500000002,-0.0151564445,-0.014592161499999999,-0.0138540575,-0.01322072225,-0.011772112125,-0.01100060525,0.010645510875,0.01162456475,0.012644292,0.012970023,0.013424763000000001,0.015494298625,0.016308633,0.01695223925,0.01766644425,0.01843180875,0.0189108285,0.02122032675,-0.018087374,-0.01560551425,-0.013395834249999999,0.012929552,0.0153259055,0.018211694
2016-12-08,-0.014180256,IV_COMBINED,-0.034164813,-0.03175938475,-0.030098476,-0.029264067499999998,-0.0291225675,-0.02792843025,-0.02550893125,-0.024723223500000002,-0.02313103875,-0.02204344875,-0.0189950555,-0.01826512675,0.01758341475,0.018648501,0.0201389165,0.0223429895,0.022767207999999997,0.025761852,0.026743962,0.02956058875,0.03001403125,0.03062846325,0.0309392565,0.03446913025,-0.03044785325,-0.026278019,-0.02239105625,0.0211763995,0.025648894749999998,0.03034539325
2016-12-09,-0.00754585,IV_COMBINED,-0.021572262,-0.02015794675,-0.01909117475,-0.0183710905,-0.017856933,-0.0171949765,-0.01577898925,-0.01512700825,-0.014507216,-0.014006962999999999,-0.01235579575,-0.01144710425,0.0111094115,0.012257546,0.013300770875,0.01398085425,0.01436246225,0.01644992675,0.017278808,0.0182967325,0.01899168175,0.019376319500000003,0.020320582,0.022317583000000002,-0.01903064225,-0.016339872249999998,-0.01402636975,0.01366179975,0.0162896745,0.019441077
2016-12-12,0.0068979897,IV_COMBINED,-0.0177587335,-0.01583275625,-0.015555145250000001,-0.014636345,-0.0140839315,-0.01348685225,-0.012543607625,-0.0117728095,-0.010767901,-0.01063180775,-0.010047218125,-0.009550369125,0.00937589475,0.00994414525,0.01044557825,0.01109808225,0.011893704,0.012918306124999999,0.0138348575,0.01454726225,0.015647321999999998,0.016151969750000002,0.01623371,0.01814077725,-0.015159723625,-0.012825263,-0.011097811125,0.011098836,0.013179383999999999,0.015680786250000002
2016-12-13,0.0029273434,IV_COMBINED,-0.018596939,-0.01663526075,-0.016277888249999997,-0.01534569175,-0.014778893750000001,-0.014153889624999999,-0.01323746525,-0.012396154999999999,-0.011349917125000001,-0.011173072124999999,-0.010518364375,-0.01002963,0.0096984775,0.01028987325,0.01082208975,0.011569139249999999,0.01241886425,0.0135151815,0.01447155675,0.01520296025,0.016285638749999998,0.0168865615,0.01692688275,0.01895993025,-0.015902134999999998,-0.01348306325,-0.01165422175,0.011540172125000001,0.01377226075,0.016369394250000002
2016-12-14,0.001007526,IV_COMBINED,-0.018402100249999997,-0.016488195249999997,-0.016194598125,-0.015229393124999999,-0.014675252625,-0.0140326675,-0.0131394935,-0.012281912625,-0.0112479065,-0.0110784035,-0.01037359675,-0.009969270499999999,0.009572532,0.010192353250000001,0.010757696,0.011458883,0.0123114535,0.013416221875,0.014343756624999999,0.015091884500000001,0.01612614075,0.0167291655,0.01678763725,0.01877049675,-0.015765522875,-0.013379315749999999,-0.011547170125,0.011435557875,0.013651896,0.01622398375
2016-12-15,-0.022297885,IV_COMBINED,-0.024258415499999998,-0.02175074725,-0.02098875775,-0.01996998725,-0.019418885,-0.018793572,-0.017181121,-0.01615967875,-0.01479691975,-0.014600419875,-0.013442872,-0.0130855475,0.01228913725,0.01332177225,0.0138338455,0.014951085625,0.016240749875000002,0.017635961,0.0187345165,0.01963019275,0.02085010325,0.02172001025,0.02193805325,0.024518999,-0.02083832225,-0.01758400925,-0.01521641775,0.014884004375,0.0178564645,0.02113437225
2016-12-16,-0.0005282037,IV_COMBINED,-0.025863949,-0.02323335775,-0.022450949499999998,-0.0214003205,-0.02084325125,-0.020081684500000002,-0.018418491500000002,-0.017581374,-0.01596792925,-0.015715926249999998,-0.014626129750000001,-0.013873640999999999,0.0134685325,0.01455035425,0.014898574500000001,0.01595641675,0.01736108225,0.018913256,0.020114418250000002,0.02094542625,0.022412381000000002,0.02326910075,0.02348992275,0.026427858499999998,-0.022284512,-0.018900086,-0.016375751125,0.0160785925,0.019122855,0.02267800125
2016-12-19,0.0024034726,IV_COMBINED,-0.017557064,-0.015602630749999999,-0.01536861375,-0.01459643625,-0.013952347,-0.0133462675,-0.012357364625,-0.011711060625,-0.01069105625,-0.01054211175,-0.00996587675,-0.009454201375,0.009292716999999999,0.009902392875,0.010344364750000001,0.01098565375,0.011804218875,0.01277759225,0.01367699725,0.014470083125,0.015480656875,0.01596353975,0.0160749855,0.01789498825,-0.015010949499999999,-0.012694872875,-0.011003903625,0.0110041385,0.013041600125,0.015519541750000001
2016-12-20,-0.0055689304,IV_COMBINED,-0.0205272575,-0.018447698999999998,-0.0179577855,-0.01697118975,-0.0163631755,-0.015683399,-0.01456068525,-0.013689987125,-0.01257358225,-0.01234792375,-0.011579375,-0.011062294625,0.01065318375,0.0113776215,0.011846434125,0.012756858499999999,0.0137324255,0.014918084000000002,0.01596041725,0.0167918585,0.01782080775,0.018540361999999998,0.0186078515,0.020848804999999998,-0.017598544,-0.014893087999999999,-0.01287259575,0.01271401625,0.01518162975,0.01800594875
2016-12-21,0.0053916257,IV_COMBINED,-0.0198665625,-0.0178123315,-0.01746792025,-0.01651952475,-0.0158496085,-0.015167944,-0.0141180925,-0.0133166225,-0.012168501875,-0.011959652375,-0.011217118,-0.0107170375,0.010305738,0.011053440250000001,0.011523519749999999,0.01235713675,0.013279048,0.0144634285,0.0154603075,0.01630396725,0.017323388500000002,0.0179642985,0.018037808000000002,0.0202418725,-0.017043195,-0.01444781625,-0.0124756745,0.01232441025,0.014704844,0.01747346875
2016-12-22,0.002412477,IV_COMBINED,-0.0182492935,-0.01634000875,-0.01611116175,-0.015208886,-0.014566942749999999,-0.0138938985,-0.01295154225,-0.012236429,-0.011179855499999999,-0.010988768,-0.010300271,-0.009884563249999999,0.00947741975,0.0101587815,0.01064702275,0.011363661375,0.012213598375,0.01329759425,0.01421650275,0.01501551625,0.01597450375,0.01653612825,0.01659166925,0.0185942095,-0.015651806,-0.013274577249999999,-0.011460786375,0.011342664875,0.013525496750000001,0.0160784805
2016-12-23,0.00041824055,IV_COMBINED,-0.01861204375,-0.01665479425,-0.01640514625,-0.01543986125,-0.0148419565,-0.014184371125,-0.0132248935,-0.0124597505,-0.011375941,-0.0111811505,-0.010437783499999999,-0.01005626675,0.00959955225,0.010246183,0.01079783775,0.011528906625,0.012406655375,0.0135305625,0.01446460725,0.015249677,0.01621478975,0.016789976749999998,0.016841118000000002,0.01887364,-0.015946605,-0.01353002025,-0.011663864999999999,0.01150296675,0.01374414175,0.01632876675
2016-12-27,-0.0004469263,IV_COMBINED,-0.015882927999999998,-0.01410279025,-0.01394157775,-0.01313308275,-0.012621542749999999,-0.0119697705,-0.011291899250000001,-0.01062274225,-0.0096950015,-0.00954158075,-0.008940692375,-0.0085782349,0.00828037575,0.00871854125,0.009324522,0.00986719125,0.01052962025,0.011545841500000001,0.01235705425,0.0130101895,0.01400002425,0.01444286725,0.014457908375,0.016089594999999998,-0.01354202275,-0.01150419825,-0.009930603999999999,0.00984202325,0.011748514625,0.01398295475
2016-12-28,-0.0061986516,IV_COMBINED,-0.01902361825,-0.01703274225,-0.016657797250000002,-0.0157070765,-0.01516915775,-0.014557049375,-0.01355800125,-0.012750642125,-0.011605366,-0.011434478750000001,-0.010595893625,-0.010282840625,0.00973351875,0.01031345925,0.01095763125,0.01175519925,0.012595326,0.013810970625,0.014736042500000001,0.01549055725,0.01648392925,0.017147042,0.01717282375,0.01919788875,-0.016297929,-0.013825771625,-0.01192418125,0.0116671955,0.014008916,0.01661624825
2016-12-29,0.009108451,IV_COMBINED,-0.02042545225,-0.01826105225,-0.0178463775,-0.01688165175,-0.016283662,-0.01569242,-0.0145160545,-0.01370333275,-0.012415457125000001,-0.0122735825,-0.011329081250000001,-0.01101969875,0.010394401875,0.011074286374999999,0.011723053875,0.012599841875,0.013520810250000001,0.014798259250000001,0.015781627,0.016599936000000003,0.01765715625,0.0183714465,0.01842155,0.02057945275,-0.0175088475,-0.01483472875,-0.0128036235,0.012498835875,0.015014397625,0.01780794475
2016-12-30,0.0055881273,IV_COMBINED,-0.02023436,-0.0180868145,-0.01771023625,-0.016760991500000003,-0.01615771275,-0.015537553625,-0.014393887625,-0.013598325,-0.012294835,-0.012138161375000001,-0.011244515,-0.010910319750000001,0.0103113445,0.010999369,0.0116404535,0.012467841875,0.01341103475,0.014668942875,0.01563964025,0.016457724,0.017525943750000002,0.01820242025,0.018269566,0.02042015425,-0.01735548675,-0.01470696825,-0.012685775375,0.01240036875,0.014877976000000001,0.01766260525
2017-01-02,-0.007231756,IV_COMBINED,-0.017231566625,-0.015471744249999999,-0.01513714175,-0.0143960515,-0.0140427745,-0.01329897075,-0.01255248125,-0.01209715775,-0.01062293,-0.010418409,-0.009980044,-0.009273845,0.009132992,0.0095980135,0.0101738145,0.0106281385,0.0113756345,0.012689985125,0.013527937,0.01393529025,0.015165940499999999,0.015689607,0.01571439825,0.017598871500000002,-0.0148882215,-0.01274173625,-0.011013685,0.01076167825,0.01278226025,0.01518848725
2017-01-03,-0.008275764,IV_COMBINED,-0.01891826125,-0.016907401000000002,-0.0165732375,-0.015668323499999998,-0.01511496725,-0.01449996625,-0.01343600825,-0.01273175975,-0.01163682975,-0.0114337035,-0.01072514075,-0.01019976475,0.00985563625,0.010382612875,0.010918891375,0.011743516625,0.01261527325,0.013774682,0.01464326375,0.0154113745,0.016435781,0.017154914,0.017154914,0.01906682925,-0.0162217835,-0.01377556025,-0.011918067000000001,0.01168313575,0.01398633025,0.01654243225
2017-01-04,0.0088008735,IV_COMBINED,-0.0228383325,-0.02052239175,-0.019864865,-0.01882513775,-0.01835678775,-0.01741700675,-0.01620026675,-0.0153500515,-0.014087486,-0.013719249749999999,-0.01265458275,-0.0122032655,0.01188467575,0.012614957,0.013262229125,0.014296738125,0.0153245075,0.016609192000000002,0.01773928975,0.018525985,0.01969228775,0.020556183,0.02059903,0.023118453,-0.01959193125,-0.01658393525,-0.01426883075,0.01416513175,0.016905181875,0.0199350095
2017-01-05,0.012025619,IV_COMBINED,-0.02011017,-0.0179097365,-0.01753526775,-0.01658469475,-0.016004043500000002,-0.0152035695,-0.01427657175,-0.013508964125,-0.012312745,-0.012057076125,-0.011296945000000001,-0.010722142,0.010499244500000001,0.01117356575,0.011752964,0.01259722175,0.0134869125,0.0145730945,0.015596276874999999,0.016367789,0.0175274215,0.01815687975,0.018219297000000002,0.02043052225,-0.017162443,-0.0145674235,-0.01255773925,0.012501792999999999,0.01488207725,0.01762826075
2017-01-06,-0.0029940566,IV_COMBINED,-0.026039349,-0.0234072715,-0.02241546275,-0.02140270925,-0.020942039,-0.0200267055,-0.018465193499999998,-0.0175131075,-0.01605137525,-0.01564939775,-0.014560042,-0.01391124925,0.013440129,0.014443187625,0.014934536,0.01619314925,0.017472141,0.01902720325,0.020178687,0.02106633925,0.02243056625,0.0233412065,0.02353960775,0.02649862125,-0.0223636145,-0.0188943685,-0.01633209975,0.01609373675,0.019242477,0.022742764
2017-01-09,-0.0015643437,IV_COMBINED,-0.016279554,-0.014392221875,-0.014186404875,-0.01352164575,-0.012925045,-0.01223777725,-0.0114534085,-0.0109596605,-0.009904582,-0.00975195475,-0.0092359685,-0.0087036905,0.00862905775,0.009138546125,0.00966791025,0.01020166775,0.0109365275,0.011813115,0.01265390875,0.01336363025,0.014432249500000001,0.01478888675,0.01488620325,0.0165726845,-0.013871248499999999,-0.01174836675,-0.010177810125,0.01020518975,0.012078821,0.014381735
2017-01-10,0.0036101507,IV_COMBINED,-0.018368140749999998,-0.01647788975,-0.016136219,-0.015188098875,-0.01464960525,-0.01393446875,-0.0130226765,-0.0123003385,-0.011259746125,-0.011052918125,-0.010362388125,-0.009895095625,0.00958969425,0.01015470425,0.010703842125,0.0114532905,0.01231688475,0.0133521895,0.01427918175,0.01502219825,0.016033514999999998,0.01662620025,0.016651410749999998,0.01863824075,-0.0157236415,-0.01333068925,-0.011509041375000001,0.011408861125,0.01360554925,0.0161249095
2017-01-11,-0.011296927,IV_COMBINED,-0.0172679225,-0.0160320735,-0.015456513,-0.015087523,-0.0146812665,-0.014107685875,-0.013183384,-0.012417789125,-0.0112675515,-0.01080404175,-0.010097585249999999,-0.009781920125,0.00897999925,0.009485694499999999,0.01043989725,0.011233047375,0.012061934875,0.013551777125000001,0.014768300250000001,0.015627071125,0.01650804875,0.016672985,0.01716441975,0.0182653545,-0.015435294,-0.01328658475,-0.01144180475,0.01114716475,0.013657609000000001,0.0164666385
2017-01-12,0.016874423,IV_COMBINED,-0.01867260425,-0.0173411105,-0.016714826250000002,-0.01633938375,-0.0158940205,-0.015188787,-0.014280635375,-0.013369581375,-0.012160814625,-0.011622338624999999,-0.010915021,-0.0105415405,0.0096560125,0.010154485375,0.011206060375,0.01206048375,0.012969466625,0.014597384750000001,0.01593199825,0.016895976,0.017800327,0.01796892375,0.018512092,0.019624034250000002,-0.016687182000000002,-0.014342929,-0.012327454,0.0119836045,0.014705651,0.0177528855
2017-01-13,-0.0027519127,IV_COMBINED,-0.0203324725,-0.01891353925,-0.018302119999999998,-0.0177905645,-0.017219537,-0.0166501565,-0.015373423625,-0.0145110205,-0.0132457835,-0.01269363525,-0.011786725875000001,-0.0114978905,0.01044896725,0.01101818025,0.012261378375,0.0130124995,0.014062628,0.01596954,0.01730213,0.01829005675,0.019224658749999998,0.019593913,0.02008093825,0.021562387,-0.01818125325,-0.01561650125,-0.01342788575,0.0130186565,0.01598814175,0.01929203425
2017-01-16,-0.0016250899,IV_COMBINED,-0.013625994124999999,-0.01244031775,-0.012101526,-0.0118108375,-0.011532483500000001,-0.0113051865,-0.010207651625,-0.009814109750000001,-0.008939797,-0.008594384,-0.007937978325000001,-0.007707433075,0.007205756,0.0077197896,0.008353330175,0.009066970125,0.0095931865,0.0107598395,0.011738353125,0.012298759499999999,0.013152889125000001,0.013181499374999999,0.01354753775,0.014575638,-0.01214296325,-0.010473654375,-0.00907181825,0.008922083,0.010867969625,0.013062635250000001
2017-01-17,0.008297888,IV_COMBINED,-0.01698236075,-0.01566686725,-0.01506568675,-0.0148115675,-0.01445119525,-0.0137545935,-0.012913561375,-0.012146519,-0.011115315,-0.01055918775,-0.0098219795,-0.00961493475,0.008761079750000001,0.0092203205,0.01022729425,0.01104021925,0.011677082,0.01331667825,0.014563175375000001,0.015305944750000001,0.016188903249999997,0.0163338115,0.01677008075,0.0177575695,-0.015133317125,-0.012999134374999999,-0.011179442625000001,0.0108897905,0.013386193250000001,0.016117134749999998
2017-01-18,8.6488915e-05,IV_COMBINED,-0.017371775,-0.016119815750000002,-0.01552468875,-0.0151816045,-0.01475944675,-0.01418657225,-0.01323546775,-0.012490529125,-0.0113777195,-0.010847368875,-0.010122981375,-0.009844026875,0.00901286875,0.0095005395,0.010498269875,0.01131131525,0.012044071,0.01364339575,0.014884086999999999,0.01569616975,0.0165382325,0.01672090425,0.017206445,0.018273408999999997,-0.015523842999999999,-0.013362994999999999,-0.0114982955,0.011187967375,0.01372075475,0.0165196685
2017-01-19,-0.008023802,IV_COMBINED,-0.020032864,-0.0186245155,-0.017974228,-0.01757074925,-0.017031099,-0.016203363499999998,-0.01535737925,-0.01427876375,-0.013054411,-0.012442225,-0.011719888,-0.01129635325,0.01031578075,0.01080459125,0.0120129335,0.0128886535,0.013869187625,0.015577339374999999,0.0170675195,0.018117393000000002,0.0189697115,0.019168087,0.019810173,0.020948501,-0.01789251825,-0.015373628625,-0.013188118625,0.012814002625,0.015714157,0.018982659
2017-01-20,0.0064845844,IV_COMBINED,-0.01741077125,-0.016156624,-0.0155925895,-0.01519050175,-0.01475462725,-0.014311805,-0.01325784,-0.012526125875,-0.01132672925,-0.010886678,-0.01019128375,-0.00984595075,0.0090708745,0.009592302,0.01047917225,0.01135487175,0.012165810249999999,0.013645812875,0.014885655,0.015766245499999998,0.01659798675,0.01667000625,0.017241902,0.01837024275,-0.01556486525,-0.013403018,-0.011552368875,0.011238762499999999,0.01374443125,0.01657240675
2017-01-23,0.0064218715,IV_COMBINED,-0.013489153875,-0.012155046249999999,-0.0120115815,-0.0115786925,-0.01122901475,-0.01082400775,-0.009960556875,-0.009325034375,-0.008577691125,-0.00835138625,-0.0076987884999999995,-0.007396947525,0.0068244216,0.00750545565,0.00790411175,0.008726014,0.00915818725,0.00976368575,0.01097691275,0.0115077125,0.01226118525,0.012276872250000001,0.012526704125,0.013538913750000001,-0.0118551835,-0.01013977475,-0.00871923275,0.00847381735,0.010180334499999999,0.0121622855
2017-01-24,0.00045347732,IV_COMBINED,-0.01439719875,-0.01303024325,-0.012833151000000001,-0.0123615085,-0.011990078875,-0.011426882,-0.01064122325,-0.009892426,-0.00916270275,-0.008836447625,-0.00820463235,-0.00782410735,0.0071879438,0.007867341449999999,0.008402607999999999,0.009156051,0.00967052325,0.01034849875,0.011640865875,0.012199475,0.012914816374999999,0.01297345575,0.0133575185,0.014272726749999999,-0.0126411825,-0.01079127725,-0.00923689925,0.008953856375,0.01075787825,0.0128770805
2017-01-25,-0.0010421417,IV_COMBINED,-0.013592231125,-0.012259619375,-0.012071894125,-0.011615506875,-0.01128533725,-0.01079053025,-0.01002371675,-0.009335339125000001,-0.00863599275,-0.00834093825,-0.00773579045,-0.007360466075,0.0067703592,0.0074323925249999995,0.007914269500000001,0.008667273999999999,0.00912993875,0.0097601715,0.010975586624999999,0.011486070125000001,0.012140935,0.012199565625,0.012584591875,0.013435424375,-0.011908644999999999,-0.010171494875,-0.008712612875000001,0.008444509,0.01014650775,0.01212452175
2017-01-26,-0.0065474785,IV_COMBINED,-0.0146768215,-0.013447209,-0.012978116250000001,-0.01271910775,-0.01242171775,-0.01188492375,-0.011057338875,-0.010410632999999999,-0.009655875875,-0.0091333145,-0.008481879,-0.008186362075,0.007503680875,0.00795453925,0.00874832385,0.009544167249999999,0.010148206,0.011475035625,0.0125209465,0.01312352375,0.01381831675,0.0138842685,0.01448034475,0.01525756,-0.013029955624999999,-0.011197377500000001,-0.009619422374999999,0.009375138750000001,0.011514525000000001,0.013840138
2017-01-27,0.0032090442,IV_COMBINED,-0.0156738815,-0.01439436475,-0.0138863885,-0.0136192125,-0.013290524750000001,-0.012715905999999999,-0.01182272675,-0.01112259575,-0.01031923425,-0.009741639,-0.00906051725,-0.008744380749999999,0.007986487,0.0084399525,0.009304238624999999,0.01015494875,0.010778901625,0.01228901,0.013389288,0.01403784225,0.01473754325,0.014875665,0.01543196225,0.0162809165,-0.013938777999999999,-0.011973370375,-0.010277008,0.0099797735,0.012297562875,0.01477551025
2017-01-30,-0.0016313026,IV_COMBINED,-0.012224078499999999,-0.0108840805,-0.010690090749999999,-0.010337808,-0.010102250375,-0.00969661325,-0.00892556975,-0.008390567074999999,-0.007726904875,-0.00744124075,-0.00687134415,-0.00660161635,0.0060652206,0.00666918955,0.007052920175,0.007862044875,0.0081216585,0.00879290375,0.009891294,0.010334086749999999,0.010906899875,0.010918418124999999,0.01122149375,0.01199622875,-0.0106489655,-0.00908594875,-0.007800276175,0.007560056799999999,0.0091172635,0.010870000250000001
2017-01-31,0.0113034975,IV_COMBINED,-0.015534795,-0.0141074305,-0.0137857605,-0.013319966374999999,-0.012912620125,-0.01225297175,-0.01143553275,-0.010634806875,-0.0098749835,-0.009406537,-0.00880792475,-0.008364650725,0.007662384275,0.00833622425,0.00896416225,0.00973460725,0.01024406025,0.0111054185,0.01251063025,0.013056627000000001,0.01371565625,0.0139236935,0.014331259249999999,0.015155684,-0.013625557125,-0.0115968115,-0.00989337825,0.00954349225,0.01150368125,0.01375397075
2017-02-01,-0.0047663073,IV_COMBINED,-0.014895608,-0.01355192975,-0.01330863675,-0.0127915515,-0.012399103875,-0.011875219749999999,-0.010989437,-0.010262027,-0.009495318249999999,-0.0090995855,-0.00847900625,-0.0080753474,0.007423824025,0.00811695,0.008628427,0.009438090625,0.009932997375,0.01069957175,0.012045988625,0.012586607750000001,0.013268361125,0.013361147625,0.013777193625,0.014694481875,-0.01310268275,-0.01118612775,-0.00955823725,0.009229637249999999,0.011095559,0.01327452575
2017-02-03,0.002807824,IV_COMBINED,-0.01419083075,-0.0128464025,-0.01262259225,-0.012146344,-0.01178999225,-0.01127228425,-0.01047588775,-0.009744298625,-0.00902344675,-0.008683250875,-0.008070148,-0.007684012675,0.00706413,0.00773161305,0.0082335169,0.00901839275,0.00948852375,0.01016609425,0.01148656275,0.01198812175,0.0126457915,0.01269052375,0.01312314725,0.01398564125,-0.01244917075,-0.01062770175,-0.009090799,0.008800869749999999,0.010570019375,0.012645852875
2017-02-06,-0.0045521767,IV_COMBINED,-0.01197607125,-0.010668929,-0.0104751275,-0.010114248624999999,-0.00988385025,-0.00950598075,-0.00874830675,-0.008221845125,-0.007596930825000001,-0.0073313877,-0.006734825375,-0.00647559895,0.005925631625,0.0065283416250000005,0.00692724665,0.007697102625,0.007988299,0.008604934,0.009707716,0.010114193,0.01069648,0.01069648,0.011026487750000001,0.011807860125,-0.01042981575,-0.008909637375,-0.007653927575,0.0074154469,0.008938906375,0.010670547124999999
2017-02-07,-0.005003371,IV_COMBINED,-0.013587692625,-0.012235942375,-0.011993351499999999,-0.011568148,-0.011260717,-0.010693751250000001,-0.00998556225,-0.009283890125,-0.00863767625,-0.008263025,-0.007675552925,-0.0073053849,0.0066815372,0.007306630850000001,0.007839287625,0.008573592250000001,0.009001844875,0.009672202000000001,0.010962658875,0.011397020625,0.012000592000000001,0.012094909875,0.0125221815,0.013260659125,-0.01186925,-0.0101188465,-0.00864432075,0.008358391625,0.010061042,0.012028622624999999
2017-02-08,0.0019819387,IV_COMBINED,-0.0138187425,-0.012497983125,-0.012255524625,-0.011795402,-0.0114690225,-0.010926435375,-0.01018002775,-0.00946801875,-0.0087900185,-0.008424885,-0.007846142875,-0.0074397735,0.00682348485,0.007468205425,0.007977062,0.0087284495,0.009196969499999999,0.00984066875,0.01114159025,0.011608170875,0.01221634525,0.01230994325,0.012758941,0.013529497,-0.012101517,-0.01032400475,-0.00882105125,0.0085214625,0.010243524,0.012250908750000001
2017-02-09,-0.004005321,IV_COMBINED,-0.013200669750000001,-0.0118741255,-0.01164519675,-0.01123478825,-0.0109426995,-0.01044032475,-0.009699854,-0.00904184825,-0.008383242249999999,-0.00804961115,-0.007464608825,-0.00710733725,0.0065159837,0.007147023675,0.007606734125,0.0083697725,0.008781008125,0.009402417,0.01065208575,0.01108030375,0.01168855775,0.01174165925,0.01216255775,0.0129303135,-0.0115385215,-0.00984209325,-0.00842074625,0.00814056675,0.00978938825,0.0117027635
2017-02-10,-0.0037178474,IV_COMBINED,-0.0134005945,-0.012075540499999999,-0.01183582975,-0.01142022825,-0.011121973,-0.010586806,-0.0098525235,-0.009168848625,-0.008511153375,-0.008155920625,-0.007580703375,-0.0072063773000000005,0.00661188275,0.00724103675,0.00770318655,0.0084711205,0.00890186225,0.009523664250000001,0.010812505125,0.0112443995,0.01186294825,0.011921155749999999,0.01234885275,0.01310397625,-0.011721028125,-0.0099910325,-0.00853973175,0.0082540952,0.00992606125,0.01187453625
2017-02-13,-0.0019195197,IV_COMBINED,-0.0122066395,-0.011323922,-0.01116052825,-0.010772166,-0.010703270625,-0.010345986,-0.0094706609,-0.0089564232,-0.0085520921,-0.0075921975,-0.00728709725,-0.007014416075,0.006901837075,0.0076532264,0.0082981972,0.009275884825,0.009540275075,0.0097315135,0.0106767065,0.011292979375,0.011441896875,0.0118502625,0.01222690975,0.0130407115,-0.011070397000000001,-0.009697138000000001,-0.008239224,0.008614048749999999,0.01021492825,0.011735841
2017-02-14,-0.0037791333,IV_COMBINED,-0.014258663,-0.01342057675,-0.01296048725,-0.01256622275,-0.012490571249999999,-0.012075533125,-0.01101142925,-0.01036736175,-0.00994156475,-0.00889058775,-0.00839107175,-0.00813077175,0.007937778575,0.0087697125,0.009517886,0.01058220725,0.0109700215,0.01119936225,0.012297942875,0.01311462325,0.013266736,0.013697029,0.01414135325,0.015180434375,-0.01296231325,-0.011271274999999999,-0.00957106525,0.009898668499999999,0.011749312750000001,0.013600217625000001
2017-02-15,0.00090829533,IV_COMBINED,-0.0139602995,-0.013184713625,-0.013004885125,-0.012476996375,-0.012380640375,-0.012078508875,-0.010962170875,-0.010167506375,-0.009836277125,-0.009023644,-0.00855021215,-0.008350528,0.007807277325,0.0088526751,0.009543411625,0.01048436425,0.010767388,0.01102421475,0.01211366425,0.0128800805,0.013390771499999999,0.01356783675,0.01418605975,0.015452728,-0.012816232125,-0.01120986975,-0.009634080125,0.00981688325,0.011591493375,0.013604660499999999
2017-02-16,0.008925394,IV_COMBINED,-0.01400785425,-0.0127569165,-0.012339386375,-0.011870537875,-0.0117440375,-0.011330991,-0.0101972925,-0.009659695125,-0.009348375249999999,-0.008641375375,-0.0079664109,-0.007687162,0.00707133965,0.0076146582,0.0084896555,0.009199780250000001,0.00992050575,0.01014791875,0.01089722225,0.011757265624999999,0.011929000875,0.012263110125,0.012967701500000001,0.013725075375,-0.01234206775,-0.01057514775,-0.009057126875,0.008798676375,0.01048570725,0.012255253375
2017-02-17,-0.003991515,IV_COMBINED,-0.0138563775,-0.012607021749999999,-0.012230048125,-0.011702437,-0.011588619500000001,-0.01117232675,-0.0100868255,-0.0095281865,-0.009223272,-0.0085223865,-0.007852148100000001,-0.00759131645,0.006986904675,0.00749386275,0.008370489925,0.00907766125,0.009781930375000001,0.01002351225,0.01077179675,0.01162879225,0.01179981025,0.01211901275,0.012822594999999999,0.01352922075,-0.012185356750000001,-0.010448131749999999,-0.008933273125,0.008680997,0.0103547825,0.01211044275
2017-02-20,-0.000522423,IV_COMBINED,-0.01112404925,-0.010075177500000001,-0.010011326,-0.00943541175,-0.009360782,-0.00901881625,-0.00821168875,-0.00766867995,-0.007432099075,-0.0068600221,-0.00633084975,-0.00613040165,0.005612770925,0.006102179750000001,0.006802951675,0.0074063722000000005,0.008019541250000001,0.008218029075000001,0.0087209935,0.00946704425,0.009608470625,0.009922221625,0.01050438375,0.01082365225,-0.00980284675,-0.00846852155,-0.0072017544,0.007051687525,0.008457431750000001,0.009824908875
2017-02-21,-0.007888254,IV_COMBINED,-0.0127742225,-0.0116845265,-0.011435584625,-0.010754542125,-0.010723107625,-0.01033259225,-0.009371098125,-0.00877841125,-0.008530539,-0.007869708775000001,-0.007222259125,-0.007020968325,0.00636606155,0.006877391625,0.0076966511,0.00838302175,0.00904786375,0.009285371125,0.009932446625,0.01081360225,0.0109666055,0.011285552375,0.011919769125,0.0123677845,-0.011253798249999999,-0.009689645,-0.0082447879,0.0079840829,0.00958685125,0.011200041625
2017-02-22,0.0010812811,IV_COMBINED,-0.0144229685,-0.013225161,-0.012726250500000001,-0.012156324,-0.012051677375,-0.01160993775,-0.01055354775,-0.009928965125,-0.009598394,-0.008848617625,-0.008130072825000001,-0.007907092825,0.007196362875,0.00775004965,0.0086270905,0.009417852625,0.010168044,0.010415325999999999,0.01117193175,0.0121382725,0.012286682,0.0126147035,0.01329663325,0.01400981625,-0.01269321325,-0.010883419,-0.00928493725,0.008982695875,0.010757571875,0.012580667375
2017-02-23,0.004299312,IV_COMBINED,-0.014926705,-0.013656612,-0.0131119585,-0.01268536625,-0.01254357625,-0.0120520875,-0.010869196000000001,-0.010346716,-0.009965321374999999,-0.009165869,-0.008472568,-0.0082123875,0.007530290325,0.008070931625,0.0090181935,0.0097878,0.01058700625,0.01081280625,0.0116031075,0.01253790925,0.01270773475,0.013072842,0.01377492225,0.014636914125,-0.013172869,-0.011269055875,-0.0096499255,0.00936190575,0.011172712875,0.013052117875
2017-02-24,-0.0025754757,IV_COMBINED,-0.014557085249999999,-0.01329053725,-0.01280657925,-0.012375608375,-0.01220277175,-0.011748558375,-0.0106079295,-0.01006219475,-0.009713547,-0.008944011,-0.00828562235,-0.007993730075,0.007361846625,0.00787696565,0.008795978999999999,0.0095492355,0.010324625,0.01056019975,0.011341357,0.012224317125,0.012405335375,0.012732604,0.013446964249999999,0.014266053,-0.012834912,-0.0109877615,-0.0094068235,0.009140154375,0.010901603999999999,0.01273680525
2017-02-27,0.004400281,IV_COMBINED,-0.01117591825,-0.010153037375,-0.01004881225,-0.009553486125,-0.00944316025,-0.0091120595,-0.0082552414,-0.0077473878999999995,-0.0075027131500000005,-0.006916584875,-0.0063950094749999995,-0.006187069675,0.0056858841,0.0061698985500000005,0.00688321335,0.007481819575,0.0081204444,0.008307079925,0.008817105125,0.009528972,0.00968586,0.010002656,0.0106050795,0.010940237,-0.009887532125000001,-0.00853324275,-0.007271622074999999,0.00713530885,0.00854582125,0.009915450749999999
2017-02-28,0.0011723414,IV_COMBINED,-0.01411210825,-0.012977434999999999,-0.012512861625,-0.011937321375,-0.011836752374999999,-0.01141683675,-0.01033390125,-0.009726532625,-0.009439682875,-0.00869222525,-0.007987429175,-0.007748560925,0.007055629425,0.007585059275,0.008486041,0.00924901075,0.009998354125000001,0.010234861375,0.01098046975,0.01191343025,0.01209063025,0.01243344275,0.013090227375,0.013722687,-0.01245609025,-0.010685963,-0.009114316875,0.008821111,0.0105792275,0.012359489250000001
2017-03-01,-0.006661514,IV_COMBINED,-0.01649738375,-0.01512844275,-0.014376584375000001,-0.013906069125,-0.013673808875,-0.01322793425,-0.012009469125,-0.011363599,-0.010959555499999999,-0.0101336945,-0.00928427525,-0.009034837125,0.008262629625,0.008827749999999999,0.00986877675,0.010764969625,0.0115806485,0.01185586675,0.0127482725,0.01374084375,0.0139249515,0.01437990325,0.015054758125,0.016122182,-0.014486728,-0.0123874285,-0.010608868125,0.010257615125,0.0122659315,0.014318202
2017-03-02,-0.0028770582,IV_COMBINED,-0.0137543245,-0.01252809725,-0.01213717875,-0.01174528025,-0.0115181325,-0.01110645825,-0.0100620035,-0.009526566,-0.00916458175,-0.008506188999999999,-0.007874002525,-0.007567336825,0.007011458375,0.007520951025,0.008376129500000001,0.00907769525,0.009804347,0.0100330915,0.010752946000000001,0.01154290325,0.0117280585,0.012059558500000001,0.0127957125,0.01352922525,-0.01213045825,-0.010399357500000001,-0.008916110500000001,0.008693166,0.0103455275,0.012069769000000001
2017-03-03,0.0035589377,IV_COMBINED,-0.013673943375,-0.01249110625,-0.01209968275,-0.01163534125,-0.0114589405,-0.0110582565,-0.010028441499999999,-0.00944522675,-0.009129798750000001,-0.00844899725,-0.0078045531,-0.00750808225,0.00690883705,0.007448798075,0.008288497924999999,0.00899562225,0.00974435425,0.009975478749999999,0.010688798999999999,0.011513778875,0.011701620624999999,0.012037182375,0.012724487,0.0133798965,-0.012063517499999999,-0.01035228125,-0.00885302275,0.0086158575,0.01028828725,0.012001716249999999
2017-03-06,0.0033316745,IV_COMBINED,-0.011680916999999999,-0.01065499175,-0.01050964,-0.009983909249999999,-0.0098661805,-0.00952207525,-0.00864880825,-0.008110837499999999,-0.0078389874,-0.0072373441,-0.006695341325,-0.006438285325,0.005919713375,0.00642881365,0.0071503168,0.0077841176750000005,0.008451051125000001,0.008648411625,0.00918437725,0.00991876925,0.010105458250000001,0.010431495124999999,0.011025452750000001,0.01140381225,-0.010341614625,-0.008926070000000001,-0.00760077675,0.00742685465,0.008899890125,0.01032757325
2017-03-07,-0.0017046196,IV_COMBINED,-0.01247104825,-0.01144685575,-0.01119498425,-0.010602302875,-0.010526279375,-0.010159362,-0.009210573,-0.00863914925,-0.008378936,-0.00773090885,-0.007122110375,-0.006874795225,0.006278916175,0.0067814916999999995,0.007580553525,0.00825753995,0.00894156275,0.009153492499999999,0.00976859425,0.010580457,0.0107802125,0.0111099425,0.01171571925,0.012139917,-0.011041169375,-0.009516601,-0.008105264875,0.00787022345,0.0094462265,0.01099698
2017-03-08,-0.0021999918,IV_COMBINED,-0.012740940249999999,-0.01167452925,-0.011385033250000001,-0.01082905025,-0.01072481225,-0.0103728635,-0.009413811000000001,-0.008825641,-0.008555026875,-0.0078938115,-0.0072778832,-0.00701794055,0.006403257875,0.006917762725,0.00771294035,0.008417333975,0.00910930075,0.009334924750000001,0.009964343,0.010791665625,0.010983345375,0.011297253875,0.011924001625,0.01238174725,-0.011268439,-0.00971047475,-0.008277627650000001,0.0080215206,0.00962463125,0.011209021125
2017-03-09,0.002318134,IV_COMBINED,-0.01720191325,-0.015775564625000002,-0.014947533875,-0.01441100475,-0.014207429375,-0.01380177125,-0.012556672,-0.011847228750000001,-0.01143517675,-0.01056096975,-0.009662768,-0.009407368000000001,0.00851045975,0.009150654125,0.01022628375,0.0111687125,0.0120451305,0.012364429,0.01327312825,0.014303113499999999,0.0144953435,0.015000237999999999,0.015658891124999998,0.01672872725,-0.015079536250000001,-0.012917676,-0.011056020625,0.0106411315,0.01277032725,0.01489184075
2017-03-10,0.0071780584,IV_COMBINED,-0.018240243,-0.01663196375,-0.015685244,-0.01531447725,-0.01497845525,-0.01457822025,-0.013311215500000001,-0.012565724875,-0.012087699375,-0.01118878875,-0.01030335625,-0.00996282725,0.009150308125,0.00981407925,0.010887949000000001,0.01188043425,0.0128162075,0.01310703425,0.014103796,0.01507765975,0.015330941124999999,0.015815224125,0.01648526375,0.0178827145,-0.015948671499999997,-0.013645619875,-0.01171978325,0.01135446825,0.013544539250000001,0.01577607475
2017-03-13,0.0011230095,IV_COMBINED,-0.01282096125,-0.011600577625,-0.011351970999999999,-0.01104738375,-0.010765242250000001,-0.01038736975,-0.0094436285,-0.0089317375,-0.008559448,-0.007941554625,-0.00740370735,-0.00705704685,0.006587617125,0.007109369375,0.00785280625,0.00852212925,0.009239096,0.0094509875,0.010092160375,0.010775956375,0.0109865155,0.0112985355,0.01198818275,0.012653577999999999,-0.011324307124999999,-0.009734830875,-0.008344282825,0.008176209925,0.009720581499999999,0.011299278625
2017-03-14,-0.0023130402,IV_COMBINED,-0.013914247250000001,-0.01274340875,-0.01264678075,-0.012256919,-0.011831650249999999,-0.011364101250000001,-0.010444628125000001,-0.00986095425,-0.009172467625,-0.00895681375,-0.00837866525,-0.007518845025,0.007177592975,0.00784007275,0.0085220505,0.00884479775,0.00946481075,0.0101438265,0.010912500375,0.0114489485,0.011993454375,0.01253724575,0.013053500249999999,0.01440995625,-0.0124220655,-0.010697786375,-0.00921587575,0.008783405000000001,0.01038063625,0.01236367175
2017-03-15,-0.0012878604,IV_COMBINED,-0.013750115,-0.012611213625,-0.012511805375,-0.012126502875,-0.01170254675,-0.01123818875,-0.0103299225,-0.0097492335,-0.009061814250000001,-0.008872021,-0.008299667325,-0.0074383176249999995,0.00709925985,0.007757054175,0.00841860275,0.008732012375,0.00937058325,0.010020354,0.0107938835,0.011326794250000001,0.011874562,0.0123936875,0.012918922625,0.0142434975,-0.012285713,-0.010578193125,-0.009119485875,0.008687877,0.010262104374999999,0.01223153225
2017-03-16,0.009912192,IV_COMBINED,-0.016451767625000002,-0.01510432025,-0.014910182375,-0.014339464875,-0.01408697025,-0.01328530075,-0.01231169625,-0.011585564,-0.01072799525,-0.01056599225,-0.009799650375,-0.0088944553,0.008456862524999999,0.009111253,0.00990348825,0.010268062250000001,0.01123127275,0.0118112115,0.012851428625,0.013580717249999999,0.013986442375,0.014612024000000001,0.01522469175,0.0168781995,-0.014653564875,-0.012564148,-0.010826192875,0.010310861000000001,0.01215479925,0.014504296
2017-03-17,0.00045161336,IV_COMBINED,-0.013572325,-0.01230089925,-0.01220876275,-0.01182183525,-0.011466926,-0.0110524935,-0.010109046,-0.009534276,-0.0089961359,-0.0086337829,-0.008137003,-0.0073564309000000005,0.0070437938500000005,0.007686223825,0.0083105385,0.008692317,0.00922330725,0.00986574675,0.010571688125,0.01109761725,0.011510833625000001,0.012088448,0.01252803375,0.0139069925,-0.012042896,-0.010380142875,-0.008942797,0.008567110175,0.010088302,0.011923033125
2017-03-20,0.0010630466,IV_COMBINED,-0.012563639750000001,-0.01146001325,-0.01137012325,-0.011071112125,-0.01060936,-0.01029954125,-0.0094154775,-0.00888850925,-0.008298275,-0.008060642375,-0.007609613975,-0.006790328975,0.00648613375,0.0071045227,0.0076995152499999995,0.008032551249999999,0.00855096475,0.009171166500000001,0.009836682999999999,0.01026640425,0.010773921374999999,0.011289456,0.011753967,0.01300414725,-0.011200733000000001,-0.009654385,-0.008329727375,0.007935563675,0.00937616475,0.011127024249999999
2017-03-21,0.0051965876,IV_COMBINED,-0.015997874250000002,-0.014665216,-0.01445568425,-0.01394293075,-0.013692821875,-0.01293353425,-0.011958484,-0.011293521875,-0.01042052125,-0.01026179375,-0.0095186621,-0.0086314638,0.008187784625,0.008822334,0.009619354,0.009972222499999999,0.010896712624999999,0.0114740715,0.0124561115,0.01316722625,0.01357200275,0.0141767845,0.01480498,0.01643050125,-0.014246475875,-0.012212349,-0.01052779525,0.009996459499999999,0.01179518075,0.014086164625
2017-03-22,-0.00081445667,IV_COMBINED,-0.01452817575,-0.013255352750000001,-0.0131260895,-0.0127239765,-0.01236290025,-0.01180513875,-0.01087996975,-0.010251348875,-0.0095580665,-0.009354978,-0.0087045314,-0.00786659195,0.00749776935,0.008151199625,0.008860427625,0.009213134,0.0099216365,0.010533373,0.0113610905,0.0119587775,0.0123991025,0.0129552635,0.013465249,0.01496962525,-0.012935109,-0.011124122625,-0.009596517875,0.009158425250000001,0.0107968995,0.01283076925
2017-03-23,-0.0012507413,IV_COMBINED,-0.015536788999999999,-0.014205749,-0.014045084499999999,-0.013570932625,-0.013269063250000001,-0.012586291875,-0.011634612874999999,-0.010967049,-0.010171754,-0.01000837125,-0.0092721765,-0.00840261925,0.007986261075,0.008648656075,0.009421196,0.009783258125,0.0105992995,0.011205286875,0.012136892,0.012803659375,0.013221542,0.01381904775,0.01437271725,0.0159807585,-0.01383376525,-0.01188095775,-0.010247300875,0.009758460875,0.011508757,0.013703113749999999
2017-03-24,0.0016326004,IV_COMBINED,-0.014784792000000001,-0.013488380500000001,-0.013378281,-0.012967894625,-0.0125984695,-0.01200524125,-0.0110810755,-0.010410227499999999,-0.009692005,-0.009530269000000001,-0.008856940925,-0.00798580625,0.0076233025,0.00827388525,0.00903400625,0.00939288825,0.01012066575,0.010726985,0.011584915125,0.012174873249999999,0.01263183625,0.013207932125,0.01371224525,0.015215352,-0.013168955999999999,-0.011313366375,-0.009757696875,0.009327354749999999,0.011006677500000001,0.013063844
2017-03-27,0.007112889,IV_COMBINED,-0.01195550975,-0.010888080500000001,-0.01082122175,-0.01057038975,-0.0101080595,-0.00981537575,-0.009005863,-0.008437078375,-0.007884895575,-0.007713882175,-0.00729909935,-0.006468251575,0.006208806725,0.00679694045,0.007389817875,0.00771634705,0.008195039725,0.0087717305,0.0094375435,0.0098134895,0.01033937125,0.0108052265,0.011244490499999999,0.012415434999999999,-0.01066748325,-0.00919288675,-0.007946737575,0.007605629775,0.008985178,0.010650066
2017-03-28,-0.002809136,IV_COMBINED,-0.01419370175,-0.01299257625,-0.012856883,-0.0124192165,-0.01211023375,-0.011561423500000001,-0.010651115374999999,-0.009976313,-0.009276438000000001,-0.00911179475,-0.008526060125,-0.007643807275,0.0073101850749999996,0.00790637325,0.00863541575,0.0089665765,0.00968434025,0.01029139,0.011118325625000001,0.011658238,0.01213737175,0.012716040500000001,0.01329504075,0.01459193675,-0.0126554305,-0.010864434625,-0.00936387975,0.00893092775,0.01055533475,0.01256018225
2017-03-29,-0.008823658,IV_COMBINED,-0.014305991625,-0.01308768425,-0.0129817105,-0.012543612249999999,-0.01220734925,-0.011658167375,-0.010732516000000001,-0.010047981875,-0.00936029375,-0.009204249250000001,-0.008602268825,-0.0077103716999999995,0.007398492749999999,0.00800204125,0.008737990000000001,0.009075199,0.009788324,0.01040258225,0.011224778,0.01177605225,0.012257187624999999,0.0128281175,0.0133901315,0.014722069,-0.01276056075,-0.01095613425,-0.009444607875,0.0090303255,0.010663799875,0.01267404325
2017-03-30,-0.0027697948,IV_COMBINED,-0.015286495,-0.013942735125,-0.013831203625,-0.01330767675,-0.013037346625000001,-0.01241505725,-0.011411063875,-0.01069841875,-0.00997321275,-0.00976589875,-0.009126198299999999,-0.00821574165,0.00788917335,0.008509141500000001,0.009294720250000001,0.009673449,0.01041241475,0.01107176075,0.01195402075,0.01255194125,0.01299216075,0.0136266995,0.01419926925,0.01562797775,-0.01359786225,-0.01166579125,-0.010044263250000001,0.00961189425,0.011347669,0.013465074
2017-03-31,-0.0027073722,IV_COMBINED,-0.0141993875,-0.012941104750000001,-0.012865922750000001,-0.01244962975,-0.01208540175,-0.011572355,-0.01063045925,-0.00996432575,-0.009325518,-0.00911050525,-0.00853096145,-0.007649635675,0.007358263575,0.00797927875,0.0087120615,0.009066774375,0.00970661025,0.010354917875000001,0.0111331185,0.011669592,0.01213520825,0.012731270125,0.013252772625,0.014613724,-0.01264957575,-0.010871716,-0.00936555675,0.008977866375,0.010598538625,0.0125608835
2017-04-03,-0.0039575263,IV_COMBINED,-0.013404988999999999,-0.012231045749999999,-0.012164006,-0.0117934005,-0.0113928685,-0.0109623025,-0.01006205825,-0.009422482250000001,-0.008807588,-0.008611453500000001,-0.0080941795,-0.007220631225,0.006943795325,0.007560300675,0.00824698625,0.00858111575,0.009156697,0.00980079075,0.010536496749999999,0.0110025625,0.0115021905,0.012073077875,0.01258689475,0.01383876,-0.01195692125,-0.010283687375,-0.0088622105,0.008488855625,0.01002963575,0.011893381
2017-04-04,0.0007599355,IV_COMBINED,-0.01354148575,-0.01238022125,-0.01228422325,-0.011898674375,-0.01152761675,-0.011060590625,-0.01017349875,-0.009501814375,-0.00887615275,-0.00871067825,-0.008171305,-0.00729270045,0.0070070788250000005,0.0076091379,0.00829896825,0.00862245825,0.009264754,0.00987790825,0.010638558,0.011124673,0.01160487575,0.012182762625,0.012728031375,0.013969053375,-0.012081718,-0.010379255875,-0.008947417749999999,0.0085636995,0.010117288,0.012013037875
2017-04-05,-0.00024386698,IV_COMBINED,-0.01354183175,-0.01238042075,-0.01228159025,-0.011890826,-0.011533209499999999,-0.0110632185,-0.01017716275,-0.009489777750000001,-0.00887041,-0.0087094865,-0.00817227865,-0.007290140875,0.007013581875,0.00760592595,0.008301234175,0.0086275845,0.009274224000000001,0.00988273525,0.010641947875,0.01112627875,0.011601934,0.0121814615,0.012734336,0.01395558725,-0.01208190125,-0.010376431375,-0.0089449805,0.008567383,0.010121590875,0.012012017
2017-04-06,-0.00093380985,IV_COMBINED,-0.0138723645,-0.012679655750000001,-0.012575025125,-0.01215053825,-0.011826181125,-0.011321618,-0.01041035975,-0.009710108875,-0.009079459875000001,-0.00890381325,-0.0083517205,-0.0074685855750000005,0.007187521225,0.007772341124999999,0.00848621275,0.008822449,0.00949697,0.01011114125,0.010886531500000001,0.011401421,0.01185555525,0.0124491085,0.01301944325,0.0142706815,-0.01237007125,-0.01061931425,-0.009151168875,0.008765915124999999,0.0103532395,0.012286726250000001
2017-04-07,-0.0033246758,IV_COMBINED,-0.01563526125,-0.014218266,-0.014138998375,-0.01357682275,-0.013353234,-0.012710672,-0.011650428625,-0.010870104,-0.010131325125,-0.00994442725,-0.00933047325,-0.008326375899999999,0.00807173125,0.008638429375,0.009525749,0.009947968,0.010675708249999999,0.011369709625,0.012221116625,0.012804362,0.0132226175,0.013930862124999999,0.01453386375,0.015866579999999998,-0.0138988515,-0.01190030525,-0.010236410500000001,0.009826547,0.01162907275,0.013729707625
2017-04-10,-0.0009519412,IV_COMBINED,-0.011957799875,-0.01077859725,-0.0107276,-0.01047671025,-0.010097768625,-0.009847917500000001,-0.008959763625,-0.008327251875,-0.007837193150000001,-0.007625438125,-0.0072854014499999994,-0.0063875759,0.0062553572499999995,0.006770270075,0.007448911225,0.007831389000000001,0.0081981235,0.008839299,0.00943876675,0.009739254499999999,0.01022644125,0.010793194124999999,0.011260110625,0.012281949125,-0.010631758500000001,-0.00913994525,-0.007894716825,0.007622285824999999,0.0090201545,0.010589304375
2017-04-11,0.00082475395,IV_COMBINED,-0.013585377499999999,-0.01233113225,-0.01230096975,-0.011811087875000001,-0.01158875225,-0.011143419,-0.01017549,-0.009429033,-0.008826642625,-0.00862214325,-0.0082222835,-0.00722494945,0.00706993875,0.0075548675,0.008341540625,0.008711623625,0.009315760749999999,0.0099748175,0.0106683575,0.011111540125,0.01153316675,0.012214114125000002,0.012821188875,0.01384226525,-0.01209195375,-0.01037511125,-0.0089283655,0.00859009275,0.010176934375,0.01199530375
2017-04-12,-0.00026855947,IV_COMBINED,-0.013803444375,-0.0125219605,-0.0125031035,-0.011989072,-0.011787063375,-0.0113258295,-0.010338047,-0.009566302125,-0.0089746725,-0.008758229,-0.00836258895,-0.0073375817,0.00721412135,0.007686731,0.008490758,0.008864738625,0.009485233124999999,0.010160455375,0.0108436675,0.0113174945,0.01170828875,0.01240083625,0.0130190315,0.01404778425,-0.01228547425,-0.010541591,-0.009070106,0.00874410175,0.01035098675,0.01218725275
2017-04-13,0.0018102024,IV_COMBINED,-0.01436582525,-0.013078356749999999,-0.013073582,-0.01248616575,-0.012300805625,-0.0117897905,-0.010790100875,-0.0099751995,-0.00932969725,-0.009146538374999999,-0.00871932825,-0.0076388080750000005,0.00752920235,0.007999119325,0.008839181,0.00922005775,0.00989913775,0.01060140675,0.01131255525,0.011845995000000002,0.012212897,0.0129225165,0.0135812685,0.01464259375,-0.012804189,-0.01099167425,-0.0094539325,0.0091158395,0.010791135125,0.012719061875
2017-04-18,0.007084458,IV_COMBINED,-0.013727044875,-0.0123892885,-0.012014154875,-0.011766029625,-0.01123586875,-0.01079232225,-0.009609816,-0.00897990525,-0.0087344647,-0.00856490045,-0.0075115485,-0.0071797995,0.0070496275,0.0077612808,0.008707715875,0.009094663625,0.009599146125,0.010210019875,0.0107867555,0.011161889250000001,0.012311743,0.0124568675,0.012571643375,0.013364048,-0.01198211075,-0.01002613275,-0.008605695449999999,0.00878090525,0.010429489875,0.0120392155
2017-04-20,0.004838563,IV_COMBINED,-0.01794511025,-0.016213700625,-0.015673453625,-0.015411731,-0.01461715775,-0.014174062000000001,-0.012629727875,-0.011630718375,-0.011361071,-0.0111166725,-0.0098546965,-0.009483034375,0.009234195375,0.01021482275,0.011433178125,0.011905934375,0.012637181,0.01340495225,0.014335847,0.015067536375,0.01616828925,0.01642103575,0.0166401375,0.017728921,-0.01567235225,-0.01309380625,-0.011251836500000001,0.01157104525,0.01374099,0.0159881465
2017-04-21,-0.0059250384,IV_COMBINED,-0.02091432025,-0.01894986825,-0.018149567749999998,-0.0179284765,-0.01692886575,-0.01655559575,-0.01470500425,-0.0134599465,-0.013195882249999999,-0.012916871,-0.011568298250000001,-0.01112011225,0.010927688125,0.012025237,0.013415779999999999,0.014091573999999999,0.01488828225,0.01573524225,0.01687301525,0.0179726245,0.01893024225,0.01916290775,0.0195228895,0.020720638,-0.01825542575,-0.0152132,-0.013124165,0.01362600075,0.016150204374999998,0.018803882
2017-04-24,0.0141827585,IV_COMBINED,-0.03955718575,-0.0359035825,-0.03418654425,-0.03331476825,-0.03142803575,-0.03113131975,-0.0277887545,-0.02489718425,-0.02436336,-0.02394173075,-0.02184004675,-0.02082355775,0.020644198750000002,0.022453599249999998,0.02559232025,0.02684482775,0.02805071125,0.02988131125,0.032500622,0.03442984625,0.035588814999999996,0.03590501375,0.03747352575,0.039537880250000004,-0.034266977500000004,-0.02847343325,-0.02452676725,0.0258482905,0.0306364965,0.035906139000000004
2017-04-25,0.008608348,IV_COMBINED,-0.0159583095,-0.01430953925,-0.013786348875,-0.01335139975,-0.0126561755,-0.012387641,-0.010978395875,-0.0103065095,-0.010021809,-0.009799294125,-0.00887990725,-0.008361597375,0.008719000375,0.009388638375000001,0.0102666445,0.011053256,0.011430629375000001,0.0120212915,0.012371603,0.0136860145,0.014340406,0.014340406,0.014671659625,0.014950699875,-0.01373261275,-0.011496140875,-0.009946989625,0.010435302875,0.012243437,0.014004076875
2017-04-26,-0.0062486595,IV_COMBINED,-0.01793887175,-0.016306363249999997,-0.0155766375,-0.0152646925,-0.01442674025,-0.01429805,-0.012580875,-0.011667691875,-0.011309129375000001,-0.0109878505,-0.0099180315,-0.009421915999999999,0.00949286275,0.0103880145,0.011401231749999999,0.012205464249999999,0.012666282625,0.0133329695,0.014151233249999999,0.015125612,0.01612208225,0.01612299725,0.016351301999999998,0.017504099,-0.01564694325,-0.013086477,-0.011258708,0.01161992575,0.01369578975,0.0158508655
2017-04-27,-0.0007982177,IV_COMBINED,-0.0233385145,-0.02119750375,-0.02018921975,-0.019637236,-0.01855509125,-0.01844720425,-0.01622033825,-0.01491388975,-0.01447902525,-0.014155217500000001,-0.01282110225,-0.012221981625,0.012297025999999999,0.013326696249999999,0.014840053249999999,0.0156960635,0.0163034825,0.01726632325,0.018573913749999997,0.01970390325,0.0205964195,0.020667826,0.02142582425,0.02273934425,-0.0202351095,-0.01684993575,-0.0145118785,0.01506823475,0.017701522,0.02060788125
2017-04-28,0.002819664,IV_COMBINED,-0.017085069,-0.015356209499999999,-0.01476905175,-0.014333783749999999,-0.013628280625,-0.013371472875,-0.011824221874999999,-0.01105916725,-0.01068739575,-0.010442153,-0.009386792875,-0.00890534725,0.009096332,0.00987875075,0.01079989025,0.011522640125,0.011981454374999999,0.01260427875,0.013302748,0.01423777925,0.01511503525,0.01513101325,0.015489570250000001,0.0163123035,-0.014754963,-0.012342261375,-0.010632986,0.0110118355,0.012908426875,0.014891487750000001
2017-05-02,0.0014263343,IV_COMBINED,-0.01289221125,-0.0116628765,-0.01128432725,-0.010956591125,-0.01048312475,-0.010227157875,-0.00900445475,-0.008584591625,-0.008160345175,-0.007976557825000001,-0.00717634335,-0.0066715093,0.0068172782000000005,0.0075136832,0.00814387555,0.008791852999999999,0.009103479499999999,0.0095505145,0.009993516875,0.010635661250000001,0.0115013345,0.0115013345,0.011731514,0.012458459125,-0.01124439225,-0.0094521755,-0.00812723225,0.00831436675,0.00978813975,0.011264097625
2017-05-03,0.0008452089,IV_COMBINED,-0.015463733,-0.0140363445,-0.01348791475,-0.013282623,-0.012589245875,-0.01233901975,-0.010834513125,-0.010163444,-0.00977547575,-0.009540459500000001,-0.00856805335,-0.008042256,0.008010139900000001,0.00885911875,0.00974447175,0.01039599475,0.0107835885,0.01137138125,0.012171508000000001,0.012751926875,0.013689215,0.0137611235,0.01406326525,0.0150969155,-0.013542193,-0.011320073375,-0.0097306465,0.00991376525,0.011696719000000001,0.0135545655
2017-05-04,0.0043270728,IV_COMBINED,-0.016142649250000002,-0.01462087425,-0.01406052625,-0.01376661925,-0.01304375275,-0.012865124625,-0.01126607375,-0.01054283075,-0.010189684375,-0.009933398125,-0.008926999625000001,-0.008425909249999999,0.008359136825,0.009221885249999999,0.01019248725,0.010828347375,0.011220597125,0.011832620375,0.012709498,0.013327184,0.014188543500000001,0.014263663,0.014614423500000001,0.015633036750000003,-0.014087803999999999,-0.01178484825,-0.010138852375,0.010340720625,0.012170944999999999,0.014094537
2017-05-05,0.002615934,IV_COMBINED,-0.01896857225,-0.017121855,-0.0164151105,-0.01609771925,-0.015208515625,-0.01503185525,-0.01315725675,-0.012222376625,-0.0118966185,-0.0115686405,-0.010418812749999999,-0.009883595875,0.00982077825,0.01078167475,0.011925823125,0.01264480725,0.0131106565,0.0138285955,0.01493122075,0.015710812625,0.016548614875,0.016676217625,0.01716241125,0.01837235675,-0.01648570325,-0.013744643625,-0.01182505625,0.01211403125,0.0142382995,0.016545083250000002
2017-05-08,-0.006121388,IV_COMBINED,-0.023432336499999998,-0.021247905,-0.0202413515,-0.019753105,-0.0186194895,-0.01850168625,-0.0162663925,-0.01493747625,-0.01454514875,-0.014217509,-0.012906790750000001,-0.01225374575,0.0122470735,0.01326979425,0.014892893124999999,0.0157064135,0.01626672775,0.017318283,0.01868902725,0.019725865,0.02049865225,0.020635966749999998,0.02145233225,0.02273158975,-0.020310904,-0.01689841075,-0.014563441375,0.015073103000000001,0.0177232825,0.020619493500000002
2017-05-09,-0.0049260734,IV_COMBINED,-0.015280036,-0.013774227,-0.013276998625,-0.01292425675,-0.01223011275,-0.0120088255,-0.0105771895,-0.00996607475,-0.009606235250000001,-0.009396640500000001,-0.008444840424999999,-0.0079675165,0.008086144600000001,0.008805961250000001,0.00969481175,0.010344684125,0.010712264375,0.011299322,0.011889072,0.012712917,0.01350358975,0.01350358975,0.01381751325,0.014460956375,-0.013243491625,-0.011087065,-0.009556779750000001,0.009837650375,0.01154978675,0.01327681
2017-05-10,-0.00018163654,IV_COMBINED,-0.01474761625,-0.013334738625,-0.01284389425,-0.01255628675,-0.01191510025,-0.011693202,-0.01028335975,-0.00967846175,-0.00926651925,-0.00906716325,-0.008126079875000001,-0.00765180875,0.0076675788500000005,0.00840637625,0.009274792125,0.00988386,0.0102095655,0.010797502,0.011498841249999999,0.012051099499999999,0.0129749985,0.01298434375,0.01327864875,0.0141161435,-0.012849389,-0.010753087125,-0.009243342750000001,0.00941143075,0.01107482225,0.0127839465
2017-05-11,-0.00030586772,IV_COMBINED,-0.014187540625,-0.012796823625,-0.012366215875,-0.01208745475,-0.0114852975,-0.011237468625,-0.0098806645,-0.009323401,-0.00889830875,-0.008732413750000001,-0.007795155925,-0.00733040515,0.007310328125,0.00804443375,0.008874113875,0.009425191125,0.009749907125,0.01031996975,0.011023334,0.0114553675,0.012398614375,0.01242874275,0.012749609,0.0135577245,-0.012358917,-0.010341212,-0.008883769,0.00900042325,0.01058942925,0.0122369295
2017-05-12,0.0052122404,IV_COMBINED,-0.014149902249999999,-0.01276920375,-0.01233919525,-0.012060757,-0.011462294,-0.01122382825,-0.009864796,-0.00929283775,-0.00887839125,-0.008711839249999999,-0.007770058325000001,-0.0073117215999999995,0.0072420778,0.0079702398,0.00885560175,0.0093633235,0.0096621495,0.010258745,0.011018462125,0.011379194375,0.01230736575,0.012346179625,0.0126966195,0.013500715,-0.01233319675,-0.01031980975,-0.00886205675,0.008949706,0.010529772,0.0121804715
2017-05-15,0.004848262,IV_COMBINED,-0.0115966625,-0.01070424925,-0.010362134,-0.010162745375,-0.010015660875,-0.009493649,-0.00879022665,-0.00830304,-0.007931227249999999,-0.007621521925,-0.006790206075,-0.006493284975,0.005251423975,0.0058075883,0.006639298775,0.006878902725,0.0076647253750000005,0.008360194325,0.00930816825,0.0095666685,0.010178099874999999,0.010541279,0.010867686125000001,0.01184195825,-0.0103945935,-0.0089760555,-0.007740340575,0.0069342408500000004,0.00855065325,0.010352515999999999
2017-05-16,0.008407984,IV_COMBINED,-0.013288562875,-0.01236499475,-0.01191110125,-0.011647630749999999,-0.0114823525,-0.01093593925,-0.010130429,-0.00952885675,-0.00908225125,-0.00868421275,-0.007754674525,-0.007410961125,0.00593836985,0.006518506800000001,0.0075434171,0.0078602026,0.008768387624999999,0.00948644025,0.0105696115,0.01088417225,0.01161790525,0.0120866525,0.012525729499999999,0.01355729675,-0.011943896625,-0.010317715875000001,-0.008862928625,0.00786765875,0.0097542585,0.01183094325
2017-05-17,0.0055303746,IV_COMBINED,-0.01526183175,-0.01423775825,-0.01366702325,-0.01329875425,-0.01311541575,-0.01254607,-0.0116658615,-0.010888665125,-0.010366580875,-0.009914942,-0.008876477,-0.00846363975,0.0067754239,0.0074480309,0.008648338,0.0090191225,0.010065209625,0.01079137325,0.012113188,0.012438623749999999,0.013314294,0.013866696750000001,0.0143465055,0.015521525750000001,-0.01369196575,-0.01182684,-0.0101379585,0.009010038,0.011171118375,0.01354682775
2017-05-18,-0.00028747378,IV_COMBINED,-0.01592986725,-0.014829493499999999,-0.014218075375,-0.013814839125,-0.013584947375,-0.0130138715,-0.012138482249999999,-0.01134435225,-0.01075592575,-0.010294392500000001,-0.009253385250000001,-0.00881198465,0.00707492035,0.007808194075,0.00903880575,0.009434830500000001,0.0104891695,0.0112351235,0.012659589374999999,0.012991594125,0.01388474225,0.014458902,0.014937314,0.016169186000000002,-0.0142346035,-0.012294141125,-0.0105435975,0.009414136,0.0116555225,0.0141284845
2017-05-19,0.0053183394,IV_COMBINED,-0.0151260845,-0.01402541275,-0.013474815000000001,-0.0130960725,-0.01285410925,-0.01229000775,-0.0114671585,-0.01077275875,-0.01019069475,-0.0097747435,-0.008784944749999999,-0.00837513225,0.0067540457,0.00748371565,0.00860242375,0.008970305,0.00996170025,0.01067349925,0.012036390875,0.01235731975,0.01319643375,0.01372662275,0.01414941825,0.0153459445,-0.0134783375,-0.01163908675,-0.00999951725,0.008967655125,0.01107370425,0.013417102
2017-05-22,0.004080428,IV_COMBINED,-0.012117879,-0.011205623750000001,-0.010820040749999999,-0.010571461875,-0.010339394875,-0.00981740675,-0.00911370475,-0.00865351475,-0.0082239855,-0.007910235,-0.007090746075,-0.006750898825,0.005504413675,0.00610662085,0.00694375585,0.0072076078500000005,0.008018912,0.008708830625,0.00969985975,0.00998392475,0.01061872225,0.011058069,0.01136398175,0.012347148375,-0.010810353125,-0.009325730625,-0.0080445601,0.0072547124250000004,0.00893865625,0.01080272675
2017-05-23,-0.0033701735,IV_COMBINED,-0.014563231999999999,-0.0135622135,-0.0130279935,-0.012685967,-0.01245880375,-0.011893273,-0.011062141000000001,-0.010397757125,-0.00988264425,-0.0094436125,-0.008464976975,-0.008065741375,0.006516093075,0.007183806475,0.00827060675,0.0086226755,0.009618011,0.0103292505,0.0115226885,0.01186723025,0.012731213,0.01324402925,0.013709051,0.0148176235,-0.013032698375,-0.0112527615,-0.009653072625,0.008622241249999999,0.010667331375,0.01292956125
2017-05-24,-0.0020181732,IV_COMBINED,-0.01431757975,-0.013300374125,-0.01277654575,-0.01242781,-0.0122675865,-0.011695394500000001,-0.010886228,-0.01022762225,-0.009716876,-0.009304003,-0.008353767875000001,-0.007951314075,0.0064254005,0.007080576,0.008144462675,0.008445422625,0.009458692125,0.0101651235,0.011377125125,0.01164520275,0.01251133425,0.0129833295,0.0134279875,0.0145526935,-0.01280174875,-0.01106053325,-0.00950642025,0.008497251425,0.01048593825,0.0127028685
2017-05-26,-0.00050126325,IV_COMBINED,-0.01346471975,-0.012470334999999999,-0.012012898250000001,-0.011700578,-0.0115304335,-0.010974429,-0.0101881205,-0.009633178499999999,-0.009163698125,-0.00877746825,-0.007860232,-0.007492594,0.00605812505,0.0066913135,0.0076469041249999994,0.007971956575,0.00889586,0.00959126825,0.010705607375,0.011001775625,0.011781423875,0.012239203,0.012647487,0.013706753125,-0.0120280995,-0.0103944655,-0.0089475805,0.00799956235,0.009880779125,0.0119686095
2017-05-29,0.0009642609,IV_COMBINED,-0.0109181895,-0.01009117975,-0.009745106875,-0.009598489,-0.009438324750000001,-0.0089089275,-0.0082310474,-0.007816419125,-0.007473320775,-0.0071983211,-0.00641349415,-0.006081264325,0.00498038765,0.005506786625,0.00626018275,0.006488805225,0.0072508683,0.0079380279,0.008746651575,0.00901131725,0.009584448499999999,0.009978487500000001,0.01028018525,0.011170872,-0.00979102225,-0.00843496425,-0.007283685025,0.006548975325,0.0080805681,0.009758695
2017-05-30,0.00025936394,IV_COMBINED,-0.012535693,-0.01167303475,-0.011216514,-0.011009905,-0.010841838375,-0.01029012,-0.00950541475,-0.008978075,-0.00856632475,-0.008227365649999999,-0.007333492475,-0.006960805125,0.005627912525,0.006165205825,0.007116746375,0.00740182105,0.008292859625,0.009014671,0.009944558,0.01027050225,0.010973676625,0.011420139749999999,0.011860710375,0.01279075675,-0.011270118249999999,-0.009711289250000001,-0.0083579715,0.00742945635,0.00921480925,0.011168040625
2017-05-31,0.004786139,IV_COMBINED,-0.013063318,-0.0121916395,-0.011688192,-0.011436387125,-0.011310713625,-0.01075205125,-0.009959253,-0.00938319025,-0.008920255,-0.0085678265,-0.007647774275,-0.007261096850000001,0.005873506424999999,0.0064613644,0.0074563166,0.007720437425000001,0.008685940875,0.009354953249999999,0.010389897,0.0106489075,0.0114267345,0.011857429,0.012310059625,0.01332111675,-0.011750822000000001,-0.01014058775,-0.008722387375,0.007773405000000001,0.0096017315,0.011619342875
2017-06-01,-0.0020311992,IV_COMBINED,-0.01386629375,-0.01291101725,-0.012399435,-0.01208824675,-0.01195582125,-0.01137916275,-0.01055541075,-0.00991938525,-0.009448274625,-0.0090660385,-0.00809484775,-0.00769271925,0.0062010793,0.0068270114,0.007875511225,0.008212400125,0.0091802385,0.00986365725,0.0110134455,0.01129843,0.0121182075,0.012583552750000001,0.0130510425,0.01411841425,-0.012440108,-0.01074033375,-0.009230431,0.008219457199999999,0.010170659,0.012319908000000001
2017-06-02,0.005021482,IV_COMBINED,-0.01527365125,-0.01420516875,-0.0136072065,-0.01324439275,-0.01309029025,-0.012505586875,-0.011617090125,-0.010858259,-0.01033374925,-0.009929305999999999,-0.008865057175,-0.008416122325,0.00677487925,0.007466488550000001,0.00865519275,0.0090328855,0.010053622875,0.0107844515,0.012123209250000001,0.012442792000000001,0.013313278,0.0138213065,0.0143156585,0.01548896475,-0.013663818,-0.0117843775,-0.0101148665,0.0090146785,0.01116309575,0.01353678025
2017-06-05,-0.0017895408,IV_COMBINED,-0.0114482135,-0.010560626625,-0.01017941475,-0.0099511575,-0.00989568025,-0.00937963575,-0.008667576375,-0.008160957775,-0.00778891365,-0.0075671124250000004,-0.006722479675,-0.006368384125,0.005225216625,0.00577601675,0.0066199467,0.00676776495,0.0075864665,0.008265822249999999,0.00922729475,0.0094014084,0.010028180000000001,0.0104075535,0.0106619955,0.0116274035,-0.010247062375000001,-0.00883529975,-0.0076397133,0.00688698825,0.008450980375,0.0101892565
2017-06-06,0.001447866,IV_COMBINED,-0.01325818875,-0.012289117,-0.0118056485,-0.011544832,-0.01143703725,-0.010884263625,-0.01005725,-0.0094577455,-0.0090198065,-0.00868094975,-0.00772016175,-0.007324659125000001,0.005950902875,0.0065347102,0.00755888825,0.007841473625,0.008731043875,0.00946926675,0.010530914249999999,0.01083783525,0.01159688975,0.012046869,0.012455589999999999,0.01347533675,-0.0118826875,-0.010244943,-0.00881355575,0.007861292150000001,0.0097239135,0.0117793135
2017-06-07,-0.0025418168,IV_COMBINED,-0.013522437375,-0.012558054249999999,-0.012064302499999999,-0.01179361425,-0.011634316,-0.01108700225,-0.0102710915,-0.0096665545,-0.00919922575,-0.008849516,-0.007889182500000001,-0.007488136425,0.00606175365,0.00667862275,0.007725245249999999,0.008021512425,0.00892913875,0.0096485115,0.010766992875,0.011071479875,0.0118328355,0.01229577325,0.012700448,0.01373363625,-0.012119085,-0.01045763575,-0.008996078250000001,0.008032351,0.009932386,0.012021078625
2017-06-08,-0.001848203,IV_COMBINED,-0.021278454,-0.019896004,-0.01884177325,-0.018293385250000002,-0.018202330625,-0.01756446325,-0.01635386225,-0.014957229499999999,-0.014228531249999999,-0.01359365175,-0.012275257,-0.011594637999999999,0.00930419625,0.010191081250000001,0.012076981375,0.012532830375,0.0139307665,0.0148651645,0.01688176625,0.017338307,0.0185219485,0.01923464375,0.0198645005,0.02145293825,-0.019046927749999998,-0.0163891715,-0.013997048,0.012476958625,0.01548903325,0.01881189175
2017-06-09,-0.0024368267,IV_COMBINED,-0.01613485275,-0.0147986495,-0.014151780249999999,-0.013755949625,-0.0135963835,-0.0130151395,-0.012187918249999999,-0.0114033725,-0.01075965375,-0.0103627245,-0.009317248,-0.0088677415,0.0071620039,0.008008742074999999,0.00917546675,0.0096063345,0.010527906125,0.011286232625,0.01289187475,0.013198288625,0.014016138375,0.01458125025,0.014936822,0.01624714575,-0.01426019525,-0.01230357275,-0.010593245250000001,0.00955319875,0.011778719375,0.01425805375
2017-06-12,0.0012146926,IV_COMBINED,-0.011718892125,-0.010714253,-0.01036200375,-0.01012537075,-0.0099781085,-0.00950399025,-0.008811760675,-0.008322267525,-0.007909357075,-0.0076759232,-0.006808739899999999,-0.0064942269,0.0053368936,0.0059783437750000005,0.0067685454,0.007003387475,0.007715498175,0.00840380425,0.009443729250000001,0.009680296,0.010266121,0.0106472485,0.01085309025,0.011892004,-0.01040812275,-0.00898187575,-0.007761029575,0.007048602,0.008642734,0.010427048125
2017-06-13,-0.00086621067,IV_COMBINED,-0.01199858675,-0.01104087275,-0.0106554095,-0.01047728925,-0.010335406,-0.009808623625,-0.009070884750000001,-0.00853484535,-0.008176294300000001,-0.007873342,-0.006978618,-0.0066506093,0.00540205895,0.00598000265,0.006854335,0.0071170827249999995,0.00788786355,0.008621656375,0.009584292,0.009874468,0.01050263875,0.010896333875,0.011221571125,0.012203530375,-0.0107321555,-0.00924921125,-0.0079692074,0.007141710375000001,0.008821446125,0.01067729975
2017-06-16,-2.6801987e-05,IV_COMBINED,-0.01248923375,-0.0108570965,-0.010658342500000001,-0.010281130375,-0.009900949125,-0.009391601,-0.008569388025,-0.008196464925,-0.007675071425,-0.007458739575,-0.00669921145,-0.00640692195,0.00577464905,0.00634637725,0.00705469055,0.007518496,0.007916148625000001,0.0084769665,0.009309407625,0.009940135125,0.010582681,0.01091353975,0.01136345875,0.012357418,-0.010584001749999999,-0.0088981734,-0.007630587575,0.0072802546249999996,0.0088269119,0.01071062075
2017-06-19,-0.0029794946,IV_COMBINED,-0.010016436375,-0.00857482075,-0.00846266575,-0.00824318275,-0.007911458875,-0.0074657948500000005,-0.00686878475,-0.0065657294750000005,-0.006225262925,-0.0060182703499999995,-0.00532261935,-0.0050422303,0.00456431765,0.005164334075,0.0056735872,0.006071101775,0.006395386925,0.006822804125,0.007559895424999999,0.0079888349,0.008439790999999999,0.008770853249999998,0.00924831925,0.0100190935,-0.008442338875,-0.007117647425,-0.006082929075,0.0058715043250000005,0.007124008,0.00865118625
2017-06-20,-0.0032288455,IV_COMBINED,-0.01156991875,-0.01004200125,-0.00986563425,-0.0095193035,-0.009104096075,-0.008666539825,-0.007974284425,-0.0075970291750000005,-0.00714742455,-0.006917683975,-0.00616330215,-0.005873211675,0.00527317235,0.005838005875,0.006437860125,0.0069202869,0.00722120575,0.0077622877,0.0086312865,0.009174793,0.009793554624999999,0.01008654225,0.01050457175,0.011382183125,-0.009780371999999999,-0.008250182575,-0.0070435535,0.006680305925,0.00812432175,0.009897277999999999
2017-06-21,0.0017043526,IV_COMBINED,-0.011793233,-0.01025060375,-0.01006024575,-0.00970369475,-0.00927302075,-0.00887058025,-0.008144659925,-0.0077568764,-0.0072961968999999995,-0.007053294125,-0.00629913385,-0.006000559025,0.005386307375,0.00595124775,0.006557616875,0.007045626025,0.0073459738,0.0078950332,0.0087770813,0.009351271750000001,0.010000879,0.01030147425,0.01071854375,0.011573728,-0.0099782265,-0.00842571185,-0.0071960888249999995,0.006803645475,0.00827303755,0.01008430075
2017-06-22,0.00039704036,IV_COMBINED,-0.01144202925,-0.009939536,-0.0097687325,-0.009422100625,-0.008994760125000001,-0.008638808625000001,-0.0079167574,-0.00754890475,-0.007109537149999999,-0.0068767146250000005,-0.0061178251999999995,-0.0058204291,0.0052272364,0.0057988637,0.006379536325,0.00685786035,0.007157362699999999,0.0076546331,0.008546450375,0.009093832999999999,0.00971618325,0.0100163105,0.010436230000000001,0.011245301,-0.009687447,-0.008196547775,-0.007000536425,0.006621889875,0.008046523225000001,0.00980759925
2017-06-23,0.0044218255,IV_COMBINED,-0.011205302,-0.009718812,-0.0095599275,-0.00921839875,-0.008796974249999999,-0.0084570136,-0.007756452299999999,-0.007391571625,-0.0069706926500000006,-0.0067338829,-0.005981105875,-0.0056841987,0.005082853325,0.0056667102,0.00622955325,0.0067127486,0.007008808725,0.007475397275,0.008375023249999999,0.008907273125,0.009496167,0.0097934615,0.010220656125,0.011003566499999999,-0.00947930025,-0.008027131925,-0.006849554475,0.00647258965,0.007873088149999999,0.009600537624999999
2017-06-26,-2.0095633e-05,IV_COMBINED,-0.0095347573,-0.008144405425,-0.008047917625,-0.0078270145,-0.007499502775,-0.00716930745,-0.00659860385,-0.006275595575,-0.005941098125,-0.005717334875,-0.00505254245,-0.004754463325,0.004228616075,0.004853563375,0.00526460305,0.00574806275,0.0060288018,0.00640234415,0.007208761,0.0076316679999999994,0.008050123525000001,0.008392663750000001,0.0087809623,0.00944504,-0.008034997450000001,-0.006806504525,-0.00579384875,0.005516869125,0.006756126525,0.008223310925
2017-06-27,0.011548452,IV_COMBINED,-0.010586144125,-0.0091433054,-0.009005600025000001,-0.008684600875,-0.00830777065,-0.0079316759,-0.0073312035,-0.00694686,-0.0065611292500000005,-0.006316707225,-0.005606177375,-0.005309404825,0.0046901632500000005,0.0052971975499999996,0.0057862634,0.00629683575,0.0065647277,0.00701147735,0.007915679,0.00843287625,0.008924533075000001,0.0092421115,0.009597954,0.010360910000000001,-0.00893069925,-0.00755529355,-0.006422165075,0.006050806125,0.007406166075,0.00904639065
2017-06-29,0.008247433,IV_COMBINED,-0.01325311025,-0.011559779249999999,-0.011320275500000001,-0.010869947000000001,-0.010394341,-0.009984346,-0.0091540935,-0.008672011,-0.0081315303,-0.007844438975,-0.00704552445,-0.00671878105,0.005975424925,0.006553424375,0.007179459500000001,0.007775342124999999,0.008116143125,0.00875383,0.00978013425,0.0104838685,0.011237978124999999,0.01153044575,0.011880792,0.012847981125,-0.01121230475,-0.0094524515,-0.00805302045,0.00752091675,0.00919117875,0.01124615075
2017-06-30,-0.0007993422,IV_COMBINED,-0.01545547425,-0.013565644750000001,-0.0131992245,-0.01271970675,-0.012196918250000001,-0.011801934125,-0.010632969249999999,-0.01014705975,-0.009470387375,-0.0091695005,-0.008323745475,-0.00797294585,0.00711368275,0.007673485,0.0084958291,0.009125327624999999,0.00953439325,0.0103390785,0.011382952875,0.012206703499999999,0.01323054375,0.013476059,0.013881407625,0.01498985075,-0.0131479355,-0.011050315125,-0.0094830375,0.0088400687,0.010771562,0.013138291875
2017-07-03,-0.0039007457,IV_COMBINED,-0.01035673875,-0.00887326935,-0.00877039295,-0.008505822574999999,-0.0081643595,-0.007830235500000001,-0.0070707148,-0.006778747675,-0.006444552825,-0.00623482925,-0.0054945854,-0.005212168675,0.004721098875,0.005346562775,0.00586097325,0.006269546875,0.006560471825,0.00701548305,0.007786976575,0.0082638732,0.0087293458,0.00907140405,0.0095710815,0.0103094205,-0.00874608525,-0.007378929175,-0.00631011345,0.00605521675,0.007340776375,0.0089321395
2017-07-04,-0.0016597369,IV_COMBINED,-0.011580093125,-0.01001610525,-0.00986168325,-0.00951772625,-0.0091389305,-0.008743178,-0.007915955675,-0.007542894175,-0.007123929825,-0.0069111049,-0.00612990685,-0.0058486051749999995,0.005237922475,0.00584662085,0.0064275461,0.0069377601,0.007225930275,0.00777135235,0.008636021625,0.009192618625,0.00979318675,0.010073743,0.0105109145,0.01140495025,-0.009799206625000001,-0.00823752825,-0.0070351381,0.00667480825,0.008128961125,0.009907538
2017-07-05,-0.0010668548,IV_COMBINED,-0.01107502125,-0.00954733325,-0.0094125665,-0.00909974175,-0.0087401715,-0.008341442575,-0.007554786775,-0.007199118375,-0.00680736925,-0.0066105602,-0.0058454037,-0.005571366575,0.0050014276,0.005603234,0.00615685105,0.006649045175,0.006927097425,0.00743764365,0.008281694249999999,0.00880418225,0.009348925375,0.009644422,0.010077859625,0.010942483125,-0.0093607425,-0.007863056725,-0.00671357835,0.006394060775,0.007787980525,0.009491029375
2017-07-06,0.006265781,IV_COMBINED,-0.013144749125,-0.0114337365,-0.011204621,-0.010811777750000001,-0.01040089425,-0.009972005124999999,-0.008981098625,-0.00854364925,-0.00802877085,-0.0077823878749999995,-0.006994561575,-0.0066933755,0.0059536179,0.006550852625,0.00724204535,0.00781358165,0.008158039725,0.008794709825,0.009720636875,0.01037450575,0.011165902,0.01142501525,0.011830055749999999,0.012855429,-0.011152633,-0.00934602875,-0.00799719585,0.007525038325,0.009182396375,0.01118930575
2017-07-07,-0.00096040213,IV_COMBINED,-0.01463703225,-0.01280271325,-0.012494515000000001,-0.012072404750000001,-0.011601040375,-0.011192332875,-0.010013711375,-0.00955787375,-0.0089427685,-0.0086904025,-0.007863758675,-0.007534101850000001,0.0067199819,0.0072985439249999996,0.00811669125,0.008712663150000001,0.00909664725,0.009842213625,0.010799016875000001,0.011547949750000001,0.01249620875,0.01276478675,0.013181112125,0.01427370725,-0.01246110525,-0.01044024,-0.008967694375,0.008406176,0.010243065499999999,0.012459599
2017-07-10,-5.0457573e-05,IV_COMBINED,-0.011936038,-0.01032984975,-0.010166598124999999,-0.009815266999999999,-0.009437341375,-0.009044969125,-0.0081473096,-0.0077886070750000005,-0.007345757499999999,-0.00714421695,-0.006354891125,-0.0060755658,0.00548808825,0.006095478475,0.0067256426,0.0072075835,0.00752095625,0.008079138575,0.0088977279,0.00948908975,0.01011175875,0.01045557,0.010917970625,0.01180144,-0.01011269225,-0.00849864815,-0.00728165025,0.0069455786,0.008432195125,0.01024359725
2017-07-11,0.0030251443,IV_COMBINED,-0.011117944250000001,-0.0095994845,-0.00945150525,-0.009150588500000001,-0.008791761549999999,-0.0084096608,-0.007586612899999999,-0.00724309465,-0.00685918615,-0.006666885175,-0.0059071226,-0.00562690625,0.005046936325,0.0056582435,0.00624233905,0.006707217875,0.0069889443249999995,0.0075116556249999996,0.008308101425,0.008829857675,0.009394313,0.009687609375,0.0101501855,0.0109942175,-0.00941388785,-0.00791001225,-0.006770733825,0.006448912875,0.007840705975,0.009535334874999999
2017-07-12,-0.0016899735,IV_COMBINED,-0.012507827375,-0.010871759,-0.0106595405,-0.010300049,-0.009893920125,-0.009495873,-0.008562940125,-0.0081466075,-0.0076775342500000005,-0.00744666475,-0.006668329000000001,-0.006366046175,0.005677037649999999,0.0062741246,0.006941745425,0.007464364575,0.007798763875,0.008403173,0.0092706634,0.009882908749999999,0.010621320875,0.0108896185,0.011316003,0.012271395125,-0.010613886,-0.008908499,-0.0076247041249999994,0.00719246675,0.008765317,0.010672458125
2017-07-13,-0.0023294848,IV_COMBINED,-0.01288659275,-0.01119857275,-0.010981577,-0.01059598875,-0.010163725,-0.0097386615,-0.00881756475,-0.00838557375,-0.007889806,-0.00764639925,-0.0068543317,-0.00655078725,0.005889296875,0.006469050425,0.007150732375,0.007672355925,0.007995095875,0.00866003875,0.009534873125,0.010195956249999999,0.010915737,0.01122055075,0.011666302125,0.012630444250000001,-0.01091670825,-0.00916263675,-0.007835150675,0.0074078095,0.009016583125,0.010988662375
2017-07-14,0.005911813,IV_COMBINED,-0.0136861225,-0.011901453749999999,-0.0116817385,-0.0112373865,-0.01078728625,-0.0103671015,-0.00935112125,-0.008933923,-0.008356829999999999,-0.008118637575,-0.00729712255,-0.0069939954750000005,0.00627979765,0.006872260725,0.00761232175,0.00815328825,0.00852857625,0.009198359,0.0101245055,0.01080127925,0.011615637375,0.0119350325,0.012384386625,0.01340807175,-0.011595870500000001,-0.009738142875,-0.00834215625,0.00788349225,0.00958795275,0.01166677625
2017-07-17,0.0015357233,IV_COMBINED,-0.009793107625,-0.0085378595,-0.008444586,-0.0084308692,-0.008250242075,-0.007923231375,-0.007221211725,-0.0067589014,-0.006296413175,-0.0060347494,-0.0054395100500000005,-0.0051114083,0.0053397914250000005,0.0058143406,0.006550076775,0.00674769125,0.007068905775,0.007212537850000001,0.0082628385,0.00843938125,0.00883200605,0.009317228625,0.00958545425,0.010032260250000001,-0.00858706175,-0.007328868625,-0.00625356025,0.006607190525,0.00772184075,0.00903038825
2017-07-18,0.009456679,IV_COMBINED,-0.010759576875,-0.00943146625,-0.00933668725,-0.00930705575,-0.008987994249999999,-0.008687796625,-0.00801305965,-0.007452813575,-0.006952683575,-0.006640995775,-0.005992346475,-0.0056049999,0.005824210450000001,0.0063689212499999995,0.007184857325,0.00741139415,0.0077561418499999995,0.00791986265,0.00901381025,0.009215482,0.00961140475,0.01019639075,0.010475448,0.0110330545,-0.009434778,-0.008088608175,-0.00687579065,0.007229588375,0.00845951965,0.00986984
2017-07-19,-0.0052325367,IV_COMBINED,-0.01268050125,-0.01117665275,-0.011066202,-0.01099787525,-0.010598585,-0.010276251,-0.009513896625,-0.008771103,-0.0082056109,-0.007783382125,-0.007043920675,-0.00663355635,0.00681342605,0.007550908875,0.008477280375,0.00874229125,0.00911750725,0.0093330415,0.010548432375,0.01082059775,0.0112908995,0.012044493375,0.01238826225,0.01305515025,-0.0111459725,-0.0095666125,-0.008101642625,0.008501510875,0.009957153,0.0116206685
2017-07-20,0.01000814,IV_COMBINED,-0.0183731215,-0.0163031635,-0.0160523035,-0.01580389675,-0.01530192425,-0.01489284925,-0.01401752275,-0.0127445765,-0.01200441525,-0.01126287075,-0.01017650675,-0.0096716855,0.0097603455,0.010900173124999999,0.01230163875,0.01260382375,0.013219266875,0.013666244875,0.015081325125,0.01570617425,0.01654355775,0.01741642975,0.01805468325,0.01920008175,-0.01613499075,-0.01394233375,-0.01174969775,0.012252550000000001,0.014397418375,0.016917164499999998
2017-07-21,0.0018099241,IV_COMBINED,-0.01432907325,-0.012523737,-0.01242980125,-0.0122511325,-0.01195103,-0.011632517375,-0.01071248075,-0.009923213625,-0.009246093,-0.008769565125,-0.007934902825,-0.00752496475,0.007655522275,0.00846735225,0.009589423,0.00982297625,0.010219570375,0.010527074375,0.011785379,0.012348432500000001,0.01288720325,0.0134705625,0.014017271500000001,0.01483374175,-0.01253749825,-0.010788821625,-0.009157033,0.009543449375,0.01116511225,0.0131744045
2017-07-24,-0.0010795486,IV_COMBINED,-0.0106470035,-0.009248194,-0.009114280249999999,-0.009101281499999999,-0.00893768675,-0.0085709455,-0.007827516999999999,-0.007363046825,-0.00681778105,-0.006507101375,-0.0058968737,-0.005543137300000001,0.005773188675000001,0.0062781907250000005,0.0071033441,0.00730657225,0.007623271,0.007806132300000001,0.008908906,0.00916918025,0.009593474,0.010095384249999999,0.01042397625,0.0109685055,-0.009301022499999999,-0.00793871395,-0.00677622075,0.007137380125,0.008348053099999999,0.0098128085
2017-07-25,0.001090274,IV_COMBINED,-0.01153734675,-0.01011607625,-0.009985144,-0.00994054475,-0.00964362175,-0.00930846625,-0.008575755249999999,-0.0079887777,-0.007432042175,-0.007055705875,-0.0064107079,-0.005996326775,0.00622417805,0.006811090675,0.007680865949999999,0.007914004,0.008274221175,0.0084718585,0.009622516875,0.00986935425,0.01030539975,0.01095066575,0.011260191499999999,0.011872807499999999,-0.010109211,-0.00865803675,-0.00735199715,0.007722574825,0.00904665325,0.010586054
2017-07-26,-0.0019281026,IV_COMBINED,-0.01239341175,-0.01090064925,-0.010772154249999999,-0.010693303500000001,-0.010345327750000001,-0.010022021125,-0.00925712125,-0.0085730995,-0.00800442,-0.007573951075,-0.00688826575,-0.006461744525,0.006669745025,0.0073469314,0.0082690925,0.00851687075,0.0088624395,0.0090920045,0.0102968455,0.010615585,0.011046354625000001,0.011764391,0.01211292775,0.01279659075,-0.010870942750000001,-0.009325763,-0.00790381635,0.008289010625,0.00970651025,0.011373661
2017-07-27,0.0019581327,IV_COMBINED,-0.014024392375,-0.012362109,-0.012238649,-0.01208532625,-0.0116637315,-0.01134323775,-0.01053988125,-0.009706609,-0.009090489,-0.008567103999999999,-0.007794224375,-0.0073362723250000005,0.007500656925,0.008303446175,0.009350742,0.0096137015,0.010010115625,0.01029361425,0.011565734000000001,0.012041686,0.012520621374999999,0.01325778725,0.013706143,0.01454727725,-0.0122957595,-0.010583772875,-0.008949489500000001,0.009346139,0.01094819075,0.0128762925
2017-07-28,0.008534793,IV_COMBINED,-0.013842226,-0.012249515249999999,-0.012075865375,-0.0119409205,-0.01160934775,-0.011233063,-0.010345428,-0.009501823,-0.00889818075,-0.008354987500000001,-0.007648548325,-0.007245221625,0.0074268182,0.008269228675,0.009244497625,0.00954483275,0.00986991275,0.01014881575,0.01145865675,0.01194364675,0.012371405,0.0132377875,0.013584975999999999,0.01434930875,-0.012175014125,-0.0104108725,-0.00879672875,0.0092538225,0.010852000875,0.012741598375
2017-07-31,0.0059583685,IV_COMBINED,-0.01088778625,-0.009544727,-0.00936425975,-0.00934769025,-0.009134584,-0.008780662625,-0.008020331674999999,-0.0074759050499999995,-0.006957523725,-0.00658807025,-0.006028339025,-0.005659841925,0.005901410975,0.00644857525,0.007212130949999999,0.00745086555,0.007751927425,0.007936435575,0.00905478825,0.009407657625,0.00980484475,0.010361154000000001,0.010637402875,0.011195748125,-0.009539090125,-0.00811973675,-0.006906563475,0.007273766625000001,0.00851103425,0.01002008825
2017-08-01,-0.002256186,IV_COMBINED,-0.01229920975,-0.010881594750000001,-0.01068240725,-0.010623519500000001,-0.0102694455,-0.0099289235,-0.009154186375,-0.008441652625,-0.007861093625,-0.007429434249999999,-0.0068162587,-0.006408404774999999,0.006619189525,0.007303095,0.0081456255,0.0084169353,0.008765904875,0.0089770825,0.010193996,0.01059176475,0.0109926285,0.011727084,0.012007686625,0.012697426874999999,-0.0108005385,-0.009213652249999999,-0.007804934575,0.0082055625,0.009616200875,0.01129670025
2017-08-02,0.005245296,IV_COMBINED,-0.013609847500000001,-0.01204630375,-0.01184429125,-0.01173999325,-0.0113256905,-0.01100879525,-0.0101855135,-0.009366758,-0.00876851925,-0.008239701,-0.00755264225,-0.007108971875,0.0072988965,0.008071301874999999,0.009023878249999999,0.00931422025,0.00966903675,0.00993930925,0.011218151749999999,0.011760015125,0.012155826,0.0128897635,0.013298014625,0.014118470625,-0.01194612625,-0.01023477575,-0.00865537375,0.00905625275,0.01060609625,0.0125100955
2017-08-03,0.0015627668,IV_COMBINED,-0.014151905875,-0.0125057875,-0.012300966375,-0.012181072875,-0.011792296,-0.01146118775,-0.010581133874999999,-0.009734108125,-0.00911667525,-0.00855028625,-0.007831970825,-0.007402914500000001,0.0075789266999999995,0.00840421255,0.00938523775,0.0096747155,0.01004619725,0.01031362125,0.0116425715,0.01225752925,0.0126595065,0.01341150175,0.01384222625,0.014679979000000001,-0.01241844975,-0.010638814125,-0.00899609325,0.00941142925,0.011017721125,0.01301636275
2017-08-04,-0.0106463665,IV_COMBINED,-0.01725690525,-0.01529583,-0.015081689249999999,-0.014849783,-0.01435336425,-0.01399142,-0.01304140025,-0.01191805675,-0.0112364045,-0.0104731395,-0.0095387355,-0.00905477075,0.00919643575,0.010226230875,0.011493841,0.011777872125,0.0122768335,0.0126793685,0.0141139905,0.014950028,0.01559142325,0.016304083,0.01694591075,0.0180258935,-0.01514946075,-0.013053794375,-0.010995224500000001,0.011461466125,0.013430429375,0.015925449374999998
2017-08-07,0.002880108,IV_COMBINED,-0.0126967165,-0.0111466995,-0.010941745249999999,-0.010887179,-0.010701191375,-0.01028893775,-0.00941876425,-0.008713503125,-0.00811524625,-0.00763941165,-0.0070084907,-0.006652330675,0.0068983746500000005,0.007598017425000001,0.008495665175,0.008757280874999999,0.0090411355,0.0092628555,0.0105463675,0.0111000635,0.01150793,0.01214394425,0.01251814075,0.01317023175,-0.01114414475,-0.0094956395,-0.00806053495,0.00851591225,0.00995031625,0.0117685465
2017-08-08,-0.0053334595,IV_COMBINED,-0.013248464,-0.011689314,-0.01145552275,-0.011383429,-0.01103995375,-0.010704993749999999,-0.00986631575,-0.00912674975,-0.008518262,-0.00800578485,-0.0073509822,-0.006908918275,0.00712124315,0.00782779905,0.00876817375,0.00902481175,0.0093532735,0.009629078125,0.010910482999999999,0.01147899875,0.011841527000000001,0.012546612,0.012939607875,0.013730674,-0.01161323075,-0.0099343685,-0.008419486,0.00879619425,0.010292851125,0.01218025825
2017-08-09,0.0019959342,IV_COMBINED,-0.0125664905,-0.01107306375,-0.010843783249999999,-0.010794138,-0.01049022775,-0.010173653375,-0.009343733,-0.0086460385,-0.008058146249999999,-0.00759637065,-0.00698782675,-0.0065659569,0.00678956915,0.007445824974999999,0.008335513749999999,0.00859006875,0.0088785015,0.0091465635,0.0103940885,0.0108994245,0.011247757625,0.01192755675,0.0123166005,0.01301892975,-0.0110195145,-0.009413070499999999,-0.007993969,0.008368699375,0.009787355374999999,0.01157536
2017-08-10,0.00023830852,IV_COMBINED,-0.014638159000000001,-0.012999302,-0.01272544975,-0.012615453125,-0.012214239,-0.011876843750000001,-0.010962215,-0.0100510415,-0.00942231875,-0.008804980125,-0.008097186975,-0.0076416656,0.00786444375,0.008720362575,0.00971802375,0.0100269335,0.0103661325,0.01066162675,0.012065040624999999,0.012708931,0.013115409625,0.01395369825,0.0143874105,0.01522480675,-0.0128687995,-0.01100757375,-0.0092943435,0.009746800875,0.0114146865,0.01350031925
2017-08-11,0.005057027,IV_COMBINED,-0.01587813575,-0.01406435,-0.01381398225,-0.013647875,-0.013209361,-0.01288902525,-0.01193287225,-0.01093500725,-0.01028468275,-0.009587670625,-0.00878163975,-0.00830640155,0.0084968104,0.009425764,0.010549626,0.010835739,0.01123946625,0.011579945,0.01300004075,0.013819298,0.014314069249999999,0.01503499825,0.015582632249999999,0.0165629345,-0.0139377495,-0.01197111425,-0.010099949,0.010542341375,0.012338037999999999,0.014655795249999999
2017-08-14,-0.0020638618,IV_COMBINED,-0.0123952275,-0.010895502,-0.0106548625,-0.010624330500000001,-0.010428609875,-0.01000573875,-0.00916551275,-0.008484262875,-0.0078835635,-0.00743557665,-0.0068390208,-0.0064874218,0.006725987075,0.0074047579,0.008238892,0.008498706,0.008781899,0.00900307075,0.01025631125,0.010792102500000001,0.011174149,0.011870806250000001,0.01218931875,0.012812523499999999,-0.01086988175,-0.00923878775,-0.007850404125,0.008281569249999999,0.0096821585,0.011444881
2017-08-15,-0.004268351,IV_COMBINED,-0.013062809,-0.01154811175,-0.01130019725,-0.01124269475,-0.01088860925,-0.010574195750000001,-0.009742782875,-0.008980757,-0.008377782850000001,-0.007885897749999999,-0.007261770525,-0.00682724605,0.0070467817,0.007739508575,0.008643891125,0.0089053355,0.009211793874999999,0.009494129125,0.0107664045,0.011340791749999999,0.011698742125,0.012407030624999999,0.012792409499999999,0.013548936875,-0.01146328425,-0.009795142875,-0.008305973875,0.00868167625,0.010156939,0.012029457
2017-08-16,-0.0029055711,IV_COMBINED,-0.014112201625000001,-0.012505011,-0.012505011,-0.01211666875,-0.0116833765,-0.011156329999999999,-0.010338562875,-0.009452015000000001,-0.00907392575,-0.0085469595,-0.007753467625,-0.0072027145,0.007262585875,0.007736838675,0.008755546749999999,0.00933464675,0.009797630125,0.0101841395,0.01100824975,0.011514454875,0.01212821975,0.012714179249999999,0.013194961750000001,0.01412117425,-0.01231471775,-0.0105051685,-0.0088222975,0.0089121705,0.0106077695,0.01239341225
2017-08-17,0.0028608355,IV_COMBINED,-0.014827537875,-0.0131752955,-0.0131683545,-0.012777222625,-0.012308101,-0.01177426125,-0.010897579,-0.009932441,-0.00955566725,-0.009007403,-0.008170574825,-0.00758825225,0.007627878350000001,0.008128805499999999,0.00919647075,0.009798999499999999,0.010297483999999999,0.010678655125,0.01152969425,0.012122752875,0.012754776125,0.01330108925,0.0138331255,0.014858834500000001,-0.0129724835,-0.01106566075,-0.00929458625,0.009356066625,0.011121184125,0.01301983625
2017-08-18,0.0010539484,IV_COMBINED,-0.014044162625,-0.012421627125000001,-0.012421627125000001,-0.01204546425,-0.011592547,-0.0110805975,-0.010244768875,-0.0093722365,-0.009012933374999999,-0.008494261,-0.00771132525,-0.007143345925,0.00727021785,0.007717589574999999,0.008710566375,0.009301549874999999,0.009757209624999999,0.010090682625,0.010947587125,0.011426632249999999,0.0120709185,0.0126100485,0.013118126375,0.01404907775,-0.012236879499999999,-0.010426432499999999,-0.0087603535,0.008880634,0.01054141575,0.012322467875
2017-08-21,0.0055113747,IV_COMBINED,-0.011518728249999999,-0.01003591975,-0.01003591975,-0.00972626625,-0.00941884525,-0.008969532249999999,-0.0082506335,-0.0076418766,-0.0072980443499999995,-0.006887078525,-0.006252784025,-0.005787432449999999,0.00603874885,0.006360644725,0.00716219455,0.0076862887250000005,0.008060028375,0.008388250125,0.0091156695,0.009404830624999999,0.009890484875,0.01054991925,0.010891043125,0.011633457,-0.009933858875,-0.008439201375,-0.0071077408500000005,0.0073474566,0.008760031125,0.010187096999999999
2017-08-22,-0.0042906096,IV_COMBINED,-0.01340732975,-0.0118722155,-0.01184179675,-0.0114684955,-0.01108874375,-0.01058615825,-0.009829320124999999,-0.009008707375,-0.008614363125,-0.0081337795,-0.007373397649999999,-0.0068439913750000005,0.00691448265,0.007349193425,0.008328731875,0.008898283875,0.009347388,0.009759395625,0.01049479925,0.01098324725,0.0115595395,0.012122216625,0.01254225675,0.013436212624999999,-0.011684588249999999,-0.00997606925,-0.008389207125,0.0084869195,0.01012441675,0.011803210750000001
2017-08-23,0.0033399074,IV_COMBINED,-0.01401075825,-0.012445975,-0.012361257625,-0.01204274975,-0.011596416,-0.011101601249999999,-0.010282377875,-0.009402941875000001,-0.009024280499999999,-0.00849960025,-0.00770864805,-0.007169194324999999,0.0071689804,0.007665491075,0.00870898575,0.009287264125,0.0097082755,0.010151156,0.010955688,0.0114357695,0.012065051,0.01259880575,0.013066711,0.014042374,-0.0122395,-0.01043449175,-0.008776397375,0.008841484125,0.01054023775,0.012313119
2017-08-24,-2.1184062e-05,IV_COMBINED,-0.013310226250000001,-0.01179452975,-0.0117212285,-0.01142547175,-0.01100716225,-0.010502228,-0.00973138875,-0.008932628375,-0.0085594825,-0.00805464475,-0.0072987999,-0.0067953385750000005,0.006841428825,0.007303258325,0.00827408325,0.008824831875,0.009250885,0.00966729025,0.010457866125,0.010895781625,0.011457604375,0.01204743025,0.01249874475,0.013398737125,-0.011607923624999999,-0.009889391,-0.0083167285,0.00842550425,0.01004966025,0.01174174675
2017-08-28,0.014386075,IV_COMBINED,-0.012889690625,-0.01142370325,-0.011333224749999999,-0.01103966475,-0.01065613075,-0.01016016125,-0.009418712749999999,-0.0086530315,-0.008279198,-0.00780002335,-0.007057378625,-0.006579518825,0.006626217225,0.0070742774000000005,0.008020700775,0.008556855125,0.00897989,0.0093943355,0.01014762425,0.0105712945,0.01111089225,0.011713601625,0.0121552815,0.01303346075,-0.0112338705,-0.009568866,-0.008050023075000001,0.008169741749999999,0.00975846125,0.01140371075
2017-08-29,0.0044005206,IV_COMBINED,-0.012783394,-0.011321766,-0.01122731075,-0.010927151999999999,-0.010562412375,-0.01006488025,-0.009336235875,-0.008575461,-0.008201179874999999,-0.007722591775,-0.006979435825,-0.0065174958250000005,0.006568054175,0.007005325425,0.007952446575000001,0.008484338575,0.008906510624999999,0.00931342775,0.01005496875,0.01047814025,0.01102571225,0.011626470125,0.01206936575,0.012944976375,-0.011131920875,-0.00948101325,-0.007971973050000001,0.008097461075,0.009677143499999999,0.011314632375
2017-08-30,-0.008208232,IV_COMBINED,-0.01475919975,-0.01313860675,-0.01308148525,-0.01275099625,-0.01230289175,-0.011722172,-0.01089100775,-0.009934427249999999,-0.00953064675,-0.00898511,-0.008142647575,-0.007583665025,0.007552095,0.008082492125,0.009133819,0.00972984075,0.01028596675,0.0106923805,0.011457063125,0.01213954275,0.012718792,0.01332119525,0.013867935,0.01489229175,-0.012934773625,-0.011031947625,-0.009273604250000001,0.009302287499999999,0.0110972895,0.01301512525
2017-08-31,-0.0028401029,IV_COMBINED,-0.014972035375,-0.0133195185,-0.013237139,-0.0129139345,-0.01239560025,-0.01187159325,-0.01098263825,-0.01001562925,-0.009650099875,-0.00908202075,-0.008233819350000001,-0.0076719695,0.0076462776,0.00817026,0.00927839975,0.009878428250000001,0.010336492499999999,0.01075223725,0.01162020125,0.0121778925,0.012880154875,0.0133986765,0.013962388624999999,0.015025357625,-0.013094537,-0.011151419749999999,-0.00937500625,0.009410325875,0.011197207125,0.01313319875
2017-09-01,-0.0013020466,IV_COMBINED,-0.0181716215,-0.0163827355,-0.016175851249999998,-0.015781126125,-0.01522963825,-0.0147133665,-0.0135715465,-0.0122321215,-0.01181270025,-0.01118068975,-0.010160030375,-0.00950457175,0.009148929375,0.009885573875,0.011323047625,0.01198673125,0.01256325925,0.01303862125,0.01405096175,0.014955577000000001,0.015713131499999998,0.0160484985,0.01685390625,0.018303826999999998,-0.01605569775,-0.01370111825,-0.011558156,0.011394354625,0.01353761425,0.0159754805
2017-09-04,0.0032550902,IV_COMBINED,-0.011899148,-0.01035383275,-0.01035102175,-0.010157533125,-0.0097599375,-0.009250504,-0.008483534000000001,-0.0078892607,-0.007541528225,-0.00713871675,-0.006491727,-0.005976238925,0.0062511286,0.006631024775,0.007350293775,0.007938374825,0.008359068,0.0086113475,0.009386022,0.00975124925,0.010142047625000001,0.010894157625,0.01135994475,0.012069215,-0.01028419075,-0.00870316975,-0.007349289425,0.007595507375,0.00903779375,0.0105416955
2017-09-05,-0.00044277546,IV_COMBINED,-0.0136179635,-0.01210659675,-0.01205197275,-0.0116799125,-0.01127805225,-0.0107830295,-0.00999108425,-0.00916842575,-0.008756017250000001,-0.008313577375,-0.0075378273249999996,-0.00699052315,0.0070368893999999994,0.0074916016,0.00844326525,0.00902182975,0.009520601625,0.009913831625000001,0.010703530125,0.01117849225,0.01173343025,0.01231885925,0.012749993250000001,0.013671144125,-0.011893111375000001,-0.01015010625,-0.008558676625,0.0086391775,0.01029573,0.012007318125
2017-09-06,0.0025071707,IV_COMBINED,-0.01521611425,-0.013614034,-0.013548511,-0.013223463750000001,-0.01269977375,-0.0121502135,-0.01124293225,-0.010280969125,-0.009857623624999999,-0.00933319225,-0.0084763575,-0.0078526988,0.007795953325,0.00841328975,0.00942474675,0.01005716325,0.01058669125,0.011033831000000001,0.0118929265,0.01248457675,0.0131102785,0.013685543,0.014224686125,0.015287928499999999,-0.01338072025,-0.0114160495,-0.0096186865,0.009622721875,0.011451231,0.013400078999999999
2017-09-07,0.007149392,IV_COMBINED,-0.0268064615,-0.0247450645,-0.02414293525,-0.02332013325,-0.0226540445,-0.02231976025,-0.0206233395,-0.01835612475,-0.01781611675,-0.016755904500000002,-0.015366836249999998,-0.014325058875,0.01331101325,0.014432651250000001,0.016960615749999998,0.01776178825,0.018683031500000002,0.019416516,0.0208138,0.02246787,0.0234711055,0.023618724,0.0246773745,0.02697082375,-0.02396909225,-0.0206516555,-0.017424738,0.016840222000000002,0.0200587715,0.02368019475
2017-09-08,0.0010865987,IV_COMBINED,-0.01783838125,-0.016178119749999997,-0.015903518749999998,-0.015603937500000001,-0.0148906315,-0.014484308750000001,-0.01308747375,-0.011997233749999999,-0.01168335525,-0.010921367500000001,-0.009896163,-0.00932325,0.009139153,0.0098162325,0.011195947000000001,0.011903991249999999,0.012116136999999999,0.012622327749999999,0.014023893249999999,0.014516728874999999,0.0154462015,0.015773472249999997,0.016606180999999998,0.018033778,-0.015799075750000002,-0.013431178,-0.011324465249999999,0.01125827275,0.013287964499999999,0.015725356625
2017-09-11,-0.0063283835,IV_COMBINED,-0.01387404525,-0.01240185575,-0.01237947425,-0.01193447775,-0.011493828250000001,-0.010966538999999999,-0.01005284025,-0.009312339,-0.008960985624999999,-0.008399941325,-0.00765940245,-0.00715671545,0.007255144975,0.00770228575,0.00867182385,0.00926517475,0.009565266,0.00994485375,0.0110066295,0.011305412249999999,0.01198855725,0.01252859525,0.01305362775,0.0139478935,-0.012134149,-0.01033443625,-0.00869898775,0.00884023,0.01046210375,0.0122604245
2017-09-12,0.00036353836,IV_COMBINED,-0.013813512875,-0.012358062874999999,-0.012312265125,-0.011779679,-0.01146073475,-0.010959534,-0.010085053125,-0.009302518,-0.008916438,-0.008385730525,-0.0076239241749999995,-0.007114092575,0.007181542925,0.007625522775,0.00863530875,0.009193851,0.009572478,0.00996591575,0.0109496645,0.01128232175,0.01195005325,0.01244301225,0.0128888605,0.013858594,-0.01207430425,-0.010315162,-0.008677159875,0.008792903375000001,0.01042498425,0.01218589825
2017-09-13,-0.005811522,IV_COMBINED,-0.01339841575,-0.0119365645,-0.011893750750000001,-0.01142540625,-0.0111031315,-0.01058156825,-0.00976817275,-0.0090157025,-0.0086255395,-0.00810943215,-0.00737155415,-0.0068603543,0.0069462272,0.007393240125,0.00835643225,0.0089021465,0.009301449,0.00968852225,0.01059478975,0.0109236305,0.011570347,0.0121031725,0.01253480625,0.01343209675,-0.01168901725,-0.009976946625,-0.008387722375,0.00851842725,0.010118016,0.011811134000000001
2017-09-14,-0.0010468938,IV_COMBINED,-0.01665378825,-0.015000271249999999,-0.0148751675,-0.014415137875000001,-0.013942161,-0.0133923585,-0.0123622935,-0.01123755325,-0.010828153625,-0.010185407,-0.00927317775,-0.00865569675,0.008477624074999999,0.009102318625,0.01038254525,0.01101166575,0.01150157825,0.01198120775,0.012988550125,0.013641752,0.01441102875,0.014789995,0.01539577225,0.0166957415,-0.014680743999999999,-0.0125391055,-0.010548838500000001,0.010490523,0.01245459925,0.01462656825
2017-09-15,0.006060129,IV_COMBINED,-0.01570306125,-0.014105772875,-0.014029760375,-0.013687333749999999,-0.01314185075,-0.01256008225,-0.011574989,-0.010595927,-0.010210560875,-0.009615418125,-0.008744335800000001,-0.00812245415,0.0080687665,0.00869481275,0.00975906525,0.01038880625,0.01089963,0.011312256875000001,0.012276204,0.0128657515,0.01356859425,0.01406731725,0.01468862825,0.015827133,-0.01383962025,-0.011794264,-0.00992764375,0.009939695875,0.01178884325,0.013845262
2017-09-18,-0.0015901115,IV_COMBINED,-0.01525724,-0.014004991875000001,-0.0130249245,-0.012681824,-0.01190768725,-0.011213003249999999,-0.01054250075,-0.00996313225,-0.009237592874999999,-0.00902130025,-0.008503125,-0.0076413231500000005,0.007245484125,0.008116882675000001,0.00870135175,0.008992729,0.0098789095,0.010435574999999999,0.01173901225,0.0121438765,0.01265196875,0.01291401675,0.01334647375,0.014711892375,-0.013012949749999999,-0.01079623125,-0.009268377,0.009136328374999999,0.01079204875,0.012918645
2017-09-19,0.003398925,IV_COMBINED,-0.016888801250000002,-0.015419688749999999,-0.0145021365,-0.01410517625,-0.01315267025,-0.012423330125,-0.011694768625000001,-0.01096912375,-0.010293055124999999,-0.009989114,-0.009326111125,-0.008415808625,0.00796887665,0.0089341185,0.009602640125,0.009918966874999999,0.0108408605,0.01151980425,0.01292298,0.013346346,0.01389908975,0.0141591015,0.01464158775,0.0162689295,-0.0143979335,-0.01197648325,-0.010224697125,0.010053895125,0.0118723425,0.014215786250000001
2017-09-21,-0.0028169856,IV_COMBINED,-0.01682011,-0.015364534,-0.0144317435,-0.014025042500000001,-0.0131001435,-0.0123905705,-0.011613759750000001,-0.01094473925,-0.01020796775,-0.009942049875000001,-0.00930480025,-0.00837093525,0.007936773900000001,0.00890314735,0.00956419925,0.009887891,0.01081181325,0.01148660375,0.0129005755,0.013298441250000001,0.01384174475,0.01411031725,0.014580127,0.0161945365,-0.01434007975,-0.011917756125,-0.01019061875,0.01002330175,0.011839439625,0.0141630845
2017-09-22,0.0018231698,IV_COMBINED,-0.01770778875,-0.01606031525,-0.015263568250000002,-0.01494461425,-0.01398437725,-0.01319254875,-0.01238953325,-0.011526863,-0.01099044475,-0.010534436000000001,-0.00975865125,-0.008935674250000001,0.008465040625,0.00942883925,0.0101158765,0.01050885925,0.0113858595,0.012134694625,0.0136169125,0.0139113485,0.014451344,0.014988612375,0.015470116249999999,0.016931649,-0.015177929,-0.0126725915,-0.010789634749999999,0.010602506000000001,0.01252698775,0.01487627425
2017-09-25,-0.009781897,IV_COMBINED,-0.01478985175,-0.01362434825,-0.012649003374999999,-0.0123559395,-0.0116053455,-0.01089737975,-0.010209977,-0.009664731624999999,-0.0089938115,-0.008767439,-0.00826437975,-0.00741625425,0.007070712874999999,0.007899086925,0.0084719025,0.00873496375,0.00957874475,0.01016292825,0.0114343855,0.011794195625,0.012290723875,0.012552451,0.0129673285,0.014254968,-0.01265457325,-0.010482980375,-0.00900203725,0.008890966625,0.0104926945,0.0125483205
2017-09-27,-0.008907556,IV_COMBINED,-0.01775935625,-0.016242496999999998,-0.015290244750000001,-0.014907050750000001,-0.01386601,-0.013149657625,-0.01229741975,-0.0114683725,-0.010870064625,-0.0105366555,-0.009796298,-0.00884483875,0.00840974425,0.009384986125,0.0100945945,0.010450688125,0.011401217500000001,0.012154628,0.013581886375000001,0.013979245,0.0145853575,0.014840964375,0.01534751275,0.017065498249999998,-0.0151849145,-0.012615152000000001,-0.0107591645,0.010574485750000001,0.01248587675,0.0149119005
2017-09-28,0.0025591878,IV_COMBINED,-0.017561708999999998,-0.01612560525,-0.01515693475,-0.01472394475,-0.013745343,-0.013073269,-0.012204339,-0.011353832625,-0.01075541575,-0.010445374875,-0.009727603750000001,-0.0087939925,0.008351579525,0.009335093325,0.010005287,0.010389156,0.011333296,0.012082978000000001,0.013489771375,0.013897306,0.01446933825,0.014762019,0.015236166749999999,0.01684198,-0.0150459755,-0.0125087585,-0.010678814375,0.010503005,0.012411443875,0.014786913
2017-09-29,0.0030670613,IV_COMBINED,-0.016994227,-0.015630253,-0.014630591125,-0.01421528325,-0.013274825,-0.01263830625,-0.011797265250000001,-0.010962754375,-0.010378714125,-0.01010244825,-0.00942203325,-0.008512106,0.008074515075,0.009030443075,0.009677346,0.010049514625,0.010957505749999999,0.01168582675,0.013041608375,0.013483427624999999,0.014014185125,0.014290139,0.01474677525,0.01629740425,-0.014550578625,-0.012081525999999999,-0.01032753,0.0101562835,0.012004918625,0.01431668075
2017-10-02,-0.005817814,IV_COMBINED,-0.0132650245,-0.012268316000000001,-0.011313220625,-0.01103274125,-0.0102872085,-0.009730895625,-0.0090411585,-0.008660115125,-0.008004211125,-0.00782230785,-0.0073522069500000006,-0.00662724515,0.00631727165,0.00706129465,0.00765860835,0.007907077375,0.00857906675,0.00909187925,0.010304754499999999,0.010745372625,0.011103195875,0.01132319375,0.011658397000000001,0.0127601155,-0.011316837,-0.009349920250000001,-0.0080385542,0.007984199175,0.00944119475,0.011314366624999999
2017-10-03,0.0012445155,IV_COMBINED,-0.01587237325,-0.014584910999999999,-0.01366966825,-0.013319498499999999,-0.01231622225,-0.01171270425,-0.010910424,-0.01020329825,-0.00967375775,-0.00936863375,-0.008685587,-0.00789169225,0.00748416875,0.00838435425,0.009083628625,0.0093865405,0.010157754750000001,0.01085453775,0.0121969655,0.012682827,0.01313092975,0.01334690725,0.01375167975,0.0151905665,-0.013561142,-0.0112339705,-0.00957238325,0.0094613745,0.011188541125,0.013390593249999999
2017-10-04,0.00020195471,IV_COMBINED,-0.015015044,-0.01382153425,-0.012879588125,-0.012567192750000001,-0.011622005000000001,-0.011058364250000001,-0.010275573999999999,-0.009659014125,-0.00910978575,-0.00886023675,-0.008214198075,-0.007461907975,0.007093365175,0.007935607,0.008611574125,0.00889855175,0.0096466435,0.01026994875,0.011578573875,0.012068863249999999,0.012451705625,0.0126449235,0.013025061625,0.014339974,-0.01281682825,-0.01059646525,-0.00905074425,0.008973152875,0.01060772825,0.012692835999999999
2017-10-05,-0.0047514127,IV_COMBINED,-0.015146381125,-0.013909637125,-0.012989898,-0.012672365125,-0.01170464875,-0.011151954875,-0.010349714999999999,-0.00970954775,-0.0091799335,-0.0089120335,-0.008251099975,-0.007509089775,0.007135376075,0.007988149075,0.008670630450000001,0.008972794625,0.009705591,0.0103472705,0.011643614,0.01215824725,0.01253961125,0.012729678000000001,0.013113511000000001,0.0144319715,-0.0129169975,-0.010676209875,-0.0091067455,0.00902867225,0.01067979,0.012777390999999999
2017-10-06,0.00232526,IV_COMBINED,-0.016471840625,-0.01507036575,-0.014130411999999998,-0.013797089625,-0.012710341375,-0.012134809125,-0.011302729875,-0.010493778625,-0.010016982,-0.00971499775,-0.008939002,-0.008154538725,0.007745062775,0.00863305275,0.009381197375,0.009728340125,0.0105345935,0.011252294875,0.01258851525,0.0131160065,0.013562161625,0.013766659,0.0141839355,0.0156574855,-0.0140368895,-0.01161574225,-0.00988742525,0.00977648475,0.01157408,0.013821620875
2017-10-09,0.00085195206,IV_COMBINED,-0.012674773375,-0.01159278,-0.010733244,-0.01045806025,-0.0097180845,-0.0092291275,-0.00850772185,-0.008188908049999999,-0.007580555925,-0.0073427892500000005,-0.0068695152499999995,-0.0062362585,0.0059862383,0.00667411035,0.007288290925,0.007565900725,0.008135645850000001,0.008630835,0.009774716125,0.010296190125,0.01055938075,0.01073227375,0.01104663175,0.01206065575,-0.0107345655,-0.0088479115,-0.0075733198499999994,0.007571800325,0.0089678745,0.010747515124999999
2017-10-10,0.0052045463,IV_COMBINED,-0.013854837125,-0.01264461925,-0.0117979665,-0.0114960895,-0.0106318455,-0.010100505625,-0.00933138675,-0.00886113075,-0.008339065,-0.0080478354,-0.0074439024,-0.006797511975,0.00649167145,0.007256047075,0.00793850775,0.008234492,0.00881359025,0.009409419625,0.01062499475,0.0111890615,0.01148689275,0.0116099765,0.011962467000000001,0.013166706625,-0.011745578999999999,-0.0096860115,-0.008250176750000001,0.008224962524999999,0.0097384945,0.0116860245
2017-10-11,0.003655198,IV_COMBINED,-0.015915271,-0.01449488525,-0.01360718175,-0.01329109725,-0.0122379615,-0.011676103625,-0.010805617,-0.0101245435,-0.0096204425,-0.00931584525,-0.00855800025,-0.0078180287,0.007440684124999999,0.008305199000000001,0.00905358635,0.0093747475,0.010118954749999999,0.01084021375,0.012125324625,0.01268246525,0.0130959905,0.013249235750000001,0.01364677625,0.015093212625,-0.0135230635,-0.011166777749999999,-0.009498504500000001,0.00940875,0.01114169525,0.013328753
2017-10-12,-0.0005931405,IV_COMBINED,-0.016465606,-0.01501036925,-0.014098099499999999,-0.0137465135,-0.01267991,-0.01210659225,-0.01125208525,-0.010490353000000001,-0.00998159675,-0.009687008375,-0.00889094225,-0.0081238549,0.00772311705,0.008609771125,0.009346936675,0.009699151125,0.010502743625,0.0112447335,0.012543573499999999,0.01309430325,0.01354458175,0.01371901175,0.014145241999999999,0.015605875,-0.014001798,-0.01158574525,-0.00985975025,0.009745228750000001,0.011541842875,0.01378671475
2017-10-13,-0.00028719794,IV_COMBINED,-0.0167204135,-0.015254397250000001,-0.01432287325,-0.0139343925,-0.012859681,-0.012285188875,-0.011456946874999999,-0.01064872,-0.010155056,-0.00986216675,-0.00903307475,-0.008258712875,0.007848297075,0.0087352321,0.0094806045,0.00985344925,0.01067840425,0.01142018725,0.01272443625,0.013291426125,0.01375152175,0.013933878125,0.014376900875000001,0.01584628625,-0.014210814749999998,-0.011773757,-0.01001757275,0.00989339475,0.01172207075,0.0139981145
2017-10-16,-0.0023492482,IV_COMBINED,-0.012494422500000001,-0.011365766499999999,-0.01064838625,-0.010333422,-0.009596286,-0.00906038745,-0.00844047845,-0.008080876775,-0.00761747275,-0.0072409335750000005,-0.006707965475,-0.0061944027,0.00595186805,0.006579798875,0.0071532472,0.007439523975,0.007995342525,0.008517147400000001,0.00957136275,0.01013839525,0.01035216225,0.010629155250000001,0.0109555035,0.01182141975,-0.010570056750000001,-0.00876952,-0.0074569129,0.0074503238,0.008830506174999999,0.01056776875
2017-10-17,-0.00470661,IV_COMBINED,-0.0117105495,-0.01094727925,-0.01035538725,-0.010126424875,-0.0097314995,-0.009454805875,-0.0082563612,-0.008022326,-0.00774332625,-0.007277117,-0.006845673875,-0.00632351515,0.00569554175,0.00609585405,0.006920173425,0.00741464425,0.007807592475,0.008495921825,0.00963133825,0.009928575,0.010246152875000001,0.010485469,0.01112771825,0.011434878375,-0.010394112,-0.008766441525,-0.0075846875,0.00723010035,0.00876699325,0.0104737325
2017-10-18,0.0017001602,IV_COMBINED,-0.011413524125,-0.01067365675,-0.010084929749999999,-0.00986369325,-0.009481063625000001,-0.009217239575000001,-0.0080398264,-0.00782248465,-0.0075638306500000006,-0.0070982715,-0.006682114475,-0.006146941825,0.00556710155,0.0059490095,0.006769553025,0.007261391,0.007629315325,0.0082964768,0.00940011675,0.009684033,0.0099925745,0.010240108,0.010814302625,0.011118247250000001,-0.01012983575,-0.0085456625,-0.0073934101249999995,0.007063019225,0.00856548125,0.010201854875
2017-10-19,0.0058286856,IV_COMBINED,-0.011246055750000001,-0.0104798915,-0.009930716624999999,-0.009711940875,-0.0093417575,-0.009086298875,-0.007913560025,-0.0076923073750000005,-0.0074335455,-0.0069868497,-0.006578015875,-0.0060425525,0.0054719642749999995,0.0058576066,0.0066748495,0.007166394625,0.0075202584,0.00816842425,0.00926628675,0.00954432225,0.0098232095,0.01008994475,0.0106631715,0.0109460685,-0.00997318875,-0.008411285525,-0.0072772049499999995,0.00695819335,0.00844226125,0.010048611
2017-10-20,-0.0061642383,IV_COMBINED,-0.012593594,-0.01174324325,-0.011150466125,-0.0108541615,-0.010401365,-0.010112528124999999,-0.008810923825,-0.00853360305,-0.0083131783,-0.007777411625,-0.0073095521,-0.0067419499,0.006067760925,0.00652658725,0.007361982625,0.007914991325,0.008324904000000001,0.00903197325,0.010217338749999999,0.010546564,0.01092337875,0.01120217475,0.0117663625,0.012214712249999999,-0.01114097825,-0.00938413975,-0.00809500895,0.007699714925,0.0093382765,0.01113367175
2017-10-23,-0.00076497113,IV_COMBINED,-0.01066588575,-0.009894312249999999,-0.00935728525,-0.0090855535,-0.008816744075,-0.00852147825,-0.0074176607749999995,-0.007208873825,-0.00702066205,-0.0066087785,-0.0062225324750000005,-0.005643673175,0.005203195675,0.005586436925,0.0063049912,0.006821769425000001,0.007147366575,0.007656505924999999,0.008749167375,0.0090331535,0.00928577925,0.00968503025,0.01014434375,0.0104083575,-0.009396795,-0.00790519225,-0.006841067375,0.006598231575,0.008011968000000001,0.009524160375
2017-10-24,0.00043568033,IV_COMBINED,-0.0124267205,-0.01149469775,-0.0109544915,-0.01067482325,-0.0102213845,-0.009969996375,-0.008614956075,-0.0083654206,-0.00813610885,-0.00768062455,-0.00720543485,-0.006614261725,0.0059916675,0.00642704765,0.007220013875,0.0077655249249999996,0.0081474903,0.008846652125,0.010060865,0.010381569,0.01072477025,0.01105013725,0.01164603,0.012018616499999999,-0.0109575245,-0.0092081945,-0.00796714775,0.007569416825,0.009174133375,0.010966370125
2017-10-25,0.00313978,IV_COMBINED,-0.011779999,-0.01091611525,-0.0103687675,-0.010118264,-0.0096997195,-0.0094505235,-0.00818582685,-0.0079684666,-0.0077492071,-0.007314158,-0.006864893425,-0.0062688311,0.00572206545,0.0061203944,0.006890017725,0.007404992825,0.0077607450750000005,0.008415320399999999,0.009584819375000001,0.009881644875,0.01018248925,0.010524277,0.011048368,0.011397680125,-0.010392924375,-0.0087445585,-0.0075733745,0.00721560825,0.008738031,0.010419000125
2017-10-26,-0.00878002,IV_COMBINED,-0.023987817,-0.02188486625,-0.021097539999999998,-0.02024466675,-0.01934996325,-0.019029365,-0.0168068495,-0.015857153875000002,-0.015739822125,-0.014648463625,-0.013621224500000001,-0.012739778875,0.010738856625000001,0.012131835625,0.01323906425,0.01368610775,0.015125791375,0.016397921,0.01829353425,0.01922958625,0.019702196249999998,0.01988647375,0.02102348325,0.022082868999999998,-0.020899335999999998,-0.01770614575,-0.0151791975,0.013905816500000001,0.016677965,0.020066333
2017-10-27,-0.010210416,IV_COMBINED,-0.0141457275,-0.01340675025,-0.012520098,-0.012254932999999999,-0.011714077375,-0.01131032025,-0.010137482625,-0.009729856125,-0.0093884035,-0.00885111625,-0.0083111644,-0.007669464525,0.006939716775,0.0075271128250000005,0.00832593815,0.00877447125,0.009250204500000001,0.01009291325,0.0113738045,0.01183421975,0.012130545749999999,0.01240584225,0.0129844055,0.013699061875,-0.01256636175,-0.01061723175,-0.00917438425,0.008683354925,0.010379446875,0.012404408
2017-10-30,0.004007244,IV_COMBINED,-0.0113271545,-0.010565744,-0.01001617875,-0.009760090249999999,-0.0094383156,-0.009087630175,-0.008049078250000001,-0.00781378715,-0.0075276606,-0.007068552625,-0.006644961275,-0.006074696,0.0055906506,0.0060308859,0.0067075668,0.007182840249999999,0.0075715048,0.008148001425,0.009235044000000001,0.00958930375,0.009796957,0.0101796375,0.010650112,0.011112578375,-0.010035786875000001,-0.008498866825,-0.007337925525,0.0070271305249999996,0.0084634055,0.010076798750000001
2017-10-31,0.0018130579,IV_COMBINED,-0.013192850875,-0.012238780625,-0.011665605875,-0.01140739975,-0.01090190375,-0.01061244075,-0.0093201815,-0.009048983375,-0.008708570875,-0.008204238,-0.007688778300000001,-0.007086069925,0.0063731085,0.0068666144,0.0076731231,0.008147248749999999,0.008619088950000001,0.00942003675,0.01060701025,0.01101457125,0.011357428499999999,0.011637976875,0.012281430749999999,0.012780271374999999,-0.011670675,-0.00987115675,-0.008528102249999999,0.0080277893,0.009686272499999999,0.01160814225
2017-11-01,-0.0026132232,IV_COMBINED,-0.011751102999999999,-0.01090492525,-0.0103566935,-0.01013325675,-0.00972020075,-0.00944583235,-0.008298008575,-0.008079924674999999,-0.007759798125,-0.0073014268,-0.0068739033750000005,-0.00628183135,0.005718687,0.006138972225,0.006920412375000001,0.007378489925,0.007782323250000001,0.00844688075,0.0095264725,0.009860300124999999,0.010181844249999999,0.01045365725,0.0109744175,0.01138941825,-0.01039106375,-0.008788051750000001,-0.0075965835,0.007217373274999999,0.008717564649999999,0.01038649025
2017-11-02,0.004643637,IV_COMBINED,-0.012041441125,-0.011147091625000001,-0.010607501375,-0.010389576625,-0.009939715375,-0.009680779,-0.008482930125,-0.0082618795,-0.0079341805,-0.007461178000000001,-0.0070226314500000005,-0.00642709675,0.005808430975,0.006247230025,0.00706418075,0.0075274785,0.0079546475,0.008648009,0.009746942,0.01007577,0.0104196665,0.01066509775,0.01123723025,0.01163995225,-0.01063972075,-0.008993454,-0.0077707126250000005,0.007364286249999999,0.008908435125,0.010623912249999999
2017-11-03,-0.0047792126,IV_COMBINED,-0.01473207075,-0.01368157375,-0.013071501,-0.0127859675,-0.01214670875,-0.01188641625,-0.010432951874999999,-0.010069375375,-0.00972254,-0.0091333895,-0.00857868,-0.0079044517,0.0069929674,0.0075997669,0.008527800674999999,0.008955085599999999,0.0095758015,0.010456321000000001,0.0117454175,0.01222403725,0.012575696375,0.012793603875,0.013528305375,0.014156644,-0.01304654675,-0.0110365575,-0.009514462375,0.00888835075,0.0107052455,0.012846019875
2017-11-06,-0.002693793,IV_COMBINED,-0.00948495225,-0.0088588452,-0.0083161427,-0.008133548375,-0.007916258875,-0.00761770325,-0.006737206475,-0.0065635692,-0.006326096475,-0.00589873635,-0.005610338475000001,-0.0050268065,0.004674783125,0.005077163125,0.00574395595,0.0061243587,0.006515069825,0.006982401625,0.0078737823,0.00815295075,0.00834043575,0.008689520624999999,0.009087342,0.00925799075,-0.00840226125,-0.00711214365,-0.0061434307,0.005976951,0.007237026725,0.008542500375
2017-11-07,-0.0008570692,IV_COMBINED,-0.010800747,-0.00997036275,-0.00943952625,-0.009304336175,-0.008931692,-0.00867280575,-0.0075727555749999995,-0.00737952375,-0.0070617175,-0.0066416328249999995,-0.0062840045,-0.005713759675,0.00517881565,0.005575759725,0.006383238575,0.0068287320499999995,0.007249864275,0.0078265498,0.0088612805,0.00913079075,0.0094527525,0.009668561499999999,0.010240189,0.01043654125,-0.00953598875,-0.008025265725,-0.0069383455,0.0066497917,0.008086997825000001,0.00962431125
2017-11-08,0.0008721747,IV_COMBINED,-0.010743115375,-0.009956219249999999,-0.009390505875,-0.009255668225,-0.008874252624999999,-0.0086195672,-0.007522791250000001,-0.00734520165,-0.0070405123,-0.00660462775,-0.006251737225,-0.00568065875,0.005157503975,0.005532236975,0.006356254425,0.006805361375,0.007216110925,0.007786778075,0.008820185250000001,0.0090797445,0.009423681875,0.0096178115,0.010152031499999999,0.01034305625,-0.00948976475,-0.007983715575000001,-0.006900358475,0.0066164585,0.0080492493,0.009563739625
2017-11-09,0.0033499282,IV_COMBINED,-0.01078858725,-0.0099722475,-0.0094233465,-0.009288654175000001,-0.008893528749999999,-0.00864425795,-0.007534810075,-0.0073640846,-0.0070436262,-0.0066245720000000004,-0.0062695355,-0.00570085415,0.005163898225,0.005538488025,0.0063643015,0.006819331825,0.007222154425,0.007803615275,0.00885502875,0.00911027025,0.009421436,0.00961972075,0.01018378275,0.01037513925,-0.009517454875000001,-0.0080020248,-0.006920660825,0.00662877385,0.008063969875,0.009589131375
2017-11-10,0.0031929736,IV_COMBINED,-0.01133540675,-0.010474431125,-0.0099377595,-0.009777911,-0.00933509315,-0.009092459075,-0.007909484825,-0.007729957975,-0.0074039075,-0.006968221275,-0.00658257735,-0.00600268225,0.005410640175,0.00580808035,0.006651741725,0.007122929225,0.007533895399999999,0.008164281775,0.00926538425,0.009523261,0.009835015249999999,0.010037748875,0.01063314875,0.01088492725,-0.0100030605,-0.0084147135,-0.007275179625,0.006933948475,0.008424848725,0.010028347375
2017-11-13,0.00025937028,IV_COMBINED,-0.009937412625,-0.00921656925,-0.00867336165,-0.00851815725,-0.0082235605,-0.007949578175,-0.006948006575,-0.00676466015,-0.0064891875,-0.0061169571499999995,-0.00578613035,-0.005223058425,0.0047867524,0.005161008075,0.005921854425,0.006350243425,0.00673364525,0.007223326574999999,0.008224078125,0.00848139,0.00872237375,0.0089949875,0.009489346624999999,0.009596256625,-0.00876905565,-0.007364958325,-0.00636807675,0.006165467725,0.0075052561,0.00890268915
2017-11-14,0.0077797645,IV_COMBINED,-0.01081893925,-0.009996255249999999,-0.00945915825,-0.009322711625,-0.008912339049999999,-0.008673367925,-0.0075222625,-0.007345101,-0.00702876605,-0.006638603725,-0.006271137825,-0.0057162291,0.005169375425,0.005537664875,0.006369208425,0.00683311385,0.00722402385,0.007818853399999999,0.00890501235,0.00915299075,0.009436231875,0.00964433675,0.01022808875,0.01042931125,-0.009544723,-0.008005731424999999,-0.00692888775,0.0066410571,0.008085068375,0.00963032675
2017-11-16,0.0015448942,IV_COMBINED,-0.01288824925,-0.0120074395,-0.011425765625,-0.011147207875,-0.010617951375,-0.010394786875,-0.009020651000000001,-0.008746796000000001,-0.008478949749999999,-0.00794319135,-0.00748130655,-0.006895355775,0.00613067395,0.006598667575,0.007510142375000001,0.007983056674999999,0.00847266875,0.00923206625,0.01047905,0.01078905875,0.01112242975,0.01133296375,0.0119983185,0.01235658825,-0.011411127,-0.00961339,-0.00829228765,0.007838240199999999,0.009499961500000001,0.01134908925
2017-11-17,0.00062832475,IV_COMBINED,-0.01207877375,-0.011304481,-0.010412514500000001,-0.010140679125,-0.009698337,-0.009340330249999999,-0.008958581,-0.00845660675,-0.007825634325,-0.007602275075,-0.0071216183,-0.006624331475,0.006083820575,0.006736731675,0.00716653465,0.0075854866,0.00823889215,0.00868808625,0.0093604745,0.01003854525,0.010594812,0.010903356125,0.0109928275,0.011969216,-0.01051252025,-0.0089987335,-0.00782903245,0.0075172906,0.008955258875,0.010591174875
2017-11-20,-0.002788015,IV_COMBINED,-0.0109085095,-0.010169511249999999,-0.009364688875,-0.00912040125,-0.00875870875,-0.00840281005,-0.00807158905,-0.007624007675,-0.00704708625,-0.00687518125,-0.0063850318,-0.005996624575,0.00551131005,0.00611313425,0.006473963125,0.006838625525,0.00745741485,0.007864668875,0.008470101375,0.009102164875,0.009652225,0.009840958625,0.0098955255,0.01078023175,-0.00947198825,-0.00810203675,-0.00705673115,0.006805184475,0.00809435375,0.00958004975
2017-11-21,-0.0019639216,IV_COMBINED,-0.0123161095,-0.01156914275,-0.01065482825,-0.01039727125,-0.00992170025,-0.009566957125,-0.00915516475,-0.00864197325,-0.008008733375,-0.007746958825,-0.00724266275,-0.00676348605,0.006203483274999999,0.00685142185,0.007313605674999999,0.007765138375,0.00842617725,0.008906269750000001,0.009572763375,0.010226515625,0.010837079749999999,0.01113758,0.01125347225,0.012197661625,-0.010754236125,-0.009205531125,-0.0079924075,0.007673490625,0.00916158575,0.01081749875
2017-11-22,0.005193226,IV_COMBINED,-0.012082879,-0.011319163,-0.010418858,-0.010161176125,-0.009707497625,-0.0093575555,-0.00897289475,-0.00846431,-0.0078362111,-0.00759082,-0.007108310749999999,-0.00662839685,0.00608282055,0.006734722525,0.007164806775,0.0075939656,0.008251144424999999,0.008693257874999999,0.00936509825,0.010030075,0.0106135,0.010907155750000001,0.011006309875,0.011969856000000001,-0.01052565425,-0.009009966,-0.0078298791,0.007519718525,0.008962124,0.01059696825
2017-11-23,0.0048202653,IV_COMBINED,-0.011461181,-0.0107165715,-0.009863528,-0.009616497,-0.009211731,-0.008858379500000001,-0.0085135415,-0.008027356874999999,-0.007413770300000001,-0.007229237774999999,-0.006730071975,-0.006296101625,0.0057832014250000004,0.006406097375,0.006800517575,0.007200145525,0.0078287165,0.00826235825,0.008890057,0.00953932175,0.010105289375,0.010356102625,0.0104225545,0.011339728125,-0.00997287175,-0.008535315375,-0.007428229025,0.007141718149999999,0.0085074759,0.010059390375000001
2017-11-24,0.007662744,IV_COMBINED,-0.0114501555,-0.01070393675,-0.00985331825,-0.0096051455,-0.00919831575,-0.008849896999999999,-0.008513741125,-0.008017428375,-0.0074183645,-0.007203017175,-0.006709250575,-0.0062921024249999995,0.005771244525,0.00639887725,0.0067986152,0.0071911317499999995,0.007831379625,0.008253635275,0.008883758125,0.009522550875,0.01011027775,0.01034069225,0.010420332000000001,0.011331227250000001,-0.00996149,-0.008530549824999999,-0.0074143392,0.007136775275,0.0085001195,0.010053629250000001
2017-11-27,-0.0012702567,IV_COMBINED,-0.0110580395,-0.01031043275,-0.009491006,-0.009250999499999999,-0.008877185375,-0.008537138325,-0.008210258075,-0.007738036875000001,-0.007163147375,-0.006968782,-0.00646460425,-0.00608073055,0.005565971225000001,0.006177786825,0.0065504884,0.006931570025,0.007570576125,0.00799096125,0.008588571,0.009190626375,0.009813361875,0.009963476875,0.010028788,0.010911096625,-0.009606759125,-0.008227917375000001,-0.00715785855,0.006890678775,0.00820903105,0.009706488875
2017-11-28,-0.0041721594,IV_COMBINED,-0.013128334375,-0.012343010375000001,-0.011385556500000001,-0.011095260124999999,-0.0105804115,-0.0102178375,-0.009749359499999999,-0.009220171875,-0.008578442125,-0.00822892475,-0.00773288635,-0.007212319575,0.006581511175,0.007275406325,0.007783893925,0.008277779249999999,0.00898800825,0.00948779925,0.010184751625,0.010843357625,0.01153495225,0.0118376765,0.012011737,0.012992406125,-0.011472970625,-0.0098302735,-0.00852242825,0.008162714125,0.00975520325,0.011513441125
2017-11-29,-0.0016737499,IV_COMBINED,-0.01281186375,-0.01202609875,-0.011084443,-0.0107778485,-0.0103106585,-0.009943784625,-0.009503915125,-0.0089850695,-0.008335364375,-0.0080492133,-0.0075617441,-0.0070248005,0.00642841915,0.007116655875,0.007586885825,0.00805940615,0.008747293875,0.009221776375,0.00991798,0.010606215,0.01123268375,0.01153889725,0.011677931249999999,0.01269534425,-0.011174050875000001,-0.0095705155,-0.00831292275,0.0079594468,0.0094970705,0.01122603125
2017-11-30,0.0061395112,IV_COMBINED,-0.013048930375,-0.012255624625,-0.011301981249999999,-0.01097902325,-0.01050512725,-0.010133638,-0.0096706755,-0.009149611375,-0.008489472,-0.008187925125,-0.0076972065,-0.007146280025,0.006540986175,0.007235773,0.007723092825,0.008205095249999999,0.008906155,0.009384586,0.010093889,0.0107888555,0.011429245250000001,0.011738931000000001,0.011897041375,0.012936157,-0.0113844685,-0.009749075875,-0.008462932175,0.008099979,0.009665731125,0.01142903775
2017-12-01,-0.004756464,IV_COMBINED,-0.013607077125,-0.012777813249999999,-0.011808157625,-0.011458956875,-0.010956956375,-0.01058227775,-0.010072603375,-0.009544811625,-0.0088704436,-0.00851524575,-0.008026143999999999,-0.007447429425,0.006807978125,0.00753237725,0.008053474375,0.008555028249999999,0.00929101725,0.009774147,0.0105170185,0.01121643525,0.011909418625000001,0.01222563875,0.012427604,0.013518554,-0.01187661575,-0.010175658875,-0.008823181749999999,0.008440373250000001,0.01007257025,0.01191780625
2017-12-04,-0.001376718,IV_COMBINED,-0.0123062565,-0.011496901,-0.01059784475,-0.01032879475,-0.009873840875,-0.009532242,-0.00912046925,-0.008609303825,-0.00797634965,-0.00773416975,-0.007242766675,-0.00672365025,0.0061564644000000005,0.006826074125,0.007267445575,0.007692167725,0.008398672999999999,0.00883186975,0.00951813625,0.01016258825,0.01083197575,0.01101646,0.01114286175,0.012199361,-0.01070760675,-0.00916724225,-0.007968426675,0.0076333586249999995,0.009091461625,0.010770984625
2017-12-05,-0.0014229829,IV_COMBINED,-0.01309560875,-0.012280129875,-0.01133469325,-0.01102043575,-0.01053304025,-0.01017627875,-0.0097022975,-0.009181744,-0.0085235208,-0.008215114124999999,-0.007725164925,-0.007170015525,0.00656288815,0.00724913485,0.00775650485,0.00822593415,0.008949209625,0.009421108125000001,0.010137934000000001,0.010802356375,0.011474602,0.0117637735,0.011934845749999999,0.01297183725,-0.01142109875,-0.00978370675,-0.00849366295,0.0081311341,0.009699592125,0.011464315499999999
2017-12-06,-0.003778394,IV_COMBINED,-0.01276562925,-0.011942275,-0.011018495,-0.01073338075,-0.01023808,-0.00989241175,-0.009455380499999999,-0.0089345025,-0.00828916035,-0.007996258,-0.007524916624999999,-0.006981325,0.00639846415,0.007078865925,0.0075589515,0.0079999808,0.0087155345,0.009155794,0.0098677305,0.0105411025,0.011175068,0.011460783,0.011608797125,0.01264361675,-0.011114355,-0.009517989875,-0.008265882575,0.00792390955,0.00943996475,0.011167263125
2017-12-07,9.5429255e-05,IV_COMBINED,-0.0126820575,-0.01188654125,-0.0109612335,-0.01066454875,-0.010184765750000001,-0.009834233250000001,-0.0093975345,-0.008884469375,-0.008230531150000001,-0.0079631277,-0.0074734832000000005,-0.006937504949999999,0.006363207925,0.00703401365,0.0075148689,0.00795972395,0.008662856,0.00911998075,0.0098158965,0.010489038875,0.011124398,0.0114061875,0.011538768250000001,0.01256416775,-0.0110504295,-0.00946160025,-0.00821856375,0.007878168500000001,0.009392929250000001,0.0111064535
2017-12-08,-0.0029412818,IV_COMBINED,-0.01436487375,-0.01347747425,-0.012517600875,-0.01211187625,-0.011586426375,-0.011194155875,-0.010634605625,-0.010101982,-0.009411464750000001,-0.009000423575,-0.00848839925,-0.007878043474999999,0.007175865275,0.007917664974999999,0.008525011375,0.009039151125,0.009837434375,0.01037371775,0.011134898,0.0118014425,0.012598437,0.012891211125,0.01314840925,0.0142603655,-0.0125469615,-0.0107719615,-0.009332601,0.008918175,0.010655282,0.012588710749999999
2017-12-11,0.0034076937,IV_COMBINED,-0.0117392055,-0.010922191500000001,-0.0100856245,-0.009821286125,-0.0094034655,-0.009046270875,-0.008692844375,-0.008195774425,-0.0076108505,-0.007389129175,-0.006901253975,-0.006426521925,0.005878218625,0.00653068245,0.00695920835,0.00734450985,0.008033760325,0.00843248725,0.009099699749999999,0.009720264875,0.01037669325,0.010496232375000001,0.010595977749999999,0.011628734125,-0.010186484124999999,-0.0087262729,-0.007591790225,0.0073003143250000005,0.008681338,0.01028427375
2017-12-12,-0.0055538043,IV_COMBINED,-0.01217472325,-0.011393187625,-0.01052544375,-0.01027056575,-0.009796777,-0.00942598275,-0.009048089,-0.008529348999999999,-0.007922828100000001,-0.007674002,-0.0071634150749999995,-0.006681770025,0.006117655575,0.0067618294,0.00725255815,0.007644880925,0.0083607125,0.0088098195,0.00948222725,0.01009487875,0.010764458000000001,0.010955085125,0.011076213125000001,0.0120518755,-0.010612247500000001,-0.009090338625,-0.00789490425,0.0075949966,0.009050545,0.01069393075
2017-12-13,0.0024161774,IV_COMBINED,-0.0125443865,-0.01176497325,-0.010872952,-0.010595668499999999,-0.01010113675,-0.00972442575,-0.0093218625,-0.00880088625,-0.008168571925,-0.00790473405,-0.007391920624999999,-0.0068837935,0.00630798165,0.0069642622,0.0074785157000000005,0.007890422225,0.0086101315,0.009082871374999999,0.00977555475,0.01041108925,0.01106826575,0.0113113525,0.0114419615,0.01243060725,-0.010946118,-0.009377739625,-0.008141151825,0.007827289125,0.009334065999999999,0.0110254955
2017-12-14,0.0016825508,IV_COMBINED,-0.01682256075,-0.01578724975,-0.01477298575,-0.0141952745,-0.013553530250000001,-0.013087349750000001,-0.012466141375,-0.011776071374999999,-0.010951764,-0.01039642025,-0.00987512475,-0.00921546975,0.00842452825,0.0093165595,0.01002249175,0.01062424,0.011440500125,0.01210687425,0.013026509,0.01377431175,0.0147050195,0.01509816275,0.01550288675,0.0168186895,-0.01468919275,-0.0126108625,-0.01087008725,0.010446117625000001,0.012459257625000001,0.014765483999999999
2017-12-15,-0.0011830135,IV_COMBINED,-0.01289354075,-0.012027523,-0.01115799325,-0.010769029125,-0.01035000075,-0.009970990375,-0.0095381415,-0.00902523925,-0.008346405250000001,-0.00811121865,-0.0076321947999999995,-0.007053595425,0.00649892775,0.007194991475,0.0076601892,0.008103122125,0.0087888055,0.00923193075,0.00995405475,0.01070195975,0.01126543575,0.011631997750000001,0.011751520125,0.01286600375,-0.01120221725,-0.009607754,-0.0083586475,0.008019393725,0.009541982375,0.011307794749999999
2017-12-18,0.004086819,IV_COMBINED,-0.01060990825,-0.009136897625000001,-0.00907103275,-0.0086011093,-0.008313877925000001,-0.008059245175,-0.00739530685,-0.0069762438,-0.00653665775,-0.006290652175,-0.0059160327,-0.00545938,0.005671099075,0.006279649825,0.006847704525,0.0071586103,0.007477161375,0.0080748995,0.00879920725,0.0090215235,0.009486448500000001,0.00956683025,0.0099121395,0.010758694875,-0.008944207874999999,-0.007607697275,-0.006540310725,0.007014964375,0.008215341325,0.00959560275
2017-12-19,-0.00018626862,IV_COMBINED,-0.01161895475,-0.01019044675,-0.010096107,-0.009561909,-0.009221556,-0.00893916,-0.008200369999999998,-0.0076427436500000005,-0.0072133132,-0.0068176213,-0.0065119417,-0.0059771979999999995,0.00618726235,0.00681380335,0.0075020967,0.0078146973,0.00812139995,0.00885676985,0.00959853725,0.009845650249999999,0.0103530885,0.01046333375,0.010810860125,0.01171345,-0.009906405,-0.008418339,-0.007177732924999999,0.007644620225,0.00897094775,0.010464316750000001
2017-12-20,0.006191735,IV_COMBINED,-0.01207274275,-0.010648498624999999,-0.010578308875,-0.010014180000000001,-0.009657804,-0.00937638275,-0.008538841,-0.007961691875,-0.00753597875,-0.007091660325,-0.006809156525,-0.006234526875,0.006440915625,0.007043791225,0.0077957310250000005,0.008131289425,0.0084357533,0.009214115625,0.0099472695,0.01021487125,0.010722966,0.0108441,0.011222182375,0.01216976,-0.01035392125,-0.008798240625,-0.00749468375,0.007932692075000001,0.00931450575,0.01085540975
2017-12-21,-0.0018952321,IV_COMBINED,-0.012669183,-0.01123255225,-0.01117403,-0.010609934500000001,-0.01025033325,-0.009956252,-0.008987749375,-0.00840782625,-0.007972778925,-0.007472446075,-0.00719127335,-0.006573075075,0.006791360525,0.00736037095,0.008168811175,0.008554761624999999,0.00885580075,0.009671721875,0.010423168,0.010716603500000001,0.011250516,0.011384657875,0.0117715775,0.01277441725,-0.01094365125,-0.00929972725,-0.007920174799999999,0.008319902175,0.00977802175,0.01138725675
2017-12-22,-0.0021818543,IV_COMBINED,-0.01261366375,-0.0111611355,-0.011125148000000001,-0.0105723385,-0.010211892,-0.00989521925,-0.00893391925,-0.008379999249999999,-0.00793497635,-0.007444581,-0.00717529285,-0.0065491304,0.006768097725,0.0073266175,0.0081125573,0.00851703325,0.0088233105,0.00961172725,0.01037663625,0.01067997675,0.01122133625,0.01135143125,0.011717498375,0.0127119105,-0.01089085025,-0.009253852375,-0.007888844425,0.0082814437,0.00973602775,0.0113414715
2017-12-27,0.005063291,IV_COMBINED,-0.0094899055,-0.0080591755,-0.008015756,-0.007581965249999999,-0.00732979675,-0.007075214825,-0.0065602284,-0.00613703755,-0.0058069367,-0.0055354331,-0.0051736806250000005,-0.004828362025,0.0050475371249999994,0.00566651405,0.006129661925,0.00633269785,0.006678252975,0.0071620768250000005,0.007928709125,0.008069071375,0.00851110125,0.008576173875,0.00888834875,0.009554213749999999,-0.007907211825,-0.00671903455,-0.0057499457,0.00629013515,0.0073355822749999995,0.0085902895
2017-12-28,0.0035686938,IV_COMBINED,-0.0110561865,-0.00968752975,-0.009595692749999999,-0.009029506125,-0.008705638875,-0.00841105325,-0.00779111275,-0.0072422931,-0.00685114345,-0.0063831398,-0.0061288361999999996,-0.0056410122,0.005876234825,0.00652641915,0.007155737225,0.0074035724500000006,0.00773793905,0.00840797125,0.009135928500000001,0.00937567125,0.009871571749999999,0.0099882835,0.0103005285,0.01106243675,-0.009377982625,-0.00797825925,-0.00676126705,0.007286451825,0.008534738574999999,0.009949226875
2017-12-29,0.006059144,IV_COMBINED,-0.011552393125,-0.01017927275,-0.01009783575,-0.0094915215,-0.009176741,-0.00886895175,-0.008151289625,-0.007605294125,-0.0071806567750000005,-0.006715791525,-0.0064661180500000005,-0.0059225168,0.006147817125,0.006799202900000001,0.0074632083750000005,0.007742118500000001,0.008051951175,0.0087933805,0.00952695575,0.009790449375,0.01029251975,0.0104216185,0.010744232,0.01157321,-0.0098537765,-0.00838080595,-0.0071157345,0.007597827125,0.00890720475,0.010385473499999999
2018-01-02,0.0029349185,IV_COMBINED,-0.009942561249999999,-0.008557401374999999,-0.008468359625,-0.007929500075,-0.007703742325,-0.007436879824999999,-0.00691408715,-0.00647169075,-0.0060891056,-0.005763740675,-0.005423904125,-0.0050415448,0.005254929125,0.0059559833749999996,0.00643315125,0.00663226865,0.00696702825,0.007513477125,0.00826881625,0.00842737525,0.00886448025,0.0089595135,0.009284473,0.009950145375,-0.008314017,-0.0070760246750000005,-0.0060275525,0.0065759818,0.007668220875,0.008959057749999999
2018-01-03,-0.0018426713,IV_COMBINED,-0.012389280375,-0.011026954,-0.01091594475,-0.01022925725,-0.009946584750000001,-0.009620786499999999,-0.008812919,-0.008192599475,-0.0077376026,-0.007195447525,-0.0069642040999999995,-0.006356631,0.00655800075,0.007276669125,0.008012760925,0.008302044,0.00859546875,0.0094373355,0.0101997455,0.010456331000000001,0.010995362,0.011159948999999999,0.0115318555,0.012376207625,-0.01064257275,-0.0090559705,-0.0076659336,0.008128528825,0.00953890825,0.01111190025
2018-01-04,0.004292916,IV_COMBINED,-0.01289422175,-0.011459605000000001,-0.011387673000000001,-0.010735694,-0.010453743500000001,-0.010108184000000001,-0.0091487235,-0.008560663,-0.008096316925,-0.00757353165,-0.0073139847,-0.0066655707500000005,0.006868588724999999,0.007519545375,0.008302149324999999,0.008669153125,0.008959666875,0.00979468725,0.010589929875000001,0.01090942575,0.011436683874999999,0.011602368375,0.012002898,0.012902862,-0.011130289875,-0.00946031225,-0.0080443867,0.008447975625,0.00992316125,0.0115683595
2018-01-05,-0.0032060149,IV_COMBINED,-0.013486443625,-0.01202152475,-0.0119591135,-0.0113321895,-0.01103002925,-0.01069582825,-0.009592608625,-0.008999772375,-0.0085404535,-0.007975749175,-0.007682974975,-0.0070205626,0.007227022675,0.007826161075000001,0.00867169665,0.009105841125,0.009386893,0.0102421685,0.011048456,0.011401218500000001,0.0119481945,0.012128902,0.01254955225,0.01352673725,-0.011713203,-0.009957554875,-0.00847497725,0.0088320455,0.010382452125,0.012094832
2018-01-08,-0.0050663385,IV_COMBINED,-0.010731340125,-0.00931501425,-0.00924041775,-0.00869709225,-0.008420857,-0.008161844375,-0.0074942011,-0.007051442725,-0.006619103175,-0.006316663525,-0.0059777159,-0.00552940845,0.0057321489,0.006369513375,0.0069378055,0.00719424325,0.007502511625,0.008135272825,0.0088713175,0.00910880475,0.0095499755,0.00966483325,0.01002401,0.01079688725,-0.00906523,-0.007713402,-0.0066074148,0.007082659325,0.0082736355,0.009670198750000001
2018-01-09,-0.0038088113,IV_COMBINED,-0.0116298845,-0.01023823225,-0.01013727975,-0.009571689875,-0.009258579375000001,-0.008961031125,-0.008211715425,-0.0076672539,-0.0072249441,-0.00680714415,-0.0065203349,-0.0059838328,0.00619332155,0.0068365335749999995,0.0075184351,0.00780465175,0.0081061565,0.0088548454,0.009601851125,0.009840792375,0.010328625625,0.01046229125,0.01082596425,0.0116612575,-0.0099318835,-0.008440445250000001,-0.007187919575,0.007651259400000001,0.008965959124999999,0.01045169825
2018-01-10,0.0044328165,IV_COMBINED,-0.01168174325,-0.010255446750000001,-0.010193838,-0.0096096845,-0.009289899125,-0.008989892875,-0.008225103249999999,-0.007690560175,-0.00725950675,-0.006831094775,-0.006553013975,-0.005993759475,0.006211440225,0.00684437785,0.0075294130750000006,0.007841150325,0.008143202625,0.008875658575,0.009627161625,0.0098730745,0.0103540345,0.01048931375,0.01085988,0.011707168,-0.009965332625,-0.00847178025,-0.0072116642,0.0076711189,0.008995297,0.010484263875
2018-01-11,0.0055425777,IV_COMBINED,-0.0126437705,-0.011175123,-0.011154971,-0.010502985749999999,-0.010176448,-0.0098967535,-0.008953754250000001,-0.00836091525,-0.00794816525,-0.0074192958,-0.007145471825,-0.0065150219,0.006729966875,0.007346002375,0.00814690265,0.0085180235,0.0088001315,0.009627041499999999,0.01038073725,0.01065108425,0.011144522,0.011306594,0.011739887000000001,0.012686039999999999,-0.010879016,-0.009262912125,-0.00786749175,0.008280747875000001,0.009726505,0.011320454
2018-01-12,0.008141449,IV_COMBINED,-0.01488521225,-0.01355169625,-0.01338026375,-0.012714680125,-0.012363581625,-0.012223330375,-0.01078874575,-0.010035727000000001,-0.00961386475,-0.008918264625,-0.00856058275,-0.0079739041,0.008146296225,0.00866986625,0.009750401,0.01012637175,0.0103809485,0.011473322000000001,0.012168207875,0.01261528025,0.0131919375,0.0135012065,0.01401157475,0.0150937675,-0.0131476995,-0.01120838675,-0.009542361625,0.00982314425,0.01153001175,0.01341615325
2018-01-15,0.009189693,IV_COMBINED,-0.012060735,-0.010714704625,-0.010597299125,-0.009998427375,-0.009676753,-0.0095131205,-0.00849519375,-0.008045322399999999,-0.0075760472,-0.007249836375,-0.006891299950000001,-0.00638192835,0.006553825375,0.007118738775,0.0078968061,0.00817487675,0.0084787875,0.00932472625,0.009972397,0.01022467175,0.0106557705,0.01084479025,0.011327413750000001,0.01225976175,-0.010392747875,-0.008845396875,-0.00761630135,0.008004110825,0.009359115500000001,0.010888003625
2018-01-16,-0.0024969873,IV_COMBINED,-0.015152505125,-0.013784291375,-0.013596390875,-0.01294360225,-0.01262179175,-0.012349424500000001,-0.01093401425,-0.010272123125000001,-0.009755652,-0.0091368905,-0.008728291,-0.008066471549999999,0.008228191475,0.008795219875,0.00986681375,0.010315691,0.010578844,0.01170469725,0.012399584,0.01282658075,0.013415073999999999,0.013625192375000001,0.014156341499999999,0.015412568375,-0.013370323,-0.01138152075,-0.00971064,0.00997373075,0.011724802,0.01364202975
2018-01-17,0.0010726512,IV_COMBINED,-0.01391513625,-0.01257444375,-0.012407791,-0.0118188985,-0.01147932025,-0.01127637075,-0.009961326749999999,-0.009414363375,-0.00891211475,-0.008485473875,-0.008039106124999999,-0.007492677125,0.00764029625,0.008140851825,0.00911671625,0.00948320675,0.0097903695,0.010753015875,0.0114484665,0.0118432285,0.01233793875,0.012589508749999999,0.013136011749999999,0.01423146175,-0.012212833374999999,-0.0103943935,-0.00894159825,0.0092273395,0.010812913,0.012599421375
2018-01-18,-0.00030839708,IV_COMBINED,-0.015528724,-0.01395227475,-0.013538991,-0.01304961825,-0.012490573750000001,-0.01200367025,-0.01107391475,-0.01020804325,-0.00974238375,-0.00905996675,-0.00837273225,-0.0080892385,0.008152207,0.008709341375,0.009358811,0.00983930125,0.01020556375,0.011187061,0.011959078625,0.012390072,0.01329332,0.013580403500000001,0.0139994435,0.0149505185,-0.013404972,-0.01131340075,-0.00954673025,0.009677000750000001,0.01135428125,0.0133184865
2018-01-19,-0.0014329447,IV_COMBINED,-0.01690014125,-0.0151831025,-0.01470591425,-0.01414142875,-0.013561209875,-0.0131002485,-0.01203610275,-0.011174953,-0.0106239275,-0.0098780875,-0.009114210000000001,-0.00882970475,0.008733861125,0.0093953245,0.010084873250000001,0.010682662124999999,0.011034362125,0.0119983855,0.0129406705,0.01344921625,0.01439552725,0.01465964175,0.01518538975,0.016203719,-0.014577225625,-0.01232822875,-0.010419440875,0.01043781775,0.012263144,0.01443490475
2018-01-22,0.0026374,IV_COMBINED,-0.01545108475,-0.01381263425,-0.01339942425,-0.01287873475,-0.012362929875,-0.01195815475,-0.010981340625,-0.0101849735,-0.00974405625,-0.009076243,-0.00835957125,-0.008105702,0.00805978985,0.00867176025,0.00933720575,0.009855556125,0.010138905875,0.01105230175,0.011850280250000001,0.012339060624999999,0.0133443425,0.01353412775,0.013933998999999999,0.01485199425,-0.013292707625,-0.01125359,-0.009536929125,0.00961158825,0.011286234625,0.013263935000000001
2018-01-23,0.0032203982,IV_COMBINED,-0.015363541500000001,-0.013771697749999999,-0.013322340625,-0.01283470925,-0.012339622,-0.0119424005,-0.010959199749999999,-0.010166447125,-0.00968348225,-0.009007566,-0.00829903175,-0.008044340875,0.0079982265,0.008623183375,0.009306206375,0.009828601499999999,0.010135739749999999,0.01099834075,0.0118259165,0.01226931175,0.01318667525,0.01346321125,0.0138369665,0.01475139175,-0.01325039425,-0.011214774125,-0.0094919575,0.0095778545,0.0112503625,0.01317405275
2018-01-24,0.0071491404,IV_COMBINED,-0.015070612625,-0.01349462225,-0.01305396025,-0.012597539750000001,-0.012091934,-0.0116805805,-0.010749694,-0.00995284,-0.0094900025,-0.008825253,-0.008136032,-0.007889057025,0.007884667225,0.008466666825,0.009147604,0.0096497885,0.0099479385,0.010840845,0.01161559925,0.01201241625,0.012950998,0.013227274625,0.01358628225,0.01447077125,-0.012987057625,-0.010985415625,-0.009296752375,0.00941249475,0.0110562895,0.012927213375
2018-01-25,0.009889314,IV_COMBINED,-0.025334127749999998,-0.022838347749999998,-0.021959508750000002,-0.02119100425,-0.020369316999999998,-0.01968462025,-0.0180062935,-0.01695230625,-0.0157873095,-0.01472501525,-0.013594206875,-0.013128125375,0.012539917000000001,0.013591362,0.014678729750000001,0.01583546125,0.016403944,0.01742345075,0.01935618975,0.01988799975,0.020911584,0.0213129315,0.02254421525,0.02411213175,-0.021883483500000002,-0.01847800725,-0.015616855125,0.0153140285,0.018066395,0.0213624245
2018-01-26,-0.005838988,IV_COMBINED,-0.020879947,-0.01864538575,-0.01785292525,-0.01724723575,-0.016609144,-0.01611937,-0.014769696749999998,-0.01385943425,-0.012995405,-0.012278360125,-0.011197068375,-0.010879793125,0.01055924075,0.011390409625,0.01230416975,0.0131245145,0.013490970000000001,0.0144787635,0.016022681625,0.0164927255,0.017601405,0.0178522755,0.0186476035,0.02002873775,-0.01790021625,-0.01511936625,-0.012866805125,0.0127534945,0.014993840999999999,0.01775863
2018-01-29,-0.0060553555,IV_COMBINED,-0.016253199,-0.01442751525,-0.013966383374999999,-0.01336539125,-0.012841682375,-0.012408543125000001,-0.011395388,-0.010617244625000001,-0.010179372749999999,-0.00954995,-0.008791855325,-0.008505920824999999,0.0085397205,0.00913635225,0.00978997175,0.01033280075,0.010534327,0.01161287775,0.012445023749999999,0.012902102875,0.0141756475,0.01436459525,0.01470355575,0.0157430975,-0.013859267000000002,-0.0117133865,-0.0099747025,0.010089079249999999,0.01185792475,0.013993885
2018-01-30,0.004340504,IV_COMBINED,-0.0182097845,-0.016406957,-0.015807498,-0.015202354999999999,-0.014568892,-0.014144478125,-0.012866312999999999,-0.0120348255,-0.0114294005,-0.010682060875,-0.009854655,-0.00951719075,0.0093786725,0.01012595225,0.0108910615,0.01150588725,0.0118473995,0.012850995,0.013970099375,0.01455374575,0.01555981375,0.01578776625,0.01641062825,0.017619910000000003,-0.01570649375,-0.013256503,-0.011246642500000001,0.011242636625,0.013192429875,0.015622839749999999
2018-01-31,0.003695747,IV_COMBINED,-0.0195109495,-0.017486448,-0.0168704085,-0.016218745,-0.015516535,-0.015070042125,-0.013736325,-0.01290206075,-0.01221585,-0.011410009,-0.01050901425,-0.01015596975,0.009954847499999999,0.010761977625,0.0115897785,0.012304275375,0.012647762375,0.013649122625,0.01491335575,0.0155272685,0.01651968275,0.01678758675,0.01751078825,0.018767403250000002,-0.016760544999999998,-0.014158938,-0.01200941925,0.011973544249999999,0.01406042125,0.0166476995
2018-02-01,0.0010471226,IV_COMBINED,-0.0183329245,-0.0164332445,-0.01580009625,-0.0152287105,-0.014570812125,-0.014178965,-0.012947600875,-0.01214959725,-0.011479222125,-0.010736416,-0.00984949725,-0.009527269,0.00939908725,0.0101741345,0.010948780375,0.011630385,0.01195673175,0.012852582,0.01405384025,0.01461479275,0.015555649000000001,0.015855638499999998,0.01645712,0.0176153905,-0.01574893125,-0.01331109625,-0.0112883495,0.01130651525,0.0132698355,0.015659358749999998
2018-02-02,-0.0026701214,IV_COMBINED,-0.019422237000000002,-0.01743259075,-0.0167658275,-0.016159845,-0.0154476395,-0.015017393125,-0.01372584675,-0.012908832,-0.01216208025,-0.011334869375,-0.010425754499999999,-0.01007682375,0.009909636,0.01071461625,0.01153912125,0.01229433425,0.012659604750000001,0.01357983075,0.01487195575,0.015433764,0.01638865325,0.0167179345,0.01740837225,0.018653457,-0.01669594075,-0.014115996625,-0.011952734999999999,0.011938987,0.01402473175,0.01655124075
2018-02-05,-0.00128339,IV_COMBINED,-0.014417369875,-0.012867203,-0.012387062875,-0.01196729675,-0.0114304905,-0.0111096865,-0.01023136475,-0.00951350725,-0.00906820375,-0.00848341525,-0.007775894049999999,-0.0075395633499999995,0.0076464529000000005,0.008218584125000001,0.00884261675,0.009311035375,0.009551147375,0.0103860655,0.01114400525,0.01155226425,0.0126234165,0.01279012025,0.013043141500000001,0.013969280875,-0.012358409,-0.01046196475,-0.008884413375,0.009080561625,0.0106364745,0.012466421
2018-02-06,-0.006109583,IV_COMBINED,-0.017495657,-0.01576922475,-0.01522126375,-0.0146841725,-0.013997281625,-0.013619391750000001,-0.0124588215,-0.01164560825,-0.01101404125,-0.010204395625,-0.0094509785,-0.009137260375,0.009057672999999999,0.009759498,0.01051542225,0.0111388255,0.01151850325,0.01242516775,0.01347132275,0.013974285,0.01491973875,0.015246549,0.01575728325,0.0169274955,-0.015113146124999999,-0.0127918255,-0.010811527,0.010864483875,0.01276007275,0.01501002525
2018-02-07,-0.004168457,IV_COMBINED,-0.01955780775,-0.017559723125,-0.01696239425,-0.01633403075,-0.01558009675,-0.015143863,-0.0138700805,-0.01298329275,-0.01225642625,-0.0114070875,-0.010556095,-0.010208921,0.01003351375,0.0107892865,0.011617196125,0.012341375,0.012743183375,0.013764201625,0.01502172675,0.015548035500000001,0.0165867,0.016885667,0.01757170775,0.0189150785,-0.016835105,-0.01424321125,-0.01205985225,0.01204098175,0.01415123075,0.016728649625
2018-02-08,-0.0026656229,IV_COMBINED,-0.017824922,-0.0160122185,-0.015385781000000001,-0.014872805,-0.014200386375,-0.013853759,-0.01267507325,-0.011860523500000001,-0.0111908245,-0.01047230325,-0.00962048925,-0.009335440375,0.00920512625,0.0099357415,0.010696457999999999,0.011350411375,0.011696187875,0.01258199475,0.01376141775,0.014268025625,0.015258039625,0.015529299375,0.016024265625,0.017253465,-0.015352817500000001,-0.012993192125,-0.0110285035,0.011058986,0.01298386225,0.0153130425
2018-02-09,-0.00096087647,IV_COMBINED,-0.020154322000000002,-0.01808823125,-0.017462455,-0.016828759,-0.016052809875,-0.01562763225,-0.014267992875,-0.013406712500000001,-0.012643771125,-0.0117856995,-0.010900867625,-0.010547368,0.010304861875,0.0111071395,0.01199068975,0.0127460015,0.013149585,0.01413730625,0.01550766225,0.0160683025,0.01709085175,0.0173836375,0.018091555750000002,0.0195327255,-0.017350351,-0.01468171275,-0.01245365575,0.012411988374999999,0.014584838499999999,0.017258219999999998
2018-02-12,0.0023363212,IV_COMBINED,-0.014938132,-0.013325447625,-0.01288574825,-0.0124344245,-0.01185962325,-0.011568326,-0.010611535125,-0.009871881249999999,-0.0094223715,-0.008827633250000001,-0.008127566499999999,-0.007881811325,0.00790654935,0.00850811025,0.009183659,0.0096433375,0.009893528625,0.01076455925,0.01161167575,0.012061169,0.013139326,0.013314438750000001,0.013534391125,0.014622241499999999,-0.012825191,-0.010871972,-0.00925544325,0.00942070425,0.011045508625,0.012993761
2018-02-13,0.0065799723,IV_COMBINED,-0.016371847250000002,-0.01471383475,-0.01425543925,-0.013736952125,-0.013095926875,-0.01275887,-0.0116507685,-0.01086446575,-0.0103330825,-0.00957795825,-0.00889430075,-0.008595822,0.008566793375,0.009226371,0.009957106,0.010499392375,0.010823718750000001,0.01174963775,0.012674485,0.01318165275,0.014142834125,0.01440934175,0.01480971275,0.01596859125,-0.01413548625,-0.01197252525,-0.0101382835,0.01024969475,0.012031315,0.014155456
2018-02-14,0.0035983974,IV_COMBINED,-0.017802129,-0.016023900124999997,-0.015460650499999999,-0.01493319075,-0.01423945575,-0.0138649935,-0.01269333575,-0.011869416375,-0.011198140249999999,-0.010399361749999999,-0.009622509,-0.009320430125000001,0.00920193375,0.009926726875,0.0107010935,0.011363019124999998,0.0117424395,0.01265182175,0.013770253875,0.01426312675,0.01520741525,0.0155345235,0.01602258,0.017269158875,-0.01537273425,-0.013017307,-0.011015342375,0.011068489249999999,0.013012411500000001,0.015306506625
2018-02-15,0.005992747,IV_COMBINED,-0.0177619735,-0.015943978249999997,-0.015432472375,-0.014871441249999999,-0.01417680025,-0.01369141525,-0.012577652875,-0.011622239375,-0.011069465125,-0.010355027250000001,-0.00962973825,-0.00926484375,0.00932659775,0.009921473375,0.01069441825,0.01116045475,0.0115941325,0.012691077875,0.01375223425,0.01418196725,0.0152342915,0.015504635249999999,0.01609787575,0.0173927605,-0.015289121499999999,-0.012878649,-0.01091265275,0.01105777125,0.012940506875,0.01533182575
2018-02-16,-0.0023510165,IV_COMBINED,-0.0174194355,-0.01569121825,-0.01512921525,-0.01461503625,-0.013916162499999999,-0.0135583385,-0.012401162375,-0.011583650000000001,-0.010959874750000001,-0.01024539275,-0.0094415935,-0.00915458725,0.009074671624999999,0.0097790115,0.0105087745,0.01111476575,0.011462186000000001,0.0124052595,0.013458209625,0.014035085125,0.0151060795,0.015314348,0.01570877575,0.01701126175,-0.01504003825,-0.0127264475,-0.010796712,0.010856570624999999,0.012750954,0.01506388275
2018-02-19,-0.0041316594,IV_COMBINED,-0.012607771,-0.01155473725,-0.011085289875000001,-0.010707604249999999,-0.010324334,-0.009865098,-0.00917337725,-0.008776333625,-0.0083099005,-0.008216345,-0.0075357866,-0.0069733335,0.00692781815,0.007250019999999999,0.0078372357,0.008325348825,0.008734033625,0.009253923625,0.01050074575,0.010923845500000001,0.01116128625,0.011631381,0.011838456,0.013178658624999999,-0.01101190875,-0.009442000249999999,-0.00827337925,0.008249970675,0.0096890865,0.01152059875
2018-02-20,-0.0044890665,IV_COMBINED,-0.014298385375,-0.01319483825,-0.0125995225,-0.012214592,-0.011698729750000001,-0.0112810845,-0.01032768475,-0.0099007655,-0.009345303249999999,-0.009225737500000001,-0.0084839015,-0.00785181775,0.007718551325,0.008022520925,0.00866995575,0.009241336749999999,0.00970125375,0.01039415475,0.01181044,0.012171377,0.012526006249999999,0.012945082375,0.013200604,0.014667494500000001,-0.012537526,-0.01069087225,-0.009348661250000001,0.00918454425,0.010818453625,0.012875184250000001
2018-02-21,-0.0017537978,IV_COMBINED,-0.0154866205,-0.01432958375,-0.013728025,-0.01326704025,-0.01265811475,-0.01221810525,-0.01117816925,-0.01074622425,-0.01013021025,-0.01003286475,-0.009183036,-0.00851111625,0.008344064075000001,0.008683603750000001,0.00928640325,0.009872815,0.01043277475,0.01121708325,0.0127349975,0.01311395225,0.01349804025,0.01390262225,0.0142454415,0.01583066425,-0.013591892250000001,-0.011600146875,-0.01013826925,0.0098963685,0.0116320585,0.013884619
2018-02-22,0.00020696624,IV_COMBINED,-0.014369390249999999,-0.013492258375,-0.012949852750000001,-0.012651317875,-0.012107992625,-0.01179351625,-0.01097976375,-0.010368518125,-0.009799520499999999,-0.009677152750000001,-0.00887920035,-0.008344682625,0.00785988575,0.00852260275,0.008932882625,0.00955316225,0.0104448655,0.01130942225,0.01257340225,0.0131285665,0.013307240750000001,0.013892642,0.0141614885,0.016035053,-0.01288289575,-0.0111782345,-0.009812614,0.009666727875,0.01155469825,0.013841149875
2018-02-23,-0.0018662727,IV_COMBINED,-0.015281273750000001,-0.014192137625,-0.013545384875,-0.01308765275,-0.01252251475,-0.01202095475,-0.011053148875,-0.01061569425,-0.009993393,-0.00989817925,-0.009069095000000001,-0.008423571500000001,0.00821768725,0.0085899385,0.00919031975,0.009779567375,0.0103249335,0.0110901275,0.01255660325,0.012948167,0.01332727825,0.0137290835,0.01404735275,0.0156444245,-0.01342090675,-0.011445714499999999,-0.010005499000000001,0.009775896249999999,0.011496062625000001,0.01370476525
2018-02-26,-0.0007320258,IV_COMBINED,-0.0116453745,-0.010640253,-0.0101693075,-0.009876333625,-0.00949725975,-0.009073158250000001,-0.00842044525,-0.008068223,-0.007656817225,-0.007577652225,-0.006923141,-0.00640764385,0.00640732975,0.00669661385,0.007253562525,0.0077268221249999994,0.00815863975,0.00855150175,0.0096700795,0.010135831,0.01032946125,0.01078071775,0.01098079125,0.0121629185,-0.01014647525,-0.008677590249999999,-0.0076099637500000004,0.00763724525,0.008977551875,0.010655815875
2018-02-27,-0.004197109,IV_COMBINED,-0.01315959125,-0.012342271,-0.0117637535,-0.011562215375,-0.0110639105,-0.010863371625,-0.010063626499999999,-0.0094187005,-0.00897752425,-0.0087956145,-0.0080669013,-0.007581094425,0.007171055375,0.007750911225,0.0082459314,0.008876282,0.0096450295,0.01037931325,0.011511592000000001,0.01212908,0.01223059825,0.01274785975,0.012974924125,0.01467295775,-0.01179827225,-0.01021739575,-0.00894513625,0.008864903625,0.01063201525,0.0127038305
2018-02-28,-0.0034847911,IV_COMBINED,-0.015719761750000002,-0.0146178055,-0.013959437375000001,-0.013534011875000002,-0.012869466,-0.012460133875,-0.0113475015,-0.010916107625,-0.010278488625,-0.01020208775,-0.00929748825,-0.008667332125,0.00846158025,0.0088411385,0.009405197375,0.01001618425,0.010616647625,0.01140223525,0.01291795475,0.013343512,0.013724612,0.0141006585,0.014459162250000001,0.016054283250000002,-0.013840235999999999,-0.01179233425,-0.01030863025,0.01004850375,0.011810735749999999,0.0140999055
2018-03-01,-0.0015796204,IV_COMBINED,-0.015188097000000001,-0.014099103625,-0.01353736225,-0.013082701,-0.012488573,-0.012024087749999999,-0.0109873815,-0.01057053025,-0.00998919725,-0.00990734575,-0.009037157,-0.00841356325,0.0082157265,0.0085921895,0.00917975425,0.00975778025,0.01030555525,0.01108222025,0.0125673795,0.01296212275,0.01331194875,0.013754139875,0.01403583425,0.01565276275,-0.01337651275,-0.011421711875,-0.0099905375,0.009772121,0.011493415,0.0137060095
2018-03-02,0.010822528,IV_COMBINED,-0.016265553,-0.015138536499999999,-0.01454682175,-0.0141099265,-0.01343526475,-0.0129839955,-0.011775232375,-0.011328947124999999,-0.01070327,-0.010632096,-0.009683994875,-0.0090855735,0.008778652625000001,0.009213676875,0.0097916555,0.0104099095,0.011023032625,0.011865155249999999,0.01344681,0.013873601999999999,0.014295196875,0.014705574625,0.01503763075,0.0167821565,-0.01438665575,-0.01226765275,-0.010742921624999999,0.0104507655,0.0122900965,0.014687079374999999
2018-03-05,0.0015017943,IV_COMBINED,-0.0180038315,-0.016778224,-0.01618630225,-0.01558848475,-0.014846394875,-0.01437401975,-0.01303587,-0.01254478425,-0.01184451375,-0.01177542025,-0.01070179475,-0.010110131625000001,0.00968001075,0.01020957,0.0107338765,0.011372982,0.01207726275,0.013096755250000001,0.01485901825,0.01523475075,0.015732256,0.01620300225,0.01660886625,0.018496199499999998,-0.015918191249999998,-0.0135970985,-0.01190123025,0.011511947625000001,0.013521804125,0.01618621825
2018-03-06,0.0056823045,IV_COMBINED,-0.014249688625,-0.013205320999999999,-0.01270662225,-0.012219002875,-0.0117872355,-0.0112302135,-0.010331452500000001,-0.00992369975,-0.009442510625,-0.009334304875000001,-0.00854671125,-0.00795175475,0.0077253028250000005,0.008124475150000001,0.008733943000000001,0.009285893125,0.0097438275,0.010482181125,0.01186827575,0.012227482250000001,0.0125328765,0.01307349225,0.013236489,0.0148277475,-0.012538293,-0.010726900000000001,-0.009397336624999999,0.009239165375,0.010890733750000001,0.01293857425
2018-03-07,0.00039917504,IV_COMBINED,-0.014496410500000001,-0.01343942775,-0.012880421500000001,-0.012440758750000001,-0.011938602625000001,-0.01147547075,-0.01047637075,-0.010049342250000001,-0.009531383000000001,-0.009422942125,-0.0086259585,-0.00803789325,0.007845496325,0.008210458625,0.0088075,0.009382791375000001,0.009861171375,0.010591717,0.0120094375,0.012373759375,0.012734774625,0.01319044925,0.0134221405,0.0149476765,-0.012758134375,-0.010882597,-0.009522321625,0.0093468125,0.011007113124999999,0.013097558125
2018-03-08,-0.0060956753,IV_COMBINED,-0.018117004625000002,-0.017032737375,-0.0166258845,-0.016148704,-0.01540010075,-0.014899477250000001,-0.013801878875,-0.013197834625,-0.012329739875,-0.01225886025,-0.01120563725,-0.01074458975,0.00979215315,0.010800362249999999,0.01102954725,0.01178650325,0.0129864455,0.0141972905,0.01582215225,0.0162708815,0.01668386175,0.01745145375,0.017770313500000003,0.020050611,-0.0163196045,-0.01417096325,-0.01246127975,0.01208613225,0.01444876925,0.01731956425
2018-03-09,-0.00069583143,IV_COMBINED,-0.01512234875,-0.01426777475,-0.0137772275,-0.013398536499999999,-0.01293404175,-0.012446790874999999,-0.01169956525,-0.01102340925,-0.010408867625,-0.010323529375,-0.009453179625,-0.008943763875,0.008266157824999999,0.009127904124999999,0.009425989625,0.009997772,0.011039627,0.01194548125,0.013315190250000001,0.013703313875000001,0.01399019275,0.01460739275,0.014862367000000001,0.01691282875,-0.01363389825,-0.01187117225,-0.0104381345,0.010234974,0.012181092375,0.014556778624999999
2018-03-12,-9.335533e-05,IV_COMBINED,-0.01113770025,-0.010169053875,-0.00973026925,-0.009405727499999999,-0.0091290095,-0.00866704025,-0.008068336475,-0.007723524475,-0.0073586792,-0.0072923124499999995,-0.0066678168,-0.006136849825,0.0061711496,0.006469618025,0.00698544785,0.0074404927,0.007855720875,0.0082358611,0.00927216575,0.00969300475,0.0098977935,0.01043909675,0.01061726975,0.0116797085,-0.0097017065,-0.00830957025,-0.0072975087,0.007350820425,0.008648667,0.01023198925
2018-03-13,0.0064836703,IV_COMBINED,-0.01370079975,-0.01265403,-0.012062622,-0.011667901375,-0.011224284125,-0.01080352175,-0.0098643235,-0.00946294275,-0.008971412,-0.008850774,-0.0080905745,-0.007467395675,0.007407071025,0.0076860144,0.00827098375,0.0088313895,0.009339683750000001,0.0099604225,0.011270019124999999,0.011650717,0.011970129125,0.01243193475,0.012677399,0.01397087475,-0.012010107249999999,-0.01023296425,-0.00893504175,0.008794755,0.010366690250000001,0.012307828125
2018-03-14,-0.0029625045,IV_COMBINED,-0.01306745625,-0.012078882499999999,-0.011468112499999999,-0.01112714875,-0.010699007,-0.01024910425,-0.009425565,-0.0090284705,-0.0085655935,-0.008455625750000001,-0.0077460211250000004,-0.0071160499249999995,0.007099184425,0.007370465525,0.00793452435,0.008469424,0.00896004225,0.0095362995,0.01077875125,0.01113914875,0.01138944725,0.01189529175,0.01214915,0.013360756750000001,-0.011444319500000001,-0.009747369,-0.008519054125,0.00842859375,0.00992796175,0.0117634505
2018-03-15,-0.0033588146,IV_COMBINED,-0.01222296925,-0.011266163374999999,-0.010659528125,-0.01038646325,-0.0100209645,-0.0095769245,-0.00881995075,-0.008436128,-0.0080120435,-0.007897913749999999,-0.007260561525,-0.0066377309,0.0066710493499999995,0.0069089957,0.007490250175,0.00798396275,0.00845645925,0.008946872375,0.01010956525,0.01048965525,0.010709350500000001,0.011208348,0.011459184625,0.01254691875,-0.010694697,-0.009100915250000001,-0.007961851675,0.007927264,0.009341041625,0.011062935
2018-03-16,-0.0032235472,IV_COMBINED,-0.0125187875,-0.011565904125,-0.010954202375,-0.01068300725,-0.010269064500000001,-0.0098689505,-0.009034604,-0.00865293075,-0.00821633635,-0.00810831585,-0.007430673425,-0.006816129425,0.00683629725,0.007077336075,0.007652018425,0.008178605625,0.00866061925,0.0091731775,0.010365353625,0.010747604125,0.011002320749999999,0.011474576875,0.011710357875,0.012841149625,-0.01098114275,-0.00934540475,-0.00817540025,0.00811832475,0.00957046625,0.011333357375
2018-03-19,0.003888913,IV_COMBINED,-0.0114985795,-0.01058779025,-0.0100375295,-0.009794249750000001,-0.00942171575,-0.009061143375,-0.008312461175,-0.007950957425,-0.007566731175,-0.00747877035,-0.006818449125,-0.006280334525,0.0063444716749999994,0.0065643772,0.00711887345,0.007617384475,0.008059236375,0.008488811249999999,0.009578848000000001,0.009995016125,0.010214144375,0.01066969775,0.01088936775,0.01189376025,-0.0100726955,-0.00858576475,-0.007517931175,0.00753316145,0.008882796,0.01051422775
2018-03-20,-0.0046811453,IV_COMBINED,-0.01314950675,-0.012206387249999999,-0.011589855625,-0.011268656125,-0.010765361375000001,-0.010414834750000001,-0.009480872375,-0.009094632125,-0.008630584875,-0.00852384025,-0.007760967824999999,-0.007167255775,0.00714873735,0.007396455125,0.007995598999999999,0.0085452035,0.00904266075,0.00963314675,0.010883680875,0.0112874875,0.011529504749999999,0.01195875525,0.01220918275,0.013455888,-0.011560948750000001,-0.009842156250000001,-0.00859230625,0.00849342675,0.01001268975,0.011873149
2018-03-21,-0.0001833823,IV_COMBINED,-0.0141158275,-0.013093513499999999,-0.012139479875000001,-0.011832468625,-0.0115496375,-0.0113420325,-0.010595866125,-0.0099793285,-0.009469080500000001,-0.008919621124999999,-0.0077184615,-0.0073296768499999995,0.0072468005,0.007963783875,0.008552914875,0.009424750249999999,0.009935073125,0.01049062125,0.01113278675,0.011644703,0.01238709375,0.012926561,0.013558390125,0.014442819249999999,-0.012386695625000001,-0.0107051575,-0.009057824249999999,0.0089662715,0.01078195825,0.012633158750000002
2018-03-22,0.0034440039,IV_COMBINED,-0.015620773000000001,-0.01441696175,-0.01351648175,-0.0131250395,-0.01285522075,-0.0125870555,-0.01177389275,-0.011123309875000001,-0.0104779175,-0.009893548,-0.00862471175,-0.008171277825,0.007942825575,0.00872532675,0.009388476375,0.0103381955,0.01089895475,0.01151252325,0.0122354755,0.01281291725,0.01367997425,0.014209317,0.014959509749999999,0.015926448750000002,-0.01372101,-0.011895732000000001,-0.01007998075,0.0098382115,0.01183889375,0.013922865125
2018-03-23,0.003907664,IV_COMBINED,-0.015004695,-0.013884830625,-0.012994675,-0.01262077325,-0.012330748374999999,-0.0120740125,-0.011310810250000001,-0.01063408425,-0.010085425,-0.009510139,-0.008265803625,-0.0078461972,0.0077147076,0.008435874624999999,0.009086864875,0.00997318525,0.0105415275,0.011159722,0.011823468,0.01233729825,0.013178309249999999,0.01368196675,0.014359385875,0.01534637225,-0.013183012375,-0.011419801625,-0.009666047375,0.0095204885,0.0114359735,0.013408967
2018-03-26,0.0065527204,IV_COMBINED,-0.011628243625,-0.010877348375,-0.009945641875000001,-0.009705606,-0.009514278875,-0.00927491075,-0.00878511225,-0.0081806744,-0.0078883776,-0.007377594350000001,-0.006276827325,-0.0059422277,0.00615433965,0.006663460249999999,0.007227918349999999,0.007946179675,0.008477643175,0.0088560045,0.009377792,0.0097874365,0.0103256005,0.010856923375,0.0113295915,0.012112072,-0.01020007725,-0.0088149435,-0.00741044655,0.007580230875,0.00910290875,0.0105864985
2018-03-27,-0.0025595224,IV_COMBINED,-0.012938146125000001,-0.012108448125,-0.01109848275,-0.01081599825,-0.01063070975,-0.010413298750000001,-0.00977417775,-0.009171552999999999,-0.008734253,-0.008181602999999999,-0.007027028,-0.0066921536,0.00672916875,0.0073936896,0.007907057175,0.00875846575,0.00924759025,0.009747852500000001,0.01035035575,0.01077991225,0.011415887125,0.011975519125,0.012546983,0.013380678375,-0.01138132025,-0.00983835375,-0.0082971275,0.0083255725,0.01001595675,0.0116947635
2018-03-28,-0.004737881,IV_COMBINED,-0.013150383,-0.012277546,-0.011282367,-0.01098358675,-0.010804960249999999,-0.010565420499999999,-0.009921480875,-0.009302269125,-0.0088707345,-0.008321671499999999,-0.007140107825,-0.00680465065,0.006831565125,0.0074908335,0.0080224414,0.008875408,0.009383612375,0.009889152625,0.010496371,0.01093138075,0.01158487425,0.01212584375,0.01271238,0.013571942125,-0.011556379375,-0.009988454125,-0.00842682375,0.008444964249999999,0.0101540775,0.011859389125
2018-03-29,-0.0050025117,IV_COMBINED,-0.0135464605,-0.012624671875,-0.011637377125,-0.011321045125,-0.01113343,-0.010881452,-0.010214602,-0.009579961250000001,-0.00911870025,-0.0085759775,-0.00737523535,-0.007021512325,0.0070105717,0.0076942646,0.00824207725,0.0091063315,0.009623716125,0.01015699625,0.01077221925,0.0112180845,0.011918389125,0.01245114275,0.01305306275,0.01395254825,-0.011901412,-0.01028641875,-0.008686827625,0.00866856925,0.01042208125,0.012182861
2018-04-03,-0.002181328,IV_COMBINED,-0.012453377,-0.01164165025,-0.01064818775,-0.010386622875,-0.010217372125,-0.0099631085,-0.0093996145,-0.0087872275,-0.008408624125,-0.00787391525,-0.006733235075,-0.00641232155,0.006511384475,0.007123759825,0.007641454275,0.008445763625,0.008960424,0.009419170625,0.0099909285,0.010408948875,0.01099593925,0.01152871425,0.01207349925,0.012898078375,-0.0109324265,-0.009441352125,-0.007953961625,0.00804559025,0.00966900025,0.011273479
2018-04-04,0.0024925582,IV_COMBINED,-0.01342314825,-0.0125134165,-0.011515955625000001,-0.01121581375,-0.011017061875000001,-0.010778259625,-0.010119371125,-0.0094977155,-0.00902747325,-0.00848915875,-0.0073010258750000005,-0.006955720875,0.00693252195,0.007631166125,0.00816885535,0.00902903,0.009525829999999999,0.01005498375,0.010670022,0.011120713375,0.011810831625,0.012344119375,0.012947053,0.013815087375,-0.01178954025,-0.010187755125,-0.008604376,0.00858567925,0.010324797,0.01207274175
2018-04-05,-0.005132394,IV_COMBINED,-0.013445006875,-0.01252318625,-0.011538888,-0.011237424749999999,-0.011035087625,-0.010791304125,-0.01012959825,-0.0094961795,-0.009045764,-0.008503600375,-0.007316889825000001,-0.006970295,0.0069500763249999995,0.007640537524999999,0.008183337625,0.00903146175,0.0095416725,0.01007036,0.010679773625,0.011130861625,0.011827865875,0.0123547515,0.01294951275,0.01383045675,-0.011806402,-0.010200346499999999,-0.008615654,0.00859907975,0.010335604,0.012083693749999999
2018-04-06,0.003660825,IV_COMBINED,-0.01390439375,-0.012915935,-0.011949835374999999,-0.011621483375,-0.011415945625,-0.0111812855,-0.010481285375,-0.00984650275,-0.009353714625,-0.00879439125,-0.0075891728,-0.00721909215,0.0071517235749999995,0.0078598725,0.008437262875,0.009313359125,0.00983499675,0.01036961125,0.011012512,0.0114727905,0.012214040875,0.01273758575,0.013373335,0.01427210825,-0.01220780875,-0.01056252475,-0.00892608925,0.008859273875,0.010653613125,0.012468957374999999
2018-04-09,0.0036677667,IV_COMBINED,-0.01099415375,-0.010301092,-0.0093433445,-0.009116937375,-0.008935378875,-0.00874516425,-0.008319886,-0.007727756025,-0.00747145195,-0.006968865925,-0.005907221425,-0.0055885940000000005,0.0058363757749999995,0.00632132235,0.0068702689,0.007568101875,0.008066174625,0.008428488075,0.008915244125,0.0092962995,0.0097955305,0.010318106,0.010753555,0.011504162625,-0.009618545875,-0.0083215205,-0.00698752025,0.00720187735,0.00865922275,0.01005295825
2018-04-10,0.0014864494,IV_COMBINED,-0.012382594,-0.0116095485,-0.01056661475,-0.010306417,-0.01016141625,-0.0099474265,-0.00936189725,-0.008769187125,-0.00836923075,-0.0078138125,-0.00669256725,-0.0063754070000000005,0.0064483596,0.0071003341,0.00759287715,0.008427434250000001,0.008884102500000001,0.009366691875,0.00994017175,0.010347206,0.010947380999999999,0.011502083125,0.01203280875,0.012832999500000001,-0.01088148,-0.0094028715,-0.00791968035,0.00799316875,0.00962409675,0.01122011275
2018-04-11,0.0037781536,IV_COMBINED,-0.0131643745,-0.0122957365,-0.0113057155,-0.01096963425,-0.01081965625,-0.01057475625,-0.00991111725,-0.00928420875,-0.0088753765,-0.008326429875,-0.007131927875,-0.0067921181,0.006826664625,0.00751447715,0.00804578475,0.00888755325,0.009339047999999999,0.009925843,0.010449878,0.0108711335,0.011626085250000001,0.012122870000000001,0.012630559,0.013573367874999999,-0.0115648315,-0.00999023475,-0.008421888125,0.00843517025,0.0101450385,0.0118302045
2018-04-12,-0.0053356346,IV_COMBINED,-0.0130452495,-0.012157648875,-0.011156295125,-0.010850014125,-0.0107077925,-0.010483055750000001,-0.009828674875,-0.0092418105,-0.008816202249999999,-0.008245714,-0.0070710853,-0.006733082475,0.006758128675,0.007414322825,0.007949928525,0.00878982675,0.0092938725,0.0098009325,0.010388211750000001,0.010815475250000001,0.01148215025,0.0120167625,0.012595112,0.013439779375,-0.011448752,-0.009905208,-0.0083549495,0.008360892875,0.010057921625,0.01174414575
2018-04-13,0.00023337104,IV_COMBINED,-0.0126987045,-0.01185126075,-0.01083337675,-0.01054699,-0.0104027805,-0.010179695249999999,-0.00956761475,-0.00896263225,-0.008579815000000001,-0.008014377375,-0.0068588833749999994,-0.006531205275,0.0065965990999999995,0.007238547025,0.0077547743750000005,0.008581288,0.009081083625,0.0095710005,0.010141279875,0.010557129375,0.011188728625,0.0117251535,0.012268001625,0.0131044445,-0.0111358865,-0.00962462675,-0.008109358875,0.008162456799999999,0.009819961125,0.011451916999999999
2018-04-16,0.0042136186,IV_COMBINED,-0.010559946625,-0.009907024625,-0.00891848875,-0.008691584,-0.00850020325,-0.00837525675,-0.0079845325,-0.0074238310000000005,-0.00717115005,-0.00667616345,-0.005643411175,-0.005329762675,0.0056047006,0.006079667725,0.0066076955,0.0073012062,0.007763469324999999,0.0081375631,0.008580398999999999,0.008948709374999999,0.0094165415,0.009964114375,0.010362726375,0.011083362749999999,-0.00920680325,-0.007974651975,-0.00668968505,0.00692718625,0.00834935025,0.00967834775
2018-04-17,-0.002269625,IV_COMBINED,-0.0119424735,-0.0112117615,-0.010141025,-0.009880581499999999,-0.009732781874999999,-0.009573397125,-0.0090273425,-0.008447924499999999,-0.0080746516,-0.0075216676750000004,-0.006417064775,-0.006104980925,0.00622366475,0.00686160165,0.0073335279,0.00816368,0.00859571,0.00906512225,0.009604428250000002,0.00999493375,0.010570374875,0.01112742775,0.011624161000000001,0.012393909750000001,-0.010468198750000001,-0.0090528685,-0.00761300705,0.00772378665,0.009311274,0.0108375615
2018-04-18,0.0028513728,IV_COMBINED,-0.012276558,-0.011489463875000001,-0.010443578625,-0.010174406,-0.010026551,-0.009844693500000001,-0.00927146425,-0.00867944825,-0.00829679975,-0.007731011275,-0.006603611525,-0.00629241155,0.006378863525,0.0070282419249999995,0.007509601925,0.00835167,0.008802781374999999,0.009290767,0.009845566625,0.010251490375,0.01084023575,0.011387124375,0.011918748625,0.012693063125,-0.01076233475,-0.00930719675,-0.007830234825,0.007913011075,0.00953558225,0.011109820749999999
2018-04-19,-0.0035523153,IV_COMBINED,-0.0121420315,-0.01137009575,-0.01032702875,-0.010063797624999999,-0.009911726625,-0.00973267325,-0.0091799505,-0.00858588825,-0.0082163043,-0.00765362495,-0.0065315179000000004,-0.006220069125,0.00632322175,0.00695954,0.0074421909750000004,0.008269745,0.00873086025,0.00920779675,0.00975668575,0.01015915525,0.010732754625,0.01127723875,0.011805079874999999,0.0125686435,-0.010644064750000001,-0.009208369000000001,-0.00774475455,0.0078424996,0.00944846525,0.011004464
2018-04-20,-0.0044154665,IV_COMBINED,-0.01245218075,-0.01164109175,-0.010606359249999999,-0.010337381,-0.01019214975,-0.00999557375,-0.00940180375,-0.0088048745,-0.008424932999999999,-0.007850795725,-0.006717315125,-0.0064017441,0.006458693325,0.0071178057,0.00761404705,0.00844806,0.008905352,0.00939290825,0.009961619500000001,0.01038141675,0.01098931575,0.01153528075,0.012073460500000001,0.01284809575,-0.010923675375,-0.009446709,-0.007954060825,0.00801150375,0.00964864375,0.011250781999999999
2018-04-23,-0.005453765,IV_COMBINED,-0.00971041925,-0.00889221225,-0.008692803125,-0.008459624624999999,-0.008134378625,-0.007794423,-0.0070672813000000004,-0.0066083635,-0.00631850725,-0.005876512025000001,-0.005323435075,-0.004780679175,0.005405484225,0.0057934405,0.00644129645,0.0066909453,0.0070160501,0.007599882925,0.007852970425,0.007984926625,0.0086520577,0.00875387195,0.009473722875,0.010256379500000001,-0.008598211875000001,-0.007296275875000001,-0.00607668265,0.006501848525,0.0075827445,0.008844011249999999
2018-04-24,0.001051428,IV_COMBINED,-0.012149139,-0.011283861374999999,-0.011062652,-0.01081658875,-0.01031866825,-0.009857692125,-0.009028451,-0.0084295295,-0.008057780975,-0.0074474619499999995,-0.0067501595,-0.0061194692,0.006572033925,0.007154369275,0.00792288015,0.008220728825,0.0086508835,0.00944969325,0.0098770545,0.0101206625,0.010733008875,0.010887488875,0.0115438065,0.012733220625,-0.0108851895,-0.009287221,-0.0077208628000000005,0.008035444249999999,0.00941716925,0.01100155075
2018-04-25,-0.0041938834,IV_COMBINED,-0.012202619500000001,-0.011292118125,-0.011089992125,-0.0108115985,-0.010360402125000001,-0.009886179,-0.009066391375,-0.008487167125,-0.008094895474999999,-0.0075022416249999994,-0.0068077376,-0.00613368285,0.0066232624,0.007164868925,0.00795635,0.0082640478,0.008711654175,0.009459817875,0.00987927225,0.010151307,0.010750721,0.0109323475,0.01160929575,0.012734371750000001,-0.010910583,-0.0093249255,-0.007763401875,0.008067081875,0.009449427625,0.011024993875
2018-04-26,-0.005199618,IV_COMBINED,-0.014932416,-0.013964823125000001,-0.0136877835,-0.01338981675,-0.012724945750000001,-0.012198041,-0.01125949125,-0.010549791,-0.009980885625,-0.009275665375,-0.00848222975,-0.0076516762499999995,0.00799637635,0.008639269750000001,0.009583552450000001,0.00991448775,0.0106281325,0.0115553355,0.01211085925,0.01252973275,0.013147645,0.0134956275,0.013858618375,0.015482824499999999,-0.01344200825,-0.01153519825,-0.009631480500000001,0.0097916381,0.011540888499999999,0.0134259355
2018-04-27,-0.00047685156,IV_COMBINED,-0.014014384375,-0.0129882605,-0.01274186525,-0.012384774625,-0.011874210875,-0.01134738575,-0.01046478525,-0.009845296875,-0.00929582025,-0.00867353255,-0.00792636975,-0.0070956148,0.00754547775,0.0080927859,0.00905222075,0.009345129924999999,0.00997071225,0.01086173775,0.011322858500000001,0.0117008535,0.01230297575,0.01256724375,0.0131571895,0.01448954,-0.01252180325,-0.010739031,-0.008977639425,0.009196811,0.010813536625,0.012594683124999999
2018-04-30,-0.0028451874,IV_COMBINED,-0.01047862175,-0.009516147374999999,-0.009347742499999999,-0.009063232,-0.0087584033,-0.008403267675000001,-0.00764030535,-0.0072165361,-0.00686061185,-0.00640774295,-0.00580105305,-0.005167266875,0.00580961705,0.0062017315,0.00693806435,0.00719742285,0.007562078075,0.008164063249999999,0.008446625,0.00865816075,0.009323400124999999,0.009415085425,0.01020922375,0.010977127625,-0.0092439345,-0.0078936929,-0.00659917335,0.006991623225,0.00815705465,0.00952290725
2018-05-02,-0.008818399,IV_COMBINED,-0.011529033250000001,-0.0105715575,-0.010370007375,-0.01014291875,-0.009764965375,-0.00931827425,-0.00849245675,-0.007979275925000001,-0.00759971725,-0.0070522655,-0.006396725725,-0.005733397875,0.006314238175,0.006800483425,0.007571321625,0.00786070745,0.008243638000000001,0.008960220625,0.009351441375,0.009605646875,0.010266068625,0.010361441375,0.0110601985,0.012068894625,-0.01026534975,-0.008751946,-0.007295988075,0.00765622475,0.0089554898,0.01047044975
2018-05-03,0.00026735733,IV_COMBINED,-0.014326704374999999,-0.013297589125,-0.013031624,-0.012731179875,-0.012136362749999999,-0.011633968750000001,-0.01072236975,-0.01003661575,-0.00950940175,-0.008827916,-0.00806660575,-0.007268492075000001,0.0076828795,0.008276746925,0.00922860275,0.009507429750000001,0.010164582,0.011103033125,0.011600054,0.011994595,0.012596020749999999,0.012859751374999999,0.0133952525,0.014887939999999999,-0.012825160625,-0.01098679575,-0.009166719575,0.00939057295,0.011046969875,0.0128947725
2018-05-04,-0.0020990053,IV_COMBINED,-0.0156539515,-0.014506853375,-0.0141893075,-0.013827033999999998,-0.01315911475,-0.01260029375,-0.011711974875,-0.0109705655,-0.010328942,-0.009644227275,-0.008862074975,-0.007953697374999999,0.008330280150000001,0.008917564925,0.010028714250000001,0.01028263725,0.0110634095,0.012130384875,0.01256814775,0.01306767525,0.013640603250000001,0.013969589000000001,0.014563546,0.016209861625000002,-0.01394945,-0.01196021675,-0.010006171500000001,0.010181623,0.012002833375,0.014009967
2018-05-07,-0.0015708619,IV_COMBINED,-0.01099564125,-0.00996890975,-0.009812048125,-0.009460876,-0.00912934875,-0.00875394705,-0.008047416375,-0.0076162234,-0.0072169192,-0.006751728,-0.0061170335499999996,-0.00542516075,0.00602805615,0.0064479049,0.007245544275000001,0.00747184715,0.007885416,0.008599489174999999,0.008890368675,0.009086106875,0.00970212575,0.00978968075,0.01068954775,0.011516814125,-0.0096617445,-0.008289310875,-0.00693281845,0.0072994583,0.008527360250000001,0.00997699275
2018-05-08,-0.00538686,IV_COMBINED,-0.013335069,-0.0123202205,-0.0120845345,-0.01178428525,-0.011290307500000001,-0.0107989205,-0.009926765125,-0.00935604675,-0.008819775575000001,-0.008216026675,-0.007498620649999999,-0.006724538225,0.007195543375,0.0077373966500000006,0.008678102,0.008945056375,0.009474467,0.01037280675,0.010824739,0.011200250875,0.011786216,0.011922069,0.012572984875,0.01389442,-0.011905760750000001,-0.010197208749999999,-0.00851882985,0.00878204935,0.01030782775,0.012055722
2018-05-09,-0.00091294263,IV_COMBINED,-0.01406023275,-0.01298797475,-0.012709805250000001,-0.01237279,-0.01185792925,-0.011355005625000001,-0.010487779249999999,-0.0098833455,-0.009297324249999999,-0.008687020325,-0.00795136925,-0.007125152475,0.007554564875000001,0.0081007495,0.009101136125,0.00935362675,0.0099809955,0.010914492750000001,0.011382525,0.011802729,0.01237639175,0.01256378725,0.013179703,0.0146036845,-0.0125267865,-0.010746651999999999,-0.009000378375,0.009223993875,0.0108390855,0.01266900725
2018-05-10,0.0038170035,IV_COMBINED,-0.014876826999999999,-0.013787928999999999,-0.01345883675,-0.01311747375,-0.012576685,-0.012020286500000001,-0.011142608625,-0.01049427075,-0.00985210775,-0.00923733925,-0.00848199075,-0.00759113855,0.007975445675,0.008544485925,0.009579648999999999,0.00985790275,0.010562657,0.011558316,0.012057907875,0.01250991825,0.0131102075,0.013322286249999999,0.0138564715,0.015404543,-0.0132758405,-0.01139362175,-0.00956500475,0.009744029,0.0114718135,0.01338780925
2018-05-11,0.004551633,IV_COMBINED,-0.013618566625,-0.012527804875,-0.01226937,-0.011905517000000001,-0.011452897875,-0.010943852625,-0.010130729625,-0.00955641,-0.008980878125,-0.00842672275,-0.0077059495,-0.006889160325,0.0073549726,0.0078896396,0.0088447915,0.009080453,0.00969302375,0.01060097575,0.01101685975,0.011381436375,0.011999550875,0.012135422125,0.0128292455,0.014114023,-0.0120897275,-0.010376248000000001,-0.008704419075,0.00895985725,0.010505346875,0.012268223
2018-05-14,0.0019977605,IV_COMBINED,-0.0105148665,-0.009505552125,-0.00932681475,-0.009031767825,-0.008705476325,-0.008396654575,-0.007698211175,-0.007240702425,-0.00688196235,-0.0064463752999999995,-0.00582422765,-0.0051982748750000005,0.005839059925,0.00628163625,0.0069837816,0.0071802761,0.00759287115,0.008235497625000001,0.00851792375,0.00869940345,0.009408737625,0.009500015875,0.010223142250000001,0.0110229205,-0.0092308635,-0.007908868999999999,-0.006621246775,0.007043054575,0.008205317,0.0095744255
2018-05-15,-0.009358623,IV_COMBINED,-0.012432447125000001,-0.01139982275,-0.011187315125,-0.01092285325,-0.0104570545,-0.010030622375,-0.009184873999999999,-0.00863368165,-0.0081841555,-0.0076254598000000005,-0.006921488075,-0.0062250777,0.006774032975,0.007298108875000001,0.008160289375000001,0.008387546899999999,0.00887116625,0.00967306925,0.01010179125,0.01040811625,0.011082948375,0.011114490500000001,0.011785721,0.01301430175,-0.011048559874999999,-0.00944412925,-0.007887266075,0.008241077624999999,0.009629612749999999,0.011278575875
2018-05-16,-0.006486034,IV_COMBINED,-0.0134380625,-0.012363821125,-0.012121733625,-0.01180004225,-0.011274249375,-0.010828029,-0.009971505,-0.009370476249999999,-0.008854978749999999,-0.008271914875,-0.007538552675,-0.00678042815,0.00726881315,0.0078062992250000005,0.008740995575,0.008966219624999999,0.0095677135,0.010433367374999999,0.01087736975,0.0112504355,0.011889538,0.0119901205,0.01263786925,0.01402692675,-0.011940840624999999,-0.010229344375,-0.0085578801,0.008852238325000001,0.01036695775,0.012136428125
2018-05-17,0.0008395487,IV_COMBINED,-0.015054802625,-0.013940649999999999,-0.013586478875,-0.01325625875,-0.012626027375,-0.01213143825,-0.0112257865,-0.0105641165,-0.0099407075,-0.009318713250000001,-0.00855254475,-0.007691840625,0.008076365025,0.00864315475,0.009694070624999999,0.00993813725,0.01069352275,0.01169492225,0.012172561375,0.012633387499999999,0.0132789695,0.01347504725,0.014023371,0.01565557575,-0.01340183575,-0.0114897055,-0.009651731,0.009855935,0.011594838,0.01355277275
2018-05-18,-0.0018390215,IV_COMBINED,-0.013854210875,-0.012751206625,-0.0124735875,-0.012109031250000001,-0.01160097125,-0.011139506,-0.010309861,-0.0097270555,-0.00914901425,-0.008588502875000001,-0.0078589305,-0.00705390015,0.00748330725,0.008024797,0.009004449125,0.00920684625,0.00988072275,0.010778218249999999,0.0112025185,0.0115901235,0.01222914025,0.012361642499999999,0.013041170875,0.0144074,-0.012290985,-0.010559804875,-0.008873579075,0.009119158875,0.01068598925,0.0124940705
2018-05-21,-0.0006392525,IV_COMBINED,-0.0110525565,-0.010006042,-0.00978267625,-0.00948135525,-0.00910913295,-0.00883276145,-0.00810248775,-0.00764541235,-0.007254126875,-0.0067856917499999996,-0.0061573415,-0.005512696325,0.006098574825,0.0065683617,0.00733047145,0.007501098475,0.0079672285,0.00865322825,0.0089483565,0.009159782625,0.009883884875,0.009966259125,0.01072916875,0.0115941595,-0.0096963695,-0.008323492925,-0.006986780625,0.0073825984,0.00860723425,0.0100630705
2018-05-22,0.0013799343,IV_COMBINED,-0.013530981625,-0.0127657395,-0.01199064775,-0.011789271,-0.011458208499999999,-0.0107682995,-0.010060111125,-0.009446125,-0.00894034,-0.00853640675,-0.0080335172,-0.0075040845249999995,0.0070323579,0.007430750525,0.008413671250000001,0.0085880245,0.009111098,0.00983733475,0.010758923125,0.011017533999999999,0.01187084175,0.01230836075,0.01246835625,0.013731924999999999,-0.01206250025,-0.010241105,-0.008857686625,0.008549360124999999,0.010120747999999999,0.011969515875
2018-05-23,-0.0077693784,IV_COMBINED,-0.013660098124999999,-0.012905765,-0.0121101635,-0.011889040625,-0.011596912000000001,-0.01087228125,-0.0101669675,-0.009562707125,-0.0090268785,-0.00862106975,-0.0081235635,-0.007624969325,0.0071286222,0.00749382275,0.00849494875,0.008662725999999999,0.00922575525,0.009964452625,0.010889228625,0.011125766,0.0119892535,0.0123962515,0.012597793,0.01394180725,-0.012184819875,-0.0103477995,-0.008960918,0.008646475800000001,0.010227682375,0.01210877
2018-05-24,0.0030655488,IV_COMBINED,-0.014780931,-0.013820366375,-0.0130378205,-0.012779279375,-0.01243746525,-0.01173230525,-0.010983375,-0.010332276500000001,-0.009721676,-0.00926027275,-0.0087686105,-0.008241912550000001,0.00765655025,0.0080269818,0.009127847625,0.009279783625,0.00992859325,0.01072457375,0.01171134325,0.011958279625,0.012884685,0.013380193125,0.013623162000000001,0.01499690025,-0.01311006975,-0.011161490875,-0.0096670755,0.00929026325,0.011004897375,0.0130348745
2018-05-25,-0.005411611,IV_COMBINED,-0.0130718215,-0.01229570675,-0.01153893375,-0.011309087249999999,-0.011062012,-0.01032741775,-0.009700984,-0.00910441475,-0.0085572085,-0.008184722,-0.007715929675,-0.007359841675,0.006873293175,0.007194539575,0.008149356600000001,0.00827278535,0.00881254825,0.00957070875,0.0104693645,0.010653775,0.011414203874999999,0.01182703875,0.01202552075,0.0133458275,-0.011613208875,-0.009845792,-0.008538465375,0.008299820375,0.00979048925,0.0115817385
2018-05-28,-0.0031768,IV_COMBINED,-0.01110214525,-0.010461013750000001,-0.0097810145,-0.00964689225,-0.009348829625,-0.00871048625,-0.00822475155,-0.0076967943,-0.007217386075,-0.0069024705,-0.006536668225,-0.006280323825,0.005948949025000001,0.00626533305,0.00705396315,0.007203413525000001,0.007578612525,0.00824771775,0.0090499885,0.00921562425,0.00980230675,0.01020897225,0.01028672475,0.011365997249999999,-0.009853874,-0.00832608625,-0.007225348425,0.007179368875,0.008457741,0.009944128125
2018-05-29,-0.006704312,IV_COMBINED,-0.013309342125,-0.012484509,-0.0117426395,-0.011571531749999999,-0.011211808,-0.01053850275,-0.0098490495,-0.0092584005,-0.0087132125,-0.008339261399999999,-0.007877989025,-0.007401587475,0.0069303571750000004,0.007316424775,0.0082595465,0.008432784,0.0089560215,0.009683153,0.01060012975,0.010821874375,0.01164912575,0.01209976275,0.012261841625,0.0135159505,-0.01182313825,-0.01002036125,-0.008683148375,0.0084124959,0.00995437,0.01176978425
2018-05-30,0.009746089,IV_COMBINED,-0.0159200345,-0.01475826,-0.01400316725,-0.01371510775,-0.01329030025,-0.012568674,-0.011719536499999999,-0.01106498075,-0.010374222749999999,-0.009908982,-0.00943688075,-0.00887066475,0.00816982085,0.00858873925,0.0096887544,0.0099007519,0.010655251250000001,0.01138010775,0.01248004775,0.012749590625,0.01375451725,0.0143057055,0.01458480075,0.01607820425,-0.014050475125,-0.01194611675,-0.01037003625,0.009916523,0.011744373,0.0139294325
2018-05-31,0.00041786983,IV_COMBINED,-0.01657457425,-0.01530266425,-0.014511484,-0.0141744675,-0.013803407,-0.01306781125,-0.012204557,-0.011484369875,-0.01072034275,-0.01025906975,-0.009768002750000001,-0.00929896525,0.008534584875,0.0089206485,0.010070113,0.01023767225,0.0110750435,0.011813823125000001,0.01298010275,0.01324358375,0.01423185025,0.014817625000000001,0.01517109775,0.016752156,-0.014584585,-0.012397713000000001,-0.010775643875000001,0.01031609825,0.012184852999999999,0.01447575775
2018-06-01,0.0007795568,IV_COMBINED,-0.01784907575,-0.01639441875,-0.01558331675,-0.015184106749999999,-0.01488162775,-0.01407696525,-0.013160675,-0.01232081675,-0.011477890125000001,-0.011020527375,-0.010460594125,-0.0100205095,0.0091542565,0.009575933375,0.01075671125,0.01095393625,0.011876601,0.01268783425,0.013905249750000001,0.0142152215,0.015222171875000001,0.015848914500000002,0.01632321575,0.01797889075,-0.01567723875,-0.01332393225,-0.0115798825,0.01105375075,0.0130545065,0.01552894925
2018-06-04,0.0014760656,IV_COMBINED,-0.012152146249999999,-0.01127305875,-0.010684666249999999,-0.010381367124999999,-0.010125177624999999,-0.0094694115,-0.0089729055,-0.00839256075,-0.0077744070000000005,-0.0074721805,-0.007080844,-0.00693153715,0.006497578,0.006783165275,0.007576323075,0.007718916,0.008236364749999999,0.008904218,0.00978531775,0.00993652125,0.0105385085,0.010985962,0.011192926,0.0123457205,-0.010680232125,-0.0090587905,-0.007869307175,0.00777574985,0.009126156,0.010759799
2018-06-05,-0.0019707137,IV_COMBINED,-0.013231809,-0.01232004,-0.01164397075,-0.011386434,-0.01111393725,-0.010422512375,-0.009736728375,-0.00913877275,-0.00852816975,-0.008206120125,-0.007721341675,-0.00741056025,0.0069305111,0.007310116225,0.0081646605,0.0083138915,0.008894464749999999,0.009574378750000001,0.0105149965,0.01077751225,0.01148900825,0.01192883625,0.0121643995,0.013325819249999999,-0.011694946500000001,-0.00989403075,-0.008579861250000001,0.0083629495,0.009845313375,0.011654347125
2018-06-06,0.00899594,IV_COMBINED,-0.013781299,-0.01291282275,-0.01216924225,-0.01189880675,-0.011641115875,-0.0109248985,-0.01017816375,-0.00956984425,-0.008962293375,-0.008609553875,-0.0080879837,-0.007697014875,0.007199772425,0.007584852675,0.008507944125,0.0086846405,0.00930203,0.009999528,0.0109314405,0.01123110925,0.01199784225,0.0124406065,0.0127037315,0.013940483375,-0.012231788625,-0.0103608885,-0.00897785925,0.00870520775,0.01027164875,0.012160921125
2018-06-07,0.0031366458,IV_COMBINED,-0.01434809175,-0.01337908325,-0.01257049075,-0.012305030375,-0.012003639,-0.01132056025,-0.010560196,-0.00991828625,-0.009282179125,-0.008888889875,-0.008383231849999999,-0.00799006825,0.0074802143750000005,0.007840535625,0.0088617475,0.008996713,0.00963462325,0.010374155,0.011357649000000001,0.01164110525,0.012435857,0.012981011375,0.013223328875,0.014462312000000001,-0.012671281,-0.01073034275,-0.0093002075,0.009034953775,0.0106688305,0.01262404975
2018-06-08,-0.0034805795,IV_COMBINED,-0.01419470175,-0.013317788,-0.012581818,-0.012287433625,-0.01196819225,-0.0112370185,-0.01055017125,-0.009914507375,-0.009289012499999999,-0.008942064625,-0.008405456499999998,-0.008002339524999999,0.00738861135,0.0077440605,0.00875256375,0.00896150175,0.009608269124999999,0.010287468,0.01122573075,0.0115414675,0.0123600575,0.01277907025,0.01309638375,0.0144262715,-0.012601027,-0.01071450575,-0.009300277249999999,0.008943846925,0.010572408,0.012529982
2018-06-11,0.0024092922,IV_COMBINED,-0.012301132874999999,-0.011577177375,-0.01089289775,-0.010687716875,-0.010287570874999999,-0.00964458475,-0.00913840325,-0.00858294925,-0.00803919775,-0.007735650675,-0.007304206875,-0.007006786975,0.006506744425,0.0068452016499999995,0.007684438775,0.007851963625,0.008326088175,0.00900757275,0.009883231,0.01015471075,0.010780673250000001,0.011182003499999999,0.01138451475,0.012546486375,-0.01089963625,-0.0092596065,-0.008054835375,0.00784914065,0.009250171750000001,0.010949923
2018-06-12,-0.0009112854,IV_COMBINED,-0.01429875875,-0.013370973,-0.012676045,-0.01243233525,-0.011976669,-0.01129697725,-0.010634945,-0.0099935875,-0.009398505625000001,-0.009030096500000001,-0.00851749525,-0.00805784375,0.007425590125,0.007821755375,0.00879080045,0.00901475095,0.009654716,0.010309847,0.011307537375,0.01160429,0.01242714025,0.012846986000000001,0.01317909175,0.014548784249999999,-0.012675142375,-0.010800012125000001,-0.009379199500000001,0.00900007975,0.010626767375,0.012613369250000001
2018-06-13,-0.0007041656,IV_COMBINED,-0.014195867875,-0.01328624075,-0.01260111,-0.01235550225,-0.011901200125,-0.011199311375,-0.010560204375,-0.0099281265,-0.009328213,-0.008956598375,-0.008462257,-0.008046543675,0.0074151329,0.007785284375,0.008733191075,0.008947540825,0.009592863125,0.010257461,0.01125468325,0.0115297735,0.01235373125,0.012760084500000001,0.01308174175,0.014500604625,-0.0125876245,-0.010723393500000001,-0.009318567625,0.00895623125,0.010562527,0.01254410675
2018-06-14,-0.012719685,IV_COMBINED,-0.0212046335,-0.01950671975,-0.01858172275,-0.0181636175,-0.0178320245,-0.01693796225,-0.01580566,-0.014625950875,-0.01389902275,-0.013303244249999999,-0.012553486249999999,-0.011857636,0.010732997749999999,0.011276304000000001,0.01255243575,0.01292068475,0.014156647,0.01520103,0.01631016375,0.01702625575,0.017992884,0.0186929085,0.0194276895,0.02143439625,-0.018728991,-0.01597006375,-0.0138556565,0.01300570975,0.015456286875,0.018438277750000003
2018-06-15,-0.0015849858,IV_COMBINED,-0.016934958,-0.01567956525,-0.0148626095,-0.014491389,-0.0141749765,-0.0133230495,-0.0125892455,-0.011710426375,-0.0109462945,-0.010483046749999999,-0.0099291625,-0.009593943,0.008807156875,0.009175759875,0.010317519625,0.010486327125,0.01129161225,0.0122339545,0.013330805000000001,0.013623999500000001,0.01457048075,0.015159378375,0.01560434275,0.017190317,-0.014920787750000001,-0.0126863245,-0.0110079255,0.010584571,0.012500415374999999,0.014863989
2018-06-18,-0.00085267285,IV_COMBINED,-0.0126116945,-0.01166315025,-0.011032256375,-0.010745931625,-0.01042509925,-0.009782506125,-0.0092983075,-0.00866847775,-0.008056610924999999,-0.00770858325,-0.007299647875,-0.007177363,0.0067063195749999995,0.00700461435,0.0078365855,0.007976583,0.008484097749999999,0.009204526499999999,0.01010955975,0.010282251499999999,0.010874482625000001,0.011379935875,0.011585225875,0.012723616875,-0.011045675875,-0.00936763175,-0.008127315650000001,0.008028235,0.00943094025,0.011115027375
2018-06-19,-0.0023723575,IV_COMBINED,-0.014594722375,-0.0135770335,-0.0128573285,-0.01257366475,-0.01226537575,-0.01155880975,-0.010793423625,-0.010132763875,-0.009465203,-0.009103794,-0.008545389125,-0.008187074249999999,0.0075679117,0.00798274275,0.0089366161,0.0091043701,0.009799858875000001,0.0104934195,0.01149585725,0.01182171575,0.01262361075,0.01310041925,0.013404504000000001,0.01471183325,-0.012913921,-0.01096150575,-0.0095055665,0.009156597,0.010798785375,0.012811504750000001
2018-06-20,0.0011523747,IV_COMBINED,-0.014846543,-0.01381916,-0.013043988749999999,-0.01275709875,-0.01244958375,-0.011756821,-0.01097936525,-0.010317873,-0.0096287845,-0.009232417,-0.00868511625,-0.008310372675,0.007711961075000001,0.008107381,0.009117782575,0.009273011825,0.009965603,0.010715586875,0.011706434,0.01203232325,0.012856577249999999,0.013361335625,0.013675524625,0.01499243275,-0.01312584175,-0.01114536625,-0.0096605195,0.00932183225,0.011004394,0.013052658625
2018-06-21,0.00072872,IV_COMBINED,-0.013521792500000001,-0.012641302375,-0.0119013305,-0.01163375625,-0.01138079475,-0.010663601375,-0.009984675,-0.00937451625,-0.0087503185,-0.008406994,-0.0078964275,-0.00760038565,0.00707757845,0.0074502561,0.00835839925,0.0085111725,0.00908933,0.0098218685,0.010743984,0.01103331925,0.01174431325,0.012174412125,0.01243293225,0.013689508125,-0.01196824975,-0.010134889,-0.008788385,0.008543909375,0.010068153375,0.0119288115
2018-06-22,0.0025699928,IV_COMBINED,-0.016057838875,-0.014321469125,-0.014012565875,-0.013877950625,-0.01320589825,-0.012522986875,-0.011712463625,-0.01095030875,-0.01041488275,-0.010050921875,-0.009074869875,-0.008571461375,0.008120827175,0.008763038375,0.00954869975,0.00973501975,0.010403791,0.011273091375,0.012695955125,0.013095754499999999,0.013899475,0.014279164,0.014881403750000001,0.0160046935,-0.01399722875,-0.0119226415,-0.01023410925,0.009906462125,0.011677404375,0.01411545675
2018-06-25,0.005443144,IV_COMBINED,-0.012399980875000001,-0.01084929475,-0.010805170749999999,-0.01070430125,-0.010140035,-0.00970041575,-0.008947493875,-0.00837242625,-0.0079324945,-0.00764211385,-0.0069481201,-0.006562242025,0.006374102475,0.0069394343,0.007521034875000001,0.00759342175,0.008122884125,0.0087555909,0.009785762,0.010082046,0.0107620325,0.011108573125,0.0116216675,0.012391702000000001,-0.01075880525,-0.009151600250000001,-0.0078450634,0.007748643125000001,0.009073247,0.010928641999999999
2018-06-26,-0.001534115,IV_COMBINED,-0.01453507175,-0.01283016225,-0.012707745749999999,-0.01257619175,-0.011967526625,-0.01133930975,-0.010560195000000001,-0.00988812725,-0.00937246225,-0.009033658125,-0.008120604575,-0.007676951175,0.007346777275,0.007982684,0.0086490465,0.008822492000000001,0.0094171425,0.0102231105,0.011441410499999999,0.011811032499999999,0.0125477915,0.012936888625,0.013527695874999999,0.014369348375,-0.01264965225,-0.010773568125,-0.00921173025,0.008967412,0.010568209,0.012739455875
2018-06-27,-0.007539938,IV_COMBINED,-0.0144058795,-0.01272074725,-0.01259301775,-0.01246163175,-0.011844813124999999,-0.0112306135,-0.010475662,-0.009807781625000001,-0.009309139000000001,-0.008972416625,-0.00807859025,-0.00763967775,0.007306106975,0.00791951415,0.0085911085,0.00873898825,0.009333234,0.01013920075,0.0113678855,0.0117092455,0.012438022125,0.01280953075,0.01342585575,0.01427659725,-0.012532737375,-0.01068324225,-0.009145816,0.00890357025,0.010477768,0.012643520875
2018-06-28,-0.00044669784,IV_COMBINED,-0.015698628,-0.01392885825,-0.013700111125,-0.01354561825,-0.01287210825,-0.0122228905,-0.01142820925,-0.010686581125,-0.010175053875,-0.009790753249999999,-0.0088241905,-0.008354648374999999,0.0079216914,0.008560612625,0.009293807625,0.009503885375,0.01012523675,0.011012403,0.012399070375,0.012768840875,0.01354788025,0.013919555125,0.014584345625,0.015566526875,-0.01365362125,-0.01164256875,-0.009975812625,0.009660084,0.011392030000000001,0.013773332749999999
2018-06-29,0.0081172455,IV_COMBINED,-0.01871292675,-0.01680954925,-0.01626905,-0.01612231625,-0.0153645055,-0.01456686425,-0.01367820375,-0.01278231325,-0.012191374125,-0.01174964425,-0.0106414295,-0.01007394875,0.00941243475,0.01009991075,0.01103178325,0.011300454750000001,0.012047394749999999,0.01306484675,0.01485936525,0.015290659500000001,0.016147398,0.016579444,0.0173752825,0.018648582,-0.016315232,-0.013897561,-0.0119628395,0.0114901775,0.013570301,0.0164642575
2018-07-02,-0.0062303892,IV_COMBINED,-0.012434386,-0.01092854525,-0.01081232575,-0.01072263225,-0.01011719075,-0.009713973625,-0.0089394335,-0.0083965555,-0.0079464951,-0.007653420725,-0.007033378125,-0.006659668925,0.006422155275,0.00699145605,0.00758320395,0.007643298075,0.008167852,0.0087614684,0.0098362255,0.010190493125,0.0108449405,0.01119827525,0.01171672,0.012559841,-0.010783345625,-0.009161757,-0.007891399,0.00780017835,0.00912142425,0.011029644
2018-07-03,0.0041621937,IV_COMBINED,-0.01436537325,-0.0126971355,-0.01259207725,-0.012466541,-0.011800563,-0.01124411425,-0.01047137325,-0.009806028999999999,-0.00926889675,-0.00894354675,-0.008064448,-0.0076320927999999994,0.0072808966,0.007912787899999999,0.008560956575,0.008743473575,0.0092985125,0.01012674625,0.011335439249999999,0.011690333,0.01241909025,0.0128712905,0.013461767875,0.014230529125,-0.012514745625,-0.01067649825,-0.009138046,0.008877719000000001,0.01047509275,0.01262743225
2018-07-04,-0.0010045635,IV_COMBINED,-0.01292964575,-0.0113796225,-0.011307995749999999,-0.01119078725,-0.0106326565,-0.010155256750000001,-0.0093723685,-0.008791495125,-0.008306433299999999,-0.0080329058,-0.007246669175,-0.0068525884999999995,0.0066066373,0.007208130125,0.00778538475,0.007889476874999999,0.008446016550000001,0.00912874535,0.010206049,0.010531361,0.011210468,0.011600395375,0.01214932175,0.012844193,-0.01125759375,-0.00958670975,-0.008215783125,0.0080504434,0.009454136375,0.011388278
2018-07-05,0.0047156913,IV_COMBINED,-0.012574230625,-0.011038771874999999,-0.010994936875,-0.01085451675,-0.01035986825,-0.0098758605,-0.00912632775,-0.008540115899999999,-0.008070634375,-0.007817159,-0.00701435715,-0.006634857125,0.0064335047749999996,0.007033041125,0.007578684675000001,0.007674973925,0.008211214375,0.008890262749999999,0.0099073245,0.01024856825,0.01088784975,0.01127867675,0.01183874275,0.01244282775,-0.01094064975,-0.009321575,-0.007976470075,0.0078327546,0.009192491,0.01106506275
2018-07-06,0.003473774,IV_COMBINED,-0.014668640875,-0.013000875,-0.012825484750000001,-0.0126846085,-0.0120692645,-0.01146978225,-0.010647766,-0.009953911,-0.0094808605,-0.009166464375,-0.00820607025,-0.007778595575,0.007408742375,0.0080479247,0.008701091675,0.008869090175,0.009480462,0.01028726675,0.01156075025,0.01195662125,0.012656785,0.013040465250000001,0.013696456249999999,0.01447576275,-0.012778634375,-0.010875561124999999,-0.009314965,0.0090397945,0.0106476065,0.01286927475
2018-07-09,0.00064094446,IV_COMBINED,-0.01102498625,-0.009579672975,-0.0094773051,-0.009443783,-0.0090684755,-0.0086996085,-0.007859402724999999,-0.007376671499999999,-0.006986082325,-0.00678246765,-0.0060887812,-0.0057231169250000005,0.005689899925,0.006270415475,0.006735885675,0.006802511425,0.007282460100000001,0.0077634671249999995,0.0086816025,0.009030043724999999,0.009544621,0.00994225725,0.010464145250000001,0.01101264725,-0.009563305,-0.0080798137,-0.006934129325,0.00693205235,0.008094459625,0.009746611875
2018-07-10,-0.0013654293,IV_COMBINED,-0.0124744475,-0.0109416635,-0.01085651775,-0.01073811925,-0.01034446625,-0.00980594,-0.008972530499999999,-0.008389810499999999,-0.007966390375,-0.007717496250000001,-0.00686211525,-0.0065132665,0.006341369124999999,0.006985703725,0.007496550124999999,0.0075940944,0.008175400749999999,0.008781813925,0.00981326825,0.010253817125,0.0108076775,0.011141442125,0.01178030625,0.01232755575,-0.010860927499999999,-0.009198238000000001,-0.007857725749999999,0.00776245835,0.009101204,0.01099652475
2018-07-11,-0.0005181154,IV_COMBINED,-0.012619838,-0.0110771655,-0.010978980625,-0.010861936,-0.010449669,-0.009914782125,-0.0090650405,-0.0084833441,-0.008063383075,-0.00780429675,-0.0069471415250000005,-0.00660294165,0.0064143494,0.007051225925,0.007572482649999999,0.00767400575,0.008267033625,0.008864459175,0.00994098225,0.01037830775,0.010933718,0.01125006475,0.011921667,0.0124852695,-0.010984678,-0.009301106,-0.007950500875,0.0078492145,0.009199309,0.011131988875
2018-07-12,-0.0026780067,IV_COMBINED,-0.0148430765,-0.01317816275,-0.012935739,-0.012813057999999999,-0.012232406125,-0.011626928,-0.01070525525,-0.0099981925,-0.009571295,-0.0092441265,-0.00824544145,-0.007847662625,0.00747483415,0.0081373151,0.008777966675,0.008963780099999999,0.009617625875,0.01037012625,0.011700519749999999,0.012173376,0.01282543525,0.013149553250000001,0.01390837175,0.014572255499999999,-0.012938726000000001,-0.01096748175,-0.009392470625,0.0091416525,0.01076032125,0.01303599175
2018-07-13,-0.0020678635,IV_COMBINED,-0.013174980625,-0.01162052375,-0.011503110875,-0.011380467,-0.01085933425,-0.010338393625000001,-0.009489183625,-0.00890303475,-0.008447800375,-0.008175099974999999,-0.007325513674999999,-0.006964336525,0.0067175588000000005,0.007332166875000001,0.00789112975,0.0080155859,0.0086039445,0.00925175175,0.0104123425,0.0108413555,0.01142723775,0.0117459865,0.012457397,0.0130574235,-0.01147474,-0.009736304625,-0.0083412754,0.00819142875,0.009605922,0.0116391515
2018-07-16,0.0038411901,IV_COMBINED,-0.01149628475,-0.00999804375,-0.00991115075,-0.009850602625,-0.00948286,-0.009060531625,-0.008188781374999999,-0.0076879882500000005,-0.00728288465,-0.00703404295,-0.006290170575,-0.005959857125000001,0.0058874385,0.0065046253499999995,0.006967271725,0.0070555833750000005,0.00758115625,0.00808855475,0.00903841625,0.0094454325,0.00997507225,0.01033561625,0.01092296025,0.01146784525,-0.0099776645,-0.00842626675,-0.00720651825,0.007195781825,0.0084198654,0.0101699455
2018-07-17,-0.0042055426,IV_COMBINED,-0.0123358295,-0.010802810375,-0.010732517875,-0.010610416875,-0.010216985,-0.009692764,-0.008857293075,-0.008297920825000001,-0.0078696333,-0.007607647075,-0.006772571025,-0.0064412174,0.00627695975,0.006913590825,0.00740811125,0.0075060184,0.00806985675,0.00866715675,0.00970048725,0.010144374,0.0106935875,0.011030297625,0.011702291125,0.012226734749999999,-0.01073176075,-0.00909002575,-0.0077624241,0.0076738011,0.00899476325,0.01089349475
2018-07-18,-0.0015102632,IV_COMBINED,-0.01241877,-0.0108825685,-0.01079167475,-0.0106801135,-0.01026948875,-0.009754902499999999,-0.0088950655,-0.00832826825,-0.0079204023,-0.007656060075,-0.006815141025,-0.006481192375,0.006306893825,0.006944064775,0.0074424392750000005,0.007548996225,0.0081322488,0.008709834325,0.00975745,0.0102022125,0.010756546,0.01107939325,0.011760229,0.012301196625,-0.0108011685,-0.0091380625,-0.00780711275,0.0077166191,0.0090455845,0.01095552675
2018-07-19,-0.0035486426,IV_COMBINED,-0.012938029,-0.01137018925,-0.01127914925,-0.01114261275,-0.010692458,-0.010144716500000001,-0.0092906505,-0.008696243125,-0.008274652425,-0.00799891525,-0.007120771099999999,-0.0067776385,0.006557132575,0.007196042575,0.0077255920999999995,0.0078479165,0.008443695250000001,0.00907198875,0.01016296425,0.010620672749999999,0.011190606,0.011510783,0.012228521499999999,0.012794205749999999,-0.011257601375,-0.00953708225,-0.008147656999999999,0.00801708525,0.00940746975,0.011399394
2018-07-20,0.009003988,IV_COMBINED,-0.0135466365,-0.01192402125,-0.011798221000000001,-0.011673943,-0.011175363375,-0.010591135,-0.009724776125000001,-0.009103835125,-0.0086800995,-0.008381830074999999,-0.00746792655,-0.0071034462,0.0068374479999999994,0.00748033915,0.0080569415,0.008192250625,0.00882400675,0.0094805815,0.010633888250000001,0.01108593925,0.011685866125,0.01199087225,0.0127367405,0.01335123725,-0.011782219875,-0.0099796135,-0.00852963475,0.008366524850000001,0.00982432,0.011898734000000001
2018-07-23,-0.0005403518,IV_COMBINED,-0.01100580525,-0.009422627499999999,-0.009343809,-0.00899641475,-0.008765319,-0.008504625,-0.007661662275,-0.0071101625750000005,-0.00675455235,-0.006478124475,-0.0060440400000000005,-0.00578538125,0.005597682825,0.006103779775,0.006825048925,0.007156261325,0.0075816314,0.007859174725000001,0.008378448375,0.00869539725,0.009279512125,0.0097187885,0.010057932375,0.011353662,-0.00933895825,-0.007874962325,-0.006784466775,0.00689731825,0.008138860874999999,0.0095529905
2018-07-24,-0.0016484878,IV_COMBINED,-0.01228715625,-0.010565780125,-0.010471557874999999,-0.01012668375,-0.009814572625,-0.009551196,-0.0086701025,-0.008023161925,-0.00763633935,-0.0073085592,-0.006788215875,-0.006490792675,0.006137203825,0.0067472006,0.007489164475,0.007916250125,0.00845424625,0.0087654175,0.009481486,0.00971769925,0.010294190625,0.010827290625,0.0111552335,0.0125292425,-0.01046907825,-0.008870471250000001,-0.0076323855,0.0076618605,0.009088938500000001,0.010635569875
2018-07-25,-0.0005736523,IV_COMBINED,-0.0119104215,-0.0102383445,-0.01012854775,-0.00978938075,-0.0095135345,-0.00924118925,-0.008418537575,-0.007785036225,-0.007417636074999999,-0.007091883725,-0.006595785325,-0.00631156525,0.0059812594,0.0065803566,0.0072935101249999995,0.00769878795,0.00819672775,0.00850797775,0.0091798905,0.00942389175,0.009996836,0.01050063875,0.0108286875,0.012162049500000001,-0.010138573750000001,-0.008598189499999999,-0.007405091775,0.007446348675,0.0088168045,0.010318271
2018-07-26,-0.0018902422,IV_COMBINED,-0.01496765875,-0.013033379,-0.012875336875,-0.012379580375000001,-0.01203531225,-0.011644285,-0.01072911275,-0.0098336515,-0.009474695375,-0.009062958,-0.008293118,-0.00797625525,0.0073618338,0.008117457875,0.008939334875,0.0095441575,0.010183280999999999,0.0106954515,0.011650296000000001,0.011845586125,0.012471818249999999,0.013090808375,0.013575610375,0.01499190125,-0.01281204325,-0.010911416625,-0.009362053875,0.009250440875,0.01103279825,0.01290704175
2018-07-27,0.00046753525,IV_COMBINED,-0.013086755,-0.011382063375,-0.011228593625,-0.010827447625,-0.010535814125000001,-0.010169639,-0.00938100175,-0.008619513499999999,-0.008252694250000001,-0.007907485799999999,-0.0072911095749999995,-0.007003337925,0.006583901475,0.0071813026,0.007940059325,0.008465587,0.00896321075,0.0093995615,0.010124688875,0.01035267925,0.01100365775,0.0114882215,0.01191318175,0.01324090375,-0.011200343625,-0.009530288875000001,-0.00819821675,0.008158633,0.009688254125,0.011327022
2018-07-30,0.0049109035,IV_COMBINED,-0.010519846499999999,-0.00897365925,-0.008860490125,-0.008579703575,-0.008359330075000001,-0.0081120532,-0.007389793,-0.006864882925,-0.00650223205,-0.0062353152249999995,-0.0058360599249999996,-0.00556799595,0.0053850503,0.0058742277,0.006506019575,0.00688189525,0.007260689825,0.00754591115,0.008043244625000001,0.0083149735,0.0088946985,0.009287686375,0.009614958,0.01080304625,-0.008908918375,-0.0075458903,-0.0065232614,0.00661384645,0.007803885725,0.009134184125
2018-07-31,-0.0010246778,IV_COMBINED,-0.012100637625,-0.010358626125,-0.010235849875,-0.00992688775,-0.009637315625,-0.0093541945,-0.008489145375,-0.00787585685,-0.00751626275,-0.0071755477500000005,-0.0066737882249999995,-0.006379325575,0.00601853135,0.006637277925,0.00733039435,0.007781462624999999,0.00828824975,0.008613608,0.00931945925,0.00958035575,0.01012120775,0.01064527575,0.010973344500000001,0.012296102,-0.01027553225,-0.00869426175,-0.007491742925,0.007518782375,0.00892961075,0.01045809375
2018-08-01,-0.0034317682,IV_COMBINED,-0.012104784875,-0.010386279375,-0.01025456,-0.009941556375,-0.009662399125,-0.009357765625,-0.008525936125000001,-0.00790164825,-0.007553133,-0.007201548225,-0.0066929146,-0.006402851375,0.006042387775,0.006656091725,0.00735254015,0.00779429765,0.00828861075,0.0086251185,0.00933526575,0.009594166,0.0101407345,0.01065999525,0.01099995125,0.01230877675,-0.01029055725,-0.008718608249999999,-0.0075113455,0.0075349792,0.00894065825,0.010475779000000001
2018-08-02,-0.0045237574,IV_COMBINED,-0.0120762085,-0.0103533775,-0.01020482275,-0.00990133525,-0.00963758025,-0.009322626125,-0.008499272549999999,-0.00787961675,-0.00753360575,-0.007174028725,-0.006673226275,-0.006385236725,0.006023375575,0.006634119925,0.007317977475,0.007774389475000001,0.00825221225,0.008604158,0.00931312425,0.00958095275,0.010106954875,0.0106298725,0.01097548625,0.012268207750000001,-0.01025822575,-0.0086879885,-0.007486946899999999,0.00750816225,0.00891475075,0.01044894475
2018-08-03,-0.0014219237,IV_COMBINED,-0.013654166625,-0.011808524625,-0.011640348625,-0.011245378875,-0.0109543075,-0.010566059249999999,-0.0096989395,-0.008953318125,-0.008604887875,-0.0081989199,-0.00754857415,-0.0072540658,0.0067384292,0.007421546125,0.00817815925,0.0087251385,0.009289054750000001,0.009722045,0.01060096725,0.010851636874999999,0.01138971725,0.01197786075,0.01236510575,0.01374187475,-0.011645687375,-0.009892711,-0.008504187375,0.00844563125,0.010063012999999999,0.011789860374999999
2018-08-06,-0.0028110102,IV_COMBINED,-0.01093862075,-0.009348760625,-0.009223387,-0.00894453375,-0.00870453425,-0.00844699,-0.0076885545,-0.007138851875,-0.006777055225,-0.00648238205,-0.006072160675,-0.005776393625,0.005554695925,0.006073278475,0.0067210822,0.0071146843,0.00751185335,0.007828207149999999,0.008368716875,0.00867370875,0.0092373885,0.009675093249999999,0.01001157975,0.011239569,-0.00927668775,-0.0078549676,-0.0067833555,0.006845925275,0.00809971075,0.0095061925
2018-08-07,0.0028843102,IV_COMBINED,-0.0130750415,-0.0112605595,-0.01111613875,-0.010761046125,-0.010462839625,-0.010128074,-0.009240413,-0.008550050875,-0.00817937585,-0.00780320235,-0.00720507175,-0.00691000375,0.006448287775,0.007117164475,0.007857332575,0.00836680525,0.0089072355,0.00930065825,0.0101165445,0.010404757,0.010913303249999999,0.0114921285,0.0118444085,0.01322931975,-0.01113751175,-0.0094428105,-0.008119280375,0.008089312750000001,0.0096366745,0.0113016665
2018-08-08,0.000103473256,IV_COMBINED,-0.011649897874999999,-0.009975523875,-0.0098189435,-0.009547025375,-0.009294447375,-0.0089976615,-0.008233305425,-0.00762774705,-0.007271489,-0.006934925575,-0.0064581001,-0.006172069725,0.005844454575,0.006424257425,0.0070759884,0.007537291975,0.0079609955,0.008328011125,0.00898102625,0.0092744625,0.0097837655,0.01028051975,0.0106180385,0.01187767275,-0.0098929115,-0.008389828875,-0.0072381006,0.0072573445,0.008617568875,0.010106993
2018-08-09,-0.0027932194,IV_COMBINED,-0.0118900255,-0.010169342750000001,-0.010011790750000001,-0.00972341625,-0.00946528775,-0.00917421325,-0.00835013325,-0.0077485085,-0.0073972398749999994,-0.007050186675,-0.00655001485,-0.00626777625,0.0059233246,0.00653088845,0.0071939643,0.0076575116,0.008100779,0.00846524325,0.00914834675,0.009453003125,0.00994402925,0.0104736075,0.010820024250000001,0.01210151125,-0.01008445725,-0.0085363765,-0.007358139775,0.0073794605499999995,0.008769098,0.0102933825
2018-08-13,-0.01470714,IV_COMBINED,-0.01395732275,-0.01207764925,-0.01189097775,-0.011487985625,-0.011205193875,-0.010811895875000001,-0.009939304,-0.0091642685,-0.008809544625,-0.008381505125,-0.00770470525,-0.007408196525000001,0.0068571404750000006,0.0075627173499999995,0.00832092435,0.00890358075,0.009466236749999999,0.00993560125,0.010851567874999999,0.01112753575,0.011627416,0.0122527925,0.0126330335,0.01403430375,-0.0119080095,-0.0101231985,-0.008694114,0.008611717125,0.0102819555,0.012054770875
2018-08-14,-0.004020232,IV_COMBINED,-0.014474427,-0.012634486125,-0.012466454375,-0.012011682000000001,-0.01167987125,-0.0112793065,-0.010410548375,-0.009555862,-0.00916338925,-0.0087842605,-0.008036245000000001,-0.0077219481,0.00716914155,0.007858760525,0.008686434375,0.0092763545,0.00984817825,0.010370853,0.011240159999999999,0.011544993625,0.012162003125000001,0.012718132375,0.0131498655,0.01461474725,-0.0124159545,-0.01057511175,-0.00907552425,0.008960534624999999,0.01069073525,0.01254235425
2018-08-15,-0.0017414695,IV_COMBINED,-0.01485885075,-0.013015966,-0.01285124,-0.01236371275,-0.0120075145,-0.0116152155,-0.01076640425,-0.009852221,-0.00941677175,-0.00906586475,-0.0082763955,-0.0079640435,0.007379852975,0.008062687375,0.00891724575,0.00955870825,0.0101166905,0.01069724925,0.011550980625,0.01184172425,0.01249656875,0.01302988875,0.013492082249999999,0.0149590985,-0.012772252000000001,-0.010900370625,-0.00935474775,0.00920549125,0.0109907035,0.012868091
2018-08-16,0.0049058166,IV_COMBINED,-0.01509388975,-0.0132525335,-0.013086081999999999,-0.01257510075,-0.01220647125,-0.011801375375,-0.010960311875,-0.010021884875,-0.009547130000000001,-0.00923430775,-0.008408615625000001,-0.008099927,0.007508808299999999,0.00818240625,0.009062577875,0.00973508575,0.01026895775,0.010895587125,0.011735865750000001,0.01201689725,0.01269011125,0.01323336975,0.0136930695,0.015169042,-0.012985874,-0.011083357,-0.0095132225,0.009351723,0.011173773125,0.013060997500000001
2018-08-17,0.0019564843,IV_COMBINED,-0.0139239195,-0.012183027375,-0.012028352625,-0.011557665750000001,-0.0112358745,-0.0108817235,-0.01008446575,-0.0092388565,-0.00878649025,-0.00849348925,-0.007761238125,-0.007482063975,0.00699136925,0.0075962382,0.008429107,0.009033760375,0.009508376249999999,0.010065507,0.01079303475,0.01106120825,0.011719738125,0.01220939975,0.012625999,0.014028849625,-0.01195644225,-0.01020397775,-0.008771474500000001,0.00866362475,0.0103220155,0.01204576575
2018-08-20,0.0025560798,IV_COMBINED,-0.011791214000000001,-0.010198356,-0.010082500000000001,-0.009705680250000001,-0.00944129325,-0.009178921,-0.008416898249999999,-0.00777261235,-0.007345134025,-0.0070775264,-0.0065520467,-0.006289389,0.005992826175,0.006510036225,0.0072650397,0.0077114646000000005,0.00811476215,0.0085087645,0.009065002375,0.00935919625,0.009951528500000001,0.01038361975,0.010712121,0.01203411275,-0.01006309325,-0.0085592125,-0.00737409945,0.0073895331500000005,0.00875672275,0.010224392
2018-08-21,0.008240746,IV_COMBINED,-0.0135379785,-0.011752675375,-0.0116236555,-0.011203179625,-0.01085476275,-0.01056364925,-0.009693457249999999,-0.00890831975,-0.00849644475,-0.008169621174999999,-0.007498155125,-0.007203924375,0.006732965699999999,0.00738849835,0.0081929835,0.0087261535,0.0092658935,0.00972321025,0.01049206825,0.0107485745,0.0113496375,0.01187353225,0.01223147925,0.013688258,-0.011582449,-0.009857105500000001,-0.00846873375,0.008414481875000001,0.01001617175,0.011702003124999999
2018-08-22,0.0052709193,IV_COMBINED,-0.0137171095,-0.01194736425,-0.011815191749999999,-0.01136845825,-0.0110229025,-0.010711917,-0.009825796000000001,-0.009036975,-0.00859017375,-0.008263676125000001,-0.007599213325,-0.0072955760500000005,0.00683908665,0.0074713245,0.008314179750000001,0.008849708625000001,0.0093724765,0.00986329075,0.010623787249999999,0.0108856905,0.01151999025,0.01204012025,0.0124384435,0.01389014075,-0.0117535505,-0.009996010999999999,-0.008581471625,0.0085241705,0.0101498765,0.01187161
2018-08-23,-0.0022580342,IV_COMBINED,-0.01528906175,-0.013684057625000001,-0.01296658125,-0.01269899575,-0.012060178500000001,-0.011496580875,-0.01075309925,-0.010069789875,-0.00957456225,-0.009199743625,-0.0086887615,-0.008304471125,0.0072306348,0.0078821211,0.008616798125,0.00904195975,0.0098292375,0.010315573,0.01105312775,0.011823051000000001,0.01223236575,0.01296788975,0.013499036,0.01504166375,-0.013045774874999999,-0.010972123,-0.00955186975,0.008922383625,0.0106415575,0.012729849
2018-08-24,0.004904618,IV_COMBINED,-0.01524654,-0.013647072,-0.01293934425,-0.012660926,-0.0120144315,-0.01146454325,-0.010711908,-0.0100294655,-0.009546217125000001,-0.009176973,-0.00867434625,-0.008296712675,0.00721634365,0.0078597722,0.008597359,0.009029745625,0.009796225,0.010281762,0.011015288,0.01179618025,0.01219038725,0.012947934375000001,0.01348471675,0.01499950075,-0.013006702875,-0.01093829575,-0.009528408125,0.00889699775,0.01061419075,0.012697213875
2018-08-27,0.004409741,IV_COMBINED,-0.011449669375,-0.01017185925,-0.009697121874999999,-0.00948554425,-0.0090560555,-0.00866303875,-0.00796515825,-0.007651587625,-0.0072001109,-0.006956696625,-0.00666142115,-0.006325284625,0.0056549918250000004,0.006067700625,0.00659451215,0.0069978785000000005,0.007457424424999999,0.007905414749999999,0.0084435489,0.008965053,0.009234336125,0.0098458765,0.010282481,0.011436574,-0.0097652335,-0.00823540325,-0.00725160615,0.0068436356,0.008130028725,0.009672398625
2018-08-28,0.003680254,IV_COMBINED,-0.013502978625,-0.012028582999999999,-0.011411023875,-0.011201181375,-0.010668692375,-0.01015886375,-0.00945375675,-0.0089161295,-0.0084483695,-0.00811564855,-0.007678992325,-0.0073310036749999995,0.006434631275,0.006991893075,0.007639003325,0.008017524475,0.008720004125,0.00915861625,0.00983869475,0.01048796325,0.010775953250000001,0.01148173375,0.011928940375,0.013367852874999999,-0.01151205975,-0.00967762875,-0.00844012775,0.0079248449,0.009443314375,0.011279880875
2018-08-29,-0.0017486758,IV_COMBINED,-0.013446963999999999,-0.0119576175,-0.01136269775,-0.011136433250000001,-0.010607406625,-0.010108250749999999,-0.009420386375,-0.008886837125,-0.00842460525,-0.008064002125,-0.00764164785,-0.0073120405,0.006417353975,0.006962861025,0.007619458575,0.007992211525000001,0.0086750565,0.0091011435,0.009762429,0.010429920375,0.010743632625,0.01139915075,0.011833014125,0.013299624,-0.0114513345,-0.009640555375,-0.008402556,0.00788743175,0.0093859985,0.011213724250000001
2018-08-30,-0.004491367,IV_COMBINED,-0.0142697625,-0.012728207,-0.01208093725,-0.0118417045,-0.011270988249999999,-0.010726956,-0.0100364055,-0.009430125875,-0.008940256125,-0.0085686655,-0.00809656525,-0.00773703275,0.0067853774499999995,0.007383579325,0.008068401900000001,0.00845939825,0.0091968885,0.00965021225,0.010349369625,0.0110542515,0.011430685125,0.012086273750000001,0.012548096125,0.01408475125,-0.0121675235,-0.010242936125000001,-0.008911869,0.008356723,0.00994842825,0.01189343075
2018-08-31,-0.00431758,IV_COMBINED,-0.01397449325,-0.012446104125,-0.011838342,-0.011590295,-0.011019479,-0.01050414525,-0.00982760975,-0.00924251325,-0.008762894,-0.008382617,-0.007940779,-0.007595475175,0.00666725815,0.007241767075,0.00791489475,0.008309493175,0.0090097105,0.009449402249999999,0.010133110125,0.01084337,0.01120715625,0.011850119249999999,0.01229249675,0.01380528325,-0.0119069035,-0.010035101,-0.00873310575,0.00819334785,0.009750367,0.011656283125
2018-09-03,0.0020094449,IV_COMBINED,-0.0114794005,-0.0102437805,-0.009773766625,-0.00955868275,-0.00910814175,-0.00870074075,-0.0080231409,-0.007725241149999999,-0.00723404925,-0.006958907,-0.0066774249,-0.006318928675,0.0056624925,0.006068973175,0.006588763775,0.006982534825,0.007506513875000001,0.007943684925,0.00849295885,0.009018641,0.009305726,0.00988983475,0.01027435075,0.011507447125,-0.009818149125,-0.0082913875,-0.007276248625,0.00686394035,0.00816310535,0.0097198245
2018-09-04,-0.0046496065,IV_COMBINED,-0.01396482775,-0.0125122865,-0.011853352499999999,-0.011642096499999999,-0.011069391500000001,-0.01054902025,-0.0098336325,-0.00926840675,-0.008773220625,-0.0084100645,-0.0079596111,-0.007582673825,0.00665426745,0.007248294875,0.007912076625,0.008280345375,0.009051904,0.00950199675,0.01020229025,0.0108625785,0.011238662,0.01193021725,0.0123775615,0.01385875525,-0.011947524375,-0.0100555265,-0.0087539555,0.0082137665,0.00979335025,0.01170796925
2018-09-05,0.0046151807,IV_COMBINED,-0.014968243999999999,-0.013401539,-0.012709218750000001,-0.012461292,-0.011838442375000001,-0.011267732,-0.010589329125,-0.00992668325,-0.009395567875,-0.00900866725,-0.00852996925,-0.00812231865,0.007108107775000001,0.007748027575,0.008453295,0.008863134,0.0096591015,0.010153035500000001,0.0108850825,0.011614329125,0.01207532325,0.01273984175,0.013191417,0.01476637025,-0.01278745025,-0.010777706375000001,-0.009371074,0.008770722750000001,0.01046003925,0.0125065045
2018-09-06,0.00037646916,IV_COMBINED,-0.013903122125,-0.012428458375,-0.01180620325,-0.01155736075,-0.010986214250000001,-0.0104787925,-0.009750843,-0.0092008965,-0.0087239165,-0.00836953325,-0.007924072825,-0.0075875251,0.006650327875,0.007214453825,0.00789214675,0.00828702665,0.00898243025,0.009441837625,0.010111226625,0.01080232275,0.0111748905,0.011859218500000001,0.01234124125,0.01377252775,-0.01187078975,-0.00999213,-0.008712164,0.008170116875000001,0.009736348375,0.011640442
2018-09-07,-0.004492442,IV_COMBINED,-0.01463676675,-0.01309141625,-0.0124180315,-0.012165909,-0.01156635475,-0.01101475075,-0.0103127465,-0.009678072499999999,-0.00918148175,-0.00880815025,-0.008329076425,-0.007963440575000001,0.00695782265,0.00757620815,0.00827694275,0.00868981575,0.009452157875,0.009909969125000001,0.010630687,0.0113581485,0.01175761625,0.01245050325,0.012929589,0.0144494505,-0.012495039,-0.0105210165,-0.00915869825,0.0085787635,0.01022662725,0.01222509825
2018-09-10,0.0028133723,IV_COMBINED,-0.011610023,-0.01036932825,-0.009880199624999999,-0.00966314675,-0.00920451475,-0.0088038805,-0.00811012645,-0.007799169999999999,-0.0073103564499999996,-0.00705447765,-0.0067664001,-0.006401769275,0.00572146165,0.0061383291,0.00666737245,0.0070733183249999994,0.007594080675,0.00803953685,0.00859818775,0.009127718625,0.00942189625,0.010024093625000001,0.0104265225,0.01162693425,-0.00993017925,-0.008380746575,-0.00736513955,0.0069438864999999995,0.00826584325,0.009840252125
2018-09-11,-0.0011209482,IV_COMBINED,-0.013488853375,-0.01205955375,-0.011441130375,-0.011234092375,-0.010686039,-0.01018190175,-0.009493036,-0.008967291875,-0.008470571125,-0.008117881375,-0.007706246125,-0.007339678525000001,0.00645450035,0.00701403725,0.00765132065,0.00803665425,0.008763220625,0.0092049995,0.00988261925,0.0105224855,0.01087146775,0.0115485445,0.0119586035,0.013409815125,-0.011530088,-0.009710785874999999,-0.00846259975,0.007953139474999999,0.0094872075,0.01132899825
2018-09-12,0.0030172302,IV_COMBINED,-0.013838179625,-0.012367708,-0.01173986325,-0.011512833,-0.010949282,-0.0104345815,-0.00975345125,-0.009194911,-0.008692509125000001,-0.008316785625,-0.00789401805,-0.007533026425,0.006611585075,0.007185745625,0.0078485054,0.008238537825,0.008973588,0.00942143725,0.010101884125,0.01077331575,0.0111679675,0.01182353875,0.0122401215,0.0137222435,-0.01182051675,-0.00996306325,-0.00867466475,0.008144261475,0.009711797000000001,0.0116011065
2018-09-13,0.0039296155,IV_COMBINED,-0.0175216215,-0.0158642245,-0.01501037425,-0.014734944,-0.0139504905,-0.013261740000000001,-0.0125240655,-0.011610466875,-0.010984358999999999,-0.0106377825,-0.009996154,-0.00952781675,0.00826360625,0.009096880125,0.009885613875,0.01038309275,0.01129306225,0.01192638375,0.01274434875,0.013622078,0.01417291325,0.014862380875,0.015399315375,0.01717005075,-0.01506660475,-0.012678201125,-0.011006792,0.010256702375,0.01224185325,0.0146217415
2018-09-14,-0.0013846558,IV_COMBINED,-0.013656920625,-0.012159761750000001,-0.01155764775,-0.011287842499999999,-0.010724739,-0.010267614,-0.009584874,-0.00899784375,-0.008577386125,-0.0081996075,-0.00777050525,-0.00748766895,0.006540948325,0.0070975204,0.00779219175,0.00816073285,0.0088108205,0.009221968625,0.009862148,0.01059002775,0.01091578975,0.01157608525,0.01207174425,0.013462110499999999,-0.011619376,-0.009797073375,-0.008544648,0.008020725749999999,0.009526351375,0.011380364375
2018-09-17,0.0025021276,IV_COMBINED,-0.01096608225,-0.009748666999999999,-0.009327096875,-0.009108243375,-0.008704287875,-0.008289255675,-0.00768102625,-0.007363689575,-0.0069289607,-0.0066311197250000006,-0.006362698675,-0.0060576237,0.005429208425,0.005847189475,0.006346042725,0.00669636875,0.00719427085,0.0075803545500000005,0.008107984575,0.0086391185,0.0088632175,0.009417946375,0.009786745125,0.0109814615,-0.009363307500000001,-0.007918005374999999,-0.0069408774999999995,0.00658493915,0.007799385,0.00927570575
2018-09-18,0.00072290807,IV_COMBINED,-0.01241326175,-0.01107195725,-0.010530075,-0.01034056925,-0.009848428749999999,-0.009375442125000001,-0.008738009750000001,-0.008278724325,-0.007816416675,-0.007468006425000001,-0.00709868555,-0.00676540155,0.00599675635,0.006507317875,0.0070958683000000005,0.00743127765,0.008090823575,0.00849390625,0.009131706,0.0097109715,0.009984207625,0.01060206175,0.010997142,0.01237524525,-0.010609931625,-0.008947734,-0.00779725225,0.0073644945,0.00874995475,0.0104398545
2018-09-19,-0.00065230526,IV_COMBINED,-0.01318001175,-0.01177598025,-0.011194395499999999,-0.010986982499999999,-0.010450393375,-0.009953779749999999,-0.00928190275,-0.0087742,-0.0082974995,-0.007925561499999999,-0.007501018575000001,-0.0071720080000000005,0.006325526725,0.006876425625,0.0075068196,0.007858993875,0.00856126925,0.008978845999999999,0.00962936425,0.01026702475,0.010608862,0.0112204455,0.0116447105,0.01311359925,-0.011269429249999999,-0.009500355125,-0.0082653135,0.007779881225,0.009249784,0.01105271225
2018-09-20,0.0049000457,IV_COMBINED,-0.01303379025,-0.011651902125,-0.0110821455,-0.01086399525,-0.010333294,-0.00985341925,-0.0091674985,-0.008681615,-0.008206887125,-0.00785351015,-0.00743911125,-0.0071047051,0.0062766237,0.0068104183249999995,0.007436244075,0.00779380145,0.00846704,0.00888836325,0.0095313685,0.010161628249999999,0.010491763875,0.01110646,0.011540727,0.01297740425,-0.01114728,-0.00939831325,-0.008186472275,0.0077043391,0.009157407,0.01094057825
2018-09-21,-0.00034068938,IV_COMBINED,-0.014060826625,-0.01262181025,-0.011969941875,-0.011742427625,-0.011175331625,-0.010633241375,-0.00991633175,-0.009366399875,-0.0088518005,-0.00849345925,-0.00801852315,-0.00765475825,0.0067301074,0.007322115875,0.00798557275,0.008381292,0.009130471250000001,0.009579071,0.010273769375,0.010932539,0.01134659025,0.011985424750000001,0.0124577485,0.013964942,-0.01204672725,-0.01014754275,-0.008833276250000001,0.00828840725,0.00987000575,0.011795118
2018-09-24,0.002896414,IV_COMBINED,-0.011284632999999999,-0.010242862,-0.009869506125,-0.009356167375,-0.0089079055,-0.008578256324999999,-0.00826466575,-0.0073848731,-0.007081751175,-0.006781949225,-0.006015360275,-0.0054654315,0.005892035225,0.006268637425,0.0067803975,0.007133745675,0.007559425,0.007837933775,0.0081156937,0.00887120175,0.009295518749999999,0.00947608125,0.01010796525,0.01094203375,-0.0096739655,-0.008235810074999999,-0.0068451741,0.0069232379,0.008024575925,0.009466482375
2018-09-25,-0.00025272986,IV_COMBINED,-0.01352378625,-0.01217719425,-0.011768439,-0.011281422,-0.010726265,-0.01024063075,-0.009880401875,-0.008718195875000001,-0.0084890315,-0.0080378207,-0.007146497825,-0.0065434274,0.006836821275,0.007314647175,0.0080485701,0.008364670749999999,0.0088821145,0.00926125775,0.00967434225,0.010589862125,0.011047473125,0.011263137125,0.011987717125,0.01287292,-0.01158985975,-0.00981934025,-0.00813731465,0.008151299175,0.009489105,0.011234463
2018-09-26,-0.0011136214,IV_COMBINED,-0.01331326025,-0.0119866025,-0.011602250750000001,-0.011112308750000001,-0.01055909875,-0.0100735195,-0.0097095395,-0.0085913205,-0.0083658535,-0.007935289,-0.007061190925,-0.006464248675,0.0067677545,0.0072373756,0.007947725925,0.008268815425,0.008766287875,0.009123723875,0.009550430875,0.010417698500000001,0.0108791575,0.01110238275,0.0118232045,0.0127306335,-0.01140895825,-0.00966849725,-0.00802511325,0.008053914825000001,0.0093623285,0.01108022475
2018-09-27,-0.0074467217,IV_COMBINED,-0.013946011,-0.012551688375,-0.012165823749999999,-0.01169280325,-0.01109044325,-0.01051591775,-0.01015125425,-0.00897626625,-0.0087704185,-0.008314388575,-0.007421376825,-0.00677545335,0.007058488575,0.00755483195,0.00834637,0.0086359175,0.009160022,0.009553823125,0.01000668,0.01092421375,0.011379676,0.0116227895,0.012373228375,0.01328930775,-0.011959372875,-0.010115936,-0.008400680575,0.008425278500000001,0.00979584675,0.01159462125
2018-09-28,-0.004138926,IV_COMBINED,-0.015534158499999999,-0.013988081,-0.013566658124999999,-0.01311354975,-0.012344383,-0.011749613249999999,-0.0112992745,-0.010001017875,-0.00979483575,-0.0092348311,-0.008278513,-0.007553004825,0.007793230575,0.008346909625,0.009293288,0.00955755775,0.010152112250000001,0.01059220525,0.011197475875,0.01221769925,0.0126894585,0.012940219,0.01369607975,0.01471654275,-0.013345956874999999,-0.01128228,-0.009363396375,0.00935660325,0.0108879145,0.01290345175
2018-10-01,-0.004756831,IV_COMBINED,-0.011594143000000001,-0.01052081875,-0.01015959,-0.00964766525,-0.00917892425,-0.008799098625,-0.008464733625,-0.007582793575,-0.007291289325,-0.006980573125,-0.0062022597499999995,-0.0056222408249999994,0.0060470244999999995,0.0064304495,0.0069850935,0.0073332828,0.0077737234,0.0080378339,0.00837415125,0.009126720500000001,0.0095557605,0.00972262825,0.010357327749999999,0.01122442175,-0.00994813,-0.0084595008,-0.0070373929500000005,0.0071220885250000004,0.0082483241,0.0097276765
2018-10-02,-0.0006616231,IV_COMBINED,-0.013209264,-0.011913256,-0.011516431125,-0.011028686499999999,-0.010492381,-0.010002009374999999,-0.009644868,-0.008537453925,-0.00829479175,-0.00786997825,-0.007004588275,-0.0063920050249999995,0.0067093562499999995,0.00717763305,0.0078807046,0.008196964250000001,0.00871093215,0.009055107,0.009458906,0.010339975749999999,0.010793546125,0.011011941125,0.01171542875,0.012595877125,-0.0113291195,-0.0095991105,-0.007961207,0.00798750675,0.00928677025,0.01098074675
2018-10-03,-0.003006596,IV_COMBINED,-0.01373268725,-0.0123717095,-0.011982043,-0.0115081675,-0.010920207500000001,-0.01038885425,-0.010003858375,-0.0088480905,-0.008633812250000001,-0.008175365375,-0.007291518725,-0.0066647435,0.006955398475,0.007438122225,0.008202166,0.0085056595,0.00903628025,0.009401404,0.009847727375,0.01074738575,0.01121172575,0.01144223825,0.01216925575,0.01309274025,-0.011784325,-0.00997133175,-0.00827371435,0.00829593875,0.009646661875,0.011413767
2018-10-04,-0.0015197308,IV_COMBINED,-0.0145926145,-0.01315801925,-0.01275181175,-0.012291297875,-0.0116105225,-0.011075404,-0.010626695,-0.009399085,-0.0091984455,-0.008690458425,-0.007771242375,-0.007116618325,0.0073780058,0.00788445275,0.008711644000000001,0.0090113515,0.00958752275,0.00996254425,0.010498453500000001,0.011443942,0.0119218725,0.01217014875,0.01292655425,0.013911186499999999,-0.0125455715,-0.010610288375,-0.008810562,0.008812015875,0.010246004625,0.012140402
2018-10-05,-0.00053245184,IV_COMBINED,-0.015410914375000001,-0.013910845750000001,-0.0134841415,-0.013050856,-0.01227641275,-0.011705674499999999,-0.011210958,-0.0099284485,-0.009730275875,-0.009191770625,-0.00825563815,-0.0075505851,0.007784312224999999,0.008319166125,0.00921583375,0.0095140015,0.010115035500000001,0.01051699425,0.011127923750000001,0.012112471,0.012603101,0.01286792675,0.01363888775,0.01470129775,-0.01327094025,-0.01121189925,-0.00932642325,0.009312453875,0.0108283765,0.0128367365
2018-10-08,-0.002043333,IV_COMBINED,-0.01108740025,-0.01009624925,-0.00973720325,-0.009237153750000001,-0.00880716825,-0.00843585625,-0.00811596415,-0.007296508125,-0.0069726977499999995,-0.006702814,-0.005962598525,-0.0053942705,0.005842972,0.0061984475,0.006706286325,0.00706430215,0.007489113875,0.007755105,0.0080305412,0.00877247425,0.009180689125,0.009304925,0.009923683374999999,0.010795871125,-0.00953276575,-0.008111646350000001,-0.006758409525,0.00685347225,0.007928797250000001,0.009340651875000001
2018-10-09,0.00035282204,IV_COMBINED,-0.01381289025,-0.012448054875,-0.012034371125,-0.0115727615,-0.010989366125,-0.010484393375,-0.01007610825,-0.00889833575,-0.008683165999999999,-0.0082166385,-0.007330472975,-0.00671067025,0.006980613724999999,0.007466083575,0.008217325225,0.008549021875,0.0090958295,0.009465202375,0.00989199575,0.01079777475,0.01129117225,0.011514319,0.01224911175,0.01315839425,-0.01186149325,-0.010035275375,-0.008328101925,0.008330369899999999,0.009703273875,0.01147769025
2018-10-10,0.005195133,IV_COMBINED,-0.014299686124999999,-0.01289671425,-0.012497412624999999,-0.012048028124999999,-0.011385182125,-0.01085957225,-0.010416062,-0.0092136945,-0.00901185825,-0.008517139824999999,-0.00762005775,-0.00698129475,0.007241538475,0.0077376436,0.008537748874999999,0.00885485325,0.009417763499999999,0.009785981249999999,0.0102870225,0.01119853275,0.01168911625,0.01193077,0.012683554,0.013651383,-0.012297836749999999,-0.010399720000000001,-0.00863835175,0.008644343125,0.0100552785,0.01190192175
2018-10-11,0.0020644667,IV_COMBINED,-0.01414027475,-0.01276023425,-0.01235808675,-0.01190460625,-0.011270352,-0.01071725975,-0.010294142875,-0.00911772125,-0.0089137205,-0.008443539975,-0.007557751,-0.006902519575,0.007181659175,0.00766612775,0.008461353750000001,0.008779045749999999,0.0093297185,0.009707363,0.01018066575,0.011095801375,0.01156253325,0.0117989675,0.0125487635,0.013509544750000001,-0.012158545125,-0.010280186,-0.00854775815,0.008563905,0.00995915225,0.011779461750000001
2018-10-12,-0.000594666,IV_COMBINED,-0.01424818475,-0.012880073875,-0.01246436275,-0.0120061305,-0.0113597195,-0.010820494,-0.010375807,-0.00921018325,-0.0090023945,-0.008503755125,-0.007605227725,-0.0069423684,0.0072376181,0.0077218575250000004,0.008531536,0.008840278,0.0094012365,0.009777756125,0.01027336775,0.01121760425,0.01165645125,0.011885535499999999,0.012630434,0.013619478249999999,-0.0122629205,-0.010374647625,-0.00861640575,0.00863312325,0.01003563425,0.011879467000000001
2018-10-15,0.0031444733,IV_COMBINED,-0.01136392775,-0.0103338475,-0.00995888175,-0.009463867,-0.0090101895,-0.008648679499999999,-0.00831630125,-0.007446341625,-0.007147648825,-0.006844150825,-0.00608487315,-0.005519676475,0.005949385775,0.006313987075,0.0068387785,0.00720526125,0.007645666,0.007919457500000001,0.008200521625,0.008954041,0.00937186225,0.00953469775,0.010170113,0.011021919125,-0.00976410225,-0.0083035705,-0.006908744175,0.00698966795,0.008101120925,0.00954369125
2018-10-16,-0.0001293848,IV_COMBINED,-0.01327758775,-0.011978564,-0.01157991975,-0.011111455125,-0.010569466625,-0.010055872875,-0.009688664125,-0.008574810075,-0.00834994625,-0.0079051054,-0.007050132875,-0.00643338025,0.0067398902250000005,0.007205259075,0.0079187945,0.008240630375,0.00876185725,0.0091140345,0.009505741875,0.01039262125,0.01084605575,0.011071355,0.011784889,0.012660873125,-0.01139858925,-0.0096498425,-0.00800386025,0.00802630835,0.009338723875,0.0110380365
2018-10-17,-0.004534714,IV_COMBINED,-0.012713033375,-0.0114909065,-0.011112231,-0.0106294435,-0.010110822,-0.00962011175,-0.0092749255,-0.00823876085,-0.0079978806,-0.00758721,-0.0067634066,-0.00615428065,0.006505089825,0.0069438753,0.00761267825,0.00792734235,0.00842220335,0.00874236625,0.00912204975,0.00997424475,0.010389391125,0.010611553875,0.0112972775,0.012167513875,-0.010912863375,-0.009248781374999999,-0.00767275425,0.007721179375,0.008965102875,0.010590095375
2018-10-18,-0.004052785,IV_COMBINED,-0.013265597,-0.011966626250000001,-0.011576198749999999,-0.01110053,-0.010560709125,-0.010030903,-0.0096731965,-0.008570144,-0.00833975075,-0.00790006425,-0.007049290175,-0.006419115675,0.00673834785,0.0072076480000000005,0.00792627275,0.008227157875,0.00874681025,0.0091026675,0.00950155825,0.010396250125,0.010832602125,0.011059723875,0.01176101325,0.0126482195,-0.011384873,-0.0096380385,-0.007993903600000001,0.008024127875,0.009327583625,0.011027928875
2018-10-19,0.0016582652,IV_COMBINED,-0.013730270999999999,-0.0123739965,-0.0119594425,-0.0114809385,-0.01090847525,-0.0103980675,-0.0100075445,-0.00885282725,-0.00863584075,-0.00817574735,-0.0072960058500000004,-0.006660793775,0.006956182575,0.0074428196,0.008190737449999999,0.008499300075,0.009031307,0.009420397,0.009834173125,0.01075567275,0.011227013000000001,0.01145041975,0.01217134525,0.0130970255,-0.0117783495,-0.00997074425,-0.008276688425,0.008291044,0.00964711925,0.011417045125
2018-10-22,-0.004008013,IV_COMBINED,-0.01084615525,-0.0098815195,-0.00951225475,-0.009001911750000001,-0.0085834885,-0.008275626925,-0.007951107625,-0.00714360085,-0.00680463525,-0.0065282803499999995,-0.0057895146250000005,-0.0052496147,0.005713470575,0.0060684954749999995,0.006548530825,0.00689747065,0.0073135305,0.0075738938250000006,0.007826180325000001,0.00855817725,0.00895421475,0.0091268635,0.009742777250000001,0.01055277975,-0.009317740625,-0.0079374448,-0.006597327375,0.006694041425,0.007747587575,0.009126826
2018-10-23,0.0011243864,IV_COMBINED,-0.01290750375,-0.0116300345,-0.01122270275,-0.010747075,-0.010222304,-0.009787602375,-0.0094374045,-0.008340973500000001,-0.0080911935,-0.0076746815500000004,-0.006823721475,-0.0062415404,0.00655622075,0.007013638075,0.0076730241,0.008002262375,0.008502161125,0.008859709,0.009217958,0.010089381500000001,0.010550143750000001,0.010765232999999999,0.011463965,0.01232070375,-0.011058903625,-0.0093759755,-0.00777370405,0.007792600550000001,0.009069465,0.0107284305
2018-10-24,-0.007879823,IV_COMBINED,-0.012145763,-0.01151208975,-0.01112216775,-0.01088262875,-0.01051965625,-0.01003582175,-0.00932464825,-0.00876286725,-0.0080259552,-0.007628639575,-0.006882981,-0.006429513325,0.006417637025,0.006890202675,0.007539002375,0.0080277447,0.00868721875,0.009662595500000001,0.01008292725,0.010805786,0.0112950715,0.01161609775,0.01183037575,0.013511,-0.01101919175,-0.00945429175,-0.007947964575,0.00792339775,0.00961531675,0.011505032
2018-10-25,-0.0013684505,IV_COMBINED,-0.01733057625,-0.0160545615,-0.015532921000000002,-0.015103737,-0.014551389500000001,-0.013973899000000001,-0.013077358,-0.012263063499999999,-0.011229528375,-0.010679614,-0.00972984925,-0.00913559075,0.008758816575,0.009499947625,0.010336181,0.011032164,0.01189586625,0.0132137575,0.013925138,0.014905264750000001,0.0156264385,0.01631395025,0.016761557,0.01898665175,-0.015402832,-0.013215354375,-0.01115640325,0.010883190000000001,0.013276175500000001,0.01604101075
2018-10-26,0.0012257623,IV_COMBINED,-0.01312371625,-0.01223766575,-0.011871671125,-0.011639986,-0.01127583525,-0.0107233755,-0.009969167075,-0.009466410500000001,-0.008597500875,-0.008226777825,-0.007438195474999999,-0.00698986735,0.0069135184499999995,0.007455613375,0.008110381025,0.0085668968,0.0093042925,0.01031317125,0.01074704125,0.01148169975,0.01209910325,0.01245924125,0.0127891095,0.01461989525,-0.01180011575,-0.010125625374999999,-0.008568925,0.008506169125,0.01027812875,0.01234736975
2018-10-29,0.00018000338,IV_COMBINED,-0.011874126249999999,-0.011168342749999999,-0.01082158075,-0.0106163005,-0.01029509525,-0.009779891075,-0.009070464375,-0.008597768575,-0.00779677475,-0.00750984875,-0.006742410225,-0.0062956583,0.00631075995,0.006769695125,0.0073912496,0.0078472825,0.008536524125,0.009441523625,0.009879332125,0.01051690675,0.011076116375,0.011381009375,0.011615467375,0.0131844595,-0.010746750749999999,-0.009213295625,-0.0077851155,0.007777512125,0.00941713475,0.011254456749999999
2018-10-30,-0.002272174,IV_COMBINED,-0.01294619575,-0.012147635,-0.011754813874999999,-0.011515569,-0.011123902375,-0.010628575875,-0.0098705935,-0.00930552975,-0.0084834165,-0.008094341875000001,-0.007303704675,-0.006827026199999999,0.006785447,0.007290562825,0.007959872925,0.00847405225,0.009173683625,0.010187040250000001,0.0106357635,0.011389146874999999,0.011927866124999999,0.01233287575,0.01256721875,0.0143100625,-0.0116723765,-0.010008586,-0.0084318355,0.008369066075,0.01016068325,0.01216601175
2018-10-31,-0.0028552187,IV_COMBINED,-0.0131769745,-0.01234103425,-0.0119605795,-0.011712807125,-0.011329083125,-0.01081185275,-0.010045658125,-0.00946127025,-0.008625786375,-0.008242737574999999,-0.0074317374,-0.006978780875,0.0069001923,0.007415700425,0.00808930355,0.00860466275,0.00931839425,0.010360092500000001,0.010804283500000001,0.01157385925,0.01215719325,0.01255247925,0.01279357375,0.0145972,-0.011874351,-0.01018102975,-0.008585275625,0.0085055749,0.01032798225,0.012385222
2018-11-01,0.005724245,IV_COMBINED,-0.013763180625,-0.012869901999999999,-0.01247851,-0.012195079,-0.011785500124999999,-0.011267766,-0.01048609625,-0.009872529,-0.0090090875,-0.008601159,-0.00776786685,-0.007295290175,0.007181859275,0.007739000275,0.008431398875,0.00896444125,0.009699336,0.010777686,0.01125178125,0.01204824475,0.01266895375,0.013117551,0.01336497125,0.015229751875,-0.0123762855,-0.0106227975,-0.00896092175,0.00886067525,0.01076215925,0.012912741125
2018-11-02,-0.001655386,IV_COMBINED,-0.0160341475,-0.0148535955,-0.014393636250000001,-0.014027153,-0.01354075975,-0.0129640605,-0.0121001585,-0.01142543,-0.010409089,-0.009943423625,-0.0090299905,-0.00848060925,0.008218240175,0.0089031795,0.009659935750000001,0.0102790555,0.01111989025,0.01233273675,0.0129682975,0.01384351375,0.014563403999999999,0.015157414499999999,0.015482509,0.017625952,-0.0142839435,-0.01225847475,-0.0103687025,0.010173907999999999,0.012371478875,0.014896735
2018-11-05,0.001857182,IV_COMBINED,-0.011053739,-0.010396467999999999,-0.010069040875,-0.00985827825,-0.00958498985,-0.009129657,-0.0084729969,-0.008070108874999999,-0.0073123953,-0.00703763485,-0.006323445725,-0.0058701543,0.0059475795,0.006400211425,0.00693363675,0.00737003315,0.0080151409,0.00883777045,0.0092323362,0.00984227625,0.010319181,0.01060452475,0.010875470875000001,0.012321679,-0.010004626624999999,-0.008610839799999999,-0.0072862002499999995,0.007305780725000001,0.008811961125,0.010518188625000001
2018-11-06,0.0015734886,IV_COMBINED,-0.013698666375,-0.01281326775,-0.01241405775,-0.012147591499999999,-0.011733411499999999,-0.0112326635,-0.010451232750000001,-0.009807664125,-0.008977058,-0.008570375375000001,-0.00772350875,-0.007242113625,0.00714613215,0.007681196,0.0083835191,0.0089160235,0.009651514875,0.0107291565,0.01121245525,0.0119986945,0.012609704624999999,0.01305592975,0.01329469875,0.01510958725,-0.012325119875,-0.010576535,-0.008915264825,0.0088149635,0.010713016374999999,0.012845028375
2018-11-07,0.004679511,IV_COMBINED,-0.02044391125,-0.01877791575,-0.018126291,-0.017570724,-0.016994676,-0.01638323,-0.0152975095,-0.014399877000000002,-0.013158806,-0.012611578375,-0.011474697499999999,-0.0107616875,0.010232711,0.011165993249999999,0.01206763475,0.012877553,0.01386449625,0.0153927085,0.01635488925,0.01751053675,0.0183138885,0.019079202,0.01964661825,0.0223221025,-0.018034091000000002,-0.015473142375,-0.01312621375,0.01273714475,0.01551377025,0.0188296075
2018-11-08,-0.0038827537,IV_COMBINED,-0.01381045225,-0.012721782125,-0.01236102475,-0.012188711875000001,-0.011779826,-0.011188094,-0.01041490525,-0.00997080925,-0.0089889601,-0.00860672825,-0.007832107925,-0.0073207599,0.0072324603,0.0078404939,0.0084963309,0.008952905,0.0097481775,0.010725380999999999,0.01118575625,0.011978464000000001,0.01253346525,0.01297213,0.013373457,0.01533086725,-0.0123377735,-0.0105847585,-0.00898370025,0.008900643825,0.01071686975,0.012880402375
2018-11-09,-0.006422731,IV_COMBINED,-0.013773289,-0.01272967725,-0.012347088749999999,-0.012150935,-0.01174730225,-0.011210344375,-0.01041188025,-0.009863961000000001,-0.00896211375,-0.008592478875,-0.00777735175,-0.007263516025000001,0.007171606075,0.007707326975,0.0083874024,0.008910008375,0.0096540605,0.010693185625,0.011161717125,0.011963299875,0.012534068875,0.0129846745,0.013277233874999999,0.015146652,-0.012322309,-0.01055907775,-0.00894153025,0.00881642275,0.01068072925,0.012816594625
2018-11-12,-0.0090585835,IV_COMBINED,-0.011024125125,-0.010335541375,-0.00999217225,-0.009832881750000001,-0.009533110000000001,-0.00908264615,-0.0084047339,-0.008017583200000001,-0.00724518985,-0.007000222225,-0.0062701592,-0.005833460175,0.0059103365,0.006298004825,0.0068813495,0.00732180175,0.007955355649999999,0.0087705615,0.009193347125,0.0098004885,0.01029428975,0.010591643750000001,0.01082668625,0.0122157745,-0.00996166025,-0.00854846515,-0.007240813875,0.0072476789,0.008766541499999999,0.01046611725
2018-11-13,0.0026962839,IV_COMBINED,-0.01438222275,-0.013405413875,-0.01298327625,-0.012712476375,-0.0122427835,-0.011763605,-0.010948076375,-0.010271584,-0.00940384675,-0.008939140174999999,-0.00810034185,-0.00756809225,0.0074348272500000005,0.007986064349999999,0.008731461999999999,0.00932887225,0.010028596625,0.01116481225,0.011696714,0.012538311,0.013100928750000001,0.013664169,0.013977703,0.015793282999999998,-0.01290130075,-0.011074078,-0.00932855275,0.00917553275,0.0111766325,0.0134213875
2018-11-14,0.0024348253,IV_COMBINED,-0.01626153425,-0.015024389499999999,-0.014563263,-0.014235508125,-0.013709632875,-0.0131349135,-0.012272924250000001,-0.0115976295,-0.01056164975,-0.01006005275,-0.009174143249999999,-0.00858222025,0.008317600750000001,0.008979951375,0.009780820624999999,0.010424495125,0.011234419875,0.012461361125,0.013125872625,0.014004402249999999,0.01467908675,0.01533113175,0.015718417749999998,0.0178566435,-0.014473195500000001,-0.012426076000000001,-0.010509791249999999,0.010287732875,0.01251545675,0.01507688425
2018-11-15,0.0008419546,IV_COMBINED,-0.01699578575,-0.015616539,-0.0151471585,-0.01480089375,-0.014272244375,-0.013671936249999999,-0.012780856625,-0.0121240475,-0.01100993425,-0.01050578725,-0.009594737625,-0.008962917975,0.008666821125,0.009411708250000001,0.010202776,0.0108688605,0.011718008,0.0129658175,0.0136574825,0.0145740235,0.015224426249999999,0.0159293295,0.01637369425,0.0186829845,-0.015071479,-0.01294678625,-0.0109718855,0.010731359,0.0130278995,0.01570252225
2018-11-16,0.006789224,IV_COMBINED,-0.01718988275,-0.015704003625,-0.0152314765,-0.0149611435,-0.01444865475,-0.013776762875000001,-0.01288441125,-0.012271544,-0.011097362999999999,-0.01060969025,-0.009702236,-0.009037131125,0.00875560985,0.00950423175,0.010316709,0.010976360000000001,0.01185263575,0.01307179275,0.01379668325,0.0147086335,0.01532738975,0.01609621625,0.01650044775,0.01890446275,-0.01521609,-0.013052312,-0.011079473375,0.01084517375,0.013158738,0.015847523000000002
2018-11-19,0.005129507,IV_COMBINED,-0.011596411125,-0.010753042625,-0.010411838999999999,-0.01026720525,-0.009975666375,-0.00947202675,-0.008760768375,-0.008415239500000001,-0.0075966165,-0.007322569825,-0.006613160325,-0.00615916245,0.0062147267,0.006632893375,0.00725940175,0.0076389674,0.0083065095,0.00914054625,0.00957168475,0.010173599,0.01067003325,0.010996895874999999,0.011313067,0.012855319125,-0.01041287075,-0.008931298175000001,-0.007596432125,0.0075970429999999995,0.0091309205,0.01091674075
2018-11-20,-0.0038074122,IV_COMBINED,-0.0138268795,-0.0128292705,-0.012425005749999999,-0.012224187000000001,-0.01176664625,-0.0112900265,-0.01046398775,-0.009902752125,-0.00897583375,-0.0086163641,-0.0078072521749999995,-0.0072656675,0.0071879359,0.007680873174999999,0.00840861175,0.008956414125,0.0096535675,0.010729364,0.0112529345,0.012011318125,0.0125821595,0.013092371,0.013383311125,0.015104594625,-0.012387401749999999,-0.010611521,-0.008976412375,0.008836785,0.010736929875,0.012866864
2018-11-21,-0.0014032752,IV_COMBINED,-0.013572790125,-0.012628921875,-0.012245872750000001,-0.01203136575,-0.011591567,-0.0111128195,-0.010306524625,-0.00975446725,-0.008850529575,-0.008480032,-0.0076834391,-0.00717064125,0.0070886684,0.0075919481,0.0083009365,0.008837008125,0.009516882875,0.01057981625,0.01107264575,0.011831759875,0.012397115875,0.012879251875,0.013157961625,0.01493417375,-0.012187492749999999,-0.010454042875,-0.008840279749999999,0.008714216175000001,0.010577121125,0.012678731375
2018-11-22,0.0010986687,IV_COMBINED,-0.012695856375,-0.011876282,-0.011483525625,-0.011299930625,-0.010901979625,-0.010418482,-0.0096519515,-0.0091693083,-0.008306727125,-0.00795232875,-0.007201182075,-0.006692406175,0.0066866445,0.0071483870249999994,0.007822075175,0.0083241443,0.00898877375,0.0099660085,0.01041274025,0.01113188575,0.01163512675,0.0120557035,0.0123189635,0.01399731375,-0.011438505750000001,-0.009805999624999999,-0.008286741675,0.008211724475000001,0.009949473875,0.01189920625
2018-11-23,-0.005545124,IV_COMBINED,-0.0123167625,-0.01157549825,-0.01117246725,-0.01097757075,-0.0106075425,-0.010128355875,-0.009384756875,-0.00889520525,-0.008082781875,-0.0077323438750000004,-0.006984045350000001,-0.006496957325,0.0065080728000000004,0.006949849625,0.0076055980999999995,0.008108239825,0.00875900075,0.009718418625,0.01014815325,0.01084570975,0.011343649125,0.01171927775,0.01195311475,0.013612612875,-0.011121146375,-0.009532713375,-0.008047381875,0.00799413475,0.009690618,0.011580647999999999
2018-11-26,-0.00031300768,IV_COMBINED,-0.011921741999999999,-0.01038523175,-0.00987740375,-0.009733743,-0.009225227,-0.00872681375,-0.00802310385,-0.007617423125,-0.00737201725,-0.0066823094,-0.0062858979749999995,-0.00571740435,0.00610162395,0.006636474675,0.007418721675,0.0075373855750000005,0.00813024925,0.008738836125,0.009323857625000001,0.009323857625000001,0.009960012375,0.01039314,0.010761083,0.0114026375,-0.009998551500000001,-0.0083233523,-0.00700596985,0.00752218535,0.008824693750000001,0.0101542895
2018-11-27,-0.00434814,IV_COMBINED,-0.013679652375,-0.01226327625,-0.011618748,-0.011420351,-0.01088039075,-0.010195408999999999,-0.009404169425000001,-0.008902904575,-0.008530143575,-0.007865236775,-0.0072914701,-0.0066389906,0.0069566820000000005,0.00754848725,0.008467545,0.00860259375,0.00931419125,0.009980615,0.01062644275,0.01073086625,0.01151157925,0.011953768125,0.012364923,0.01314340125,-0.011687816125,-0.009730275,-0.0081788025,0.008582669499999999,0.010095522749999999,0.011675442500000001
2018-11-28,-0.0013382909,IV_COMBINED,-0.014184696,-0.012746651,-0.0120747355,-0.01187143775,-0.011274104,-0.010626607,-0.00976901875,-0.009245667125,-0.008856938750000001,-0.008180172749999999,-0.007582557225,-0.0069017726,0.007189968725,0.007812069275000001,0.008773089750000001,0.0089178425,0.009649653625,0.01033915375,0.0110410735,0.011146449499999999,0.011953020875,0.012402703375,0.012787761,0.013626619,-0.012140699,-0.01011459325,-0.008507355175,0.008893170875,0.0104700855,0.0121109845
2018-11-29,0.009800604,IV_COMBINED,-0.01430270325,-0.012883224,-0.01221843375,-0.011998054,-0.0114176655,-0.010741111125000001,-0.009883545,-0.009356488,-0.008973506125,-0.0082944006,-0.007665867349999999,-0.006982034825,0.007284346425,0.00790466135,0.0088617305,0.009012845,0.0097743815,0.01046687225,0.01115110125,0.011280664624999999,0.01208565475,0.01252262875,0.012904201,0.01378650525,-0.0122685515,-0.010234617,-0.008607980849999999,0.00899524375,0.01058556575,0.01224162525
2018-11-30,-0.005510675,IV_COMBINED,-0.014810023750000002,-0.01326229975,-0.012597286874999999,-0.012467127375,-0.011583126374999999,-0.011230110750000001,-0.01007709525,-0.00959238175,-0.009166419,-0.008557456575,-0.00792566595,-0.007253095875,0.0074323885,0.00808197,0.009065796000000001,0.0092625455,0.009905332,0.0106871895,0.011386602000000001,0.0115591475,0.012441279625,0.012942517375,0.013291899749999999,0.014059369875,-0.012670537875,-0.01053265875,-0.0089117425,0.00917441775,0.010836837625,0.01254765975
2018-12-03,0.0020047931,IV_COMBINED,-0.013281829625,-0.011716352749999999,-0.011178869374999999,-0.011007455624999999,-0.01043230625,-0.009882134,-0.0090543245,-0.008559727175,-0.008274950100000001,-0.0075826529,-0.00703480015,-0.006457165,0.006778123775,0.00733245375,0.008182769325,0.008313116575,0.00901976425,0.009704545,0.010309238375,0.010363505,0.01114044275,0.01158013475,0.011939926,0.01266475925,-0.011264015875,-0.00939000125,-0.007903295625,0.00832447,0.00978536,0.011283574250000001
2018-12-04,0.00033043796,IV_COMBINED,-0.013400284625,-0.011863955375,-0.011310062875,-0.01111803425,-0.0105626095,-0.009954653,-0.00916581065,-0.00864510725,-0.00833887225,-0.0076474119,-0.00709591535,-0.00649714425,0.006803268,0.007383026525,0.008259999,0.008389675000000001,0.0091090415,0.00977407525,0.01039879125,0.010474631,0.01124936175,0.011684922,0.012066839499999999,0.012793995375,-0.01137990725,-0.0094829015,-0.007968046675,0.008390825250000001,0.0098713015,0.011396724
2018-12-05,-0.0007094746,IV_COMBINED,-0.013778100750000001,-0.012250860124999999,-0.01166943375,-0.01145933125,-0.010904196,-0.010261590125000001,-0.00945634805,-0.0089210245,-0.008578657225,-0.00789130975,-0.007317246475000001,-0.006687919075,0.0069797604,0.0075828415000000005,0.008499045425,0.008631832925,0.0093709895,0.010044581,0.01070158475,0.010785847250000001,0.01157373275,0.012015545374999999,0.012405023250000001,0.01319415325,-0.011730816,-0.00977741075,-0.008215817675,0.0086268445,0.01015290625,0.0117320685
2018-12-06,0.003515994,IV_COMBINED,-0.01364192325,-0.012088196124999999,-0.01153039525,-0.01132765125,-0.010765960375,-0.01014873975,-0.0093402064,-0.00881872525,-0.0084823505,-0.0077971757499999995,-0.0072408547,-0.006611511800000001,0.0069240051,0.0075146666,0.008416641,0.008549442,0.009278052,0.009942827250000001,0.0106106515,0.01067201275,0.01145023775,0.01189601325,0.012285270000000001,0.013064405500000001,-0.0115944945,-0.0096640835,-0.00812340165,0.00854880275,0.01005539775,0.0116165155
2018-12-07,0.00072673865,IV_COMBINED,-0.016078870250000002,-0.01469357475,-0.01395055725,-0.01367445425,-0.01303047775,-0.01223416825,-0.011254762750000001,-0.01064166225,-0.010128914499999999,-0.00949309225,-0.0087078175,-0.007954393875,0.008145507,0.00883760575,0.009948295999999999,0.01020964775,0.010963508125,0.01178328725,0.01249648475,0.0127406165,0.01366958825,0.01417580625,0.014547872,0.015583824750000001,-0.0139423095,-0.0116420135,-0.00980622675,0.010078280125,0.01192574725,0.013807677
2018-12-10,-0.0013551016,IV_COMBINED,-0.0121954825,-0.010572444625,-0.010131624375,-0.009993099875,-0.0093566235,-0.00899685125,-0.008175417375,-0.007761805825000001,-0.007529889675,-0.0068614249,-0.006431112375,-0.00587416805,0.006224019225,0.006781663675,0.007529177075,0.0076522272,0.00826342625,0.0089350525,0.009512149,0.009512149,0.01019205,0.010636865875,0.01094694125,0.0115854215,-0.01022290025,-0.00851911725,-0.0071850724,0.007662086775,0.008999944,0.010349742375
2018-12-11,-0.0046546906,IV_COMBINED,-0.01410538075,-0.01259826075,-0.011985744125,-0.011826897749999999,-0.011167168,-0.01059660975,-0.009669880375,-0.009165260675,-0.0087719055,-0.008145609875,-0.007531244774999999,-0.006902449125,0.007160015049999999,0.0077434033,0.00868948225,0.00885894575,0.009521417625,0.01026285475,0.010892289,0.0110145485,0.01185989975,0.0123243195,0.012735960499999999,0.013487397875000001,-0.012058863749999999,-0.010037880124999999,-0.008468234425,0.008801321,0.010371965625,0.01199801875
2018-12-12,0.0038235907,IV_COMBINED,-0.0160359705,-0.014652348999999999,-0.013876153,-0.01361983325,-0.0129943475,-0.012193307,-0.01122880225,-0.0106022705,-0.010106775375,-0.00945524825,-0.00868103965,-0.00793941025,0.008121321625,0.008809186125,0.0099193025,0.01018459825,0.010922837250000001,0.011757502999999999,0.0124726035,0.01269312575,0.01362628075,0.014141072250000001,0.014511414,0.0155195315,-0.01389916125,-0.011601461875,-0.009774255124999999,0.010049050125,0.011895722875,0.013764591
2018-12-13,-0.001624617,IV_COMBINED,-0.018646225750000002,-0.017222826,-0.01643799425,-0.01602016475,-0.01525532625,-0.014373928499999999,-0.0132053995,-0.0124488195,-0.01188315775,-0.01118148725,-0.01018430025,-0.009357198925,0.009396713875,0.010184112,0.011507159,0.01189418,0.01273201125,0.013681802125,0.0145066845,0.0149001025,0.01588391375,0.0164384605,0.016793475250000002,0.01810411275,-0.016303694,-0.013669859874999999,-0.01150914675,0.01166533625,0.0138506275,0.0160376575
2018-12-14,-0.0044249226,IV_COMBINED,-0.0146601235,-0.013042772000000001,-0.012434847,-0.01224728,-0.011538359,-0.011044491,-0.0100396795,-0.009491458250000001,-0.009155183825,-0.0084763939,-0.00782338625,-0.0071727226000000005,0.00746281315,0.008068686475,0.009009871249999999,0.0091495155,0.009968048375,0.0106725885,0.011425235125,0.011513564,0.01234328625,0.012753947,0.013107418749999999,0.01402988625,-0.01250660525,-0.01043313175,-0.00880169025,0.0091869305,0.010793867,0.012483878
2018-12-17,0.0034594696,IV_COMBINED,-0.01209172075,-0.0104587515,-0.010038452875,-0.00988829525,-0.009348243075,-0.008879402575,-0.008143944875,-0.007713674,-0.0074855107499999995,-0.006805349275,-0.0063743187250000005,-0.005844237075,0.006225027,0.0067347969,0.0075014823,0.0076213953,0.0082567845,0.008879669375,0.009447589499999999,0.009447589499999999,0.0101325965,0.010521422124999999,0.0108998515,0.011552589625,-0.010133282875,-0.00845219675,-0.00712339615,0.0076331357999999995,0.008945372125,0.010296043500000001
2018-12-18,0.0025042824,IV_COMBINED,-0.013267096875,-0.011754236,-0.011219152125,-0.011025446250000001,-0.0104870625,-0.009849025625,-0.0090771574,-0.008580983399999999,-0.008252328225,-0.00759234835,-0.007039385575,-0.0064398988,0.006776802775,0.00732941625,0.0081993585,0.008329033,0.009038204,0.00968661125,0.010297267375,0.01037107,0.011146840375,0.0115633765,0.01197577275,0.01270869,-0.011276573500000001,-0.009395728875,-0.007900328325,0.008328210374999999,0.00978289875,0.01129992825
2018-12-19,0.004952618,IV_COMBINED,-0.0137739275,-0.012298358,-0.0117007485,-0.011484958125,-0.01093633475,-0.010262732,-0.00946399375,-0.008943093499999999,-0.008590314475,-0.00791968225,-0.0073329401,-0.00669028865,0.0070152202,0.007598684725000001,0.008513624175,0.008647338675,0.009390311,0.010055762,0.010710361750000001,0.010804871,0.01159286575,0.01200933275,0.012413325999999999,0.013225493750000001,-0.01175126225,-0.00979217625,-0.0082297475,0.008645640375,0.010162620875,0.01174938375
2018-12-20,-0.00041816957,IV_COMBINED,-0.01484495875,-0.0134527715,-0.01275576975,-0.01249702075,-0.01190559125,-0.01114601775,-0.010281737999999999,-0.00970137525,-0.00930714875,-0.00864741775,-0.00794040725,-0.007248170975,0.00751201675,0.008155892849999999,0.0091507815,0.0093394845,0.0101201935,0.01084409625,0.0115012665,0.011710317875000001,0.012538178375,0.012996407750000001,0.013340742124999999,0.014281205375,-0.012769272,-0.010638410000000001,-0.0089366776,0.00928803025,0.01096028975,0.012674342125
2018-12-21,-0.0001467292,IV_COMBINED,-0.01567186625,-0.014187947125,-0.013431090625,-0.013246915125,-0.01240126125,-0.01186593675,-0.01075252775,-0.01018311525,-0.009744020875,-0.0091289875,-0.008380674250000001,-0.007669878224999999,0.007830391575,0.00849792825,0.00958599775,0.00982990325,0.01052776775,0.0113101615,0.012025903875,0.012251619125,0.013184814125,0.013692096125,0.01398502,0.01493215975,-0.013474785375,-0.011195337999999999,-0.00944571835,0.009693598125,0.0114771665,0.0132759035
2018-12-24,-9.637119e-05,IV_COMBINED,-0.01181455225,-0.010147335375,-0.009728073,-0.0096130955,-0.0089932372,-0.008618300575,-0.007886432075,-0.0074445249249999994,-0.007250965175,-0.0065549714500000005,-0.006158566175,-0.00565269825,0.0059988091,0.0065039273,0.0072786357,0.0073903003750000005,0.007988701875,0.0085990005,0.009127614499999999,0.00914551525,0.009811101249999999,0.01021952025,0.010529937999999999,0.0111755145,-0.009837304,-0.00818565985,-0.0068858123,0.007379537775,0.008665027375,0.00995793675
2018-12-27,-0.0011791084,IV_COMBINED,-0.0102435685,-0.00967330375,-0.009341896875,-0.009081209875,-0.00861103275,-0.00828922325,-0.0076850538,-0.007271672425,-0.0065307644,-0.006104170075,-0.0056601606,-0.00545318345,0.005481229825,0.006411995825,0.006780304799999999,0.006993337925,0.007399920024999999,0.007822003125000001,0.00818499095,0.008745821625,0.0091882485,0.009201117125,0.009795558,0.0105826555,-0.0091796675,-0.0078237221,-0.006555681825,0.0068516882,0.007920274,0.009299455125
2018-12-28,0.003305875,IV_COMBINED,-0.01220413,-0.01153876625,-0.01110575425,-0.010788438000000001,-0.010318162625,-0.009939009,-0.0091702765,-0.0085811155,-0.007744232325,-0.0071761029,-0.0067043720250000004,-0.006398651525,0.006403249975000001,0.007418999575,0.0078809905,0.008191059675000001,0.008721298175,0.0091659775,0.00968356475,0.01039012575,0.0109297005,0.01096994925,0.011568941749999999,0.012478559125,-0.010957701,-0.00930807775,-0.0077598503,0.0080216205,0.00934637,0.011010178625
2018-12-31,-0.0003257233,IV_COMBINED,-0.010037834375,-0.00949990775,-0.009158946500000001,-0.0088818476,-0.00841723835,-0.008110672675,-0.007553112025,-0.007140128075,-0.0064025176,-0.0060313429,-0.00555581395,-0.005359415325,0.005392305,0.006303947425,0.0066806691500000005,0.006933143075,0.0073249588,0.007668174725,0.00805609475,0.008622869875,0.009008384,0.009008384,0.0096108515,0.010403430375,-0.008989500375,-0.007673075,-0.0064394746,0.006751594825,0.007798150925,0.009140326524999999
2019-01-02,-0.0070453496,IV_COMBINED,-0.00945252825,-0.008946570875,-0.00863906825,-0.0083971415,-0.0079640535,-0.007659699625,-0.0071086305,-0.006735107275,-0.0060392313,-0.005670985275,-0.0052176644000000005,-0.0050638094,0.005125621425,0.006016378225,0.00634016295,0.00656868065,0.006913168325,0.007280170549999999,0.007615210675,0.008131085125,0.008509295,0.008533121599999999,0.009077792874999999,0.009824658125,-0.008483998999999999,-0.007236347425,-0.006069453325,0.006402108175,0.00738207035,0.008631608375
2019-01-03,0.0034158758,IV_COMBINED,-0.0119780865,-0.011355043,-0.010921481,-0.01061558425,-0.010168940999999999,-0.00982667825,-0.009003614,-0.0084657245,-0.0076303253,-0.0070472048999999995,-0.0065693873,-0.00630350935,0.0063037031,0.007344418,0.0077692639,0.00806933925,0.008591172375000001,0.00903868185,0.00952131825,0.01020326125,0.010743713,0.0108388385,0.0113701735,0.012261365375,-0.01078886675,-0.009169564750000001,-0.0076425005,0.007905975175,0.00921187025,0.01081996625
2019-01-04,0.0015721257,IV_COMBINED,-0.01400466625,-0.013303404500000001,-0.012738578,-0.0123925485,-0.011927789000000001,-0.01151921025,-0.01054823975,-0.0098108425,-0.008938200125,-0.00819883355,-0.00774382275,-0.00737063355,0.007270677425,0.00837721475,0.00890548275,0.00922416125,0.0099910615,0.0104728045,0.0111087665,0.011885054,0.01249429725,0.012664161,0.01318000075,0.014257138625,-0.01262952375,-0.010711013625,-0.0089286685,0.009130640125,0.01069219125,0.01258505175
2019-01-07,0.0046078297,IV_COMBINED,-0.01004000875,-0.0095096105,-0.00915843125,-0.008862813075,-0.008401165325000001,-0.008089767075,-0.00754447115,-0.007125284475,-0.006391914550000001,-0.00605008255,-0.0055758317499999994,-0.0053761475,0.005401360975,0.0062708339500000005,0.0066811275,0.006937687425,0.007345061575,0.007649551025,0.00804391745,0.008653446175,0.009026599675,0.009026599675,0.009606297625,0.01041538275,-0.0089806725,-0.007661973674999999,-0.0064434226,0.006748460575,0.007800563725,0.00914912855
2019-01-08,-0.001914436,IV_COMBINED,-0.0116559625,-0.01105130075,-0.010634171500000001,-0.0103492635,-0.00987873775,-0.009523974250000001,-0.008749581499999999,-0.008263605149999999,-0.007452185925,-0.0068991946250000005,-0.006457235275000001,-0.006185439125,0.006164270325,0.007170185775,0.00759322395,0.0078349477,0.008354551174999999,0.008832181125,0.00928943075,0.0099373975,0.010439091375,0.0105253925,0.01109279,0.011972441125,-0.0104918475,-0.00892470375,-0.0074658898250000005,0.0077143326,0.00896730025,0.01054623025
2019-01-09,0.0060082222,IV_COMBINED,-0.011693408875,-0.011082013375,-0.010662346999999999,-0.010356739875,-0.00988347025,-0.009524211500000001,-0.00878328925,-0.00827424395,-0.0074617850749999996,-0.0069143469,-0.006480841775,-0.006208743525,0.006178248875,0.007172388775,0.007588600125,0.007856153675,0.00838339825,0.008854956300000001,0.0092983055,0.00997162425,0.01046267125,0.010534529,0.0110900525,0.011993964,-0.010507968749999999,-0.008941174999999999,-0.0074804775,0.0077241881,0.008985468875,0.0105633235
2019-01-10,0.0010767021,IV_COMBINED,-0.012838790624999999,-0.012177995875,-0.01170997525,-0.01136112825,-0.010895001,-0.0105266775,-0.009676133,-0.00904113975,-0.00818460465,-0.0075592114,-0.00710298665,-0.00678624065,0.006734571875,0.007759078075,0.008228246825,0.008531257175,0.009171038375,0.009655949,0.0101795525,0.010918417125,0.011482155,0.011574388,0.012129006375000001,0.013131660875,-0.01155991875,-0.009827706,-0.008203250975,0.008414497425,0.009822437125,0.011568158
2019-01-11,-0.0039303545,IV_COMBINED,-0.0130175695,-0.0123503925,-0.011856397,-0.011515649999999999,-0.011018439375,-0.0106383065,-0.0097978475,-0.0091469385,-0.008308342825,-0.00766335135,-0.007246907925,-0.006907068875,0.006810907775,0.007849052025,0.0083204786,0.008607275875,0.00929394285,0.009787338999999999,0.010312756,0.011062296,0.01162201725,0.011717193,0.01228494975,0.0133058045,-0.01170807125,-0.00994956675,-0.00832051475,0.008517427575,0.009943701125,0.01171756475
2019-01-14,-0.0008912589,IV_COMBINED,-0.0097994625,-0.009267662375,-0.008939936249999999,-0.008656287799999999,-0.008191773925,-0.0078815168,-0.007334795425,-0.0069469257,-0.006229334374999999,-0.005887808475,-0.005454110875,-0.005262067225,0.0052808494,0.00616087505,0.0065161246,0.0067524228,0.007165619075,0.0074960262,0.007840417249999999,0.0084255295,0.008790680875,0.008791294,0.009379669,0.01019381725,-0.0087593405,-0.007466501925000001,-0.006286485825,0.006592777225,0.007609155725,0.008926023075000001
2019-01-15,-0.002455612,IV_COMBINED,-0.0114525025,-0.01083336675,-0.010441592625,-0.010163872375,-0.009685894875,-0.009339427,-0.008570513125,-0.008110736575,-0.007304617675,-0.006760014,-0.006327049375,-0.006072903675,0.0060585853000000005,0.007064202625,0.00746849045,0.007694926750000001,0.008202438825,0.00869558465,0.00910639475,0.009756257625,0.0102462245,0.01033730375,0.01088411125,0.01176150875,-0.010295013,-0.00875337725,-0.0073220262500000004,0.0075800226500000005,0.008807329249999999,0.01035089925
2019-01-16,-0.0039196243,IV_COMBINED,-0.013316894875,-0.012615910625,-0.0121343025,-0.0117879845,-0.011291233625000001,-0.010927931875,-0.01003304325,-0.009335226125,-0.008494559825,-0.007792047425,-0.00736672855,-0.0070320836,0.00694181975,0.007999881825000001,0.008467615825,0.008776346625,0.009500130875,0.0100012485,0.010515684875,0.011297347,0.01191247975,0.0120127095,0.01252861375,0.0135642115,-0.0119879915,-0.01018501275,-0.0084908035,0.0086850266,0.01016122425,0.011963667125
2019-01-17,-0.0012316097,IV_COMBINED,-0.011780236625,-0.01114760725,-0.0107293905,-0.01041495725,-0.00992088075,-0.009545255249999999,-0.008847479875,-0.008303074,-0.0075042052,-0.006961189225,-0.006540599175,-0.006262864425,0.0062053893,0.007181969375,0.00760049115,0.007885445825,0.008428823424999999,0.008901453325,0.0093240615,0.0100263675,0.01052434275,0.010550516250000001,0.01113796,0.01204282175,-0.01056178725,-0.00898588125,-0.007522596675,0.007748147175,0.009018060325,0.0106111105
2019-01-18,-0.0011605493,IV_COMBINED,-0.01131056675,-0.010692139,-0.01031160675,-0.01001350825,-0.00952402475,-0.0091739795,-0.0084811449,-0.0079929115,-0.0071993381249999995,-0.006684994175,-0.00625478735,-0.006020256925,0.005982948849999999,0.00694642085,0.007334247625,0.0075987362,0.00811425975,0.0085799789,0.0089594706,0.0096383805,0.01011225875,0.01014321275,0.010714887875,0.01158502625,-0.01014284375,-0.00863179625,-0.00722538625,0.007467469775000001,0.008679132,0.010202004875
2019-01-21,-0.0003145474,IV_COMBINED,-0.009096946500000001,-0.008589738825,-0.00830981385,-0.008062734575,-0.0076211344,-0.007317377925,-0.006797539775,-0.0064473509249999995,-0.0057779071,-0.005435515375,-0.0050322251,-0.004900777875,0.00495636105,0.0058033250500000005,0.006081668675,0.006296813375,0.0066695983,0.007055139,0.007295497975,0.00783485345,0.008171884825,0.0081768685,0.0086844005,0.00947783875,-0.0081375869,-0.006929998125,-0.0058266495,0.00616129035,0.0070987836,0.00829289525
2019-01-22,-0.0005677555,IV_COMBINED,-0.01086572925,-0.01025810525,-0.00990569925,-0.009631480250000001,-0.009186426625,-0.0088636545,-0.0081294834,-0.00767338185,-0.00691768135,-0.006379376,-0.005953757175,-0.0057529682500000005,0.0057643028249999995,0.00674564775,0.0070755491,0.007316034924999999,0.007794870025,0.0083154247,0.008612220125,0.00928166725,0.009748864749999999,0.009838854250000001,0.01028244425,0.01111431075,-0.009761078875,-0.00829798025,-0.006924627625,0.007198517925,0.00837548125,0.00980790125
2019-01-23,0.0019352064,IV_COMBINED,-0.01100451075,-0.010396285,-0.010035137,-0.00974853775,-0.009304149,-0.008975074999999999,-0.008250397625,-0.00777238815,-0.0070177243,-0.006465333275,-0.0060418885,-0.005849680225,0.005828049575,0.006807047125,0.0071317011,0.00739693775,0.007897711125,0.008430803625,0.00871793425,0.0094075095,0.009867294875,0.00994981975,0.01038248275,0.011225895,-0.00988571175,-0.008410144500000001,-0.007020873175,0.0072764887,0.00847864075,0.009920223125
2019-01-24,-0.0022346182,IV_COMBINED,-0.014742186000000001,-0.01393783575,-0.013421502750000001,-0.01305580825,-0.012579729500000001,-0.012181836,-0.011098844,-0.01023475725,-0.009412873,-0.008487590449999999,-0.008079620074999998,-0.0077437878000000005,0.0075648391999999995,0.00870513475,0.009164523875,0.009492229500000001,0.01043354825,0.011055558,0.0115610695,0.01247566975,0.01315483525,0.01331569075,0.01371271425,0.0148232565,-0.01329947925,-0.011269963000000001,-0.00934551825,0.009485823249999999,0.0111716195,0.013145509
2019-01-25,0.0038129946,IV_COMBINED,-0.01206110925,-0.011055753750000001,-0.0107062715,-0.009980543,-0.0097479565,-0.0090557145,-0.0085813491,-0.0081385546,-0.00750825775,-0.007288551900000001,-0.00685154695,-0.006056061075,0.006094027175,0.00668688335,0.0076082668249999996,0.0077784965,0.00834478925,0.00854519675,0.00926856875,0.009601040125,0.009942804999999999,0.010356339749999999,0.01065994425,0.012019118,-0.0103802155,-0.008798029125,-0.0074780859000000005,0.007600507250000001,0.008858678,0.010298294999999999
2019-01-28,0.0034182153,IV_COMBINED,-0.009816273,-0.009015755,-0.008842776,-0.008049961575,-0.00788012265,-0.00722762625,-0.0069427383249999995,-0.006558436175,-0.00618918085,-0.005979405275,-0.0055791076,-0.0049365002,0.005131460925,0.00556616795,0.0062998428,0.00655867605,0.00696470825,0.007069920925000001,0.0076627399,0.007941805825,0.008118313575000001,0.008486310075,0.008800887325,0.00975263625,-0.008397947749999999,-0.0071521515,-0.0060562151500000005,0.0063249839,0.007348471,0.00845527675
2019-01-29,-0.0017941463,IV_COMBINED,-0.01123196425,-0.010307322,-0.0100159485,-0.009166175,-0.0090415425,-0.0083355055,-0.007940869350000001,-0.0075508191,-0.00703020635,-0.00679481595,-0.00635301755,-0.005597836,0.00569839405,0.0062273751500000005,0.007071220374999999,0.00731049825,0.0077976911,0.0079564476,0.0086604491,0.009067609425,0.009217394175000001,0.00965394275,0.009952339,0.01119666025,-0.009616501625,-0.00817466985,-0.0069263985,0.007091026174999999,0.0082758055,0.009618890375000001
2019-01-30,0.00079244684,IV_COMBINED,-0.01183682675,-0.010868071,-0.010524644,-0.009692389,-0.009557458250000001,-0.008839038875,-0.008386377625,-0.007986923625,-0.0073924517749999995,-0.007160416675,-0.0067111318,-0.005911654075,0.0059594775,0.006536418925,0.00741857355,0.0076313976,0.008170395725,0.008372454975,0.0090981721,0.009513713125,0.009709187000000001,0.010160345875,0.010448579125,0.011804624,-0.010158756750000001,-0.0086258871,-0.0073218329,0.007436607600000001,0.00868655275,0.010114854625
2019-01-31,0.0044060918,IV_COMBINED,-0.012058015,-0.011069522,-0.01073288625,-0.009902996125,-0.009754257,-0.009041010924999999,-0.008565166925,-0.008137225925,-0.00752120125,-0.007292893599999999,-0.006845681175,-0.006031246275,0.0060607292,0.006653128125,0.007571497575,0.007760664675,0.008310441125,0.008531854,0.009245163875,0.009657073249999999,0.009902276125,0.01033590775,0.0106425445,0.012028667,-0.010365160125,-0.008799498575,-0.0074696116,0.007568192,0.008836805625,0.010295144749999999
2019-02-01,-0.0005753138,IV_COMBINED,-0.012482554875,-0.01141515575,-0.01116022875,-0.010261220125,-0.010043993250000001,-0.009304482375,-0.0088561425,-0.0083102261,-0.0076547665,-0.0074982401749999995,-0.007018030575,-0.00616021565,0.006208856575,0.006811913125,0.0078627524,0.00804967265,0.00851205,0.00870493375,0.009372976875,0.009859868125,0.01014909175,0.01053525575,0.0109898025,0.01244187,-0.010701480999999999,-0.00905716925,-0.007658239,0.007753709625000001,0.0090349775,0.010562721625
2019-02-04,-0.003458851,IV_COMBINED,-0.00914678625,-0.008444348,-0.00830775275,-0.00750645725,-0.00732308585,-0.00672812625,-0.006482480675,-0.006080418575,-0.0057745286,-0.005555774774999999,-0.005195761925,-0.004633428300000001,0.0048791024500000005,0.005260754,0.005948726775,0.006175507225,0.006546405475,0.0066519934749999995,0.0071144962499999995,0.00739718035,0.00757207935,0.007961410950000001,0.008250014325,0.00905599375,-0.007829760925,-0.006674661575,-0.00563870195,0.005949897025,0.0068899625,0.00787795275
2019-02-05,-0.0019442991,IV_COMBINED,-0.010193869500000001,-0.009397806375,-0.00917707825,-0.008322441100000001,-0.008202977325,-0.00756706535,-0.007272701575,-0.00685409365,-0.006444233275,-0.006196720225,-0.00578780295,-0.005101763675,0.00527290775,0.005733678275,0.006516897,0.0067800743,0.007192033925,0.007341684575,0.007904432325,0.00827603935,0.00844187285,0.008812045375,0.00912692,0.010160009375000001,-0.00873683175,-0.007463034625,-0.00630148875,0.00652398975,0.0076060544,0.008781854674999999
2019-02-06,-0.0026092802,IV_COMBINED,-0.01038747325,-0.009582476,-0.009324886000000001,-0.008492513125,-0.008363905375000001,-0.0077311954,-0.007414255749999999,-0.0070040554000000005,-0.00655634895,-0.0063160958,-0.0059106188,-0.00520039965,0.00535143975,0.00582492415,0.00662001075,0.006873066425,0.0073086133,0.0074632572,0.008047792625000001,0.008426369,0.0086065305,0.008972134,0.009274193,0.01035034925,-0.008911512824999999,-0.007606148,-0.006432472875,0.0066305563,0.0077329727,0.008941047325
2019-02-07,-0.0018056799,IV_COMBINED,-0.010385238,-0.009575466625000001,-0.009314656,-0.008491785,-0.008355899600000001,-0.007724338175,-0.007405927925,-0.007004442375,-0.0065497588750000005,-0.0063171940999999995,-0.0059141817999999995,-0.00519897965,0.0053456371,0.005822164025,0.0066165506999999995,0.0068679241499999995,0.0073055587,0.007458983875,0.00804519255,0.00842566965,0.00860445265,0.008961682625,0.0092658975,0.010346433375,-0.008906545375,-0.00759982465,-0.0064318268,0.0066270205,0.007727868400000001,0.008937529425
2019-02-08,-0.0024685601,IV_COMBINED,-0.01064382725,-0.00978054775,-0.009507747375,-0.008697215875,-0.008559589624999999,-0.007923896900000001,-0.0075627598,-0.007168590825,-0.0066789682,-0.00645834475,-0.006040157275,-0.0053162525250000005,0.005451392775,0.005935195775,0.006753079249999999,0.006991328875,0.007450895175,0.007613664175,0.008216536675,0.008608876750000001,0.00879522575,0.0091727705,0.00945845775,0.01059138175,-0.009121015375,-0.007768393,-0.006581448675,0.0067614199,0.0078890391,0.00913409575
2019-02-11,-0.004651691,IV_COMBINED,-0.0088112859,-0.0081251846,-0.007942121574999999,-0.007173028825,-0.0070274133749999995,-0.0064365293,-0.006221233725,-0.005892572,-0.005584147775,-0.005387101175,-0.005009979675,-0.004439339175,0.00468980415,0.0050747428,0.0056972385,0.005971665825,0.00630499895,0.0064110398,0.0068961889,0.0072091009,0.0073051955,0.0076856176,0.0079353705,0.008699376725000001,-0.00751468825,-0.006415321,-0.005433104325,0.00573259465,0.006653902125,0.007609046600000001
2019-02-12,0.0020310017,IV_COMBINED,-0.011258512625,-0.010304846375,-0.009988223625,-0.0091456145,-0.009013698675000001,-0.00836488175,-0.007957388,-0.007563437325,-0.0070095979249999996,-0.0067931334999999995,-0.006343319075,-0.00558917725,0.005685370025,0.006201768525,0.0070646302,0.0072915287249999995,0.0077837169,0.0079928324,0.008610873375,0.009078268375,0.009240705125,0.009657496,0.0099298875,0.01118475225,-0.009617510249999999,-0.008176705874999999,-0.006930789624999999,0.0070692719250000004,0.0082672895,0.0096088975
2019-02-13,-0.00107811,IV_COMBINED,-0.0109751655,-0.010069938,-0.0097730635,-0.0089755785,-0.008825051425,-0.0081837861,-0.0077774403499999995,-0.00738730535,-0.0068506300999999995,-0.0066475127,-0.00622074075,-0.0054746785999999995,0.005592131275,0.00609264405,0.006935808925,0.0071432128499999996,0.007635449975,0.007808570075,0.00843521825,0.00883223125,0.00904947675,0.00943640875,0.00969272125,0.010889191,-0.00940590425,-0.00799444475,-0.006782804700000001,0.006938251249999999,0.008091771875,0.009379767875
2019-02-14,-0.00091963605,IV_COMBINED,-0.0113215585,-0.01036728725,-0.01009396725,-0.009254533,-0.00910550775,-0.008432658275,-0.008023775425,-0.0075805305,-0.00702181815,-0.0068304926,-0.0063949511,-0.005623603025,0.0057249551999999995,0.006245666925,0.007147881575,0.007342340500000001,0.0078335014,0.00802055455,0.008622728425,0.009058547,0.009293611625,0.009670889125,0.009986834125,0.011244408625,-0.009696309,-0.00823055,-0.006972446925,0.007114946699999999,0.00829800315,0.00964122575
2019-02-15,-0.0011357537,IV_COMBINED,-0.011509759,-0.01053439625,-0.010263405,-0.00940438725,-0.009257472249999999,-0.0085584679,-0.00815546795,-0.0076830011,-0.0071179593499999996,-0.006919161025,-0.0064843131,-0.0057014184,0.005803384325,0.006327267675,0.007248486775,0.007449923025,0.007946419925,0.008128420175,0.00872441405,0.00917760475,0.0094220575,0.0098025615,0.010142494,0.0114387095,-0.00985289625,-0.008355660375,-0.007069272025,0.00720999425,0.008410347924999999,0.009781055875
2019-02-18,0.0038545425,IV_COMBINED,-0.009498652,-0.008750879999999999,-0.00855258575,-0.007743409975000001,-0.00760405265,-0.00697205005,-0.00671741545,-0.006335846149999999,-0.005984295075,-0.005763578075,-0.00538347245,-0.00475767815,0.0049815535,0.0053840002,0.0060819998,0.006362263700000001,0.0067434835,0.00686022715,0.007362461325,0.00769912015,0.0078517918,0.00821745455,0.00849784155,0.009405348125,-0.008113809325,-0.006912438575,-0.0058425249,0.0061106997,0.007109177925000001,0.00816331265
2019-02-19,0.0023651714,IV_COMBINED,-0.01090905375,-0.01001496775,-0.00972915125,-0.0088679045,-0.008739906425000001,-0.0080782907,-0.007719583,-0.00731962695,-0.006823991875,-0.0065883768250000006,-0.0061556457749999995,-0.005421333075,0.005545916075,0.00603988005,0.0068692021,0.0071284326500000005,0.00758506075,0.007759320975,0.008361681125,0.0088083428,0.008969807675,0.0093519295,0.009660410625000001,0.010852327,-0.009322024500000001,-0.007934128950000001,-0.0067126547249999995,0.0068803483749999995,0.00803728475,0.009330514
2019-02-20,0.0013644387,IV_COMBINED,-0.01122742225,-0.01030770375,-0.010005037999999999,-0.00916035225,-0.009027424249999999,-0.008351491175,-0.007959827499999999,-0.0075439688,-0.0070087681,-0.00677940405,-0.0063475277,-0.005589713125,0.00568825055,0.0062055797999999995,0.00706083605,0.007296878850000001,0.00779077775,0.007962565250000001,0.00859538615,0.00903017425,0.00923031825,0.00961338525,0.00992509825,0.01117209125,-0.0096148785,-0.008173818749999999,-0.006922420825,0.007068165875,0.008251798575,0.00959061425
2019-02-21,-0.00017183002,IV_COMBINED,-0.0109631685,-0.010068513125000001,-0.009792018875,-0.008959066500000001,-0.0088251755,-0.0081575442,-0.0077793993500000005,-0.0073622803,-0.0068537648,-0.006628512525,-0.006204787475,-0.005466469125,0.005587681475,0.0060845365750000005,0.0069260671499999996,0.0071629762500000005,0.007639379975000001,0.00779645665,0.0084138562,0.008821548,0.00903435375,0.00940575525,0.009714407500000001,0.010902908,-0.0093946935,-0.0079890015,-0.00676391865,0.0069303044250000004,0.00808368535,0.009377414625
2019-02-22,-0.00066556915,IV_COMBINED,-0.0114067545,-0.010457008625,-0.010170267125,-0.009318232000000001,-0.00918632125,-0.0085007115,-0.0080945207,-0.007648368375,-0.0070972972500000005,-0.006875966674999999,-0.006441569075,-0.0056763750249999995,0.005766876125,0.00629222795,0.0071791075,0.0073969091,0.007898802025,0.008081684025,0.008703478675,0.00914028175,0.00936883975,0.009753584499999999,0.01007959775,0.01134911725,-0.0097738055,-0.00830223275,-0.00702859825,0.007168098575,0.008366891250000001,0.009728263125
2019-02-25,0.00056421966,IV_COMBINED,-0.009802615,-0.008914012,-0.008265749,-0.00790311325,-0.0076612228,-0.007359970475,-0.006830871824999999,-0.006468508625,-0.0064274975000000005,-0.005972672925,-0.0053300791,-0.004917611625,0.0048482126,0.0050830975,0.0057552086,0.006184869025,0.0065326285,0.00670622565,0.00739175635,0.007867304625,0.0083768745,0.0088854535,0.008948722,0.00990956375,-0.008328186125,-0.0070705194249999995,-0.006009768425,0.005922180675,0.0071401864,0.008498843749999999
2019-02-26,0.0011010743,IV_COMBINED,-0.01074495675,-0.009792055875,-0.00916236825,-0.008733600375000001,-0.008432505125,-0.00811991585,-0.007492942275,-0.007122647525,-0.00704646215,-0.006482027375,-0.00579409225,-0.00535494385,0.0052401375,0.00546278235,0.0062129864,0.00671381575,0.00710204665,0.00728096465,0.008088523175,0.008519195,0.00917614425,0.009679028499999999,0.00974950225,0.010774949625,-0.009164607,-0.0077888673,-0.006574725225,0.006421295225,0.007772875775,0.00926166275
2019-02-27,0.0020140286,IV_COMBINED,-0.0107140465,-0.009758492625,-0.0091259325,-0.00870502725,-0.008406127125,-0.008105340925,-0.00747423905,-0.007118194025,-0.00703028885,-0.006463962125,-0.00579294785,-0.005361399125,0.0052470793000000005,0.005466640875,0.00619371325,0.0067045504749999995,0.007088838675,0.0072791552500000006,0.008059493875,0.008496704,0.009155651,0.009645054875,0.009714871875,0.0107237105,-0.00913780675,-0.007770799125,-0.00656836875,0.00641115325,0.007755418775,0.009230086125
2019-02-28,0.00042603188,IV_COMBINED,-0.011110339375,-0.010115055875,-0.00948916875,-0.009049201625,-0.00873085675,-0.0084137565,-0.007760467625,-0.007381656825,-0.00728403815,-0.006689229499999999,-0.00600688155,-0.005561552325,0.00541425755,0.005635042125,0.00639332495,0.00691318175,0.007325495,0.007520510625,0.00834179025,0.008776274375,0.009484834625,0.00996666725,0.0100510705,0.011085072,-0.00948384225,-0.008065817575,-0.00681061535,0.006621981725,0.00801352875,0.00954780825
2019-03-01,-2.1955752e-06,IV_COMBINED,-0.011554948124999999,-0.010482891,-0.009874376,-0.00942359175,-0.0090920715,-0.008764388,-0.008079869125,-0.0076749903250000005,-0.00756868725,-0.006952936925,-0.0062583499,-0.0057879715,0.0055876159000000005,0.00581444,0.0066131316,0.0071386867,0.0075891076,0.007785418575,0.008650224875,0.00908177225,0.009851235125,0.010323113,0.010420894,0.011475880625,-0.009863577875,-0.008392462125,-0.0070877273,0.0068509041,0.008297310125,0.00989600125
2019-03-04,-0.0056166626,IV_COMBINED,-0.009650550125,-0.0087574885,-0.008131500600000001,-0.007793752325,-0.007528210875,-0.0072308916,-0.006700566025,-0.006343320325,-0.006306837575,-0.005865739325,-0.0052082056,-0.0047940292,0.00475353355,0.004982143375,0.005653991425,0.0060839556,0.006433221975,0.006612273074999999,0.00728198875,0.007751403174999999,0.00825314575,0.008766369,0.00881763525,0.009735273249999999,-0.008192178375,-0.006942623475,-0.005888437275,0.005820975825,0.00703556165,0.00836788925
2019-03-05,-0.0014317724,IV_COMBINED,-0.01118635525,-0.010150450625,-0.0095581145,-0.009116179,-0.008770921249999999,-0.00842795325,-0.0077823892500000005,-0.0073726898,-0.00729198385,-0.0067097379,-0.0060104797,-0.005531386025,0.005388262975,0.0055986264,0.00640661365,0.006917504125,0.0073481486500000005,0.0075326631,0.00839156675,0.0088100945,0.009511955625,0.010031746250000001,0.01011096775,0.011124307875,-0.009530372,-0.008086626,-0.006810449425,0.006626643725,0.008044325,0.00958977825
2019-03-06,0.00095032464,IV_COMBINED,-0.011497505,-0.010386930249999999,-0.0097925695,-0.009351011749999999,-0.00901409575,-0.008679880625,-0.008004099325,-0.0075999689250000006,-0.00750471975,-0.0069072856,-0.00620100095,-0.005714102075,0.005525711075,0.005747450925,0.006561868625,0.00707616945,0.0075357191,0.0077248183,0.0086027785,0.009028488,0.009774157375,0.010274063,0.01036531275,0.01138718,-0.00978588475,-0.0083162475,-0.0070204474,0.00679470585,0.0082427095,0.009831582625
2019-03-07,-0.007538972,IV_COMBINED,-0.01619943775,-0.01448421725,-0.013994896875,-0.013393063875,-0.0129214495,-0.01236271075,-0.0114585005,-0.01085495525,-0.01052834475,-0.00970482025,-0.0088204155,-0.008221701575,0.007525372400000001,0.007904667399999999,0.008952901,0.00976790275,0.01042582975,0.01075280425,0.01206299125,0.0124475565,0.0136357005,0.014122326000000001,0.014235925,0.0155523405,-0.013872176125,-0.011839881375,-0.0099929205,0.009374352249999999,0.011426371000000001,0.013586902750000001
2019-03-08,0.0003516026,IV_COMBINED,-0.0151117525,-0.0134565005,-0.012907221625,-0.01242931775,-0.012070578,-0.0115599525,-0.01073891975,-0.0102226375,-0.00988671325,-0.009176324999999999,-0.008341554575,-0.007782623075,0.007058583825,0.00749072875,0.008472358374999999,0.009127516375,0.009781060875,0.01011426725,0.011207641,0.011697338,0.012735699,0.013219168,0.0133579735,0.01460450575,-0.012925619749999999,-0.0110630895,-0.009416618000000002,0.008802074875,0.010689930625,0.012720632124999999
2019-03-11,-0.0009727725,IV_COMBINED,-0.010033442375,-0.00903461,-0.0083727725,-0.008006929749999999,-0.0078038464,-0.0075354267749999995,-0.0070031678,-0.00663278755,-0.00659440015,-0.006156404825,-0.0055082298749999994,-0.0050853223,0.00493346075,0.005210364725,0.005892270099999999,0.0062742001,0.00664918215,0.0068131047,0.0075074485,0.008053588925,0.008536912625,0.009050577,0.009120881375,0.01006672575,-0.008482851,-0.00722771125,-0.00618363415,0.006038545225000001,0.007258902575,0.008657111249999998
2019-03-12,0.0045352257,IV_COMBINED,-0.011534515375,-0.010457521,-0.0098298585,-0.009360371,-0.009056038,-0.00873748575,-0.0080734605,-0.00763891,-0.007559623025,-0.0069629669,-0.006241165425,-0.005766815175,0.005549151775,0.00577964875,0.006621358,0.00711049865,0.00755910095,0.007727353774999999,0.00862812975,0.00909172925,0.009817272875000001,0.010307598250000001,0.0104063525,0.01148911525,-0.00982918625,-0.008367867250000001,-0.00706946845,0.00682747815,0.008266536500000001,0.009886520125
2019-03-13,0.0029089416,IV_COMBINED,-0.011947985,-0.010844706875,-0.010213102250000002,-0.009722442250000001,-0.00938254175,-0.00904500125,-0.008367006925,-0.007935002850000001,-0.00781717985,-0.007187333675,-0.006495817325,-0.0060278338,0.0057677705999999995,0.006012158225,0.006829715825,0.007352465825,0.007808074975,0.008026102125,0.00892296825,0.00938239575,0.010143502625,0.0106335465,0.010744202250000001,0.011827342625,-0.0101885355,-0.0086754585,-0.00733819805,0.0070681376,0.008548631375,0.0102040825
2019-03-14,-0.0004908714,IV_COMBINED,-0.01141073025,-0.010358427125,-0.0097172215,-0.009268537,-0.008975723875000001,-0.00867241025,-0.007991941124999999,-0.007604605825,-0.00750819295,-0.0069086844,-0.006214395475,-0.005759308925,0.0055441385,0.005784463724999999,0.006561785325,0.007071143125,0.0075027907,0.007697089325,0.0085404465,0.009002207125,0.00974476625,0.0102149065,0.01032053175,0.011380694,-0.00973716575,-0.008298874125,-0.00703188095,0.00678672495,0.00820527525,0.00979772925
2019-03-15,0.0020370882,IV_COMBINED,-0.01093498675,-0.009928961,-0.00929368625,-0.008867970999999999,-0.00857067775,-0.008267471,-0.007637770025,-0.0072610798,-0.00717972645,-0.006610689625,-0.005935498475,-0.0054914015,0.005325355375,0.00556395255,0.00631186925,0.006802543125,0.00721023175,0.0073965357500000006,0.00819463325,0.0086557775,0.00933371125,0.00982200875,0.00990943375,0.010918983,-0.009314013375,-0.00792794665,-0.00671322805,0.006521208225,0.0078851905,0.009402508
2019-03-18,0.000930994,IV_COMBINED,-0.009329645875,-0.00850656525,-0.007855524,-0.00752724575,-0.0072687640000000005,-0.006986390475,-0.006472601675,-0.00612305065,-0.00608568265,-0.005694794725,-0.00504246435,-0.0046601952500000005,0.004626858625,0.0048620488,0.005499009525,0.00592032775,0.00625900085,0.0064266745,0.0070714574999999995,0.007548450125,0.00800236245,0.0085145945,0.00856036525,0.009445549125000001,-0.007923722250000001,-0.006704649925,-0.005701379275,0.005663675275,0.0068384112,0.0081256369
2019-03-19,0.0008067485,IV_COMBINED,-0.0105331965,-0.009587461375,-0.00896526875,-0.00855962725,-0.008240993375,-0.007942248499999999,-0.0073237188250000005,-0.006957252625,-0.00688931975,-0.006347146425,-0.005652563875,-0.005213788975,0.00512611065,0.0053399547999999995,0.006083176425,0.0065873762500000006,0.0069647829,0.007150682175,0.0079315305,0.00836369275,0.00900780675,0.009518338250000001,0.00957344475,0.010544650124999999,-0.008972705375,-0.007615561999999999,-0.0064226003,0.00628911075,0.007630542,0.009084225
2019-03-20,0.0005176514,IV_COMBINED,-0.01056775375,-0.0095873135,-0.008973087250000001,-0.008579991,-0.00826428975,-0.00797269775,-0.007348737575,-0.006989649125,-0.006918000975,-0.006368400275,-0.0056888949,-0.005243943825,0.0051471295,0.005357288925,0.0060939447749999995,0.0065970920499999995,0.006983078175,0.0071750093,0.007938608425,0.008380427,0.00902880375,0.00952613175,0.009583883,0.0105472885,-0.008994409125,-0.0076404346,-0.00645271735,0.006304009725,0.007643983700000001,0.009095802
2019-03-21,0.00074626785,IV_COMBINED,-0.0119750585,-0.0108184235,-0.010235619750000001,-0.009779521,-0.00942328125,-0.0091226305,-0.008376597575,-0.00794935875,-0.007833315575,-0.0072035203,-0.006463823175,-0.0059754158500000005,0.005737847025,0.005961493925,0.0068078865,0.007360009475,0.00782762725,0.008015399999999999,0.008954175,0.009374759,0.0102170965,0.010676600000000001,0.01076759625,0.011826983625,-0.010223783375,-0.0087035045,-0.007342949624999999,0.0070578059749999995,0.008566762125,0.01022812225
2019-03-22,-0.006876127,IV_COMBINED,-0.01378732175,-0.01254569375,-0.011955760874999999,-0.01132407425,-0.01082042125,-0.01041536575,-0.009714242250000001,-0.009180016,-0.008973042,-0.008212736125,-0.0075603636,-0.0070488009,0.006615313825,0.00691349075,0.007790866025,0.00839122975,0.00887466075,0.0092232555,0.010259895375,0.010709607624999999,0.011581233125,0.0121250775,0.01224042975,0.013421310125,-0.011778575625,-0.01004768525,-0.00848345625,0.008090845425,0.009774824125000001,0.011642494875
2019-03-25,0.0034439736,IV_COMBINED,-0.0101573155,-0.00928483075,-0.008610671,-0.008224749100000001,-0.00795533765,-0.0076291228499999995,-0.00711870675,-0.006782083975,-0.0067117769,-0.0062086208,-0.0056309224,-0.00521010215,0.005075193975,0.005334609650000001,0.005962363675,0.00642689745,0.0067765809,0.007024243825,0.007628075000000001,0.008152379750000001,0.00868529775,0.009211194625,0.009266786374999999,0.010244867250000001,-0.008650271,-0.00737047225,-0.006292170275,0.006155364825,0.007413398575,0.0087954815
2019-03-26,-0.00374536,IV_COMBINED,-0.011118099499999999,-0.010222481125,-0.009557863,-0.009096720124999999,-0.008788800999999999,-0.00844176025,-0.00780909725,-0.00742628575,-0.00733424125,-0.006755742150000001,-0.0060862112749999996,-0.005645465,0.00543859845,0.005681941,0.006442417375,0.006959798725,0.007345783675,0.007562085925,0.0083694055,0.008812512500000001,0.009525864625,0.0100436665,0.010142861375,0.0111857615,-0.0095335725,-0.008113849675,-0.006871092824999999,0.006655628875,0.008056148249999999,0.009607280874999999
2019-03-27,-0.0025432375,IV_COMBINED,-0.01134394625,-0.010381137,-0.00973586025,-0.009272461,-0.00896410475,-0.008618191625,-0.007957586249999999,-0.007585083725,-0.007473147975,-0.006885635675,-0.006196382525,-0.005756381925,0.005529047075,0.00577666595,0.006544443075,0.007072604375,0.007487623875,0.007700721125000001,0.008533815,0.00895959025,0.00972636575,0.0102277985,0.01033003475,0.011353159625,-0.0097159685,-0.00827397405,-0.007008334925,0.006774318725,0.00820451275,0.00978059275
2019-03-28,-0.0013430222,IV_COMBINED,-0.0105963965,-0.009557592,-0.008992963999999999,-0.008765810875,-0.008424039,-0.008262592624999999,-0.0076620743,-0.0070573248000000005,-0.0069686921999999995,-0.006533985500000001,-0.006094715425,-0.005851769925,0.005698784325,0.005882401925,0.006257347725,0.006680629825,0.0071319664,0.0076726259000000005,0.00812010525,0.008419150625,0.009363735625,0.009598850375,0.010177660375,0.01083700875,-0.009121286499999999,-0.007788729425,-0.0067600773749999996,0.0066181211,0.0078408355,0.00938353225
2019-03-29,-0.00064547005,IV_COMBINED,-0.01063708625,-0.009597889875,-0.00905144825,-0.00882530275,-0.00848535825,-0.00830093,-0.007705625225,-0.007106127875,-0.0070035602500000006,-0.0065772113249999995,-0.006146111975,-0.005914298325,0.005741880875,0.00592312225,0.0062893724,0.006705285025,0.007164299025,0.00772062235,0.00817554485,0.008470586,0.0093888935,0.009641776375000001,0.01020321,0.010878942249999999,-0.009169313,-0.0078335383,-0.0068089358499999995,0.006658843875,0.00788150545,0.009423435375
2019-04-01,-0.0016846351,IV_COMBINED,-0.0083437835,-0.007470180999999999,-0.007114297725,-0.00687816015,-0.006464370400000001,-0.006420690825,-0.00602909395,-0.005534630575,-0.005477962325,-0.0051422047999999995,-0.0048671995,-0.0046331887499999995,0.004668909225,0.004759866275,0.005207984875,0.005438920975,0.0057724818,0.006117367225,0.0065863238,0.0068073183,0.007493337325,0.0077626276000000004,0.00825379025,0.0087770535,-0.007115437299999999,-0.006115335275,-0.0053195829,0.0053991131250000005,0.0063355442750000004,0.007583564575
2019-04-02,-0.002076269,IV_COMBINED,-0.00895638,-0.008020428175,-0.0075802497499999994,-0.0073570723,-0.0069413992249999995,-0.006903540725,-0.00645026275,-0.0059274774499999995,-0.00585597075,-0.00549452485,-0.0051603181,-0.004916498725,0.004910106625,0.005035192775,0.005484091,0.005766629925,0.00612039015,0.006504361875,0.006979761425,0.007201563625,0.008038105,0.008287332599999999,0.0088054345,0.0093186825,-0.0076357641,-0.006543500325,-0.00568047175,0.005705908425,0.00673169495,0.008068709125
2019-04-03,0.004944689,IV_COMBINED,-0.00945082425,-0.008480279875,-0.007998244,-0.007773173825,-0.0073858734750000005,-0.007310592774999999,-0.0068257401500000005,-0.0062770405,-0.006187544875,-0.005810896725,-0.005443533725,-0.0052057825,0.005142033250000001,0.005286742925,0.005712951075,0.006037255775,0.006435878875,0.00687302665,0.0073408756750000005,0.007571226475,0.00846429775,0.0087156725,0.009238881375,0.009777676,-0.00808014875,-0.006919832375,-0.006009569425,0.005983696675,0.007080541925,0.008478591125
2019-04-04,-0.0022798122,IV_COMBINED,-0.0093690335,-0.008418650725,-0.007925473375,-0.00770385175,-0.007316851325,-0.00723719045,-0.00677511725,-0.00622160645,-0.006144523024999999,-0.005760518975,-0.00540552665,-0.005164807175,0.00511557035,0.005255549325,0.005681610875,0.00600481635,0.0063866209,0.00681615525,0.0073008886750000005,0.0075209065000000005,0.00840112925,0.00864544825,0.00916036625,0.0096970085,-0.00800911525,-0.006860781925,-0.0059579298,0.005948047825,0.00703078585,0.008416060075
2019-04-05,8.469533e-05,IV_COMBINED,-0.009680917,-0.00871047625,-0.008185127,-0.007966082375,-0.007600247275,-0.007497395375,-0.007015242475,-0.00644001625,-0.006355677725,-0.005958438775,-0.005578977975,-0.0053445199,0.0052613438749999995,0.0054191918,0.005819812075,0.0061664854750000005,0.0065888869,0.0070448848500000005,0.00752458365,0.0077437035,0.0086588295,0.00891240575,0.009421338,0.009973792625,-0.008291024000000001,-0.00709869175,-0.006163869675,0.006122763725,0.00724744925,0.00866444975
2019-04-08,0.003934872,IV_COMBINED,-0.007831904075,-0.00701192715,-0.0066554956,-0.00640794875,-0.0059920426,-0.005947314425,-0.005642710225,-0.00519666985,-0.005125368375,-0.004820242775,-0.004551138775,-0.0043272960000000004,0.004402900075,0.00449507375,0.004957154975,0.005149049175,0.005487270425,0.0057829926249999995,0.006251047,0.006421577775,0.0070973109,0.0073825459,0.0078190372,0.0082631095,-0.00663822745,-0.005713511825,-0.004968532175,0.0051186891499999995,0.006010581175,0.00717041625
2019-04-09,0.0013998257,IV_COMBINED,-0.008889848375,-0.0079794719,-0.007493299750000001,-0.0072695525,-0.006861476300000001,-0.0068141923,-0.006401335025,-0.0058864203,-0.0058099249249999995,-0.005446597925,-0.005111930625,-0.00486468655,0.0048730878250000005,0.0050074052,0.005454849175,0.005742077775,0.0061021579,0.0064713676,0.0069641696,0.007154084725,0.008032171625,0.00827054475,0.008763410499999999,0.009237220125,-0.007562908325,-0.00648103425,-0.005624765525,0.005680334049999999,0.00671006385,0.0080302114
2019-04-10,-0.0009714617,IV_COMBINED,-0.011658343,-0.010550906875,-0.0098487845,-0.009572084375,-0.009273700624999999,-0.009122338375,-0.008470414375,-0.0078153826,-0.00764308325,-0.007176125175,-0.006718216275,-0.006487075825,0.00619975395,0.006444815025,0.0067715831,0.0072497308,0.0078350729,0.00845897575,0.00891182875,0.0092350365,0.01024371,0.01052317075,0.011034025000000001,0.011749534875,-0.010035474375,-0.0085800005,-0.007463827825,0.0072326109,0.008595755625,0.0102348265
2019-04-11,-0.000390625,IV_COMBINED,-0.009625362,-0.008601232,-0.00814490615,-0.007948869725,-0.007567366525,-0.0074449067,-0.007000964,-0.006437821,-0.00631304165,-0.005938855224999999,-0.00557196605,-0.005368329875,0.005251311075,0.005405564375,0.005763860875,0.00609305105,0.0065534599249999995,0.0070006791,0.00748046925,0.00768923075,0.00852884225,0.008794677625,0.009292368,0.00991061825,-0.00823754725,-0.00706832765,-0.0061523758,0.0060909331,0.007184467575,0.00858030575
2019-04-12,0.0037357544,IV_COMBINED,-0.008548413000000001,-0.0076028234,-0.0072349381749999995,-0.007021495175,-0.006599265925,-0.006561559675,-0.0061666356750000005,-0.00567666935,-0.005568305725,-0.005254221725,-0.004945617875,-0.004729809925,0.004721840325,0.00484184895,0.005267697,0.005505317175,0.0058776191749999995,0.006223027725,0.006696427925,0.006879430925,0.0076217969,0.007884240925,0.00836387475,0.008897674500000001,-0.00726671125,-0.0062416217,-0.005433575475,0.0054810866,0.006437326575,0.0076918413
2019-04-15,-4.4232424e-06,IV_COMBINED,-0.0078205374,-0.0069677923249999996,-0.0066359259,-0.006379858225,-0.0059608816499999995,-0.00592088995,-0.0056171364,-0.005179563275,-0.005087770725,-0.004804823125,-0.004537858825,-0.0043060649999999995,0.0043729984,0.004477139475,0.004938147825,0.0051222946499999995,0.0054575666,0.005750784975,0.006215351575,0.00637767265,0.007043914375,0.007318419525,0.00775957935,0.008218521500000001,-0.00660999185,-0.005688257075,-0.004949840049999999,0.005092240825,0.005972883525,0.00712300775
2019-04-16,-0.001000155,IV_COMBINED,-0.00843088675,-0.0075166105000000006,-0.007119212075,-0.00688553925,-0.006461478575,-0.006427301425,-0.00605260045,-0.00558384875,-0.00547735925,-0.005182082175,-0.00485889285,-0.00462275395,0.00463964885,0.004767543825,0.005219653825,0.00546031805,0.0058222527,0.006147190375,0.00661793175,0.006794856125,0.007595740125,0.007833779575,0.00832373575,0.008785157,-0.0071443634,-0.006132064475,-0.005334975825,0.005413406275,0.006376294475,0.0076234846
2019-04-17,0.00031431575,IV_COMBINED,-0.0084968345,-0.007576368225,-0.0071762693750000005,-0.006940945675,-0.0065262665,-0.0064925582,-0.0061149936,-0.00564005335,-0.005527772,-0.005236537125,-0.0049085696249999995,-0.0046745555,0.004675581675,0.00480547175,0.0052530128500000006,0.0055067446749999995,0.00586684705,0.006194784475,0.00666646085,0.006841020475,0.007643376325,0.007866901775,0.008367526,0.008842964625,-0.007206594425,-0.006190329499999999,-0.005390455125,0.00545347495,0.00642034765,0.00767226945
2019-04-18,-0.004925288,IV_COMBINED,-0.00962615375,-0.008604668624999999,-0.008104715549999999,-0.007870480175,-0.007514942125,-0.007422345,-0.006983339275,-0.0064201134,-0.00627070085,-0.00593692625,-0.005534272875,-0.00531333105,0.00519701415,0.00537585955,0.005751353625,0.00609834445,0.0065557458,0.00699427355,0.0074444586750000005,0.0076326325,0.00855795375,0.00878823325,0.009314809,0.00986896975,-0.008207718250000001,-0.007040243,-0.0061253977250000004,0.00606488625,0.0071762111,0.008563764750000001
2019-04-23,-0.002525282,IV_COMBINED,-0.0079255555,-0.007078833125,-0.0067340032,-0.006478231725,-0.0060997223,-0.0060646848,-0.0057403407,-0.005279737675,-0.0051878052,-0.0049198660749999994,-0.00462427495,-0.004401195775,0.004429946625,0.00454363065,0.004998941825,0.00522342455,0.00554170885,0.0058244384,0.00628125275,0.00644373055,0.007137353375000001,0.00736379225,0.00783454635,0.0083065671,-0.006729405575,-0.0058013144749999995,-0.005057951749999999,0.0051590963,0.006046923375,0.007200690125
2019-04-24,-0.0018590622,IV_COMBINED,-0.009074696625,-0.008105655699999999,-0.00763487105,-0.007398655174999999,-0.0070240426000000005,-0.00696573185,-0.00655748875,-0.0060339934500000005,-0.005913605925,-0.0055869869749999995,-0.00521000505,-0.004983097125,0.0049334687499999995,0.005088251975,0.005494678750000001,0.0058124253,0.006205032175,0.0065790822249999995,0.007043845074999999,0.0072240769,0.0081130575,0.00832607775,0.00885348475,0.009354792,-0.007713756225,-0.0066211384000000005,-0.005755962999999999,0.0057530552249999995,0.006793292525,0.008117850875
2019-04-25,-0.004641512,IV_COMBINED,-0.01080749575,-0.009732072500000001,-0.00911995475,-0.00888872375,-0.008565942125,-0.008421374175,-0.007849881575,-0.007218034375,-0.007101700375,-0.00665563905,-0.0062224591,-0.005998080675,0.00578062505,0.005993646475,0.00632641235,0.006762688175,0.007298766525,0.007853473324999999,0.0083066122,0.008554158275000001,0.009555915875,0.009793677,0.01035194025,0.01097030725,-0.009283121625,-0.007942189125,-0.00690311755,0.00674121255,0.008003043375000001,0.009547787
2019-04-26,0.0012828796,IV_COMBINED,-0.010474031375,-0.00942833375,-0.008869981,-0.00865753725,-0.00833629825,-0.008149275725,-0.0076266243999999995,-0.007006384725,-0.006911395024999999,-0.0064748174,-0.0060636574749999995,-0.005843794925,0.0056560972,0.005850132075,0.006185304,0.006596110275,0.007091762875,0.0076283500999999995,0.008098758975,0.008338405025,0.00926432775,0.009514043,0.010061939125,0.010700593125000001,-0.0090090955,-0.0077127319,-0.0067075858499999995,0.00657641105,0.007785804875,0.0092928045
2019-04-29,0.0010752737,IV_COMBINED,-0.009819697375,-0.00877610875,-0.00820835575,-0.007939183175,-0.00781414335,-0.007603146275,-0.006480870675,-0.006231236325,-0.005889972425,-0.005625226075,-0.004978236125,-0.004617283725,0.004809341775,0.0051337742999999995,0.005768102025,0.0058452267,0.00625869,0.006809080800000001,0.007542513825,0.007646273800000001,0.008086369400000001,0.0085870444,0.00871031865,0.00942241215,-0.0083904559,-0.0068827164,-0.005811025875,0.005902484425,0.00700851105,0.00828157775
2019-04-30,0.0031184673,IV_COMBINED,-0.01134139575,-0.010134856625,-0.00947990475,-0.0091298545,-0.00895723975,-0.008735812624999999,-0.00760184125,-0.007112573,-0.00677915885,-0.0065238895,-0.0057612544000000005,-0.005347466875,0.00545562915,0.005838089225,0.0065027361999999995,0.006628322675,0.007147010825,0.007813631825,0.008656646125,0.008768265925000001,0.009237561125,0.009788870875,0.009894826249999999,0.010748868,-0.00965983175,-0.007941858,-0.006696199349999999,0.00672002225,0.008006896925,0.009461233375
2019-05-02,-0.0014741919,IV_COMBINED,-0.01082293325,-0.0096462195,-0.00904136375,-0.0087202185,-0.00855527275,-0.00835076675,-0.0072098959,-0.006802557,-0.006463589725,-0.006213661275,-0.005481332175,-0.005100398675,0.005237244825,0.0055937384,0.006251202825,0.0063379480750000005,0.006832834275,0.007465862,0.00828179825,0.008374678375,0.00883281965,0.0093723564,0.009483569649999999,0.010265075,-0.009219082375,-0.007573634325,-0.006389743175,0.00643936375,0.0076581596,0.009047588625
2019-05-03,0.0003285309,IV_COMBINED,-0.01133079875,-0.01008120925,-0.00942947975,-0.00910421775,-0.00892032375,-0.008648222575,-0.00750451905,-0.0070876929750000005,-0.0067172936749999995,-0.006456674725,-0.00565928445,-0.0052943704500000004,0.00541323475,0.00581284225,0.0064886855,0.006595517875,0.007099377025,0.00777700415,0.00863518675,0.00876065025,0.00915116325,0.00971983675,0.0098082085,0.01065862375,-0.009616954375,-0.0078774415,-0.0066292490749999995,0.006689865175,0.007965384175,0.0094027665
2019-05-06,0.00077285105,IV_COMBINED,-0.009270309000000001,-0.0083229825,-0.007731113174999999,-0.00747066825,-0.00735804535,-0.0071270109750000005,-0.006074013325,-0.0058793617,-0.0055559387000000005,-0.005294642675,-0.004659365075,-0.004300988,0.004555479225,0.004866418075,0.005436477075,0.005505842675,0.0058877916249999995,0.006426976775,0.007102679275,0.007254466125,0.007675426250000001,0.00812420825,0.00824840925,0.0089441935,-0.007909803375,-0.0064734877,-0.005452273775,0.0055697691,0.006609499625,0.00784503475
2019-05-07,-0.0016715387,IV_COMBINED,-0.010761242375,-0.009626797375,-0.0089462045,-0.00863980075,-0.008480645125,-0.0082730195,-0.007154288,-0.00673735085,-0.006401992125,-0.00616355155,-0.00542556185,-0.0050113139,0.005191275375,0.0055426430999999995,0.006182992925,0.006263039675,0.00677380245,0.007416070825,0.008205382375,0.00832690845,0.0087866321,0.009306353475000001,0.009417826475,0.010206932375,-0.009156301,-0.0075025709999999995,-0.00632215955,0.0063792191,0.007592929925,0.0089887365
2019-05-08,0.0024772587,IV_COMBINED,-0.0109473515,-0.009777591,-0.00912453025,-0.00880275275,-0.008636096,-0.008413777575,-0.0072817754249999995,-0.0068580845250000005,-0.006522096975,-0.006278057075,-0.005529188975,-0.005128468000000001,0.00527786445,0.00563831025,0.0062906380750000004,0.0063772923,0.0068817683,0.007535665525,0.008354506000000001,0.00846547425,0.008917685,0.009448811625,0.009558149875,0.010354942499999999,-0.009315513825,-0.007640053325,-0.00644151525,0.00648861775,0.00771960875,0.009130151825
2019-05-09,0.0019524596,IV_COMBINED,-0.011029247375,-0.009849401375,-0.009210971625,-0.0088816357,-0.00871357805,-0.008485239549999999,-0.007346870750000001,-0.0069175551250000005,-0.00657989915,-0.00633009215,-0.005574552325,-0.005173467225,0.0053185419,0.00568049505,0.0063349872750000005,0.006430262525,0.00693432945,0.00759182665,0.0084102385,0.00852097225,0.00898987075,0.00952880775,0.00963502275,0.0104300465,-0.0093918205,-0.0077081071,-0.00649618125,0.006535718575,0.0077790932,0.00919723025
2019-05-10,0.0011905545,IV_COMBINED,-0.01202674475,-0.0107497135,-0.01009236575,-0.00970081825,-0.00949370135,-0.009221291925,-0.0080711532,-0.007530206325,-0.0071785593,-0.00688911585,-0.0061015313249999995,-0.005662757775,0.005737623475,0.0061628463,0.00685156575,0.0070144244250000005,0.007541147425,0.00825188725,0.009147049,0.00929025475,0.00973282375,0.01031400225,0.01040163,0.0113239805,-0.010238454125,-0.008418715075,-0.007080980975,0.00708804635,0.008453702125,0.0099791475
2019-05-13,-0.0007898359,IV_COMBINED,-0.009621254499999999,-0.008593567925,-0.0080481867,-0.0077628444500000005,-0.0076387551,-0.007423699575,-0.0063315568,-0.0060956172749999996,-0.0057516394750000005,-0.00550461355,-0.00485027455,-0.004501761125,0.0047170609749999995,0.00503147925,0.005624811475,0.00570131455,0.0061108145,0.006661692675,0.00738355175,0.007507628825,0.0079200209,0.00842074315,0.00854020315,0.0092100199,-0.008208024250000001,-0.0067301402,-0.0056751932,0.005773543775,0.0068556235,0.008112284925000001
2019-05-14,-0.00223048,IV_COMBINED,-0.01074963025,-0.00960426275,-0.00896772125,-0.008646908,-0.008486578175,-0.008282373775,-0.00715886915,-0.0067426506,-0.00640280675,-0.006166252575,-0.0054236307,-0.0050228236749999995,0.0051963143,0.00554532155,0.006176055925,0.00626813975,0.006771078325,0.007414357999999999,0.008200491125,0.008309772775,0.008783879025,0.0093216039,0.0094317799,0.01019601575,-0.009153950625,-0.007510883925,-0.006327546425,0.00637785225,0.0075951345,0.00898438725
2019-05-15,4.015249e-05,IV_COMBINED,-0.01024060975,-0.0091500665,-0.008541850325,-0.008236035925,-0.00809523025,-0.0078897155,-0.006776286175,-0.00643971105,-0.0060970315,-0.0058638,-0.0051518356,-0.004778232025,0.004975990025,0.0053092646750000005,0.0059107885,0.00599028685,0.006452613025,0.00706616815,0.0078259145,0.007946216675,0.008383008175,0.0089084163,0.009020161799999999,0.00972484375,-0.008722331625,-0.007148918625,-0.0060246586500000004,0.0060949142,0.007248679825,0.00858002875
2019-05-16,-0.002646819,IV_COMBINED,-0.010849624875,-0.009657514124999999,-0.00901008275,-0.008696819625000001,-0.008534538349999999,-0.0083048304,-0.007166659375,-0.006770002275,-0.006419667625,-0.006182812225000001,-0.0054107015,-0.0050473378,0.0052101216,0.005570356325,0.006226636225,0.0063055696500000005,0.0067962345,0.0074487609,0.00827343165,0.0084010515,0.0087735975,0.00934304925,0.009442200750000001,0.010224636625,-0.009208666,-0.0075342485249999995,-0.006343136975,0.0064153559,0.007633409,0.009022983174999999
2019-05-17,-0.0011412972,IV_COMBINED,-0.010277950375,-0.009184383,-0.0085725911,-0.0082653565,-0.00811540945,-0.007898756825,-0.0067893268,-0.0064565151999999995,-0.006113578475,-0.005870616075,-0.005166876575,-0.004798387575,0.004986456875,0.0053169804,0.005938846825,0.006012122575,0.006461461474999999,0.007076399925,0.007859814350000001,0.00797793575,0.0083951435,0.00891519925,0.009019362,0.00973585775,-0.008748371125000001,-0.0071661538,-0.006038230425,0.006112711725,0.007264999175,0.0085976226
2019-05-20,0.00041415053,IV_COMBINED,-0.009355425625,-0.008408501124999999,-0.00779721475,-0.007525480075,-0.0074201765,-0.007196022125,-0.00614679765,-0.0059105703249999995,-0.00559184165,-0.0053501502499999996,-0.004713786425,-0.004339414325000001,0.00459180565,0.004902576025,0.005463333925,0.005538935175,0.005925856875,0.006475783275,0.007168789975,0.007316919175,0.00772498095,0.00818912595,0.008318429825000001,0.009010431075,-0.007981121,-0.00652848955,-0.005501988725,0.005610472575,0.006659698375,0.00790791025
2019-05-21,-0.0010412993,IV_COMBINED,-0.010092400750000001,-0.00905172075,-0.008385695325000001,-0.008092231575,-0.007969713475000001,-0.007768982475,-0.00667932485,-0.006328404025,-0.006003222525,-0.0057762648,-0.0050875035999999995,-0.004688231,0.004907370575,0.0052338263250000005,0.0058199377,0.00589950005,0.006354413175,0.00695939075,0.0077083105,0.007840399025,0.008268437575,0.008772528575,0.008895152075,0.009613354250000001,-0.008595009375,-0.0070331256000000005,-0.005929877175,0.0060047717,0.0071388287,0.008465130875
2019-05-22,-0.00012323618,IV_COMBINED,-0.01026728425,-0.009175356499999999,-0.008504986875,-0.008215417499999999,-0.008083756375,-0.007873860574999999,-0.0067604781999999995,-0.0064142061,-0.006080759175,-0.00585122475,-0.0051374085,-0.004763353525,0.0049649719250000005,0.0053028173250000005,0.0059143867,0.0059894034,0.006438637125,0.0070545174500000005,0.007839440825,0.0079750327,0.0083474421,0.00887024535,0.008983772349999999,0.009723086875,-0.008723134825,-0.0071268583,-0.0060080105,0.006092050925,0.00723844915,0.008573754999999999
2019-05-23,0.0012809145,IV_COMBINED,-0.010746591,-0.009606612625,-0.0089538475,-0.00861118405,-0.008459699224999999,-0.008243579875,-0.00713609275,-0.006717461725,-0.006380752425,-0.0061441607500000005,-0.0054095864,-0.005020165975,0.005187600275,0.005534548,0.0061520884250000005,0.00622991715,0.0067217524,0.0073752574500000005,0.008199610925,0.008318182075,0.008740680925000001,0.009277543675,0.009375926925,0.010128633375000001,-0.009133533325,-0.0074863467749999996,-0.006306990975,0.00635912015,0.007560816375,0.00895260675
2019-05-24,0.002333671,IV_COMBINED,-0.010984546375,-0.009816604625,-0.0091624485,-0.0088272925,-0.008661321675,-0.008422456375,-0.00730488195,-0.006874214175,-0.0065370925,-0.006285487575,-0.0055414563,-0.00514412845,0.005287940525,0.00565660185,0.0063004802999999995,0.0063912561,0.0068826549,0.007538945199999999,0.008373809749999999,0.008498480749999999,0.008927976875,0.009468128,0.009565430875,0.010371492375,-0.0093424445,-0.007660218375,-0.006453548525,0.006500297225,0.007730958575,0.0091474385
2019-05-27,-0.00046897927,IV_COMBINED,-0.009601268999999999,-0.00859807785,-0.007985472925,-0.0077142991000000005,-0.0076024244,-0.0073835210000000005,-0.0063017865,-0.00605149055,-0.005724185725,-0.00547460275,-0.0048310095,-0.00446191565,0.004693464175,0.0050134073500000004,0.005600032725,0.0056741983499999996,0.0060726534,0.006630264625,0.0073573455,0.007501263075,0.00788426075,0.00837051375,0.008495412,0.00919492775,-0.008179918325,-0.006689291525,-0.005640508025,0.005747380575000001,0.0068209952,0.008086642
2019-05-28,-0.001372469,IV_COMBINED,-0.010049615,-0.00900358815,-0.00835080535,-0.00805188275,-0.007932146825,-0.007731413175,-0.0066419375749999995,-0.00630250325,-0.0059750578249999995,-0.00574309645,-0.00505620315,-0.00466817115,0.0048898961999999995,0.0052107691250000004,0.0057935529749999996,0.00587206825,0.006319404674999999,0.006923487775,0.00768105725,0.0078191785,0.0082265585,0.008739675875,0.008857963625,0.009550360649999999,-0.0085537291,-0.0070003435,-0.00590027735,0.005978936025,0.007107139175,0.008427023625
2019-05-29,-0.0036863654,IV_COMBINED,-0.00939191,-0.008381719425,-0.0079812673,-0.007970450675,-0.007519909825000001,-0.0072619280999999996,-0.0067255629,-0.00654231495,-0.0061077938000000005,-0.005581249025,-0.005263674625,-0.004596457075,0.0046435445249999995,0.005604142,0.005991850925,0.006359366,0.0067301358250000005,0.007484325425,0.007773607425,0.007882923175,0.00856587275,0.0087172465,0.00913117825,0.00977659225,-0.00810518365,-0.00692377345,-0.0058491248249999996,0.0061486562500000005,0.0074129361,0.00862603475
2019-05-30,0.00032548467,IV_COMBINED,-0.009370805874999999,-0.00836109325,-0.007962628749999999,-0.0079488955,-0.00749315065,-0.0072372734999999995,-0.0067050119749999994,-0.006521155275,-0.006092335674999999,-0.005565498425,-0.005250516525,-0.00458490395,0.00463446005,0.005591513375,0.005975417525,0.006343595075,0.00671618745,0.0074679138,0.00775339215,0.00786334125,0.008542824,0.008691907,0.009105697749999999,0.0097511755,-0.0080822435,-0.0069036808,-0.00583186955,0.0061341939,0.00739459885,0.008603286
2019-05-31,0.00091079384,IV_COMBINED,-0.009224244,-0.008231115475,-0.007842849225,-0.007832425475,-0.007377821025,-0.0071315503,-0.006601079100000001,-0.00641880385,-0.0060024821750000006,-0.00547706185,-0.005170706875,-0.0045232454499999995,0.0045733031,0.005520239825,0.0059027309,0.006263497425,0.006635759075,0.00737785585,0.00765311875,0.007756752425,0.00841692575,0.00857081225,0.008979006,0.009613943,-0.00795943135,-0.006799353175,-0.00574427375,0.0060570301,0.00730020885,0.008483949250000001
2019-06-03,0.0049745115,IV_COMBINED,-0.00849714225,-0.007570926525,-0.0072174864000000005,-0.007181071525,-0.0067740436,-0.00657750825,-0.00605093725,-0.005890034825,-0.005516980625,-0.00501545185,-0.0047540608750000005,-0.004155241875,0.004235223775,0.0051381935,0.0054814474000000005,0.005838364675,0.006159992675,0.006875908275,0.0070920611500000005,0.007181545225,0.007808758075,0.007956338375,0.008339523125,0.008926345875,-0.007320138574999999,-0.0062505896250000005,-0.005278459375,0.005621383650000001,0.0067845331250000005,0.00786964675
2019-06-04,0.0028384994,IV_COMBINED,-0.01086260375,-0.009733527,-0.009270210875,-0.009260869375,-0.00873710175,-0.0084517885,-0.007823163250000001,-0.00758232875,-0.00707720165,-0.006523017025,-0.0060974867,-0.005331017675,0.0053148164250000005,0.006361251775,0.0068451378,0.007238303975,0.007728199075000001,0.008583321625000001,0.00897995425,0.00907043575,0.00977549525,0.0099568875,0.010413717749999999,0.011115703250000001,-0.009409177500000001,-0.008040938375,-0.006797127775,0.007045871925,0.008497333125,0.009871061375
2019-06-05,0.00050269254,IV_COMBINED,-0.011444194250000001,-0.01024922925,-0.0097702415,-0.0097702415,-0.00924270575,-0.00895216275,-0.008244958825,-0.007981892825,-0.0074312615,-0.0068611717,-0.006431864725,-0.00564906345,0.0055609679,0.006682586925,0.0072104284,0.00761803095,0.00809936625,0.00901190275,0.009462901999999999,0.0095633705,0.010313380875,0.010464167375,0.01095463725,0.011679569,-0.0099317065,-0.00847610375,-0.007175231225,0.007403250325,0.008931273375,0.010394771625
2019-06-06,0.00457488,IV_COMBINED,-0.015510644625,-0.0140268625,-0.01335688,-0.0133412505,-0.012705641,-0.01218288325,-0.011120241749999999,-0.010826042249999999,-0.00998211775,-0.00935656175,-0.008690772375,-0.0076982894,0.0073358185499999996,0.008802689,0.0094570455,0.0100500615,0.010814357375,0.011928065875000001,0.012788362375,0.012849999625,0.013743196,0.0138947625,0.014521148250000001,0.015407284875,-0.01355345625,-0.01149363325,-0.00975091,0.00983965425,0.0118951215,0.013861998
2019-06-07,0.0026881143,IV_COMBINED,-0.01356196,-0.012183364,-0.01165603875,-0.01165603875,-0.011079642375,-0.010605569,-0.00974774975,-0.00944989225,-0.008792649750000001,-0.0081824336,-0.007666340875,-0.006778351625,0.00652799835,0.007831029625,0.00842118625,0.008946912750000001,0.0095390735,0.010566082000000001,0.01125641625,0.01136550525,0.0121966715,0.012264994250000001,0.012881468,0.013678788375,-0.01181731475,-0.010050380000000001,-0.0085365175,0.00871514075,0.010514696,0.012275769875
2019-06-10,-0.0012458913,IV_COMBINED,-0.009373732125000001,-0.008324997375,-0.007980955925,-0.007980955925,-0.0074917745,-0.0072492052,-0.0066869381,-0.0064700516,-0.0061020354,-0.005599242025,-0.005294617125,-0.00467751045,0.0047221877500000006,0.00564154115,0.00603864255,0.006420900175,0.00674249815,0.00753385115,0.00784825535,0.007990516100000001,0.00865638675,0.008708555,0.00920804075,0.009840634000000001,-0.00808413325,-0.006897837225,-0.005858125525,0.00619862485,0.007450812075,0.00870876625
2019-06-11,0.0004729146,IV_COMBINED,-0.01053052825,-0.009406152000000001,-0.008977771375,-0.008963331,-0.00845290475,-0.0081667092,-0.007557691675,-0.00734588945,-0.0068459542499999994,-0.006315173475,-0.00590180865,-0.005191864525,0.00519564525,0.006209326,0.00666071825,0.007069397625,0.0074927018750000005,0.0083369355,0.00872342375,0.008852219,0.009552688875,0.009662322375,0.01017157875,0.0108624395,-0.009103925374999999,-0.00777880335,-0.006584288875,0.00685636315,0.008256956,0.00963247
2019-06-12,-0.0004684938,IV_COMBINED,-0.0101544685,-0.00905170525,-0.00862863625,-0.00862863625,-0.008149881000000001,-0.007874251525,-0.00728469435,-0.00707611435,-0.0065968958000000005,-0.0060747339000000004,-0.0057041630999999995,-0.0050041486,0.005014308675000001,0.006014680125,0.00644953555,0.006843582525,0.0072255289,0.008043394,0.008403595,0.0085322165,0.00924308875,0.009346891,0.00984332225,0.010510766500000001,-0.008771788124999999,-0.0074921187,-0.0063466824,0.006621529750000001,0.0079725985,0.0093065975
2019-06-13,-0.0031747394,IV_COMBINED,-0.009846875125,-0.008780256699999999,-0.008363014200000001,-0.008363014200000001,-0.007887075,-0.0076230001249999995,-0.0070492417,-0.00685501025,-0.00639165755,-0.00587540845,-0.0055299377,-0.0048430855,0.00486498685,0.0058490221250000005,0.006261465275,0.0066438286,0.00701821985,0.007814000074999999,0.008144616375,0.008275276,0.008966347749999999,0.0090865315,0.009558086125,0.010218026250000001,-0.008500044,-0.007256384649999999,-0.006145288525,0.006427662,0.0077414391499999995,0.00903247075
2019-06-14,-0.005139868,IV_COMBINED,-0.010011933875,-0.008936221125,-0.0085212,-0.008520413,-0.008042339249999999,-0.007781797525,-0.007195393775,-0.006979467925,-0.006511533725,-0.005991451825000001,-0.00563133885,-0.00494254155,0.004949870425,0.00593736675,0.006385296375,0.00675688435,0.00716595605,0.007972768125,0.008309442125,0.0084261865,0.009081627875,0.00922552175,0.009701439874999999,0.010359691875,-0.00865854025,-0.007397878675,-0.006265319375,0.00654958655,0.00788611455,0.00917567775
2019-06-17,0.0016034852,IV_COMBINED,-0.00902553175,-0.00804166425,-0.0076757067,-0.0076757067,-0.0072283115,-0.007015403625,-0.00646634005,-0.006276335425,-0.005867604375,-0.005362136975,-0.005083656625,-0.004463378425,0.0045074880000000005,0.005436146225000001,0.005828662075,0.006188753775,0.006534119525,0.007287969825,0.0075438169,0.007660705525,0.008273477,0.008413708,0.008843342,0.009445739375,-0.007797323575,-0.0066602781,-0.005640182225,0.005970046475,0.007193673675,0.008353416
2019-06-18,-0.0034484447,IV_COMBINED,-0.0105572055,-0.009439663625,-0.0089956775,-0.008991477,-0.008513822,-0.008235515624999998,-0.00762315735,-0.007381663225,-0.006885195475,-0.006352443575,-0.00593734865,-0.00520417315,0.00519544325,0.0062129574,0.00669829385,0.007087884775,0.0075377295,0.0083824945,0.00875719675,0.00885504,0.0095505855,0.009718217125,0.01019150475,0.010862096,-0.009147536500000001,-0.007824242,-0.006622229,0.006880324075,0.008296704375,0.0096432845
2019-06-19,0.0015685437,IV_COMBINED,-0.0102102605,-0.0090986445,-0.008663028375,-0.008663028375,-0.008227255675,-0.007962954075,-0.007347540375,-0.007100152975,-0.006652133175,-0.006128568775,-0.005773997925,-0.005030615725,0.00502313435,0.0060327115,0.006498873625,0.0068958284,0.007285941525,0.008122856625,0.008470011675,0.008571434499999999,0.009274301,0.00941820825,0.009903186125000001,0.01054593525,-0.00883242875,-0.007545161775,-0.006399258075,0.0066621345500000005,0.0080385695,0.009352974125
2019-06-20,0.006194296,IV_COMBINED,-0.010733220375,-0.00959667325,-0.0091570955,-0.00915100925,-0.0086853055,-0.0083707202,-0.00774230425,-0.007515816875,-0.00700831445,-0.006459777525,-0.006022837775,-0.005298874675,0.005275736575,0.006311029,0.006792958675,0.0071866883,0.0076460198,0.008490423,0.008903878875,0.009018326625,0.00973672775,0.009871446124999999,0.010363273249999999,0.011051201,-0.009307385750000001,-0.0079588503,-0.0067336054,0.0069859247999999995,0.008419691875,0.00981468175
2019-06-21,0.0040178415,IV_COMBINED,-0.01091188775,-0.009737192625,-0.009246722,-0.009246722,-0.008795721,-0.008492107,-0.00780630185,-0.00757283385,-0.007105508,-0.0065306669,-0.006150155725,-0.00535734835,0.005317889675,0.006389182825,0.006869256125,0.007308608575,0.007719869825,0.0085924095,0.00900629575,0.009105030875,0.009892710625,0.010013066375,0.0104989145,0.01118793525,-0.00943672575,-0.00804469475,-0.0068206225,0.0070604987,0.00852805025,0.00993817725
2019-06-24,0.0056116004,IV_COMBINED,-0.00942912,-0.008395023500000001,-0.00800604825,-0.00800604825,-0.00754759995,-0.007309788425,-0.006735633875,-0.0065492935,-0.0061287697,-0.005613746575,-0.005304201725,-0.0046493524,0.0046854928,0.0056425369999999996,0.006042649775,0.00641388575,0.006772539375,0.0075502075750000005,0.0078497965,0.007979001325,0.00862401425,0.00873565075,0.009206349249999999,0.0098344585,-0.0081375161,-0.006945906625,-0.0058852765500000005,0.006198603175,0.007464416,0.008698723875
2019-06-26,-0.00017776743,IV_COMBINED,-0.0112800225,-0.010119317499999999,-0.0096421375,-0.009630574749999999,-0.009116100375,-0.008809627,-0.0081121845,-0.007882715,-0.0073452223,-0.006785637525000001,-0.0063327745,-0.00556418325,0.005516028075,0.0065954739249999995,0.0070966806,0.0075230268,0.008011974875,0.00889586475,0.009339351249999999,0.00944382025,0.0101771635,0.0103250155,0.010825794,0.0115341905,-0.0097911285,-0.008358377375,-0.0070749874,0.007311901475,0.008819046875,0.010264064
2019-06-27,-0.001671681,IV_COMBINED,-0.011045510375,-0.0098660465,-0.00938215125,-0.00938215125,-0.008906334625,-0.008619851625000001,-0.00791860745,-0.0076778179500000005,-0.007184050075,-0.00661732415,-0.0062271235999999995,-0.005442063675,0.0053948316,0.006476249,0.006974680775,0.00741152325,0.00782269865,0.008708314,0.009127795000000001,0.009236694,0.0100208095,0.0101417885,0.01063660575,0.011326496,-0.00956397875,-0.0081564955,-0.006916835875,0.007159251125,0.00864242375,0.010069679750000001
2019-06-28,0.00029016347,IV_COMBINED,-0.01094585975,-0.00979152475,-0.00935374775,-0.00935194575,-0.00883879625,-0.008534714,-0.007882234625,-0.00765285875,-0.007136197425,-0.00658599685,-0.0061420313,-0.00542187605,0.005390982675,0.006440364375,0.006934582575,0.007341389125,0.007797665675000001,0.008656860124999999,0.0090797215,0.009210152,0.0099360875,0.010056587875,0.010562843,0.01125691325,-0.0094925685,-0.00811195025,-0.0068674956499999995,0.007128663325,0.00858644475,0.010009143
2019-07-01,-0.005974089,IV_COMBINED,-0.009975589625,-0.009149234375,-0.00871004075,-0.00838767965,-0.0080642234,-0.007735901,-0.00706840565,-0.0064675075,-0.00611947825,-0.0058997591499999995,-0.00551335365,-0.00510085685,0.004966897675,0.0054485431,0.0059885195,0.0063812386,0.00677610915,0.00731346025,0.007896145575,0.0081516197,0.008336436375,0.008830919,0.009110654,0.00982183325,-0.00866252575,-0.007220266675,-0.0061434754,0.006215243175,0.0074395745,0.008663337375
2019-07-02,-0.000548493,IV_COMBINED,-0.00905388725,-0.00836044975,-0.0078929158,-0.0076017153,-0.00732715555,-0.00706769275,-0.0064246695,-0.0058788629250000005,-0.005592576375,-0.005400490500000001,-0.005047636275,-0.0046389412500000005,0.004552667275,0.00501971065,0.0054827973999999995,0.0058103680500000005,0.006211043675,0.0066918691249999995,0.007228075375,0.007420170575,0.00761785795,0.008113816425,0.00834992805,0.008937244375,-0.0078821801,-0.00657134325,-0.005606724875,0.005698858925,0.0068110344,0.007910655625
2019-07-03,-0.002292327,IV_COMBINED,-0.00890226925,-0.008223130175,-0.007768119825,-0.007488248975,-0.007207733524999999,-0.0069510509250000005,-0.00633055335,-0.0057811756499999995,-0.0055057136,-0.005320563699999999,-0.004973249325,-0.00456010865,0.004485727675,0.004944851075,0.0054061861,0.0057233986,0.006133857625,0.006601163925,0.007110465725,0.0073131982,0.007503796125,0.008003787,0.008207582375000001,0.00878820725,-0.007754486499999999,-0.006467322825,-0.005517229575,0.005616217725,0.0067145346000000005,0.00778465035
2019-07-05,-0.0052511413,IV_COMBINED,-0.008319897875,-0.007719174825,-0.0072716515749999995,-0.00699833435,-0.00676771765,-0.00652771,-0.005953134725,-0.005428417075000001,-0.005194807875,-0.005045332425,-0.00467574135,-0.00428949795,0.0042335472,0.0046943126250000005,0.005101603525,0.005369308825,0.005773018925,0.0062349349249999995,0.006711955375,0.006883459225,0.007059719325,0.007560539749999999,0.007733085,0.0082334621,-0.007266566825,-0.00607514445,-0.00519333985,0.005302887625000001,0.006329951425,0.007324336175
2019-07-08,-0.0006488562,IV_COMBINED,-0.00756942,-0.007041230925,-0.0066087882,-0.0063215363,-0.006154600025,-0.005921808875,-0.005435795525,-0.004952092,-0.004792464425,-0.00467491415,-0.00428515425,-0.003922343475,0.003908767125,0.004343171925,0.0047110034250000005,0.004906557075,0.005282183875,0.005743020725,0.00616863325,0.0063233263750000004,0.00648266495,0.0069270709750000005,0.0070515813,0.007495908175,-0.0066017191749999996,-0.0055421896,-0.004751262475,0.0048827519,0.0058054931,0.006704423
2019-07-09,6.245121e-05,IV_COMBINED,-0.00792342225,-0.0073820672,-0.00693132275,-0.006657473275,-0.0064435592,-0.006213313125,-0.0057077695,-0.00518202525,-0.0049802696249999995,-0.0048528028,-0.0044804461,-0.004080360925,0.0040568103,0.00450043555,0.004892031825,0.005130312825,0.0055257579,0.005998403325,0.006432809825,0.0065941159,0.006762324175,0.0072231406,0.007355270975,0.007848889500000001,-0.00692396695,-0.0058029398749999996,-0.00496178975,0.005081568975,0.006062084975,0.00699868205
2019-07-10,0.004535115,IV_COMBINED,-0.0081659625,-0.007598779175,-0.0071576867,-0.006886249675,-0.006645984925,-0.00640204755,-0.005882498925,-0.00533814805,-0.005110829075,-0.004979173075,-0.004606511325,-0.0041942414,0.0041566982,0.00460250385,0.0050158503,0.0052745535,0.005681843325,0.006159872375,0.0066029328,0.006776267625,0.0069496991,0.00742353875,0.00757701125,0.008090447925,-0.0071398048500000005,-0.0059782423,-0.005104024375,0.00521196575,0.006228548175,0.007199272
2019-07-11,5.7724545e-05,IV_COMBINED,-0.00885989295,-0.008145468749999999,-0.00772995125,-0.007461062675,-0.007150177925,-0.006886668475,-0.006314587375,-0.005737034675,-0.00548526275,-0.005298035675,-0.004963769125,-0.00451476255,0.0044672991,0.004912178125,0.005382595225,0.0056910441,0.006122041125,0.0065884464,0.007042117400000001,0.00730804585,0.007480379949999999,0.007958225749999999,0.008101925999999999,0.008703361625,-0.007700654124999999,-0.0064307011,-0.005480054099999999,0.00558524635,0.0066803751250000005,0.007727166000000001
2019-07-12,-0.00065959035,IV_COMBINED,-0.008137585249999999,-0.007538671574999999,-0.0071160876750000004,-0.006845816325,-0.0066151725000000005,-0.00641568515,-0.005826660125,-0.00530810025,-0.00509492015,-0.004951498125,-0.00459286785,-0.004189860075,0.004151242925,0.0045857184249999995,0.004994342575,0.0052427024,0.005655801825,0.006126527575,0.006551463625,0.0067438749749999995,0.0069171423999999995,0.007397749425,0.007547858925,0.00803318355,-0.007110586174999999,-0.0059522906,-0.005091602075,0.0051877138,0.006194848975,0.007158705075
2019-07-15,0.00049750914,IV_COMBINED,-0.007176664475,-0.006675378,-0.006284388325,-0.006003301475,-0.0058395436749999995,-0.00563064515,-0.005173843225,-0.00471164055,-0.004593171875,-0.00448487855,-0.00410973405,-0.0037287655999999995,0.00373425105,0.004154937125,0.004504646425,0.004679479375,0.005055214625,0.005504955675,0.00586610515,0.006035825675,0.006187122675,0.00659102005,0.006706009825,0.0071028533,-0.006265106825,-0.0052787378,-0.00453313285,0.004663030825,0.0055393549,0.00637958325
2019-07-16,-0.004234508,IV_COMBINED,-0.008018893749999999,-0.00747549405,-0.007043736849999999,-0.006780758825,-0.00653433065,-0.006315819,-0.005787408674999999,-0.005247703675,-0.00503493595,-0.0049062454749999995,-0.004545490275,-0.0041249399,0.0040872766250000005,0.004522569675,0.0049376415,0.00518370435,0.005605471,0.006077623975,0.0064815427,0.006654062425,0.00682661275,0.0072879716,0.00743954135,0.007916791,-0.007025059,-0.005885921,-0.0050280398,0.0051269003,0.0061272631000000004,0.007063710025
2019-07-17,0.0017511618,IV_COMBINED,-0.007977630125,-0.007432180325,-0.006999991674999999,-0.006733842475,-0.006496251075,-0.006280352975,-0.005744840225,-0.00521877515,-0.005013532575,-0.0048866115000000005,-0.00452854965,-0.004100983975,0.004068311675,0.0045063882250000005,0.0049139200000000004,0.0051568865249999995,0.0055813601,0.0060496797750000005,0.0064430735,0.0066218086249999995,0.006792712375,0.00725483095,0.007392987449999999,0.007873936275,-0.00698405145,-0.005851498725,-0.00500305475,0.0051026105,0.006097165975,0.0070249036
2019-07-18,-0.00029832736,IV_COMBINED,-0.007843661424999999,-0.007325087275,-0.00688771615,-0.0066237543,-0.006396328875,-0.00618220865,-0.0056635182,-0.0051427993000000005,-0.004949311725,-0.0048258164,-0.00446900365,-0.0040399015,0.004011270875,0.00445147095,0.004848734675,0.005078375375,0.005499850475,0.0059649573000000004,0.0063518619749999995,0.0065228381,0.00669174775,0.00715138995,0.0072836147,0.0077495915,-0.006874207775,-0.005765110775,-0.0049319458,0.005032637825,0.00600928705,0.006919930925
2019-07-19,-0.00062811415,IV_COMBINED,-0.0086389635,-0.0079967083,-0.00758477735,-0.007318938825,-0.006985698775,-0.006740795125,-0.0061914594,-0.005624623075,-0.0053771945500000005,-0.005213527075,-0.004850542225,-0.00443911145,0.004366131725,0.004796763875,0.00526283175,0.0055490837,0.005965095825,0.0064594575,0.0069009549,0.00714747105,0.00732145225,0.007781542125000001,0.00795956775,0.008499372125,-0.0075362209000000005,-0.0063037704,-0.0053737197,0.00545835555,0.006531226725,0.00756576365
2019-07-22,-0.0005794621,IV_COMBINED,-0.007642579,-0.0071023454,-0.0066826800500000005,-0.006403384325,-0.006178323675,-0.005998954775,-0.00548647155,-0.004994141925,-0.004839077025,-0.00470578045,-0.004319171,-0.00396546585,0.003936762,0.004361742275,0.00473392135,0.004920685075,0.005303895225,0.005786977475,0.006201356,0.006379364875,0.00654270325,0.00696918595,0.007098391225,0.00751821125,-0.006665117325,-0.00560026505,-0.0047967027499999995,0.004907535425,0.005836420125,0.006748005375
2019-07-23,-0.005181023,IV_COMBINED,-0.008016147500000001,-0.007465109,-0.007009811075,-0.006739952875,-0.00648626975,-0.0063000006,-0.005777114575,-0.005246832925,-0.0050403443249999996,-0.004897467825,-0.004523974225,-0.0041459191,0.00409549355,0.004530129975,0.004923661575,0.00516344065,0.00554702905,0.00604801815,0.006488903675,0.0066664321750000005,0.00683689585,0.00727128425,0.00743484625,0.007905457675,-0.007001495775,-0.0058748210000000006,-0.005022839025,0.0051170436,0.006103735325,0.00706650715
2019-07-24,-0.0013634124,IV_COMBINED,-0.00898710775,-0.0082995216,-0.00784882385,-0.007575249325,-0.007242598175,-0.0069828486249999995,-0.00641963485,-0.0058351752,-0.005562584875,-0.005395594575,-0.005010984225,-0.0046018735,0.0044986605750000005,0.00495800605,0.005424373075,0.0057464801000000005,0.006135970975,0.00666418945,0.0071678461,0.007389940125,0.007581522625,0.008025183175,0.00825647255,0.008834379,-0.007817465475,-0.006529813625,-0.005565295275,0.00563697125,0.006747933875,0.0078460323
2019-07-25,0.0012737713,IV_COMBINED,-0.01581670375,-0.013873568499999999,-0.01365745025,-0.01323493175,-0.012697053,-0.012065285,-0.01132183925,-0.01019782975,-0.00954827125,-0.0092823515,-0.008675554625,-0.00790028375,0.007521759324999999,0.008335969675,0.009220703,0.009812918625,0.010378502250000001,0.01137571625,0.01190645075,0.0125268065,0.01276927625,0.013344653500000001,0.0137668905,0.01528714275,-0.013537508,-0.0113581355,-0.00962426075,0.009472677,0.0113636485,0.01325131325
2019-07-26,-0.0030570836,IV_COMBINED,-0.009912358999999999,-0.009043461,-0.00864190275,-0.00829997365,-0.00801153405,-0.00772506815,-0.00700137265,-0.0064318325999999995,-0.0061171652,-0.005873053775,-0.005509364025,-0.005078638675,0.004973664625,0.0054467413,0.0059627218249999996,0.0063300809,0.006731197575,0.0072703060500000005,0.007853467,0.008108805,0.008249466,0.0087899265,0.0090571545,0.009784584,-0.00859847925,-0.0071834682,-0.006123591925,0.00619355875,0.00739499575,0.0086106955
2019-07-29,0.0019538405,IV_COMBINED,-0.00793191115,-0.00737509585,-0.0069011101,-0.0066297109,-0.0064378145,-0.006236378575,-0.0056907091,-0.0052138317,-0.005011672275,-0.0048632,-0.004484582075,-0.004147612725,0.004093267375,0.0045270138,0.0049056754250000004,0.005135682325,0.00551481505,0.005961845875,0.006432752075,0.0066040696,0.006769331275,0.007254989275,0.0074187494,0.0079021205,-0.0069221822500000006,-0.005810740325,-0.00498912115,0.00509470475,0.00606001685,0.007025404475
2019-07-30,0.0004217081,IV_COMBINED,-0.009453985,-0.008448108999999999,-0.008183196399999999,-0.008011483,-0.007893115375,-0.0073927521749999996,-0.006864926275,-0.0063352060750000005,-0.006091513975000001,-0.005683738075,-0.005132917900000001,-0.00491196455,0.004751649825,0.0052928677,0.00572872355,0.00612660935,0.006528512525,0.006669168525,0.00735493635,0.0076771505,0.00804268325,0.008549115125,0.008884989125,0.009556693375,-0.00823988885,-0.00697351885,-0.005891315575,0.0059313378750000005,0.007045668175,0.00830329025
2019-07-31,-0.0015935543,IV_COMBINED,-0.00923695075,-0.008241105125,-0.007990611625,-0.007826798125,-0.007731591325,-0.007229315925,-0.006721826325,-0.006206312025000001,-0.0059557859500000004,-0.005553164875000001,-0.0050322397,-0.004810913825,0.004678455925,0.005188901775,0.00561101045,0.005997409825,0.00639816515,0.0065227863,0.007203951175,0.00750707955,0.0078568565,0.0083572395,0.008718492250000001,0.00936201675,-0.008053152175,-0.00682077015,-0.005766389175,0.005816096925,0.006895910575000001,0.00812967925
2019-08-01,-0.0062279385,IV_COMBINED,-0.01060663025,-0.00948833,-0.0091936785,-0.0090481125,-0.008882693,-0.0082872235,-0.007640616250000001,-0.00707174035,-0.00678739845,-0.00639356505,-0.005704451775,-0.0054914575,0.005209220875,0.0058290196499999995,0.00635728415,0.006791215325,0.007255793125,0.007437772925,0.0082090682,0.008575517375000001,0.00896177125,0.009503398125,0.0098139925,0.0106215645,-0.009262597625,-0.0077961316,-0.006589687675,0.006572077575,0.0078394495,0.009236382750000001
2019-08-02,0.004690334,IV_COMBINED,-0.01170876925,-0.0104760965,-0.01016354675,-0.009969623,-0.00974217175,-0.009088791,-0.008360257999999999,-0.007750587175,-0.007435604725,-0.00702908465,-0.006251570200000001,-0.00601240865,0.0056258793,0.00633538535,0.006968439125,0.007425444875,0.007987805800000001,0.008180798075,0.0089773285,0.009356313,0.0097811935,0.010382515,0.01071331625,0.01161268175,-0.010197090499999999,-0.00855975725,-0.00722648835,0.007178967625,0.00859077825,0.010088167
2019-08-05,0.0075394586,IV_COMBINED,-0.008736521,-0.0077764307500000004,-0.007563582750000001,-0.007388796600000001,-0.007331383425,-0.006828681625,-0.006413382675,-0.005892465875,-0.0056684271500000005,-0.005299760000000001,-0.004843818875,-0.004620484525,0.004496968625,0.00495881225,0.00534715,0.00569067965,0.006050059075,0.006198352,0.00686180615,0.007124632625,0.007370568275,0.007882643925,0.00833082325,0.00884682975,-0.007612362675,-0.0064733080499999995,-0.005497042075,0.005542959525,0.006536708075,0.007706932
2019-08-06,-4.019104e-05,IV_COMBINED,-0.011307038125,-0.01011731275,-0.009791834374999999,-0.00961852775,-0.0093818415,-0.008788910375,-0.0081087975,-0.007488937975,-0.0072246909000000005,-0.0068027391,-0.006033072625,-0.005827704925,0.005466866925,0.006158152875,0.006747937675,0.00720174095,0.007692569825,0.00789084835,0.0087022605,0.00910982875,0.009523849249999999,0.01008422175,0.01037899375,0.01126627225,-0.00984272575,-0.00828063425,-0.0069882729,0.0069535575,0.00831432875,0.009796240875
2019-08-07,0.003501717,IV_COMBINED,-0.0102055185,-0.009083299,-0.008821065,-0.008681000500000001,-0.008508511,-0.00793891635,-0.007366973949999999,-0.0068100838,-0.00655510775,-0.0061360864,-0.005523689325,-0.005301482175,0.005048415225,0.005634469825,0.006116548375,0.00653623505,0.006976823825,0.007155673925,0.007915112825,0.00823117225,0.00857020375,0.0091323985,0.0094851895,0.0102283895,-0.008883449125,-0.007498429575,-0.006342051425,0.006338273675,0.007543248925,0.00888601325
2019-08-08,-0.0025643467,IV_COMBINED,-0.0112356465,-0.01001976575,-0.0097277445,-0.00958231625,-0.009319188499999999,-0.00873447,-0.008077008375,-0.0074523225,-0.007179702075,-0.006772990375,-0.006029779675,-0.005815970575,0.0054507863,0.0061322634,0.006698367625,0.00714571035,0.007635735025,0.007852857750000001,0.008671188625,0.00905428475,0.009432737,0.010003123,0.01031434375,0.011208695625,-0.009778277,-0.00823424975,-0.006961106575,0.0069176682,0.008261722425,0.009736249875
2019-08-09,0.0012818814,IV_COMBINED,-0.01061079675,-0.009448288499999999,-0.00918644925,-0.00903622325,-0.008829703000000001,-0.008253818125,-0.00765532835,-0.007065460500000001,-0.006798675825,-0.006387732775,-0.005729486625,-0.005509533125,0.0052084944,0.0058325948,0.006347510725,0.00677639805,0.007237522,0.007440965525,0.008222955875,0.008553506875,0.0089012015,0.00947387975,0.0098241505,0.01062936375,-0.00923576525,-0.00779194625,-0.0065892063,0.00656981555,0.00783034425,0.009226235999999999
2019-08-12,-0.0009294789,IV_COMBINED,-0.00857888875,-0.0076004689,-0.007381841175,-0.007224942475,-0.00716951855,-0.006698825425,-0.006300808075,-0.005778886775,-0.005575480225,-0.0052091062,-0.004742637675,-0.004519413,0.00443033,0.004878896325,0.005251163025,0.0055879020000000005,0.005936432625,0.006075180275,0.006741620525,0.0070205329,0.007259570575,0.0077570211,0.008171874125,0.008685317750000001,-0.0074545285,-0.006347168575,-0.00538977375,0.00544768865,0.006419631225,0.00757578335
2019-08-13,-0.0025275543,IV_COMBINED,-0.010992565,-0.00979925725,-0.00948010475,-0.009341249250000001,-0.009111733875,-0.0085489185,-0.007899363074999999,-0.0072807771,-0.0070267507,-0.006615916175,-0.00586933,-0.0056728253999999995,0.0053568069749999996,0.006010000025,0.0065618249,0.0070155695,0.007477145875,0.007677466500000001,0.0084804935,0.008879729749999999,0.0092946845,0.009817390249999999,0.010098212249999999,0.0109789365,-0.00955874475,-0.008047183275,-0.0067975536,0.0067772545,0.00809361275,0.009546411125
2019-08-14,-0.0034667824,IV_COMBINED,-0.010521863,-0.00936075425,-0.0090814945,-0.008952842249999999,-0.00875766125,-0.008189057900000001,-0.007583575424999999,-0.00700209,-0.00673858535,-0.006335148275,-0.005678173999999999,-0.005463713,0.005187853325,0.0057840524,0.00629241985,0.006728604175,0.00718492125,0.0073759561,0.00814966425,0.008485394,0.008863349999999999,0.00940116675,0.0097199185,0.01054390975,-0.0091564355,-0.0077189605,-0.00653363645,0.006519782074999999,0.007768062825,0.00915244775
2019-08-15,-0.0034878477,IV_COMBINED,-0.010472035,-0.009316801375,-0.009038573875,-0.008912439000000001,-0.00871513825,-0.008149773875,-0.007555147325,-0.006971017675,-0.00671758385,-0.006316856425,-0.0056619693,-0.0054491860999999996,0.005166375075,0.00576536255,0.006270671825,0.006703662975,0.0071450916,0.007344046975,0.008116803575,0.008457283,0.00883034425,0.00935119775,0.009666316500000001,0.0104987985,-0.00911323725,-0.007686419325000001,-0.006509760875,0.00649286075,0.0077321606749999995,0.009113909
2019-08-16,-0.0013696966,IV_COMBINED,-0.01060392825,-0.009460509875,-0.009189172375,-0.00903406,-0.008850777125,-0.008264997375,-0.0076635444,-0.00705270265,-0.0067953975,-0.006400809675000001,-0.005737942425,-0.0055305277,0.005224527175,0.00584265105,0.0063645886,0.00680248005,0.0072448761,0.0074510635000000006,0.0082318255,0.00856564475,0.00895667975,0.00947957,0.00980092675,0.010662453375,-0.009242854375,-0.007793162675,-0.006597395975,0.006581693625,0.007841963125,0.00924350625
2019-08-19,0.0005161093,IV_COMBINED,-0.0087725955,-0.00778687015,-0.007554648975,-0.0074063766750000004,-0.007340196425000001,-0.00686025315,-0.006427237875,-0.0059058010000000005,-0.00569482535,-0.005324151075,-0.0048456891,-0.00462226735,0.00452286725,0.00497250045,0.0053624065,0.0057148424,0.00606415515,0.0062090065,0.006882083325,0.00717036645,0.00745798925,0.007934158399999999,0.00830810975,0.0088793675,-0.007633258125,-0.0064885533500000005,-0.0055116324,0.005560802825,0.0065608492,0.007739583249999999
2019-08-20,-0.00030873204,IV_COMBINED,-0.0091472845,-0.008109402875,-0.007850720125,-0.007723934,-0.007634735,-0.007143492875,-0.00666556785,-0.0061107839,-0.005886023125000001,-0.005512842575,-0.004992512175,-0.004768127075,0.004650825825,0.0051406325,0.00554657665,0.005939649175,0.006309247025,0.0064419006,0.007131689325,0.007445338475,0.00779053075,0.008268858625,0.008609930375,0.00925238075,-0.00795177,-0.00673131775,-0.00570555165,0.0057557942,0.0068182689000000005,0.00804597385
2019-08-21,0.00044841887,IV_COMBINED,-0.00906766625,-0.00803406125,-0.0077771164999999995,-0.0076522972500000005,-0.007578535925,-0.007090512675,-0.006615090824999999,-0.006062163175,-0.0058293947,-0.005466425049999999,-0.00495322595,-0.004730591175,0.0046262149999999995,0.0050992226500000005,0.0055061829999999996,0.00589947095,0.006268156025,0.00639151265,0.00707388465,0.0073816595,0.0077326299,0.008200739,0.0085461505,0.00918767425,-0.00788461475,-0.0066748556,-0.0056605835,0.005714732325,0.006766752799999999,0.007984399900000001
2019-08-22,-0.0007549917,IV_COMBINED,-0.009218266625,-0.008164713300000001,-0.0079002365,-0.0077856452,-0.0077039634,-0.0072103925,-0.0067138326000000005,-0.006161405825,-0.00591487825,-0.005554984325,-0.00502258225,-0.00480206285,0.0046820718,0.0051684209500000005,0.0055810936,0.005986681875,0.00635737655,0.00649065505,0.00718317305,0.00749443955,0.007854794175,0.00831084575,0.008656202500000001,0.009325431,-0.008016596325,-0.00678014905,-0.0057502855000000005,0.005794427225,0.0068657464,0.00810280775
2019-08-23,0.005243855,IV_COMBINED,-0.009576022,-0.0084949255,-0.0082244875,-0.008091478675,-0.008001082999999999,-0.0074787452749999995,-0.006949969875,-0.00638990215,-0.006131948775,-0.00575392605,-0.00518922165,-0.004972734025,0.00481755535,0.005331696375,0.005774992374999999,0.0061993983499999995,0.0065896339249999995,0.00672962585,0.00744465725,0.0077550017500000006,0.0081359435,0.00860691475,0.00895386725,0.00965970075,-0.00832845075,-0.00703501055,-0.005956905875,0.005991706975,0.007114046275,0.008389833999999999
2019-08-26,-0.0032618102,IV_COMBINED,-0.009480171124999999,-0.0084328645,-0.00817361235,-0.008006581625,-0.007930264874999999,-0.007407595175,-0.006904260125,-0.0063357446250000005,-0.006089169025,-0.005696804125,-0.005161190775,-0.004940143175,0.00479416555,0.005296083725,0.00575055145,0.006166165125,0.006557249775,0.006681257124999999,0.00739203585,0.00769299965,0.008078105375,0.0085330869,0.008895829000000001,0.00960715075,-0.00825149565,-0.006982076525,-0.0059082956,0.005958017475,0.007065959074999999,0.008333224125
2019-08-27,-0.0015041931,IV_COMBINED,-0.0095390995,-0.00847298825,-0.008200308675,-0.0080624794,-0.007971670925,-0.007454473075,-0.0069307292,-0.006373924425,-0.006121628625,-0.005737495925,-0.00519095755,-0.004971953725,0.00481352535,0.00532051215,0.005764729125,0.006182561375,0.006569756475,0.0067197379500000005,0.0074236384,0.007733509225,0.0081126819,0.008572852,0.008916835,0.00964463175,-0.0083001422,-0.0070162129,-0.0059457608999999995,0.005978432525,0.007093709375,0.008366259000000001
2019-08-28,-0.0009333764,IV_COMBINED,-0.009070018374999999,-0.00802797875,-0.007767431275,-0.00764919225,-0.00757936675,-0.007095254425,-0.00661368425,-0.006073867275,-0.005827355825,-0.005473074425,-0.0049662285,-0.0047440875,0.004623681225,0.005093249625,0.00549596135,0.0058894055,0.0062525406749999995,0.00639857465,0.0070726472499999995,0.0073779775,0.0077018501250000005,0.008173310125,0.008530973875,0.00916927575,-0.007884362150000001,-0.006675518275,-0.005670502475,0.00570761595,0.00675729525,0.007970545
2019-08-29,-0.0022739575,IV_COMBINED,-0.008847186875,-0.0078077137,-0.00755184485,-0.0074255486999999995,-0.0073682524499999996,-0.0069138579,-0.0064598412,-0.00592065685,-0.005675878325,-0.00533708635,-0.004841964325,-0.004617175425,0.004522707925,0.004978162325,0.005363900625,0.005751998875,0.006108069,0.006235523675,0.006896164175,0.00720292665,0.00750057275,0.007980253875,0.00835411075,0.008939922999999999,-0.007672512125,-0.00650441555,-0.00552614825,0.005573800875,0.00659440175,0.00777873915
2019-09-02,-0.008260786,IV_COMBINED,-0.00900176075,-0.008283714000000001,-0.008054173349999999,-0.0079302511,-0.007598775875,-0.006878353775,-0.00647373385,-0.006189505175,-0.005881700325,-0.005767883175,-0.005346437875,-0.004881075175,0.0049912728,0.0052287780500000006,0.005728862124999999,0.00593895765,0.0062096506,0.00669178965,0.0072681039,0.007632181074999999,0.00820319655,0.008298727425,0.008596242375,0.0091540335,-0.007938570875,-0.0066954931999999995,-0.0058126510749999995,0.0058853335,0.006881445775,0.008170751425000001
2019-09-03,-3.1913125e-05,IV_COMBINED,-0.010376608,-0.0095967925,-0.00927190875,-0.009126621500000001,-0.008690934925000001,-0.007909892575,-0.0074334748249999996,-0.007199474775,-0.006733053425,-0.00660091865,-0.006083499825,-0.00554353775,0.0056268893,0.00598339705,0.0065136998,0.006745168249999999,0.007074224875,0.007582218075,0.008348294875,0.00871954525,0.009387130625,0.009461715375,0.00986542075,0.0105779095,-0.00914017,-0.007709560875,-0.006667464725,0.0067093011000000004,0.007842324075,0.009379660000000001
2019-09-04,0.005220187,IV_COMBINED,-0.010697796124999999,-0.009876902,-0.00951396,-0.009346180499999999,-0.008923958499999999,-0.008129985075,-0.007628525425,-0.007396454,-0.00689071805,-0.00677610625,-0.0062425585,-0.0056957477999999995,0.0057530715999999996,0.006113989225,0.0066366673,0.00689500115,0.007245369225,0.0077776076,0.008577334625,0.008910482375,0.00959497,0.00966997325,0.010115687,0.01086032625,-0.009394964375,-0.00791192875,-0.00684817035,0.00686528615,0.008033056925,0.00961176025
2019-09-05,0.0012056768,IV_COMBINED,-0.00999121,-0.00920798825,-0.00887794015,-0.00873915865,-0.008385710475,-0.0076110637,-0.0071871488,-0.006935143375,-0.00648807065,-0.00636462865,-0.005888069525,-0.005365296,0.00543986705,0.00574461085,0.00625550305,0.006500302125,0.006821409625,0.007331362625,0.0080368427,0.00835308825,0.0090023525,0.00902736725,0.009443598000000001,0.010179962,-0.008787026375,-0.007419873275,-0.006432840025,0.0064596466499999994,0.007543457075,0.009003168375
2019-09-06,0.00038949453,IV_COMBINED,-0.011483486499999999,-0.010639046749999999,-0.0102095765,-0.01004142975,-0.009576827999999999,-0.0087447345,-0.00822919485,-0.007984733825,-0.007420146975,-0.007280759825,-0.0067507737499999994,-0.006101541225,0.0061410592,0.006544324525,0.007097691675,0.007365569675,0.0077326285,0.00829779825,0.009197391749999999,0.0095876295,0.01031131375,0.010327165,0.01084742425,0.011713897375,-0.01009710525,-0.008517677175,-0.0073725088,0.007342619125,0.0085841108,0.010331531375
2019-09-09,0.0012444595,IV_COMBINED,-0.00891610575,-0.00816317475,-0.007894287849999999,-0.0077553523499999995,-0.007528702575,-0.006795813425,-0.006433149575,-0.006151830175,-0.0058172100499999995,-0.0057167439,-0.0053270157500000005,-0.00482702295,0.0049510964000000005,0.0051208156,0.005641495125,0.005873879775,0.006117654625,0.0066263563000000004,0.007162627825,0.0075103991,0.008068775125,0.008083488625,0.008387385375,0.00907588,-0.0078318302,-0.0066184584,-0.005763685025,0.005798738225000001,0.0067728011500000004,0.0080410135
2019-09-10,-0.0012399313,IV_COMBINED,-0.00978047375,-0.00904910325,-0.008764499825,-0.008602491325,-0.008242873,-0.007448980175,-0.007023752425,-0.006773879625,-0.0063539705,-0.006246563625,-0.005773827275,-0.005249819425,0.005353655025,0.0056167555,0.0061450934249999995,0.006374628525,0.00666596335,0.007219018875,0.007862889875000001,0.008212539999999999,0.0088784365,0.00892657,0.009261815125,0.009945102,-0.008624784,-0.0072730164,-0.006298613975,0.00632887135,0.00740981375,0.00883215675
2019-09-11,-0.003756316,IV_COMBINED,-0.00988840925,-0.009140958375000001,-0.00881902095,-0.00866208495,-0.00831176745,-0.007521485625,-0.00710046095,-0.006857736575,-0.0064170925,-0.006303308975,-0.005833724199999999,-0.0052982761,0.0053997205,0.005677303,0.0062105098,0.00643326005,0.0067292693,0.0072834814500000004,0.007950118499999999,0.008275188,0.008948693625,0.008978290125,0.009346394125,0.01006248825,-0.008704941,-0.007343159425,-0.00636290645,0.006393383925,0.0074748839,0.008916576
2019-09-12,0.0065756105,IV_COMBINED,-0.0200344475,-0.0191792455,-0.0182107325,-0.017991073500000003,-0.0169834375,-0.01556431975,-0.0149705585,-0.014078046,-0.0129763025,-0.012886812875,-0.012008048,-0.01076332725,0.01051812475,0.01166593975,0.012356073,0.01282370175,0.013515491875,0.014656298,0.016051874,0.0169562565,0.018144758,0.0182888785,0.01954524125,0.02105639525,-0.01795050475,-0.01515999225,-0.01306011075,0.012821500625,0.015067248875,0.01835090425
2019-09-13,2.4834148e-05,IV_COMBINED,-0.012769465875,-0.0116429095,-0.01101946975,-0.0108575785,-0.01053086125,-0.0096674695,-0.00911234075,-0.008743508475,-0.008147756075,-0.007998236,-0.0074574851749999995,-0.006788876325,0.00673472835,0.007126440600000001,0.00772269125,0.00806349525,0.008484002,0.0091162255,0.0100991225,0.0104669055,0.011163335,0.011249229375,0.011801254375,0.012985523,-0.01109365725,-0.00933810925,-0.008131115375000001,0.0080333969,0.009402414500000001,0.011303228375
2019-09-16,-0.006096061,IV_COMBINED,-0.010221459,-0.00938207175,-0.008921449750000001,-0.00876695025,-0.00856716275,-0.007778241625,-0.0073435239250000004,-0.007072173625,-0.006628919925,-0.00649854215,-0.006082478725,-0.0054587822,0.005546875725000001,0.005798071625,0.00632725965,0.006621881075000001,0.0069199841250000005,0.0074510174249999995,0.008131094125,0.008493873249999999,0.00913073975,0.0091329245,0.009515481249999999,0.010398975750000001,-0.00894317675,-0.007548861625,-0.00657804385,0.0065446572500000005,0.007651380399999999,0.009134032625
2019-09-17,0.0051519293,IV_COMBINED,-0.01051582475,-0.00973797975,-0.00930285275,-0.009133399,-0.00881823475,-0.008014149,-0.00757195085,-0.007324171425,-0.006820326325,-0.00669048185,-0.006233160675,-0.00559889535,0.005687661675,0.0059988659,0.0065308143999999995,0.0068072214499999995,0.007135286625,0.007669036125,0.008401359625,0.008775066,0.00947446825,0.00947446825,0.009879396875,0.010743400875,-0.009243917,-0.007806690125,-0.0067721716,0.0067507980499999995,0.00789747465,0.009454738
2019-09-18,-0.00018305685,IV_COMBINED,-0.01047728475,-0.009716277,-0.009302857250000001,-0.009122193,-0.0087779885,-0.00799190075,-0.0075394125,-0.00729283285,-0.00680047415,-0.006669112625,-0.00620005615,-0.0055763314,0.0056706247,0.00598805325,0.006524567625,0.006793206249999999,0.0071061989249999995,0.0076524876499999995,0.00837957025,0.008736515,0.009447411,0.009449735,0.009860987,0.010705549125,-0.009217129000000001,-0.0077854955,-0.00674604675,0.006733802875,0.007876239675,0.009426007125
2019-09-19,-0.0013094943,IV_COMBINED,-0.01147515525,-0.010673845500000001,-0.01022606025,-0.010075167,-0.009608008250000001,-0.00878746875,-0.00831036265,-0.008023259750000001,-0.007472104225,-0.007312238775,-0.00682010485,-0.00611571065,0.0061587099,0.00657172745,0.0071284155000000005,0.007412764925000001,0.00776406,0.008316051175,0.009196006999999999,0.0095801865,0.01034650475,0.0103602195,0.010845257,0.01179742525,-0.010123929,-0.008563851175,-0.007411756675000001,0.007363784,0.0086098205,0.010353076
2019-09-20,-0.0039865174,IV_COMBINED,-0.0097719805,-0.008999273375,-0.00866183715,-0.0085325399,-0.008209302875,-0.007468401525,-0.007071229725,-0.006797979,-0.0063947120750000004,-0.0062532796,-0.00582164005,-0.005260054724999999,0.005352579225,0.005612502199999999,0.006145362825,0.006401190675,0.00668159195,0.0071855317249999995,0.00783130825,0.008177164075,0.008819169,0.00882052,0.0092032305,0.009986034625000001,-0.00859629955,-0.007278831675,-0.006320270875,0.006324668775,0.00738402825,0.008803381749999999
2019-09-23,-0.0011230821,IV_COMBINED,-0.00876902075,-0.00805459475,-0.007839928575,-0.007705996625,-0.007419927375,-0.0067220651499999996,-0.006355985325,-0.0060714415,-0.00576670315,-0.0056421890499999995,-0.005269630575,-0.004760567475,0.004892345625,0.0050773216,0.0055952038,0.0058183405,0.0060567615499999995,0.006528719375,0.00706104375,0.00744503995,0.00800394555,0.00803310365,0.008320715999999999,0.0089479655,-0.007734320825,-0.00655122455,-0.0056931787,0.005736535425,0.0066995937,0.007955741825
2019-09-24,0.00079810916,IV_COMBINED,-0.009941666625,-0.009220885125,-0.008928106125,-0.008780503,-0.0083551145,-0.0076065444999999995,-0.00716875605,-0.006927824575,-0.00650604,-0.006353041525,-0.00588130675,-0.0053348213000000005,0.0054349382750000005,0.005749207075,0.006280946125,0.00650989495,0.0068043482,0.007313678225,0.008005744450000001,0.008376921,0.00904607625,0.009096667,0.00944963675,0.01016811475,-0.00878094275,-0.0074274544,-0.00642070775,0.006455036825,0.007546066725,0.009009298625
2019-09-25,-0.00454933,IV_COMBINED,-0.009536728,-0.008803942175,-0.008530545425,-0.008401035425,-0.008030549875000001,-0.00729220075,-0.0068885265000000005,-0.006631854825,-0.006247425825,-0.006102194825,-0.00565738275,-0.00514689395,0.005248195725,0.00551793735,0.006047910625,0.00626167865,0.006555528425,0.007051532,0.007682607075,0.008038834075000001,0.00866729575,0.00870213175,0.00904144025,0.00975146225,-0.00841289125,-0.007118110925,-0.0061661055,0.00621043565,0.007250695575,0.00863632775
2019-09-26,-0.001037143,IV_COMBINED,-0.01026124,-0.009498580874999999,-0.009182174125,-0.009037659,-0.008602366375,-0.007841341525,-0.007388383175,-0.007156473,-0.00669976425,-0.006543725175,-0.00606039515,-0.0055004730000000005,0.005580942275,0.005920855625000001,0.006457340675,0.006688848675,0.00700495415,0.007518940575,0.008250915875,0.0086200285,0.009298368500000001,0.009336308,0.009733447874999999,0.01049586125,-0.00904823725,-0.007653626875,-0.0066204815,0.0066430015000000005,0.007759993525,0.009279724999999999
2019-09-27,0.00037249012,IV_COMBINED,-0.010769080625,-0.009958543375,-0.009587559,-0.0094392705,-0.0089946095,-0.008205211625,-0.007739499949999999,-0.007497669925,-0.0069889686,-0.00683795055,-0.00633792945,-0.005752880375,0.00581419925,0.006171410675,0.00671680805,0.00695799695,0.007313194175,0.00784148625,0.00863129375,0.00899601975,0.00969745825,0.00972314025,0.010182278,0.01099827325,-0.009473343125,-0.008003781875000001,-0.006926328625,0.00692938115,0.008093422325,0.00970106475
2019-09-30,-0.0034170228,IV_COMBINED,-0.0093881265,-0.00841985585,-0.0078304359,-0.007739973225,-0.00742551575,-0.007258088175,-0.0068254373,-0.006483222075,-0.0058185182249999995,-0.00563759655,-0.0053556143,-0.004690616775,0.005020501775,0.0051634984,0.0057202892,0.0060822704,0.006358982325,0.006735242549999999,0.00700538505,0.007340593249999999,0.0079311825,0.008402036875000001,0.008557729625,0.00958089725,-0.00804631215,-0.00684314025,-0.00588502775,0.0058537311000000005,0.00691678365,0.008083157325
2019-10-01,0.0024523763,IV_COMBINED,-0.0105759405,-0.0094803345,-0.008836762125000001,-0.008747769150000001,-0.00835114275,-0.008135872825000001,-0.007620416425,-0.0072467105,-0.00650846475,-0.0063201974,-0.0059655787,-0.005251549475000001,0.005513771775,0.00575278825,0.0063226928,0.00677704555,0.007076073775,0.00748185545,0.007801290125000001,0.00822907575,0.008852525125,0.009393227875,0.009552378375,0.01071633275,-0.009058212,-0.00766964525,-0.006583981575,0.006493323425,0.0077058984250000006,0.00903032
2019-10-02,0.0016840964,IV_COMBINED,-0.010323944625000001,-0.009233088,-0.00860606325,-0.008525238325,-0.00813840125,-0.0079329866,-0.007448619175,-0.007073427825,-0.0063512718,-0.00616764575,-0.005833942325,-0.0051304237,0.005402917775,0.005629286250000001,0.006186653125,0.006615942075,0.0069068374249999995,0.0073029729,0.007615419475,0.00802192725,0.008643469325,0.00916235625,0.0093116195,0.0104658775,-0.008830731750000001,-0.00748247365,-0.006427685125,0.006348222875,0.0075207057499999995,0.008811663
2019-10-03,0.0036736764,IV_COMBINED,-0.010589053000000001,-0.009478931,-0.008836855000000001,-0.00875505745,-0.00835574175,-0.008138848774999999,-0.007643672075,-0.00726217565,-0.00651508745,-0.0063367074,-0.005987011625,-0.005274380325,0.005530849075,0.005769213175,0.00632677425,0.00678122235,0.007077893,0.007471850475,0.007808152925,0.00823520975,0.008865239,0.0093923525,0.009547138,0.0107105955,-0.009063526125,-0.007679327625,-0.006599824775000001,0.0065025764,0.0077062945,0.00903326675
2019-10-04,-0.0015434878,IV_COMBINED,-0.0117578355,-0.01049668725,-0.0098218825,-0.00977033,-0.00926556425,-0.009005425825,-0.008444454649999999,-0.0080311264,-0.007220173875,-0.007048523675,-0.006604768475,-0.005871234375,0.006058777425,0.006385173425,0.00694850845,0.007480989249999999,0.007796473925,0.008218005675,0.0086125633,0.009150595625,0.00980909175,0.0103844955,0.0105265915,0.01185063475,-0.01005916825,-0.00850461275,-0.0073122156,0.007160299,0.008498505750000001,0.00998989525
2019-10-07,0.00097463233,IV_COMBINED,-0.00879912425,-0.007875276149999999,-0.00733874125,-0.0072472029,-0.006964806725,-0.006791068125,-0.0064003342500000004,-0.0060822367,-0.005469847349999999,-0.0052667911750000004,-0.005034011675,-0.004411238725,0.00475184655,0.004874811175,0.0054343870499999995,0.005754739625,0.00599074775,0.006370576125,0.006590145775,0.006904319875,0.007447543,0.007909660575,0.00805460725,0.009048022624999999,-0.007535495675,-0.00641644575,-0.005517069325,0.005528387575,0.00652317365,0.0076089274
2019-10-08,-0.0031870175,IV_COMBINED,-0.009993016875,-0.0089639735,-0.00832634915,-0.008226928625000001,-0.007871686900000001,-0.0076858485,-0.0072113133250000004,-0.0068602292,-0.0061555641250000005,-0.005944105275,-0.005664723775,-0.0049607449,0.0052518104250000005,0.0054224552499999995,0.00603103175,0.006424242825,0.006721995675,0.007122080675,0.007411413425,0.007769587624999999,0.008378813924999999,0.008899976125,0.0090610575,0.010143730625,-0.008548290625,-0.007247860875,-0.0062231303249999995,0.00616774125,0.007315941425,0.0085529208
2019-10-09,0.002636057,IV_COMBINED,-0.009998629,-0.008953128875,-0.008328224075,-0.00823210205,-0.007869411925,-0.0076802375,-0.0072284133,-0.006863351275,-0.0061557636,-0.005958788,-0.005675949825,-0.00496633095,0.005258165275,0.005437198325,0.0060212245,0.006425533625,0.0067204622249999995,0.0071077038749999995,0.007408452875000001,0.007776035925,0.0083817667,0.00888811515,0.0090487405,0.010134138375,-0.00854670225,-0.007251197825,-0.0062289314749999995,0.0061691006,0.007310053824999999,0.008549826600000001
2019-10-10,0.0036234807,IV_COMBINED,-0.0107136655,-0.009598325750000001,-0.00894552875,-0.008859824625,-0.00844914745,-0.008216199225,-0.0077369979,-0.007347990125,-0.006591775725,-0.0064062110749999995,-0.0060619776,-0.005340226775,0.005588107425,0.00582414005,0.006389058374999999,0.0068618094250000004,0.00716825575,0.0075577044,0.0079054095,0.0083368113,0.0089600605,0.009500564999999999,0.00965931675,0.0108090815,-0.00916743275,-0.0077676986,-0.006674520775,0.00657499425,0.007798749075,0.009134136000000001
2019-10-11,0.0019359246,IV_COMBINED,-0.010925194499999999,-0.0097924325,-0.00914188575,-0.00906393125,-0.008624902825,-0.008394876624999999,-0.007910819324999999,-0.00750598,-0.006735274125,-0.006570812175,-0.00618893195,-0.005463133775,0.0057065839,0.00595812185,0.006504582825,0.006999461625,0.00730768665,0.007694946124999999,0.008059989525,0.008516887375,0.009156706,0.00969094825,0.009846938,0.011016720625,-0.0093602675,-0.007937767125,-0.006824746725000001,0.006707393075,0.007950606625,0.009319448125
2019-10-14,-0.0011375251,IV_COMBINED,-0.0096203165,-0.008637788125,-0.008031071625,-0.007943809375,-0.00760977225,-0.007438162275,-0.00699133815,-0.006642588875,-0.0059631964499999995,-0.00578561875,-0.00548122345,-0.00479875435,0.005132980400000001,0.0052858466000000005,0.00584393925,0.0062212398,0.006511435625,0.006894036075,0.0071730527,0.007531809175,0.008132138925,0.00860952255,0.008768662175,0.009812735749999999,-0.008249969749999999,-0.00701327135,-0.0060292696,0.005989450575,0.00708185725,0.00828367975
2019-10-15,0.00080682454,IV_COMBINED,-0.0103747475,-0.0093295405,-0.008672645074999999,-0.008578882125,-0.008199281,-0.007999149149999999,-0.0075185606,-0.007140721599999999,-0.006402721875,-0.006227337425,-0.00588573375,-0.005168348,0.005454700025,0.00565789945,0.0062155914,0.00666842715,0.00697080945,0.0073653979999999996,0.007688510375,0.008094393325,0.008724816425,0.009240052,0.009401279,0.010485372,-0.00889631975,-0.007546759525,-0.006484257775,0.00639750215,0.007586639625000001,0.00887887475
2019-10-16,0.003559471,IV_COMBINED,-0.01090631425,-0.0097592805,-0.009125066875,-0.009048839999999999,-0.008605694300000001,-0.008378953825,-0.007856482925,-0.007463279975000001,-0.006710315925,-0.0065339355,-0.006140867575,-0.005423000975,0.0056618861,0.005950283875,0.006491682425,0.0069702333500000005,0.007273953825,0.007689356475,0.008011814225,0.008488797025000001,0.009117283,0.0096643295,0.00981373225,0.01103451875,-0.009339817,-0.00790681975,-0.0067880073249999996,0.006677924175,0.00792193725,0.00929322925
2019-10-17,0.0048776083,IV_COMBINED,-0.011011326875,-0.00983860325,-0.009208959374999999,-0.009138287,-0.008682420125,-0.0084477127,-0.007939952475,-0.00754194225,-0.00677363825,-0.006607510925,-0.006215183675,-0.005499498375,0.0057192412249999994,0.006010203375,0.00654942785,0.007032783125,0.0073344399,0.007739198475,0.00808454135,0.00855584915,0.009199453375,0.0097372805,0.009885651,0.01111713025,-0.00942367,-0.007982440625,-0.0068623694749999995,0.0067395708499999995,0.007985648500000001,0.009368525124999999
2019-10-18,0.0023200982,IV_COMBINED,-0.01128394825,-0.010083538625000001,-0.00945079475,-0.00939117175,-0.008905710800000001,-0.0086757975,-0.008133485075,-0.007738911425,-0.0069510950249999995,-0.006796740975,-0.00636985955,-0.005636381325,0.0058548153,0.0061525272499999995,0.006697747425,0.0072024075,0.007516206325,0.007919685125,0.008289968375000002,0.0087902065,0.009449890249999999,0.00997639575,0.010142196249999999,0.011405432875,-0.009668033375,-0.008190016375,-0.0070435386,0.0069022527,0.008180932675,0.00961553875
2019-10-21,-0.00088342594,IV_COMBINED,-0.01161143425,-0.010387842750000001,-0.009746503,-0.009692375,-0.00919583375,-0.008963039825,-0.0083952265,-0.007975520125,-0.007168006,-0.007036099299999999,-0.0065616609,-0.0058324576749999996,0.0060197039749999995,0.006336437125,0.0068643431500000004,0.007413792,0.007721847300000001,0.008128002799999999,0.0085391549,0.00906282575,0.0097403475,0.010260171875,0.01043458075,0.01169531525,-0.009970105,-0.0084496588,-0.007273755325,0.007096297575,0.008412593624999999,0.00989444475
2019-10-22,-0.00066420436,IV_COMBINED,-0.01139881375,-0.010204175,-0.009566213,-0.00950968675,-0.009048088,-0.0088094069,-0.008263651375,-0.0078467168,-0.0070483209,-0.006915532,-0.0064596701,-0.0057478796749999995,0.005931700775,0.006232437075,0.006754044075,0.007298423425,0.007590808925,0.007997479,0.008394849499999999,0.00890254675,0.009565443625,0.010090691625,0.010251637375,0.01146393525,-0.009794034,-0.00830686165,-0.00715584095,0.0069807684,0.008274450400000001,0.00971568275
2019-10-23,-0.0018018549,IV_COMBINED,-0.0107638875,-0.0096531755,-0.00902878125,-0.00895241015,-0.00854909785,-0.0083292471,-0.007822830075,-0.00743067375,-0.0066654968,-0.006519751025,-0.006119826825,-0.005420968175000001,0.005646515725,0.005900431925,0.0064243245,0.006922734925,0.007206669925,0.0076069143,0.007954732825,0.0084055998,0.009053292249999999,0.00956647675,0.009730274,0.010853934625,-0.0092495635,-0.007855406,-0.006764093425,0.0066265348749999994,0.007851505525,0.009199566499999999
2019-10-24,-0.001764558,IV_COMBINED,-0.01250746225,-0.011190502,-0.0105015675,-0.01044130425,-0.00991161225,-0.00961511075,-0.00901806,-0.00857173575,-0.007715838925,-0.007573315925,-0.00703397105,-0.006315683625,0.006427099,0.006802958625,0.00734666605,0.007972098850000001,0.008275227,0.008722070625,0.009184339500000001,0.0097692795,0.010445674,0.011047228249999999,0.0112012195,0.012520149375000001,-0.010733198499999999,-0.009084462425,-0.0078219638,0.0076072578750000005,0.009040192875,0.0106241325
2019-10-25,-0.0015149605,IV_COMBINED,-0.01042534875,-0.009332140875,-0.0087599839,-0.008677844125,-0.00827111015,-0.008055878275000001,-0.007594195925,-0.00719899175,-0.0064645077,-0.00631521175,-0.005930882925,-0.00525943465,0.00549653185,0.005748185725,0.0062637931,0.006722213025,0.0069948838,0.0073967486,0.0077057821,0.008149961025,0.008772576375,0.00927519875,0.00943501425,0.010555697875,-0.00895246425,-0.007614711625,-0.0065520795,0.006441835325,0.007618965,0.008923806
2019-10-28,0.0011138998,IV_COMBINED,-0.008681059875000001,-0.0078280602,-0.007269669575,-0.007163167,-0.006900389925,-0.00675416735,-0.0063599247,-0.00605120485,-0.00543171675,-0.005246947,-0.00500373145,-0.004379412375,0.004728745425,0.0048516217,0.005371251575,0.0057003793,0.0059522655,0.00633311075,0.006554563725,0.00684929635,0.00739899625,0.007843267175,0.008008782,0.00892411585,-0.007465369,-0.00637333645,-0.00548709245,0.00549168965,0.00647671735,0.007547151175
2019-10-29,0.002089159,IV_COMBINED,-0.0093730225,-0.008450120575000001,-0.0078317015,-0.0077179025,-0.00740265465,-0.007250663899999999,-0.00681053625,-0.006478186,-0.00581211615,-0.0056201129,-0.00535036855,-0.004666795625,0.0049956115749999995,0.00514470775,0.005703270475,0.00607835535,0.0063667491,0.006756834099999999,0.00701375045,0.00733326395,0.007922031125,0.00839703005,0.008571550625,0.009544649625,-0.008038873225,-0.006836640625,-0.00587322555,0.0058448179,0.00692254375,0.008077049375
2019-10-30,0.0005935332,IV_COMBINED,-0.0094602795,-0.008513455575,-0.007893410925,-0.007781774225,-0.0074545792,-0.007298882225,-0.0068662579000000005,-0.0065231525000000005,-0.00585181445,-0.005664913299999999,-0.00539289575,-0.0046996859749999995,0.005027795325,0.0051779875,0.005737002525,0.006120596525,0.00641202775,0.0067919232,0.00706282995,0.00739420465,0.007976490199999998,0.0084472706,0.008617504225,0.009619794000000001,-0.008101793999999999,-0.0068867035,-0.00591590605,0.0058835285000000005,0.006966929525,0.008134164400000001
2019-10-31,0.0028727525,IV_COMBINED,-0.00912971725,-0.0086220659,-0.008162542975,-0.007804499275,-0.00746977475,-0.00728122535,-0.00676041185,-0.00650972525,-0.0059866384,-0.005773688225,-0.00537387485,-0.0049687302,0.005021287575,0.00538281765,0.005611327425,0.005900373825,0.006087171075,0.006653574424999999,0.0071556555,0.00741236275,0.007727999100000001,0.008191756925,0.008375079825,0.009463226875000001,-0.008061456525,-0.006940108800000001,-0.005981448925,0.005851651975,0.0067977065,0.00802686475
2019-11-01,0.0012206637,IV_COMBINED,-0.01067163475,-0.01015833075,-0.009651515999999999,-0.00911523675,-0.00873035825,-0.0085075455,-0.007915291075,-0.0075525264,-0.007009016575,-0.00675385865,-0.0062962827249999995,-0.00576805155,0.00576966955,0.006153085,0.00644513905,0.0068415756,0.0070151064749999995,0.007761703324999999,0.00827837365,0.008635268375,0.008973818,0.009454309000000001,0.0097073375,0.01091971825,-0.009436621249999999,-0.00812717935,-0.006975653125,0.0067322746,0.0078702136,0.009302903250000001
2019-11-04,-0.0012520398,IV_COMBINED,-0.007213153625,-0.00674197535,-0.006431009275,-0.006177005975,-0.005983341925,-0.0058364501,-0.0053638717,-0.0052867610249999995,-0.00480686525,-0.004632192825,-0.004289751375,-0.004049225125,0.004159213375,0.004531826325,0.004628893325,0.00490095565,0.005050727975,0.005373488675,0.005824035625,0.00607799825,0.0063031591000000005,0.00666327735,0.0068191302499999995,0.007725765075,-0.0063903856,-0.00554499115,-0.004818876175,0.004838939225,0.00556249695,0.00655001745
2019-11-05,-0.0074279206,IV_COMBINED,-0.008223494,-0.007735341625,-0.007314810125,-0.0070115245,-0.0067380289999999995,-0.00655602465,-0.0060623424,-0.0059049256,-0.005398997525,-0.0052031686,-0.004830457224999999,-0.00450634045,0.004578414325,0.0049361244250000005,0.005119857,0.005358899,0.00556530915,0.006014516575,0.0064887807,0.0067443332,0.007036331,0.007468595749999999,0.0076159645,0.0086451945,-0.007252882775,-0.0062474201,-0.00540018345,0.0053376969250000005,0.006179220149999999,0.0073061211
2019-11-06,0.00015126765,IV_COMBINED,-0.008097094925,-0.007628930775,-0.0072275324,-0.00692173525,-0.006648478125,-0.00647369375,-0.005982227075,-0.005823265225,-0.005330225725,-0.005144633375,-0.004773039325,-0.004455666025,0.00453458385,0.0048952174000000005,0.0050652556,0.00531248365,0.005506856275,0.005944797425,0.0064072391999999995,0.00667387085,0.0069557469,0.00738429325,0.007524966325,0.008543242749999999,-0.0071539868,-0.006167388975,-0.005334059625,0.005281830575,0.00611113405,0.007221013
2019-11-07,-0.0024660311,IV_COMBINED,-0.008193353875,-0.007711130675,-0.00729492375,-0.006987160075,-0.0067191725,-0.00652929305,-0.0060465081,-0.0058920903,-0.005382477275,-0.00519168375,-0.0048191223249999995,-0.004496567625,0.004569466575,0.00492888375,0.00510664175,0.00534566915,0.00555158315,0.005998728525,0.006467018425,0.006732502325,0.00701730125,0.007450426175,0.007598469375,0.008615740875,-0.00722802185,-0.0062290583,-0.005385751425,0.005324718475,0.006162684975,0.00728620665
2019-11-08,-0.0022475484,IV_COMBINED,-0.008713511,-0.008226915125,-0.00778543245,-0.007445862375000001,-0.007130726574999999,-0.006938089749999999,-0.00644594785,-0.006237567725,-0.005717887575,-0.0055151077,-0.0051269129,-0.00475530925,0.0048175425,0.00517619175,0.00537994715,0.005649044425,0.0058439696,0.00636379405,0.0068405159,0.00711436075,0.007413347075,0.0078691465,0.00802968945,0.009088859125,-0.0076910209,-0.00662498495,-0.0057145977,0.005611633575,0.0065132939,0.00769735425
2019-11-11,0.001169718,IV_COMBINED,-0.006936923875,-0.00647974375,-0.006138430825,-0.005885175825,-0.005727729775,-0.0055628376,-0.005116034825,-0.00506946065,-0.00458838635,-0.004425617525,-0.0040937577,-0.003867907375,0.003980027675,0.00434718735,0.004456837275,0.0046993510249999995,0.004869943825,0.0051336015,0.00557921085,0.00585342335,0.0060782509250000005,0.0064542608,0.00656788265,0.00746305715,-0.006118482,-0.0052950300249999995,-0.004603916275,0.00464664115,0.00534727365,0.006308365225
2019-11-13,-0.002218186,IV_COMBINED,-0.007551409075,-0.007099503175,-0.00669463635,-0.00640896885,-0.00619287195,-0.006013993425,-0.00556061865,-0.00544712975,-0.004955222675,-0.00478130315,-0.004433474,-0.004163421375,0.004246796625,0.00459774335,0.004756976225,0.004987357425,0.005188009375,0.0055261341500000005,0.0059902583499999995,0.00626009555,0.006529197400000001,0.006941312325,0.0070608524750000005,0.00802300305,-0.00665334925,-0.00573432005,-0.0049678643750000005,0.0049559566749999995,0.0057266143,0.006772681525
2019-11-14,-0.0008177507,IV_COMBINED,-0.007633372575,-0.007191857825,-0.0067962194,-0.0065049789,-0.006277101475,-0.00609717315,-0.005634811725,-0.005508817375,-0.0050169175,-0.0048507153,-0.0044989877250000004,-0.00421672265,0.004299746,0.00465386375,0.004813879625,0.005050663375,0.005246785125,0.00559938385,0.0060638996750000005,0.0063426993,0.0066070119,0.007032023975,0.0071460989999999995,0.00811591895,-0.006740896825,-0.005810787725,-0.0050344835,0.005015634675,0.005798551024999999,0.0068551256
2019-11-15,0.0044939006,IV_COMBINED,-0.0075668554,-0.0071257309,-0.0067398453,-0.00645065205,-0.006226462175,-0.0060504851,-0.0055900129,-0.00546758405,-0.004975596400000001,-0.004812096675,-0.0044610275,-0.004186036075,0.004270587525,0.004627070475,0.0047812868750000004,0.00501944485,0.0052121825,0.005554933825,0.006019936875,0.00630142205,0.006561000375,0.006979215375,0.00709511975,0.0080561321,-0.006684037425,-0.005764705025,-0.004995445875,0.004982212975,0.00575714255,0.0068067221
2019-11-18,0.0026997642,IV_COMBINED,-0.006771140375,-0.0063414683999999995,-0.0059945475249999994,-0.005742292475,-0.0055941614,-0.005431588125,-0.004990735475,-0.0049434572,-0.0044690663,-0.0043224526749999995,-0.003994991425,-0.003778477875,0.003890885525,0.004254038025,0.0043687486,0.00460435605,0.004777666575000001,0.0050002299,0.00545146725,0.0057426491,0.005961245725,0.00634619175,0.0064390752,0.007329169375,-0.0059761302,-0.005165879,-0.004494193475,0.004548561275,0.00523598235,0.0061847213750000005
2019-11-19,-2.2561726e-06,IV_COMBINED,-0.007425957625,-0.006995059575,-0.0065978818250000005,-0.0063166866,-0.0061120838250000005,-0.005930956625,-0.005477432250000001,-0.0053628705250000006,-0.004875357725,-0.0047191398249999995,-0.004374948375,-0.00410918245,0.004192691,0.004543619475,0.004705404675,0.00493485695,0.005132719075,0.005439186,0.0059121427,0.00619412065,0.006453562125,0.00687342215,0.006974401375,0.007932749925,-0.006556149025,-0.00564889975,-0.0048994196,0.004897315425,0.005658465575,0.006693395374999999
2019-11-21,-0.00041070822,IV_COMBINED,-0.0077027706000000005,-0.00726604725,-0.006864707225,-0.006569439375,-0.006338112725,-0.0061482784,-0.0056925575,-0.005559710225,-0.005057292225,-0.004896815225,-0.004543803149999999,-0.0042546624,0.004331768775,0.00468456635,0.004855846775,0.005086774675,0.005289735175,0.0056430268,0.0061182710500000004,0.00640151615,0.0066633327,0.007094822125,0.0072076141,0.00818396465,-0.0068049298,-0.00586450925,-0.00508065385,0.005056037475,0.005846525975,0.00691493985
2019-11-25,-0.0058585075,IV_COMBINED,-0.0082248922,-0.0077789154249999996,-0.007352810675,-0.00703109045,-0.006747665525,-0.00654919045,-0.0060849319999999995,-0.005911912775,-0.0053950307,-0.005217302599999999,-0.00484945895,-0.0045158118,0.004581389025,0.004932718075,0.005126599325,0.00536194,0.005575321075,0.00601275435,0.006490838625,0.006778374375,0.00705408305,0.007505183375,0.00763715655,0.008660504999999999,-0.007266351,-0.006258775225,-0.0054087353,0.0053413731750000006,0.00618920745,0.00732419185
2019-11-26,8.627011e-05,IV_COMBINED,-0.007028757849999999,-0.00659650835,-0.006255017675,-0.0059849827000000005,-0.0058038879499999994,-0.005626927125,-0.005199499775,-0.0051314311250000005,-0.00463437005,-0.004486019575,-0.004145744725,-0.0039176613,0.00401833925,0.004382337925,0.0045077746250000005,0.00474121365,0.0049196688,0.00518949325,0.005645321074999999,0.0059237411,0.00615634455,0.00654943605,0.0066685009500000005,0.0075533694,-0.006208213,-0.0053694492,-0.004661556625,0.004694688075,0.0054090266,0.00638945555
2019-11-27,-0.0012402807,IV_COMBINED,-0.006993758325,-0.006572527525,-0.006211776025,-0.00593606365,-0.00575305365,-0.0055775921,-0.00515756225,-0.005085949325,-0.004596495075,-0.0044461448,-0.0041041594,-0.0038832694,0.00398345395,0.004338431575,0.004470402925,0.0046978942,0.004884179475,0.005144560625,0.00559385995,0.005876020725,0.0061186458249999996,0.006516688,0.00663133185,0.0075198019,-0.006166599,-0.005325874875,-0.004619422975000001,0.004654065725,0.00536743635,0.006347932325
2019-11-28,0.0006816633,IV_COMBINED,-0.0066267408,-0.0062230094,-0.0058712634999999996,-0.0056028835,-0.005450243925,-0.0052925531500000005,-0.004882986949999999,-0.004841507875,-0.00436406315,-0.004223305975,-0.0038841991249999996,-0.0036905899,0.0038101082,0.0041611526,0.00426657115,0.004500884725,0.004682895025,0.004885894075,0.0053188628,0.005618443375,0.0058370431,0.006216086525,0.00631824135,0.007185374375,-0.005839086175,-0.0050504746,-0.00438643135,0.004447917975,0.005120924575,0.00605559305
2019-12-02,0.0058703,IV_COMBINED,-0.009001744499999999,-0.007932514,-0.007789026375,-0.007663367625,-0.00719446425,-0.007035343375,-0.0062873558,-0.0058236469,-0.00550199595,-0.0053569697749999996,-0.0047828106,-0.0043186146,0.0043729347249999995,0.0047519122,0.005261259,0.0056710872249999995,0.00573958395,0.006186686325,0.0067658791,0.007043825675,0.007302715375,0.007732447125,0.00815221025,0.00863021,-0.007765486675,-0.006487473475,-0.00546347685,0.0053783139999999995,0.00641913685,0.007578968199999999
2019-12-03,0.001013392,IV_COMBINED,-0.01015651475,-0.00901572,-0.00885256275,-0.008651941375,-0.008132846025,-0.007925846525,-0.007120396725,-0.006509121075,-0.006165446525,-0.0059929512,-0.005393518525,-0.0048466199500000005,0.004861429675,0.005325804025,0.005862587575,0.00626286615,0.006354707975,0.006935035149999999,0.0075937842250000005,0.007899109849999999,0.008226106825,0.008688653925,0.0091117145,0.009707430500000001,-0.0087765735,-0.007314674500000001,-0.0061336116,0.005999662725,0.0071670093999999995,0.008507629
2019-12-04,0.0005277307,IV_COMBINED,-0.01001658025,-0.008886366750000001,-0.00872409285,-0.00853434385,-0.0080219935,-0.00781747975,-0.00701518315,-0.006435074475,-0.00608960155,-0.0059263801,-0.005334590825,-0.004792188175,0.0048073786,0.0052645067,0.0057971977,0.006189902525,0.006282438925,0.006847139,0.007502360575,0.0078071546750000005,0.00812127525,0.0085834119,0.0089984604,0.00956582225,-0.008655353,-0.0072162865,-0.006061142825,0.00593077665,0.007081050275,0.008399015025
2019-12-05,0.00041927965,IV_COMBINED,-0.01025100875,-0.00910331075,-0.008938957,-0.008734961,-0.00822120225,-0.008006524,-0.0071805049,-0.0065765269,-0.006229511525,-0.006059210925,-0.0054559516,-0.00489890465,0.0049085173,0.005381160575,0.0059238514,0.006310331775,0.0064067995249999996,0.0070009665,0.0076691364,0.007981331325,0.00830805875,0.008782533075,0.009195471375,0.0097899105,-0.008863401375,-0.00738640485,-0.006199423775,0.0060578928,0.0072339534,0.0085887816
2019-12-09,-0.0021342942,IV_COMBINED,-0.0109735595,-0.009795973,-0.009612484250000001,-0.009379936625,-0.00884947875,-0.008559861375,-0.007704305675,-0.0070148369999999995,-0.006659782425,-0.0064785879999999995,-0.005851673725,-0.005241264,0.00523732805,0.0057415331,0.006325929,0.0066927162499999995,0.006811518075,0.00749098975,0.00818044675,0.0085145865,0.0089010661,0.00939623665,0.009823552,0.010492406125000001,-0.00951176175,-0.007910254275,-0.006629245025,0.00645935085,0.0077143815,0.0091824113
2019-12-10,0.0018886088,IV_COMBINED,-0.010393636,-0.0092664455,-0.00908646325,-0.008910409250000001,-0.008387313875,-0.008129213625,-0.0072885686,-0.0066716447,-0.006313236375,-0.006161003575,-0.005573698325,-0.004996692275000001,0.004994129525,0.005461629149999999,0.006024746,0.006396904300000001,0.006480334125,0.0071133802999999995,0.007762056749999999,0.00807794275,0.008449541,0.0089040809,0.009340508249999999,0.009936629249999999,-0.0090174035,-0.007497825499999999,-0.00630645065,0.006144579225,0.00733135175,0.008713335725
2019-12-11,-0.00049380766,IV_COMBINED,-0.0108924975,-0.00972783175,-0.0095410635,-0.00933956075,-0.008805598500000001,-0.00849083375,-0.00765144475,-0.0069656382,-0.0065972505,-0.0064416965999999996,-0.005833505775,-0.005228860125,0.005211481075000001,0.00570059855,0.006291682275,0.0066610741,0.006761580575,0.0074464686,0.0081156497,0.008448269000000001,0.008840105000000001,0.009323623999999999,0.00977050675,0.01041361275,-0.009451264000000001,-0.007849245875,-0.006592107,0.006416198175,0.007661679350000001,0.009117628625
2019-12-12,0.0029412052,IV_COMBINED,-0.0142417465,-0.012820815499999999,-0.01253002175,-0.01209996625,-0.011502685,-0.0109639205,-0.01010293725,-0.0089736095,-0.008629429175,-0.00834220715,-0.00752748615,-0.006751944125,0.00669024375,0.007291755625,0.008064146,0.00839614425,0.008735142875,0.00965262,0.0105590515,0.01098082525,0.01148876675,0.012115211375,0.012583575375,0.013557865375,-0.012325826750000001,-0.010239983625,-0.008511833775,0.008268067925,0.0098916345,0.01183401675
2019-12-13,0.001646986,IV_COMBINED,-0.01607819575,-0.0145075845,-0.014098021625,-0.013586284625,-0.012958252,-0.012368379875,-0.011439509,-0.01009652125,-0.00977794325,-0.009393562000000001,-0.008408126425,-0.007612686025,0.0074992923,0.00820690735,0.00907420075,0.009380322,0.009871209875,0.01086643475,0.01193163625,0.01241249875,0.01296320325,0.0136942795,0.0140973,0.015261761500000002,-0.01389973875,-0.01155607525,-0.009575855,0.009316649375,0.011148776749999999,0.0133332795
2019-12-16,0.00013469465,IV_COMBINED,-0.010867475125,-0.009642182,-0.009389222999999999,-0.00919070275,-0.00867302425,-0.00843788025,-0.00756886335,-0.006916027525,-0.006605041,-0.006423146775,-0.005735039825,-0.0051856359,0.00519849785,0.00571878585,0.0062977053750000005,0.00660112965,0.006718539225,0.007327898425,0.008096869449999999,0.008458362575,0.00868434515,0.00937377275,0.00968706475,0.010330575,-0.009362253000000001,-0.007783406825,-0.0065395462,0.0064060797249999996,0.007623642125,0.009051443
2019-12-17,0.001693359,IV_COMBINED,-0.011145930375,-0.0099245355,-0.009707403,-0.009527256875,-0.008950667625,-0.008699618,-0.0077461166,-0.00714188065,-0.0068003235,-0.0065764272,-0.0059087825,-0.0053144951749999995,0.00527205375,0.005840703425,0.006414759075,0.006735832725,0.006897014225,0.00754358435,0.008263808675,0.00862692925,0.008973036174999999,0.00951147475,0.00990183225,0.010607218,-0.00964960125,-0.008019068325,-0.006728240725,0.006537667825,0.007790342949999999,0.009274565
2019-12-18,-0.0027085054,IV_COMBINED,-0.010499847,-0.009322628,-0.0091292345,-0.00897781825,-0.008442490125,-0.00822974025,-0.0072812006249999995,-0.006756209225,-0.006412129375,-0.00621832025,-0.005578671525,-0.005011551249999999,0.004987271875,0.005513032625,0.0060635576,0.0064031912,0.006519122925,0.00711741205,0.0077964738,0.008136967975,0.008470012675,0.00894258075,0.009357136,0.009988276125,-0.0090945045,-0.00756170305,-0.0063588986,0.00617589185,0.00735575625,0.008749773575
2019-12-19,-0.0009891865,IV_COMBINED,-0.010322736499999999,-0.00914934475,-0.008966215,-0.008811009,-0.008303039324999999,-0.008096378575,-0.0071661087500000005,-0.006650096875,-0.006303807425,-0.006110048075,-0.0054796215250000006,-0.004922273275,0.004903652925,0.00541954945,0.005963814425,0.0063115443,0.0064094563,0.0069955010750000005,0.007668823525,0.007998911075,0.00832605925,0.008779841125,0.009206291625,0.009818038000000001,-0.0089365015,-0.007436521075,-0.006251683475,0.00607305925,0.0072330336,0.008603624875
2019-12-20,-0.002553923,IV_COMBINED,-0.010347871125,-0.009161531,-0.008981856,-0.0088074685,-0.008312478125,-0.008119831125000001,-0.00719096875,-0.006668634575,-0.006323560275,-0.006115606075,-0.005483920475,-0.004929180875,0.00490472725,0.005426493399999999,0.005965866425,0.0063196913,0.006431038375,0.007009591775,0.0076966744999999994,0.008027746,0.00834337175,0.008800568225,0.009219179125,0.009845260500000001,-0.00894983625,-0.00745697,-0.00626343475,0.00608495995,0.007251512425,0.00862644625
2019-12-23,9.019654e-05,IV_COMBINED,-0.008521393825,-0.007462348475,-0.007317701225000001,-0.0072465750500000006,-0.006846620475000001,-0.006724519225,-0.0059267820749999995,-0.005547778525,-0.0052613108,-0.005117984725,-0.00452058605,-0.00412120365,0.0041482935,0.0045157879,0.005045349125,0.00540852355,0.005459473075,0.005863864575,0.006408857075,0.0066935677500000006,0.0069075002,0.007294650125,0.00770441375,0.00816737375,-0.0073602915,-0.00615561825,-0.005206414475000001,0.0051155521749999995,0.006087073525,0.007176342575
2019-12-24,0.00025476128,IV_COMBINED,-0.008848732,-0.007760545075,-0.0076130948749999995,-0.00751883125,-0.007076062425,-0.006945092625,-0.0061566471999999995,-0.0057297165,-0.005426634425,-0.0052714809250000005,-0.004674683575,-0.0042474692750000004,0.004279759275,0.004666602425,0.005192164275,0.0055720265,0.00562863395,0.00605447915,0.0066307443,0.006915674175,0.0071471914,0.00755274975,0.0079690929,0.0084580301,-0.007629852825,-0.006374237075,-0.0053736885750000005,0.00527958085,0.0062877267,0.007424146499999999
2019-12-27,0.0065451274,IV_COMBINED,-0.00806680425,-0.0070337183250000004,-0.0069024683,-0.00683832595,-0.00645838905,-0.006350233375,-0.005627544025,-0.005248700975,-0.0049660101,-0.004845474275,-0.0042507719,-0.00390345875,0.0039558666,0.004286918075,0.00479196085,0.005184978749999999,0.005209103499999999,0.005576053,0.0060909396,0.006356574325,0.0065355373500000005,0.006909164925000001,0.007333253,0.00778436815,-0.0069494942,-0.0058189914,-0.00491972795,0.004866957725,0.005794048125,0.006820134425
2019-12-30,0.0034027707,IV_COMBINED,-0.008686053825,-0.00760236815,-0.0074642476000000004,-0.00738664365,-0.006930365075,-0.00680098655,-0.0060551948250000005,-0.0055949911250000005,-0.0052891497,-0.0051687386,-0.0045744636250000005,-0.004167154025,0.00421657485,0.00458438205,0.00509531475,0.005498890575,0.00551959545,0.005956526974999999,0.006509901975,0.006774413725,0.007006246975,0.0074068033499999995,0.007836171749999999,0.0083145371,-0.007481283275,-0.006240914199999999,-0.0052612666999999995,0.00518515375,0.0061783434750000005,0.007288254425
2019-12-31,0.0020067166,IV_COMBINED,-0.01020048,-0.0090406305,-0.0088746335,-0.0086828445,-0.008153046325,-0.007952061075,-0.00712619025,-0.00651787725,-0.006175229325,-0.006013584975,-0.005394742575,-0.004843104275,0.004866760675,0.005340721325,0.005868194925,0.0062643125,0.00634432875,0.00694050125,0.007590667375,0.007893184125,0.00822251125,0.008679962224999999,0.009108443325,0.009735124875,-0.008805812575,-0.007329198,-0.0061442739,0.006002134625,0.007163954325,0.0085099863
2020-01-02,-0.002042428,IV_COMBINED,-0.007940430225,-0.007190699125,-0.007107995525,-0.0069129942,-0.0064705591750000005,-0.006388065975,-0.00591538885,-0.005350800775,-0.00509846075,-0.004832499275,-0.00433706365,-0.0039237848999999995,0.00414665615,0.004698088275,0.00497471585,0.0053347452,0.0057346114,0.005912228575,0.006150635225,0.006368540975,0.006885966325,0.006934204125,0.007314771925,0.0077910942,-0.006980549475,-0.0059721422,-0.004966442925,0.005140941475,0.006013284925,0.006902201875
2020-01-03,-0.0033267485,IV_COMBINED,-0.008365736200000001,-0.007618129675,-0.007498170425000001,-0.00731419725,-0.006839993,-0.00675828455,-0.006241354775,-0.005628269725,-0.00536833325,-0.0050860814,-0.004567136075,-0.00415714715,0.0043403951,0.00492600895,0.005200529525,0.005604255875,0.00601033795,0.006167063075,0.00643187335,0.006670488675,0.007277742425,0.007327617,0.00765720075,0.008200729,-0.0073792681,-0.006298882925,-0.00523938375,0.005381829125,0.006308229475,0.0072476069249999995
2020-01-06,0.002268219,IV_COMBINED,-0.00774359085,-0.00695990575,-0.006878854875,-0.006698289725000001,-0.006288494175,-0.006199089225,-0.00576050635,-0.005226933075,-0.00498422515,-0.00471539495,-0.004228126975,-0.00381374295,0.0040730648,0.0046038767000000005,0.0048687691,0.0052149955,0.005619157475,0.005825500225,0.006036514675,0.0062500462,0.00669445995,0.0067486322,0.007170649649999999,0.007591135475,-0.00677787385,-0.005809921475,-0.004836657575,0.00504027645,0.00588896,0.0067485614
2020-01-07,-0.004216189,IV_COMBINED,-0.008162564175,-0.0073911691,-0.0072823569,-0.00709874,-0.006657973075,-0.0065608873250000005,-0.006076569425,-0.005486909625,-0.005228257825,-0.004959785625,-0.0044563214250000005,-0.00403387685,0.004246285125,0.0048107352249999995,0.005080556925,0.00547452285,0.00586439015,0.006041169225,0.0062961227,0.00652270955,0.00706963015,0.00711845565,0.0074790054000000005,0.00798727915,-0.00717426655,-0.0061269961,-0.0050995561,0.005259618175,0.00615893205,0.0070709493000000005
2020-01-08,-0.001969758,IV_COMBINED,-0.0086013062,-0.007841168075,-0.0077012632,-0.0074929198249999995,-0.0070546299,-0.0069445818,-0.006413980175,-0.0057770351749999995,-0.0055216664999999995,-0.005234819725,-0.004693785225,-0.0042770924999999994,0.004444942325,0.005049735525,0.005327929,0.00575860095,0.0061389896749999995,0.006304760925,0.006598453675,0.006846088175,0.0074723561,0.0075332186,0.0078288731,0.008430621499999999,-0.007586921025,-0.006471705325,-0.005385462875,0.005512010124999999,0.006466804675,0.007435278375
2020-01-09,-0.0015885127,IV_COMBINED,-0.008322716125,-0.0075386036,-0.00742913095,-0.0072193194250000006,-0.006795912975,-0.0066904597,-0.00619442235,-0.005590624675,-0.005355934825,-0.0050661639,-0.00453833495,-0.00412936035,0.004330517825,0.004896795675,0.005176876125,0.005585853474999999,0.0059686645,0.0061513078250000006,0.006405989675,0.006638817675,0.007214111925,0.007276564425,0.00760678925,0.008149185375,-0.0073134027,-0.006252114275,-0.00520298865,0.005355768825,0.006277675825,0.00720297865
2020-01-10,0.00096780807,IV_COMBINED,-0.008508364725,-0.00774188465,-0.0076186465750000005,-0.0074179304,-0.00697496025,-0.006875218475,-0.006346436375,-0.005711411825,-0.0054816776250000004,-0.00519301845,-0.0046406423,-0.004236349925,0.0044177109,0.005003116575,0.005281690225,0.0057102569,0.00609403755,0.0062565395,0.006532128075,0.006766964575,0.007382005875,0.0074575487,0.0077604878250000005,0.008339486875,-0.007503671675,-0.006406678,-0.005331328175,0.0054657366,0.006410102075,0.00735621435
2020-01-13,0.0017891022,IV_COMBINED,-0.00747859275,-0.006683458275,-0.0066347996,-0.006453928325,-0.006043422325,-0.0059650201,-0.00555954785,-0.00504523155,-0.004834311,-0.004576708425,-0.00407151205,-0.00366614075,0.0039766068249999995,0.0044721323,0.00472959505,0.005047821825,0.00547403225,0.0056873146,0.00587491095,0.006063900325,0.00645793065,0.006534560325,0.00696774365,0.007330399,-0.0065248844,-0.0056077822,-0.0046649225,0.004905455275,0.005723728,0.006538977
2020-01-14,-0.0009480952,IV_COMBINED,-0.0081360115,-0.0073632084,-0.0072769265,-0.007091166125,-0.00662863085,-0.0065456865,-0.006061128875,-0.005450734025,-0.0052240046,-0.004957944625,-0.0044302796500000005,-0.0040197181500000005,0.00424547275,0.0047932379,0.0050700936000000005,0.0054555002750000005,0.005859925725,0.006024022575,0.006272292275,0.00648578995,0.00703083475,0.00709879035,0.007461835525,0.007962660175,-0.00715294045,-0.00611169615,-0.005080872625,0.0052482044750000005,0.006142106675,0.007042682624999999
2020-01-17,-0.0025521873,IV_COMBINED,-0.00794266255,-0.0071780025,-0.007117800425,-0.00691651715,-0.006465007875,-0.0063821482500000005,-0.005915739325000001,-0.00533552835,-0.00511302845,-0.0048514856,-0.00432612775,-0.0039224895,0.0041651011499999994,0.0046973734,0.004977598,0.0053373057750000005,0.005751642875,0.0059226915000000005,0.0061508215000000005,0.0063614154499999995,0.006861970324999999,0.0069297114,0.007315097575,0.007787294324999999,-0.0069768677,-0.00597284905,-0.004963555825,0.005148507175,0.006018434675,0.006895319975
2020-01-20,-0.000994279,IV_COMBINED,-0.00713459675,-0.0063587002,-0.0063352514,-0.006140456525,-0.005747295025,-0.0056757029,-0.0053054142,-0.004814561675,-0.004611572249999999,-0.004379466125,-0.00387649295,-0.0034745733500000002,0.0038195417499999997,0.004295721425,0.004543664675,0.004820632875,0.005267206825,0.0054962748249999995,0.005662261875,0.0058261484999999995,0.006173581500000001,0.0062690758,0.0067014491750000005,0.0070165455000000005,-0.0062113504,-0.005348500575,-0.00444415915,0.0047176792500000005,0.005503090575,0.0062759975
2020-01-21,0.0013232331,IV_COMBINED,-0.007612949825,-0.00685583435,-0.0068049119,-0.00661861545,-0.006174939575,-0.00610525255,-0.00567107355,-0.0051175493750000006,-0.004895747075,-0.00465369945,-0.004140721825000001,-0.00373482865,0.0040189071,0.004533053625,0.0047912292749999995,0.00511497915,0.005551407175,0.0057410543,0.005942040125,0.0061312728,0.00655719535,0.0066323781,0.007059812375,0.007479359375,-0.00667351805,-0.0057189069249999995,-0.0047504102,0.00496732745,0.0057963718249999996,0.006633935825
2020-01-22,-0.0019979216,IV_COMBINED,-0.007603768800000001,-0.00686256695,-0.006812246625,-0.006621332625,-0.00618199435,-0.006108371925,-0.005671740225,-0.00512705825,-0.004904930575,-0.00465444545,-0.00414372465,-0.0037406063999999998,0.004019382199999999,0.0045342423,0.004797568,0.005112922725,0.00555551475,0.00574758595,0.0059414615,0.006132095000000001,0.00657131785,0.006634650575,0.0070605655,0.0074924662500000004,-0.00667560705,-0.00572486975,-0.0047548413500000004,0.004969633775,0.005798427125,0.0066395815
2020-01-24,-0.0045519206,IV_COMBINED,-0.008303105175,-0.00760391815,-0.0074961011,-0.0073091431,-0.006822035975,-0.006742477475,-0.006218963925,-0.00558964445,-0.005355493325,-0.0050838209,-0.0045325614250000005,-0.0041395755,0.004325278525,0.004902429125,0.0051823154,0.005560620699999999,0.0060002871,0.0061435855,0.0063900211499999995,0.0066085711,0.007243054925,0.007305040049999999,0.0076259228,0.008190982425,-0.007356136075,-0.006280536075,-0.00521761595,0.0053600661,0.00627991085,0.0072117105
2020-01-27,-0.0011389549,IV_COMBINED,-0.00729858945,-0.0065661978,-0.006516407175,-0.006338163175,-0.005928037125,-0.005853180425,-0.005455488825,-0.004956146325,-0.00473799125,-0.00448756175,-0.003990170925,-0.003588088025,0.003901063175,0.0043946054750000005,0.00465202455,0.00492990775,0.00539121735,0.005608603275,0.0057656031,0.00594614235,0.00634742555,0.006423906875,0.006855805875,0.0072259948499999995,-0.00639683355,-0.005503843,-0.004575029625,0.004820902875,0.005623847725,0.0064281944249999995
2020-01-28,-0.0011266173,IV_COMBINED,-0.007906451225,-0.007184359875,-0.007097978425,-0.00692376485,-0.0064690301250000005,-0.0063859256,-0.00591753375,-0.005333414325000001,-0.005095079375,-0.004836910675,-0.0043227826,-0.0039153113,0.00415505975,0.004695197425,0.0049656883999999995,0.005307045275,0.0057501856,0.00592946605,0.0061262183,0.006342168425,0.006870561125,0.006924400675,0.0073141319,0.0078064482499999996,-0.0069739064,-0.0059659864000000005,-0.004958869075,0.005138469875,0.0060074631,0.006891905625
2020-01-30,0.0032106908,IV_COMBINED,-0.0078818845,-0.007170096175,-0.0070880378,-0.006901946975,-0.00645819065,-0.006367996875,-0.005903034225,-0.005328923125,-0.005092095675,-0.0048290328,-0.004317935025,-0.003909660525,0.00414658605,0.0046867258750000005,0.004960639325,0.005298331475,0.0057382909,0.005919759275,0.006115846175,0.006332950075,0.006856375275,0.006909793825,0.00729712805,0.007792981125000001,-0.00695602295,-0.005956017625,-0.0049507097,0.005129617675,0.005996404475,0.006879056225
2020-01-31,0.0040400987,IV_COMBINED,-0.007766378475,-0.007042487575,-0.0069712095,-0.00678015585,-0.006348070075,-0.006259157425,-0.00580636085,-0.00524748865,-0.005023607825,-0.004761683,-0.0042419746250000005,-0.003838996925,0.00409958165,0.004625244425,0.004895116275,0.00522296225,0.0056715044,0.005857689775,0.0060471535,0.006248984875,0.0067363858750000005,0.0067900725,0.0071983958,0.007673019725000001,-0.00683925015,-0.0058615647750000005,-0.00486986005,0.005067719925,0.0059178764,0.006780787925
2020-02-03,-0.0022113284,IV_COMBINED,-0.0082719593,-0.00725180275,-0.007004657000000001,-0.0068911713,-0.006676858525,-0.006163343925,-0.005878890825,-0.0054345541,-0.005051859325,-0.0048601212750000004,-0.004544147625,-0.004151006675,0.00443357305,0.004581540625,0.00506807865,0.005317684825,0.005606988975,0.0058275723,0.006271868325,0.006594982,0.0070807105,0.007296825,0.007465234249999999,0.0077587481500000005,-0.007051027175,-0.005906661325,-0.005030634825,0.005192409975,0.006064187775,0.007034308475
2020-02-04,-0.0015841372,IV_COMBINED,-0.00876119605,-0.0076879235,-0.007450350825,-0.0072959859750000005,-0.0070839782,-0.006558217625,-0.006230214025,-0.005732752525,-0.0053297434500000004,-0.005135403775,-0.004813883975000001,-0.004391780175,0.004654032675,0.004823444825,0.005322452775,0.00560650945,0.00588891505,0.00613240865,0.006609982675000001,0.006907429675,0.0074539940749999995,0.007677774325,0.0078436313,0.008166052875,-0.007477460375000001,-0.006260255875,-0.0053264073499999995,0.005459765425000001,0.006383118074999999,0.00739621825
2020-02-05,-0.0032667092,IV_COMBINED,-0.008381603,-0.007330967925,-0.007103767425,-0.0069856064,-0.006784010724999999,-0.006258405,-0.005972459675,-0.0054966933249999995,-0.00508701235,-0.00492819305,-0.0046095055,-0.00420992265,0.004484565975,0.0046330627,0.005120176425,0.005393416575000001,0.005679438075,0.0059143105000000005,0.0063322511250000005,0.006662235475,0.00716889725,0.007373994725,0.007549720225,0.007838517175,-0.0071481185999999995,-0.005983667825,-0.00510054405,0.005249898775,0.006138682125,0.007110324175
2020-02-06,-0.0023454458,IV_COMBINED,-0.0085353056,-0.00748589675,-0.007257780525,-0.0071192949500000005,-0.00691704465,-0.00639282485,-0.0060846573,-0.0055946232,-0.00519033165,-0.005018054975,-0.00469851295,-0.00428737595,0.0045549681249999995,0.004709572875,0.0052012402749999995,0.0054800731,0.005760779625,0.00600314605,0.006443180125,0.00675922745,0.007280850625,0.007499170075,0.007670438725,0.00797292325,-0.007290073175,-0.0061040432,-0.0051982781749999995,0.0053339483,0.006237269724999999,0.007225323824999999
2020-02-10,-0.004817306,IV_COMBINED,-0.009136647625000001,-0.008026751075,-0.0078068822,-0.007613814,-0.0073983806499999995,-0.006854530199999999,-0.00650336115,-0.005959501575,-0.0055369632500000005,-0.00534563495,-0.005010631325,-0.0045792499,0.0048307901,0.00500409195,0.00552995015,0.0058220703,0.0060958966,0.006366402675,0.006865337675,0.00714739625,0.0077239217499999995,0.007946844525,0.008119239,0.008485684125,-0.0078060248250000006,-0.0065322476999999995,-0.0055499095250000005,0.005665213225,0.006619310075,0.007668315750000001
2020-02-11,-0.0006959739,IV_COMBINED,-0.00918164925,-0.008039176625,-0.00782336925,-0.007621615275,-0.00740198235,-0.0068695765,-0.0065226566250000005,-0.0059741019499999996,-0.00555809535,-0.005366827775,-0.005041669275,-0.0046040559,0.0048415162,0.00503580455,0.005537506975,0.0058505414,0.006128639925,0.006396306475,0.006890783575,0.007168407125,0.00775088305,0.007965291325,0.0081414935,0.00853061855,-0.0078228002,-0.00654956005,-0.005571246125,0.005686850325,0.0066463125750000004,0.0076964374000000006
2020-02-12,-0.0019646168,IV_COMBINED,-0.009473922000000001,-0.00830798215,-0.0080928628,-0.007868044525,-0.007621395575,-0.007100232825,-0.00672581675,-0.00615794965,-0.005731203625,-0.0055271696750000005,-0.005184049475,-0.004745495,0.004973483275,0.005172854675,0.0057007987,0.00602590405,0.00629882355,0.006578937175,0.007092898,0.00735542225,0.007961276875,0.0081878278,0.008364693125,0.0087847945,-0.00807431535,-0.00676161275,-0.0057429792,0.00584777165,0.006836878175,0.007911816925
2020-02-13,-0.004242688,IV_COMBINED,-0.009436804125,-0.0082756665,-0.008064093750000001,-0.0078388622,-0.00758879945,-0.007061173175,-0.0066946581,-0.00612877005,-0.00570543435,-0.0055032832750000005,-0.0051707684,-0.004725931575,0.00495938865,0.0051523404749999994,0.005690110525,0.005997770525,0.0062709787,0.00655543965,0.0070721667,0.007338028275,0.007930986875,0.008147848499999999,0.008320222075,0.008756170825,-0.008040261,-0.006730826150000001,-0.0057179855,0.005828997025,0.0068088407,0.007883515399999999
2020-02-14,-0.00022816607,IV_COMBINED,-0.009861525,-0.00867665255,-0.008454565875,-0.00819717725,-0.007912855225,-0.007389200925,-0.00697323875,-0.00639917835,-0.005965530724999999,-0.005738293175,-0.00538109585,-0.004922143675,0.00515458995,0.005357075775,0.005928739000000001,0.0062463104,0.0065124795000000004,0.006820054375,0.00736887375,0.007621341625,0.008244344375,0.00847907925,0.00864386215,0.009125420875,-0.008407482,-0.0070363430000000005,-0.0059659824,0.006064351675,0.0070853596,0.008200768375
2020-02-17,-0.0015108966,IV_COMBINED,-0.008455900200000002,-0.0073885666749999995,-0.007163552875,-0.00702088485,-0.006810722375,-0.006293559925,-0.0059905281,-0.00552380805,-0.00515003475,-0.004956059824999999,-0.00463982025,-0.00424482755,0.0045096173,0.004682101375,0.005162624275,0.00541846955,0.005704787525,0.00594402035,0.006396595475,0.006708233575,0.00719575745,0.007402554,0.0075560160000000005,0.00791787275,-0.0071939268,-0.0060242968000000004,-0.00513161505,0.005291145225,0.006173285375,0.007154895099999999
2020-02-18,-0.00064426666,IV_COMBINED,-0.008949943625,-0.00784425945,-0.007616378625,-0.0074323445749999995,-0.007223701,-0.0066950565250000005,-0.006338835500000001,-0.005832199575,-0.005433530125000001,-0.0052392506250000005,-0.00490797135,-0.00448331825,0.00472703025,0.004911984925,0.005419829175,0.00570706605,0.0059807726999999995,0.0062322988,0.006730889275,0.007017479375,0.00756804925,0.007795925,0.007954965599999999,0.008330333125,-0.007629061100000001,-0.006383199825,-0.0054315592,0.00555410095,0.0064893903999999995,0.0075203434
2020-02-19,-0.0029031895,IV_COMBINED,-0.0092790205,-0.008153575,-0.007922351000000001,-0.007714752425,-0.007463868225,-0.006937148725,-0.0065697442500000005,-0.006024336775,-0.0056313561,-0.00541363955,-0.005084731725,-0.00463938615,0.004878283949999999,0.00507523535,0.00560048535,0.005897019,0.006171013875,0.0064456733,0.0069645009249999995,0.007241061075,0.00780773625,0.0080441282,0.0081948001,0.00861807925,-0.007909673375,-0.006616987575,-0.0056198482,0.005737904,0.006704467225,0.0077652358
2020-02-20,0.0010512107,IV_COMBINED,-0.00938409575,-0.00822632665,-0.00800083525,-0.007782566925,-0.0075247826,-0.0070048709,-0.006636426825,-0.006082879825,-0.0056822745,-0.0054698812,-0.00514005055,-0.004692323775,0.0049213346499999994,0.0051328553,0.005645851675,0.005960199075,0.00623303835,0.0065072039750000005,0.0070290068,0.0073052118,0.007888602675,0.008114198750000001,0.00827465325,0.0087073604,-0.007984528825,-0.006681457375,-0.00567800135,0.005792417575,0.0067687295,0.00784096705
2020-02-21,0.0046246834,IV_COMBINED,-0.0102832825,-0.0090585365,-0.008816692,-0.008550289725,-0.008216663925,-0.00771273955,-0.0072432041249999995,-0.0066482679250000004,-0.0062255769,-0.005968945,-0.005596347125,-0.0051164301,0.005335253775,0.00557153095,0.006142777025000001,0.00649904565,0.006755221400000001,0.0070640459,0.007653481,0.0078942006,0.0085530415,0.00882180805,0.0089789755,0.009489197750000001,-0.008764302375,-0.00732929635,-0.0062085459249999995,0.0062916529,0.0073587205,0.008513779125
2020-02-24,0.00028790202,IV_COMBINED,-0.008853020999999999,-0.007785883,-0.0075515580999999995,-0.0073795897,-0.0071008658500000005,-0.006585609325,-0.00625370215,-0.0057547114,-0.005397465425,-0.0051674488,-0.0048542406,-0.0044177723,0.004698101675,0.004875515375,0.00540143845,0.00562885115,0.005908226775,0.0062052240499999994,0.006692630875,0.00698897515,0.00749285875,0.0077028725,0.0078346385,0.008273143675,-0.007540993925,-0.00630860925,-0.00535595665,0.005515182675,0.00642756085,0.0074564491249999995
2020-02-25,0.000826394,IV_COMBINED,-0.01038436375,-0.009196165249999999,-0.008942172125,-0.008668402525,-0.0083199806,-0.00780069685,-0.0072950792,-0.00672555035,-0.006305308675,-0.0060327190499999996,-0.005650212975,-0.005153258475,0.005391011775,0.005624812675,0.0062234453,0.0065414340000000005,0.00679542035,0.0071462763000000006,0.00774638105,0.007987660125,0.0086496835,0.008927208975,0.009062429625,0.009588155625,-0.0088739221,-0.007413761225,-0.00627248755,0.006356214225,0.0074313441,0.008606861875
2020-02-26,0.00014955267,IV_COMBINED,-0.0113649785,-0.01002649575,-0.009786315,-0.009465786,-0.009016359750000001,-0.008518771075,-0.007954671525,-0.007317689425,-0.00686923225,-0.006569565425,-0.00617133655,-0.005641654425,0.00582900715,0.006104549875,0.006748306075,0.00714840565,0.007399041825,0.00777433875,0.008405885,0.0086302295,0.00936807425,0.0096492125,0.009803565875,0.01045558925,-0.0096784785,-0.0080893358,-0.0068438032,0.006897358375,0.008075376975,0.00933266875
2020-02-27,0.0107640615,IV_COMBINED,-0.01121436675,-0.00990319525,-0.009657728,-0.009345707,-0.0088624255,-0.008392435,-0.007847025024999999,-0.0071873041,-0.006789158925,-0.0064960428,-0.00611056665,-0.005557684,0.005746294175,0.00604842795,0.006643596125,0.00705166455,0.00731095985,0.0077057458,0.0083036495,0.008550148925,0.009248887675,0.00953229525,0.0096724315,0.010342378499999999,-0.009543626125,-0.007974730225,-0.006748806575,0.00681058565,0.007980863,0.009223499125
2020-02-28,4.0967283e-05,IV_COMBINED,-0.012398693,-0.0109719535,-0.0107309335,-0.01036281175,-0.009775565375,-0.009312276125,-0.00864381025,-0.007947914925,-0.00750258025,-0.00716765265,-0.006725325875,-0.006145052125,0.0062984132749999994,0.00662572415,0.00730807275,0.007770902,0.008017202,0.00848338135,0.009129653875000001,0.00937837175,0.010147933750000001,0.010463557875,0.010601542375,0.0114185315,-0.0105642605,-0.008827503,-0.00745964425,0.007475813,0.008772939325,0.0101352065
2020-03-02,0.013221748,IV_COMBINED,-0.012851137,-0.011458268,-0.011157585250000001,-0.010806702250000001,-0.010086692500000001,-0.00962309575,-0.008905052,-0.008232112125,-0.0078205736,-0.0074231152250000005,-0.0070038213249999995,-0.0063451788,0.00652187985,0.0068681237,0.00759650195,0.008021406375,0.008287579074999999,0.0088703525,0.00953266625,0.0097999865,0.01054081725,0.010868540875,0.010983853125,0.011892351249999999,-0.0109651795,-0.009147683625,-0.0077254646,0.00776134985,0.009116109125,0.01054993525
2020-03-03,0.0043970104,IV_COMBINED,-0.01746153975,-0.015758099375,-0.015292800375,-0.015080881,-0.014393056500000001,-0.013823023,-0.012825251374999999,-0.0118642145,-0.010944654,-0.010646550500000001,-0.009654861,-0.00904263925,0.008638611000000001,0.009358064499999999,0.01007402375,0.010771392125000001,0.011715803,0.01245240675,0.01337313825,0.014517783,0.01544255925,0.01578796075,0.016591778,0.01807878025,-0.015303319249999999,-0.012949988375,-0.01100625775,0.010631928,0.01282013975,0.015600807749999999
2020-03-04,-0.0036830308,IV_COMBINED,-0.01914360975,-0.01750581225,-0.01686015,-0.01659368575,-0.01590355,-0.01545700925,-0.0142619835,-0.013188751,-0.0121352885,-0.0118725415,-0.0107381965,-0.01004586125,0.0096841905,0.010371107125000001,0.01108111375,0.011703631249999999,0.012635863375,0.01373725925,0.014613582,0.01571233875,0.01724682525,0.0174147995,0.018333750000000003,0.0199315505,-0.01692073325,-0.014380635999999999,-0.012260472000000001,0.01167717125,0.01402102725,0.017167609625
2020-03-05,0.004407286,IV_COMBINED,-0.013407321125,-0.01213011575,-0.01183458725,-0.01160601275,-0.010990405,-0.0107017795,-0.00991138325,-0.009308624500000001,-0.00866144125,-0.00834606975,-0.007486856275,-0.00704846625,0.006969001175,0.00751968385,0.008090983625,0.008484959875,0.00921328425,0.009799397,0.01046073925,0.0113454705,0.01205201,0.012281284,0.012840052000000001,0.01396209975,-0.01176712675,-0.01008356325,-0.008578359,0.008450738374999999,0.010047933,0.012132074125
2020-03-06,0.010867667,IV_COMBINED,-0.01809488875,-0.0163683025,-0.01602821075,-0.015780437,-0.0149322595,-0.0143771025,-0.013397080875,-0.012379996,-0.01158572525,-0.01119169025,-0.01026637975,-0.009518829,0.009144414,0.009827848875,0.0105751165,0.0111742235,0.01211609675,0.012879782624999999,0.013906141,0.0151363935,0.0160432525,0.01640252975,0.01718952875,0.01862600575,-0.015910597749999998,-0.013553623875,-0.01154679975,0.011113923000000001,0.01329575425,0.016180264
2020-03-09,0.009676554,IV_COMBINED,-0.0150960275,-0.013655691250000001,-0.0133074545,-0.0131082615,-0.0123661565,-0.012009009000000001,-0.0111939525,-0.010391633,-0.0097199475,-0.009353562749999999,-0.008519641000000001,-0.0079536609,0.0077911460000000005,0.00840473075,0.0090603135,0.00948142525,0.010259629499999999,0.0109948195,0.011796785,0.01277549075,0.013551978749999999,0.0138264095,0.014401398,0.01567037775,-0.0132470295,-0.01132439925,-0.0096455015,0.009462521,0.011271813875,0.013639205875000001
2020-03-10,-0.0068600615,IV_COMBINED,-0.025579224749999997,-0.023451413,-0.022148342,-0.02192300675,-0.0212032525,-0.02074079975,-0.01895415275,-0.01740404775,-0.01621271675,-0.01571219825,-0.014662828,-0.01376254775,0.01277667625,0.01433619725,0.01508178025,0.015988724250000003,0.0166340045,0.018096176,0.01973528075,0.020854329249999998,0.02293131825,0.023230106,0.02482393625,0.0262503225,-0.02257953875,-0.019092011,-0.016456484,0.01571278725,0.01873685875,0.02291903725
2020-03-11,-0.0054614088,IV_COMBINED,-0.0200602175,-0.018477162749999998,-0.01820558125,-0.01779402,-0.01687195775,-0.016436885499999998,-0.01508160825,-0.014027720625,-0.013313193375,-0.012847057375,-0.011848247,-0.011246742625,0.010432979,0.011754643125,0.012410830250000001,0.012878742375,0.0136326145,0.0144062245,0.0158130655,0.0170348065,0.01832564675,0.018650803,0.01958608625,0.02076576125,-0.017928048250000002,-0.015412997875,-0.013281330125,0.012808826875,0.015076289875,0.0183050735
2020-03-12,-0.017751424,IV_COMBINED,-0.0258096875,-0.02344057675,-0.0230022555,-0.0228437295,-0.0218975845,-0.020891756,-0.0192315015,-0.017971427749999998,-0.016973038500000003,-0.016484288,-0.0153172945,-0.01431421025,0.013175567249999999,0.0146362315,0.0155534525,0.01650788975,0.01758264525,0.01858793375,0.0206177645,0.022010176,0.02320029425,0.02398901775,0.02466430775,0.0263005355,-0.022976667,-0.019613995999999998,-0.016995795,0.0163131315,0.019457048499999997,0.0233586165
2020-03-13,-0.0010856967,IV_COMBINED,-0.02778546875,-0.02561532225,-0.02460626875,-0.0242756795,-0.02354739325,-0.02255731225,-0.02069893875,-0.01927619125,-0.018118226,-0.017685294,-0.016141256125,-0.015545180375,0.014341753249999999,0.01602402725,0.01688249375,0.0182385265,0.01917537125,0.020754239,0.022604007000000002,0.023584365,0.025443975,0.02602349975,0.02688010275,0.029052785,-0.0247562345,-0.021051386999999998,-0.01824104575,0.0178055305,0.02135912925,0.02551304825
2020-03-16,0.0060499604,IV_COMBINED,-0.02082903225,-0.0191538905,-0.01860998875,-0.018217393249999998,-0.017741979499999998,-0.016986822,-0.015437142000000001,-0.01465029075,-0.01385936875,-0.013403814,-0.011997219125,-0.011693232125000001,0.0115261145,0.01262506175,0.013236036375,0.0142977595,0.01505637075,0.016104036625,0.017015192125,0.017997716875,0.019647523625,0.019762021875,0.020565,0.02194535275,-0.01858582375,-0.01590872175,-0.0137462755,0.013891754749999999,0.016447075999999998,0.0194341575
2020-03-17,-0.014976454,IV_COMBINED,-0.02639135975,-0.024139571749999998,-0.02348241625,-0.0232728125,-0.02235098475,-0.02119424625,-0.01947366075,-0.01843882275,-0.0175603435,-0.01702957325,-0.015511652,-0.01491656175,0.01419617575,0.01550610275,0.016465556,0.01773072925,0.0185398775,0.019830206,0.0215653055,0.022695378500000002,0.02437861825,0.024812954499999998,0.02564672075,0.027307341,-0.023469795,-0.02002989825,-0.01741817125,0.01725460375,0.020495815,0.02431867175
2020-03-18,-0.0127201835,IV_COMBINED,-0.02433095925,-0.0222322275,-0.021899901,-0.02147905775,-0.02060804575,-0.019531447,-0.018070684,-0.01708148975,-0.016393063,-0.015788003125,-0.0144801155,-0.01389157075,0.01333973975,0.014383482999999999,0.015371202,0.016392945500000002,0.01721646025,0.01859393225,0.02002549125,0.02127819075,0.0227123295,0.023044086999999998,0.0236595785,0.02523263825,-0.02163634775,-0.01859531675,-0.0161545255,0.016067275,0.019054584,0.02258164475
2020-03-19,-0.012404952,IV_COMBINED,-0.02937447375,-0.02670243975,-0.026213435,-0.025844068,-0.02458905425,-0.023317321000000002,-0.021667811000000002,-0.02033897775,-0.019494757,-0.0188690465,-0.01750385825,-0.016560356249999998,0.015773079750000002,0.0169769455,0.01822787175,0.01949493,0.02033572,0.0222595815,0.024096557499999997,0.0255815385,0.027138567500000002,0.02755304375,0.02827839725,0.0301625505,-0.02596547125,-0.0222064605,-0.0193179115,0.019082035,0.02274796625,0.027051522
2020-03-20,-0.0015410179,IV_COMBINED,-0.0382602865,-0.034401518,-0.033215767,-0.03280542075,-0.0313682145,-0.030247314249999997,-0.0281126085,-0.02633244325,-0.0250942275,-0.02399247875,-0.02250678175,-0.0210355845,0.0205263625,0.02221588975,0.02408490025,0.02568415225,0.026617495249999998,0.02885254525,0.03081268725,0.033006667249999996,0.03546176525,0.035621914500000004,0.03683219225,0.038897846,-0.033416549749999996,-0.028600471250000002,-0.024822920249999998,0.02485146775,0.0295177605,0.035002232
2020-03-23,0.0071239406,IV_COMBINED,-0.03035250025,-0.027353644,-0.02667068175,-0.026209637,-0.02497896375,-0.02405735775,-0.02251418925,-0.02074751625,-0.0200612235,-0.019127239,-0.018109488,-0.017207611999999997,0.0169738085,0.01826721875,0.01955075975,0.02071028575,0.02156031475,0.023290541249999998,0.0249256145,0.02678886325,0.0288762805,0.02896074275,0.029728807,0.030969375,-0.0265904205,-0.022810193,-0.01984984225,0.020255543,0.023889499,0.02825778775
2020-03-24,0.0033566225,IV_COMBINED,-0.0352198585,-0.03132865225,-0.0308582315,-0.0304818335,-0.0287167955,-0.027538198,-0.025691137500000003,-0.023920252,-0.02293411825,-0.022060405499999998,-0.021052789,-0.01956814425,0.0193186335,0.020407085499999998,0.02237211775,0.02377671025,0.02458067925,0.026674273,0.0287583685,0.030714657,0.033092904,0.03321718725,0.03417031175,0.03575039525,-0.030657066000000004,-0.0261883875,-0.022827958,0.02308737775,0.0274014435,0.03249732575
2020-03-25,0.0036500145,IV_COMBINED,-0.0302776675,-0.027252934,-0.026865941,-0.02638903075,-0.0248064325,-0.023819253000000002,-0.02232781425,-0.0205271325,-0.0198261575,-0.018981972,-0.01815740225,-0.017214832,0.017263255499999998,0.018148408249999998,0.0196583585,0.020791103749999998,0.021618098999999998,0.02334772325,0.024836326,0.0266216585,0.0289762995,0.029120383,0.029747152,0.03098445425,-0.0265090635,-0.0226732595,-0.01974011875,0.020304889,0.0239427285,0.028233176999999998
2020-03-26,0.017286632,IV_COMBINED,-0.02436093925,-0.0216937295,-0.0216316935,-0.02128420275,-0.01980138275,-0.01901604175,-0.01784860275,-0.016239173000000003,-0.01575786125,-0.015017982000000001,-0.01432471075,-0.013730528125,0.01385229675,0.0146107925,0.01563333,0.0165911295,0.01722785425,0.01879947025,0.02002594575,0.02127489175,0.022845769250000002,0.0230440935,0.02351431575,0.02458376725,-0.021231260000000002,-0.018098674000000002,-0.015665686999999998,0.01627004275,0.019137698249999998,0.022448937500000002
2020-03-27,0.0032128997,IV_COMBINED,-0.0258473925,-0.0230306655,-0.022610704,-0.0223896575,-0.02100666825,-0.02014889,-0.0187913995,-0.017185066,-0.01655373975,-0.0158953835,-0.01509557125,-0.01418379775,0.014218877999999999,0.01500147125,0.016111188499999998,0.01723110875,0.017953581,0.019716393,0.021136013500000002,0.0223428605,0.02377413775,0.02392348175,0.024690997,0.02587757425,-0.0224846555,-0.01905796075,-0.0165017415,0.0168842265,0.0199921155,0.02356431575
2020-03-30,-0.0038140581,IV_COMBINED,-0.02082509675,-0.0183541805,-0.0181260945,-0.017900476499999998,-0.01686704025,-0.01619610175,-0.01515745475,-0.013826696,-0.013406739125,-0.01284258775,-0.012131332,-0.0113257435,0.01149863775,0.012195700375,0.0131027045,0.01409300375,0.0146568485,0.015960687125,0.0169891135,0.01820789,0.01905728725,0.01925543475,0.0197147495,0.02085009075,-0.01802857925,-0.01534261725,-0.013264492,0.013688600375,0.016191017,0.01896382575
2020-03-31,-0.00025191347,IV_COMBINED,-0.023436712749999998,-0.02076427575,-0.0204433505,-0.020102361,-0.01899059875,-0.01821612625,-0.016961016250000002,-0.015601611250000001,-0.01498497975,-0.01446916075,-0.013724218625,-0.01265459625,0.0125000425,0.0134599585,0.01437926675,0.01558966275,0.01622115425,0.017441314,0.0191140175,0.02033630275,0.02109875175,0.021392458750000003,0.02200862625,0.0233383605,-0.02030201475,-0.017241416,-0.01493314275,0.01513488775,0.01795172175,0.021179212
2020-04-01,-0.00742241,IV_COMBINED,-0.0222948515,-0.01982466125,-0.01942668475,-0.019154355,-0.01822613875,-0.017483206,-0.016293747375,-0.0148968615,-0.014258718,-0.013762243375,-0.01300902175,-0.01206540175,0.01196628675,0.012847648375,0.013705816499999999,0.0148930095,0.015504577249999998,0.016707741749999998,0.01808878,0.0194013715,0.02016883375,0.0203961015,0.02094310675,0.02231166975,-0.01939664225,-0.01647184375,-0.014243347125,0.01442262225,0.0171180425,0.02018275125
2020-04-02,-0.0064969556,IV_COMBINED,-0.021894485249999998,-0.019376768000000003,-0.019054373,-0.01886626225,-0.017926729250000002,-0.0171878105,-0.01602103425,-0.014667561625,-0.013996093875,-0.01353725475,-0.012818478125,-0.011850824,0.01176312375,0.0125556935,0.01343632525,0.0145700195,0.0151559625,0.01637829225,0.0176634495,0.0190719075,0.019768529,0.0200229575,0.02051358675,0.0218490015,-0.0190504105,-0.0161853745,-0.014012386,0.01411491125,0.0167581375,0.0197732955
2020-04-03,-0.0059071854,IV_COMBINED,-0.02268135,-0.0206083285,-0.02060531275,-0.01982714225,-0.018795516999999998,-0.0184078435,-0.0170004055,-0.015988011,-0.01561649725,-0.01504149775,-0.01369952625,-0.0128369245,0.0123755385,0.014153042625,0.015392204,0.015890311,0.01653929325,0.01748635225,0.01939678125,0.020404921,0.022130635750000002,0.022324226250000002,0.024058489000000002,0.026340936500000002,-0.02006403625,-0.0175236135,-0.01519476125,0.01557137125,0.01832739275,0.02246635325
2020-04-06,0.0008030614,IV_COMBINED,-0.017602705,-0.016188791,-0.0161276125,-0.0155167805,-0.014780944749999999,-0.01444331625,-0.01348722225,-0.01269774625,-0.01244752025,-0.011902885625,-0.010892430750000001,-0.0102102785,0.0100942125,0.011343867,0.01232044625,0.01270810275,0.01328997875,0.01392677625,0.015272255,0.0161592255,0.017504994,0.01759609175,0.019043122500000002,0.020725971250000003,-0.01570650675,-0.013840683125,-0.012029331125,0.012464151875,0.014558640875,0.017741113500000003
2020-04-07,0.0073089176,IV_COMBINED,-0.01668646675,-0.015258487125,-0.015258487125,-0.0146875175,-0.01388651025,-0.013580400749999999,-0.012677196625,-0.01196617825,-0.0117506175,-0.01121275425,-0.01024806475,-0.00961116775,0.0094163935,0.010558692750000001,0.011496124,0.0118840925,0.012387460999999999,0.012996588,0.01418204725,0.01510416225,0.016463105999999998,0.016504501249999998,0.017918892999999998,0.019398491,-0.01481987575,-0.013046576125,-0.011323713249999999,0.011608144,0.01359093825,0.01661333975
2020-04-08,-0.0020344905,IV_COMBINED,-0.01700756875,-0.01554366,-0.015527153,-0.014998031,-0.01415704675,-0.013796074,-0.0128515205,-0.01215822075,-0.01190939475,-0.011412782375,-0.010453503125,-0.0098132415,0.00954764,0.01065326375,0.01160830925,0.0120294045,0.01250721575,0.013168495875,0.0143838645,0.015313181499999998,0.01674231525,0.0167742865,0.018237048999999998,0.019737546,-0.015100476000000002,-0.01324847225,-0.0115267645,0.01174005875,0.013772653,0.01688279225
2020-04-09,0.0061071063,IV_COMBINED,-0.0168356405,-0.015333488999999999,-0.01529499825,-0.014787606125,-0.014007120500000001,-0.01353457475,-0.012703567249999999,-0.0120128365,-0.011743429,-0.011264985,-0.010296138375,-0.0096935015,0.0093669295,0.010486342999999999,0.0114086395,0.0118146375,0.01226736875,0.01298229025,0.01412822525,0.01510867075,0.0165005035,0.01660691075,0.01797320125,0.01937451775,-0.014899686749999998,-0.01305788075,-0.011360407624999999,0.011531501,0.0135598865,0.016617023
2020-04-14,0.0036300332,IV_COMBINED,-0.016048925,-0.014656591,-0.01460415175,-0.014129564375,-0.01329957175,-0.012911153,-0.012080721124999999,-0.011475785625,-0.01118103975,-0.010734395,-0.00985933775,-0.00927243,0.008940896375,0.00997059575,0.010849612625,0.01123239875,0.011693687749999999,0.012378281750000001,0.013444758375000001,0.014390644625,0.01567530775,0.01577314625,0.01705611825,0.018432998,-0.014209161000000001,-0.012450570250000001,-0.010850619875,0.01097991025,0.012904455125,0.01579996525
2020-04-15,-0.0056722895,IV_COMBINED,-0.015877956,-0.014476070125,-0.014411009374999999,-0.013962385875,-0.013096466250000001,-0.01273804225,-0.011910868,-0.011332990125000001,-0.011009445375,-0.010592111,-0.00972682675,-0.00918096675,0.008797303,0.00979222,0.01064579925,0.011049180125,0.01148225025,0.01220472925,0.013254124249999999,0.01417814725,0.015446596,0.015569713749999999,0.01681099075,0.0181219435,-0.014030184000000001,-0.012280470625000001,-0.010714187125,0.01079433925,0.0127119995,0.01556236025
2020-04-16,-0.0061911163,IV_COMBINED,-0.01666061175,-0.015180782,-0.01511712375,-0.01465155425,-0.0137304835,-0.0133399805,-0.01247784875,-0.01184911225,-0.01147057475,-0.011098272,-0.010193427750000001,-0.00961889075,0.00915609125,0.01020552925,0.01106552375,0.0114921285,0.011966746,0.0127693675,0.013891532500000001,0.01483365575,0.016164401,0.016298570999999998,0.01758786075,0.018945814499999998,-0.014712683,-0.012850928000000001,-0.011219937,0.011257084375,0.013283668875000001,0.0162846525
2020-04-17,0.00390581,IV_COMBINED,-0.01733827625,-0.01582820175,-0.015772988,-0.015259848,-0.014301806125,-0.01390365675,-0.012980051499999999,-0.01230721325,-0.0118823505,-0.01154984025,-0.01061747425,-0.01000816375,0.009498754,0.010580238624999998,0.011440381999999999,0.011880575875,0.0124074385,0.013274114125,0.014477634999999999,0.01543381225,0.016769107,0.016912638,0.0182675005,0.019684871,-0.015326358125,-0.01336925225,-0.0116772695,0.01168089,0.01379048075,0.01692658525
2020-04-20,-0.0009767477,IV_COMBINED,-0.014004186375,-0.0128516675,-0.01279935275,-0.012345465875,-0.0115731995,-0.0112966045,-0.010528741125,-0.01010032,-0.009774095,-0.00938835775,-0.008663054175,-0.00813664725,0.00787580585,0.008654575,0.009417087,0.009719752,0.01015912925,0.010820460625,0.011711388125,0.012629162,0.013597,0.013737409375,0.01479529875,0.015984810000000002,-0.012414225125000001,-0.01089982225,-0.00951699675,0.00956359675,0.01122962775,0.013743532125
2020-04-21,-0.0017144866,IV_COMBINED,-0.01491522025,-0.0136336835,-0.01352675375,-0.0130780835,-0.012236255875000001,-0.011927726625000001,-0.0111389755,-0.0106162365,-0.01023666275,-0.009890267875,-0.009110707249999999,-0.008577133925000001,0.00819964775,0.00905142325,0.0098194705,0.010210624750000001,0.01064388925,0.011367385375,0.012337043375,0.013297531750000001,0.014365228,0.014543141749999999,0.0156088645,0.016832126250000003,-0.013158193625,-0.01148927125,-0.0100244145,0.0100102945,0.011820417125,0.014488159
2020-04-22,-0.0023221155,IV_COMBINED,-0.01498214825,-0.013718096124999999,-0.013566554875,-0.0131174905,-0.01234827825,-0.0119891245,-0.011211388249999999,-0.010668350375,-0.010263640000000001,-0.00993509675,-0.009133869999999999,-0.00860497985,0.0082482226,0.00910382475,0.009829769875,0.01025555075,0.010699591625,0.011421286624999999,0.01241119325,0.013414292750000001,0.01445145225,0.01463620075,0.01568719075,0.0169168975,-0.013231027749999999,-0.011539812,-0.01006628425,0.01005852025,0.011884763999999999,0.01457620575
2020-04-23,-0.001388464,IV_COMBINED,-0.01577969475,-0.014484680625,-0.014265157625,-0.0138367785,-0.0129942515,-0.012672368,-0.01181501175,-0.01119814525,-0.010750753,-0.01048131,-0.00961247025,-0.009069125625,0.008625974,0.009527111000000001,0.010244535249999999,0.010717151375000001,0.011184724875,0.01196945825,0.013071189,0.01408518675,0.015107772875000001,0.01527064275,0.016464317500000002,0.017712835,-0.013953554375,-0.01214028725,-0.010606684,0.010530706375,0.01244263275,0.0152882605
2020-04-24,-0.0015038397,IV_COMBINED,-0.01733749575,-0.01591627825,-0.015628450250000002,-0.0152035635,-0.014318448000000001,-0.013962550375,-0.012993573,-0.01226379175,-0.011737384,-0.0114974385,-0.01052397375,-0.009929162,0.009387867000000001,0.01040028775,0.01112088725,0.01166874625,0.012209142749999999,0.01308797675,0.014383290625,0.015488747375,0.01652747,0.01670098,0.018023437,0.01941045475,-0.015347668,-0.01331715025,-0.0116353835,0.01150029475,0.01361002675,0.0167666805
2020-04-27,0.002876143,IV_COMBINED,-0.01376776025,-0.0127745155,-0.012525876625,-0.0121835425,-0.011435744874999999,-0.011227614375,-0.01039540625,-0.00997174675,-0.009543048,-0.009241358,-0.008527862825,-0.008006370575,0.007743490875,0.00846803325,0.0091019575,0.009464776999999999,0.009928744375,0.01056984375,0.011524555625,0.012518306,0.0132802255,0.013356381,0.014483497,0.0156245135,-0.012277835625,-0.010732738625,-0.00939498975,0.00935335675,0.0109688605,0.01348621925
2020-04-28,0.00070851686,IV_COMBINED,-0.014237482749999999,-0.013211766,-0.01289511675,-0.0125872545,-0.0117627425,-0.011554001500000001,-0.010689924375,-0.010214451874999999,-0.009753179375,-0.009488959375,-0.00873030275,-0.008207336575,0.0078652979,0.0086198985,0.00926010775,0.009681265500000001,0.01012533425,0.0108133605,0.01179444075,0.012838999,0.01362905175,0.013695690625,0.014844078,0.0160262795,-0.01267064925,-0.01102133475,-0.00963901075,0.00953301625,0.0112220185,0.0138265695
2020-04-29,0.001507677,IV_COMBINED,-0.014629630000000001,-0.013585209375,-0.013217673249999999,-0.01290966725,-0.01210292275,-0.01185817625,-0.0109670175,-0.010467184000000001,-0.009972239,-0.0097300925,-0.008930723000000002,-0.0084173061,0.008038270225,0.00883146075,0.009459335,0.00990619275,0.010358875875,0.0110776945,0.012103509375,0.013170104,0.01395954325,0.01402576425,0.015212289249999998,0.016413320749999998,-0.01301712125,-0.01129645875,-0.009880696625000001,0.009758290125,0.011494407,0.014171753375
2020-05-04,0.0053117434,IV_COMBINED,-0.015616917000000001,-0.014362067,-0.013988975125,-0.013382034375,-0.012690808500000001,-0.01226191825,-0.011758980875,-0.010909967750000001,-0.00986552475,-0.009481110000000001,-0.00883338475,-0.00832496415,0.008151347125,0.008444229625,0.009552195,0.0100095865,0.01044180875,0.011617623125,0.012781280249999999,0.01330871525,0.013512524000000001,0.01443105,0.014640864,0.016161953,-0.013662748875,-0.0117570735,-0.009962269,0.00987417225,0.0118562695,0.014081067625
2020-05-05,-0.0061344597,IV_COMBINED,-0.01590329375,-0.014716007625,-0.01430390925,-0.01370917725,-0.012989259874999999,-0.01257935075,-0.01207161225,-0.0111667495,-0.010064985875,-0.009716802625,-0.00907610275,-0.008563204750000001,0.008300200375,0.00864128375,0.00978457875,0.01024957575,0.01069708925,0.01186071725,0.0130880665,0.01365781425,0.013853814375,0.014735204750000001,0.01495154125,0.0165486175,-0.013979418125,-0.012037321375,-0.01022044225,0.010102244,0.012126131,0.014419971
2020-05-06,-0.0034989095,IV_COMBINED,-0.01501684975,-0.01384525675,-0.013441272875,-0.01282644925,-0.012136435499999999,-0.011756711999999999,-0.01128375825,-0.010443274625,-0.009448955,-0.009116055500000001,-0.00856352425,-0.00805684965,0.0078466636,0.008108934425,0.00921376475,0.009691157375,0.0100218045,0.011143700749999999,0.0122958695,0.01283896725,0.012956317125,0.0137964585,0.014048231250000001,0.015541349999999999,-0.0131163405,-0.01127479475,-0.009587282749999999,0.00949740725,0.011389798375000001,0.013536147
2020-05-07,0.00080248195,IV_COMBINED,-0.01425927875,-0.0130701755,-0.0127119675,-0.01210656575,-0.011455044875,-0.011115216,-0.01061846025,-0.0098538905,-0.00890095525,-0.00860515025,-0.008079519,-0.007614097175,0.0074395653249999995,0.00766378025,0.00874817725,0.009205185250000001,0.00947297175,0.01051587925,0.011657225,0.01217716675,0.01227387375,0.01308211475,0.0133137535,0.01473879725,-0.01240125625,-0.010640097749999999,-0.009053574875,0.0089963435,0.01078667475,0.01283216325
2020-05-08,0.0035997657,IV_COMBINED,-0.014974653374999999,-0.013787924,-0.013411169875,-0.012808756625,-0.01210096325,-0.011741030250000001,-0.01123689125,-0.01040579675,-0.0093788285,-0.009073910625,-0.008506613,-0.0080182945,0.007803591550000001,0.008060618375,0.0091996445,0.009662095499999999,0.009962464,0.011066725999999999,0.012282576375,0.01283994325,0.0129507435,0.0137490925,0.0140037605,0.01550837075,-0.01308266525,-0.011234743,-0.00954912875,0.009461779,0.011344591000000001,0.013517079
2020-05-11,-0.0033408888,IV_COMBINED,-0.011511172,-0.010400584000000001,-0.0100588525,-0.009491159,-0.00896292275,-0.008762674,-0.00825264625,-0.007756526,-0.007045064525,-0.006761974525,-0.00636675325,-0.006033406075,0.006006442675,0.006156546625,0.007049193275000001,0.007448875425,0.0076154319000000005,0.00835186575,0.009329899249999999,0.009793226,0.00982114525,0.010529921625,0.01069696575,0.01178922725,-0.00982570225,-0.008375152625,-0.0071362667,0.0072315028,0.008655199,0.0102860925
2020-05-12,0.004254918,IV_COMBINED,-0.013295916750000001,-0.01205437725,-0.011764151375,-0.011134551999999999,-0.01054360075,-0.01027010425,-0.0097144175,-0.009052771250000001,-0.00814374525,-0.0078701895,-0.007394533675,-0.006967747775,0.006872334,0.007046802275,0.0081226147,0.00854585575,0.00876581775,0.009699037125,0.010820513,0.01132040025,0.01141292225,0.012200872125,0.01237735125,0.013678319500000001,-0.01145971,-0.00978903825,-0.008311069575,0.008325616325,0.010006418999999999,0.011921901
2020-05-13,-0.002518478,IV_COMBINED,-0.012942406,-0.0117651105,-0.01143915975,-0.01082918,-0.0102538235,-0.009979717,-0.009464465375,-0.0088184155,-0.007941905400000001,-0.007669634749999999,-0.007203679025,-0.00680856775,0.006713362125,0.006884418475,0.007925352075,0.008357188425,0.008553283,0.009443789,0.010557172,0.011059264,0.011129033375,0.01183979775,0.012068164,0.0133125515,-0.01115404725,-0.00952873225,-0.008096003,0.0081267175,0.00975024575,0.011625236875
2020-05-14,-0.0034458048,IV_COMBINED,-0.0130865085,-0.01189031175,-0.011572955624999999,-0.0109606145,-0.010383475375,-0.0101076225,-0.009569569375,-0.00891848425,-0.008023273125,-0.00775982645,-0.007296118925,-0.00687415435,0.006772236075,0.006945265025,0.008001425375,0.00843233275,0.00864952775,0.00955858775,0.01067720975,0.01118012725,0.011267046999999999,0.01197286275,0.01221903175,0.0134380525,-0.0112857065,-0.009638381250000001,-0.0081912416,0.00820913275,0.00985810425,0.011756293625
2020-05-15,0.0015545087,IV_COMBINED,-0.01288582775,-0.011711985250000001,-0.011397448,-0.01077450825,-0.01020405075,-0.00992807075,-0.00942064775,-0.00878275125,-0.007887143675,-0.00763552545,-0.00717662245,-0.0067845079,0.00667981565,0.006850930925,0.00788661125,0.008320568625,0.00850328475,0.0093877605,0.010530653375,0.011037665,0.01110302275,0.011772414875,0.01202896725,0.01323058725,-0.01110088875,-0.009483212375000001,-0.0080614954,0.008090259175,0.00970293625,0.01158617925
2020-05-18,0.008087368,IV_COMBINED,-0.01106628225,-0.0099563715,-0.009623821000000001,-0.00904354875,-0.008540322749999999,-0.008365243,-0.007862885875,-0.00738175955,-0.006694841175,-0.006422111675,-0.0060341435749999995,-0.005728194325,0.0057513991,0.0058757089250000005,0.0067442849,0.0071412026750000005,0.007304221025,0.007968213574999999,0.00896057825,0.0094213255,0.009467278749999999,0.0100834085,0.0102949265,0.01124513375,-0.0093943545,-0.007985709575,-0.0067862902,0.00692723815,0.008291524675,0.00987784875
2020-05-19,0.0030334098,IV_COMBINED,-0.0126959985,-0.01147854575,-0.0111501915,-0.010518409874999999,-0.009965033,-0.00970729325,-0.009192886125,-0.00856142325,-0.00770765175,-0.0074258626,-0.006979024275,-0.006592645725,0.006548544125,0.0066904392,0.007725428575,0.00813487975,0.00835886635,0.00920505625,0.010321998875,0.0107976105,0.01090190925,0.01156600825,0.011812465000000001,0.01293000175,-0.010873055999999999,-0.00926388925,-0.007853250150000001,0.0079290552,0.009517362,0.01135279675
2020-05-20,0.0039080954,IV_COMBINED,-0.01299248825,-0.0118737525,-0.011522407875,-0.010905412375,-0.0103496585,-0.010100109749999999,-0.009660802,-0.008973986,-0.0080723471,-0.0076617313,-0.0073446809,-0.0068512836,0.006755464225,0.0069910614999999995,0.007971501325,0.008341171325,0.008687656625,0.00950586525,0.01061031625,0.011101197,0.011295392625,0.01190799025,0.0123569245,0.013415999,-0.0112442845,-0.009665930875,-0.008186358250000001,0.008203199625,0.0098106,0.011755966375
2020-05-21,-0.0025238001,IV_COMBINED,-0.01320265375,-0.01218411275,-0.01178795875,-0.011156517500000001,-0.01061662,-0.010317409,-0.00992665025,-0.009241572,-0.008281474125,-0.0077679036,-0.00746064085,-0.00692938515,0.006811938675,0.0070749363,0.00810813225,0.008353113,0.008948767875,0.00967147425,0.010938663500000001,0.01141960475,0.011623244,0.012201889,0.01260318625,0.01364991125,-0.0114954625,-0.00991101275,-0.008343382375,0.00837648775,0.0100227815,0.012046921875
2020-05-22,-0.0053513274,IV_COMBINED,-0.013104781749999999,-0.01244783625,-0.01220800625,-0.01145743025,-0.0109556955,-0.009856559,-0.0095962565,-0.009075936,-0.008481283874999999,-0.00755461625,-0.00741383625,-0.0068916618499999995,0.00640475495,0.00787671885,0.00864913555,0.008782639,0.009862020925,0.010658951625000001,0.01261689775,0.0130824325,0.013260177,0.013789862,0.0142183035,0.014833876874999999,-0.011564460625,-0.00984360825,-0.00815852215,0.00908190525,0.011142074125000002,0.013602337374999999
2020-05-25,0.00017899269,IV_COMBINED,-0.01116942875,-0.01062792175,-0.01042214075,-0.00975059,-0.009301031875,-0.008307688125,-0.0081137366,-0.007774150775,-0.007288428374999999,-0.0064384896499999995,-0.006317487574999999,-0.005865746425,0.005481491925,0.0070000945,0.0075382995,0.0076306874,0.008725132425,0.009482201675,0.0110444264,0.011506858,0.0115959775,0.01204321975,0.0125148135,0.012928264750000001,-0.009831332500000001,-0.008381229075,-0.0069407125,0.007957888875,0.0097851335,0.011918068
2020-05-26,0.0067780903,IV_COMBINED,-0.01161246,-0.010500844375,-0.0102465805,-0.009630791875,-0.0091575955,-0.0089219945,-0.008492084,-0.007948507875,-0.007130196625,-0.00675080725,-0.0065043848,-0.0060415516749999995,0.006046563125,0.006249249625,0.007153110125000001,0.007477306375,0.007810987625,0.008525974825000001,0.009464901375000001,0.00992995875,0.010084377,0.01069456775,0.011124700125,0.011996456249999999,-0.0099647375,-0.00854787225,-0.0072334489999999994,0.0073449622249999996,0.00879474775,0.010520079
2020-05-27,-0.00012991557,IV_COMBINED,-0.0123336365,-0.01121561925,-0.010936568,-0.010304982,-0.00977963375,-0.00955323425,-0.0090866525,-0.00848393215,-0.0076213945,-0.0072319865,-0.006953318475,-0.006458790775,0.0064045223,0.006621068025,0.007574036475,0.00793622905,0.008290810650000001,0.009049714125,0.010066117,0.010536074749999999,0.010725893625,0.011334243625,0.011794612999999999,0.012725463875,-0.010637421000000001,-0.009136356125,-0.00773625255,0.00779131075,0.0093354225,0.011169633
2020-05-28,0.009148439,IV_COMBINED,-0.013559744375,-0.01251097975,-0.01208361025,-0.0114085965,-0.0107947415,-0.010531816999999999,-0.010158283,-0.00937457925,-0.00842472475,-0.00800328525,-0.007647061074999999,-0.00720128615,0.00704148565,0.007303753125,0.008318373,0.00871486525,0.00902074525,0.009880519,0.0111215725,0.01163194325,0.01183908725,0.012373064750000001,0.01288652975,0.013978661875,-0.011761176125,-0.01011460275,-0.008551605575,0.008561186,0.01022215275,0.012291559
2020-05-29,0.0034339617,IV_COMBINED,-0.013835762125,-0.012776047625,-0.01236631475,-0.011763328625,-0.011133341125000001,-0.010871546125,-0.0104080685,-0.0096295545,-0.00867148425,-0.0082652395,-0.00791536475,-0.00738616,0.007186617199999999,0.007465064,0.008473402225,0.00889128825,0.009244076625,0.01013938375,0.0113829885,0.011884299000000001,0.01209897025,0.01268803625,0.01315622725,0.0143256735,-0.0120760055,-0.01038939375,-0.008813573,0.00875042925,0.01046915475,0.012569632
2020-06-01,0.0014282808,IV_COMBINED,-0.011507452500000001,-0.01056998975,-0.01019543275,-0.009608353,-0.00911930725,-0.0089089155,-0.008506052375,-0.0079489291,-0.007185260675,-0.0068216974,-0.006534836125,-0.0060460182749999996,0.006069509475,0.006286977825,0.007157336675,0.0074472140499999995,0.0078008593,0.0085505325,0.009449039250000001,0.009949677625,0.010099172125,0.010566296,0.01111138925,0.01193966175,-0.0099428035,-0.008548917999999999,-0.007252079225,0.007352744775,0.0087627885,0.010509787875000001
2020-06-02,0.0038853819,IV_COMBINED,-0.01270055525,-0.01159456325,-0.01127678575,-0.0106495525,-0.010127404125,-0.009889514625,-0.009416589500000001,-0.008764528875,-0.007909679,-0.007506873475,-0.007199516475,-0.00667968805,0.006609423,0.006830992375,0.007797337375,0.00814058975,0.008507893400000001,0.0093437795,0.010387069,0.01085181825,0.01105389625,0.011676230499999999,0.012120779,0.013118295625,-0.010992317750000001,-0.009451419499999999,-0.008008024150000001,0.008026543,0.00961111225,0.011506371500000001
2020-06-03,0.007145732,IV_COMBINED,-0.013306157249999999,-0.012205854875,-0.011853299250000001,-0.011224575,-0.010655904,-0.0104045655,-0.00993556975,-0.0092163405,-0.00833088385,-0.007900295375,-0.007565255925,-0.007041304675,0.006922545675,0.00716662685,0.008159660425,0.00853889025,0.0088976035,0.0097642765,0.010905342125,0.01138553375,0.0115967875,0.01221616075,0.012681088125,0.013782957,-0.011559411,-0.00994813175,-0.0084255524,0.008410356175,0.0100644545,0.012070342
2020-06-04,0.0066711446,IV_COMBINED,-0.018208492,-0.016302801375000002,-0.015455513249999999,-0.014656665749999999,-0.0143936535,-0.013934152,-0.01298633775,-0.011820998,-0.011219074999999998,-0.01049668125,-0.009884938749999999,-0.009138995875,0.0086391455,0.00920427225,0.010531920625,0.01093247625,0.01169687925,0.012480954375,0.013885027749999999,0.014873683875,0.0156094365,0.015690798625,0.016260409125,0.017732803,-0.015499153,-0.013083215125,-0.011055152875,0.010791449,0.012937227499999999,0.01567227125
2020-06-05,-0.0022593485,IV_COMBINED,-0.01790779025,-0.01606549025,-0.015159044,-0.0145214165,-0.01418895125,-0.01379273025,-0.012849363249999999,-0.01167598375,-0.011098580375,-0.010408749625,-0.009743143499999999,-0.009089780125,0.008565276625,0.009089898249999999,0.01035793925,0.01078884425,0.011533377625,0.012356160750000001,0.01368029975,0.01464386075,0.015241301124999999,0.0154436515,0.015940128249999998,0.017482596,-0.01529527625,-0.01291514075,-0.0109420775,0.010645358375,0.012760466750000001,0.015397637249999999
2020-06-09,0.0045708865,IV_COMBINED,-0.01227222825,-0.011070586,-0.010517288625,-0.010156685375,-0.009988595125,-0.00965701075,-0.00886442165,-0.008085119,-0.007694418750000001,-0.007208537925,-0.006589529675,-0.006207292275,0.00618266205,0.00659360645,0.0072189819249999995,0.007637727375,0.008127498875,0.008773399875,0.00956006275,0.010286741375,0.01072597775,0.0109346345,0.011303636375,0.01238345125,-0.010629021125,-0.008963651750000001,-0.007549497675,0.0075365628,0.00900666475,0.010851974
2020-06-10,0.0006034724,IV_COMBINED,-0.01525312925,-0.0136376715,-0.0129181785,-0.0123714655,-0.012090542749999999,-0.011684878249999999,-0.01091467875,-0.00990320925,-0.009396216,-0.00883984425,-0.0081688,-0.007654295175,0.0073765727,0.007852082175,0.008832332699999999,0.0092507585,0.0098652995,0.01054889,0.01163454625,0.01253775775,0.013113212625,0.013355054125,0.013705390125,0.015070456250000001,-0.013007538,-0.010963431875,-0.009250205125,0.009112166925,0.01093091,0.01321227275
2020-06-11,0.0021158815,IV_COMBINED,-0.01751418625,-0.015686657,-0.014807344,-0.0141809815,-0.013822155499999999,-0.01340002725,-0.0125643545,-0.01139637,-0.010834821,-0.010193653875,-0.00948211875,-0.00884708275,0.008355739899999999,0.008875557650000001,0.0101162055,0.010555857875,0.01129169775,0.011972562499999999,0.01336206275,0.01429466675,0.014901959499999999,0.015154721,0.0155883995,0.01717220025,-0.01492080175,-0.01260058375,-0.010663850249999999,0.01040025275,0.01246738025,0.0150638575
2020-06-12,-0.0111797685,IV_COMBINED,-0.018128031750000002,-0.016237638999999998,-0.01534945975,-0.01473416875,-0.014332084,-0.01390912125,-0.01297454275,-0.011829468375,-0.01121160425,-0.01055281275,-0.0098192965,-0.009193583,0.00869164825,0.00922155925,0.010510454124999999,0.01095470375,0.011658288374999999,0.012498678499999999,0.01389323475,0.0148128795,0.015307401,0.015700189,0.0161120565,0.01769981925,-0.0154682085,-0.013054839625,-0.0110608565,0.0107950375,0.012941019125000001,0.01556507725
2020-06-15,0.0015407674,IV_COMBINED,-0.0147810355,-0.0132485685,-0.01257429775,-0.01212436375,-0.0118095965,-0.011425916125000001,-0.01059885375,-0.00969567,-0.0091863865,-0.008655298175,-0.007951850675,-0.007498511875,0.007293814475,0.007719651825,0.00861473825,0.009085978,0.009619748000000001,0.0103105475,0.01138947725,0.012170197375,0.012628285749999999,0.01298037725,0.0133126735,0.01467597425,-0.012677896125000001,-0.01069622475,-0.009045449075,0.008927486,0.01067722575,0.012835321625
2020-06-16,-0.0010054479,IV_COMBINED,-0.016414375250000002,-0.01465149,-0.0139179455,-0.013352352625,-0.012974519,-0.01254151175,-0.0117270345,-0.0107031775,-0.0101262095,-0.00956870825,-0.0088411327,-0.008286991550000001,0.00792329525,0.008382012625,0.00947857285,0.009953767125,0.010582770375,0.011254302,0.01251519,0.01337810625,0.01395338025,0.01432294875,0.01463890725,0.01617971525,-0.013986849749999999,-0.01180317575,-0.00998830375,0.0097763685,0.01172579575,0.01413305975
2020-06-17,-0.0035415355,IV_COMBINED,-0.01600574975,-0.01426307675,-0.01348675175,-0.013039004625,-0.01267051925,-0.0122200925,-0.011460657374999999,-0.010396575,-0.00984729025,-0.0093093245,-0.008562406875,-0.0080678765,0.0077377552500000005,0.008212047,0.009233757375,0.0096801515,0.01033181825,0.011007740125,0.012193349749999999,0.013051079625,0.013548526875,0.013966830625,0.014204520875,0.015734526,-0.013639688125,-0.011482273500000001,-0.00971125525,0.00954174575,0.01143597775,0.01374640075
2020-06-18,-0.0002563134,IV_COMBINED,-0.01591020025,-0.014203235,-0.013396519499999999,-0.012973354,-0.01260073925,-0.012148476875,-0.011418834249999999,-0.0103309785,-0.009813177624999999,-0.0092739975,-0.008511152325,-0.008030476125,0.007687556575000001,0.008166857075,0.009192066125,0.009628531999999999,0.01029086575,0.01094546625,0.0121327795,0.012980517875,0.01346309775,0.013883566,0.01411630275,0.01565276975,-0.01356720075,-0.01142159725,-0.0096590165,0.009494025,0.01137624175,0.01366909375
2020-06-19,-0.002394687,IV_COMBINED,-0.015335086250000001,-0.01372167325,-0.01295444775,-0.0125347785,-0.01218744675,-0.011757723000000001,-0.010991450375,-0.009987603,-0.00948463175,-0.008950547375,-0.00822689675,-0.0077559485,0.0074474154,0.007895009,0.008872134875,0.009323788749999999,0.009940904625,0.0105823705,0.01172496475,0.012541937,0.0130460695,0.01341511925,0.0136572805,0.015171486625000001,-0.013107341500000001,-0.011035171,-0.00933574325,0.0091760855,0.0109974295,0.013228348000000001
2020-06-22,0.006392374,IV_COMBINED,-0.011603787875,-0.010449352625,-0.009902376000000001,-0.009665347500000001,-0.00946313575,-0.009097942500000001,-0.008338283625,-0.007628353075,-0.00727021915,-0.00680085705,-0.006189898100000001,-0.00581570495,0.0058326454,0.006293214175,0.00683222285,0.007189249050000001,0.007699938700000001,0.00831543675,0.00901783225,0.009768989,0.0101161955,0.010438818625,0.010657169,0.011745836,-0.0100559135,-0.008447435075,-0.0071065512249999995,0.007135170725,0.008532254999999999,0.010261204375
2020-06-23,0.005521916,IV_COMBINED,-0.013992019,-0.01253195975,-0.011867161625,-0.011451292625,-0.011181001,-0.010743899,-0.009979789874999999,-0.00909217225,-0.00862526375,-0.008096023125,-0.0074662148999999995,-0.0069984980499999995,0.0068399098749999995,0.007283105525,0.00813426725,0.008530537,0.00909488675,0.009733955875,0.01071263725,0.011561553249999999,0.0120569285,0.01233811825,0.01260711275,0.0139453285,-0.01198003425,-0.010061657,-0.008479361675,0.008412960925,0.010082027,0.012176712375
2020-06-24,-0.0045920825,IV_COMBINED,-0.015022491,-0.01344913225,-0.01275051975,-0.01226543475,-0.01197303875,-0.011539074,-0.010673915,-0.009767313,-0.009248941,-0.008682405325,-0.008058521625,-0.007546468725,0.0073195905000000006,0.007747584,0.008716278175,0.00915042655,0.00973001125,0.010395853375,0.011512719,0.01232801625,0.0129079995,0.0131547655,0.013460586625,0.01489433925,-0.01284983475,-0.01079595275,-0.0091187565,0.009005236375,0.010788754625,0.01302073225
2020-06-25,-0.0045196787,IV_COMBINED,-0.0158507685,-0.01416040525,-0.013454276625,-0.012901142249999999,-0.01259013075,-0.01215008525,-0.011243381125,-0.010291396500000001,-0.0097559015,-0.00916650725,-0.0085286355,-0.00796006785,0.0076793186749999996,0.008116675325,0.00917853175,0.009614191875,0.0102271605,0.01090479975,0.012125914,0.01293935825,0.01355075875,0.01380049325,0.01412254775,0.01562961975,-0.01353050675,-0.011379008,-0.009619338375,0.00946551975,0.011334512,0.01367364
2020-06-26,-0.00047025838,IV_COMBINED,-0.0135063515,-0.012102495500000001,-0.011547737374999999,-0.011101854125000001,-0.010861866875,-0.01045936925,-0.009595501749999999,-0.00881725175,-0.00836431475,-0.00784633865,-0.0072571121,-0.00678307905,0.006697191425,0.007073929675,0.00786315475,0.008310271250000001,0.00882093275,0.0094395275,0.01039057,0.011155649375,0.011687213,0.0119130885,0.012235305,0.013538102,-0.011606387749999999,-0.00975683475,-0.00823263035,0.008169155899999999,0.009774878,0.01180136775
2020-06-29,0.001933108,IV_COMBINED,-0.010963624750000001,-0.009824721750000001,-0.0094688181,-0.009113656,-0.0089832795,-0.008625128499999999,-0.0077764041749999995,-0.007204335,-0.00682042715,-0.006367800275,-0.005886167575,-0.005446042225,0.00557395355,0.00596081035,0.00647087285,0.006848445275,0.007320580625,0.007870571775,0.0085382365,0.0092731065,0.00976047975,0.009947684,0.0102191605,0.01123220675,-0.009502081625,-0.007979022675,-0.006705894925,0.0067728906750000005,0.008105103625,0.009804637750000001
2020-06-30,9.78922e-05,IV_COMBINED,-0.012829103500000001,-0.0114651565,-0.01100992425,-0.010520637375,-0.010326753,-0.0099090205,-0.009038415499999999,-0.008332579875,-0.00786789515,-0.00735143385,-0.006842529675,-0.006343495675,0.006376551,0.006762699225,0.007500917875,0.007887288650000001,0.008378347875,0.00900459525,0.00986052475,0.01069747775,0.0112567485,0.011412298500000001,0.01174548625,0.012911052249999999,-0.011010134500000001,-0.00923156705,-0.007755812125000001,0.0077758085,0.009308611,0.01129425775
2020-07-01,0.0018847801,IV_COMBINED,-0.01295927025,-0.01159980425,-0.011138301875,-0.0106463275,-0.010459673,-0.01004961525,-0.009138388125,-0.008433310375,-0.007961310749999999,-0.007435584049999999,-0.006932891525,-0.006450175,0.006455479325,0.0068269171,0.0075850890499999995,0.007997336625,0.008473232399999999,0.00912277375,0.009988616875,0.01080288275,0.011372691,0.011501016749999999,0.011858840375,0.01302973825,-0.01114293775,-0.00934418525,-0.0078603155,0.00786586695,0.0094165955,0.011410554
2020-07-02,-0.0019826724,IV_COMBINED,-0.01360083375,-0.012159684875,-0.011668831250000001,-0.01112970725,-0.01093401825,-0.010519864,-0.0095913985,-0.008836297075,-0.0083491405,-0.00780606515,-0.0072932420250000005,-0.006772484475,0.00671493405,0.0070895998000000005,0.00793221405,0.00834779575,0.0088487709,0.0095114765,0.01044739525,0.01127172675,0.01187871625,0.011988107875,0.012368273249999999,0.013621689125,-0.011668821375000001,-0.009793106625,-0.008245591,0.0082065829,0.009828709125,0.011917559625
2020-07-03,0.0006183398,IV_COMBINED,-0.0118767545,-0.01063988775,-0.010222170249999999,-0.009799077875,-0.009670831375000001,-0.009277569375,-0.008410371125,-0.00774837175,-0.007335336125,-0.006837588825,-0.006343957275,-0.00589458715,0.005956981775,0.006349520275,0.006974419325,0.007348258425,0.007827673625,0.0084592995,0.0091902345,0.009987758250000001,0.010500659249999999,0.01062296675,0.0109514795,0.012022330375,-0.010252824,-0.00859876375,-0.0072204147,0.007259765925,0.008689686675,0.010530492375
2020-07-06,0.005614255,IV_COMBINED,-0.008933624375000001,-0.0083787046,-0.0081432405,-0.008085690475,-0.00758781855,-0.007322140425,-0.00691097125,-0.0064008051,-0.005959141075,-0.005630873925,-0.005185691625,-0.004866078125,0.00515822445,0.005703683375,0.006029585225,0.006237304225,0.0066459306499999996,0.0070064025,0.00764980915,0.00819621335,0.008503790625,0.009042990125,0.0093854295,0.010135266125,-0.008061595625000001,-0.0069472596250000004,-0.00588111765,0.006237446475,0.007316487425,0.008774101675
2020-07-07,-0.000778613,IV_COMBINED,-0.01155300575,-0.01092697275,-0.0105529205,-0.010415322749999999,-0.009841679499999999,-0.00951825375,-0.008852287125,-0.008162649125000001,-0.0076795033750000005,-0.0072128078250000005,-0.0066055751,-0.00626754955,0.006354241300000001,0.007063456825,0.0075442051,0.007966936075,0.008336028124999999,0.0089344955,0.009657555875,0.0102681715,0.01079806875,0.011512302875,0.011910147125,0.01273849325,-0.01045104675,-0.0089531225,-0.0075533673499999995,0.00779109735,0.009281464125,0.01107448725
2020-07-08,0.0026805669,IV_COMBINED,-0.011419857625,-0.0108265385,-0.010478085,-0.0103359835,-0.00972350475,-0.00940973025,-0.00876439625,-0.008091969125000001,-0.0076247213,-0.007176362725,-0.00657573735,-0.00621869925,0.0063098419,0.007021191525,0.007478192325,0.0078539716,0.008248660174999999,0.0088048815,0.00955222925,0.01012824425,0.0106756005,0.01135659875,0.01173513575,0.012533883124999999,-0.010343123249999999,-0.008873780625,-0.00749449985,0.007722022725,0.009163268,0.0109250185
2020-07-09,-0.0027248245,IV_COMBINED,-0.011585423875,-0.01097631525,-0.01063029175,-0.01045673975,-0.00986625175,-0.009542083875,-0.008896894125,-0.008209003375,-0.007739150625,-0.0072872438,-0.006678363775,-0.0063098607749999995,0.0063757063499999996,0.0070993220999999995,0.007555879725,0.007936233375,0.008325479875,0.00892117125,0.009650561375,0.01022976125,0.01081250425,0.01150250125,0.01186108275,0.012654476750000001,-0.010485363374999999,-0.0090034845,-0.00760531135,0.0078013896,0.0092671895,0.011041677375
2020-07-10,0.0017245958,IV_COMBINED,-0.0122842035,-0.011631434625,-0.011264061375,-0.01103665075,-0.010459553375,-0.01007963,-0.0093787935,-0.00865755725,-0.0081820925,-0.0076969974500000005,-0.007038883425,-0.006655930325,0.006690579425,0.00746563215,0.007943055000000001,0.008360534250000001,0.008802704250000001,0.009381734,0.01017619175,0.01078761925,0.011419535,0.0121045595,0.01247511625,0.013314958875,-0.0110982945,-0.00951242675,-0.00802579925,0.008215632425000001,0.009765144625,0.011634684
2020-07-13,0.004188534,IV_COMBINED,-0.009269628,-0.008683458625000001,-0.008450481075,-0.0083936277,-0.007858518125,-0.00756914515,-0.007151917625,-0.006626553825,-0.0061880209499999995,-0.0058439558999999995,-0.005377262175,-0.00504861675,0.00530483455,0.0058774242,0.0062082687,0.006405266075,0.006839659525,0.0072083097250000006,0.007860424,0.00841275525,0.008772838675,0.00930417075,0.009631440125,0.010389086875,-0.008354875325,-0.007197223575,-0.006093106625,0.006418121875,0.00752356615,0.00901330925
2020-07-14,0.0036298078,IV_COMBINED,-0.01230171725,-0.01161098975,-0.01122995525,-0.01100954325,-0.010451649,-0.010084468625,-0.0093995445,-0.00866364575,-0.008181781249999999,-0.007690132600000001,-0.0070290288,-0.006676747575,0.006686776,0.00741818845,0.00792710015,0.008369595,0.00874089775,0.009436838125,0.010142393125,0.01080450625,0.011409491,0.01213155875,0.01250658875,0.01335888725,-0.0110916735,-0.00951187925,-0.008028804550000001,0.0081830709,0.009764256499999999,0.0116443735
2020-07-15,-2.191913e-06,IV_COMBINED,-0.012261679000000001,-0.01156981175,-0.01120807225,-0.01097728975,-0.010393479,-0.010042097,-0.009369242875,-0.00864256385,-0.008173207549999999,-0.007699398375,-0.007031184875,-0.006671121125,0.006667994,0.00741198025,0.0078947715,0.008292587,0.0086985275,0.00935086375,0.01008423825,0.010758421625,0.011366320249999999,0.012031083000000001,0.01238773675,0.013222831,-0.01104887025,-0.0094870365,-0.008017273075000001,0.008151502875000001,0.00969145925,0.0115639095
2020-07-16,0.0023382297,IV_COMBINED,-0.01369628925,-0.0129697945,-0.01257904375,-0.012207806,-0.0116110295,-0.011222307375,-0.01043317525,-0.0096181875,-0.0091162715,-0.008600082625,-0.007842245250000001,-0.007442386125,0.00735455465,0.008155874575,0.00869541125,0.00917869,0.009630441,0.0103519585,0.011186308375,0.01190993275,0.012603071125,0.013338063,0.013723203625,0.014620243375,-0.012341445,-0.01059379675,-0.008945042,0.009004518125,0.0107370925,0.012808552
2020-07-17,0.0004416353,IV_COMBINED,-0.012174830000000001,-0.0114962815,-0.01117548975,-0.01093140975,-0.0103281445,-0.00999213225,-0.0093284935,-0.008606009250000001,-0.00813259675,-0.007677848399999999,-0.007019591425,-0.0066509567749999995,0.006637245,0.0073813597,0.007824501275,0.00819296125,0.008643037,0.00925261275,0.0100267115,0.010660965000000001,0.011259268,0.011935959,0.01226026325,0.013108433249999999,-0.010984559750000001,-0.009446944125,-0.007989307625,0.008102571,0.00961025675,0.01146312825
2020-07-20,0.0005069841,IV_COMBINED,-0.013541260125,-0.01279472325,-0.01243470275,-0.0120679675,-0.01148172075,-0.01110296275,-0.01034120225,-0.009524726625,-0.0090193565,-0.0085108756,-0.007766200375000001,-0.0073680233250000005,0.0072710043,0.00806039925,0.008582613,0.009047073499999999,0.009481344249999999,0.010233226625,0.011050393625,0.01176707525,0.01243212225,0.01317750675,0.013550379375,0.014443344,-0.0121977265,-0.01048458975,-0.008854558,0.0088891505,0.01059790825,0.012648663
2020-07-21,0.0044077807,IV_COMBINED,-0.012555307625,-0.011868481625,-0.01157502375,-0.011299279625,-0.010674983625,-0.010310261499999999,-0.009602621,-0.00885196425,-0.0083660445,-0.0078946771,-0.007226128974999999,-0.00683576975,0.0068288811500000005,0.007592343775,0.008038995125,0.008446399,0.008940661499999999,0.0095085975,0.01035469525,0.0109533615,0.01157894275,0.0123045345,0.012647084,0.013538139250000001,-0.0113416625,-0.009741183,-0.008223760375,0.0083511153,0.009910977625,0.011814445
2020-07-22,0.00807181,IV_COMBINED,-0.012204471750000001,-0.0115104885,-0.011241643249999999,-0.011038702375,-0.01039505,-0.00999160575,-0.00928192525,-0.0085978725,-0.008108236175,-0.007634633875,-0.006993930425,-0.006623994575,0.0066802927500000005,0.007413668925,0.007861871749999999,0.008234896,0.00878339,0.009230921625,0.01010357575,0.01071727875,0.01127303725,0.011987906,0.01235674325,0.013283980375,-0.01102806375,-0.009444256,-0.007968407475,0.008168559875,0.009668137625,0.01154692325
2020-07-23,0.0030720534,IV_COMBINED,-0.01296628325,-0.01220206275,-0.01189183075,-0.0116031765,-0.011062623375,-0.010580861,-0.00984213925,-0.0091073315,-0.00860606625,-0.00808883435,-0.0073869145,-0.007009541725,0.00700934835,0.00778893675,0.00827229975,0.008731690125,0.009257221749999999,0.00977306975,0.0106416815,0.01131031025,0.01195964,0.01267873575,0.013023682,0.013978023249999999,-0.0116830015,-0.0100056455,-0.008434696125,0.00859389775,0.01021647975,0.012182667375
2020-07-24,0.0010233567,IV_COMBINED,-0.01268303975,-0.01195239475,-0.011663106999999999,-0.011368799,-0.01081067375,-0.010373119625,-0.0096938055,-0.008951262750000001,-0.008458643125,-0.00796698215,-0.0072841071749999995,-0.0069063825499999995,0.006892331425,0.007644856675,0.00811815075,0.0085477825,0.009029698000000001,0.0095921355,0.01042301725,0.01108228175,0.0117155045,0.01242796225,0.012768927499999999,0.01367791575,-0.0114376055,-0.00982798725,-0.008296370625,0.0084216105,0.010004118999999999,0.011933529625
2020-07-27,0.009912588,IV_COMBINED,-0.01063094975,-0.0099459525,-0.009715597125,-0.009620192,-0.009067414375,-0.008658942,-0.008144403525,-0.00754120665,-0.0070738386,-0.0066665155,-0.006109372175,-0.00578165655,0.0059243561,0.006559217875,0.00694539505,0.007255981625,0.00773135705,0.008134997724999999,0.008866193500000001,0.009469989375,0.00993688075,0.01053536275,0.010871147000000001,0.011727242,-0.00958468975,-0.0082267977,-0.006951538575,0.0072053037,0.008504778425,0.0101742905
2020-07-28,-0.0015415804,IV_COMBINED,-0.01598847225,-0.01510216575,-0.014664539374999999,-0.014115175375,-0.013606963,-0.013009681125,-0.01205181625,-0.01112695025,-0.010576279875,-0.00995957375,-0.00905992275,-0.00865547375,0.008425711374999999,0.0093082175,0.009982787125,0.01062543025,0.0112304645,0.011918874,0.01291142275,0.013792474,0.014652943625,0.015429966375,0.01592302375,0.016970695625,-0.01436449125,-0.012285853499999999,-0.010362320250000001,0.0103717205,0.01242323125,0.0148501125
2020-07-29,0.003180627,IV_COMBINED,-0.01397219425,-0.01320368025,-0.0128533675,-0.0123929095,-0.011907248625,-0.011419503000000001,-0.010652081,-0.00983416825,-0.009359559625,-0.0088338965,-0.008021476675,-0.00765266855,0.007492775675,0.008315379875,0.008864272749999999,0.00936492125,0.00984056575,0.01049219275,0.011392129,0.01219606775,0.012866742875,0.013552569,0.0138773975,0.01489513475,-0.012579106999999999,-0.01082373625,-0.009152343,0.0091810245,0.0109284755,0.0130454945
2020-07-30,0.0017805588,IV_COMBINED,-0.01513593125,-0.0143640755,-0.01397040225,-0.01339563275,-0.012895288750000001,-0.01241250125,-0.01155523525,-0.010640634999999999,-0.010128376,-0.00957856625,-0.00870901925,-0.008301531000000001,0.008039633675,0.008898933500000001,0.0095211585,0.01008515575,0.01057873825,0.0113595065,0.0123195825,0.01312921175,0.0138586965,0.01464204025,0.01505571625,0.016101465750000002,-0.013640686249999999,-0.01174143025,-0.009928451,0.00987160975,0.011797005,0.014092934750000001
2020-07-31,0.0026553916,IV_COMBINED,-0.015966881125,-0.015156489,-0.01473963075,-0.014110250250000001,-0.01361010075,-0.0130617185,-0.012093887000000001,-0.01114716225,-0.0106391495,-0.010057838999999999,-0.0091244745,-0.008713321,0.00842582725,0.00934984675,0.0099900475,0.010587801,0.011196522875,0.01187485325,0.012960463,0.013804681,0.014617026,0.015379833749999999,0.01583503,0.01692116225,-0.014381088125,-0.0123363095,-0.010420902749999999,0.0103845415,0.01239989475,0.014827671875
2020-08-03,-0.0061473385,IV_COMBINED,-0.01215049575,-0.011415674,-0.01112900225,-0.01088338075,-0.010343588,-0.0099009775,-0.009244206500000001,-0.00856845875,-0.008129951625,-0.00767525665,-0.0069785918,-0.0066689145750000005,0.006623762575,0.00737001925,0.007800241575,0.00817290375,0.008713404125000001,0.00911410725,0.0100414375,0.01068663425,0.0112559135,0.011851150999999999,0.012202653,0.013203241375,-0.010938823,-0.009394519,-0.00795843975,0.008109773125,0.009578600999999999,0.011477975750000001
2020-08-04,0.0013735945,IV_COMBINED,-0.0143282225,-0.013525513125,-0.01312643025,-0.012665969499999999,-0.012215638375,-0.01169070475,-0.010871804,-0.010044275,-0.00955809325,-0.00900390475,-0.0081685344,-0.007818035875,0.007615453775,0.0084436505,0.009025660500000001,0.009605744749999999,0.0100843185,0.01075754475,0.011722005,0.012466570125,0.0131399095,0.013884881,0.014321646,0.015414351375,-0.01288520975,-0.01105826175,-0.0093450915,0.009378217250000001,0.0112108985,0.01341289625
2020-08-05,0.011081078,IV_COMBINED,-0.015988548249999998,-0.014120605750000001,-0.013744794250000001,-0.0129092545,-0.0122608705,-0.011655466625,-0.01089791425,-0.0101563965,-0.009736001125,-0.00912558575,-0.00845026475,-0.0075876527,0.008144391649999999,0.008878954750000001,0.009513271,0.01008253,0.0105810985,0.0116463995,0.012329540125,0.013105333,0.013610141,0.01418583075,0.014475703749999999,0.015801232749999998,-0.01338694925,-0.01123811425,-0.009395073125,0.0098894515,0.011765079625,0.013864390625
2020-08-06,-0.0035429788,IV_COMBINED,-0.01761533325,-0.015554997,-0.0150579435,-0.014248915000000001,-0.013516355375,-0.012811956874999999,-0.011963571375,-0.01111940825,-0.010680117,-0.010021692875,-0.0092646565,-0.008329465625,0.008874851999999999,0.009642528625,0.010385007875000001,0.01105844925,0.0115758225,0.012791890875,0.013517448750000001,0.014368698749999999,0.014964152500000001,0.015605257,0.015968181749999998,0.017363266500000002,-0.0147495115,-0.0123265995,-0.01030943625,0.010799132,0.012909773,0.015236349
2020-08-07,-0.006705506,IV_COMBINED,-0.0185988825,-0.016477282750000002,-0.015917404000000003,-0.0150423235,-0.014268758,-0.01353336875,-0.012634064,-0.011757103,-0.011302436625,-0.010636854,-0.009815412875,-0.008852140250000001,0.00939178425,0.01020640975,0.0109527465,0.01166390275,0.01222405375,0.0135094005,0.014245789,0.01515385875,0.015762759,0.016538757,0.01685298025,0.01830401775,-0.01558412325,-0.013028875875,-0.010918976,0.0114041565,0.01363638025,0.016063881000000002
2020-08-10,-0.0016552479,IV_COMBINED,-0.01300671025,-0.0113969345,-0.01098282275,-0.01047201925,-0.00983210375,-0.00940849525,-0.00887885975,-0.008327356374999999,-0.0078789055,-0.007473755675,-0.006841737,-0.00620411035,0.006749565325,0.0074707974,0.0078869457,0.008289828325,0.00872049275,0.00952244725,0.0100549315,0.010779772125,0.01107693,0.01156326675,0.01176013375,0.0127768155,-0.01082325275,-0.0090952875,-0.007651091275,0.00817654625,0.00963019375,0.011289716125
2020-08-11,0.00063352496,IV_COMBINED,-0.013618527375,-0.01202922275,-0.01172499775,-0.010969453375,-0.010399681625,-0.009950333,-0.009314287875,-0.00871980925,-0.0082785065,-0.00782497925,-0.00718649525,-0.006484088825,0.006982639325,0.0077100543,0.008215292625,0.008618289250000001,0.0090787645,0.00989700525,0.0104926145,0.01121500975,0.01165215625,0.012148636625,0.012392761375,0.013422904499999999,-0.011393443625,-0.009597587,-0.008033141175000001,0.008495873,0.01004706225,0.0118350895
2020-08-12,0.00273994,IV_COMBINED,-0.01414695175,-0.01248964925,-0.01216515575,-0.011426103125,-0.01079781525,-0.01035598,-0.009672219125,-0.009047315625,-0.008604584,-0.008098248,-0.007446856825,-0.0067084475999999995,0.007250923675,0.00798616075,0.00849693325,0.008958286,0.009440216750000001,0.010302698,0.010941715,0.011668141125,0.01213209275,0.0125973545,0.01291398375,0.01399456475,-0.01184329975,-0.009969051,-0.0083313695,0.00882319,0.01044805425,0.01233009975
2020-08-13,0.0018675961,IV_COMBINED,-0.015124766,-0.013374960375,-0.012994747125000001,-0.012208684249999999,-0.01157442675,-0.0110788465,-0.010329217,-0.00965127775,-0.0092081235,-0.008637367,-0.007959074,-0.0071603403999999995,0.007720662825,0.008466460125,0.00903195675,0.009555342625000001,0.0100465475,0.011006119,0.01168687325,0.01244183475,0.0129788605,0.01345071275,0.01377689025,0.014980819499999999,-0.012672336749999999,-0.01065244225,-0.008897380875,0.00939050025,0.011149119499999999,0.0131730555
2020-08-14,0.001268483,IV_COMBINED,-0.015640878125,-0.01386491725,-0.0134509255,-0.012633069,-0.011997998875,-0.011457908250000001,-0.010691673625,-0.00998138275,-0.00953647575,-0.008937426750000001,-0.008254526125,-0.00741167675,0.007978845075000001,0.00872824075,0.00932990525,0.00987802375,0.01037587325,0.011391441875,0.01206926025,0.012835133,0.013403785500000001,0.013919261,0.014205246500000001,0.015486265624999999,-0.0131189545,-0.011023673250000001,-0.00920858425,0.00969642475,0.011526772,0.013599938375
2020-08-17,0.0030630867,IV_COMBINED,-0.012341646,-0.010873311,-0.010544896375,-0.009974272,-0.00938465875,-0.009000850125000001,-0.00846760175,-0.0079659845,-0.00749835915,-0.007106507624999999,-0.00651384015,-0.0058859416,0.0064093294749999995,0.007106614424999999,0.0075144615,0.00788273885,0.008300357925000001,0.00906444425,0.00957476375,0.010244297,0.01053545675,0.01102987825,0.011270768,0.0121927575,-0.010314947375000001,-0.0086955385,-0.007294625075,0.007781105925,0.00917043625,0.01076360825
2020-08-18,0.0049502556,IV_COMBINED,-0.01387488875,-0.01228727425,-0.011939722,-0.011184451250000001,-0.01062959575,-0.010162693,-0.0095134615,-0.00889609725,-0.008432392125,-0.007941883375,-0.0073002070750000005,-0.006558188975,0.0070841385,0.00781460735,0.00833091475,0.008780428,0.009240456000000001,0.01009139125,0.0107037605,0.011401308,0.011905687750000001,0.01236544675,0.012652828750000001,0.013724358124999999,-0.01162778025,-0.009788873,-0.0081718135,0.00863477525,0.010236297,0.0120775885
2020-08-19,-0.0025119868,IV_COMBINED,-0.014978055,-0.013282954500000001,-0.01285013225,-0.012072474375,-0.011487862625,-0.010960757625,-0.010282531125000001,-0.009548263500000001,-0.009101391125,-0.00853704925,-0.007868053,-0.007051232675,0.007596811,0.00836709525,0.00892904825,0.00945372125,0.009937722999999999,0.01086689375,0.011510995625,0.012237066750000001,0.012806257750000001,0.013287495625,0.013551814624999999,0.0147793025,-0.01255642075,-0.010548615,-0.00879307125,0.00926833425,0.011011366,0.01297708775
2020-08-20,-0.0031757583,IV_COMBINED,-0.014757611,-0.01309612675,-0.012718505,-0.011907365999999999,-0.011338463,-0.010825356,-0.01012435125,-0.009455555000000001,-0.009006867,-0.0084482355,-0.007798427175000001,-0.006994734975,0.0075425869,0.008289707425,0.0088275845,0.0093384445,0.0098129405,0.01075723975,0.011400888750000001,0.01211088025,0.0126232355,0.013141283125,0.013396021250000001,0.014614858,-0.01238498475,-0.010426127,-0.00870446175,0.009174742,0.01089015925,0.012829176250000001
2020-08-21,-0.007286053,IV_COMBINED,-0.01521799125,-0.013484030250000001,-0.013009005125,-0.01227482275,-0.01160909625,-0.01111136825,-0.0104217245,-0.009688157374999999,-0.009225921,-0.008673498,-0.00796736615,-0.0071712731,0.007747749925,0.008546896,0.00906786,0.009622162375,0.01012575525,0.011058848999999999,0.011727093000000001,0.01247763375,0.01301052525,0.01349113,0.01378438075,0.0150279115,-0.01273946125,-0.01069123475,-0.008922332375,0.009443070875,0.011204998,0.013205508625
2020-08-24,0.002426115,IV_COMBINED,-0.012761546,-0.0112425695,-0.0109006905,-0.01030951675,-0.00970917175,-0.0093082615,-0.00874535975,-0.00822143925,-0.00774364945,-0.00733558945,-0.006703476125,-0.006064359875,0.006600664275,0.007315360925,0.007727198875,0.0081417882,0.008565965,0.00934966875,0.009894931499999999,0.0105875695,0.01089154,0.01136645975,0.011643537625,0.0126147,-0.010666213,-0.00898387975,-0.007526625325,0.008020823725,0.0094637625,0.011126456
2020-08-25,0.0012658578,IV_COMBINED,-0.013839321125,-0.012259112499999999,-0.011888459125,-0.011147392,-0.010600374499999999,-0.0101236805,-0.009489057625,-0.00887344275,-0.00840701275,-0.007918888525,-0.007272033725,-0.00654105285,0.007067092525,0.007801805025,0.008308402,0.008763013875,0.009213770999999999,0.01006488675,0.01067113825,0.011374249375,0.0118526225,0.012310498,0.012595780625,0.01368775375,-0.0115939765,-0.0097563305,-0.00814582,0.008612441875,0.010204661375,0.01203630875
2020-08-26,-0.000395673,IV_COMBINED,-0.01403053425,-0.012434414500000001,-0.01206933175,-0.011326451500000001,-0.0107486465,-0.01027817075,-0.00962955175,-0.00899955325,-0.008545454000000001,-0.0080239545,-0.007392708575,-0.0066387635,0.007182183775,0.007920769075,0.008421291625,0.008898254875,0.009361060000000001,0.01023137675,0.01085058325,0.011549674749999999,0.01201823775,0.0124899995,0.012780961875,0.01390657925,-0.011763643625,-0.009904412500000001,-0.00826663,0.00874717725,0.01036625475,0.012221207500000001
2020-08-28,0.0073525016,IV_COMBINED,-0.01613886475,-0.014374362625,-0.013880500125,-0.013044614749999999,-0.01242270575,-0.01184719425,-0.0110516615,-0.010307062,-0.00984833075,-0.009233704,-0.008523788000000001,-0.007637074775,0.00819707055,0.00897167275,0.009588550125,0.010162013000000001,0.0106854685,0.0117283535,0.012425170499999999,0.0131866705,0.013838784,0.014400285375,0.0146848385,0.015993206375,-0.0135655485,-0.01138694975,-0.0095097645,0.0099735865,0.011880258625,0.014025733625
2020-08-31,0.0042095617,IV_COMBINED,-0.01283908225,-0.01129883175,-0.01094742825,-0.010390261625000001,-0.00975858975,-0.009346344999999999,-0.0088129895,-0.008253097000000001,-0.00778400825,-0.007353271875,-0.00675014375,-0.0060894569,0.006633340975000001,0.0073460545,0.007767891274999999,0.008199187825,0.008625693875,0.009428628125,0.00996608175,0.010650714,0.010934543250000001,0.01143399275,0.011703222,0.01269790225,-0.01072662175,-0.0090287735,-0.0075584629,0.0080678125,0.009530717000000001,0.01119049275
2020-09-01,-0.00012134272,IV_COMBINED,-0.0152438525,-0.013520520000000001,-0.01308480675,-0.0122856465,-0.011729517750000001,-0.01115356,-0.010447839,-0.0097217615,-0.00926797325,-0.00869288475,-0.008015977,-0.0071846671,0.00771927115,0.008469783625,0.0090692345,0.009610915250000001,0.010084591,0.01106209825,0.01172618575,0.012460689375,0.013039829125,0.013546638625,0.01382257125,0.015079679749999998,-0.01278661975,-0.01073518775,-0.008953770375,0.009413812875,0.0112060855,0.013225791
2020-09-02,-0.0091893785,IV_COMBINED,-0.014924691,-0.01324417025,-0.012770595999999999,-0.01202136225,-0.011393863625,-0.0108823495,-0.0102455205,-0.009505567625,-0.00905959725,-0.008502128250000001,-0.007831984125,-0.007032214575,0.007598116825,0.008406459125,0.00891008875,0.0094371655,0.009928095750000001,0.01083063275,0.011469330375,0.012204423499999999,0.012724942625,0.013227272125,0.01345453125,0.0147046615,-0.0124932875,-0.01049272625,-0.00875084875,0.009262418,0.010978499125,0.01291157775
2020-09-03,-0.0008196202,IV_COMBINED,-0.01508941525,-0.013372990250000001,-0.01295075225,-0.012172819500000001,-0.011535153499999999,-0.011035222,-0.01031194525,-0.0096398335,-0.00918380825,-0.0086266315,-0.007938775375,-0.0071436317,0.00770968195,0.00848262,0.00901267075,0.009547687,0.010031632249999999,0.010983898375,0.0116593515,0.012400757625,0.012912596,0.01340848775,0.01370029725,0.0149349405,-0.012641120249999999,-0.0106243115,-0.00887681875,0.009379191,0.01112621125,0.01312158775
2020-09-04,-0.00082029257,IV_COMBINED,-0.01668794475,-0.014829599249999999,-0.014300292499999999,-0.013492993875,-0.01280857175,-0.012208268,-0.011389516125,-0.01061457,-0.010157628125,-0.009528970250000001,-0.00879348075,-0.00789266235,0.00846820525,0.009260914,0.009897592625,0.010521155625,0.01102944325,0.012126314000000001,0.0128357665,0.01363498425,0.014275537625000001,0.01483777025,0.0151414285,0.01649391,-0.014005475875,-0.0117340555,-0.00980758975,0.0102983845,0.012270089375,0.01447632575
2020-09-07,-0.00012690946,IV_COMBINED,-0.01160315425,-0.01052360175,-0.01012176575,-0.01007613875,-0.0094657205,-0.008958881125,-0.008613554150000001,-0.008169691475000001,-0.00782081285,-0.0072426634,-0.006616113325,-0.006233125975,0.006033123825,0.00661049755,0.007263111,0.00752783725,0.0081614499,0.00849895275,0.009534267125,0.009726205875000001,0.01042941375,0.01067614175,0.010998185875,0.012351754,-0.010125499125,-0.008736941,-0.0074440949999999995,0.00752048975,0.008879729749999999,0.01060796525
2020-09-08,-0.0025606635,IV_COMBINED,-0.013754477250000001,-0.01229398875,-0.011811381,-0.011811381,-0.0110525595,-0.0105300775,-0.01009814775,-0.00960863675,-0.009126389625,-0.008447125,-0.007725639325,-0.00731587275,0.0068465802499999995,0.007473932425,0.00829414875,0.008536720499999999,0.009363970999999999,0.0098330925,0.01105780175,0.01136228575,0.01208439875,0.012499887000000001,0.01267459275,0.01431300125,-0.0118884965,-0.01023492625,-0.00872547025,0.008607287125,0.010258295,0.0122984155
2020-09-09,0.0017967515,IV_COMBINED,-0.014107738625,-0.01260646525,-0.012098172,-0.012098172,-0.0113011685,-0.010780034625,-0.010337131,-0.0098686005,-0.0093497575,-0.008664189374999999,-0.00794695375,-0.0074837041,0.006999515775,0.007643962475,0.008493095624999999,0.008729315625000001,0.009581836875,0.010068979875,0.011262169125,0.011625079625,0.012406075749999999,0.01283237925,0.01300895325,0.014672232,-0.012178716,-0.0104867395,-0.00894869625,0.008796115875,0.0104949365,0.012594901625
2020-09-10,0.005848815,IV_COMBINED,-0.01887849875,-0.01677266275,-0.016150856499999998,-0.01613376775,-0.01497997,-0.014305959125,-0.013702247875,-0.013280456125,-0.01250890125,-0.011590867,-0.010728425375,-0.010001134625,0.00905657575,0.00989273175,0.011229275875,0.01146516125,0.012568915625,0.013428411250000001,0.01490218375,0.01551194075,0.01649507725,0.01716846725,0.01729951975,0.019461509000000002,-0.0162141715,-0.0139896845,-0.0119813685,0.011529936375,0.013906627875,0.01673404575
2020-09-11,-0.004046834,IV_COMBINED,-0.015782145,-0.014011971375,-0.013547612875,-0.013547612875,-0.012572095875,-0.01204033575,-0.01147819175,-0.011069635875,-0.010554912,-0.0097188235,-0.008987990000000001,-0.0084517412,0.007800760375,0.00851434375,0.009572497499999999,0.009770921,0.010728696,0.011315275375,0.012575445375000001,0.01298312125,0.013933844,0.014421351124999999,0.01457919325,0.01651221925,-0.013590832125,-0.011738137249999999,-0.010053705,0.00983834875,0.011762337500000001,0.0141167645
2020-09-14,0.0035668784,IV_COMBINED,-0.01187162025,-0.01070523025,-0.010318927125,-0.010270477375,-0.009660888749999999,-0.00914882125,-0.0087751535,-0.008364045,-0.007995166325,-0.0074213702,-0.006772639675,-0.0063796792,0.006121479,0.006715670475,0.007405932375,0.00765670175,0.008332431375,0.0086696125,0.0097166985,0.009915272250000001,0.010612504625,0.010888332875,0.011152849,0.012585685999999999,-0.0103314075,-0.00892042325,-0.007617311025,0.0076584424500000005,0.009052755625,0.01079660225
2020-09-15,-0.0023568063,IV_COMBINED,-0.01307949325,-0.01172978625,-0.01125464625,-0.01125464625,-0.01055789475,-0.010032082125000001,-0.009601763625,-0.009139575,-0.0086937045,-0.00807347945,-0.00733918275,-0.00696117925,0.00655206305,0.00718519875,0.007951465750000001,0.008198446125,0.008970234,0.009403680625,0.010571372249999999,0.01084112125,0.011546418999999999,0.0119000255,0.01209335475,0.01365938875,-0.011330780625,-0.009744354375,-0.00830909975,0.00824606685,0.009808751499999999,0.011742331
2020-09-16,-0.0008973828,IV_COMBINED,-0.013257152500000001,-0.0118741145,-0.011387386125,-0.011387386125,-0.0106752555,-0.010147844875,-0.00971760275,-0.0092441495,-0.00878796575,-0.008158808425,-0.007429761575,-0.0070387278250000004,0.0066250181750000005,0.00726185215,0.00803735175,0.008280876,0.009071270999999999,0.009524653625,0.0106690395,0.01097586,0.0117077625,0.012050084499999999,0.012247926499999999,0.013820701250000001,-0.01146835075,-0.009856989875,-0.00840385825,0.008332906499999999,0.00991918525,0.011884258125
2020-09-17,-0.0010208277,IV_COMBINED,-0.013041732,-0.011699472625,-0.011196140625,-0.011196140625,-0.01049578075,-0.00996940325,-0.00955338,-0.00907127575,-0.008621044000000001,-0.0080324622,-0.0072811012,-0.006899540025,0.006513357125,0.007166159325,0.0079227671,0.00817550985,0.008926574875,0.00938999475,0.010501322,0.01081759625,0.0115508145,0.011834591125,0.01205347425,0.0136071635,-0.011280506,-0.00968224875,-0.00825075625,0.0082060365,0.009765598,0.01170607425
2020-09-18,0.0028168974,IV_COMBINED,-0.013200831,-0.01185068325,-0.011305766,-0.011305766,-0.010625075375,-0.010099911999999999,-0.0096755285,-0.009152101,-0.008686845,-0.008084239425,-0.00733712905,-0.0069707865749999995,0.00657801595,0.007258711425,0.00803711,0.00829539465,0.009030718125,0.009522874,0.010638710624999999,0.01094160025,0.011766042,0.012007491,0.0122653805,0.013833401125,-0.011416453375,-0.009784031,-0.008328833325,0.008308652875,0.009899037749999999,0.011889026875
2020-09-21,-0.010026097,IV_COMBINED,-0.01054447525,-0.009614721375,-0.0091603215,-0.0091305745,-0.00866567625,-0.00815076325,-0.007803784175,-0.0073408852,-0.00701413865,-0.0065246764,-0.00585723425,-0.00560143185,0.005538569775,0.00608065145,0.0066431002,0.0069380598,0.00743433135,0.007836262125,0.00878989425,0.0089690755,0.00952838125,0.009641011,0.010020678125,0.01120714075,-0.009221241625000001,-0.007893978425,-0.0066949979,0.0068973096250000004,0.00812791165,0.00970303425
2020-09-22,-0.0030311684,IV_COMBINED,-0.012947159875,-0.011637114625,-0.011099053375000001,-0.011099053375000001,-0.01042289575,-0.009904494625,-0.009524727375,-0.00896845325,-0.0084959715,-0.00791973975,-0.007144111075,-0.00681527015,0.00644825895,0.007101253875,0.00784890075,0.00810390075,0.0088489385,0.009327008875,0.010466956999999999,0.010798031,0.011505148125,0.0117052805,0.01196963675,0.01351328725,-0.011202144,-0.00959853975,-0.00815041375,0.00814286225,0.009690416875,0.011650612000000001
2020-09-23,-0.0021686184,IV_COMBINED,-0.01321721525,-0.011833722125,-0.011301923,-0.011301923,-0.01058411675,-0.01006975025,-0.009688099,-0.00913397,-0.008659187625,-0.008080717575,-0.00730124065,-0.006940161525,0.0065540218,0.007223386525,0.00800769675,0.00825022775,0.009018046750000001,0.009502698375,0.010617406,0.01098073325,0.01175599725,0.01194013725,0.0122083195,0.0137819705,-0.01140134525,-0.009770586375000001,-0.00830516785,0.0082841115,0.009865703375,0.011868885
2020-09-24,-0.0009596272,IV_COMBINED,-0.01328525525,-0.0118625025,-0.01135097025,-0.01135097025,-0.010626190375,-0.01011036125,-0.009729907,-0.00918328875,-0.00870432425,-0.00812576405,-0.007348063225,-0.006986079175,0.0065855942,0.0072520373,0.00805420585,0.00828898775,0.009073695750000001,0.009549742375,0.01066546375,0.011029686,0.011808529625,0.01199162575,0.0122551655,0.013859757375,-0.011447055625,-0.0098157705,-0.008350711,0.008326199425,0.009913902625,0.01192372
2020-09-25,-0.004116695,IV_COMBINED,-0.013096856,-0.011706923000000001,-0.011201015,-0.011201015,-0.010487124,-0.009972476249999999,-0.009601858,-0.009072636625,-0.00859890575,-0.008036170674999999,-0.00725522485,-0.00689424185,0.00650778325,0.0071752299,0.007967503975,0.008203707250000001,0.00897275675,0.0094263045,0.01052860625,0.01088604175,0.0116597145,0.011827604625,0.012098907374999999,0.01368669175,-0.011292879125,-0.00968937825,-0.008246150425,0.0082303759,0.0097917965,0.011771992125
2020-09-28,0.0036301033,IV_COMBINED,-0.010609737250000001,-0.009666094,-0.009207307500000001,-0.00918339525,-0.008697609875000002,-0.00818137925,-0.0078607001,-0.0073868285,-0.007047088475,-0.006544049,-0.00588069985,-0.0056422874,0.0055564756,0.00610060745,0.0066887961,0.006967133675,0.007478561375,0.007874394324999999,0.00883130125,0.009050898125,0.00958961275,0.0096850205,0.010065955875000001,0.01130341275,-0.009267642999999999,-0.007936660625,-0.0067270488,0.006931148475,0.008167282125,0.009768235875
2020-09-29,0.0048403563,IV_COMBINED,-0.011880691125,-0.01071387025,-0.010207587375,-0.010207587375,-0.009623451125,-0.00910179525,-0.008754043400000001,-0.008220508925,-0.007803871,-0.0072649245000000005,-0.006528806675,-0.00626554935,0.0060167826,0.0066277681000000005,0.007299980925,0.0075574284,0.008207669649999999,0.008649307,0.009726444375,0.01000695875,0.010624503,0.010745885,0.0110165905,0.012485941125,-0.0103054785,-0.0088175615,-0.00747631715,0.00757572895,0.008977347,0.01077208775
2020-09-30,0.00045864956,IV_COMBINED,-0.0136186345,-0.01209606525,-0.0115742315,-0.0115742315,-0.01087018175,-0.010325568,-0.0099370915,-0.00935886025,-0.008843569374999999,-0.00826746655,-0.007456086424999999,-0.007087850825,0.0066868318,0.00736912865,0.008190244075,0.008415205625,0.0092452545,0.009756679375,0.010895189,0.01128900675,0.012080209250000001,0.012246558250000001,0.01252533125,0.014148598,-0.011696936125,-0.010007864,-0.008499166499999999,0.00847732925,0.010111777749999998,0.012187667249999999
2020-10-01,0.002519883,IV_COMBINED,-0.0122267645,-0.0109560895,-0.010477670125,-0.0104706955,-0.009819788500000001,-0.00929888525,-0.008970143425,-0.0084509666,-0.0080141441,-0.0074966686,-0.00673285765,-0.0064116428,0.0061392013,0.00678134905,0.007506802724999999,0.007740009524999999,0.008445152000000001,0.00886130875,0.0099030515,0.010220403,0.010939391,0.01102186725,0.0113351655,0.01282787025,-0.01055444475,-0.0090423615,-0.007678204175,0.007755111575,0.00919427775,0.011045175875
2020-10-02,-0.003905006,IV_COMBINED,-0.013530891375,-0.012021714125,-0.01149721,-0.01149721,-0.010765957625,-0.010237459,-0.009865491625,-0.009334588500000001,-0.00880851475,-0.00825847825,-0.007426355325,-0.007055149525,0.006630518225,0.007318753225,0.008161167300000001,0.008375711375,0.009211207,0.0096777585,0.01080116525,0.01121846725,0.012012153375000001,0.012138515125,0.012427751625,0.01405227975,-0.01161064625,-0.0099486525,-0.008462406075,0.008424562125,0.0100408715,0.012102363500000001
2020-10-05,0.006721963,IV_COMBINED,-0.01042451325,-0.009478206874999999,-0.00906124075,-0.00903375825,-0.008522248625,-0.008016584,-0.0077282753749999995,-0.007251800924999999,-0.00690157595,-0.0064178331,-0.00575002885,-0.005531766175,0.00546172525,0.005981978725,0.00659214695,0.0068414246,0.007357082025,0.00774618035,0.008678518375,0.00890600075,0.009425748125,0.009481149749999999,0.009915626375,0.011098984499999999,-0.00909506275,-0.00779189575,-0.00659360275,0.006814290525,0.008020871300000001,0.00960497575
2020-10-07,-0.0015519563,IV_COMBINED,-0.012125448,-0.010498971499999999,-0.010239046875,-0.009855873499999999,-0.00967405375,-0.009345178249999999,-0.00861826535,-0.00798671795,-0.007435188425,-0.007162369925,-0.006480878925,-0.0060096433999999995,0.00603697415,0.00650875425,0.0073617663,0.007965946500000001,0.008105539875,0.0088620835,0.00947638625,0.010134976625,0.01042886675,0.010779750500000001,0.010965823999999999,0.012182825500000001,-0.010299905250000001,-0.00872487925,-0.007396957925,0.0074978839749999995,0.00903794125,0.01063777575
2020-10-08,-0.0011735269,IV_COMBINED,-0.012020919375,-0.010402750125,-0.0101734755,-0.009817955,-0.00959884025,-0.00926454975,-0.00855324775,-0.007924174624999999,-0.0073578778,-0.007064383675,-0.006423023175,-0.0059516246,0.0060094369,0.006471764025,0.00731706465,0.007942325925,0.00808385205,0.008748049125,0.009377838999999999,0.010090715875,0.01035215675,0.010730889,0.010937777249999999,0.0120874705,-0.01022100325,-0.008654664749999999,-0.007325551425,0.00745199135,0.008976591,0.010569192
2020-10-09,0.005604335,IV_COMBINED,-0.0110824445,-0.00960257,-0.00935489875,-0.00902914225,-0.00887560075,-0.008524037875,-0.007914139825,-0.0073382594500000006,-0.0067831457500000004,-0.00653574485,-0.005938562575,-0.0055058231,0.0055946713,0.006023750025,0.006815659050000001,0.00738539615,0.00751974125,0.0081629948,0.00867992075,0.009355447375,0.00958137475,0.00993315,0.0100970365,0.011203123,-0.009422759,-0.007982896175,-0.0067684856000000005,0.0069267485,0.008336240675,0.009783380250000001
2020-10-12,-0.0011535113,IV_COMBINED,-0.00962395825,-0.008365643575,-0.0081302382,-0.0078344862,-0.007714606425,-0.0073961549,-0.0068529776,-0.006382795975,-0.0058649095750000005,-0.005650819675,-0.005200071825,-0.004781403575,0.004953911375,0.005350177875000001,0.00602633225,0.006526627225,0.00663922125,0.007202477925000001,0.0076156914249999996,0.008265526875,0.00834723625,0.00872601575,0.0088850815,0.009848065,-0.008186969700000001,-0.006925415125,-0.0058822491000000005,0.006117066775,0.007342007,0.008592320125
2020-10-13,-0.00578334,IV_COMBINED,-0.010771468125,-0.009323758250000001,-0.00904003275,-0.00871104625,-0.0085922885,-0.0082906361,-0.0076577045,-0.0070747116,-0.006549690049999999,-0.00633111445,-0.00573847135,-0.0053045381499999995,0.005403419675,0.0058293024,0.006649678775,0.007189938775,0.007315199275,0.007981431175,0.008488466925,0.0090445595,0.009284051750000001,0.009631737125,0.009785658499999999,0.010898668625,-0.009137840000000001,-0.007722555,-0.006547894325,0.0067372130499999995,0.00812135475,0.009500281
2020-10-14,0.0014622671,IV_COMBINED,-0.0110870275,-0.009585469249999999,-0.00930757775,-0.008974382375,-0.00884746575,-0.008544351,-0.00788874895,-0.0072810889000000005,-0.006748544875,-0.006518073750000001,-0.00590138745,-0.0054529968250000005,0.005545454525,0.005982729925,0.006822417024999999,0.007387327725,0.007520961925,0.008175888249999999,0.00871457175,0.00929428525,0.009539933,0.00989760075,0.01006469175,0.011187543500000001,-0.00940773875,-0.007954062625000001,-0.006739579549999999,0.006917226975,0.008339269825,0.0097602045
2020-10-15,-0.0046261144,IV_COMBINED,-0.01101600275,-0.00952294975,-0.00923320325,-0.00890221,-0.008776382249999999,-0.008482075700000001,-0.007844987625,-0.007239747325,-0.006710631075,-0.006480551225,-0.005866374225,-0.0054259525250000004,0.005513297625,0.00594851465,0.006782893925,0.007339419675,0.007473753925,0.0081356605,0.008652675,0.009225111250000001,0.00946957275,0.00981160175,0.009975292125,0.01111383875,-0.00933992425,-0.007902129075,-0.006698940275,0.006874227,0.008282622,0.009687298
2020-10-16,0.0013922167,IV_COMBINED,-0.011140762,-0.009625599875,-0.00933002125,-0.008993032375000001,-0.008865736125,-0.008574878250000001,-0.0079224286,-0.0073048338,-0.006784049575,-0.00655301675,-0.005926163,-0.0054788734499999995,0.0055591635,0.006007975325,0.00684929805,0.0074143946,0.00755014025,0.008211153875,0.00874597425,0.00931156975,0.009564314875,0.00990117025,0.0100735125,0.011232317875,-0.00944000175,-0.0079832424,-0.006767553175,0.0069425104,0.0083645665,0.00978553775
2020-10-19,0.0061223423,IV_COMBINED,-0.0099353645,-0.008611965749999999,-0.008344828825000001,-0.008028046399999999,-0.007926733275,-0.007645595575,-0.007077783925,-0.006546789825,-0.006050659375,-0.005834742925000001,-0.0053395177,-0.004909166625,0.0050493611,0.00546850725,0.0061969864999999996,0.00670901875,0.006829094175,0.007429791075,0.00785885035,0.008440362325,0.008567917000000001,0.0089211615,0.009078092375,0.01012810825,-0.008429540875,-0.007133131575,-0.00605516275,0.006280559875,0.0075495831,0.008814666125
2020-10-20,0.0029816255,IV_COMBINED,-0.011272464874999999,-0.00973944975,-0.009432524000000001,-0.00908909525,-0.008957527,-0.0086968049,-0.00800423295,-0.00736532575,-0.006854631425,-0.006627970075,-0.0059780352499999995,-0.0055301005,0.005601265875000001,0.00604798925,0.006923692575,0.007485311825,0.007621559875,0.008305580500000001,0.00887052325,0.00939423775,0.009665531,0.010011945,0.010180924000000001,0.01134634525,-0.00955106825,-0.008070704025,-0.0068396472,0.00701300615,0.008458984499999999,0.009891512875
2020-10-21,0.003912578,IV_COMBINED,-0.01164398325,-0.010059754,-0.009752477625,-0.009398238,-0.00925742875,-0.00896791575,-0.00827723325,-0.007616866999999999,-0.007103716,-0.006865050875,-0.006183446675,-0.00572559225,0.005774170025,0.00623159235,0.00712290525,0.007702485,0.0078423055,0.0085375684,0.0091268435,0.009683089499999999,0.00996887225,0.01032807575,0.0104929505,0.01167304875,-0.009865463875000001,-0.0083436419,-0.00707177475,0.007219563275,0.0087074555,0.010188961
2020-10-22,-0.0039231502,IV_COMBINED,-0.012218034249999999,-0.0105615695,-0.01025764175,-0.0098838085,-0.009736248,-0.009411844749999999,-0.008674086975,-0.007995466375,-0.00747625975,-0.007218572875,-0.0065018304,-0.006028444975,0.006038924875,0.006511628,0.007429734025,0.0080306506,0.00817696685,0.00890750175,0.009543279,0.01013158575,0.010445066749999999,0.010830856,0.0109880015,0.012197006,-0.01036230125,-0.0087630599,-0.007431232075,0.007540107,0.009097851,0.010660988
2020-10-23,0.0016606175,IV_COMBINED,-0.012277036500000001,-0.010617557,-0.01031870975,-0.00995305275,-0.009805919125,-0.009456239125,-0.0087204745,-0.008048403525000001,-0.0075268274,-0.007264709899999999,-0.00654790915,-0.006079399825,0.006076409850000001,0.006556521125,0.007458181075,0.00806903415,0.0082150399,0.008944772,0.00957218275,0.01019429325,0.010505440125,0.01089224675,0.011046232,0.01225499875,-0.01042196075,-0.008814131000000001,-0.007479332075,0.007575666975,0.0091386545,0.01071462975
2020-10-26,-0.0023120958,IV_COMBINED,-0.010415748875,-0.009039597574999999,-0.008762715575,-0.00846051445,-0.008355180575,-0.007992559225000001,-0.007396336325,-0.0068363823,-0.0063414883,-0.00612973635,-0.00558433215,-0.0051726623749999995,0.00526130925,0.005686643075,0.006460711825,0.00699778925,0.00712372475,0.00770291515,0.008194363,0.008817277225,0.008977451125,0.009330044625,0.009501838375,0.0105319395,-0.00885271975,-0.00746589615,-0.006343134425,0.0065453505500000005,0.007869767324999999,0.00920457375
2020-10-27,0.0015476246,IV_COMBINED,-0.0116363235,-0.010063972625,-0.00975153375,-0.009419000875,-0.009283156125,-0.008968226,-0.008256418825,-0.0076028788,-0.007104551325,-0.006873205475,-0.006191074925,-0.005749282775,0.0057663255500000005,0.0062280012,0.007114106475,0.00769144015,0.007825408975,0.008540340399999999,0.009124824,0.0096940945,0.00997558825,0.01033724875,0.010495732,0.01165582725,-0.00987413625,-0.00833672185,-0.00707693335,0.0072117333,0.008703852,0.010189213125
2020-10-28,-0.0070236726,IV_COMBINED,-0.0119098045,-0.01030475975,-0.00999485275,-0.00964887525,-0.0095078045,-0.009163175749999999,-0.00845317755,-0.0077855476,-0.00728764485,-0.00704750805,-0.006343144,-0.0058921286,0.005896750325,0.00636228645,0.0072641375,0.0078538259,0.007990488149999999,0.0087071876,0.009311863,0.00990533675,0.010201364000000001,0.010574045625,0.010731665999999999,0.011891704125,-0.01010688425,-0.008536879425,-0.0072463006249999995,0.007365105025,0.00888748225,0.010408387
2020-10-29,-0.007984373,IV_COMBINED,-0.015640651625,-0.013535578874999999,-0.013194570625,-0.012708286749999999,-0.01243284475,-0.012083423,-0.011019940499999999,-0.0102407145,-0.0096651385,-0.009313615,-0.0084191814,-0.00779790705,0.007569569825,0.008136801400000001,0.0092572485,0.00993517625,0.0101432465,0.011192854625,0.012066534375,0.012819414250000001,0.013314198374999999,0.013844158875,0.013965596125,0.015328705500000001,-0.013280157,-0.01124075725,-0.0095709685,0.00943468,0.01143639425,0.0134988895
2020-10-30,-0.000898971,IV_COMBINED,-0.01458011375,-0.01267610625,-0.01239030625,-0.0119541905,-0.01171998775,-0.0112572225,-0.010323783999999999,-0.00962777825,-0.00903750225,-0.008722484374999999,-0.007886407975,-0.00734794135,0.007188220725,0.007712512925,0.00868919425,0.009369147,0.009564017000000001,0.010439697500000001,0.01122638475,0.012069498750000001,0.012473897000000001,0.012936251875,0.013115489000000001,0.01435031275,-0.012437524,-0.01052731875,-0.0089683665,0.008876065625,0.01070709975,0.012647116625
2020-11-02,-0.0009406005,IV_COMBINED,-0.0119908385,-0.010497826,-0.01018755175,-0.009855016,-0.009669574875,-0.00924593825,-0.008482284525,-0.00791789065,-0.00739088955,-0.00717189505,-0.006504358700000001,-0.00607701995,0.0060314602500000005,0.006496583275,0.007293226375,0.007900391775,0.0080557174,0.008702030874999999,0.00932188625,0.010131696499999999,0.010371404,0.010713723125,0.010948338875,0.0119814515,-0.010251838499999999,-0.008644910875,-0.0073834205,0.007439774825,0.008938749999999999,0.010550955375
2020-11-03,0.008013935,IV_COMBINED,-0.013967669,-0.01216626625,-0.01182669875,-0.011423335125,-0.01124301275,-0.01078811625,-0.00983287625,-0.00919033325,-0.008637398325,-0.008358514575,-0.00755849065,-0.007061074575,0.0068835749,0.0074049571,0.008325406325,0.008964564500000001,0.009147856749999999,0.010069593,0.010782421,0.011603529625000001,0.011968654625,0.012390535875,0.012550453125,0.0137767675,-0.01191767925,-0.0100550845,-0.00859130615,0.008508843,0.01027099375,0.012136364875
2020-11-04,-0.0018816206,IV_COMBINED,-0.02932008325,-0.025270519999999998,-0.024571021749999998,-0.02338363725,-0.022915190000000002,-0.02260010825,-0.020557975,-0.01946422775,-0.0185010185,-0.01776323875,-0.016234936499999998,-0.014995378125,0.013811496749999999,0.014610403249999999,0.01646279825,0.0178090155,0.0182129155,0.02090488275,0.022305864,0.023684607750000003,0.02490282325,0.0263184865,0.02641303375,0.0281297355,-0.024697907749999998,-0.02113887025,-0.01821157875,0.01708069625,0.02111023275,0.025087213
2020-11-05,0.009986187,IV_COMBINED,-0.0179395215,-0.01579605,-0.015600045,-0.014874600125,-0.01437218025,-0.01387695425,-0.01287408675,-0.01205214925,-0.0113079215,-0.010805883,-0.00985315925,-0.00924474125,0.008925631375,0.009475576749999999,0.01053731375,0.01150181775,0.01177976825,0.012740962625000001,0.01372916875,0.014907542499999999,0.015407220249999999,0.016045685,0.016337051499999998,0.01777670575,-0.01537186075,-0.01314223175,-0.011166577625,0.01088949175,0.01315948125,0.01563153875
2020-11-06,0.00402989,IV_COMBINED,-0.015397656499999999,-0.013657427,-0.013095303749999999,-0.012682480999999999,-0.0123019905,-0.0118461945,-0.01062300125,-0.010211136749999999,-0.009589479,-0.009253528125,-0.0086732365,-0.007715775649999999,0.0080741605,0.008430529325,0.009378638125,0.010100584,0.0106333245,0.01136502225,0.01241159225,0.01266951575,0.013237623,0.013715110375,0.014119804375,0.01571077425,-0.0131771495,-0.011073022875000001,-0.009539974375,0.009785649125,0.01164512675,0.013629861875
2020-11-09,-0.0037825652,IV_COMBINED,-0.012455055999999999,-0.0109484115,-0.010429896000000001,-0.010116221,-0.009820480375,-0.009409202,-0.0085889145,-0.008238661925000001,-0.00764516195,-0.0073365876,-0.007121367925,-0.0061900038,0.0067368218,0.0069307369,0.007769686175,0.008327254499999999,0.008806110125,0.009302413249999999,0.010070487,0.01025816625,0.010751058375,0.01109031975,0.0114298405,0.01264796275,-0.010549874,-0.0088623675,-0.00765916475,0.008062768625000001,0.009519316875,0.01103150325
2020-11-10,-0.0006448633,IV_COMBINED,-0.01314206975,-0.01163091525,-0.011086549,-0.010742814875,-0.010420513749999999,-0.01005073775,-0.009138457249999999,-0.00872486525,-0.008104931249999999,-0.007810085875,-0.007488753674999999,-0.006548360175,0.0070564738,0.007278990975,0.008207966399999999,0.00878728025,0.00931861625,0.009812309,0.01063794775,0.01088821375,0.0114479895,0.01181476825,0.012081979125,0.01340166075,-0.01119741,-0.009421108000000001,-0.008124560874999999,0.008499999,0.0100741845,0.011691557875
2020-11-11,-0.0052844877,IV_COMBINED,-0.0120027215,-0.01063394275,-0.010037208875,-0.009743704625,-0.0094273815,-0.009122814,-0.008324467625,-0.0079137108,-0.007349004075,-0.0070731639,-0.0068398102,-0.00596368775,0.006532739475,0.00669971345,0.007545215375,0.0080808124,0.0085462881,0.00896394575,0.009720320000000001,0.00990064,0.01042419125,0.01073799375,0.01106433,0.01214747175,-0.010186112625,-0.008549441625000001,-0.00738263735,0.00780885525,0.009209872,0.010651390375
2020-11-12,0.0044550686,IV_COMBINED,-0.012264466125,-0.0108972,-0.010259558,-0.00997858225,-0.009654224500000001,-0.009417134875,-0.0084929085,-0.0080759849,-0.007535642175,-0.007232463175,-0.00692855505,-0.006102988375,0.0065685915,0.00676923185,0.00766230625,0.00821312175,0.008646546,0.00913954725,0.009883069750000001,0.010073287875,0.01064714475,0.01100956525,0.011277865125,0.0123683585,-0.01044232175,-0.008756245,-0.007551425325,0.007905949425,0.00937837025,0.01084994525
2020-11-13,0.00082095905,IV_COMBINED,-0.0122537545,-0.0109033535,-0.010248579125,-0.0099838535,-0.00963399225,-0.009436896125,-0.00846567075,-0.00805776415,-0.0075379982500000005,-0.007214508425,-0.006879667125,-0.00608703995,0.006519682725,0.006734636575,0.007625738375,0.00819066475,0.0085960225,0.0091327685,0.009847807,0.01002825425,0.010643782,0.010992892,0.01125310775,0.012328289,-0.010442369625,-0.00874938175,-0.0075351748,0.007864777375,0.009352031125,0.010820248
2020-11-16,0.0012555248,IV_COMBINED,-0.010012822000000001,-0.008913075999999999,-0.0082290987,-0.0079752595,-0.007727604675,-0.0075921092499999995,-0.00684319025,-0.006520356075,-0.00607592225,-0.0057535807250000005,-0.0055686838999999995,-0.004929284175,0.005501374675,0.0056268898500000004,0.006330306025,0.006791996925,0.007157979775,0.0075814459,0.008069687375,0.008150282625,0.008657741,0.00896534975,0.00932516675,0.01000998975,-0.0084441745,-0.0070521351,-0.006072802775,0.00653724745,0.007713291424999999,0.008842574
2020-11-17,0.0034477448,IV_COMBINED,-0.010700314875,-0.00961459075,-0.008925042250000001,-0.008639993125,-0.00834479275,-0.008233603499999999,-0.007386720775,-0.007044984675,-0.006559069,-0.006190806950000001,-0.00601101265,-0.005284744175,0.005796358225,0.005962851425,0.006701652525000001,0.007243692175,0.007636714575,0.008125663875,0.008615410625,0.008791766625,0.009360925,0.009648742,0.009936416,0.010739236624999999,-0.009106659,-0.0076298836500000005,-0.006553030675,0.006942597575,0.008254044625,0.009488751
2020-11-18,-9.262787e-05,IV_COMBINED,-0.01105614575,-0.00995126125,-0.009258888,-0.008985944,-0.0086799045,-0.00855702525,-0.0076428681250000005,-0.00728236895,-0.006805479425,-0.00642734915,-0.00619193935,-0.005476368275,0.0059366162,0.0061239961,0.006897631875,0.007481967775,0.007855522075,0.008389319624999999,0.00889496725,0.009088054875,0.009707987,0.009993598624999999,0.010245506875,0.011119442625,-0.00944605625,-0.0079093265,-0.006787010175,0.007141746825,0.008523075250000001,0.00981119175
2020-11-19,-0.0029707428,IV_COMBINED,-0.010803568625,-0.009741587,-0.009037482,-0.008780572,-0.008482485,-0.00836303425,-0.0074664737,-0.0071151472,-0.006647529575,-0.00627510005,-0.006057713325,-0.00535140085,0.0058115311,0.005995215325,0.006743621125,0.007331517425,0.007680838575,0.008224688,0.00868973675,0.00888566725,0.00949716175,0.009759641125,0.0100349785,0.010861598375,-0.00923424975,-0.00772593345,-0.0066324789499999995,0.0069841885749999996,0.008337284425,0.009593828375
2020-11-20,0.0012387064,IV_COMBINED,-0.010766722,-0.009718112875,-0.00901187625,-0.0087535205,-0.00846301,-0.00834079325,-0.00744592835,-0.007092953875,-0.00662881295,-0.006254378275,-0.0060399988500000005,-0.00533395855,0.00578988465,0.00597773305,0.00672665935,0.00731782195,0.007664425975,0.008223544499999999,0.00866623425,0.008867334250000001,0.00947741675,0.009741781625,0.01001352525,0.010841149,-0.009208431999999999,-0.0077040730000000005,-0.0066124168,0.006964987475,0.008322761750000001,0.009573132
2020-11-23,-0.0031874438,IV_COMBINED,-0.009214663000000001,-0.0083308879,-0.0076013201,-0.007366961725,-0.0071531733,-0.00703901435,-0.006350456875,-0.006041309675,-0.0056053237,-0.00528339725,-0.005117312925,-0.004576368725,0.005128533775,0.00525254015,0.005899477375,0.00638957145,0.006720912375,0.007201363275,0.007477298575,0.0076257237500000005,0.0080920209,0.008360402650000001,0.00877267675,0.009326347125,-0.007820940275,-0.0065274849,-0.005611480575,0.0060957527,0.00722990965,0.00825881375
2020-11-24,0.0048205275,IV_COMBINED,-0.0107560795,-0.00976308075,-0.009047344625,-0.00876673725,-0.0084904635,-0.0083478535,-0.00750417415,-0.0071411106749999995,-0.00663552575,-0.00623406915,-0.006031273175,-0.0053479797,0.005816763675,0.00601511425,0.00673244565,0.007349910825,0.0077291888999999996,0.0082881925,0.0086871375,0.00895493675,0.009542766000000001,0.00981431225,0.010067623000000001,0.010883627125,-0.00922484275,-0.00773520125,-0.006620457,0.006996130175,0.00837374825,0.009627218125
2020-11-25,0.00236797,IV_COMBINED,-0.01096512225,-0.0099342895,-0.009220727375,-0.00895007225,-0.00867209,-0.008508803249999999,-0.0076322135,-0.007266062975,-0.006763766325,-0.00638393025,-0.00614644735,-0.005460090725,0.005914471,0.0061160433,0.0068627477,0.00748929775,0.0078650148,0.008420314625000001,0.008846473125,0.009116295,0.009723605,0.009966930375,0.01024922975,0.011110482500000001,-0.009406075125,-0.007878314925000001,-0.0067530672,0.007120950075,0.008517605875,0.0098092165
2020-11-27,0.003566591,IV_COMBINED,-0.0109295005,-0.00988324925,-0.00917404875,-0.008911719,-0.008635946,-0.0084711375,-0.0075837668,-0.0072266647,-0.006741835925,-0.006365786675,-0.00613213275,-0.0054476035,0.0059016573,0.00609640285,0.0068472049,0.0074659597250000004,0.007841350675,0.00838865825,0.00882704175,0.0090778855,0.009684103,0.00991683875,0.010214612625000001,0.011058959375,-0.00936631,-0.0078394911,-0.006728665075,0.00710273175,0.008487969625000001,0.00977252
2020-11-30,0.0016207815,IV_COMBINED,-0.00959077675,-0.0086759925,-0.0079493409,-0.007702820525,-0.0074969037,-0.0073706102,-0.0066183855,-0.00630904215,-0.005876693425,-0.00552352105,-0.0053403676,-0.0047819741249999995,0.0053042551,0.00545383435,0.006113128625,0.00663570455,0.006978121075,0.007479106425,0.0077965575,0.00794359625,0.00846264225,0.008715053,0.00908199625,0.009667186500000001,-0.008167420424999999,-0.0068248145,-0.005865103025,0.0063291794249999995,0.007520908175,0.008590396
2020-12-01,0.0056427866,IV_COMBINED,-0.011202534875,-0.010149712,-0.00945697975,-0.009185659375,-0.008885490624999999,-0.008736868,-0.00781575,-0.007441263975,-0.006963950375,-0.006549404475,-0.006269021,-0.005595075775,0.0060241080749999995,0.00623640665,0.007000519225,0.0076603789,0.008026204575000001,0.0086113625,0.00907358825,0.009312322625000001,0.009964952625,0.010244973000000001,0.010452528749999999,0.01132610525,-0.009632053,-0.00808296265,-0.006918326775,0.007272165525,0.00872330175,0.0100258995
2020-12-02,0.0038884531,IV_COMBINED,-0.011884980875,-0.0107235015,-0.010074100124999999,-0.0098051715,-0.009452868625,-0.009282064125,-0.008284030125,-0.007888141125,-0.0074032366,-0.00699332535,-0.006626829575,-0.005944739775,0.006334096725,0.006564037525,0.007389126425,0.008079444375,0.008456643,0.009066262,0.00960641575,0.009865251,0.01056007625,0.0108144885,0.01102540075,0.012045594875,-0.010229717,-0.008586314250000001,-0.0073470200250000004,0.007670063575,0.0092046505,0.010620547250000001
2020-12-03,0.006842115,IV_COMBINED,-0.013588801125,-0.01217370775,-0.011595406499999999,-0.01132539875,-0.01081699975,-0.01060897275,-0.00943978425,-0.009012279375000001,-0.008527394125,-0.0080590735,-0.007508461575,-0.00678509055,0.00709453585,0.007416172325,0.0083316255,0.009090276750000001,0.009538153875,0.01024900525,0.01094182,0.01119530225,0.01197914475,0.0122753155,0.012465855750000001,0.013815384,-0.01170277625,-0.00983676725,-0.008394775375,0.008664462,0.010418913625,0.012079501250000001
2020-12-04,-0.0017426966,IV_COMBINED,-0.0138723175,-0.01237488825,-0.01181166925,-0.011570283125,-0.011018888499999999,-0.01080132525,-0.009600967,-0.00919578475,-0.0087057565,-0.008236271175,-0.007654113075,-0.0069359124,0.007191989625,0.007544419825,0.00847214725,0.0092308245,0.009642017249999999,0.010408979,0.011166298375,0.011348806,0.012140127125,0.01245762875,0.0126870045,0.014061009624999999,-0.011927540125,-0.01002310075,-0.0085646815,0.008803374374999999,0.01058114975,0.012280649000000001
2020-12-07,-0.0006117953,IV_COMBINED,-0.012059661999999999,-0.01127299475,-0.010449668,-0.01007951775,-0.0097487815,-0.009465553875000001,-0.008652466375,-0.008126358925,-0.007569430725,-0.007353186175,-0.0066850339,-0.006332276275,0.006123238125,0.006436147375,0.0072298376000000004,0.007371322025,0.0077913891,0.00820846895,0.00920946825,0.00984520075,0.010511147125,0.010921837625,0.011335109874999999,0.012339884875,-0.0105253015,-0.008852696,-0.007592481675,0.007358016375,0.00870049745,0.010648162249999999
2020-12-08,-0.0015754985,IV_COMBINED,-0.01381845625,-0.012961759,-0.011978854,-0.01154227975,-0.0112479435,-0.010840019,-0.009920625625,-0.00937909825,-0.008765015000000001,-0.0084714886,-0.0077475379,-0.007387731525,0.006867538175,0.0073136007,0.008212817325,0.008359803075,0.008792933,0.0094165435,0.010504251,0.01124863625,0.01199045575,0.01247632775,0.01293243925,0.014120150750000001,-0.012082091,-0.01017672275,-0.008765175375,0.008338227875,0.00990997175,0.01215918675
2020-12-09,-0.0025603182,IV_COMBINED,-0.01279797325,-0.011998693,-0.01109931375,-0.010715155125,-0.010411087624999999,-0.010040417999999999,-0.00921330175,-0.008678295875,-0.00809685595,-0.007837838125,-0.007145543225,-0.006789406625,0.006430405375,0.006804207575,0.007637122824999999,0.007779661,0.008224346125,0.008730232000000001,0.009765632625,0.010436184250000001,0.01112953125,0.011572334,0.012008046125000001,0.01310044275,-0.011192665375,-0.0094256375,-0.008098300650000001,0.007772342925,0.00921444125,0.01128796725
2020-12-10,0.0041708453,IV_COMBINED,-0.016148205,-0.015172313375,-0.014070318,-0.013541268875,-0.013240183875,-0.012673809375000001,-0.01167612025,-0.011081065,-0.01035444925,-0.009976607375,-0.00915341375,-0.0086923195,0.007938306625,0.008475096125,0.009571909375,0.009752246874999999,0.0101306935,0.011124304500000001,0.01229651075,0.01317527225,0.013961083875,0.01461507775,0.015048090375,0.01652011375,-0.014155156375,-0.011971152499999999,-0.010315443,0.009682503625,0.0115837665,0.014200214
2020-12-11,-0.002151388,IV_COMBINED,-0.013641668,-0.01283151075,-0.011866097249999999,-0.01144088175,-0.011125171,-0.010716780875,-0.009859001000000001,-0.009278962375,-0.0086616847,-0.00836523225,-0.00762951755,-0.007266532975,0.0068299117999999995,0.007245338875,0.0081003405,0.008273643575,0.00871586525,0.009318819,0.01041601975,0.01114940775,0.01186029875,0.01236145275,0.01279454525,0.0139800325,-0.0119512025,-0.01007650475,-0.0086514055,0.008261495,0.009817159499999999,0.012040061
2020-12-14,0.001485633,IV_COMBINED,-0.01290212525,-0.01211351225,-0.0112059385,-0.01080588675,-0.010480023875,-0.010122712625,-0.00929084325,-0.008717074375,-0.00814240335,-0.00788289535,-0.007192791049999999,-0.00683815275,0.006487832925,0.00684764945,0.007705028525,0.007852187824999999,0.00829536975,0.00879212325,0.009836133875,0.010547824625,0.01124317125,0.011693742,0.012113811625,0.013237426125,-0.011284852,-0.0094957945,-0.008150724849999999,0.00783440275,0.00929391075,0.011395673625
2020-12-15,0.0023292343,IV_COMBINED,-0.0132123585,-0.012405742,-0.01146852,-0.011064097,-0.0107559165,-0.01035841675,-0.009516908,-0.008958438249999999,-0.00837378525,-0.0080884219,-0.007393225725,-0.00703455895,0.006599939575,0.00700233435,0.007869631824999999,0.008016213375000001,0.008468035625,0.009015800000000001,0.010063552,0.0107722825,0.011481051375,0.01194023575,0.01238272,0.01352870975,-0.01155930625,-0.00973521325,-0.008366612249999999,0.00800069825,0.0095007675,0.011645663
2020-12-16,0.0028244515,IV_COMBINED,-0.01293991475,-0.012134358500000001,-0.011227491749999999,-0.01081696725,-0.010520701,-0.010135652,-0.00930723475,-0.008756627,-0.008180088,-0.00790907895,-0.007218206425,-0.006863535075,0.00647858175,0.006859326925,0.007706700575,0.007856694000000001,0.008304013374999999,0.00883014375,0.00984933725,0.01054092975,0.01123561325,0.011675714875,0.012134245375,0.013239809875,-0.01130951875,-0.0095214185,-0.0081766201,0.007839592,0.00930318075,0.011399986625
2020-12-17,0.00471086,IV_COMBINED,-0.01356069475,-0.01270880475,-0.01176928275,-0.01132289125,-0.01103116875,-0.010606616499999999,-0.00974200625,-0.00919097275,-0.008588940375,-0.0082855075,-0.007577725425,-0.007214732749999999,0.0067426174,0.007172220525,0.00803417955,0.0081999424,0.00864306825,0.009254984125,0.01029050275,0.01102347225,0.01172948075,0.012202142249999999,0.012679714,0.013841721250000001,-0.0118460355,-0.009979563625,-0.008575111125,0.008176517500000001,0.009718128,0.011912978250000001
2020-12-18,-0.0008231067,IV_COMBINED,-0.01376142925,-0.01287682,-0.011917128625,-0.011470437625,-0.011170149,-0.0107343035,-0.0098713715,-0.00932410225,-0.008697854999999999,-0.00838813415,-0.00768732525,-0.00732682165,0.0068346916,0.0072727650000000005,0.00813040815,0.0082908094,0.00874882325,0.00936960725,0.01041053875,0.011172995875000001,0.011868494,0.012362065375,0.012853155750000001,0.01399614475,-0.012002627750000001,-0.010108951750000001,-0.008692137124999999,0.008279445425,0.009836369,0.012060265375
2020-12-21,-0.0019614366,IV_COMBINED,-0.011066688,-0.010291329875,-0.00958950475,-0.009185067875000001,-0.00889247875,-0.0086431055,-0.007930545,-0.00742653325,-0.006909708225,-0.00671609715,-0.0060987879750000005,-0.005747210575,0.0056655946499999995,0.005926307575,0.006649949225,0.006803702875,0.007229647925,0.0075544394499999995,0.00842923775,0.009021620125000001,0.00963662625,0.00998058425,0.0104052175,0.011325421375,-0.009615734375,-0.008099879375,-0.006926347,0.006780147375,0.007999522375,0.00976362425
2020-12-22,-0.0030921053,IV_COMBINED,-0.01392433475,-0.01298133675,-0.01202149175,-0.011570851625,-0.011285581375,-0.01083434875,-0.009926558,-0.0094369285,-0.00878347975,-0.008475795875,-0.007781633499999999,-0.0074262037999999995,0.0068634137750000004,0.007327648475,0.008211982425,0.00835130625,0.0088113145,0.0094672495,0.010479689,0.011261581,0.01194542925,0.012445975250000001,0.012966141625,0.014078592125,-0.012119290500000001,-0.01020056125,-0.008790982,0.008338809400000001,0.009911107499999999,0.012146286875
2020-12-23,0.0009052459,IV_COMBINED,-0.013120830625,-0.012261519,-0.011369694,-0.01096836275,-0.0106445565,-0.01025424325,-0.0094066755,-0.00889945525,-0.00828329275,-0.007999438075,-0.0073228044,-0.00696736855,0.00655816995,0.006952450625,0.007776031375,0.007953248874999999,0.008400724,0.008943676,0.009937020000000001,0.0106599175,0.011315787125,0.011776332,0.01227976675,0.0133436115,-0.01144990225,-0.00964267225,-0.008288662375,0.00792487915,0.00940220025,0.01150722025
2020-12-24,-0.00017852105,IV_COMBINED,-0.01283352975,-0.01198895575,-0.011127505250000001,-0.01073670525,-0.010405885,-0.010038548750000001,-0.0091949535,-0.00870029775,-0.008090847925,-0.00781456175,-0.00715538275,-0.0067988208,0.00642629095,0.0068039651,0.007615291175,0.007785677625,0.00824040925,0.00874749375,0.009725382500000001,0.01042723375,0.01107031125,0.011511411249999999,0.012005508375,0.013051553875,-0.01120072475,-0.009430431,-0.008101522375,0.0077622679000000005,0.009202075,0.0112559985
2020-12-28,0.0026724285,IV_COMBINED,-0.01088815925,-0.010106053125,-0.00942464375,-0.00903247525,-0.008749168375,-0.00852331275,-0.007783705325,-0.007322555,-0.00679429875,-0.006610191775,-0.00600295335,-0.00565888495,0.0055745315,0.0058285085,0.0065443413,0.006692989175,0.007127426,0.0074366399,0.008289399125,0.00886627875,0.00946151675,0.00978883225,0.010233252,0.011109484375000001,-0.0094598345,-0.007969703375,-0.006823579425,0.006672841225,0.007867057,0.0095919865
2020-12-29,0.0023999112,IV_COMBINED,-0.011820622624999999,-0.01101473225,-0.010232439,-0.00987150475,-0.00955992775,-0.00926493725,-0.00843583975,-0.00798470555,-0.007425180325,-0.00719329965,-0.0065644479,-0.00622167535,0.0059482156,0.006274349324999999,0.00705930075,0.007204607675,0.00764449,0.008059600875,0.008971756675000001,0.009591783625000001,0.010212969249999999,0.01058996925,0.01108157325,0.012016094,-0.01030634475,-0.008668620375,-0.007445813325,0.007179622275,0.008494085,0.01037483525
2020-12-30,0.0045997137,IV_COMBINED,-0.01265883575,-0.011829242125,-0.01096398325,-0.0105693695,-0.010272493,-0.009927925,-0.0090521525,-0.00858392275,-0.007994706625,-0.00772902865,-0.007061745825,-0.00671355035,0.006323904375,0.0067095181,0.007520210075,0.007670664475,0.008112661625,0.0086359115,0.009602093875,0.010268864499999999,0.01091286025,0.01134636525,0.01185057375,0.01285403925,-0.011051573,-0.009304537875,-0.008003234625,0.0076536780000000006,0.00907353925,0.011097686375
2021-01-04,0.0026887276,IV_COMBINED,-0.01305825425,-0.012217710625,-0.01130064025,-0.0108891105,-0.010587815625,-0.010252836,-0.009353688125,-0.00884799125,-0.008243073,-0.007976608,-0.007285888575,-0.0069440079,0.006525205625,0.006924552175,0.007751731125,0.00788683925,0.008344710825,0.00889178425,0.009910709625,0.01060751025,0.011284678624999999,0.01174195175,0.01223277675,0.013276283625,-0.011401145,-0.009599646,-0.00826146615,0.007891381900000001,0.009355199125,0.01146239125
2021-01-05,0.0003544214,IV_COMBINED,-0.013314862125,-0.0124895185,-0.011553091,-0.0111344685,-0.010823746,-0.010463798,-0.009571327875,-0.00903821975,-0.008434596375,-0.00815974,-0.007452507075,-0.00710323395,0.0066502278250000005,0.0070653025000000005,0.00791903825,0.00806060925,0.0085067906,0.00908067325,0.0101369255,0.0108428155,0.01154538525,0.012014855,0.012482225125,0.013589930125,-0.0116452785,-0.009812206375,-0.0084435,0.0080556572,0.00955997075,0.011719456
2021-01-06,0.0005334322,IV_COMBINED,-0.01524869775,-0.014315798,-0.01326878325,-0.01278013075,-0.01248211125,-0.011956564499999999,-0.01100494225,-0.01045192425,-0.00974808525,-0.00940242825,-0.0086168965,-0.00820140275,0.0075224296,0.008039972500000001,0.009035879,0.009199888125,0.00959700775,0.010469545375,0.011608200374999999,0.01242735325,0.01317958725,0.01378437675,0.0142290825,0.015567948,-0.013356660999999999,-0.01128605975,-0.009725843250000001,0.00916069825,0.010931804,0.01340243425
2021-01-07,-0.0018397095,IV_COMBINED,-0.01320829675,-0.01250835975,-0.011970661,-0.01119887875,-0.010767075,-0.01048501025,-0.009896180125000001,-0.009324126125,-0.00857307475,-0.00836428,-0.0075277959250000005,-0.007025687725,0.007496618,0.007781220125,0.00853197615,0.008893185375,0.00926686075,0.01005132525,0.01081978875,0.01141742075,0.012128092,0.012675456125,0.01326541825,0.014006896375000001,-0.011633524125,-0.010049809875,-0.00854538035,0.008779293,0.01034132325,0.012327522625
2021-01-08,-0.00036508447,IV_COMBINED,-0.01370948425,-0.01296174825,-0.01245353975,-0.01165495275,-0.0111972515,-0.010875712249999999,-0.01028085225,-0.009659550999999999,-0.00887783375,-0.008645523124999999,-0.007815909575,-0.00727418645,0.007700808375,0.007997097125,0.00881865125,0.009161145249999999,0.009575612375,0.010398352375,0.011207380625,0.011767768500000001,0.012547852,0.013110063125,0.013756514,0.014546154750000002,-0.01207983,-0.010429497499999999,-0.0088541765,0.009059910000000001,0.01069051075,0.012765134
2021-01-11,-0.008596476,IV_COMBINED,-0.0109089095,-0.010238236999999999,-0.00975944,-0.00919696,-0.0088884505,-0.0086440665,-0.0081679307,-0.00769641725,-0.00707931555,-0.0069019632,-0.00617473915,-0.005814744575,0.006388965675,0.0065748565250000005,0.0071737324,0.007527737925,0.007800366825,0.008431289775,0.0090858707,0.00952099425,0.0101484785,0.010639858875,0.011073330749999999,0.01162051475,-0.00957532475,-0.008269434275,-0.007046386025,0.00740475825,0.0086970246,0.010289838
2021-01-12,0.00044844803,IV_COMBINED,-0.012901671,-0.01211213425,-0.011677685,-0.01095675875,-0.010500096,-0.01015688775,-0.00958674525,-0.00905094485,-0.0082951865,-0.0080752695,-0.007313140125,-0.00677951735,0.007295926575,0.00753330325,0.008342672374999999,0.008684466674999999,0.009047130375,0.0098636,0.01061656975,0.011077215500000001,0.011921087875,0.0124251755,0.012986511,0.01377747325,-0.01132550975,-0.00975349,-0.008275151525,0.0085671205,0.0101273885,0.012075770999999999
2021-01-13,0.00033312017,IV_COMBINED,-0.01238094125,-0.011680993875,-0.011224337375,-0.01052913725,-0.0100821385,-0.0097716995,-0.009217302375,-0.008727193625,-0.008003115025,-0.0078031246,-0.0070442405,-0.006550827975,0.007081737425,0.00731437295,0.008056642275,0.00839109285,0.008737929875,0.009508148625,0.01021315425,0.01069677625,0.011478508375,0.011964434874999999,0.0125001155,0.01322425225,-0.010888982,-0.0093887295,-0.007979417025000001,0.008280767575,0.009762952,0.01162256125
2021-01-14,-0.0019921474,IV_COMBINED,-0.012551298125,-0.01183494325,-0.01137925,-0.010672253999999999,-0.01022278725,-0.00990390975,-0.00934793625,-0.00884746525,-0.008107029375,-0.007902684725000001,-0.00713663925,-0.006641197725,0.007150826825,0.007396156175,0.008149216375,0.00848818175,0.0088419075,0.009622625249999999,0.01034553325,0.0108279065,0.0116019415,0.012103373,0.0126615045,0.01339898775,-0.011037038249999999,-0.009517117875,-0.008086379000000001,0.00837672775,0.009880324125,0.011767174500000002
2021-01-15,-0.003487567,IV_COMBINED,-0.01249439675,-0.011774283625,-0.01131496925,-0.01061869625,-0.0101746335,-0.0098603125,-0.009298519625,-0.0088014647,-0.008062706,-0.007860712875,-0.0071011008,-0.00660924235,0.00713944215,0.007377268525,0.00811872515,0.00846121825,0.00881260425,0.009590348,0.01030501675,0.0107906785,0.011564707,0.0120696225,0.012602776874999999,0.01333471725,-0.01098446475,-0.00946759425,-0.008046566575,0.008350611925000001,0.00984776225,0.0117195795
2021-01-18,-0.0015350785,IV_COMBINED,-0.010218822249999999,-0.00957356775,-0.00914082675,-0.008639068,-0.008336385424999999,-0.008097286825000001,-0.0076268971,-0.007221771975,-0.0066224359,-0.00644107475,-0.0058105988,-0.0054531796,0.006006549025,0.006220246375,0.0067760087999999994,0.00709932065,0.007366316,0.007947178025,0.008566472,0.008939869,0.00951782575,0.00998836925,0.01039855325,0.010935128,-0.008973025875,-0.00774184385,-0.00660478285,0.006987118625,0.008193531125,0.00967157025
2021-01-19,0.0043714563,IV_COMBINED,-0.011370379875,-0.01063500975,-0.0102381695,-0.00965156125,-0.00922366175,-0.008923879249999999,-0.008395898249999999,-0.007999135275,-0.007309514125,-0.007110531225,-0.0064440541,-0.0060163781,0.006529203525,0.006773423325,0.007426454225,0.00775130525,0.008097711825,0.00879631375,0.009457040125,0.009840638,0.010575328625,0.0110363205,0.01147564775,0.012185810625,-0.009960898,-0.00857331935,-0.007298795625,0.007656766650000001,0.009027738,0.0107068925
2021-01-20,-0.0018260021,IV_COMBINED,-0.0109946995,-0.0103017615,-0.009899182749999999,-0.00933241175,-0.0089146085,-0.00864778225,-0.008134849925,-0.0077700899500000005,-0.0070874205,-0.0068969215,-0.00624849105,-0.005845226875,0.006364820575,0.006615744375,0.007210914375,0.00754465985,0.00787905075,0.008528172,0.009169611250000001,0.009563218875,0.01023775125,0.0107009125,0.01110290475,0.011762648875,-0.009638252,-0.008307865175,-0.00708170225,0.00744802815,0.00876448175,0.010367226875
2021-01-21,0.0038564764,IV_COMBINED,-0.0117469545,-0.0110144575,-0.010618806,-0.009987130625,-0.009504732375,-0.009214011375000001,-0.00867500145,-0.00830585875,-0.00754716375,-0.007353048399999999,-0.006668720525,-0.0062239587,0.006742400250000001,0.0070095327750000005,0.00764746035,0.007991795874999999,0.008359785125,0.0090673085,0.009750795125,0.01018624225,0.010907833625,0.011400798875,0.011815059625,0.012549916,-0.010293457,-0.00887216825,-0.00755311945,0.007901994825,0.009314097,0.0110419695
2021-01-22,0.0016279886,IV_COMBINED,-0.0112521485,-0.0105400525,-0.01012605,-0.00954944575,-0.00911817475,-0.00884785975,-0.008315645375,-0.007955792849999999,-0.00723923125,-0.0070498325,-0.00639732225,-0.005983258275,0.0065094951,0.0067699644,0.007347614675,0.00770509785,0.00804686395,0.00870667625,0.00937072375,0.0097992665,0.010459483375,0.010946115125,0.0113215255,0.0119961695,-0.00986153575,-0.0084969155,-0.007246813375,0.007608932275,0.0089550955,0.01058943375
2021-01-25,-0.0034873816,IV_COMBINED,-0.009876742875,-0.009198061375,-0.008807883249999999,-0.008348900999999999,-0.00802617225,-0.007811573075000001,-0.0073418388250000004,-0.006991594625,-0.00634409625,-0.006167375399999999,-0.005627855125,-0.0052680315249999995,0.005824127525,0.00607315615,0.006541033825,0.0068778866,0.0071754373,0.007703875975,0.008317378875,0.008648933625,0.009189339250000001,0.00967104275,0.009989737625,0.010536396,-0.008652290625,-0.0074593971249999995,-0.006373285875,0.006786227000000001,0.0079491245,0.00933635725
2021-01-26,0.0031422721,IV_COMBINED,-0.010735784,-0.00997423,-0.009611348,-0.0091335455,-0.00871029325,-0.00844398575,-0.0079092305,-0.0075789602250000004,-0.006875412425,-0.0066817431,-0.006115405625,-0.0056840306,0.006204579,0.0064688766750000005,0.0070052855499999995,0.0073563085,0.007717776325,0.008332327,0.008980567875,0.009337881,0.009958685125,0.010451774375,0.010782318124999999,0.01145970775,-0.00939956725,-0.00808378735,-0.006900825,0.00727541655,0.008567750675,0.010103832
2021-01-27,-0.0063171927,IV_COMBINED,-0.0104582375,-0.00972058475,-0.009352056249999999,-0.008911648500000001,-0.008503581825,-0.008247031575000001,-0.0077079382749999995,-0.0073815060750000005,-0.006710519275,-0.006522164675,-0.005979821075,-0.0055569984,0.00608479815,0.006345412425,0.006842387625,0.007194483424999999,0.0075574891749999994,0.008141949225,0.008768475175,0.009134104,0.0097113565,0.01019945825,0.010526556999999999,0.011150780499999999,-0.009168216625,-0.007879810175,-0.006737504425,0.007119712425,0.008372371,0.0098582555
2021-01-28,0.0025254807,IV_COMBINED,-0.01155429375,-0.010731569125,-0.010357259375,-0.009853069125,-0.009374007125,-0.00907210325,-0.00847606765,-0.008138781500000001,-0.0073897134,-0.00716587095,-0.0065797518749999995,-0.006090939075,0.0066183189,0.006891451675,0.007458299525,0.007835539425,0.008238959625,0.008923679,0.0096159355,0.01003094025,0.0106863225,0.0111977615,0.011542482375,0.012304138,-0.01011700875,-0.008686785275,-0.0074094892,0.0077645931,0.00916237525,0.01083596375
2021-01-29,0.0022166655,IV_COMBINED,-0.01123918825,-0.01045083725,-0.01005982425,-0.009579939749999999,-0.0091384985,-0.008857148625,-0.008273533375,-0.007925721075,-0.0072122285,-0.00699660465,-0.006420029,-0.0059449533,0.006491973375,0.00674989925,0.00727328985,0.0076665109750000005,0.008044888925,0.00869738225,0.009366869125,0.00979575825,0.010400397,0.01090756475,0.01124449975,0.011937568,-0.0098531225,-0.008465691075,-0.00722889105,0.007585384275,0.008936643125000001,0.010549018375
2021-02-01,-0.005294347,IV_COMBINED,-0.0097330005,-0.009008268125,-0.008629867,-0.0082625015,-0.007947446175000001,-0.007734220925,-0.00722161425,-0.0068683231,-0.00624598525,-0.006068532425,-0.005573269325,-0.005202367975,0.005745323225,0.005983955975,0.0063971446500000004,0.006763245,0.007086044175,0.007598851324999999,0.00820708285,0.008532542,0.0090084925,0.0094998845,0.00981188775,0.010355360125,-0.0085370875,-0.007340002375,-0.00628934275,0.00668391035,0.007831021475,0.0091830735
2021-02-02,-0.004754908,IV_COMBINED,-0.011025878375000001,-0.01019525625,-0.0098372425,-0.009426465125,-0.0089881775,-0.008694931,-0.008084611125,-0.00774884385,-0.0070455364999999995,-0.006809916,-0.00630432475,-0.005809054,0.006330511675,0.006588555025,0.0071109426,0.007500521725,0.007897268150000001,0.008537029500000001,0.009197774125,0.00956632275,0.01017318625,0.01067653075,0.0110110295,0.01174210025,-0.00966614175,-0.008282233675,-0.007073413875,0.00742501035,0.008761824875,0.0103380825
2021-02-03,-0.0013790624,IV_COMBINED,-0.0114946825,-0.010664050250000001,-0.01028209175,-0.00982636675,-0.00936459175,-0.00906625825,-0.00843660475,-0.008095348875,-0.007360205075,-0.007116512125,-0.00656629315,-0.0060654476249999995,0.006591129925,0.006845296125,0.0073824035,0.0077912119,0.0081889859,0.0088693555,0.0095562465,0.009969457875,0.010603066750000001,0.011109229,0.011457317750000001,0.0122326825,-0.010083189749999999,-0.00864810175,-0.00738197195,0.00771281225,0.009103005875,0.01076375425
2021-02-04,-0.0026740965,IV_COMBINED,-0.0114384795,-0.01063140575,-0.010234772999999999,-0.0097903125,-0.00933693075,-0.0090340085,-0.008389782375,-0.008047363875000001,-0.007337693175,-0.007088710525,-0.0065539411749999995,-0.0060479234,0.0065634682750000005,0.006815736225,0.0073545732,0.0077657871250000005,0.008150459875,0.00882572925,0.009498122625,0.009937786875,0.01054798325,0.011043592750000001,0.011398623125,0.01216050575,-0.01004622725,-0.008608723950000001,-0.007354389625,0.007676472225,0.009056738,0.010708604
2021-02-05,0.0038265658,IV_COMBINED,-0.01198733225,-0.0111686745,-0.010764853750000001,-0.010294872,-0.0097911465,-0.00946581575,-0.008789290575,-0.00843116575,-0.0076821741,-0.007413116575,-0.0068915476500000005,-0.006318382149999999,0.0068190379500000006,0.0070914673,0.00767468785,0.008095378375,0.0084844095,0.00920334375,0.00990241625,0.0103913435,0.01101242325,0.0115296345,0.01190184425,0.01272576175,-0.010541568000000001,-0.009026659499999999,-0.0077040057000000006,0.00799440365,0.0094430365,0.011186758
2021-02-08,0.0018673405,IV_COMBINED,-0.00952078025,-0.00879572925,-0.0081603915,-0.007884545125,-0.00776347875,-0.007515600674999999,-0.006930939275,-0.00665006225,-0.0061649057,-0.005921005875,-0.005427409325,-0.00508763835,0.005225168075,0.005381052325,0.006110873825,0.00624190125,0.0065629564250000005,0.007051849825,0.0076225430500000005,0.0080473455,0.008491996750000001,0.008956681125000001,0.00936466675,0.009694343000000001,-0.008296026875,-0.007084379675,-0.006120343225,0.006180518875,0.00728718615,0.00864417925
2021-02-09,0.0042037927,IV_COMBINED,-0.010333776499999999,-0.0094876505,-0.0088809355,-0.008623872,-0.00842128725,-0.00817638925,-0.007529023975,-0.007159809725,-0.006643223775,-0.0063986572,-0.005894776175,-0.0054584331,0.005561713975,0.0057392903,0.00655313195,0.006701512925,0.007047167074999999,0.0075988298999999995,0.00824099025,0.0087406455,0.0091701335,0.00967740775,0.01014001775,0.0104665925,-0.009008595125,-0.0076778763,-0.00661761315,0.0066284587,0.00785318145,0.009351676
2021-02-10,0.002744658,IV_COMBINED,-0.010663767625,-0.009787253749999999,-0.00916692675,-0.008918309499999999,-0.00870803825,-0.00842511275,-0.00777861725,-0.00736832075,-0.006862608425,-0.006628406725,-0.006083557975,-0.005636655975,0.005708127475,0.005903274275,0.0067296878,0.006895506225,0.007259417725,0.007825638125,0.008494715375,0.009000765125,0.009430537125,0.009954128375,0.01042840775,0.010784834,-0.00930049625,-0.00792031725,-0.0068284107,0.006819044475,0.008085881125,0.00962785175
2021-02-11,-0.0001051075,IV_COMBINED,-0.01031374975,-0.0094808265,-0.008864946,-0.00860847675,-0.0084157815,-0.008158548375,-0.0075270751,-0.00715777355,-0.00664757445,-0.006409725749999999,-0.00588348735,-0.005468876375,0.005560919725,0.005747508425,0.00655184845,0.006704015549999999,0.007052132225,0.0076004045,0.0082428145,0.008727265875,0.009152803625,0.009660644375,0.010124578,0.0104641595,-0.0089954765,-0.007671183725,-0.006615682375,0.00663104465,0.007852001875,0.0093423245
2021-02-12,-0.00083713245,IV_COMBINED,-0.01002293775,-0.009223793499999999,-0.00861023725,-0.00836139625,-0.008182622149999999,-0.007935934125,-0.007312142575,-0.0069785795,-0.006467501725,-0.0062200315499999995,-0.0057183601,-0.0053248729,0.005434029375,0.005606348875,0.006403097675,0.006544169,0.0068691026750000005,0.007406399925,0.00802709165,0.00850277025,0.00892069975,0.009409777,0.0098808895,0.010192935625,-0.008745336874999999,-0.007460879325,-0.0064355556,0.006467934275,0.007651308075,0.009104877625
2021-02-15,0.0009813948,IV_COMBINED,-0.008838621,-0.008149978125,-0.0075565723500000005,-0.0073279109500000005,-0.007194672475,-0.006975751175,-0.0064048353,-0.0062232379,-0.005710170025,-0.0054627444,-0.005042261175,-0.00469282745,0.004905486225,0.00501986755,0.005739219324999999,0.0058435763250000005,0.00612292615,0.0065753094,0.00708291425,0.00752106205,0.0079388137,0.008406912749999999,0.008792294499999999,0.009018176125,-0.0076973867,-0.006574113225,-0.005679364475,0.0057740828249999996,0.006806327725,0.008070652250000001
2021-02-16,-0.0010020226,IV_COMBINED,-0.00948022525,-0.008729780125,-0.008133824675,-0.007923580675,-0.0077384173,-0.0075165658000000005,-0.0068925991,-0.00664218315,-0.00611078295,-0.0058519036,-0.0054258993250000005,-0.005035168425,0.005189597875,0.005325712,0.0061214566,0.006236127425,0.006522555875,0.00702967855,0.0075937307499999995,0.00808332625,0.00849871475,0.00896669425,0.00942698175,0.0096541205,-0.00827771405,-0.00705919145,-0.0060943439250000005,0.0061506106,0.0072697575,0.00865137425
2021-02-17,-0.0071816086,IV_COMBINED,-0.010317012625,-0.009469750249999999,-0.008859627375,-0.008638405125,-0.008420486500000001,-0.0081604785,-0.00751641925,-0.007156932899999999,-0.006640343575,-0.0063965214,-0.00588470085,-0.005456674,0.00555894765,0.005736048225,0.006572263525,0.0067072974,0.007046119475,0.0076007135,0.0082344415,0.008742847,0.009159220499999999,0.0096761455,0.010170611,0.01044679375,-0.009001227,-0.007666759825,-0.006611061275,0.006629564100000001,0.0078529434,0.00935078275
2021-02-18,0.0033166977,IV_COMBINED,-0.0109565115,-0.0100215885,-0.00940960075,-0.0091774665,-0.008934208499999999,-0.00862781625,-0.00798898525,-0.007544248225,-0.007036694374999999,-0.00681458715,-0.0062327346750000005,-0.00578302925,0.005825123625,0.0060353767,0.006892165575,0.0070576332500000005,0.007448871175,0.008022153774999999,0.00871426825,0.0092355345,0.009662318999999999,0.010202353,0.0107084365,0.0110571635,-0.00954351825,-0.008121468925,-0.00700048315,0.00698316125,0.00828905535,0.0098755445
2021-02-19,0.0045866333,IV_COMBINED,-0.010392864875000001,-0.00952867275,-0.008921918,-0.008670607,-0.008471362999999999,-0.008198409375,-0.0075812684000000005,-0.0072038899,-0.006688952375,-0.006464086475,-0.0059125407,-0.005510851125000001,0.0055869171500000005,0.00578175625,0.0065957139,0.006743482525,0.007109213475,0.007653358,0.008304832250000001,0.008784789749999999,0.0092130445,0.00972252,0.010201913125,0.010538635875,-0.009052384,-0.0077188878,-0.00665795535,0.00667568655,0.0079066815,0.00940864325
2021-02-22,0.00089009403,IV_COMBINED,-0.00913653575,-0.008415375875,-0.007817630425,-0.007580640025,-0.007437528375,-0.0072091636,-0.0066319953000000004,-0.006414860125,-0.005896500225,-0.00565812655,-0.005203701175,-0.0048536687,0.005038061725,0.0051698684750000005,0.0059127342749999996,0.00602337335,0.006319008125,0.00679054465,0.0073250461,0.0077605224,0.00818663575,0.008656849375000001,0.009066236,0.009314867499999999,-0.007955848599999999,-0.0067940299999999995,-0.0058679040749999994,0.0059529436500000005,0.0070229641249999995,0.008330661375
2021-02-23,0.0016585697,IV_COMBINED,-0.0105246655,-0.00962386125,-0.009019748375,-0.008802210750000001,-0.008575022750000001,-0.008295492250000001,-0.00764674085,-0.0072703925,-0.00674408905,-0.006511264475,-0.005985475875,-0.0055384509,0.005628106625,0.0058100252249999994,0.00665606885,0.006792283725000001,0.0071563488,0.007722647125,0.00836398125,0.0088736745,0.0093111935,0.0098362655,0.010326489500000001,0.01061478725,-0.009164250249999999,-0.007795292675,-0.00672021485,0.006722905975,0.007974305175,0.00949802525
2021-02-24,-0.0030187552,IV_COMBINED,-0.011030375625,-0.010067053624999999,-0.009459396,-0.00923602525,-0.0089869455,-0.0086737445,-0.00803557125,-0.007589997875000001,-0.0070726164000000005,-0.00685459315,-0.00626882765,-0.00581682055,0.005846839175,0.006061578425,0.006915152,0.007086325525,0.007485952725,0.00806584625,0.008759273,0.009274266,0.00970535425,0.010244855,0.010750420875,0.011109275875000001,-0.00959882825,-0.008166265399999999,-0.0070407965,0.007013758875,0.008328450625,0.009919718000000001
2021-02-25,0.008278725,IV_COMBINED,-0.010862938374999999,-0.0099405,-0.009308862250000001,-0.00907254225,-0.008857957999999999,-0.008541991875,-0.0079174237,-0.007478636025,-0.00697969825,-0.0067623142,-0.0061612782,-0.00574775325,0.0057924761249999995,0.0060051542,0.0068323935,0.0070023520999999995,0.007392154675,0.007956515675,0.008636308625,0.009129424125,0.00957432,0.0101022095,0.01059742575,0.0109568775,-0.00945518625,-0.008045322825,-0.006938394775,0.0069316975749999996,0.0082179081,0.009778871
2021-02-26,-0.0069391346,IV_COMBINED,-0.0132286075,-0.011972726749999999,-0.011319781000000001,-0.011092382250000001,-0.01067645475,-0.01033090425,-0.00954691675,-0.008932550625,-0.008468019375,-0.0082512505,-0.007474153425,-0.006906646875,0.00675138865,0.007043976275000001,0.008052720025,0.008288096825,0.00883391025,0.009462502875,0.01033576025,0.010962971375,0.011399831,0.0120480495,0.01263984425,0.01323407325,-0.01146021575,-0.009719634250000001,-0.0083791014,0.008203551125,0.009793664,0.011714496250000001
2021-03-01,-0.007354783,IV_COMBINED,-0.012138455125,-0.011067580125,-0.01034583625,-0.0100872035,-0.009864133125,-0.009448967249999999,-0.008766797875,-0.00821892125,-0.007787517575,-0.0075828941,-0.006815037375,-0.006389677775,0.00636389485,0.00661070725,0.007458370875,0.007681917125,0.008161187325,0.00876044375,0.00950431375,0.01000720075,0.01055353325,0.01112692125,0.011627269249999999,0.01217183975,-0.01052126775,-0.00891360825,-0.0076910996,0.00761969475,0.009046956625,0.01077283125
2021-03-02,0.0010181748,IV_COMBINED,-0.01131603675,-0.010311580625,-0.00966379775,-0.009399960499999999,-0.009201222125,-0.008862501,-0.00822564825,-0.007741479575,-0.00725252295,-0.007024263675,-0.006392551925,-0.00597067105,0.005986772625,0.0062102794250000004,0.0070307566,0.007226680675,0.00765653405,0.008225937175,0.008935525,0.00942222975,0.009909136875,0.010429173875,0.0109213855,0.011367888625,-0.00981826025,-0.008349189875,-0.0071982935,0.0071639735749999996,0.00849477,0.010111233249999999
2021-03-03,0.0009011837,IV_COMBINED,-0.011233452250000001,-0.010238251,-0.009590707375,-0.009339949875,-0.009133148625,-0.00880014825,-0.0081540555,-0.0076812402500000005,-0.007189904,-0.0069683783,-0.006353220125,-0.00591647505,0.00594691195,0.0061580608749999995,0.0069884622,0.00717101425,0.007584615975,0.0081577707,0.0088561495,0.009352125,0.009846903,0.01036874175,0.0108573725,0.0112666565,-0.009748989999999999,-0.008283211,-0.0071438922500000005,0.007106840075,0.008427658250000001,0.010035841375
2021-03-04,-0.0027371373,IV_COMBINED,-0.01152607525,-0.01051672125,-0.009855940625,-0.009614822,-0.009394853,-0.00904281375,-0.00837159075,-0.007870218125,-0.007399785549999999,-0.007163659575,-0.006530771775,-0.0060772442,0.00608464885,0.006315361075,0.00715166905,0.0073569809,0.007776448975,0.0083643375,0.009094091375,0.009614001375,0.01007534075,0.010613695,0.0111233085,0.011562830999999999,-0.010019057500000001,-0.00850806975,-0.0073369416,0.00728444395,0.008641111,0.01029391475
2021-03-05,-0.011097572,IV_COMBINED,-0.01379228725,-0.01246301325,-0.011815464125,-0.01156581375,-0.0111307205,-0.010782957874999999,-0.0099314185,-0.00930060525,-0.0088574735,-0.00860989,-0.0078219112,-0.0072215896,0.00700329375,0.00731892975,0.00833997025,0.008600246375,0.00919018275,0.00981564025,0.01073988825,0.01141205,0.011822210375,0.0124804345,0.013079727374999999,0.0137974235,-0.01194695875,-0.01013758375,-0.00874739075,0.008518452499999999,0.010165278125,0.01217025975
2021-03-08,-0.0041637667,IV_COMBINED,-0.011136064625,-0.010235151875000001,-0.009505691,-0.009226646,-0.00907997875,-0.008712449125,-0.008074429325,-0.007606825675,-0.007190807625,-0.00695691905,-0.00628297275,-0.005906086875,0.005950482,0.006168034075,0.006944154125,0.007159966324999999,0.00754709845,0.008113345825,0.008784704,0.00923198825,0.009748166499999999,0.01027879925,0.010735818,0.0112036515,-0.00967805825,-0.00821804075,-0.007093050975,0.007078894675,0.008376782499999999,0.0099408655
2021-03-09,0.0023669945,IV_COMBINED,-0.012550237,-0.01138834025,-0.01071550375,-0.0104667425,-0.010163079,-0.00980005825,-0.00904241525,-0.00850801775,-0.0080395435,-0.007783789375000001,-0.0070805629,-0.00657076815,0.0064985934000000006,0.00674696775,0.0076659256,0.00788290035,0.0083940725,0.00898993425,0.00980686125,0.01036102225,0.010848706999999999,0.01142589225,0.011976440999999999,0.012544321625,-0.01087369125,-0.009221107875,-0.007948639649999999,0.007822484250000001,0.009299932,0.011107471
2021-03-10,0.0008494034,IV_COMBINED,-0.0127786875,-0.01187402775,-0.011344416375,-0.01094499825,-0.010263623375,-0.01001953225,-0.0092645445,-0.008609542125,-0.008013777875000001,-0.0076600022,-0.0068802623,-0.006684438175,0.00700752685,0.0071522067250000005,0.00764449085,0.00832687125,0.008639119,0.00931161625,0.010097454625,0.010777711,0.01115293325,0.01153556775,0.01175590775,0.01344944,-0.011176174,-0.0094503625,-0.007970755749999999,0.00810815975,0.00958212575,0.0114466895
2021-03-11,0.0052736723,IV_COMBINED,-0.014178765,-0.01314375775,-0.012526631,-0.0121271465,-0.011304969750000001,-0.011074965249999999,-0.0102463265,-0.0095096515,-0.008969521,-0.00852463675,-0.0076332705999999995,-0.00737434375,0.0076830429249999995,0.007829975749999999,0.008402602625,0.00908043375,0.0094982635,0.0102309295,0.011121655499999999,0.0119487855,0.012255967125,0.012692594750000001,0.013009051,0.014848874,-0.01236592075,-0.010465419,-0.0088233735,0.008907108375,0.010524775375,0.01263686675
2021-03-12,-0.0018078572,IV_COMBINED,-0.012161379,-0.0112792135,-0.01079241025,-0.0104301825,-0.00977827725,-0.00948282275,-0.00883303425,-0.008205241375,-0.007639496875,-0.007291667474999999,-0.006582372825,-0.006369229975,0.0067116597500000005,0.006871300825,0.0073080279,0.008000644,0.0082941075,0.00887766675,0.009629104749999999,0.01028218325,0.010675126375,0.01099575225,0.011242247375,0.0128620945,-0.01062637475,-0.00899060125,-0.007586267075,0.0077628404,0.009159455,0.010938151
2021-03-15,-0.0018174258,IV_COMBINED,-0.010781838,-0.0100334755,-0.00967050425,-0.009324552375,-0.008706297,-0.008455218375,-0.0078513097,-0.007336390225,-0.006796710925,-0.006527050275,-0.0058965363,-0.005661686325,0.0060530575,0.006225581875,0.006587917925000001,0.0071895546,0.0074868168,0.00800314775,0.00858922625,0.009181217,0.009596770000000001,0.00985882825,0.01015504175,0.01139559625,-0.009460276,-0.00802202675,-0.006775376325,0.00698852,0.0082255145,0.00978357025
2021-03-16,-0.0017807985,IV_COMBINED,-0.01229814825,-0.011400434125000001,-0.0109359475,-0.01057150625,-0.00988229475,-0.009642086875,-0.0088847575,-0.008263034,-0.0076740875,-0.0073511235,-0.0066060079,-0.0064028985,0.006740624225,0.006872619525,0.0073683373,0.008038450400000001,0.008356212,0.008976620000000001,0.009732581,0.010349887,0.01073726225,0.01112415125,0.011407151875,0.012897216,-0.010758894125000001,-0.00907998275,-0.0076530306250000004,0.007814074975,0.00924560325,0.0110248195
2021-03-17,0.00082359347,IV_COMBINED,-0.012102622375,-0.01121693975,-0.01077855225,-0.01040358325,-0.0097240025,-0.009488615,-0.008760702,-0.008156296725,-0.007573281075,-0.007256368125,-0.0065250563,-0.006326719775,0.0066603080749999995,0.0068062487,0.00726975835,0.007957204375,0.008239316425,0.008868358125,0.009581373875,0.01020686975,0.010598467875,0.0109714735,0.01120053125,0.012726244625,-0.010587152249999999,-0.00895148925,-0.00755061145,0.00771140105,0.00912354525,0.0108626975
2021-03-18,0.0018548016,IV_COMBINED,-0.012683470375,-0.0117828225,-0.011297486874999998,-0.01090311725,-0.010208799,-0.00997717125,-0.00921533875,-0.00854699835,-0.0079653316,-0.0076026115,-0.006826708825,-0.00664116685,0.006976142775,0.007108985375,0.007595628,0.00829508545,0.00861399,0.00927983025,0.0100609025,0.010734612375,0.01109417,0.011463029,0.01167190775,0.013362238375,-0.01111107575,-0.00940046525,-0.007918931550000001,0.008071129350000001,0.00954256725,0.011384766125
2021-03-19,-0.0014411598,IV_COMBINED,-0.012083772,-0.01120263375,-0.01072541475,-0.010367452999999999,-0.009725660375,-0.009440052875,-0.008779672125,-0.0081393386,-0.0075746016,-0.00721357785,-0.0065234405,-0.006304997875,0.006663149875,0.006821885425,0.007282985675,0.007928398175,0.008238498675,0.008836858749999999,0.0095859325,0.0102176635,0.010616371999999999,0.010916362499999999,0.011150629375,0.012799617999999999,-0.01056391425,-0.00893181575,-0.0075242813,0.0077184902500000005,0.00910121,0.010874043
2021-03-22,0.0019378469,IV_COMBINED,-0.00995971525,-0.00928650125,-0.00899619025,-0.0086360085,-0.00810137625,-0.00785137075,-0.0073123534,-0.006864311175,-0.0063604723750000005,-0.0060941267,-0.005501970975,-0.005245398625,0.0057114488,0.005885683925,0.0061924181750000005,0.006722406425,0.007048914075,0.007487664075,0.008015484,0.00862016325,0.009005388,0.009204296,0.00949691225,0.01062207725,-0.008766994,-0.00747693965,-0.006311435575,0.006570789925,0.00769575295,0.00915200475
2021-03-23,-0.005024334,IV_COMBINED,-0.011284147,-0.010472782125,-0.01005810675,-0.00971571075,-0.009119898,-0.00885215425,-0.00819331465,-0.0076098863,-0.0070588609,-0.006735890875,-0.006096792375,-0.005876471075,0.00626033155,0.006391439225,0.00683889605,0.00741714525,0.007792035525,0.0082929275,0.0089986515,0.009584127500000001,0.009970635,0.010209004375,0.010528449,0.01190393975,-0.009888938,-0.008354464575,-0.007034239075,0.00725627075,0.008541952925,0.0101971605
2021-03-24,-0.0035164768,IV_COMBINED,-0.011797552,-0.010922778,-0.01046942,-0.01011309275,-0.009495188750000001,-0.009226248,-0.00854105825,-0.007918627175,-0.00735910685,-0.0070205386249999994,-0.0063460391,-0.006138976275,0.006495902675,0.006630274,0.00711410645,0.007713495875,0.008069715,0.008627519,0.009369831125,0.00996686925,0.01036119775,0.010622857125,0.01089837925,0.0124411495,-0.010310972,-0.00870289225,-0.0073300858,0.0075359658,0.0088806835,0.010607486
2021-03-25,-0.0045749126,IV_COMBINED,-0.011758664625,-0.010886698875,-0.010440455750000001,-0.010083664499999999,-0.00946668225,-0.009192818,-0.008523949,-0.007905367525,-0.0073456677,-0.007004860125,-0.00633803665,-0.00612913115,0.00648384335,0.00662737,0.0070980695,0.007699209425,0.008045886425,0.008613854375,0.009341760250000001,0.00994517,0.01034403425,0.010601425499999999,0.010855827,0.012420845,-0.010277705375,-0.00868165125,-0.007314042725,0.007519386225,0.008860427,0.01058152775
2021-03-26,0.0017371187,IV_COMBINED,-0.01163020625,-0.01077344625,-0.010335180749999999,-0.00998417875,-0.0093624865,-0.00909558,-0.00843104,-0.007821872124999999,-0.007269684,-0.006938002475,-0.00627549095,-0.0060656888999999995,0.0064263712,0.006566955,0.007023406925,0.007634477674999999,0.007981853875,0.008534808750000001,0.009249084875,0.009848067375,0.010239762749999999,0.010492098625,0.010760304,0.01229068275,-0.0101691795,-0.008590671000000001,-0.0072393271500000005,0.0074495344,0.008778465125,0.0104775805
2021-03-29,-0.0015864065,IV_COMBINED,-0.00954375025,-0.0089020755,-0.00863535875,-0.008283234825000001,-0.007770659425,-0.0075226231000000005,-0.0070108828500000005,-0.006605783775,-0.0061266231,-0.0058653581,-0.005286010825,-0.00502379635,0.005521353625,0.00568885915,0.0059728631,0.006470273225,0.0068227641999999995,0.00720708645,0.0077121764750000005,0.0083253441,0.00869764385,0.0088755049,0.009185158249999999,0.01021038025,-0.008404468675,-0.0071802542,-0.006060714525,0.00634360335,0.0074175611,0.008826140675
2021-03-30,-0.0046464214,IV_COMBINED,-0.011126711875,-0.010324751625,-0.009914395500000001,-0.0095668465,-0.008989421,-0.00872402325,-0.0080735695,-0.007503383375,-0.00696362195,-0.006644111175,-0.006005239625,-0.005787713575,0.006181606525,0.006306781799999999,0.006751180675,0.007300310799999999,0.0076975892,0.008182701,0.008878028999999999,0.009460460375,0.00984772675,0.010064410375,0.01038952525,0.011744235,-0.00974635125,-0.008235799,-0.0069328942,0.007163037325,0.008424608,0.0100639955
2021-03-31,0.0015980469,IV_COMBINED,-0.0111715955,-0.01037074825,-0.00995372175,-0.009588545,-0.009014295625,-0.008760805375,-0.008113824725,-0.007538972,-0.0069946924,-0.0066758850750000005,-0.006042001050000001,-0.0058321455,0.00621151235,0.006348240825,0.006782115575,0.0073461961,0.00771653685,0.00823327485,0.00890655575,0.0094934935,0.00988487,0.010099121749999999,0.01036483725,0.01181080625,-0.009781198250000001,-0.00827240305,-0.006969961925,0.007192992075,0.008460337125,0.01009211225
2021-04-01,0.0025006074,IV_COMBINED,-0.010773183875,-0.010013582625,-0.009635910250000001,-0.009267092499999999,-0.0087197465,-0.008465407125,-0.0078577078,-0.0073163175,-0.0067870963999999995,-0.0064713953250000004,-0.0058574436,-0.00563918,0.006051522849999999,0.006194476775,0.00658160535,0.0071282671,0.0075057328,0.00799062445,0.0086267985,0.009222019375,0.0096030515,0.009787869875,0.01006162625,0.0114444395,-0.00944780275,-0.00801248785,-0.006749949,0.00699202715,0.00820785825,0.009791586750000001
2021-04-06,0.006722259,IV_COMBINED,-0.010752546625,-0.00999293,-0.0096103825,-0.009242850625,-0.0087072825,-0.00844572695,-0.00784627225,-0.0073038954000000005,-0.006776385375,-0.006454599,-0.005845486025,-0.00562137315,0.0060450156,0.00618797725,0.00657927675,0.00710187025,0.007495774725,0.007969978375,0.008616364225,0.009211763500000001,0.0095926835,0.009762149,0.0100467885,0.011440098375,-0.00942826675,-0.00799653235,-0.006734216225,0.0069848815,0.008189227525,0.00978153975
2021-04-07,0.0032244131,IV_COMBINED,-0.011362219,-0.010539366500000001,-0.01011051725,-0.009745726125,-0.009148211,-0.00890637975,-0.00823286365,-0.0076453755,-0.0070893414,-0.0067687111,-0.00612781915,-0.005919303575,0.0062916476,0.006426434325,0.0068833308,0.0074497678,0.007822490349999999,0.00836125025,0.009051856875,0.0096315485,0.01001990875,0.0102446,0.01051288575,0.01200848375,-0.009940380625,-0.008396895325,-0.007073517675,0.00729515195,0.00858599325,0.01024493675
2021-04-08,0.0011978163,IV_COMBINED,-0.01145688625,-0.01062331575,-0.0101824015,-0.0098192435,-0.00921295175,-0.0089651635,-0.0082987155,-0.00770474595,-0.007150801575,-0.006825471425,-0.006176912850000001,-0.0059680178250000005,0.006337661275,0.006476143425,0.0069286728499999995,0.00751756425,0.007877201275,0.0084193459,0.009115470125,0.00970305575,0.010093645375,0.010323658125,0.010584029625000001,0.01211558925,-0.01001551225,-0.008460365925,-0.007128062375000001,0.0073470301499999995,0.00865064815,0.0103223575
2021-04-09,-0.00062184484,IV_COMBINED,-0.010871952,-0.010103586250000001,-0.00971637925,-0.00934683475,-0.00878348975,-0.00853501875,-0.007921605625,-0.007371215525,-0.006835926025,-0.00652524855,-0.0059084693,-0.0056927246,0.006094229525,0.006239886275,0.00662893835,0.007193232875,0.00755594,0.008059994875,0.008692493425,0.0092806225,0.0096718895,0.009866291875,0.0101272215,0.01154091,-0.009528176,-0.008076029375,-0.0068065355000000004,0.007042297575,0.008273590175,0.0098626275
2021-04-12,0.00091372646,IV_COMBINED,-0.00882779825,-0.0083929615,-0.0077269611000000005,-0.0075485607,-0.0073051770750000005,-0.0072651857,-0.00669820065,-0.006005236325,-0.0057109786,-0.0054744605,-0.00496890415,-0.00461741375,0.005082477575,0.0053720544750000005,0.005825920875,0.0061626892,0.00655451705,0.00683936435,0.0073568242,0.0077616605,0.008012785750000001,0.008111180675,0.008579524125,0.009366881,-0.0078679365,-0.006681312325,-0.005666239875,0.00603835905,0.007004915425,0.008215535324999999
2021-04-13,0.0026084492,IV_COMBINED,-0.009777979625,-0.00918870275,-0.008510165425,-0.0083377195,-0.0080777474,-0.00797339705,-0.0073621308,-0.0066131051,-0.006254091075,-0.005994585425,-0.005439778025,-0.005024982674999999,0.00548238685,0.00584898175,0.006323428875,0.0067324348,0.007179079200000001,0.007438947075000001,0.008028163500000001,0.008457179,0.008799805375,0.008930812,0.00933955325,0.010254111,-0.00867110925,-0.00734257775,-0.006209169675,0.0065724079000000005,0.00766188685,0.00897576275
2021-04-14,0.003004691,IV_COMBINED,-0.01012086975,-0.009495044499999999,-0.00883336725,-0.008643070499999999,-0.008379605575,-0.008261196675,-0.0076396304,-0.006842645225,-0.00648176485,-0.0062146909,-0.0056315172,-0.00519575935,0.00565955005,0.006031368925,0.00653457265,0.00695392215,0.0074083429999999995,0.007678395124999999,0.00829771575,0.008733195125,0.00906986125,0.00921010725,0.009630277125,0.010582848249999999,-0.0089799575,-0.00761172085,-0.006429162,0.00678631,0.0079096965,0.00926278
2021-04-15,-0.0009420455,IV_COMBINED,-0.01007583925,-0.009454155,-0.00880831975,-0.0086110655,-0.008345091625,-0.008228672525,-0.007612772,-0.0068222179,-0.006459352,-0.0062002857,-0.0056117618,-0.005178216,0.0056408520249999995,0.006010577825,0.006511025375,0.0069265391,0.007375691975,0.007647099825,0.0082648545,0.00869723675,0.009033682000000001,0.00916924325,0.009596223000000001,0.01053984825,-0.008942965,-0.007586266899999999,-0.00640823075,0.006760600574999999,0.00787668565,0.009226369
2021-04-16,0.00129691,IV_COMBINED,-0.010259383625,-0.0096128855,-0.008962202249999999,-0.008768552249999999,-0.00849262075,-0.008363622825,-0.0077422209,-0.006939052225,-0.006570070475,-0.0062982393,-0.005705363624999999,-0.00526555215,0.005722433525,0.00609659885,0.006607305225,0.007032467,0.0074897783750000006,0.007771641125,0.00839338325,0.00882302225,0.00917810725,0.0093171905,0.00973111775,0.0106966175,-0.009099413125,-0.00771543395,-0.006514366475,0.00686189985,0.008000892,0.00936444975
2021-04-19,0.0041301157,IV_COMBINED,-0.00857709575,-0.008161014325,-0.007504357999999999,-0.007323156149999999,-0.00707853105,-0.00705057015,-0.006510322325,-0.0058355513,-0.0055582228249999996,-0.0053276249749999996,-0.00482960975,-0.004490757475,0.00496217685,0.0052285736,0.005680140725,0.00600404145,0.006385983875,0.006671711475,0.0071730522250000005,0.007567397875,0.007801791875,0.007901897875000001,0.008365175575,0.00913354625,-0.0076380735250000005,-0.006491805325000001,-0.0055068224999999995,0.005885985525,0.006827337575,0.00800819255
2021-04-20,0.0013168801,IV_COMBINED,-0.010758791875,-0.010046436625,-0.009356325124999999,-0.0091873585,-0.008888524,-0.00873051725,-0.008077464749999999,-0.007263410425,-0.0068531783,-0.006547656625,-0.0059507827499999996,-0.00548210205,0.005929963925,0.0063387844749999995,0.00686897555,0.00732442075,0.007820350175,0.008102141425,0.00873794175,0.00918096,0.00958658775,0.009748957249999999,0.010113376875,0.01116739675,-0.00952232575,-0.008056178925,-0.006794893975000001,0.0071392031,0.00834676225,0.009757252374999999
2021-04-21,-0.0008908853,IV_COMBINED,-0.01062953925,-0.00994468975,-0.009300814000000001,-0.009103622,-0.0088088305,-0.00866149775,-0.008027100375,-0.00720247435,-0.006804236325,-0.006523713125,-0.005914942875,-0.0054434621249999995,0.00589706025,0.006285808,0.00682286945,0.0072560061749999995,0.00773555325,0.008022242950000001,0.00866997725,0.0091021795,0.009459127,0.009607366499999999,0.010029946625,0.011043215625,-0.009429635875,-0.007999224499999999,-0.006749217950000001,0.0070822537,0.0082582295,0.00966088925
2021-04-22,-0.0018361888,IV_COMBINED,-0.012121076125000001,-0.01123979675,-0.010637277875,-0.0104010355,-0.010077729625,-0.00982259875,-0.0091219925,-0.00821791,-0.007705722975,-0.007389244125,-0.0067234619999999995,-0.00616224215,0.006609669925,0.0070695824,0.007670453625,0.008144528,0.008671297125,0.008977430875000001,0.009751735000000001,0.0102042655,0.010653140875,0.010835126875,0.01122897025,0.012427160625,-0.010732447375,-0.009101100375,-0.0076630916,0.0079545477,0.009276023500000001,0.01085305475
2021-04-23,0.004755081,IV_COMBINED,-0.010565099125,-0.009900904625,-0.00927610125,-0.00907059525,-0.008771340875,-0.008624283725,-0.008002389925,-0.00717118265,-0.0067805995,-0.006515188675,-0.0058976954500000005,-0.00543659665,0.005881450875,0.006259094925,0.00679239175,0.007215209,0.00767761735,0.00797722175,0.008627408,0.0090526965,0.00938125525,0.00951878525,0.00998473875,0.01095118975,-0.009386445,-0.00797091125,-0.006728989375,0.007047592825,0.0082032478,0.00959945725
2021-04-26,0.0011842112,IV_COMBINED,-0.008942508,-0.0085006135,-0.007826959425,-0.007655981274999999,-0.007394064875,-0.007341672525,-0.006780954275,-0.0060974134,-0.0057833987,-0.0055439172,-0.00503751725,-0.00467078385,0.005123654475,0.005418273875,0.005867519775,0.00621747075,0.00661992355,0.006907557575,0.007431142775,0.007828281874999999,0.008088817750000001,0.008188702249999999,0.0086594366,0.009448000875,-0.0079669679,-0.006766079525,-0.0057382607,0.00609210315,0.007072959575,0.008291136000000001
2021-04-27,-0.00034973465,IV_COMBINED,-0.00977679775,-0.0091850195,-0.0084963755,-0.008335031750000001,-0.008059649674999999,-0.00795560585,-0.0073505976,-0.00661704965,-0.0062513015000000005,-0.005979927475000001,-0.0054418047,-0.0050242163,0.005469686475,0.00582569555,0.006298105375,0.0067127791,0.007168337025,0.007435471225,0.00801751375,0.0084355505,0.0087733185,0.00889979425,0.00931512875,0.01021588625,-0.008662421,-0.007334186375,-0.006203721000000001,0.006555867625,0.007646778975,0.0089514795
2021-04-28,0.0016007415,IV_COMBINED,-0.00971284175,-0.009125788749999999,-0.008462738249999999,-0.0082865825,-0.008015422500000001,-0.00791393225,-0.00731904255,-0.0065811572500000005,-0.006223873225,-0.005962164,-0.005415729625,-0.004997182425,0.0054528158,0.00579967225,0.0062715876,0.00668049535,0.0071303036,0.00739630915,0.00798246325,0.00839691375,0.008721691625,0.0088457175,0.009272778375,0.010163307625,-0.008610913625000001,-0.007300149000000001,-0.006174033025,0.0065273684,0.00760705755,0.00890743075
2021-04-29,0.0010182596,IV_COMBINED,-0.0105875955,-0.00988784475,-0.009247149,-0.009055582749999999,-0.0087580735,-0.008602512925,-0.0079704189,-0.00715484865,-0.006762799425,-0.00647849395,-0.00587130775,-0.005409955675,0.005862765725,0.0062514195,0.006770291775,0.00721642165,0.0077003739500000005,0.007975163925,0.008617614749999999,0.00905749575,0.00943351125,0.0095796295,0.009979713500000001,0.010982190625,-0.009378322125,-0.00794754565,-0.0067034237500000005,0.00704049315,0.008217840625,0.009614105375
2021-04-30,-0.0066341795,IV_COMBINED,-0.010230704,-0.00956461475,-0.008949754,-0.008746152375,-0.0084713515,-0.0083216809,-0.007708397625,-0.006901420575,-0.006556048675,-0.006266141075,-0.005680678925,-0.005265051675,0.005716144875,0.0060715452,0.0065891386,0.0069971753,0.0074655470750000005,0.0077632050000000005,0.008358884625,0.00880255675,0.00913484975,0.00927176125,0.00968483475,0.010627298,-0.009066900499999999,-0.0076874606,-0.006486994725,0.006840252325,0.007971314525,0.00932168475
2021-05-03,0.0023641875,IV_COMBINED,-0.008793062,-0.00833381225,-0.0076763158,-0.007500536,-0.007255049875,-0.00720711175,-0.006645276825,-0.0059624016250000005,-0.00568912055,-0.0054241625750000005,-0.004933763025,-0.004588384125,0.0050659067249999995,0.005331249325000001,0.005776996225,0.006122939175,0.0065266264,0.006830635075,0.00731077085,0.007718766975,0.00798090175,0.0080806405,0.0085239996,0.009300527749999999,-0.007817914249999999,-0.006636045225,-0.005623164625,0.00600230995,0.006974322525,0.00816699375
2021-05-04,-0.0036659406,IV_COMBINED,-0.010074715750000001,-0.00942135025,-0.008761820125,-0.008591682375,-0.008306751375000001,-0.008171510025,-0.007546628575,-0.0067920481,-0.0064367760999999996,-0.00613603255,-0.005573438575,-0.0051610193,0.0056165120499999995,0.00597479905,0.00646670395,0.0068889305750000004,0.007365917475,0.007652186925,0.008214011125,0.008651244,0.009022720250000001,0.00916393025,0.009537213499999999,0.010487688625,-0.008913202125,-0.007541756575,-0.00636680995,0.0067275886,0.0078569952,0.00918257575
2021-05-05,-0.0010305427,IV_COMBINED,-0.01015787825,-0.0094916955,-0.008861969,-0.00867163025,-0.00839561405,-0.008245581325000001,-0.007630356625,-0.006848037575,-0.006502654375,-0.00620203975,-0.005632040975,-0.005211403725,0.0056796571,0.006022003850000001,0.006532298725,0.006942952925,0.007419488625,0.007720497625,0.008290220000000001,0.0087312425,0.009075080125,0.009210894125,0.009611441875,0.010555976875,-0.00899248,-0.0076177198000000005,-0.006427820549999999,0.006788733675,0.007916810875,0.00925279275
2021-05-06,0.0039124996,IV_COMBINED,-0.01010342475,-0.009462172625,-0.0088263255,-0.00863490305,-0.0083573495,-0.008226792525,-0.0076099887,-0.00683651075,-0.0064787371,-0.0061982026,-0.0056164006,-0.005189890175,0.00565389275,0.0060055869,0.0065002884,0.006921300275,0.007383704075,0.0076663175,0.008257085875,0.008692893,0.0090307195,0.0091638395,0.00959025925,0.0105317175,-0.008956928749999999,-0.00759567075,-0.006413559225,0.0067601115500000005,0.0078784491,0.009220535
2021-05-07,0.009554512,IV_COMBINED,-0.011599036875,-0.01076774025,-0.010156453874999999,-0.009934083125,-0.00962058175,-0.00939752675,-0.0087196185,-0.007856791125,-0.0073857877749999995,-0.007071209199999999,-0.006424757425,-0.005900509925,0.006353483074999999,0.00678409825,0.00735375405,0.007825592275000001,0.008342287,0.0086383855,0.00935116125,0.009806316625,0.01023575075,0.010404318374999999,0.01079192475,0.0119339055,-0.0102637945,-0.008703236,-0.007330159125,0.0076369565,0.00891234925,0.010423812
2021-05-10,0.00040682981,IV_COMBINED,-0.00956513225,-0.00889212725,-0.008341267875,-0.008144897375000001,-0.00792639425,-0.0076757995,-0.0071250198,-0.006397831075,-0.006158402875,-0.005778477075,-0.00528887955,-0.0049399581,0.0054145962,0.005710241625,0.0062291331,0.006539752675,0.00701596785,0.0073999017749999995,0.00786468425,0.008215912124999999,0.0085377695,0.008695168,0.0090258365,0.00988472675,-0.00844087,-0.007139664425,-0.006016188875,0.0064469244500000005,0.007503094875,0.00870578575
2021-05-11,-4.7249512e-05,IV_COMBINED,-0.0104677365,-0.009621986124999999,-0.00926657325,-0.008816528399999999,-0.008522815,-0.0078083200000000005,-0.007730936,-0.00743892545,-0.007021634,-0.006790370725,-0.0064132825,-0.006007713275,0.005866449875,0.0064431872000000005,0.0069835707,0.0070577814249999996,0.0075397573,0.00779967635,0.00833484025,0.00878579325,0.009174369375000001,0.00969541575,0.00981353725,0.01063276175,-0.009047477,-0.0078532775,-0.006891722425,0.00703356095,0.008085494,0.00934826
2021-05-12,-0.007899375,IV_COMBINED,-0.011557675,-0.01050876875,-0.0101829755,-0.0096413995,-0.009294331,-0.008675713125,-0.00856052275,-0.008133488625000001,-0.00773568265,-0.007436994475,-0.00701544015,-0.00657673695,0.0063543239,0.00699767315,0.007603898375,0.007684848825,0.0082266135,0.0085430175,0.009182679249999999,0.009568023125,0.01004323775,0.01054663725,0.010654022249999999,0.0116637245,-0.00993557725,-0.00865767675,-0.00756767485,0.007673037675,0.008836759,0.010222337250000001
2021-05-13,-0.00033136172,IV_COMBINED,-0.01159177325,-0.01053025075,-0.01018854325,-0.0096437925,-0.009303882749999999,-0.008670362000000001,-0.00856765,-0.00816220775,-0.007750304749999999,-0.00746661545,-0.00702991115,-0.00660576245,0.006384752699999999,0.007004092925,0.007617337075,0.00775712925,0.008274594,0.008569826,0.00920942875,0.0096110065,0.010111773875,0.010606339749999999,0.0106890775,0.01171023375,-0.009948012249999999,-0.00866781375,-0.00758697205,0.00769804165,0.008883463500000001,0.010266304
2021-05-14,0.0058283433,IV_COMBINED,-0.011035237875,-0.01005865675,-0.0097297275,-0.00920426425,-0.008893337,-0.008241742875,-0.008167136375,-0.007801123525,-0.007392883125,-0.0071380562750000005,-0.00672463375,-0.006327990325,0.006138429325,0.00674414195,0.0073025659,0.00739652725,0.00789996625,0.00819961475,0.00879734075,0.009170405625000001,0.0096457585,0.01015122525,0.01024230625,0.011171124125000001,-0.0094866475,-0.00826652275,-0.00724670925,0.00737648895,0.00848893525,0.00980538725
2021-05-17,0.0012183728,IV_COMBINED,-0.00889491975,-0.008210827,-0.007919119125,-0.00753233395,-0.0072791727,-0.006594025125,-0.0065430443,-0.006434578,-0.0059933018,-0.005883760575,-0.00551919435,-0.005244547775,0.00516708435,0.005667796,0.006099285225,0.0061561770000000005,0.00652414245,0.0067638958249999995,0.0072636676,0.007605274375,0.00801175065,0.00845716225,0.0086125825,0.009172071,-0.007702255750000001,-0.006696813475,-0.0059352211,0.0061443952,0.007033009,0.008133069
2021-05-18,0.0038880282,IV_COMBINED,-0.009775434125,-0.008929987,-0.00864990815,-0.00821436375,-0.007936164875,-0.00729273,-0.0072120542999999995,-0.006982108775,-0.00652102405,-0.006347768175,-0.0059885814999999995,-0.005663923,0.0055329616000000005,0.006088928775,0.006555617725,0.00662006015,0.00703386835,0.0073168944250000005,0.0078909858,0.008245402625,0.00865149025,0.0090791205,0.00924291125,0.01000541025,-0.008429735550000001,-0.007331564925,-0.006455022249999999,0.0066204725,0.007588186,0.0088072405
2021-05-19,0.0011323603,IV_COMBINED,-0.010571520000000001,-0.009602071375,-0.00932585725,-0.008833983875,-0.00850758945,-0.007913682075000001,-0.007829560425,-0.0074953975499999995,-0.007046396625,-0.00682062305,-0.00642235375,-0.006066282825,0.005890727275,0.006491591749999999,0.0070088118000000005,0.0070834561499999995,0.007552544875,0.007864725025,0.00849385025,0.00881981725,0.0092635515,0.009693977375,0.009848244499999999,0.010745317375,-0.00908576925,-0.007922178875,-0.006943668025,0.00708750495,0.008137710624999999,0.009434155875
2021-05-20,0.00071602175,IV_COMBINED,-0.010679336,-0.0097046885,-0.00942413675,-0.00893389975,-0.008578973625,-0.008010163875,-0.007929881625,-0.007585891275,-0.007121708375,-0.0068910052,-0.006486560625,-0.006119219675,0.0059391935,0.00655475275,0.00708698125,0.0071534441,0.0076379311,0.0079598025,0.008595172,0.008908467375,0.009371923375,0.00980138775,0.00994583875,0.010862409875,-0.00918141225,-0.00801435675,-0.007018568075,0.007162806225,0.008229548,0.00953676225
2021-05-21,-0.0038952054,IV_COMBINED,-0.0106409235,-0.0096663455,-0.00937802925,-0.008890982,-0.008538802075,-0.007973899325,-0.007897308825,-0.0075560525,-0.007087658775,-0.006857740225000001,-0.006459568175,-0.00609238885,0.005914223525,0.006529217375,0.0070578341,0.007132847025,0.0076093173,0.007929814,0.0085557485,0.008874556125,0.009337008875,0.00976236225,0.009901349875,0.010804421750000001,-0.0091421905,-0.007978589575,-0.0069879297250000005,0.0071332679,0.00819801775,0.00949461725
2021-05-24,0.002665378,IV_COMBINED,-0.00897476375,-0.008236239874999999,-0.007962958075,-0.007594334375,-0.007275755775,-0.006695647275,-0.0066439232,-0.0064943186,-0.00601311745,-0.0058905639000000004,-0.00554536835,-0.00526289845,0.005176993875,0.005693413499999999,0.006128486075,0.00617275855,0.00654574285,0.0068202209,0.007352731625,0.007665651025,0.008085323225,0.008468684,0.008636323750000001,0.00924741625,-0.007755348675000001,-0.0067619924500000005,-0.0059777594,0.00617947345,0.007072027725,0.008197489249999999
2021-05-25,0.0018860713,IV_COMBINED,-0.010070757999999999,-0.009150340375,-0.00887641525,-0.008446608425,-0.00809536995,-0.00753996725,-0.007457777,-0.0071716703,-0.006691052575,-0.006494768875,-0.006132543525,-0.005794058525,0.00564462785,0.00622617725,0.006711184475,0.00678226325,0.007202601675,0.0075249486749999995,0.00812031085,0.00845398525,0.008874422,0.00926100825,0.0094327935,0.010269031,-0.00866060875,-0.00754737645,-0.006626601725,0.006780980225,0.0077782269,0.0090301085
2021-05-26,-0.0023776067,IV_COMBINED,-0.010473986,-0.0095031095,-0.00922263075,-0.008756702725,-0.0083952705,-0.007844707,-0.007768456075,-0.00743588905,-0.0069654900750000005,-0.0067433064,-0.0063564601,-0.00600286995,0.0058331466749999995,0.006430383725,0.006946687475,0.0070289886,0.0074779297,0.0078059902499999995,0.00842064,0.00874523725,0.009187164500000001,0.009588481749999999,0.009743058,0.010630534,-0.008994755125,-0.00784743485,-0.00687664655,0.00702175745,0.00806440635,0.00934532675
2021-05-27,-0.0007849093,IV_COMBINED,-0.010296801,-0.009363853,-0.0090707605,-0.008609231,-0.008281420075,-0.00770424925,-0.00763400685,-0.007324098275,-0.006848857,-0.00664092935,-0.0062582581,-0.005908494225,0.00575376075,0.0063383941,0.0068509557,0.00692083265,0.00736462235,0.00768498215,0.008283250875,0.00860717075,0.009043035750000001,0.0094596985,0.00960269175,0.010446328875,-0.008851110875,-0.0077163941,-0.006767205775,0.0069181969,0.0079426775,0.009196496
2021-05-28,-3.4853598e-05,IV_COMBINED,-0.010630399875,-0.009667482875000001,-0.009369174000000001,-0.008887664625,-0.00853229125,-0.00797201325,-0.007897013125,-0.007546999075,-0.007082992425,-0.0068496986499999996,-0.006452164875,-0.0060826178000000005,0.005906148225,0.006516718350000001,0.00704963925,0.007128697275,0.007598074,0.00792239775,0.008535934,0.008866955,0.009325664125,0.009739996125,0.009880033125,0.010796565625,-0.00913797025,-0.007973638500000001,-0.006980698675,0.0071213028,0.00818501975,0.009481030500000001
2021-05-31,0.0029275643,IV_COMBINED,-0.00862341925,-0.0079291885,-0.007648068400000001,-0.0073003494,-0.006996058925,-0.00641278155,-0.0063698853,-0.006245538,-0.0057808874,-0.005669254275,-0.00533179455,-0.00507738485,0.00500893855,0.00549800145,0.005916618,0.0059593776,0.006313253425,0.0065656152750000005,0.007078461325,0.007394972525,0.00778805295,0.008160925175,0.008345449075,0.00887311475,-0.0074523595,-0.00649143185,-0.00574735065,0.00596305465,0.0068155265,0.00789601025
2021-06-01,0.00089498266,IV_COMBINED,-0.01002276675,-0.009109718375,-0.0088180705,-0.008408606675,-0.008064679925,-0.00749293885,-0.007410944425,-0.00712433,-0.006651781325,-0.0064590101,-0.006091750425,-0.00575604875,0.005617823725,0.006188825375,0.0066717532999999996,0.006740932325,0.0071611215,0.007475422675,0.00806007275,0.008417051125,0.008811478749999999,0.00920443525,0.0093881965,0.010195413,-0.008619742125,-0.007499613175,-0.006584815475,0.00673991935,0.00772839685,0.008974442
2021-06-02,-0.0022512423,IV_COMBINED,-0.010120804375,-0.009201999625,-0.008912969875,-0.008484015175,-0.0081406164,-0.007576171625,-0.007504475725,-0.007205823525,-0.006733162075,-0.006533286425,-0.006155393175,-0.00581423125,0.005674443225,0.006250272025,0.006749158775,0.0068150147250000005,0.007244565499999999,0.007564069174999999,0.0081576795,0.008482502999999999,0.00890139875,0.00930695575,0.0094698985,0.010289884875,-0.008704722,-0.00758652055,-0.00665698125,0.0068152236500000005,0.007817656624999999,0.009060273125
2021-06-03,-0.0075141434,IV_COMBINED,-0.0104605025,-0.009488623125,-0.00919314225,-0.00874387025,-0.008385867,-0.007835749999999999,-0.007752459749999999,-0.00742110795,-0.006950702125,-0.0067313759,-0.0063339492,-0.005980345850000001,0.0058205867500000005,0.0064173683,0.00693835825,0.007011041475,0.0074670829,0.007790582525,0.008405703,0.008728916375,0.00916083125,0.009575395,0.009734913,0.010600133250000001,-0.00898292275,-0.00783063275,-0.00686050575,0.007009819625,0.00804996115,0.009326099125
2021-06-04,0.0042109312,IV_COMBINED,-0.013035796125,-0.01168082875,-0.011349782,-0.010723776875,-0.010257218,-0.009850580000000001,-0.009576867749999999,-0.0090419625,-0.008641286625000001,-0.00825429375,-0.007808141625,-0.007269556225,0.0069534618,0.00772127375,0.008395109875,0.00851840475,0.00906406925,0.009540089,0.010290191375,0.010627664625,0.011158690499999999,0.0116042585,0.011733828875,0.01295055525,-0.01110964025,-0.009692095625000001,-0.00844490725,0.00848482125,0.009803402499999999,0.011352186
2021-06-07,0.0021295766,IV_COMBINED,-0.009381449,-0.008576047125,-0.00825353725,-0.007863671,-0.0075891778,-0.006942088475,-0.0069036489,-0.00673012785,-0.00626473585,-0.006125709875,-0.0057464771,-0.00545171425,0.00536272395,0.00588042745,0.006345004675,0.006410237525,0.0068153738999999994,0.0070737174,0.00759067615,0.007940338875000001,0.00834966625,0.008797060499999999,0.008948187,0.00952342325,-0.008070486625,-0.0070188278,-0.00619922375,0.006398841325,0.007337413175,0.0084704585
2021-06-08,-0.001575204,IV_COMBINED,-0.0099472575,-0.0090823345,-0.0087528595,-0.008345163249999999,-0.008048596174999999,-0.007421880174999999,-0.0073448776,-0.007079101900000001,-0.0066247232,-0.0064348762,-0.006060770025,-0.00571334625,0.0055932099,0.00616350045,0.006647522475,0.006708342,0.0071478098,0.007423473325,0.007977833775,0.008363411749999999,0.00875170275,0.00919827,0.00936246325,0.01011084425,-0.008569046,-0.0074446885,-0.0065419949,0.0067059751,0.0076911457,0.00891325125
2021-06-09,0.0003653073,IV_COMBINED,-0.009660573625,-0.00882309975,-0.008515394499999999,-0.00810888675,-0.0078207325,-0.00720634435,-0.00714325595,-0.006903925625,-0.006444636075,-0.006269822425,-0.0059042233,-0.00557382965,0.0054690872,0.006018458575,0.006492441,0.006549318475,0.006963276475,0.0072392129999999996,0.007791882025,0.008138804,0.00853634775,0.008968934750000001,0.0091243445,0.009832567875,-0.008323927425,-0.007242711225,-0.0063716291500000004,0.00654702925,0.007502524975,0.008684789625000001
2021-06-10,-0.0008991422,IV_COMBINED,-0.0127410765,-0.01144800775,-0.0111360295,-0.010500273875,-0.010052658499999999,-0.00962955125,-0.0093861,-0.008842921,-0.00845992,-0.0080712349,-0.00764435125,-0.00711435085,0.00681824545,0.007569504975,0.00821538125,0.00833216,0.008876514,0.00933254425,0.010050215999999999,0.010394266499999999,0.010912145750000001,0.01134856175,0.011481419,0.0126725815,-0.010874313375,-0.009490904500000001,-0.0082604815,0.008305972375,0.009587999,0.011102126
2021-06-11,-0.0059902375,IV_COMBINED,-0.0107185365,-0.009811214125,-0.009328332375,-0.009186214,-0.0085763705,-0.00827265975,-0.007734814875,-0.007318687,-0.0066915802,-0.006559085125,-0.006030953875,-0.00566223695,0.0055811066999999995,0.0058672199,0.00638640055,0.006701917125,0.007243765075,0.0078283437,0.008370260000000001,0.0086599415,0.009071781749999999,0.00926329825,0.00976527475,0.010916604375,-0.00931299925,-0.007869214975,-0.0067687245,0.0066897504,0.007881516825,0.0093567725
2021-06-14,0.0020577817,IV_COMBINED,-0.0093779545,-0.008488165125,-0.008116888124999999,-0.00797422725,-0.0074214179,-0.007157305,-0.006726582075,-0.006307086675,-0.00586153235,-0.005729272425,-0.0052872950249999995,-0.0049530769499999995,0.00487128025,0.005240316125,0.0056818089999999995,0.005909713975,0.0063817051,0.006877759825,0.0074790932,0.00767808185,0.0078866545,0.00808141225,0.0086193685,0.0095401725,-0.0080838145,-0.0068338789,-0.005886807175,0.0059308406,0.006945936825,0.008240674525
2021-06-15,-0.0004475219,IV_COMBINED,-0.01026785975,-0.00934499425,-0.008911658749999999,-0.008798660125,-0.008184438374999999,-0.007884531425,-0.00741847275,-0.00696901165,-0.00639133185,-0.006264015625,-0.005773276375,-0.00542146435,0.0053154948999999995,0.005641730125,0.0061202556,0.006401557475,0.00691437485,0.00748426425,0.008079522525,0.008324805875,0.008663842,0.0088890225,0.009375501,0.0104329025,-0.00889609675,-0.007515001175,-0.006462459825,0.00641427575,0.0075537484,0.0089753145
2021-06-16,-0.00014440464,IV_COMBINED,-0.01031066425,-0.009393163749999999,-0.008952297250000001,-0.008828783,-0.008223231875,-0.007923287,-0.0074513195,-0.0070074622,-0.0064168334,-0.0062868946000000005,-0.00579246265,-0.005440801075,0.005338647199999999,0.00566528075,0.00615241425,0.00643484455,0.006943773675000001,0.0075222929,0.008105372,0.008359824925,0.008710635875,0.008926738125,0.009415465,0.010473975375,-0.008935826125,-0.00755024,-0.0064901814,0.0064410975750000005,0.00758660415,0.009013054749999999
2021-06-17,-0.01723402,IV_COMBINED,-0.013243741375,-0.012299753,-0.0115861615,-0.011428965625,-0.010823850624999999,-0.010271652374999999,-0.0096112705,-0.009158624,-0.008341901375,-0.008065941175,-0.007584309250000001,-0.007182732925,0.0067482643,0.007098946925,0.007700759425,0.008126216925,0.00869335925,0.009493620500000001,0.0101504265,0.010558787375,0.011280940375,0.0116168705,0.012008798250000001,0.013450016625,-0.0116135925,-0.00979392125,-0.008452652250000001,0.008078351375,0.00961609925,0.011489794
2021-06-18,-0.0032565477,IV_COMBINED,-0.01286384325,-0.01186792375,-0.011253738625,-0.011083266375000001,-0.010455363375,-0.010005663875,-0.00927717825,-0.00883541425,-0.008018665625000001,-0.007821056625,-0.007303207675,-0.00690720795,0.00659005275,0.006901051225,0.00749317775,0.00797796825,0.008505735,0.00922857375,0.00983389775,0.0102602515,0.010842840875,0.011228601125,0.01164969825,0.013038735375,-0.01125521225,-0.009478132125,-0.0081745103,0.0078647829,0.009354955,0.011125085125
2021-06-21,0.0030802216,IV_COMBINED,-0.010403652125,-0.00949793925,-0.00905810625,-0.008923954,-0.00832150575,-0.008040318025,-0.007498405575,-0.007037655,-0.0064836453749999995,-0.00637201165,-0.005860806850000001,-0.0054884107,0.0054191247,0.00570619585,0.006218684125,0.00655623385,0.00705275405,0.00757689895,0.008145818075,0.008432411575,0.008771845375,0.008956887875,0.00951758775,0.010619478625000001,-0.00903747375,-0.007623626,-0.00655984065,0.006508515225,0.007657718425,0.0090974285
2021-06-22,0.00010495977,IV_COMBINED,-0.01130942525,-0.01036619075,-0.0098430575,-0.00975693075,-0.00910699825,-0.008761544375,-0.0081743504,-0.007678508475,-0.00705683395,-0.00689362105,-0.0063848875,-0.006007924575,0.0058539783,0.0061313249,0.0066656134249999995,0.0070183196,0.0075897732749999995,0.008179963525,0.00876636075,0.0090798545,0.0095502275,0.009799364,0.010281990750000001,0.011525734250000001,-0.00986021775,-0.008302859,-0.00714529705,0.007001410425,0.008270756175000001,0.00984083325
2021-06-23,0.003352909,IV_COMBINED,-0.0115360405,-0.010607677875,-0.010041709624999999,-0.009958627125,-0.009312963125,-0.008944831125,-0.0083522936,-0.007850141,-0.007212488600000001,-0.007038544975,-0.0065171691,-0.006149407075,0.0059664118,0.00625142405,0.0067965366,0.00714535025,0.007740329875,0.008360509125,0.008930735,0.009254705375,0.0097658855,0.01001082125,0.010486220125,0.011766675625,-0.010072028,-0.00848029275,-0.00730001845,0.00713708755,0.008437549749999999,0.01004084475
2021-06-24,-0.0019433177,IV_COMBINED,-0.0112119255,-0.010288228875,-0.009760184,-0.009658662125,-0.009028970125,-0.008683910874999999,-0.008120403875,-0.00763030515,-0.007009091575,-0.006858414575,-0.00632093685,-0.005956554225,0.0058202749250000005,0.006097196275,0.0066210328,0.006960603925,0.00755266735,0.0081409838,0.00871434125,0.0090105555,0.0094933135,0.00971898325,0.01020704,0.011451040249999999,-0.00977434,-0.008240779,-0.0070900243,0.006961102875,0.008217516099999999,0.00977525775
2021-06-25,0.0010810178,IV_COMBINED,-0.01088029025,-0.009965592625,-0.0094762415,-0.009348927,-0.008724665999999999,-0.008399966125,-0.00786856035,-0.007406241575,-0.0067986963000000004,-0.006661042075,-0.0061278574,-0.00576225005,0.00565573575,0.0059381295,0.006446277425,0.0067618369,0.007343657675,0.0079176719,0.008482767,0.008771222875,0.00921288175,0.00943204425,0.00991815425,0.01110808825,-0.0094638885,-0.0079899415,-0.0068714717,0.0067733134,0.007987595675,0.009498623
2021-06-28,-0.0002429177,IV_COMBINED,-0.009299484,-0.00841858775,-0.008050228999999999,-0.007914393825,-0.00736395045,-0.00709790475,-0.006682121725,-0.00624907055,-0.00582033155,-0.0057016249000000005,-0.005250029575,-0.004908464075,0.004842965625,0.005215891525,0.00564307635,0.0058640014,0.006360128475000001,0.00683525865,0.0074371285,0.007621033575,0.007838837125,0.0080274025,0.00857434725,0.00949863325,-0.0080188645,-0.00677993125,-0.00584141865,0.00589983805,0.0069047837,0.008193996
2021-06-29,-0.0025836015,IV_COMBINED,-0.01045048775,-0.009521687875,-0.009089124,-0.008976452375,-0.008343933000000001,-0.008036958375,-0.0075621911,-0.007096437425,-0.006505983675,-0.00638682415,-0.0058782697,-0.005518213525,0.00541150895,0.0057317692,0.00620550455,0.006503160325,0.007047601225,0.007607364325,0.008202878175,0.008450066374999999,0.00882938075,0.009063791875,0.009538441625,0.01063835575,-0.009065904,-0.007658138625,-0.0065833408749999996,0.0065198522499999995,0.007684958875,0.009131824125
2021-06-30,-0.0048454376,IV_COMBINED,-0.010851845499999999,-0.0099302475,-0.009444632250000001,-0.0093218765,-0.00869468225,-0.00837860775,-0.00785622,-0.007386782125,-0.0067612347,-0.0066158907,-0.006103987225,-0.00574448475,0.0056173526250000005,0.0059218192,0.0064289123500000005,0.006746574375,0.0073063041,0.007896194,0.0084684275,0.008751057999999999,0.00919196375,0.009425900249999999,0.009892612625,0.01104686725,-0.009435452,-0.007965495375,-0.0068459503000000005,0.006748563250000001,0.0079686801,0.009470186125
2021-07-01,0.0006264706,IV_COMBINED,-0.01144238075,-0.01050809275,-0.009964049749999999,-0.0098323535,-0.009211817375,-0.008867001999999999,-0.00828175925,-0.0077991269,-0.007133736,-0.006959274825,-0.006448835175000001,-0.00608243255,0.00590572735,0.006200059625,0.0067391003250000005,0.007090150375,0.0076683749,0.008289358,0.00885274525,0.009189758,0.0096844395,0.009949999125000001,0.010390143624999999,0.0116343725,-0.00997232925,-0.0084091345,-0.007231334025,0.0070732016,0.00837012525,0.009950292
2021-07-02,-0.00073408586,IV_COMBINED,-0.01473819475,-0.013809566,-0.0129228065,-0.012776172625,-0.012137606,-0.011461779,-0.0107236135,-0.01028605125,-0.00932008675,-0.009019788,-0.00852178165,-0.008093939599999999,0.007476540875,0.007867417724999999,0.008497930325,0.00901516875,0.009611043125,0.01050278525,0.011236962999999999,0.01172248725,0.0125667975,0.012960308875,0.01335774425,0.014989727125,-0.012984663625,-0.010942867125,-0.009476668,0.00893797925,0.010665253999999999,0.012774744
2021-07-05,0.0016066936,IV_COMBINED,-0.00948729825,-0.00863193625,-0.0082651595,-0.0080697715,-0.0075017235,-0.0072521317249999995,-0.0067877334,-0.0063929893000000005,-0.005951606,-0.00582417895,-0.005362289925,-0.00502284775,0.0049602585,0.005318944375,0.00578016955,0.0060107115,0.00650078175,0.0069904808499999995,0.0075422472,0.00777800495,0.008014366525,0.00818901115,0.00873424425,0.009706175375,-0.00818857225,-0.006929923875,-0.005970887625,0.006020480425,0.007046646625,0.0083550075
2021-07-06,-0.004180246,IV_COMBINED,-0.010282039,-0.009384678125,-0.00895394425,-0.0088363195,-0.008194073875,-0.007897402500000001,-0.0074198652,-0.006974711175,-0.006423336425,-0.0063034695499999994,-0.00579649445,-0.005439029025,0.0053456188250000005,0.0056621513,0.006126740825,0.006409427325,0.00695061415,0.007497507675,0.00809327225,0.00833146725,0.00868075075,0.00891408025,0.0093963275,0.010496948,-0.008918902,-0.007533852075,-0.0064822215750000006,0.0064356795,0.0075729805,0.008999753
2021-07-07,-0.0011621693,IV_COMBINED,-0.01087765225,-0.00995651375,-0.00948241,-0.009349446,-0.0087070505,-0.00839059875,-0.007861553025,-0.00740082715,-0.006777831200000001,-0.0066356936,-0.006117092425,-0.00575819995,0.0056305283,0.0059332715,0.0064359033,0.0067523081500000005,0.007321655175,0.007916500625,0.008485803,0.008765505,0.009202846625,0.0094466935,0.00990842275,0.01107371675,-0.009456252375,-0.007982643825,-0.00686048225,0.006761432275,0.00798459175,0.009487259125
2021-07-08,0.0031172372,IV_COMBINED,-0.01127830675,-0.010355080375,-0.009834737,-0.009691106500000001,-0.009059305,-0.008726096499999999,-0.0081537605,-0.007683754,-0.0070331295000000005,-0.0068703081,-0.00634829095,-0.0059875610499999996,0.005830706075,0.0061219502250000005,0.006649244525,0.006986248875,0.00757029875,0.008187465225,0.008748758375,0.00906430525,0.00955269875,0.00981055175,0.0102494015,0.011479932875,-0.009821978875,-0.00828629575,-0.00712320225,0.006984191625,0.0082606647,0.009819019125
2021-07-09,0.0017215194,IV_COMBINED,-0.010947321,-0.010029559,-0.00954514775,-0.009408418,-0.00877631425,-0.0084664295,-0.00791134785,-0.007459684675,-0.006819788775,-0.006685505075,-0.00616348105,-0.005794649675,0.005679464075,0.0059713809,0.00647987685,0.006817083325000001,0.0073838854999999995,0.0079627525,0.008525291375,0.008823932999999999,0.009264953499999999,0.009501981999999999,0.009969117,0.011160747,-0.00952560825,-0.00804047965,-0.006913949725,0.006807979675,0.008038199,0.009548808375
2021-07-12,-0.00020026963,IV_COMBINED,-0.008762944825,-0.00812953875,-0.007813731975,-0.007762905475,-0.007230378075,-0.0071046523249999995,-0.0064675570000000005,-0.00611858475,-0.005880938075,-0.005539412925,-0.004990849150000001,-0.004752072975,0.0044582566,0.0048762903,0.005287654025,0.00563176425,0.00582161715,0.006100552775,0.006771929825,0.007057728525,0.007514941125,0.007595560175,0.007724835925,0.008642646175000001,-0.007798084,-0.0066770926250000005,-0.0057011145,0.005443149575,0.0063842846500000005,0.00754241665
2021-07-14,-0.0027255423,IV_COMBINED,-0.011015187000000001,-0.01003379475,-0.009776382875,-0.009650302375,-0.008987975,-0.008836439500000001,-0.007997939825,-0.007550689075,-0.00712872765,-0.00670494895,-0.0060741066750000005,-0.0057881396499999994,0.0053048576,0.00584463705,0.006370331125,0.006751947225,0.0069689234,0.00747667135,0.00811299375,0.008628666,0.0092048039,0.0093216,0.00942443475,0.01064978425,-0.00970474025,-0.00825803625,-0.006990864725,0.00652034875,0.0077264274749999995,0.00920413675
2021-07-15,-0.0016799793,IV_COMBINED,-0.0099015425,-0.00908246075,-0.008793381875,-0.008717287,-0.008094612825,-0.007988845599999999,-0.0072339973750000005,-0.006846223625,-0.006509521225,-0.0061166585749999995,-0.005543612875,-0.00527461025,0.00488932515,0.0053914303,0.00585641085,0.006193468925,0.006422595075,0.006781066275,0.0074435954249999995,0.007865005974999999,0.00837850475,0.00844879275,0.008572376999999999,0.009669695124999999,-0.00875694975,-0.007474394025,-0.006353990225,0.006000671325,0.007057903775,0.008385835375
2021-07-16,0.000285838,IV_COMBINED,-0.01015972025,-0.009302409000000001,-0.0090348615,-0.008943022,-0.008314662075,-0.00819174,-0.007415052375,-0.007004827975,-0.00664891715,-0.0062534244499999996,-0.00566197775,-0.005394612825,0.004982133975,0.005480273925,0.005971121275,0.0063186547499999995,0.006541818025,0.006944079875,0.007599844475,0.008035404,0.008574797875,0.008649855375,0.008756851625,0.009891804,-0.008982311,-0.0076590799999999995,-0.0065013164,0.0061150385750000005,0.007210850675,0.008571740349999999
2021-07-19,-0.0003239559,IV_COMBINED,-0.008355384375,-0.0077924416,-0.0074608048249999994,-0.007413489325,-0.00690207735,-0.006779740575,-0.006186000425,-0.00583949365,-0.00563050355,-0.00531410895,-0.004786151,-0.004549017675,0.00428468145,0.0046733495,0.00505738115,0.005418411925,0.00557387445,0.0058548372,0.006509582925,0.00676143775,0.007181196825,0.007262918724999999,0.0074011821000000005,0.00825057825,-0.007448626575000001,-0.006379308525,-0.00545370235,0.005219773825,0.006123925225,0.00722079555
2021-07-20,-0.0025826932,IV_COMBINED,-0.010233251375,-0.009363865625,-0.009095906125,-0.008990135625,-0.008380737999999999,-0.008237925225,-0.00745028785,-0.007026382375,-0.0066704555,-0.006269510175,-0.005674202175,-0.005407656825,0.004983946275,0.00547187175,0.0059813985,0.0063292305,0.00653767525,0.006971743425,0.007635221675,0.00807216365,0.008631101825,0.008726221625,0.0088174648,0.009935288375,-0.009041183,-0.007696191125,-0.0065231355,0.00612202255,0.007240018500000001,0.00861824825
2021-07-21,0.001981085,IV_COMBINED,-0.01039384025,-0.0094987145,-0.009199352000000001,-0.00910151575,-0.008480286625,-0.008342049825,-0.00755124885,-0.007136426375,-0.0067537564,-0.0063526898250000005,-0.0057657963,-0.005490237425,0.005058391925,0.0055668473,0.006066486725,0.006416167975,0.0066401685500000005,0.007055926625,0.0077290941250000005,0.008184388875,0.008734156199999999,0.008817785075,0.008933943125,0.010091186875,-0.009163282,-0.007796567,-0.0066174399,0.0062121976,0.0073318282750000005,0.008734554125
2021-07-22,-0.0026352378,IV_COMBINED,-0.012613203875,-0.011408085,-0.011105747,-0.0109303085,-0.010246221,-0.00997103325,-0.009087727,-0.00860798275,-0.008041191999999999,-0.007580892925,-0.0068942246749999995,-0.006571604675,0.0059368499,0.006547295075,0.0071435696,0.007598349,0.0078293205,0.00847661975,0.00908506325,0.0097459815,0.01034495925,0.010621807,0.010703080625,0.012068979875,-0.01103377025,-0.0093627365,-0.0079251479,0.0073084195,0.008722232,0.0103896125
2021-07-23,-0.0005908043,IV_COMBINED,-0.011326030125,-0.010319258625000001,-0.009968137375,-0.00985887475,-0.00925638475,-0.009044555,-0.008213163875,-0.007771602625,-0.007326842675,-0.006904056125,-0.006281581925,-0.00599168785,0.005494483625,0.00602850125,0.0065657096499999994,0.0069546598000000005,0.0072081687,0.00768369185,0.008344874275,0.008872518874999999,0.009414724,0.00959598675,0.00972341475,0.01096242125,-0.009961021,-0.008464859925,-0.00719869645,0.006728347125,0.007957476075,0.009463591
2021-07-26,0.004212998,IV_COMBINED,-0.008762157625000001,-0.008127369374999999,-0.007796347675,-0.00774544605,-0.0072381345,-0.007093055875,-0.00646147615,-0.006112937075,-0.0058747154,-0.0055373588750000004,-0.004989143475,-0.004754132825,0.00445922355,0.0048682567,0.005287469325,0.005632965775,0.0058274885,0.006089063325,0.006776886975,0.0070498407499999995,0.007512781575,0.0075988549,0.007723705375000001,0.008642210375,-0.00779323325,-0.00666770675,-0.005697325525,0.0054438649,0.0063850521,0.0075410854000000005
2021-07-27,0.0017723788,IV_COMBINED,-0.01016716,-0.009301240625,-0.009035489875,-0.008933349,-0.008332591775,-0.008173232400000001,-0.0074068738,-0.0069858037,-0.006641246575,-0.006244047725,-0.005647969875,-0.0053881646,0.004969324325,0.005455821675,0.00595713585,0.00630428435,0.0065152587250000005,0.0069298405,0.0076116694500000005,0.008022425625,0.00857947,0.008664737825000001,0.0087688741,0.009882195,-0.008981514749999999,-0.007648529425,-0.00648784375,0.006101842025,0.007205158325,0.0085729265
2021-07-28,-0.0018104835,IV_COMBINED,-0.010948589375,-0.00996596925,-0.00967428825,-0.0095617705,-0.00893248525,-0.0087499935,-0.0079340096,-0.007493474625,-0.0070752807000000004,-0.006660007425,-0.00604152975,-0.005762716425,0.005280494375,0.005799437925,0.006329638675000001,0.0067062091,0.00692833995,0.007404501,0.008076668575,0.0085669795,0.009137042125,0.009262537,0.0093731705,0.010579027,-0.009631761749999999,-0.00818540915,-0.006941544425,0.006482916175000001,0.007675650925,0.00914657775
2021-07-29,0.006448613,IV_COMBINED,-0.0113967695,-0.0103537475,-0.01005446275,-0.0099343195,-0.00929528775,-0.00908983675,-0.008254778125,-0.0078052461,-0.00734906355,-0.00692356575,-0.0062861617249999995,-0.005995285825,0.0054787473,0.00601371625,0.006558739475,0.006961275125,0.007197439975,0.007708785,0.008360067175,0.008895506000000001,0.009466736,0.009629200875,0.009734079,0.01098829825,-0.01001399225,-0.008510677500000001,-0.007220019275,0.006721742075,0.007971353,0.009488937624999999
2021-07-30,-0.0018463493,IV_COMBINED,-0.01055389675,-0.009643672375,-0.00932639575,-0.0092377475,-0.00862174925,-0.0084887495,-0.00767972625,-0.0072608523000000005,-0.00687368185,-0.00647197805,-0.00587742565,-0.00559991235,0.005163883075,0.005680292474999999,0.006174994425,0.00653371925,0.006779466675,0.007188084500000001,0.007865365575,0.008322880125000001,0.008860335775,0.00897601825,0.009096153475,0.010263408,-0.009309163,-0.007925881125,-0.00673978375,0.0063328006499999995,0.007468530525,0.008881628375
2021-08-02,0.000758321,IV_COMBINED,-0.00886310425,-0.008206257825,-0.00789837025,-0.007848069249999999,-0.0072941510000000005,-0.007165517,-0.0065286774,-0.00617484365,-0.00592519465,-0.0055802709999999995,-0.0050338752,-0.0047899598250000005,0.0044865463500000004,0.004914583,0.005327071175,0.0056734388,0.005863430925,0.006145085025,0.006831204425,0.007122447275,0.007583833925,0.007666269,0.0077989875,0.00872098285,-0.007875420099999999,-0.006738520575,-0.00574889355,0.005484567125,0.006435885675,0.007611491
2021-08-03,-0.0012114816,IV_COMBINED,-0.009680054,-0.00888896875,-0.008618697375,-0.00853801245,-0.007919595725,-0.007787501600000001,-0.0070715297,-0.006678156175,-0.006362117575,-0.005983003575,-0.005413136975,-0.0051508087000000004,0.004777027175,0.00526395995,0.0057198793749999996,0.006059922475,0.006256738525,0.006630924725,0.007313089825000001,0.007689347125,0.008206527175,0.008280804749999999,0.008401654825,0.0094451945,-0.008562826875,-0.007303600375,-0.0062025214,0.00586613885,0.006908295975,0.008211162875
2021-08-04,-0.0013712706,IV_COMBINED,-0.009965732500000001,-0.00911202875,-0.008857545125,-0.00877313525,-0.008160677625,-0.008040819375000001,-0.007275464925,-0.006879296075,-0.0065328929,-0.006146375825,-0.005557239375,-0.005297385625,0.004888997575,0.0053680657,0.00586605245,0.00621157895,0.00642689835,0.006813650575,0.0074743145,0.00789593175,0.008430454625,0.008509653524999999,0.0086189745,0.00970613975,-0.008810478625,-0.0075172038750000005,-0.0063842231,0.006004866,0.007087219075,0.0084251629
2021-08-05,-0.00040963618,IV_COMBINED,-0.010055614,-0.009205401,-0.00893221675,-0.008849927,-0.0082384032,-0.0081111205,-0.0073347428749999995,-0.00693537775,-0.006585700025,-0.00619026765,-0.0056016894250000004,-0.00534105735,0.0049363825,0.005413117425,0.005913560474999999,0.00625859105,0.006481048025,0.006868891675,0.007536196324999999,0.0079626745,0.0084966208,0.008586542425,0.008695252,0.009799305125,-0.00889209325,-0.0075798314,-0.00643590265,0.00605606115,0.007146253875,0.00849800935
2021-08-06,-0.0065112025,IV_COMBINED,-0.011389504,-0.010341673,-0.010066088125,-0.009932869375,-0.009273924499999999,-0.0090884735,-0.008246181675,-0.007804864625,-0.0073374271,-0.0069100537,-0.00627204725,-0.0059783516249999995,0.0054493245999999995,0.0060060306,0.0065535451,0.0069478670999999995,0.00717199365,0.007698360600000001,0.008328016550000001,0.0088868387,0.009453308125,0.00961054,0.009718946000000001,0.01097791925,-0.01000528875,-0.00850860725,-0.00721075835,0.006701782375,0.007951355525,0.009473006124999999
2021-08-09,-0.001048547,IV_COMBINED,-0.0084497969,-0.00786573205,-0.007533469725,-0.0074846211,-0.006963136925,-0.00684829455,-0.006247196575,-0.005910124425,-0.0056843314249999995,-0.005360594175,-0.004836282,-0.004594026025,0.004325939825,0.0047290931,0.005113729799999999,0.005470739075,0.005644057675,0.005901548825,0.006568786925,0.0068331345,0.0072531925,0.00733884,0.00748328425,0.008347960875000001,-0.007522316225,-0.0064446834,-0.00550986425,0.005276321425,0.006184794475,0.00729727155
2021-08-10,-0.002364858,IV_COMBINED,-0.009759856375,-0.008938537125,-0.008690785749999999,-0.00860005885,-0.008001489875,-0.007874417049999999,-0.00713420785,-0.0067334612000000005,-0.006407836125,-0.0060328564,-0.005450285175,-0.0051936015000000006,0.004795673825,0.005269606225,0.00575641925,0.00609854335,0.0062978383499999995,0.006684291275,0.007345316725,0.00774073035,0.008272983125000001,0.008363251,0.0084609735,0.00951003825,-0.008634872,-0.007368141625,-0.0062569241250000004,0.005892970775,0.0069578482,0.008266008375
2021-08-11,0.001379115,IV_COMBINED,-0.01101607425,-0.010006309875,-0.009754696875,-0.009634261125,-0.00897597525,-0.008822117,-0.007992291175,-0.007563047825,-0.00712128565,-0.006704887175,-0.006073377125,-0.005789549175,0.00528621105,0.005815768625,0.006357621925,0.00674816855,0.006965993825,0.007459462125,0.00808778195,0.008622287,0.009185752775,0.009325993375,0.00942411875,0.0106340825,-0.00969094725,-0.00825068725,-0.00699059545,0.006502675575,0.00771747985,0.009190804875
2021-08-12,-0.00013420431,IV_COMBINED,-0.0091780815,-0.008529270875000002,-0.008370009500000001,-0.00808821125,-0.007692242725,-0.0072637118,-0.00655999145,-0.006279253175,-0.006178265400000001,-0.0055641830750000005,-0.004971554025,-0.0046298443,0.0044468737749999996,0.004874439825,0.005552599725,0.005806739725,0.00619256445,0.00691163825,0.0072483363,0.007722316675,0.007901885,0.0083458366,0.008611823375,0.009361567375000001,-0.008150303250000001,-0.0069302463,-0.00574170945,0.005662962425,0.006901023175,0.00816918575
2021-08-13,0.0051676845,IV_COMBINED,-0.00882050975,-0.00817973325,-0.008016423375,-0.007774060775,-0.007400323225,-0.0069823846000000005,-0.006290671,-0.00603091225,-0.0059307397,-0.005346771425,-0.00475125635,-0.00442973765,0.00426664675,0.0046839841,0.00532739815,0.0055868025,0.0059656821750000005,0.0066508586,0.006982810225,0.00743764015,0.007596369725,0.008027069675,0.0082909016,0.008979129375,-0.00783140225,-0.006650225925,-0.005508212475,0.0054453044,0.0066426446,0.00785737025
2021-08-16,-0.001756396,IV_COMBINED,-0.008153895,-0.00753386995,-0.007363244499999999,-0.007182456324999999,-0.006822932699999999,-0.006459071875,-0.0058082901749999995,-0.005564354525,-0.005473316125,-0.004960405675,-0.00436193585,-0.0040817245999999995,0.0039888014,0.004367776275,0.004949445475,0.0052116712749999995,0.005572851275,0.00620698005,0.006524335975,0.006939678675,0.00708062535,0.007463972925,0.007734158349999999,0.00831071175,-0.007230445125,-0.006133655325,-0.0050854983000000005,0.005080642275,0.006195962425,0.007317901775
2021-08-17,-0.0053027146,IV_COMBINED,-0.0092810185,-0.008582671075,-0.008419723325,-0.0081434122,-0.00778265685,-0.00732078075,-0.0065567545,-0.0062928380749999995,-0.0061793625000000005,-0.005573547175,-0.00495154025,-0.00460540735,0.0044086116,0.00485345895,0.005546490775,0.00583362785,0.006193719075,0.006964867925,0.0072814312,0.0077765550249999996,0.007924826099999999,0.0083921965,0.00865094025,0.00940577925,-0.008222108,-0.00695389175,-0.005748822675,0.00565674225,0.006933168925,0.0082079064
2021-08-18,-0.0009801714,IV_COMBINED,-0.009693225625,-0.00897328475,-0.00881602275,-0.0084934118,-0.008109505099999999,-0.007628039999999999,-0.006849292525,-0.0065591134,-0.00644074155,-0.0058098817,-0.005194406675,-0.004827394975,0.004583453975,0.0050430778,0.005784864675,0.00606874585,0.0064368698,0.00724282315,0.0075793032,0.00808241425,0.008254197175,0.008732952,0.00900033425,0.00981710275,-0.0085794935,-0.0072586420249999995,-0.00600376725,0.005885513875,0.007212138825,0.008546670874999999
2021-08-19,-0.0007010165,IV_COMBINED,-0.00944102225,-0.008743697500000001,-0.00858898875,-0.008275128575,-0.0078916062,-0.00743573035,-0.006693073875,-0.0064011934,-0.006299082125,-0.00568051425,-0.005072266625,-0.004722015225,0.004495542775,0.0049322226250000005,0.0056595618,0.005926931025,0.006290003925,0.007060292125,0.007398180250000001,0.00788723575,0.008058992000000001,0.008516062250000001,0.00878581425,0.0095774435,-0.008357437075,-0.007083613675,-0.00586234385,0.0057551023,0.007038294125,0.008341533
2021-08-20,-0.00025231522,IV_COMBINED,-0.0099291985,-0.0091584565,-0.00898753475,-0.00867741225,-0.0082840425,-0.007807912875,-0.0069798425,-0.006709058775,-0.006570141125,-0.005925861025,-0.00531700585,-0.0049156506999999995,0.004685865675,0.00518700825,0.005944477525,0.0062203688,0.0066327134749999996,0.00740384015,0.0077965925,0.0082971699,0.008475087249999999,0.008969945,0.009231950499999999,0.010064545,-0.00877140475,-0.007410897925,-0.0061350977,0.006049331375,0.0074046924,0.00877306875
2021-08-23,0.0035181087,IV_COMBINED,-0.0084283065,-0.00779026375,-0.007611829075,-0.007408047275,-0.007032954074999999,-0.0066813835,-0.0059963198749999995,-0.0057322790999999994,-0.00563766675,-0.005127836375,-0.004520749175,-0.00422311835,0.004111191950000001,0.00448526815,0.005108204874999999,0.005369196925,0.0057258079,0.006362368825,0.006686078175,0.0071154647249999994,0.0072699978499999995,0.007656728875,0.007932719500000001,0.008563193,-0.007468190925,-0.00633189575,-0.005257073399999999,0.005223310325,0.006360036125,0.007513490675
2021-08-24,0.0012777976,IV_COMBINED,-0.0096299915,-0.0089122055,-0.00873723625,-0.0084470283,-0.008056575225,-0.0075883706,-0.006788172475,-0.0065172192,-0.006390652775,-0.005792696325,-0.005142247125,-0.004791643575000001,0.004559582075,0.005018689675,0.005735946475,0.006042858050000001,0.006420577575,0.0071998274,0.007525802775,0.008051849125,0.008209290375,0.00868905375,0.0089508025,0.0097442655,-0.0085268345,-0.00720433025,-0.005966435375,0.0058521199,0.007175623775,0.00849640175
2021-08-25,0.00084670587,IV_COMBINED,-0.0095262585,-0.008832016625000001,-0.008666446625000001,-0.00836008395,-0.007964928475,-0.0075132368500000005,-0.006752681575000001,-0.0064639626750000005,-0.00634937905,-0.005754099125,-0.0051168353,-0.00477633435,0.0045375604000000005,0.004979277025,0.005698877325,0.005990120925,0.006350837475,0.007142738575,0.007456665175,0.007972082975,0.008139689075,0.0086049375,0.008867431125,0.009665213,-0.008439304775,-0.007149141425,-0.005924893475,0.00580464345,0.007109060075,0.008420216375000001
2021-08-26,0.0004847248,IV_COMBINED,-0.00946142825,-0.00876839525,-0.0086031315,-0.0083107654,-0.007915007875000001,-0.007463643625,-0.006710888924999999,-0.006428750275,-0.0063154093,-0.00571925415,-0.0050837834,-0.004745555025,0.00451202295,0.004956998325,0.005668816575,0.0059590864,0.006326794875,0.0071016415,0.00742340265,0.007932635025,0.008099947275,0.00856151125,0.008821942499999999,0.009604943625000001,-0.008383847825,-0.007104364975,-0.0058881970750000005,0.00577760715,0.007074487225,0.008376574625000001
2021-08-27,0.0026808728,IV_COMBINED,-0.010227893,-0.00949925825,-0.0093484025,-0.00896337175,-0.0085575754,-0.0080567641,-0.00724969965,-0.006939059,-0.00680421065,-0.006155273175,-0.0055046376,-0.00512961245,0.004828934775,0.005319439075,0.0060995596,0.0063882775,0.0067745778500000004,0.00762931185,0.00796935025,0.008534027,0.008730468,0.00922131275,0.009485732625,0.01036214025,-0.0090609725,-0.007679627425,-0.00635706925,0.0061983725,0.007596566275,0.0090163435
2021-08-30,9.11464e-05,IV_COMBINED,-0.008718464875,-0.0080697587,-0.007891129575,-0.007695747124999999,-0.0073023646,-0.00691347825,-0.0062114459,-0.0059493940250000005,-0.005847471325,-0.005311355525,-0.004698120300000001,-0.004396265224999999,0.004236626675000001,0.00464544775,0.005286067175,0.0055662893249999994,0.005924290875,0.00660893335,0.006931071674999999,0.0073710724750000005,0.0075261123,0.007949524325,0.008211593350000001,0.0088771525,-0.0077399627250000005,-0.00656258355,-0.00545372245,0.005404700725,0.0065960221,0.0077834004750000005
2021-08-31,0.0004259463,IV_COMBINED,-0.009651839625,-0.00896059475,-0.008793783749999999,-0.00847655685,-0.0080815481,-0.007618055375,-0.006841351575,-0.00656307135,-0.006442604975,-0.0058289717,-0.00518409475,-0.004840603475,0.004588073675,0.00504534505,0.005763831525,0.00605544745,0.006432579725,0.007234598974999999,0.007551297375,0.00808966225,0.008253224,0.00873186625,0.00899112525,0.009793445125,-0.008557719125,-0.007251773575,-0.0060069592250000005,0.0058762255749999995,0.00720115765,0.00853575075
2021-09-01,0.0042516235,IV_COMBINED,-0.0097597,-0.009065571625000001,-0.008907395,-0.008573086125,-0.008167559750000001,-0.007702812375,-0.006930605574999999,-0.00663741275,-0.006518521825,-0.005896099825,-0.005256073525,-0.004907640825,0.004646782,0.005107259875000001,0.005842471125,0.006128574175,0.0065030673,0.007316537275,0.00763854125,0.008170121725,0.0083490599,0.00882744825,0.0090890275,0.00991138875,-0.0086537455,-0.007339349574999999,-0.00608000785,0.005947624425,0.0072828337499999994,0.008631627625
2021-09-02,0.0006200583,IV_COMBINED,-0.009847426,-0.00915442175,-0.00899928975,-0.008653963,-0.008246572300000001,-0.0077732823,-0.007004828975,-0.00670119485,-0.006582293325,-0.005954252925,-0.0053091843,-0.0049562961749999995,0.0046928091,0.005156364,0.0058999319000000005,0.0061847325,0.0065593037,0.007376396275,0.0077024041,0.00823990115,0.0084277635,0.00890610625,0.009170115375,0.010000038999999999,-0.008735133124999999,-0.00741217775,-0.006138841925,0.0060021627,0.007345788775000001,0.0087080445
2021-09-03,0.002190323,IV_COMBINED,-0.01120524925,-0.010464718500000001,-0.010343733,-0.009827768375,-0.009410089,-0.00883329175,-0.00798579425,-0.007614607925,-0.00746838575,-0.006751782575,-0.0060559283,-0.005648293625,0.0052646678249999995,0.00577692325,0.006670386125,0.00695890995,0.007337333625,0.008311233500000001,0.008673196925000001,0.009292201,0.0095388585,0.010070229875,0.010340292000000001,0.0113330715,-0.00994822325,-0.0084491625,-0.00698078085,0.0067445016,0.00827018075,0.00983552425
2021-09-06,-0.0014863693,IV_COMBINED,-0.008866743,-0.00824157815,-0.0080787514,-0.0078522391,-0.007436528899999999,-0.007034140275,-0.006358216275,-0.0060771297750000005,-0.00598504205,-0.005412590625,-0.0048150961,-0.0045061149250000005,0.0043277437,0.004741510799999999,0.005396645475,0.005663186475,0.006028236975,0.006718663125,0.007061231425,0.007482571225,0.007659668275,0.00808730735,0.0083561135,0.009054658,-0.007886245925,-0.006706655825,-0.005569014225,0.005511073675,0.006711725175000001,0.00792284825
2021-09-07,-0.0014295024,IV_COMBINED,-0.0093846135,-0.008728096500000001,-0.008568615,-0.008266527,-0.0078644881,-0.007420760975,-0.006681555875,-0.0064069474,-0.006301122325,-0.0056860638250000005,-0.005056992425,-0.00472653255,0.004502085975,0.0049422549,0.005635056625,0.0059057150499999995,0.006290669075,0.007055697725,0.00737951845,0.007885926125,0.008053804099999999,0.00851920325,0.00877697175,0.009543297749999999,-0.0083328975,-0.0070758005,-0.0058594595,0.0057499170250000006,0.007030160875,0.00832790375
2021-09-08,-0.0025901112,IV_COMBINED,-0.00933874375,-0.00867753225,-0.00851922475,-0.00823090725,-0.007829332525,-0.007384568849999999,-0.006648944574999999,-0.0063694748749999995,-0.0062634896,-0.005657055649999999,-0.0050308859000000004,-0.004704368625,0.0044834549,0.004920395975,0.005610363575,0.0058878593,0.00626078495,0.007034379425,0.007351347175,0.00784237955,0.008009303025000001,0.008478176,0.008736802,0.00949836825,-0.00829221685,-0.007037140625,-0.005829270750000001,0.0057252693,0.0070025095,0.00828764025
2021-09-09,0.00076547824,IV_COMBINED,-0.01152141275,-0.01076029125,-0.01063406225,-0.010096774499999999,-0.009685738,-0.00907112475,-0.00819049435,-0.007815736425,-0.0076552185,-0.006920860950000001,-0.0062193044,-0.005782417575,0.005379479425,0.005920890025,0.00683228925,0.007138005575,0.00752130935,0.008528519375,0.008906731250000001,0.00953858025,0.00978647225,0.010340074125000001,0.010608543375,0.011633014875,-0.01022706875,-0.008673327375,-0.0071618887,0.0069121397250000004,0.00848692755,0.010094668375000001
2021-09-10,-0.00047359697,IV_COMBINED,-0.010022586625,-0.00934151975,-0.00919836775,-0.008814869749999999,-0.00839406685,-0.007920427275,-0.007165244425,-0.00684867675,-0.0067368566000000005,-0.0060783439,-0.005444716125,-0.00507321705,0.004814167225,0.005279794375000001,0.00605386605,0.00630959975,0.0066896519750000005,0.007501401825,0.007864905425,0.008379313,0.008596589875,0.009076906249999999,0.009339265749999999,0.01021917275,-0.008898693499999999,-0.0075739147,-0.006273076,0.006140476925,0.00748849275,0.0088798495
2021-09-13,-0.0010706481,IV_COMBINED,-0.008734187000000001,-0.007980363425,-0.0074949885,-0.0071662605,-0.00691207605,-0.0066876532,-0.006303938,-0.005586385675,-0.005437737275,-0.0052742029,-0.0048181546,-0.0044569676749999995,0.00419564795,0.004480568250000001,0.004905776650000001,0.00523552035,0.005732750525,0.00622230455,0.006486070375,0.0068576889000000005,0.00728357845,0.007632977725,0.007724606225,0.008653686125,-0.007496107625,-0.0063021405249999995,-0.005364672725,0.0051601625,0.0062619245,0.007401126
2021-09-14,0.0011806102,IV_COMBINED,-0.010476472875,-0.009607558,-0.009030268000000001,-0.008598155,-0.0082099565,-0.007993646075,-0.007595304425,-0.006684301225,-0.0064664428,-0.00622953645,-0.0057110717499999995,-0.005216140675,0.004904994575,0.0051758857499999995,0.005778678675,0.006140177625,0.006653604,0.00731755485,0.0076822184750000005,0.007994898075,0.00851103075,0.00890597375,0.00899333475,0.010131972125,-0.008977157749999999,-0.00755399245,-0.006366939125,0.0060390761,0.0073399057,0.008662691
2021-09-15,-0.000983745,IV_COMBINED,-0.009395475,-0.00858865375,-0.008057109625,-0.007694152375000001,-0.00738728355,-0.007193019625,-0.0067850265,-0.00598916135,-0.0058162537,-0.0056212772,-0.005143071975,-0.00473078235,0.004452765,0.0047203563,0.0052457591000000005,0.0055517445499999995,0.00606586405,0.006626903075,0.0069009254,0.007266692825,0.00773475735,0.008108210975,0.0081818927,0.0091808365,-0.00805171675,-0.00676811425,-0.0057354624,0.0054771339,0.006650729325,0.007853021
2021-09-16,-0.0040700682,IV_COMBINED,-0.00936762525,-0.008572342475,-0.008072054525,-0.0077007258,-0.00736228255,-0.0071604838,-0.00677607055,-0.005966163075,-0.005794929675,-0.005602087775,-0.00512604485,-0.0046986271,0.004436848175,0.0047125385250000006,0.005215004025,0.005543001949999999,0.0060412669999999995,0.0066105591500000005,0.0068903118999999995,0.0072375871,0.00770595265,0.00808413,0.008159207,0.009136442750000001,-0.008032692099999999,-0.006753940325,-0.00571068125,0.0054591939249999995,0.006633853875,0.0078259002
2021-09-17,-0.0025365169,IV_COMBINED,-0.009916342625,-0.009090997,-0.00854194155,-0.0081278088,-0.007782491775,-0.0075704499500000005,-0.0071804485000000005,-0.006316467525,-0.006120629900000001,-0.005919421124999999,-0.005423046175,-0.004951823925,0.0046701281,0.0049489699,0.00549544825,0.00583945025,0.006336430075,0.0069685956,0.007269516525,0.0076084504,0.008107611025,0.008496789250000001,0.008575952,0.00963711875,-0.008497618375,-0.007145987275,-0.00603624165,0.005744098675,0.00698215625,0.00823972925
2021-09-20,-0.0003878538,IV_COMBINED,-0.00888483575,-0.0081360681,-0.0076579288999999995,-0.007288594275,-0.0070255075,-0.0067992101,-0.006414579975,-0.00567509065,-0.00551355915,-0.005360027325,-0.004892261775,-0.0045037908,0.0042465589,0.0045426189,0.004968731075,0.00531268655,0.005789590725,0.006323626325,0.006565011075,0.00694421135,0.007378974925,0.007744749375,0.0078320115,0.008768680625,-0.00762684365,-0.006412073825,-0.0054460759,0.00522250205,0.0063471328,0.007497777675
2021-09-21,-0.0003816074,IV_COMBINED,-0.010204843125,-0.009356535499999999,-0.0087758675,-0.00834508225,-0.00799344325,-0.00778834305,-0.007389346025,-0.006504239725,-0.00629136215,-0.0060936588,-0.0055803069,-0.0050751726,0.004781661275,0.005068721975,0.00562567025,0.0059888668,0.00648598925,0.00716662295,0.007467285325,0.007818813375,0.00832887525,0.0087206575,0.00881179425,0.009921875,-0.0087376495,-0.007349831675,-0.006208344025,0.00588586545,0.007165884175,0.008469728749999999
2021-09-23,0.0008291176,IV_COMBINED,-0.009644338375,-0.0088443265,-0.0083080906,-0.007900312100000001,-0.007591059475,-0.007383701225,-0.0069876982,-0.00615420635,-0.005973927725,-0.005797723325,-0.0053065347499999995,-0.0048517116249999995,0.0045630357,0.004854061,0.005359953000000001,0.005708599375,0.00619232595,0.0068336788750000006,0.007099278075,0.0074637302249999996,0.007949039500000001,0.008320889925,0.008400968,0.00947282075,-0.00827274725,-0.006961524975,-0.0058987753,0.005613730775,0.006830954475,0.008077167375
2021-09-24,-0.0017421552,IV_COMBINED,-0.009696551250000001,-0.008870831625,-0.00835170255,-0.0079233413,-0.007637279125,-0.00743067675,-0.0070085328500000005,-0.00620714075,-0.0059452406,-0.005806279675,-0.005311529725,-0.00484804365,0.0045955925,0.004859383625,0.0054273008,0.0057121883499999995,0.00625680885,0.00680623135,0.007075974225,0.007463333725,0.007960317250000001,0.00833539575,0.00842035925,0.009421368125,-0.008311736,-0.0069886588,-0.0059207338750000005,0.00564301185,0.006837319775,0.008068271025
2021-09-27,-0.0010591435,IV_COMBINED,-0.00874209075,-0.00800010175,-0.007550370925,-0.007167666625,-0.006917927075,-0.0066862262,-0.0063129845,-0.0055897032,-0.005415600875,-0.0052785303499999995,-0.00481031065,-0.004424874,0.00420761365,0.00448627405,0.0049115345,0.005243146625,0.00572401525,0.006217184425,0.00645890525,0.00683170665,0.00727522375,0.00764632235,0.00773201975,0.00861410225,-0.0075028025,-0.00631097715,-0.005357928725,0.005157668575,0.006257914675,0.007382391425
2021-09-28,-0.0018690475,IV_COMBINED,-0.0092317915,-0.0084625725,-0.007992977675,-0.0075693702500000005,-0.00727277325,-0.007049129575,-0.006676481325,-0.0058840711,-0.005692973575,-0.005538606425,-0.005056888225,-0.004623336475,0.004388897425,0.004664684525,0.005146376075,0.0054779064,0.00596287035,0.006527734975,0.006788491775,0.00714942285,0.0076047494,0.007992689875,0.00807446375,0.009015881125,-0.007917127400000001,-0.006659126825,-0.0056304063,0.005390264225,0.0065499386,0.0077266018500000005
2021-09-29,-0.0058477814,IV_COMBINED,-0.009692632125,-0.008903078,-0.008401903125,-0.00794701375,-0.007642181075000001,-0.007404995675,-0.007022849375,-0.006184434525,-0.0059758777,-0.005805966975,-0.005307624875,-0.0048535169,0.00459829135,0.0048658647,0.0053984902500000004,0.00573720585,0.0062233767,0.006834697775,0.007116535425,0.007474457075,0.007929765625,0.008334422875,0.008410218125,0.0094363785,-0.00831797975,-0.0069980119,-0.00591130785,0.005640511825,0.006849247725,0.008073470624999999
2021-09-30,-0.0028957373,IV_COMBINED,-0.010695016250000002,-0.009813239500000001,-0.009255475375,-0.00875454375,-0.008418180125,-0.008160506125000001,-0.007743683675,-0.006848670975,-0.006592244299999999,-0.00637654085,-0.005831148275,-0.0053377382,0.0050385848,0.005301346,0.0059222735,0.00630394575,0.0067934904,0.007462934575,0.00782334275,0.00816132325,0.008640651749999999,0.00907715725,0.009169077250000001,0.01032694325,-0.009168297124999999,-0.0077201163,-0.006510921075,0.00617580745,0.00749217425,0.008824267375
2021-10-01,0.0016698997,IV_COMBINED,-0.010742184125,-0.0098492665,-0.009306453749999999,-0.0087926645,-0.0084658965,-0.00821477175,-0.007783515275,-0.0068879813250000005,-0.006655245925,-0.006415766775,-0.00587136475,-0.005395327525,0.0050736318,0.0053471242249999995,0.005957445975,0.006351440825,0.0068295093,0.007520490425,0.00789018925,0.0082071953,0.008708576749999999,0.009129265125,0.009217721625,0.01041238075,-0.009212956875,-0.0077695934250000005,-0.0065570424,0.006219580125,0.007544179,0.0088872125
2021-10-04,0.0020243009,IV_COMBINED,-0.009024259,-0.0082511969,-0.007798100925000001,-0.0073940109,-0.00715896585,-0.006922272775,-0.006517832825,-0.005770915175,-0.005615835175,-0.005446988825,-0.00497107125,-0.0046005422249999995,0.0043369066999999996,0.0046223447,0.0050677502,0.005410876675,0.005874115725,0.006436940375,0.0066785444,0.007048360425,0.007489226975,0.0078661599,0.007943940125,0.008930861,-0.0077501411,-0.006524991175,-0.0055423581,0.0053159322999999994,0.006453327525,0.00761818665
2021-10-05,-0.0010331735,IV_COMBINED,-0.00977672175,-0.00895976525,-0.008433205175,-0.0080145423,-0.0076896399,-0.007466149625,-0.007075021775,-0.00623078485,-0.0060324396999999995,-0.005852939875,-0.00535655405,-0.004899371275,0.0046230548,0.004890179725,0.005434084675,0.00576668265,0.0062619883250000005,0.006893310325,0.00717600825,0.0075364305,0.0080065261,0.00840325825,0.0084797955,0.009541818,-0.008381363624999999,-0.007047520175,-0.005961160300000001,0.005677062975,0.0069002496,0.00814811575
2021-10-06,-0.0055521806,IV_COMBINED,-0.00959578975,-0.008790324,-0.008275940425,-0.0078700037,-0.0075532934,-0.00733975515,-0.006943915875,-0.006120115125,-0.005934722700000001,-0.00575083545,-0.0052599724,-0.0048204062,0.0045506762249999996,0.004816654525,0.0053476122,0.0056755675,0.006164748175,0.006780767775,0.00705303375,0.007410838325,0.007876066,0.008265954525,0.008340675,0.009377103500000001,-0.008229833575,-0.00692289,-0.005858216775,0.00558654475,0.006788014225,0.00801154325
2021-10-07,0.0013698528,IV_COMBINED,-0.0102969165,-0.009442998000000001,-0.008895343125,-0.008434071,-0.0080948505,-0.007866419125,-0.007461850225,-0.006580996,-0.00636338855,-0.0061511983,-0.0056297987,-0.005148297575,0.004854443025,0.005124251,0.00570557815,0.006071075725,0.006557580225,0.007225885675,0.0075558291000000005,0.00788992895,0.00837938725,0.00878376425,0.00887053925,0.009997418625,-0.0088270515,-0.00743359945,-0.006275342,0.0059595364500000005,0.007238826975,0.008538621
2021-10-08,0.0010310204,IV_COMBINED,-0.011313997499999999,-0.010360597749999999,-0.009791557125,-0.009265520499999999,-0.00889471425,-0.008659920625,-0.00818578675,-0.00725537475,-0.00700867725,-0.006714690525,-0.006165619925,-0.0056528349,0.005284527475,0.0055781144,0.0062349111499999995,0.006650042225,0.0071318127,0.007874571925,0.008303163,0.0085814685,0.009111329500000001,0.009544275375,0.00964835125,0.01088827975,-0.0096989505,-0.008180263625,-0.006889688075,0.006506505625,0.007900772975,0.00930651825
2021-10-11,2.1603311e-05,IV_COMBINED,-0.00870582975,-0.0079580981,-0.00750061875,-0.007154785,-0.00690811435,-0.00668277715,-0.0062871864,-0.0055744983,-0.005436782125,-0.005266288825,-0.0048086342,-0.0044581237749999995,0.00419989485,0.004484590925,0.004900925575,0.00524233175,0.005712688275,0.0062295470749999995,0.006482664825,0.006845073325,0.007254809,0.007612590325,0.007702175,0.00864095875,-0.007481921,-0.00629637255,-0.0053580646749999995,0.005156153175,0.00625596445,0.0073851366
2021-10-12,-0.0027841884,IV_COMBINED,-0.009774767875,-0.008957225625,-0.008426343925,-0.008020545,-0.007668306675,-0.007466044925,-0.00707836925,-0.006217022325,-0.0060366506,-0.00583950305,-0.005350409825,-0.00488553075,0.0046027797749999995,0.004878033,0.005415642575,0.0057528054,0.0062490077500000005,0.00689016375,0.007185117625,0.0075281775,0.008003982625,0.0083906305,0.00846924175,0.0095261475,-0.0083773785,-0.00704488635,-0.005951702075,0.0056661160000000006,0.006893544825,0.0081425335
2021-10-13,0.0023930962,IV_COMBINED,-0.009949717,-0.0091169735,-0.00907390375,-0.008592020125,-0.008034051,-0.0077090019999999995,-0.007300603075,-0.006807397075000001,-0.00617635355,-0.0058304075500000005,-0.0054635121500000005,-0.00491326265,0.004994524325,0.005311648825,0.005703887675,0.006222511825000001,0.00645462835,0.007118429525,0.00754901415,0.00795438675,0.0085379195,0.008555187,0.00869962175,0.00972016475,-0.008680353,-0.007413451625,-0.006144716425,0.0060027406,0.00717995425,0.008492221375
2021-10-14,0.0019647179,IV_COMBINED,-0.00924648325,-0.00848404225,-0.008446207,-0.007947900475,-0.0074477994999999995,-0.007164002575,-0.006797415825,-0.006341845699999999,-0.00576799605,-0.0054118840000000005,-0.0051046218,-0.0045810597,0.00472124625,0.005019074925,0.005342108975,0.00583766605,0.006049798800000001,0.0066541293000000005,0.007079297925,0.007457545875,0.00798556,0.00800576825,0.008118409125,0.00908513875,-0.0080580455,-0.0069034935,-0.0057206826499999995,0.005642305425,0.006725332075,0.007945190500000001
2021-10-15,0.00023723206,IV_COMBINED,-0.009071049125,-0.0083210405,-0.00829027975,-0.0077900755250000005,-0.007297293275,-0.0070190613499999995,-0.006677685425,-0.006230043575,-0.0056578712,-0.0053147554,-0.0050122752,-0.0044935956499999995,0.004648055474999999,0.0049346352500000005,0.0052439229,0.005746231325,0.005945639275,0.0065255808999999994,0.0069543298,0.0073279086,0.00784737825,0.007865318,0.00796842975,0.00892517585,-0.007899704,-0.00677498805,-0.005613946224999999,0.005545316225,0.00660742005,0.0078046446499999995
2021-10-18,0.0013274605,IV_COMBINED,-0.00791626815,-0.00723504975,-0.0072084193750000004,-0.006725904175,-0.006323878575,-0.0061081707,-0.005851121075,-0.0054774895,-0.004994380675,-0.0046312691,-0.004421783375,-0.0039599079,0.00419391335,0.0044486882749999995,0.00468385895,0.005111817975,0.005279811725,0.0057383404999999995,0.006155917,0.006516716425,0.00695725965,0.00696371015,0.007038449325,0.00789823325,-0.0068618546,-0.0059279164749999995,-0.004919724425,0.004952438025,0.005849919525,0.00691331515
2021-10-19,0.0019921912,IV_COMBINED,-0.008907521,-0.0081646273,-0.008141055675,-0.0076196408,-0.007141294625,-0.006853945625,-0.006550638375,-0.006129411025,-0.005539937725,-0.0052084576,-0.004913152325,-0.00439636685,0.0045734610249999995,0.0048453059250000005,0.005143753025,0.005654849925,0.005843399075,0.006386950075,0.006815051,0.007187529325,0.00773690275,0.0077491485,0.0078422025,0.008784141950000001,-0.007737405825,-0.006642998000000001,-0.0055002667249999995,0.005444193925,0.006489879825,0.0076731654
2021-10-20,0.0009452243,IV_COMBINED,-0.009174647250000001,-0.00840918575,-0.00837761525,-0.00787727205,-0.0073753259250000005,-0.00707927875,-0.0067458958,-0.006299879575,-0.005710328625,-0.005371216975,-0.0050577815000000005,-0.00453604935,0.0046876751,0.004976508375,0.0052980270749999996,0.005806535825,0.006006145,0.00659474065,0.007017728875,0.00739612495,0.007936995700000001,0.0079492387,0.0080537247,0.009010983625,-0.00798314215,-0.006842599975,-0.00566884125,0.005597216800000001,0.00667487795,0.00788311185
2021-10-21,-0.00010736687,IV_COMBINED,-0.008932512,-0.008190927425,-0.008165230675,-0.0076555951,-0.0071731132,-0.00689390045,-0.0065639857,-0.006129119299999999,-0.0055631121500000005,-0.00522666935,-0.0049295621500000004,-0.0044207154000000005,0.0045856182499999995,0.00486167615,0.0051637295,0.005661088874999999,0.005851770575,0.00642484355,0.00684876495,0.0072093281499999995,0.00773164755,0.0077442746249999994,0.007843491875,0.00878313525,-0.00776920965,-0.0066630695,-0.00551999325,0.005462311775,0.00650614845,0.007683273125000001
2021-10-22,-0.0008292605,IV_COMBINED,-0.008929442749999999,-0.008191108875,-0.008165540875,-0.00765174925,-0.007169626525,-0.006890908750000001,-0.006563219125,-0.006132552425,-0.0055622558499999995,-0.0052274248,-0.0049312066500000005,-0.004418825249999999,0.0045875746,0.0048632646,0.00516677375,0.005667437275,0.00585455105,0.0064245267000000005,0.006851335175,0.007211003375,0.0077352215749999995,0.007749750925,0.007848879574999999,0.00879410225,-0.007766567125,-0.00666289555,-0.0055201834500000005,0.005464699999999999,0.006509520125,0.0076881084
2021-10-25,-0.0019038835,IV_COMBINED,-0.007742998625000001,-0.00706756465,-0.00704357215,-0.006574922975,-0.006181405175,-0.005973163775,-0.0057311461,-0.0053628137999999995,-0.0048954885,-0.004532327775,-0.004336519525,-0.00388479455,0.00412904885,0.004379593675,0.004609591499999999,0.005024849675,0.0051824905,0.005628915375,0.00604599705,0.00639705975,0.00681533025,0.006823028325,0.006890814875,0.007737460525,-0.006708011224999999,-0.005801236675,-0.00481792385,0.004869344375,0.005741056374999999,0.006777332575
2021-10-26,-0.0016961083,IV_COMBINED,-0.00892504925,-0.008183491375000001,-0.008160767374999999,-0.0076327843499999996,-0.0071514993249999995,-0.0068606273999999995,-0.006554378475,-0.0061401823,-0.0055451835,-0.0052203045,-0.004921270175,-0.004404097775,0.0045787435750000004,0.004853149825,0.005158291825,0.00567386225,0.0058522993499999995,0.00640150135,0.00682976535,0.0071944491,0.00775047435,0.007764544675,0.007857778925,0.008809807575,-0.00775069015,-0.00665222775,-0.00550929655,0.0054544499,0.00650439455,0.00768845505
2021-10-27,0.000845181,IV_COMBINED,-0.0089142305,-0.008178257250000001,-0.008150539,-0.007629994675,-0.0071510512750000005,-0.0068682786,-0.00654034415,-0.0061175253249999995,-0.0055452347,-0.005212897075,-0.004919729975,-0.00440848835,0.004573993175,0.0048523524,0.0051582718,0.0056556213,0.00583873515,0.0064099603,0.006832900325,0.007188364475,0.0077228508250000005,0.007736342725,0.00783521445,0.00877397415,-0.007748362375,-0.0066443844999999994,-0.005505384075,0.00545125075,0.0064947118,0.00767066085
2021-10-28,0.0072238143,IV_COMBINED,-0.010969154375,-0.010077891375,-0.009976321625,-0.0095654875,-0.00891510275,-0.0085241729,-0.00800033405,-0.007457054875000001,-0.0068005897,-0.006440009,-0.005972999875,-0.005415482875,0.00540435375,0.0057314417250000005,0.0062531767,0.006778808875,0.007023833125,0.00782472775,0.0082284929,0.0086523945,0.00929488,0.009327430250000001,0.0095470565,0.010631694375,-0.009610361750000001,-0.008151694675,-0.006761943925,0.0065282593,0.00783665855,0.009270903625
2021-10-29,-0.011556444,IV_COMBINED,-0.010419725,-0.0096337655,-0.00952077625,-0.009044555,-0.0084797585,-0.0081349455,-0.0076269745000000005,-0.00713507675,-0.0065032808,-0.00611515455,-0.00573608565,-0.0051681091250000005,0.0052315994,0.005560219050000001,0.0060156313,0.006498882,0.00680310215,0.007507062075,0.0078942596,0.0083159655,0.008946012875,0.008994149875,0.009163739875,0.010247460875,-0.00914255025,-0.00778421085,-0.0064578744,0.00630096225,0.00753949095,0.008913488
2021-11-01,0.0035780377,IV_COMBINED,-0.008752441,-0.008047772,-0.007978503,-0.00746457395,-0.007032625625,-0.00677389495,-0.00642449555,-0.006049147600000001,-0.005513583925,-0.005115418625,-0.0048822297,-0.00436449245,0.0045333483,0.0048488904,0.0051061787,0.005571304525,0.0058184207250000005,0.0063556043,0.0067284591000000005,0.00711655635,0.007657058,0.00767735335,0.00776674375,0.0087600888,-0.007614261325,-0.00654792535,-0.005437036625,0.00540705945,0.00643022845,0.00760578125
2021-11-02,-0.00091489736,IV_COMBINED,-0.009221373,-0.008476896,-0.00841812875,-0.00788451025,-0.0074102493750000005,-0.007109186175000001,-0.006772995125,-0.006355536849999999,-0.005747468575,-0.005397976375,-0.0051190456250000006,-0.00455766,0.0047044137,0.00502671675,0.0053206131,0.005826694,0.0060727963499999996,0.00662995625,0.0070285901,0.0074238945,0.008022789749999999,0.008037151749999999,0.008147024499999999,0.0091408155,-0.008020443375,-0.006880663425,-0.005707880975,0.005630626175,0.00671903775,0.007952622874999999
2021-11-03,0.00029786507,IV_COMBINED,-0.0097543785,-0.008973630125,-0.008901206625,-0.008387914575,-0.007863746174999998,-0.00753804475,-0.007156604125,-0.006695989925,-0.006063935625,-0.005715853425,-0.00538726295,-0.004821428175,0.004923666975,0.005253029075,0.0056077268500000005,0.0061225084,0.006388571075,0.006995264075,0.0074022291,0.007812495575,0.008432383,0.008451856375,0.008572652,0.009603268,-0.008503542999999999,-0.00727115615,-0.00603171585,0.005915044575,0.00707208565,0.00836460575
2021-11-04,-0.0033420338,IV_COMBINED,-0.01017998625,-0.009364515,-0.0092617575,-0.0088096335,-0.008253316325000001,-0.007913913125000002,-0.0074564818,-0.00695895595,-0.00632197255,-0.005978892725,-0.00560433305,-0.00503083595,0.0050987816750000005,0.005425320525,0.00583860975,0.006346892,0.006611918975,0.007290146575,0.007704813075000001,0.0081164685,0.00873084925,0.0087606995,0.00892252425,0.00995948275,-0.008904272750000001,-0.007582616075,-0.006297386,0.00613588895,0.0073428941000000005,0.008686827500000001
2021-11-05,0.0005866366,IV_COMBINED,-0.01102469675,-0.010209997625,-0.010036798874999999,-0.009615475875,-0.00900157775,-0.008605443,-0.008046191425,-0.00752721975,-0.0068666422,-0.006477027875,-0.006045705825,-0.005461826275,0.005469790575,0.005796698375,0.006315532325,0.0068086529,0.0071299172,0.007894793025,0.00829051015,0.00872144125,0.0094072225,0.009462982750000001,0.0096563055,0.010785983,-0.009691438,-0.00821645925,-0.006823444575,0.006600489475,0.00791737125,0.00937229225
2021-11-08,0.0031675133,IV_COMBINED,-0.008331281400000001,-0.0076597956,-0.007595046350000001,-0.00713007355,-0.006710050125,-0.006479013625,-0.006177072325,-0.0057685346,-0.005262409775,-0.004894440625,-0.004680044125,-0.004174213899999999,0.0043837326499999996,0.00466647315,0.00491749765,0.0053482235,0.0055571472,0.0060783003,0.006474219975000001,0.00684484535,0.0072983628,0.007316435925,0.0074037633,0.0083037245,-0.007262043075,-0.00625641545,-0.00519924935,0.0051998140000000005,0.006154865475,0.0072649831
2021-11-09,-0.00035384865,IV_COMBINED,-0.009261870625,-0.008538819425,-0.008486320674999999,-0.0079669616,-0.0074794106,-0.007174610675,-0.00683768055,-0.006390485925,-0.005776289825,-0.0054372070750000005,-0.0051335778,-0.0045761375,0.004734598025,0.0050174516,0.005344977775,0.005848199125,0.006067031675,0.0066557379,0.0070692150749999995,0.007460189775,0.0080495619,0.008066630525,0.008173724525,0.00916870925,-0.008084334675,-0.006933077625,-0.005742403925,0.0056466547500000006,0.0067413631,0.007984280025
2021-11-10,-0.0057285912,IV_COMBINED,-0.0106272235,-0.00980269825,-0.009673801374999999,-0.009253812875,-0.00864260225,-0.0082687259,-0.007797898275,-0.007274513224999999,-0.00660431125,-0.006260980425,-0.00583391355,-0.005258873275,0.005297459149999999,0.0056115185,0.0060841841,0.006605061225,0.006877387400000001,0.0076133611750000005,0.008011408,0.008448543749999999,0.00909310025,0.009122956,0.009301582374999999,0.01038284825,-0.0093190125,-0.00792385,-0.0065794013,0.006376391425,0.007646034625,0.009047496625
2021-11-11,-0.00418458,IV_COMBINED,-0.01037613875,-0.00956526775,-0.009430342750000001,-0.009000312375,-0.008413915000000001,-0.008069344875,-0.007613144525,-0.007117344425,-0.0064665426,-0.0061019216,-0.0057125402750000005,-0.005145474675,0.0052224463,0.005550465175,0.0059722347499999995,0.006488243350000001,0.006781759675,0.00746654055,0.00786162265,0.008296505375,0.00892687075,0.0089557165,0.009116130125,0.010196354250000001,-0.009084996,-0.007739343575,-0.006429325175,0.0062777059,0.00751077655,0.0088794965
2021-11-12,-0.0023041987,IV_COMBINED,-0.01038494025,-0.0095788045,-0.00943546625,-0.00901581175,-0.008430768075000001,-0.008085541175,-0.0076286553,-0.007133753275,-0.0064813531,-0.006112731175,-0.005726121675,-0.00515633265,0.00523030775,0.005559656,0.0059803060750000005,0.006499531925,0.0067993185,0.007472943025,0.007866768675,0.008307545749999999,0.008938405,0.0089746375,0.009127913250000001,0.010213502874999999,-0.009099173,-0.0077529535,-0.0064428961,0.006287271375,0.0075226395,0.008890827
2021-11-15,-0.0020949652,IV_COMBINED,-0.009355435875,-0.0083159765,-0.008090630500000001,-0.00795566785,-0.007629411525,-0.007077494849999999,-0.00672780905,-0.00661208005,-0.005892923525,-0.0056035675,-0.0047974916749999996,-0.00453886505,0.00459525745,0.00514078635,0.0055100952499999994,0.005845691825000001,0.006058349825,0.0068175792500000006,0.00715279895,0.007341086875,0.007765286425,0.007874746175,0.008378851625,0.009276236125,-0.00806679715,-0.006880187575,-0.005725899925,0.005691457675,0.006749833475,0.00798285195
2021-11-16,-0.006150555,IV_COMBINED,-0.010689759,-0.00968534575,-0.009422306,-0.00925943325,-0.008849655500000001,-0.008228422825,-0.007812503925,-0.0076286812,-0.0067976380999999995,-0.0064885614000000005,-0.0056207612,-0.00528209225,0.0052446567,0.0058257881,0.006364667425,0.006631255075,0.00693828035,0.007818850249999999,0.0081936345,0.008545143875000001,0.0090967665,0.0091075695,0.00975861625,0.010839766,-0.009342523,-0.0079779105,-0.0066497036249999995,0.0065134053,0.00773791785,0.0092867855
2021-11-17,-0.00374262,IV_COMBINED,-0.012666987250000001,-0.011491497,-0.01108662575,-0.011009597749999999,-0.0105820385,-0.009857670875,-0.009340507375,-0.00904510975,-0.00816947025,-0.007770239075,-0.006769466775,-0.0063232893,0.006245892775,0.006821101775,0.00757291735,0.00782400695,0.00826687375,0.009211038250000001,0.00970158475,0.010255750249999999,0.01089350475,0.0108971955,0.01158850425,0.0129839115,-0.0111215585,-0.009499877,-0.00795315525,0.007721674075,0.00918014025,0.01108465125
2021-11-18,0.0035421625,IV_COMBINED,-0.012641600624999999,-0.011433329499999999,-0.0110286575,-0.01094145425,-0.0105441895,-0.009847313625,-0.00936539225,-0.0090594045,-0.00818845335,-0.00780181385,-0.0067685633499999995,-0.00635127635,0.006306025075,0.0068625733,0.0076213025000000005,0.007832073075000001,0.008302338,0.009258174375,0.009750308499999999,0.010253453249999999,0.01087964975,0.010920126,0.011575938000000001,0.012977775625,-0.01108157725,-0.00949784375,-0.007965674475,0.0077685098250000004,0.00921260375,0.011087424875
2021-11-19,-0.0026648329,IV_COMBINED,-0.012650654,-0.01149344675,-0.01109900125,-0.01099743125,-0.01059327075,-0.0098688,-0.00940461175,-0.00909073225,-0.008209119675000001,-0.007824533,-0.0067983838250000005,-0.00637883065,0.006321197725,0.0068933094,0.007655963625,0.007883150075,0.00832314975,0.0093067315,0.009798370625,0.01026494425,0.010874875499999999,0.01096027975,0.01163344625,0.0130063035,-0.0111207205,-0.009534453125,-0.007992255949999999,0.007798398375,0.009254336125,0.01111558775
2021-11-22,-0.00630868,IV_COMBINED,-0.01139005725,-0.0101057505,-0.009815893375,-0.00969683325,-0.009373785875,-0.008719075475000001,-0.008211254849999999,-0.0080329431,-0.0072701829999999995,-0.006866596075,-0.005957589075,-0.005627438475,0.005633143325,0.006190793625,0.0067595365,0.0070334879,0.007351481724999999,0.008334541625,0.00872186225,0.009043853000000001,0.00952064725,0.009610389,0.01031100025,0.011405677375,-0.00985710025,-0.00840987025,-0.00704072845,0.006931363499999999,0.00821035275,0.009800608375
2021-11-23,0.001570363,IV_COMBINED,-0.01260183875,-0.011308235125,-0.010963974500000001,-0.010877313,-0.0104857605,-0.00979546725,-0.009214393,-0.00895639825,-0.008125152575,-0.007677132825,-0.006685029425,-0.0062766983750000005,0.006281280875,0.0068531018,0.0075829553,0.007825485625,0.0081938346,0.00927244775,0.009674636,0.010163704374999999,0.010729966,0.01078617475,0.011574133125,0.0128017525,-0.011013723,-0.009411076875,-0.0078781454,0.0077171615500000006,0.009150515625,0.0109888385
2021-11-24,-0.0060595856,IV_COMBINED,-0.012186088625,-0.01094316925,-0.010626731875,-0.01049747975,-0.01015181925,-0.00947400925,-0.00891040475,-0.00867726075,-0.0078749221,-0.00742203655,-0.0064706025,-0.006093374575,0.0060900364,0.006656529475,0.00733327895,0.00759629375,0.00792981325,0.0089698645,0.0093704705,0.00977502575,0.01032569225,0.0104224665,0.011177947,0.01237075725,-0.01065051325,-0.0091126655,-0.0076274566499999995,0.0074760256,0.008857781625,0.01060397875
2021-11-25,0.0012028151,IV_COMBINED,-0.012255747375,-0.01099160775,-0.010683044,-0.010558867999999999,-0.01020151425,-0.009546810499999999,-0.008959288499999999,-0.00872606525,-0.007939296675,-0.007446831075,-0.006518204275,-0.00613835675,0.0061487555749999995,0.006705053250000001,0.007390467925,0.0076341561,0.008011151250000001,0.009047204875,0.0094296605,0.009832466625000001,0.01038676,0.010485753,0.011255748999999999,0.01243213075,-0.0107109095,-0.00917090125,-0.0076752538250000005,0.007537018,0.0089215855,0.010667353
2021-11-26,0.009524399,IV_COMBINED,-0.011044498625,-0.009865879,-0.009536250999999999,-0.00943837975,-0.00917756975,-0.008518881249999999,-0.008020193125,-0.007855931575,-0.007129635775,-0.006650225575,-0.00582818215,-0.005511581,0.005520431375,0.0060670196249999996,0.0066094102,0.006902156075000001,0.007193910075,0.008136242825,0.008467887475,0.008737968325,0.009208546,0.0093675535,0.010049012,0.011085396875,-0.009609041875,-0.00821217865,-0.00687296045,0.0067717319,0.0080135497,0.009509762
2021-11-29,-0.004467901,IV_COMBINED,-0.011911794,-0.010687394749999999,-0.01035125925,-0.010225922,-0.0099007155,-0.00923103425,-0.008632319,-0.00842634825,-0.00769677005,-0.007181835575,-0.0063226176,-0.005930427425,0.0059490861,0.00651021945,0.007142299125,0.007429992875,0.0077461861,0.008780029,0.009121568625,0.009522440375,0.010043190875,0.010134538,0.0109361075,0.011976405,-0.0103913715,-0.008867546375,-0.007418452675,0.007293871425,0.008642463,0.01031994225
2021-11-30,-0.00061262544,IV_COMBINED,-0.01195334625,-0.01081243325,-0.010430593125,-0.01032824325,-0.010003949,-0.0093043235,-0.00872701125,-0.00851000625,-0.00775674,-0.0072697499,-0.006392207175,-0.005989293525,0.0059910125250000005,0.006551263225,0.0071952891,0.0074796173,0.00779947875,0.008834252375,0.009183733875,0.00958885175,0.01012737025,0.010223984,0.01101821725,0.012094016999999999,-0.01048045925,-0.00894573425,-0.007493115925,0.0073441554999999995,0.0087042135,0.0104024375
2021-12-01,0.0066411314,IV_COMBINED,-0.014042637875,-0.012745514749999999,-0.012295963125,-0.01215668575,-0.011772749875,-0.0110711765,-0.010369924124999999,-0.01002521,-0.009149404875,-0.00858681,-0.0076101784,-0.007096773,0.007074329825,0.00765078985,0.00851464485,0.008780310500000001,0.00925325475,0.010362551250000001,0.010794755999999999,0.0114352335,0.01212858375,0.012207355625,0.0130525115,0.01435242575,-0.012357753124999999,-0.01058233525,-0.00887802975,0.00865755525,0.010279646125,0.01235270175
2021-12-02,-0.001485499,IV_COMBINED,-0.0136087525,-0.012277850625,-0.011844639625,-0.0117086425,-0.011346468375,-0.01072659075,-0.01006258125,-0.009737642,-0.008902765125,-0.00832215625,-0.007376242675,-0.0069205496,0.0069396965250000005,0.007502860525,0.008306966,0.008537582625,0.0090054955,0.010083323625,0.010521777500000001,0.011071061375,0.011710523125,0.01183626375,0.01262013625,0.01389239975,-0.0119336605,-0.010254843999999999,-0.008616636375,0.008455359374999999,0.0099968885,0.01196318
2021-12-03,-0.003425267,IV_COMBINED,-0.013895553750000001,-0.012701371,-0.0121477645,-0.01206848425,-0.011724093,-0.01102570875,-0.01036096075,-0.01000362275,-0.009144226,-0.008571452,-0.0075969639500000005,-0.0071149689,0.0070820825,0.0076778542499999995,0.008520490825000001,0.008816738,0.0092332115,0.010313980125,0.010789527,0.011341176125,0.01203001875,0.012181499750000001,0.01298067175,0.014291267,-0.0122830425,-0.01053645625,-0.0088625435,0.008660633175,0.01026699125,0.0122865325
2021-12-06,-0.00063855544,IV_COMBINED,-0.01133079875,-0.010101041,-0.009668814,-0.009625203249999999,-0.0093732355,-0.00878724375,-0.00822814925,-0.00806522225,-0.007366713125,-0.006812224075,-0.0060386303,-0.0057148678000000005,0.0057726172,0.006292486349999999,0.006831349875,0.007140211725,0.007472416825,0.008414780125,0.00875507675,0.009032411375,0.009466651375,0.009682264999999999,0.010330737999999999,0.011314297375,-0.009843504624999999,-0.0084232286,-0.007083637175,0.007024789325,0.008292950075,0.009779834500000001
2021-12-07,-0.0023248568,IV_COMBINED,-0.012131888,-0.01099509775,-0.01054394475,-0.010472131875,-0.010175435875,-0.009497436,-0.008877798,-0.0086491265,-0.0079262933,-0.007356829,-0.006533931375,-0.006126118525,0.006128399725,0.006708011925,0.0073591767,0.007657606925,0.007975902025,0.00900779425,0.009353780625,0.009729383125000001,0.010285742125,0.01041550525,0.01121485925,0.012252553499999999,-0.010654397749999999,-0.0090989195,-0.007632688175,0.00750505415,0.00888211825,0.010567263625
2021-12-08,0.007713154,IV_COMBINED,-0.01223919675,-0.011080594875,-0.01063998725,-0.01059060875,-0.010267705,-0.00958271875,-0.0089581365,-0.008718235250000001,-0.00799243875,-0.0074236675999999995,-0.006593641675,-0.00618385825,0.0061899807,0.00676413825,0.0074221513499999996,0.0077133307500000005,0.0080529238,0.00908543175,0.00943469375,0.009814967,0.010372725250000001,0.01051143375,0.011304113000000001,0.012363447,-0.010752164750000001,-0.00917830325,-0.0077004243,0.00757277725,0.008959562375,0.010657989
2021-12-09,-0.004315402,IV_COMBINED,-0.0124148265,-0.011303748,-0.01082647975,-0.0107730505,-0.01043263425,-0.0097337695,-0.009117281750000001,-0.008855005,-0.00811602825,-0.007552091125,-0.00671119945,-0.0062849318999999996,0.006270024875,0.0068609368249999995,0.007526243425000001,0.007847539149999999,0.008172756525,0.00921490625,0.00958399375,0.0099876405,0.01055378925,0.0107063525,0.01150942275,0.012585784749999999,-0.010931605875,-0.009329713,-0.00782739985,0.007682790875,0.00910510975,0.010844126499999999
2021-12-10,0.0015629466,IV_COMBINED,-0.014413401499999999,-0.01333641375,-0.0126880855,-0.012600610875,-0.012258717875,-0.011450891500000001,-0.0107563755,-0.010345041374999999,-0.0094815745,-0.008913541875,-0.007957344849999999,-0.0073748823,0.007283925,0.007913685949999999,0.0087981315,0.00915646275,0.00958415275,0.010679234499999999,0.01116803375,0.01182102325,0.012541822,0.01265233425,0.013543326625000001,0.014804562,-0.012812006875,-0.01094439375,-0.0092083405,0.0089495855,0.01064804325,0.012775753875
2021-12-13,-0.0023142956,IV_COMBINED,-0.011639010875000001,-0.01050850775,-0.01008909275,-0.0099912105,-0.009714403125,-0.009102969625,-0.008563255975,-0.008359017,-0.007644066125,-0.00709761075,-0.00632310555,-0.005933110625,0.005996818399999999,0.006496523075,0.007091867325,0.007337188375,0.00779942925,0.00874204825,0.00907602775,0.00938100875,0.009868985625,0.0100778185,0.010717082499999999,0.011674491,-0.0101912205,-0.008751680500000001,-0.007363162825,0.007292133225,0.008606502,0.010143519
2021-12-14,-0.00024170417,IV_COMBINED,-0.01243921825,-0.011628679,-0.0113451535,-0.010798100125000001,-0.01006563525,-0.00994394675,-0.00928068975,-0.008771806,-0.00833472125,-0.0077745658249999995,-0.0073263502500000004,-0.006892945975,0.00589508205,0.0067253112,0.0074336609,0.007680468649999999,0.008360906875,0.009008145125,0.009916253375,0.010613134875,0.011229557125000001,0.01140347525,0.011916660125,0.013145697125,-0.01097511575,-0.00953526375,-0.00814192275,0.007666242875000001,0.009273849625,0.0113642605
2021-12-15,-0.0018335311,IV_COMBINED,-0.012962846,-0.01206432875,-0.011798512,-0.011259384,-0.010528034,-0.010374051125,-0.009671088625000001,-0.009148062125,-0.00869693125,-0.0081110345,-0.0076558685,-0.007191325175,0.00616023955,0.0070133005,0.007739265925000001,0.007999747625000001,0.008704121374999998,0.00937391,0.01034222225,0.0110728015,0.011682426,0.01187492425,0.012444029,0.01371971575,-0.011437728500000001,-0.009937729375,-0.008496068374999999,0.00799183,0.00965898525,0.01185223925
2021-12-16,0.0048539587,IV_COMBINED,-0.016968983,-0.0155391345,-0.015306170249999999,-0.01474680025,-0.0139569525,-0.013650681,-0.01261404975,-0.011984989750000001,-0.01145444675,-0.01056898675,-0.0100538595,-0.009395665000000001,0.008044230375,0.00906262475,0.010017646,0.0103570335,0.011403808125,0.012170843375,0.01361890075,0.01455755275,0.01525767375,0.015586649250000001,0.01638460525,0.018128674,-0.0149725095,-0.013002067249999999,-0.0111308365,0.0104294415,0.012627447125,0.01558948175
2021-12-17,-0.0029139821,IV_COMBINED,-0.01232298075,-0.01140020175,-0.011252968625,-0.0106733355,-0.010011589500000001,-0.00984382,-0.00914799075,-0.008669345375,-0.008331937875,-0.00772581375,-0.0073212866,-0.006900802325,0.006019703525,0.006780109925,0.00744207,0.007702378325,0.00838321025,0.008948577749999999,0.0098782555,0.01054326975,0.01104342325,0.01132563725,0.01180070925,0.01294977875,-0.01085038525,-0.0094492125,-0.008092213375,0.00770067005,0.009247611499999999,0.011243087375
2021-12-20,0.0013229728,IV_COMBINED,-0.00985853925,-0.0093276615,-0.009133788,-0.008547971,-0.00801618465,-0.007881638574999999,-0.007370077825,-0.007000043975,-0.0067066217,-0.006220777075,-0.0059164322250000005,-0.0055616436,0.0048285732250000005,0.0054639114749999995,0.006029509075,0.00624363615,0.0067331778250000005,0.007262181175,0.007889860125,0.00841499175,0.008904248,0.009093696125,0.00941798225,0.0102959565,-0.008726398875,-0.0076184343249999995,-0.0065161071,0.00618900625,0.0074445103,0.00898460775
2021-12-21,-0.0022037085,IV_COMBINED,-0.011572722375,-0.01088279325,-0.01060398875,-0.010060327375,-0.009398166999999999,-0.009278077,-0.008662216,-0.008168452999999999,-0.007815649249999999,-0.007244603975,-0.006830914075,-0.00641602595,0.00552906125,0.0062764042749999995,0.0069708758999999995,0.00720194485,0.00781113075,0.008415232750000001,0.00924044925,0.009894256,0.01045217175,0.0106564635,0.01104520425,0.012213916,-0.0102384175,-0.008905676749999999,-0.007587615175,0.00716558425,0.00866504375,0.010569199625000001
2021-12-22,0.0051116357,IV_COMBINED,-0.01063747225,-0.01004806025,-0.009794256250000001,-0.00924203175,-0.008641092,-0.00850917675,-0.00797610215,-0.007520547,-0.007208372425,-0.0066834228999999995,-0.0063224431,-0.0059298738,0.0051346787999999996,0.00582924705,0.00646404225,0.006676658875,0.0072089476,0.007778690925,0.00850815975,0.00909829125,0.00958753975,0.0098038965,0.01015134375,0.0111696445,-0.00941556625,-0.0082016905,-0.006993092350000001,0.006629015324999999,0.00799527075,0.00970299575
2021-12-23,-0.0011577349,IV_COMBINED,-0.010670362749999999,-0.01008830325,-0.0098256395,-0.00926742625,-0.008654247125,-0.008536352,-0.008000493075,-0.007534847475,-0.007224308125,-0.006689092975,-0.006328044,-0.00593386425,0.00513843755,0.00582936285,0.0064733175,0.0066864821,0.007225861675,0.007796692625000001,0.008530986875,0.00912101175,0.009628533,0.00984576425,0.01016789,0.0112209495,-0.009443337874999999,-0.00822432825,-0.00700444035,0.0066395935,0.0080171575,0.009733874375
2021-12-24,-0.00010611909,IV_COMBINED,-0.009829617,-0.009328627375,-0.00909617675,-0.008524738,-0.00797732075,-0.007853360399999999,-0.007366228925,-0.00696330665,-0.006677691125,-0.00617312075,-0.005870803075,-0.0054848515,0.00475338385,0.005390380875,0.005996628025,0.006192988375,0.0066654667,0.0072209429249999995,0.007858887875,0.008383136375,0.00884358875,0.00905803725,0.00934707325,0.01029142,-0.00870273275,-0.007591352799999999,-0.0064690886,0.006132949625,0.007399264925,0.00894482175
2021-12-27,0.0009900072,IV_COMBINED,-0.008601999749999999,-0.00824867225,-0.0079994762,-0.0074548345,-0.00699694325,-0.00685611305,-0.0064543726249999996,-0.006132995425,-0.005868165875,-0.0054321643,-0.005192630925,-0.004826604175,0.0041936466,0.004776114425,0.005315249075,0.005480575275,0.0058182057499999995,0.0063658633999999995,0.006892180425,0.0073294219999999995,0.007759006825,0.00792502775,0.008171234625,0.008964174625,-0.007631712400000001,-0.0066622248500000005,-0.0056881016,0.005399079175,0.006496370475,0.007823203825
2021-12-28,-0.0020341119,IV_COMBINED,-0.00919885025,-0.008798998625,-0.008527196375,-0.007968749475,-0.007444637475,-0.00731636005,-0.006894805925,-0.006541423125,-0.00625088835,-0.005776415525,-0.00550297725,-0.00510497885,0.00441614395,0.005034307975,0.00562733245,0.0057960803,0.00620219875,0.006772844125,0.00735522895,0.0078296169,0.008290594125,0.00846197225,0.00872342275,0.00963140925,-0.00814551935,-0.0071061347,-0.006048431075,0.005727042475,0.006917664925,0.00836605475
2021-12-29,0.0047692107,IV_COMBINED,-0.00981039025,-0.009355693125,-0.00907168175,-0.00851663125,-0.0079381291,-0.007820499,-0.0073601008,-0.006943744025,-0.0066399977,-0.006153728424999999,-0.0058353115,-0.005432770725,0.00467511465,0.00533589795,0.0059682185499999995,0.006147042275,0.0066016507750000005,0.007184922575,0.0078267105,0.0083602515,0.008829579,0.00901911475,0.0093188335,0.01028962775,-0.00868826875,-0.00756720455,-0.00643721035,0.0060815186,0.007355888225,0.008925000375
2021-12-30,-0.0016820824,IV_COMBINED,-0.010005641000000001,-0.0094990765,-0.00922207725,-0.008670269125000001,-0.008072790925,-0.00796370875,-0.00749417595,-0.0070646178,-0.006748135575,-0.006253330175,-0.005936185175000001,-0.0055356187500000004,0.004755172175,0.00543384465,0.006072247925,0.006245857625,0.006721138075,0.0073117408249999995,0.007971534125,0.00851247575,0.008971157625,0.0091777435,0.009491949375,0.01046922725,-0.008842297375,-0.007698542900000001,-0.00655069195,0.006190787499999999,0.007485603,0.009083268625
2021-12-31,0.003629584,IV_COMBINED,-0.0106621925,-0.010077082000000001,-0.00980857575,-0.009251361375,-0.008606517250000001,-0.0085034085,-0.007985614625,-0.007498688025,-0.007174093675,-0.006657667675,-0.0062967418,-0.005892704525,0.0050481445,0.0057650565,0.006437405425,0.0066247627,0.0071622306,0.00775179605,0.008481905375,0.00907578675,0.00955702675,0.009782307,0.01013279875,0.01117860225,-0.009420112,-0.008194075825000001,-0.006969841975,0.006578948575,0.00796060045,0.009685224125
2022-01-03,-0.0070576095,IV_COMBINED,-0.0086633135,-0.0082586135,-0.00804207875,-0.007494903775,-0.007021072025,-0.0068933001,-0.00648129645,-0.00615074885,-0.005892771875,-0.0054409322,-0.005229305775,-0.00486633645,0.0042151918,0.0048128315500000005,0.0053459905500000005,0.005499963,0.00582591455,0.006384088925,0.0069257586999999995,0.007360135325,0.007752031925,0.00794839575,0.00821169325,0.008998959,-0.007666240349999999,-0.006692039025,-0.00571612445,0.0054251373000000006,0.006516824325,0.007849715675
2022-01-04,0.001517649,IV_COMBINED,-0.010450584125,-0.009896911750000001,-0.00960449375,-0.00906273975,-0.00842080425,-0.008317899925,-0.007829999,-0.007360681375,-0.00703269485,-0.0065117555,-0.00617060115,-0.00577680535,0.004933324249999999,0.005649207,0.00630984715,0.0064944015,0.00699829185,0.007606244575,0.0083184265,0.008885981000000001,0.009381582375000001,0.0095871915,0.009915874250000001,0.010968278,-0.009229788,-0.0080291536,-0.006827548725,0.0064418192,0.0078009112,0.009494028125
2022-01-05,0.0024618292,IV_COMBINED,-0.010840263499999999,-0.010226960125,-0.00994522625,-0.009418582125,-0.0087794465,-0.00865989,-0.00813776975,-0.0076404626249999994,-0.007312262,-0.006786550625,-0.0064243413,-0.006010168975,0.00515995175,0.0058830504,0.006547281225,0.0067561641,0.0072670252999999995,0.007877649725,0.008644014625,0.009241249375,0.00972119375,0.009939900750000001,0.010324765999999999,0.0113887975,-0.00958502875,-0.008339122125,-0.0071042827499999996,0.006700264725,0.008096951,0.0098640045
2022-01-06,-0.0036518604,IV_COMBINED,-0.01083798975,-0.01021388625,-0.009941029875,-0.00940751925,-0.00877681625,-0.0086533445,-0.008126063375,-0.007640581125,-0.007311687075,-0.006784896225,-0.00642570315,-0.006013118125,0.005174486075,0.00588990935,0.006541390725,0.0067583598499999994,0.007276129750000001,0.0078802599,0.00864700775,0.009237974375,0.00972097325,0.009939484,0.010323391250000001,0.01138074125,-0.009577911500000001,-0.00833454125,-0.0071035287749999995,0.00670578475,0.008100248625,0.0098620175
2022-01-07,0.004588633,IV_COMBINED,-0.012403952,-0.011569425500000001,-0.011295654249999999,-0.010776832125,-0.01006022975,-0.00996182425,-0.00927520575,-0.00872997625,-0.0083565755,-0.007722235075,-0.0073159932,-0.006862822625,0.005872947874999999,0.006677812525,0.0074243872,0.0076484096750000004,0.00832455925,0.008958533875,0.0098948535,0.010581172,0.01110868775,0.011377199375,0.011831059875,0.013077014500000001,-0.01095445325,-0.009523847,-0.00811857,0.007638912225,0.009240710999999999,0.011298557375
2022-01-10,-0.0025567026,IV_COMBINED,-0.009027254,-0.00857815225,-0.00838794365,-0.007826803925,-0.0073474287,-0.007206643225,-0.006769427925,-0.0064229403,-0.006160690525,-0.005705299325,-0.005469390225000001,-0.005107718,0.004431959075,0.00502953475,0.005564540325000001,0.0057546510750000005,0.00612499585,0.0066680120249999995,0.0072387889,0.0076935420749999995,0.008098528925000001,0.008312610175,0.0086073515,0.00938793425,-0.007997256325,-0.006989528925,-0.0059823982,0.005677963575,0.0068198115,0.008205229
2022-01-11,0.0019264066,IV_COMBINED,-0.010279147375,-0.0097461275,-0.00946052475,-0.00891725375,-0.00830059275,-0.00819671225,-0.007704325,-0.0072609393500000004,-0.0069382263,-0.0064233079750000005,-0.006093557825,-0.0057052164249999995,0.004887088275,0.0055790089,0.0062220118500000005,0.0064175583,0.006911449225,0.007509105225,0.00819977375,0.00875440525,0.00924696425,0.009444880249999999,0.0097749555,0.010780224,-0.0090879665,-0.0079121455,-0.006735946875,0.00635986635,0.00769655325,0.009351264375
2022-01-12,0.007073501,IV_COMBINED,-0.01084166125,-0.010241092,-0.009950752,-0.009429898249999999,-0.0087875995,-0.008670746,-0.00814469675,-0.00764949915,-0.007321342224999999,-0.0067981905,-0.00642730475,-0.006014209175,0.0051653984,0.005886927325,0.00655611015,0.006762848575,0.007285038625,0.00788379815,0.00865224775,0.009257677249999999,0.00974050625,0.009953017,0.01034384125,0.01139116575,-0.009594199500000001,-0.008347407250000001,-0.007111990175,0.006709144375,0.008107389999999999,0.009877087875
2022-01-13,0.003480993,IV_COMBINED,-0.010863488625,-0.010240732374999999,-0.009965981,-0.009436491,-0.0087877555,-0.00868173025,-0.00814782625,-0.00765468425,-0.007329101575,-0.0067957518750000005,-0.0064338712,-0.0060322767,0.005185526425,0.0059054339,0.006570253325,0.00677519305,0.007309355025,0.0079011381,0.008669073999999999,0.00927149125,0.009746465499999999,0.0099759395,0.010355544500000001,0.011393409625,-0.009602039,-0.00835586475,-0.0071196627,0.0067279282749999995,0.0081261395,0.00988719725
2022-01-14,-0.0024045901,IV_COMBINED,-0.011282277,-0.01012884625,-0.009873299125,-0.009454994625,-0.009217152749999999,-0.008469391375,-0.008141782325,-0.007646946575,-0.00709404355,-0.006732132,-0.006178081,-0.005773237225,0.0054493136,0.006018220575,0.006580063375,0.006841562925,0.0072827017,0.007628036,0.008328643,0.00886205725,0.009264768,0.0093419165,0.009649244750000001,0.01076039925,-0.009710532625,-0.008245092575,-0.006959957525,0.0067317883750000005,0.007884571975,0.0093730225
2022-01-17,-0.0025572549,IV_COMBINED,-0.00971299575,-0.0087474255,-0.00839664875,-0.00809744605,-0.00796186235,-0.007344739675,-0.0069963861500000005,-0.006600010825,-0.006187752175,-0.005821614175,-0.005358594225,-0.00503233165,0.004783847475,0.0052857458,0.0057424593,0.006059515,0.0062878946500000005,0.006612757800000001,0.00718077525,0.007612442075,0.0080925927,0.0081455447,0.008223432325,0.009148645,-0.008372893575,-0.0071051075,-0.006031458125,0.00585614455,0.0068572974,0.008051577325
2022-01-18,-0.0053281407,IV_COMBINED,-0.0108483575,-0.009743992375,-0.00945847325,-0.009061819,-0.008850677500000001,-0.008107761075,-0.00778010625,-0.007339532750000001,-0.00681193435,-0.006449260675,-0.00592733385,-0.005534347325,0.0052323196749999995,0.005780366175,0.006303231425,0.006577654175,0.0069599136,0.007315910875,0.007992431175,0.0084950525,0.00893257075,0.009009940000000001,0.009242563,0.01028302225,-0.009322521375,-0.007899561625,-0.0066716471,0.0064536525,0.0075711696749999995,0.0089891285
2022-01-19,0.00014544974,IV_COMBINED,-0.011564973,-0.01037687825,-0.0101284845,-0.009684576875,-0.009424632,-0.008648935,-0.008307787875,-0.007817113924999999,-0.00725017285,-0.00688462595,-0.00631271985,-0.005894761175000001,0.0055467364,0.006138147075,0.0066993373250000005,0.006956712375,0.00745264385,0.0077961049,0.008527096375,0.0090792105,0.0094970835,0.009586147,0.009895037,0.011024315125,-0.00993999925,-0.00843049865,-0.007111631325,0.006872792175,0.008063740350000001,0.00960454875
2022-01-20,0.00028202406,IV_COMBINED,-0.010893454625,-0.009795361,-0.00952148675,-0.0091225325,-0.008898763625,-0.008181086775,-0.007857524,-0.007398299625,-0.00687065225,-0.0065048256,-0.005974381925,-0.005591560575,0.005278464625,0.005821422475,0.0063685478,0.006630532575,0.0070270580249999996,0.00736948015,0.0080454788,0.008560294475,0.0089632245,0.009031851,0.00929190975,0.010356971750000001,-0.0093782395,-0.007965809774999999,-0.006730030725,0.006508194175,0.00762088005,0.009043575375
2022-01-21,-0.00017625571,IV_COMBINED,-0.01135567675,-0.01017649525,-0.00992953875,-0.009509972125,-0.009260878625,-0.008500632000000001,-0.0081758058,-0.007683175125,-0.0071305797,-0.00676241545,-0.0062011146999999996,-0.00579226235,0.005455893925,0.006032705175,0.006600037275,0.006861454,0.007308382275,0.0076535296,0.008367022375,0.00890866475,0.00932880175,0.00940404425,0.009691873,0.01082668975,-0.00976073075,-0.008283946375,-0.006987919925,0.006752808275,0.007918886574999999,0.0094246105
2022-01-24,-0.0032840318,IV_COMBINED,-0.009832945625,-0.00881817475,-0.008497320025,-0.008164031125,-0.008013532875,-0.0074006100250000005,-0.007074129125,-0.006681086025,-0.006241739625,-0.005876949225,-0.00541504315,-0.005069629325,0.004811019125,0.005319113075,0.005795861875,0.006091407074999999,0.0063313417,0.006664819075,0.0072333329,0.00770097885,0.008193696,0.008249145325,0.008302101825,0.009269782,-0.0084458589,-0.007178976675,-0.006088663575,0.0058981337,0.006914009025,0.008139978175
2022-01-25,-0.0030775182,IV_COMBINED,-0.01157193475,-0.010326052125,-0.010086035125,-0.00964442025,-0.009387089875,-0.00861115325,-0.00828541975,-0.007803170925,-0.007227605125,-0.006860235925,-0.006297210225,-0.0058641698249999995,0.0055250290999999995,0.006112897225,0.006673993175,0.006938094174999999,0.007402140525,0.0077573551,0.008471012925,0.009059845875,0.009516675875,0.009616087875,0.00985175025,0.01101204225,-0.009908129875,-0.008402677,-0.007087188225,0.006837014825,0.00803693795,0.00958226475
2022-01-26,0.0005630743,IV_COMBINED,-0.0116441445,-0.01039706075,-0.010175996125,-0.009724096375000001,-0.009457463125,-0.008702355,-0.008378474725,-0.007882151825,-0.00730401955,-0.0069293939499999995,-0.00636433255,-0.005932863625,0.005566485875,0.00617060525,0.006746046125,0.0070038504,0.0074830058750000004,0.00782440475,0.00853593375,0.0091448635,0.009578730875,0.009662528875,0.00992030775,0.0111184595,-0.0099850245,-0.008488599575,-0.007162219275,0.006900415125,0.00810194475,0.009659659375
2022-01-27,-0.011698804,IV_COMBINED,-0.012001227875,-0.0107312075,-0.010532520125,-0.010069276125,-0.009771855,-0.008992202250000001,-0.008667697,-0.008128343375,-0.00752888235,-0.007149993525,-0.006564146175,-0.006115237575,0.005694377325,0.006326922925,0.00694805325,0.0071821997249999995,0.007732126949999999,0.008063886825,0.00880097685,0.009421446375,0.009842096,0.009927861,0.01024905925,0.0114945755,-0.01031315375,-0.00876992925,-0.007389984675,0.00710049145,0.008341410125,0.00996163075
2022-01-28,0.0013623798,IV_COMBINED,-0.01309936375,-0.0116160905,-0.011419642,-0.010978947499999999,-0.010599843250000001,-0.009824535875,-0.009440997,-0.008834689125,-0.008179851125,-0.007800336625,-0.00713704625,-0.006661044575,0.006176534875,0.00688644685,0.007502326074999999,0.007768157225,0.008425170925,0.008765778625,0.0095763815,0.010253365625,0.01074399275,0.01085461275,0.0111750515,0.01255396775,-0.011223756,-0.009539942999999999,-0.008051530250000001,0.007713371625,0.00907802,0.010860551874999999
2022-01-31,0.0041384795,IV_COMBINED,-0.010776584625,-0.009566768125,-0.009336822875,-0.008940522,-0.00874552185,-0.00813334685,-0.0077832562,-0.0072997183,-0.006816056325,-0.0064617722749999995,-0.005932071025,-0.005570506175,0.005278178475,0.00581664805,0.00632128585,0.006624706525,0.0069537745,0.0072863172,0.00786544925,0.00848982625,0.00898907575,0.009063053,0.0091189255,0.0102352985,-0.0092325485,-0.007873839875,-0.00667948305,0.00644706725,0.007558660325,0.00893971525
2022-02-01,0.0032549314,IV_COMBINED,-0.01231063425,-0.0108919315,-0.01072619075,-0.01025521625,-0.009968353624999999,-0.0091994145,-0.00886640325,-0.00831103275,-0.00768855535,-0.007311062324999999,-0.006714719775,-0.0062616023,0.0058738996750000005,0.006519514525000001,0.00709249195,0.00736545685,0.0078847746,0.008248789075,0.0089480125,0.00966937725,0.01015599175,0.01027050725,0.01049884525,0.01179118275,-0.01052511,-0.00895831925,-0.007559566325,0.00726373865,0.00854350775,0.010212681625000001
2022-02-02,0.004382509,IV_COMBINED,-0.012585595,-0.011122185,-0.010946147,-0.01048579725,-0.010171842625,-0.009428823625,-0.009081956625,-0.008510923850000001,-0.007874989249999999,-0.007496478825,-0.006874808225,-0.00642124,0.006003619525,0.0066784819,0.0072596469,0.007530335425,0.0080823984,0.0084317835,0.0091480035,0.00989861775,0.01036935425,0.010483418500000001,0.010736761000000001,0.01207760775,-0.0107588485,-0.009168568,-0.0077464550250000005,0.0074344300000000006,0.0087351875,0.01044606925
2022-02-03,0.010640904,IV_COMBINED,-0.015652192,-0.013768803,-0.0135499895,-0.013067200250000001,-0.01258197775,-0.011821447875,-0.0112911325,-0.01055583025,-0.009750578999999999,-0.00935149725,-0.00856136655,-0.00797771225,0.007226425675,0.008035938475,0.008794452,0.009108271000000001,0.009942379250000001,0.01035705675,0.011278096,0.012207446625,0.01277954225,0.012946139,0.013378325,0.015088628,-0.01337832425,-0.011393796,-0.00965357075,0.009055458,0.0107263885,0.0129464075
2022-02-04,0.002134762,IV_COMBINED,-0.01635260225,-0.014327463999999998,-0.014106530999999999,-0.0136013415,-0.013148448,-0.01248628225,-0.011824125,-0.011076516125,-0.01027141675,-0.00986825125,-0.008959746875,-0.00841979075,0.007649143,0.008521109425,0.009218934375,0.0096100525,0.010441171375,0.010937900375,0.01180377925,0.0128405205,0.01330023525,0.013552317250000001,0.014020560500000001,0.01576350075,-0.0139832275,-0.011952974500000001,-0.0101621175,0.009526827625000001,0.011269043749999999,0.013545719250000001
2022-02-07,0.00011360955,IV_COMBINED,-0.01163819875,-0.010225879,-0.010084169,-0.00966340625,-0.009460875,-0.008892068125,-0.008492696000000001,-0.007857160075,-0.007412020575,-0.007050276875,-0.00642956415,-0.006111657025,0.005789814075,0.006400053425,0.006857237574999999,0.00722002095,0.007562580025,0.007931746075,0.008518353874999999,0.00923578525,0.009719871625,0.009822553375,0.009965797625,0.011166338750000001,-0.009976085499999999,-0.008547622500000001,-0.007268145275,0.00702560815,0.00821105075,0.009721229
2022-02-08,-0.0021936332,IV_COMBINED,-0.012839482374999999,-0.011267705625,-0.0111283875,-0.01066263875,-0.010398155,-0.00968394,-0.0093306225,-0.008659511,-0.008065657149999999,-0.0076833575,-0.007037695825,-0.00662258535,0.006234354175,0.00689784375,0.007415421524999999,0.007752671399999999,0.008246946575,0.00865423975,0.00925567375,0.010141464749999999,0.01061879325,0.010770482125,0.011027370375,0.0123681035,-0.0109703845,-0.009373623625,-0.007937418,0.007610047825000001,0.008936003,0.0106822815
2022-02-09,0.0008819684,IV_COMBINED,-0.012120491,-0.010679710125,-0.010532893875,-0.010048235874999999,-0.009824130125,-0.00915999525,-0.00880178325,-0.008189256625,-0.0076495828,-0.0072781411,-0.00667679985,-0.006275754025,0.0059479424,0.0065403022,0.00706248905,0.007382874075,0.007798165,0.008199788749999999,0.008782620875000001,0.009582402125,0.010036134,0.0101758805,0.01039325975,0.01163104625,-0.01036651225,-0.00886670225,-0.007515989275,0.007226304175,0.00846786625,0.01008509225
2022-02-10,0.003380595,IV_COMBINED,-0.014371407249999999,-0.0126491725,-0.012465444,-0.0119836465,-0.0116021015,-0.0108403945,-0.01041623425,-0.009715243875,-0.0089876815,-0.008582419875,-0.00788319485,-0.007362947825,0.00682310785,0.007566131175,0.00820329535,0.008515995375,0.00920495525,0.009631544375,0.010362939625,0.011303212,0.0117900765,0.01195860425,0.012375521,0.013858717750000001,-0.012289344375,-0.01048499975,-0.00887684025,0.008432086,0.009934808,0.01193809375
2022-02-11,-0.005662616,IV_COMBINED,-0.0144332965,-0.012659144,-0.01247650975,-0.01198787075,-0.011612313249999999,-0.0109341775,-0.010453109625,-0.009747256624999999,-0.009066660125,-0.008655877374999999,-0.007895392075,-0.007442258275,0.00695616405,0.00773604735,0.00828657075,0.00865452325,0.00930471875,0.009729309375,0.010449030625,0.0113830265,0.011853779375,0.012031614,0.01243312175,0.01391024375,-0.012325360625,-0.010535543,-0.008934992749999999,0.00854650625,0.010033839249999999,0.01200584
2022-02-14,-0.008468264,IV_COMBINED,-0.0145435305,-0.01333674775,-0.012664213625,-0.01247593875,-0.01195034925,-0.011263355,-0.01054334975,-0.009722736499999999,-0.009410462500000001,-0.0091718725,-0.008616319425,-0.007900978575,0.006972344375,0.007745618575,0.008684414875,0.009119819925,0.009391446,0.0100740085,0.011089068875,0.011614918375,0.012582415,0.012800068250000001,0.013328594374999999,0.0144887085,-0.0127139845,-0.01072082375,-0.00933505225,0.00877657785,0.01049488275,0.012620741
2022-02-15,0.0043201568,IV_COMBINED,-0.01579422575,-0.01453197425,-0.01373043,-0.0135090045,-0.013035112500000001,-0.012250312499999999,-0.011520421125,-0.010607311749999999,-0.010233201375,-0.00998997275,-0.00939610575,-0.00857387665,0.007566975950000001,0.008419642575,0.009414771375,0.00991946,0.010216489375,0.011038338,0.0120090335,0.01259095125,0.013650455875,0.013887944,0.014542069,0.015813295,-0.01382412575,-0.01166833525,-0.010163515625,0.00952538225,0.011414253499999999,0.013721161
2022-02-16,0.00089787156,IV_COMBINED,-0.014452851749999999,-0.01322642375,-0.012565464375,-0.012398036875,-0.011931216750000001,-0.011193121625,-0.0105095765,-0.009719363625,-0.0094002295,-0.009160310375,-0.0085948515,-0.0078882928,0.0070163592,0.007768235175000001,0.008689659625,0.009095538375,0.009381690250000001,0.010134932,0.0110414995,0.01159642175,0.012518105,0.01272233,0.0132672615,0.014439678000000001,-0.01264033025,-0.010677551,-0.009311187875,0.008779488625,0.01047519825,0.0125725935
2022-02-17,0.00036947764,IV_COMBINED,-0.014211775,-0.0130503945,-0.0124257655,-0.012228355625,-0.0117708745,-0.011008032875,-0.01038096925,-0.009595692,-0.00927079575,-0.009048651750000001,-0.008481595625,-0.007739026625,0.00692464325,0.007651104575,0.00854548015,0.00897179975,0.00924421925,0.01000237825,0.01083943925,0.011388447,0.01232431875,0.0124959835,0.01306701125,0.01422091075,-0.01245388725,-0.010536251375,-0.00917459975,0.00864097775,0.01031076425,0.012368025
2022-02-18,-0.0024878099,IV_COMBINED,-0.0150571265,-0.013721381875,-0.01310197175,-0.01293535375,-0.01243625025,-0.011671177999999999,-0.010958082625,-0.0101470575,-0.009755149000000001,-0.009513208,-0.008949067750000001,-0.0082111813,0.0072850084,0.008078456375,0.009065871125,0.009442363875,0.009761294625,0.010584664875,0.011479554,0.0120924675,0.013123325,0.0132804715,0.013774972875,0.015134807,-0.013164257625,-0.011126688,-0.0096983385,0.00913403675,0.01090966975,0.01312102525
2022-02-21,-0.0004541977,IV_COMBINED,-0.01234890225,-0.011247128,-0.0108267235,-0.0106655,-0.010250751125,-0.00959782625,-0.009091342249999999,-0.008425516249999999,-0.0081377853,-0.007938744000000001,-0.00741604385,-0.0067970332,0.0061674078,0.006770557025,0.00756364185,0.0079325365,0.00816887675,0.008791194525,0.00953360825,0.009968188499999999,0.0108587355,0.010971055,0.0113469715,0.01244983775,-0.01082202175,-0.0092158385,-0.00803503275,0.007640818575,0.009079454,0.0108314685
2022-02-22,-6.616251e-05,IV_COMBINED,-0.014928406500000001,-0.01364505425,-0.012966433125,-0.012829202750000001,-0.01243260475,-0.011620054,-0.011007636000000001,-0.0101609725,-0.0097373215,-0.009518401249999999,-0.00894857,-0.00815803075,0.0073011649000000005,0.00806698375,0.009042261749999999,0.00948214925,0.00977975575,0.01065734175,0.011388222125,0.011949197,0.01310611275,0.013216711,0.01375880425,0.01509425775,-0.013091064749999999,-0.01109848375,-0.00968120575,0.0091156775,0.0109048355,0.01305931875
2022-02-23,-0.00096647145,IV_COMBINED,-0.014709651,-0.01338674175,-0.012757946999999999,-0.012617205,-0.0122501405,-0.0114374835,-0.01081588525,-0.0100200965,-0.009602538125,-0.009408648625,-0.008850633,-0.008085772175,0.00725347915,0.007997455149999999,0.0089633159,0.009378468925000001,0.00964854825,0.01055429325,0.0112702115,0.011839444250000001,0.0129048325,0.013023006125,0.0135910035,0.014887254499999999,-0.012880244,-0.010926789625,-0.00956052675,0.009026601925,0.0107749055,0.01289854925
2022-02-24,-0.01913884,IV_COMBINED,-0.0143877075,-0.013100361,-0.0124878655,-0.01235294625,-0.0120158535,-0.0111981365,-0.01061226975,-0.009822345,-0.009422632625,-0.00922576525,-0.008660747225,-0.007910199675,0.007139846,0.007853892775,0.008791843675,0.009196749575,0.00946237875,0.010351046249999999,0.01104494325,0.01159045325,0.01263413725,0.01275160875,0.0133038885,0.014567682249999998,-0.012611001125,-0.01070865,-0.009363438875000001,0.008858581,0.01056134525,0.012628220624999999
2022-02-25,0.012093842,IV_COMBINED,-0.01771840325,-0.016182057,-0.015374371500000001,-0.015194527499999999,-0.014785153124999999,-0.01379957675,-0.0130754445,-0.012024588000000001,-0.011491111875,-0.011275691000000001,-0.01071457375,-0.00971579875,0.00862034525,0.00956266125,0.010753117250000001,0.011218355499999999,0.01159219925,0.012734511375,0.0135805785,0.014287540750000001,0.01554075525,0.015703644,0.01646336975,0.018097317,-0.01553594425,-0.0131530185,-0.011506046125,0.01082178,0.0129658585,0.01559391175
2022-02-28,-0.0011990396,IV_COMBINED,-0.013615048,-0.012316609999999999,-0.011844624,-0.011673073874999999,-0.0113604335,-0.010584452500000001,-0.010006087875,-0.00931428125,-0.00897105675,-0.0087594355,-0.0081984075,-0.0075270275250000004,0.00683271905,0.007544207,0.0084218975,0.008758263225,0.009067598375,0.0098134855,0.0105913625,0.01107995675,0.012048518,0.01222627125,0.012540733875000001,0.01395473,-0.0119099235,-0.010144100375,-0.008876720625,0.008491557275,0.01009139575,0.01204306025
2022-03-01,-0.008144245,IV_COMBINED,-0.020419622249999998,-0.01870143525,-0.017662586,-0.01749688,-0.0170744285,-0.015961140750000002,-0.015163568,-0.0138420195,-0.013334598500000001,-0.013002320250000001,-0.012422814875,-0.01122888775,0.009874999,0.01100920275,0.01239351,0.012960991125,0.013416464,0.014737728625,0.015732819,0.01654586625,0.017876524749999997,0.01819761375,0.019110830999999998,0.02108260675,-0.01793070125,-0.01519278225,-0.0132914365,0.012485399,0.015009124,0.01806972975
2022-03-02,-0.006468172,IV_COMBINED,-0.024039194,-0.02193064125,-0.020702763,-0.02037404275,-0.0199879755,-0.0187064355,-0.017828272,-0.0162742515,-0.015746984749999998,-0.01541460575,-0.014774822,-0.013470137875,0.01169658575,0.0130297525,0.014648522,0.01531875875,0.015868611,0.01762838075,0.018696815749999998,0.019800571000000003,0.02081354375,0.021507079999999998,0.0229623885,0.024942693000000002,-0.021007658,-0.0178517415,-0.015728051,0.014788056875,0.01780392975,0.02144320175
2022-03-03,-0.0006077647,IV_COMBINED,-0.021296435,-0.01936799525,-0.018347546,-0.0180541285,-0.01771896075,-0.0165792555,-0.015667253,-0.01445168975,-0.0140462595,-0.01373283,-0.013169479250000001,-0.01198443575,0.01051992975,0.0117414445,0.0131223555,0.013702224749999999,0.01411760075,0.015721179000000002,0.016701151,0.01759535425,0.0184561175,0.019096748,0.020359983749999998,0.0221553825,-0.018603355250000002,-0.0158184005,-0.0139835385,0.01324049625,0.0158677815,0.01905359775
2022-03-04,-0.012984212,IV_COMBINED,-0.02238722125,-0.02030808875,-0.01929528375,-0.01891338875,-0.01854499075,-0.01744898725,-0.016465541,-0.01520845225,-0.01481745275,-0.01436695125,-0.013808089375,-0.012568532,0.011043432875,0.0122940915,0.01372113625,0.01439055925,0.014828737875,0.016596824,0.01752475425,0.01852225225,0.0194439885,0.02001556825,0.02144930175,0.023380747,-0.01952053525,-0.016647143,-0.014680203,0.01388243025,0.01667128825,0.02006420875
2022-03-07,-0.0039159553,IV_COMBINED,-0.021341554,-0.01933088375,-0.01843107375,-0.01801764125,-0.017664463249999998,-0.01670474775,-0.0156915085,-0.01457560825,-0.014190062,-0.013766200499999999,-0.013230871125,-0.012067839125,0.010621615,0.011893105000000001,0.013190003,0.0139396395,0.01428107575,0.0158573615,0.01684876525,0.0177620475,0.0186672,0.019263838,0.02051611725,0.02242273375,-0.01861185775,-0.015918599500000002,-0.01406905325,0.0133669125,0.0160381365,0.01924337275
2022-03-08,-6.20629e-05,IV_COMBINED,-0.0299669565,-0.02711931975,-0.025855721499999998,-0.0250310135,-0.02452117675,-0.0230922155,-0.02171561575,-0.020223479750000002,-0.01977337425,-0.01913021375,-0.0184058175,-0.01671454175,0.014497093,0.01629557725,0.018275873249999998,0.01923623775,0.0200177145,0.02228874,0.023745786,0.02504885075,0.02594441025,0.027361683,0.02916592175,0.03159494425,-0.02594613775,-0.0221320815,-0.01951325475,0.01856640775,0.02253003225,0.027099984
2022-03-09,0.015344998,IV_COMBINED,-0.02235469425,-0.02010799475,-0.01922239925,-0.01874950525,-0.018373326750000002,-0.0173401045,-0.01608420425,-0.0152297145,-0.014924442999999999,-0.0144281485,-0.013955772750000001,-0.012655290999999999,0.01119331375,0.012493629,0.0138862975,0.01463331775,0.015031918,0.016890887,0.017796436,0.01878859225,0.019647196999999998,0.020190666250000003,0.021655038,0.02354822875,-0.019385125250000003,-0.01656017225,-0.0147218065,0.014080318625000001,0.01690864525,0.020287098
2022-03-10,-0.002279872,IV_COMBINED,-0.0299929905,-0.02717316525,-0.02607076,-0.0250008135,-0.0244910405,-0.0229752865,-0.021625841,-0.02024729525,-0.019768195250000002,-0.01914389775,-0.018583133,-0.016628191,0.0146267045,0.01634462575,0.018297263,0.01931185775,0.0200956665,0.022469166,0.02391291775,0.02509152175,0.02598002625,0.0272777975,0.029267051250000002,0.03161079125,-0.02592665925,-0.022137476,-0.0195155605,0.018655436,0.022613480749999998,0.0271724615
2022-03-11,-0.0048466665,IV_COMBINED,-0.02478991975,-0.02221186,-0.021388341249999998,-0.02068362475,-0.020270073,-0.0190764415,-0.0177001485,-0.0168228845,-0.016437512,-0.015937794,-0.01554745775,-0.013985619625,0.01240731675,0.01381992675,0.01536805575,0.016197556,0.01669498925,0.018779763,0.019838793,0.020915453,0.021861863250000002,0.02245644375,0.02409011725,0.02619818125,-0.02140638425,-0.01828506525,-0.01627404,0.01562581625,0.0187935085,0.02258088225
2022-03-14,0.0012394879,IV_COMBINED,-0.0191225685,-0.01732302475,-0.01670396,-0.01624036575,-0.0159192185,-0.015001899249999999,-0.014002120875,-0.013204382625,-0.012886411875,-0.012563303750000001,-0.012132416375,-0.010994689125,0.0098390685,0.010963518625,0.01213033225,0.01287182725,0.0131489795,0.0145589605,0.0154174105,0.016273885000000002,0.01719173425,0.01763307625,0.018577178,0.020343332,-0.01672141525,-0.01435975475,-0.012779338375,0.012299861375,0.01472605125,0.017560706875
2022-03-15,-0.00056259177,IV_COMBINED,-0.02258493575,-0.02053883825,-0.019686671750000002,-0.019159119750000002,-0.0187476355,-0.0176965195,-0.016637709,-0.01557497025,-0.015120423000000001,-0.014728261999999999,-0.0142162185,-0.012848017,0.0114381245,0.01270902925,0.01419838275,0.01503167,0.01550382475,0.01709641925,0.01818501325,0.019103888,0.020120531,0.020664810999999998,0.02200995625,0.023956475499999998,-0.01974540875,-0.0169432585,-0.0150127975,0.014406875,0.01729634725,0.020675172749999998
2022-03-16,0.0017391387,IV_COMBINED,-0.0218052585,-0.0197586715,-0.01894804875,-0.018515671,-0.018102558,-0.01705340175,-0.015940792000000002,-0.01501884,-0.0146161605,-0.014262900125,-0.013749497999999999,-0.012473460375,0.011094219,0.01229758875,0.01375198975,0.014503416375,0.014973654999999999,0.0165836205,0.01757380275,0.0185041865,0.019513976500000002,0.020018755,0.021225417,0.0231473215,-0.019047112,-0.01631544875,-0.01451162,0.013938251249999999,0.01673065,0.0199929405
2022-03-17,0.010655366,IV_COMBINED,-0.02023356175,-0.01801683675,-0.0172972175,-0.016284662499999998,-0.015697085375,-0.01494866875,-0.0144147995,-0.013009349,-0.01249488125,-0.012000091000000001,-0.011185714,-0.01020496875,0.009995051250000001,0.010855459500000001,0.01157588775,0.012435257375,0.013033633125,0.013911523125,0.0151300185,0.01600538925,0.016699537,0.0174276745,0.0179863535,0.02026230525,-0.017036164,-0.014432983,-0.0122697585,0.012118009749999999,0.01438762125,0.0172167205
2022-03-18,-0.0055578453,IV_COMBINED,-0.01709796575,-0.01524870425,-0.0145649905,-0.013825763,-0.01331880975,-0.012555077500000001,-0.01215420775,-0.010948361125,-0.010619584375,-0.01021639425,-0.00944279425,-0.008631017625000001,0.0085815565,0.0092274215,0.0098493795,0.010610244,0.0110423875,0.01181210075,0.0128789835,0.013541314625,0.01409109675,0.01479504175,0.01515051725,0.01706691925,-0.014409264500000001,-0.012168444125,-0.010358729,0.010315945625,0.012227751375,0.01454576625
2022-03-21,-0.00027836525,IV_COMBINED,-0.01403890525,-0.0126655725,-0.011982917999999999,-0.01140963,-0.010970307125,-0.010292530375000001,-0.0099675175,-0.008933346750000001,-0.00871427575,-0.008438257250000001,-0.007735294449999999,-0.007066178075,0.007111450525,0.007662135125,0.008148798425,0.0088039885,0.009107981,0.009725464875,0.010698981125,0.01111344475,0.011590998,0.012148038,0.012392953,0.013869508249999999,-0.011875389,-0.00997811775,-0.00849312125,0.008545869250000001,0.0100968905,0.01193317725
2022-03-22,-0.0020981517,IV_COMBINED,-0.0151558785,-0.01355584875,-0.0127884355,-0.01223638225,-0.01170948375,-0.010975493000000001,-0.010552592375,-0.00946572025,-0.00919693875,-0.008888446625000001,-0.008112353249999999,-0.0074055819750000005,0.0073238798,0.007901202650000001,0.00853617525,0.009146149000000001,0.00963928375,0.010241538500000001,0.01126678125,0.0117253135,0.01241332375,0.01296387075,0.013270282500000001,0.014869248750000001,-0.012726617249999999,-0.01059583625,-0.00896951875,0.008933464,0.010651524499999999,0.01270898975
2022-03-23,-0.0018502946,IV_COMBINED,-0.016013470000000002,-0.01422362025,-0.0134173395,-0.012884005,-0.012314074000000001,-0.011513897625,-0.011022401125,-0.009908466250000001,-0.0096278195,-0.00924513525,-0.008461796,-0.007712997625000001,0.007574174925,0.00820657095,0.0089025055,0.009517049125,0.01013365775,0.0107316015,0.011770418,0.01232885525,0.013045860875,0.013677114,0.0140121345,0.015669341,-0.0133898125,-0.011097984500000001,-0.009368458125,0.00931746525,0.011165968,0.013365321999999999
2022-03-24,0.00041803456,IV_COMBINED,-0.015027190749999999,-0.01335578925,-0.012584917875,-0.0121234015,-0.0115587815,-0.010747751875,-0.0102972255,-0.0092633545,-0.00901883925,-0.008642389875,-0.0078962635,-0.007184123825,0.0070734270250000005,0.00767060215,0.00833778475,0.00892700025,0.00949626575,0.010050334375,0.011070065,0.011580334125000001,0.0122346715,0.0128358685,0.013153336625,0.014635123,-0.012562583124999999,-0.010382418000000001,-0.008746777,0.008729629124999999,0.01047590675,0.01253470575
2022-03-25,-0.002139724,IV_COMBINED,-0.015183799750000001,-0.0134312945,-0.01265584375,-0.012230653375,-0.011633725000000001,-0.010812815125,-0.010313929,-0.009281926,-0.0090260015,-0.00864845375,-0.007891554175,-0.007173370075,0.0070300723499999995,0.0076444322499999995,0.008326547875,0.008930325499999999,0.00954825425,0.010069175999999999,0.011121144999999999,0.011640801,0.01230901275,0.01290111375,0.013257435,0.01470815475,-0.0126584575,-0.01041810275,-0.008761623625,0.0087340905,0.01051400325,0.012607309125
2022-03-28,-0.00058518484,IV_COMBINED,-0.012613429375,-0.01127627175,-0.0105346615,-0.010153641,-0.00968491,-0.00894324125,-0.008592986,-0.0076870712749999995,-0.007543366725,-0.007281127,-0.0065881317750000005,-0.00597189245,0.005926600325,0.006422355,0.0070143505000000005,0.007520860674999999,0.00793884195,0.00846299775,0.00933875925,0.009728440125,0.0102750965,0.01079538025,0.01103858725,0.012128258375,-0.010534298625,-0.00866026525,-0.00729429295,0.007328181425,0.008811367875,0.010501828
2022-03-29,0.011821462,IV_COMBINED,-0.0161116185,-0.01412925625,-0.013301276125,-0.012899221875,-0.01226798675,-0.01143858375,-0.010801638749999998,-0.0097124785,-0.00940320175,-0.009041780249999999,-0.00823080575,-0.00748847375,0.007257099774999999,0.00794393475,0.008661408375,0.00928297375,0.0100126585,0.010537247125,0.01163224625,0.01224419375,0.012966687875,0.013587189,0.014020939,0.015466154,-0.0133693335,-0.010931436,-0.0091824245,0.0091014695,0.01101046275,0.013266044500000001
2022-03-30,0.0050472273,IV_COMBINED,-0.01772256825,-0.0154538325,-0.014639995000000001,-0.0141706565,-0.013577784375,-0.012608329125,-0.011880113500000001,-0.01077189375,-0.010339708999999999,-0.009928804500000001,-0.0091076825,-0.00825176775,0.008047222175,0.00878584625,0.009609997,0.01027452925,0.01102071575,0.011667684000000001,0.012694201375,0.01354773775,0.01421421175,0.015059570125,0.0155078305,0.017180984,-0.014706634,-0.012048007999999999,-0.01013369575,0.01003159675,0.012143340125,0.014628993375
2022-03-31,-0.006299502,IV_COMBINED,-0.01644282675,-0.014403716,-0.01364276675,-0.013190399375,-0.012611712375,-0.01172772425,-0.01111326075,-0.010066748125,-0.00972878225,-0.009341175125,-0.008564767000000001,-0.007761312125,0.0075497624,0.00821599025,0.0089854095,0.0096068045,0.010303822625,0.010866111,0.01186394975,0.012612792500000001,0.013278937250000001,0.01396993975,0.01433274675,0.01594738525,-0.01367527575,-0.011255856375,-0.009492345749999999,0.009383787000000001,0.0113221255,0.01360716225
2022-04-01,-0.004390826,IV_COMBINED,-0.01823616175,-0.01587636475,-0.015149187250000001,-0.014630236,-0.013982466,-0.013064389,-0.012322602375,-0.0111741905,-0.01071043075,-0.010316191,-0.0094606085,-0.008600675,0.0083019815,0.009059575,0.009888669,0.010569556625,0.0113914965,0.011969871125,0.01311176525,0.01392997375,0.01466835,0.015382043500000001,0.015874962,0.0176711755,-0.0151579235,-0.01248415975,-0.010523211250000001,0.010350698,0.0124849465,0.015051245500000001
2022-04-04,-0.0046694176,IV_COMBINED,-0.012803812000000001,-0.011404173375,-0.010726728125,-0.010313108750000001,-0.009891285375,-0.0091280415,-0.00879614175,-0.00789445525,-0.00770798725,-0.0075136196749999995,-0.00679338365,-0.0061594892500000005,0.0061316216,0.0066028549999999995,0.00722808015,0.0077147719,0.008067402750000001,0.00868471325,0.009463291625,0.0099814385,0.0104697845,0.011024869750000001,0.011214525,0.01234751175,-0.010708084,-0.00885067025,-0.0074977976,0.0074986502,0.00899101,0.0106953105
2022-04-05,-0.0065735746,IV_COMBINED,-0.01472008825,-0.013014639750000001,-0.012240369000000001,-0.01182924,-0.01125096725,-0.01048304975,-0.00993438275,-0.00894078525,-0.0087064125,-0.008443183,-0.007651271025,-0.00694701975,0.00675424185,0.007337650775,0.008058845975,0.008598533375,0.0091934705,0.009748288,0.010698156125,0.011290186625,0.011930928,0.012505228,0.012807075250000001,0.01419752925,-0.0122595965,-0.01006100025,-0.0084930615,0.0084084735,0.010148735249999999,0.0121847755
2022-04-06,-0.0009344361,IV_COMBINED,-0.017152841000000002,-0.01502670325,-0.01422970825,-0.013782094,-0.013069137125,-0.01225392,-0.0115778305,-0.01042121125,-0.0100873695,-0.009717793625,-0.00883941025,-0.008074493,0.00775265615,0.00848698275,0.00923881075,0.009871871,0.0106828735,0.011247131375,0.012352979125,0.013054152999999999,0.013820734875,0.014435873,0.014868305750000001,0.01654381075,-0.0142569385,-0.01171400775,-0.009861365625,0.0097028605,0.011718145249999999,0.01412799725
2022-04-07,-0.0011027495,IV_COMBINED,-0.017426799,-0.015282567625,-0.014519659,-0.01403441875,-0.013327541375,-0.012493253,-0.011813048999999999,-0.0106585985,-0.01029130625,-0.009895415625,-0.009042672375,-0.00826346575,0.0079148625,0.008679025375,0.00941375325,0.010050160749999999,0.01088329225,0.01145452675,0.012559143,0.0132994535,0.01407499575,0.01467334675,0.01516154675,0.01690713925,-0.014512916375,-0.011955173,-0.0100706815,0.00989001525,0.01192409325,0.014400455999999999
2022-04-08,-0.002280424,IV_COMBINED,-0.016121866749999998,-0.014196657000000001,-0.013428705499999999,-0.012988287375000001,-0.012353076875,-0.01152859575,-0.010933922875,-0.009859895,-0.009567672624999999,-0.00918279925,-0.008402979,-0.0076539122499999996,0.00739595525,0.008082635825,0.0087870025,0.00937912225,0.010093138625000001,0.01067182075,0.01167839175,0.0123530095,0.013035254125,0.013612416875,0.014062052875,0.01565343775,-0.0134376965,-0.0110637585,-0.009325636375,0.009207424875,0.011086978,0.01335642875
2022-04-11,0.00018621139,IV_COMBINED,-0.0148582555,-0.01327509275,-0.0124375055,-0.01208966375,-0.011489398750000001,-0.01084966275,-0.010111492,-0.009315177000000001,-0.008990736249999999,-0.00874649525,-0.0080965725,-0.007272955975,0.0072371055750000005,0.00778245025,0.008523561,0.00894547225,0.009417034500000001,0.01020153375,0.011502752,0.01217567225,0.012613433,0.01320163275,0.013709595,0.01530144025,-0.012512415,-0.010340915,-0.0088561725,0.008892580375,0.0106536855,0.0130605785
2022-04-12,-0.002117036,IV_COMBINED,-0.015397676124999999,-0.013713275875,-0.0128855955,-0.012497678,-0.01187356775,-0.011227865375,-0.010433606625000001,-0.0095920365,-0.009272331875,-0.008989264,-0.008313571,-0.00748599375,0.0073920589,0.007993969375,0.008777581,0.009168962374999999,0.00971895075,0.010500636,0.0118215225,0.0125478815,0.013022325625000001,0.013612839,0.014144635749999999,0.0158618905,-0.01294201225,-0.010682287625,-0.009121746,0.009140816749999999,0.010964582,0.01347965075
2022-04-13,0.0017675738,IV_COMBINED,-0.01474556375,-0.013154124625,-0.0123653345,-0.01198410875,-0.01141680825,-0.01074415625,-0.0100117975,-0.00922684525,-0.00890001275,-0.008647446125,-0.007978091075,-0.007165330725,0.00712220635,0.0076855479,0.00844986725,0.00881635375,0.009309026375,0.010101179,0.0113410085,0.012060017,0.012467309749999999,0.013090653875,0.01358970175,0.015203867,-0.012408952124999999,-0.010249628875,-0.00875237425,0.008781531,0.01053164425,0.012932380875
2022-04-19,-0.007612639,IV_COMBINED,-0.017253964,-0.01540389925,-0.014798655,-0.014649548,-0.0138829985,-0.01353911025,-0.012119155,-0.01124238775,-0.01089582,-0.01040236825,-0.009632805000000001,-0.009115547250000001,0.008992978375,0.00963159025,0.01037037325,0.010902045249999999,0.0118469245,0.01271204425,0.0139209465,0.01424587875,0.014813785749999999,0.01546513725,0.0158948495,0.017185488999999998,-0.01494590375,-0.01251902575,-0.010786444,0.010952562125,0.01296941925,0.01521219
2022-04-20,0.006045455,IV_COMBINED,-0.01533425175,-0.01373329325,-0.01311963275,-0.012980691499999999,-0.01237528975,-0.0120429625,-0.01082380425,-0.0101218965,-0.00969147625,-0.00935854025,-0.00861551475,-0.008193991125000001,0.008113399,0.0086623995,0.00928294425,0.009755384249999999,0.010554996625,0.01125765625,0.01244667025,0.01271361075,0.013187860749999999,0.013769607125,0.014125626624999998,0.01534295575,-0.01329329775,-0.01115995425,-0.009666581,0.0098120815,0.01155686275,0.01356334425
2022-04-21,-0.0011868015,IV_COMBINED,-0.01597251275,-0.01428057025,-0.01366549175,-0.013519218999999999,-0.012894860375,-0.01254895975,-0.01125062225,-0.010501430249999999,-0.010102146,-0.009705346,-0.008945824,-0.00850275525,0.008416330999999999,0.00899751925,0.009660575625,0.01014957625,0.0109839255,0.01175923225,0.012969101375,0.013244379,0.013736096625,0.014363443,0.0147301565,0.01598527225,-0.013843224125,-0.0116137305,-0.010040863375,0.01020549025,0.01204505575,0.014133001499999999
2022-04-22,-0.004891093,IV_COMBINED,-0.01733161175,-0.0154901405,-0.014807084875,-0.014660654625,-0.01398234175,-0.0136150365,-0.012200382249999999,-0.01138928325,-0.010992759749999999,-0.0105341435,-0.00971082,-0.009240078,0.00907527175,0.009705087499999999,0.010484564,0.0110085935,0.0119570105,0.012812119625,0.0140934515,0.01438426225,0.014962940375,0.015642945499999998,0.01598839275,0.0174099185,-0.015015957375,-0.01260090925,-0.010897872500000001,0.011063077250000001,0.0131028235,0.0153677935
2022-04-25,-0.008016923,IV_COMBINED,-0.01815284,-0.016236088000000003,-0.01549099525,-0.01531303925,-0.01466376825,-0.0142825165,-0.01280681975,-0.01195231525,-0.011564980499999999,-0.011071270000000001,-0.010214550749999999,-0.009715848374999999,0.009496809,0.01014643775,0.01101033,0.011541000749999999,0.012576730125000001,0.013475901375,0.01482430975,0.0150972395,0.01573292075,0.01642473875,0.01675252575,0.01829311525,-0.0157296505,-0.013219526125,-0.01144729975,0.01161092325,0.013768536375000001,0.0161400215
2022-04-26,-0.0041100886,IV_COMBINED,-0.0169918275,-0.01520071575,-0.01455937925,-0.014410122125,-0.013744134125,-0.0134143975,-0.012026957,-0.01123250925,-0.010804309,-0.01038123875,-0.00963965875,-0.00911958075,0.008978986750000001,0.009644482499999999,0.010341382999999999,0.01089694875,0.01177097375,0.01258079975,0.01386555175,0.01417061125,0.014708251,0.0153848185,0.01566203625,0.0170952515,-0.01475223975,-0.01240751025,-0.010757477,0.0109202755,0.0128998185,0.015100340875
2022-04-27,-0.010710018,IV_COMBINED,-0.0174555345,-0.015583340375000001,-0.014930638875,-0.014769852625,-0.014066792,-0.013721174875,-0.012311754125,-0.011497549749999999,-0.011066544250000001,-0.010636485,-0.009854143125,-0.009333083,0.00916868775,0.0098216995,0.01058026,0.011121774375,0.012088340749999999,0.012886287625,0.01420555475,0.014523596,0.01508324975,0.0157829765,0.016079661875,0.01754613025,-0.015119339,-0.012705533,-0.011008486750000001,0.01117290875,0.013216987,0.01548763875
2022-04-29,0.0037832744,IV_COMBINED,-0.019126630749999998,-0.01705053775,-0.01630095375,-0.01609387675,-0.015385728875,-0.014989203999999999,-0.013480427,-0.0126017535,-0.0121654825,-0.011649212749999999,-0.01079372875,-0.01023183825,0.010012008,0.01073402625,0.01160416,0.012209285875,0.013301727499999999,0.014193989,0.01558233875,0.015973344,0.01659043925,0.01739316925,0.017653774,0.019381588249999998,-0.0165291955,-0.013907564,-0.012053148,0.0122468515,0.014536102625,0.0170362965
2022-05-02,-0.001756777,IV_COMBINED,-0.01487296575,-0.01332077575,-0.0126654215,-0.01251130875,-0.0119807615,-0.01166628725,-0.01054640325,-0.0100068745,-0.009440328,-0.00922003425,-0.0084735605,-0.008065197999999999,0.008031814375,0.008593041625,0.0091359465,0.009646858250000001,0.010363415375,0.010934605,0.012227330750000001,0.012543696,0.01292827175,0.013550283875,0.0137969815,0.015188911250000001,-0.01287041975,-0.01086506325,-0.00948639075,0.0096703095,0.0113444985,0.01333703825
2022-05-03,0.0009903471,IV_COMBINED,-0.01897675075,-0.0169625785,-0.0162158835,-0.015931452875,-0.0153126755,-0.0148731735,-0.013371641625,-0.012502188875,-0.01207054975,-0.011602057375,-0.010696221125,-0.010177344999999999,0.009980857249999999,0.010648375,0.01156999875,0.012126234999999999,0.013256170250000001,0.0141858595,0.01564839175,0.015976552249999998,0.0165281145,0.01733172825,0.017718386750000002,0.019404186,-0.01641132625,-0.013806687,-0.011970197375,0.012220758750000001,0.014509676624999999,0.0170551265
2022-05-04,0.0008399573,IV_COMBINED,-0.01796943025,-0.016131552375,-0.0153687105,-0.015101817,-0.0145587425,-0.014132482625,-0.012723336375,-0.01198904825,-0.011497233249999999,-0.011098107749999999,-0.0102256765,-0.00972313025,0.009541475375,0.01019467525,0.0110215675,0.011582627375,0.012598257750000001,0.01341712925,0.01488142025,0.0151910315,0.015728379,0.016490342749999998,0.01677461125,0.01845660625,-0.01557880525,-0.01314216225,-0.011433689125,0.0116474795,0.01379395575,0.01620640975
2022-05-05,-0.0032617466,IV_COMBINED,-0.017508462,-0.01572436875,-0.015034533,-0.014773185500000001,-0.014207666625,-0.013819671375,-0.012415332250000001,-0.011668421375,-0.011197009625,-0.010794371875,-0.009983968874999999,-0.0094610295,0.009301406875,0.00994682475,0.010727374,0.011284071875,0.01224891375,0.0130439535,0.01448971475,0.014764972000000001,0.01528986225,0.016023132750000002,0.01630964225,0.01787417475,-0.015206671000000001,-0.012826993,-0.011145492625,0.01134284675,0.013417958,0.01574567325
2022-05-06,0.0061298367,IV_COMBINED,-0.02316076025,-0.020588298249999998,-0.019560143000000002,-0.01919403425,-0.018493339749999997,-0.01803086425,-0.016260002750000002,-0.015314543500000001,-0.014737258,-0.014097509250000001,-0.0130399715,-0.012399382,0.012151693375,0.013040652625,0.014152466499999999,0.014922445,0.0162246225,0.0173258325,0.0189320255,0.019610145750000002,0.02029022325,0.021378072,0.02151721375,0.023922739749999998,-0.019893459000000002,-0.016780562,-0.014576454499999999,0.0149002925,0.0177565995,0.02085447
2022-05-09,-0.0013299983,IV_COMBINED,-0.015525389625,-0.013807448,-0.0132070725,-0.01292695975,-0.012446847875,-0.012149578,-0.01098750725,-0.01058264875,-0.0099457995,-0.0096816655,-0.008972772625,-0.00850460625,0.00847291,0.009173317875,0.009648356375,0.01033435825,0.0109447805,0.011408681,0.0128675055,0.013229171,0.013765560625,0.0144049815,0.014606522,0.016092575,-0.01337124425,-0.01137452125,-0.00997825425,0.010221374,0.01199206125,0.014112266375
2022-05-10,-0.0024207777,IV_COMBINED,-0.0185217275,-0.0164642795,-0.015769928500000002,-0.0153991965,-0.014801347624999999,-0.01444362775,-0.01300193675,-0.012308458375,-0.011761843249999999,-0.011334758,-0.010507623,-0.009968952,0.00982531275,0.01048937525,0.011320580625,0.01195289825,0.01300470875,0.013719302,0.01525809375,0.0156544955,0.01620255925,0.016998071,0.0173184305,0.01901746625,-0.015926035499999998,-0.013457158875,-0.01171268375,0.011979613875,0.0141866145,0.01669020875
2022-05-11,0.00055770134,IV_COMBINED,-0.01758852675,-0.0157266105,-0.015094406000000001,-0.01473469625,-0.014186590125,-0.0138270735,-0.01245112025,-0.011785164875,-0.011231612,-0.010858384,-0.010088827,-0.009534281,0.009389586,0.01007513875,0.01081327975,0.011431110000000001,0.012392228875,0.013070222875,0.014590064875,0.01493010975,0.015459813999999999,0.0162081715,0.016495563249999998,0.01811968975,-0.015212699500000001,-0.01287787525,-0.01121874625,0.011452059125,0.0135383595,0.015919048249999998
2022-05-12,-0.0155223515,IV_COMBINED,-0.016248438,-0.0145575155,-0.013940088125,-0.01363651725,-0.01309803175,-0.012788875375,-0.0115250405,-0.010917021624999999,-0.0103455105,-0.010066293,-0.009316442500000001,-0.008808069,0.0087113481,0.00934957825,0.0099921795,0.010572397,0.011415172,0.01199962725,0.0134762345,0.01378583325,0.01423328025,0.01492235875,0.0152247385,0.01669365125,-0.014065875125,-0.011903307,-0.010379340375,0.010588902375,0.0124771575,0.014682747999999999
2022-05-13,0.003497508,IV_COMBINED,-0.021505555,-0.019192688,-0.018435694,-0.017985969,-0.01726963175,-0.01685222975,-0.015199123750000001,-0.0142160745,-0.013681093750000001,-0.01313793425,-0.012237595,-0.0115723685,0.0113335345,0.01215660075,0.0131834015,0.0138640845,0.015145913125,0.016117086500000002,0.017754815,0.018291895,0.018882743,0.01986596875,0.0201192135,0.02228150475,-0.0185612145,-0.01567684275,-0.013603240249999999,0.013914853,0.016549572999999998,0.019466034
2022-05-16,0.00079209445,IV_COMBINED,-0.014061941625000001,-0.012613236875,-0.01208603475,-0.01185117475,-0.01137524975,-0.011094641375,-0.010039877374999999,-0.009613935625,-0.008993784375000001,-0.00881750725,-0.008188114425,-0.00772284765,0.00769807015,0.008258188975,0.008721277749999999,0.009273473,0.00991017125,0.010330584875,0.0116980385,0.011937341375,0.012348235875,0.012932718499999999,0.01317495775,0.0144536965,-0.01219924875,-0.010365654875,-0.009087409375000001,0.0092571495,0.010828997625,0.01272245425
2022-05-17,0.010796107,IV_COMBINED,-0.016211875,-0.014483029000000001,-0.0138853395,-0.01364181475,-0.01304438425,-0.0127087435,-0.011452797,-0.01078284725,-0.010275873750000001,-0.00993781325,-0.00920190525,-0.008710726125,0.00864002325,0.00922999325,0.00988820225,0.010448947625,0.01131499,0.011964523375000001,0.01332600075,0.0136235395,0.014068134625,0.014768833,0.01508986475,0.01649030575,-0.0140179695,-0.0118211205,-0.01026840725,0.0104798415,0.012364659125,0.0145195695
2022-05-18,-0.0039312313,IV_COMBINED,-0.0177987415,-0.016078506,-0.01522504425,-0.014751038000000001,-0.01398751925,-0.01351693325,-0.012190912125,-0.011247777,-0.01069551225,-0.010258259,-0.009811545375000001,-0.0092899235,0.008720356,0.009267225,0.01014490625,0.0106398115,0.0112917,0.011867565,0.01293358975,0.013403669,0.0139325545,0.01467620725,0.015532872999999999,0.01643667875,-0.01522654775,-0.012575236375,-0.01082488725,0.01047155525,0.012281774875,0.014447873
2022-05-19,0.009061579,IV_COMBINED,-0.01906405375,-0.01724445525,-0.016400122,-0.0158151545,-0.0150619625,-0.01444139,-0.01303371875,-0.0121221265,-0.01149501575,-0.010994255750000001,-0.010538989,-0.00994525675,0.0093392345,0.0099108485,0.01089163625,0.0114426995,0.0122088875,0.012786358,0.01389758325,0.014370076124999999,0.01485824325,0.015772202,0.01663736675,0.017713803875,-0.016325402875,-0.0134984745,-0.01160840375,0.01124963775,0.013221545500000001,0.01549541525
2022-05-20,-0.0026838162,IV_COMBINED,-0.0181757755,-0.01647180925,-0.015603259250000001,-0.01507599825,-0.014349912999999999,-0.013824287250000001,-0.0124688065,-0.0115654425,-0.010979583499999999,-0.01051216375,-0.010070332500000001,-0.009503558,0.00894905175,0.009493834999999999,0.010414043750000001,0.010966123749999999,0.011635025625,0.012176654125,0.01325510425,0.01372541325,0.01421436375,0.015048674750000001,0.015901555625,0.01684723325,-0.015579556750000001,-0.012888275875,-0.01109515675,0.01074941225,0.012616316875,0.01478873375
2022-05-23,0.010434599,IV_COMBINED,-0.013643730875,-0.012235766375,-0.011482331875,-0.011170056875,-0.010631971125,-0.010190217375,-0.009271798,-0.00847084,-0.008163797525,-0.007829292375,-0.007510023375,-0.007093631475000001,0.006764326649999999,0.00716468925,0.007842195275,0.0082736236,0.00866820775,0.008996563499999999,0.00985580425,0.010269582499999999,0.010676251125,0.011270615375,0.011839222625,0.012475491875,-0.0115743485,-0.00951579675,-0.0082188007,0.008059044325,0.00941296275,0.01102327075
2022-05-24,0.006902602,IV_COMBINED,-0.0178159755,-0.016000311500000003,-0.015229161249999998,-0.014758744125,-0.013958874375,-0.013435943625,-0.012153604625,-0.01117605775,-0.010639965749999999,-0.0101968865,-0.0097409445,-0.00926300675,0.008638784,0.009243809125,0.01011112325,0.010579185,0.011292509000000001,0.01184935875,0.012887367,0.01327426025,0.013877135,0.014731068,0.01548290675,0.01646557375,-0.0151939705,-0.01252694725,-0.01076256775,0.01043471875,0.012267898,0.0143974485
2022-05-25,-0.008051426,IV_COMBINED,-0.017798101,-0.01605072,-0.015230650375,-0.014775312,-0.0139799465,-0.013503779375,-0.01221293425,-0.011265183,-0.010682651750000001,-0.010258336,-0.009833646375,-0.009271352625,0.008715810375,0.009275599625,0.010170414124999999,0.01066950075,0.0113285635,0.011910734249999999,0.0129196405,0.01337408,0.01390889625,0.014707367499999999,0.015557987999999998,0.016488569,-0.015221571500000001,-0.01257903975,-0.010826459,0.010482006,0.01230716125,0.014449835250000001
2022-05-26,0.0064118225,IV_COMBINED,-0.01718368675,-0.015513258000000002,-0.01471428825,-0.01425469725,-0.01351493925,-0.01301166175,-0.0117770345,-0.01089159075,-0.010355088625,-0.00991333575,-0.009528087875,-0.0089453549,0.00844431945,0.00896390725,0.009850252125,0.01036445325,0.011008104625,0.0115177185,0.012503628875,0.012950162875,0.013413919875,0.014207915,0.01501765375,0.015913470125,-0.0146956485,-0.01214993275,-0.010458005749999999,0.010154042375,0.01192036425,0.0139597675
2022-05-27,-0.0016633098,IV_COMBINED,-0.017500286,-0.01581255475,-0.01502618775,-0.014533138749999999,-0.01379224525,-0.0132767715,-0.011994703124999999,-0.01111161225,-0.01056160275,-0.010100554,-0.009673401,-0.00913129925,0.0085914962,0.00913027775,0.010017077624999999,0.010550319749999999,0.011221183,0.01173167225,0.012755113375,0.013180406,0.013671872375000001,0.014482896625,0.015313785,0.01621178675,-0.014982999,-0.01239417525,-0.010658728,0.0103430295,0.0121482365,0.01422659225
2022-05-30,0.006810638,IV_COMBINED,-0.012820067000000001,-0.011476964249999999,-0.010805525,-0.01050619125,-0.009975270250000001,-0.0095389045,-0.008708204575,-0.007989195625,-0.007658525075,-0.0073803061,-0.00703863105,-0.0066859975000000006,0.00639698705,0.006744851875,0.007397037,0.007799569524999999,0.008147532925,0.008493226375,0.00927683625,0.0096640215,0.01004524325,0.01058045625,0.01118724825,0.01176224725,-0.0108634795,-0.008940071,-0.007726606825,0.007592648675000001,0.008859524325,0.01038711975
2022-06-01,-0.012713994,IV_COMBINED,-0.0161230225,-0.014410882,-0.01376281275,-0.01331829025,-0.012614301750000001,-0.012114086999999999,-0.010976143875,-0.0101214885,-0.00963420625,-0.00921955275,-0.00878143775,-0.008366304575,0.007842348875,0.00837908935,0.009159918750000001,0.0096223215,0.010249663249999999,0.01070130475,0.011687508249999999,0.012010183625,0.01253385775,0.013301356,0.014005305,0.01485662725,-0.01371611675,-0.01132174825,-0.009720574499999999,0.009463706,0.0111124305,0.0130186965
2022-06-02,0.008195808,IV_COMBINED,-0.016171830499999998,-0.0145187675,-0.01383799475,-0.013391628624999999,-0.01268618325,-0.012192498,-0.01104316175,-0.010202284875,-0.00972893925,-0.009309310749999999,-0.00885491,-0.008415092675,0.007910107875,0.00844131775,0.00922452675,0.00971924525,0.01034506425,0.01077758,0.011763219625000002,0.012111282625,0.012656605750000001,0.013355132625,0.0141061665,0.014918879375,-0.013792181249999999,-0.011400975,-0.009794819375,0.009536847250000001,0.011192048625000001,0.01311123075
2022-06-03,-0.0019633041,IV_COMBINED,-0.01794541125,-0.01619952875,-0.01546306675,-0.014938494,-0.014148627,-0.0136223975,-0.0122827505,-0.011399779875,-0.01084080425,-0.010366545250000001,-0.009870366875,-0.009398654999999999,0.0087457379,0.0093473115,0.010243984499999999,0.01077857425,0.011567409,0.01204510375,0.013099528,0.01344898825,0.01405355275,0.01486669575,0.01569446225,0.0166285465,-0.015370891,-0.012721759875,-0.010931549125,0.01060079425,0.01247146225,0.014585016
2022-06-06,-0.0012938757,IV_COMBINED,-0.01322834125,-0.011807528500000001,-0.011123942500000001,-0.010839207,-0.0102837275,-0.00988439275,-0.0089717713,-0.008230115625,-0.007928216125,-0.007608752,-0.00723518655,-0.006905501,0.00653391945,0.006943276375,0.007578793625,0.008037670625,0.0084263196,0.00875545125,0.0095854145,0.009927859,0.0103828035,0.010887019749999999,0.01148155625,0.012058897875,-0.01120864,-0.00922768675,-0.00797278975,0.007813544925,0.009138375,0.01068730575
2022-06-07,-4.674164e-05,IV_COMBINED,-0.01650445125,-0.01476914525,-0.014064048000000001,-0.01358517575,-0.012901954,-0.01239864175,-0.0112014505,-0.01033341925,-0.009896779999999999,-0.0094636255,-0.00896387325,-0.0086125455,0.007983737625,0.00859438105,0.00935798875,0.0098790085,0.01055176975,0.010963275,0.011980145250000001,0.0122539065,0.012879751,0.01362248725,0.014277597999999999,0.015155423250000001,-0.0140318735,-0.011578867999999999,-0.009954421,0.009693604875,0.011399336999999999,0.01330936475
2022-06-08,0.004170093,IV_COMBINED,-0.016480189,-0.014825171750000001,-0.014082460625000001,-0.013615593499999998,-0.012919538500000001,-0.01243616975,-0.011237884125,-0.01037642425,-0.0099548375,-0.009515658125,-0.009003146625,-0.008633939375,0.00801782285,0.0086154333,0.0093909695,0.009936128,0.010602005125000001,0.010988805125,0.011999754125,0.012300188125,0.012922069750000001,0.013626621,0.01431051475,0.0151537585,-0.01405533275,-0.01161755525,-0.009993067500000001,0.00972519725,0.011430663,0.01333725675
2022-06-10,-0.02082218,IV_COMBINED,-0.02757852175,-0.024928575999999997,-0.0235819935,-0.022930794249999997,-0.02209443275,-0.0212644155,-0.018978573999999998,-0.01799791825,-0.01671104,-0.01609132775,-0.0151450345,-0.01461840275,0.013286644,0.01443320825,0.0157344115,0.016735641000000002,0.01801384725,0.01866124325,0.02024860825,0.020560113,0.0215001425,0.02254954675,0.023935033,0.025565316,-0.02375934825,-0.0197067885,-0.01702342,0.0163433435,0.0192417775,0.022361842
2022-06-13,-0.00816522,IV_COMBINED,-0.015977613,-0.014898175999999999,-0.014175887875000001,-0.01370620925,-0.0130768775,-0.012135400250000001,-0.011370171750000001,-0.0105333165,-0.0100943195,-0.0098882765,-0.00940306,-0.0088027755,0.0085506578,0.00925359075,0.010184483499999999,0.010775806625,0.011077210625,0.01159262875,0.01278824625,0.013147491375,0.013595545375,0.0142157745,0.015081435,0.01593667625,-0.013958855,-0.01166181875,-0.0101525655,0.0103708375,0.012089933,0.01410987875
2022-06-14,-0.001690512,IV_COMBINED,-0.02400519425,-0.02199426525,-0.0210352875,-0.02059130525,-0.0192019205,-0.018242381,-0.01665284575,-0.015484419749999999,-0.0146135915,-0.01427373325,-0.01362292675,-0.0129471815,0.012292120875,0.0132236065,0.01487597075,0.01581243375,0.0161402405,0.016752053,0.018771713,0.019198743,0.020150007,0.02111367275,0.02223302575,0.02416222425,-0.0208070135,-0.0172057055,-0.014914129,0.0150607305,0.017718023,0.02090314325
2022-06-15,-0.002963485,IV_COMBINED,-0.0229711115,-0.02113903475,-0.02025187475,-0.019709306500000003,-0.0184348075,-0.01750280575,-0.016007232,-0.0149597055,-0.0141228525,-0.013791263500000001,-0.0131432405,-0.01249620775,0.01194035725,0.0128506705,0.01443437875,0.01535818325,0.0156009775,0.01616389325,0.018090804250000002,0.0185268725,0.0194831965,0.0202193645,0.021519455,0.023142919499999998,-0.019951413,-0.01656889325,-0.014378645124999999,0.01458343775,0.01708664525,0.02015265
2022-06-16,0.013674348,IV_COMBINED,-0.023318496,-0.0215033505,-0.02043302175,-0.019962361,-0.01868867025,-0.017680776,-0.016198596,-0.015157586,-0.014271570749999999,-0.013888665375000001,-0.01327806875,-0.012626709375,0.012112691,0.012956716,0.014541061249999999,0.01545299,0.015611234,0.01624280875,0.018196486,0.0186912815,0.019553505,0.020336058,0.02170318725,0.02338004075,-0.0202307305,-0.016748310375,-0.01452636075,0.014683637499999999,0.0171679155,0.02030489975
2022-06-17,-0.0052897707,IV_COMBINED,-0.026108929250000003,-0.02405557725,-0.022798863750000002,-0.02222471025,-0.02084928225,-0.01978647125,-0.018011727749999998,-0.0168779935,-0.0158157675,-0.015367463,-0.014765366500000002,-0.0140495795,0.01357153375,0.014378417625,0.016187511,0.017084553,0.017288992,0.01805525925,0.02030282275,0.02086606025,0.021838523500000002,0.022861153500000002,0.02435444725,0.02642087175,-0.0226049945,-0.01865816525,-0.01616937475,0.01634585475,0.019118555250000002,0.0227565455
2022-06-20,0.0061275647,IV_COMBINED,-0.016902311750000003,-0.014467434999999999,-0.01406541575,-0.0136620635,-0.012616344,-0.01207503075,-0.011836336999999999,-0.01090123875,-0.00967356675,-0.0094346855,-0.008927847,-0.00855335175,0.009124744125,0.009631452,0.01022663975,0.010481524249999999,0.010719214749999999,0.0113559715,0.01309810325,0.013246915,0.013884166375,0.014447299625,0.015169603125,0.0166665115,-0.013944636625,-0.011710318,-0.00997843075,0.01056003025,0.012020422874999999,0.01441306
2022-06-21,0.00096982525,IV_COMBINED,-0.01971011225,-0.016964807250000002,-0.01661080825,-0.016098242875,-0.015023953125,-0.0142808775,-0.013663828499999999,-0.012705967875,-0.01142295325,-0.011002514000000001,-0.010489535125000001,-0.009889771125,0.010275607499999999,0.01088955575,0.011743084875,0.01201866875,0.01231065275,0.01339473175,0.015214908749999999,0.01542059625,0.016148825375000002,0.0168474855,0.0175124345,0.0196744275,-0.01641559925,-0.01373688775,-0.0116737335,0.012086761750000001,0.013957289,0.016794239250000002
2022-06-22,0.0030290862,IV_COMBINED,-0.01825807925,-0.0157598005,-0.01542527375,-0.014954176999999999,-0.013965690999999999,-0.013274616749999999,-0.012782498,-0.0118161515,-0.010641421,-0.01026854575,-0.00975801575,-0.009213483375,0.009678861,0.01021696125,0.0110167545,0.01125913525,0.011520395374999999,0.012443865,0.014138965,0.014319317,0.0149925685,0.015617491625,0.01624482775,0.01819679925,-0.015242473,-0.01278799225,-0.01086616225,0.011314387625,0.012995970749999999,0.015578496
2022-06-23,-0.0074042967,IV_COMBINED,-0.019307087,-0.0167065735,-0.016367066,-0.0158004055,-0.0146899515,-0.01396440975,-0.013426048,-0.012363117,-0.011216896,-0.01075580625,-0.01024305725,-0.009666158125000001,0.010122775,0.01066405875,0.01153080925,0.01180365975,0.01211224575,0.0131004835,0.01487993775,0.01507771275,0.01576740325,0.01646260425,0.017082383,0.01920484325,-0.0160936855,-0.01346750775,-0.01139850975,0.011861965,0.01367178625,0.0164024565
2022-06-24,0.0034267362,IV_COMBINED,-0.01853891025,-0.01604589675,-0.01571377675,-0.015180481624999999,-0.0142279125,-0.013458602,-0.01295755025,-0.011924546125,-0.010754177,-0.010347512,-0.009820714,-0.009312270625,0.00980230425,0.0103159215,0.011152274,0.011405963,0.01171554375,0.012591056,0.01429599025,0.0144728835,0.01522739,0.01582514575,0.016425507,0.018552389750000002,-0.015490360875000001,-0.012961730250000001,-0.010972729,0.01145640725,0.013166739375,0.015794832875
2022-06-27,0.005873166,IV_COMBINED,-0.01392448425,-0.01211093425,-0.011826287125000001,-0.011248250875,-0.0105942555,-0.010088987875,-0.00981898725,-0.009007019875000001,-0.0080030824,-0.007759418575,-0.007335523775,-0.006988472825,0.0075768717,0.00790997105,0.008482434725,0.008660458925,0.008918646675000001,0.009394464750000001,0.010670301625,0.010857279875,0.011446702999999999,0.011880617999999999,0.01230077475,0.013684073875000001,-0.01159338225,-0.009748873,-0.0082358845,0.00871164525,0.009904897749999999,0.01179182625
2022-06-28,-0.006245688,IV_COMBINED,-0.0154261305,-0.0133248675,-0.01293191925,-0.0126790445,-0.0117831705,-0.01110093925,-0.010736012625,-0.010161356,-0.008771429375,-0.008423779175,-0.008011421375000001,-0.0076020672,0.0079762064,0.008451794875,0.00924953475,0.009549937,0.00964476175,0.01035963225,0.011598343375,0.011783415125,0.012549442000000001,0.013037865374999999,0.013318308000000001,0.014882629,-0.012862831,-0.010740331,-0.00905991275,0.00938412775,0.010838107625,0.012826427500000001
2022-06-29,-0.005461367,IV_COMBINED,-0.0162671845,-0.014142009,-0.013747094125,-0.01343509475,-0.012496018875,-0.01176368675,-0.0114058695,-0.010752886625,-0.009349642299999999,-0.0089223085,-0.00849547825,-0.00806547175,0.008449560375,0.008921244,0.00977137575,0.010095208750000001,0.010188647,0.010981060875,0.01229022175,0.012484197375,0.013297694375,0.013790533625,0.014129099249999999,0.01580665025,-0.013620799,-0.011403836375,-0.0095999665,0.0099242095,0.01146913425,0.013601572375
2022-06-30,-0.0007686487,IV_COMBINED,-0.01764500375,-0.015430266750000001,-0.015070819,-0.01461664,-0.01368613575,-0.01278765,-0.012408551125,-0.011683454499999999,-0.0102521395,-0.009710125425,-0.009264683249999999,-0.0088032495,0.009176226425,0.009670307375,0.010559568375,0.010954059875,0.011055709,0.01195659075,0.01340452475,0.01360491475,0.014505442125,0.0150258645,0.015425096749999999,0.0173673065,-0.01483313975,-0.012440522749999999,-0.01044983275,0.01077326725,0.01247934925,0.014861457000000002
2022-07-01,-0.00589667,IV_COMBINED,-0.018060997750000002,-0.01572097675,-0.015293329250000001,-0.01498787725,-0.014015640624999999,-0.013090205375,-0.012723438,-0.01197245675,-0.010506234125,-0.009989075,-0.00951304925,-0.009064550875,0.0093130334,0.009857794,0.01083116225,0.011241701875,0.011321070124999999,0.012236311,0.01376265825,0.01394897,0.0147809345,0.01530331875,0.0157383005,0.0176138265,-0.01517513975,-0.0127171325,-0.010725868,0.0110171435,0.01277301175,0.0151689385
2022-07-04,0.0019414523,IV_COMBINED,-0.014324552249999999,-0.012362349,-0.0119072725,-0.01167303425,-0.01086752775,-0.01032049075,-0.010114090249999999,-0.00941345675,-0.0081363689,-0.0079266681,-0.00748343225,-0.007097786225,0.0075206762499999994,0.007971130175,0.008721693825,0.008971854750000001,0.009022094500000001,0.0095796885,0.010813565125,0.011015981875,0.011582148625,0.012062217,0.01239041625,0.013731703,-0.011909590500000001,-0.009978335875000001,-0.008448366775,0.008809832,0.01008988375,0.011906763
2022-07-05,-0.016795618,IV_COMBINED,-0.01697298475,-0.014653564375,-0.0142150605,-0.013686367375,-0.012787705,-0.0120174215,-0.011620042125,-0.010951423625,-0.009685647,-0.0090060961,-0.0086012454,-0.008034461900000001,0.008147004499999999,0.008748313625,0.009538826,0.009893168125,0.0101773535,0.01104934375,0.012351739125,0.01255763775,0.01351514075,0.01391476725,0.014229219250000001,0.015848489,-0.014023608375,-0.011697919000000001,-0.009722129875,0.009792647125,0.01147727425,0.01370044525
2022-07-06,-0.008186413,IV_COMBINED,-0.020462762500000002,-0.017822104499999998,-0.017414736,-0.01697472425,-0.01594114975,-0.0147909275,-0.014320089250000001,-0.013481786499999999,-0.011949747375,-0.01129832075,-0.01081318725,-0.010240299,0.01043754325,0.0110468835,0.012167769,0.01264718175,0.01277664775,0.013881705749999999,0.015547983249999998,0.0157922105,0.016715998000000003,0.01731010125,0.017808979500000002,0.02020171825,-0.01719833325,-0.01439145725,-0.01212490425,0.0123953655,0.014432723500000001,0.01721337775
2022-07-07,-0.0011707587,IV_COMBINED,-0.021589314499999998,-0.01874838675,-0.018394749,-0.017940131999999998,-0.016897607250000002,-0.01565374975,-0.01521229625,-0.01431420575,-0.012696611375,-0.012034803375,-0.01147860225,-0.01092120225,0.01112768875,0.0118173125,0.012857467625,0.0133735035,0.013447259999999999,0.014713912,0.016557956,0.01681594625,0.017722331,0.018358160249999998,0.01899199925,0.02158881375,-0.018165838,-0.015254322,-0.012880513,0.0131615375,0.01529015825,0.0183354095
2022-07-08,0.0019668783,IV_COMBINED,-0.022420930999999998,-0.01929511625,-0.018914359999999998,-0.01824728225,-0.01715720575,-0.01588461175,-0.015448419000000001,-0.014688528499999999,-0.013081778,-0.012055334125,-0.01166619975,-0.0110111565,0.01097587125,0.0117513285,0.01271828025,0.013183308500000001,0.013475687,0.0147989665,0.016677472,0.0169198745,0.0179912775,0.01840152275,0.01910534575,0.02158026725,-0.0186010295,-0.015603540124999999,-0.0130611655,0.01311972825,0.0153073915,0.01845484775
2022-07-11,-0.009169079,IV_COMBINED,-0.017003094,-0.01458835625,-0.014232262124999999,-0.01354311675,-0.012760229,-0.01174195025,-0.0115346365,-0.010862614375,-0.009684575625,-0.008968893625,-0.008681831875,-0.00813567225,0.008494958,0.00916686225,0.0097500885,0.01019777875,0.010391636,0.01102568525,0.012568544000000001,0.01275291775,0.0137563845,0.01416126925,0.0144477285,0.01648115225,-0.013927349,-0.01161120775,-0.0096781925,0.010074418,0.011668982625000001,0.0140013455
2022-07-12,-0.0016795615,IV_COMBINED,-0.0237377075,-0.0201674905,-0.019804601,-0.0191675135,-0.017969238499999998,-0.016658126750000002,-0.01600445775,-0.01524917375,-0.013580462875000001,-0.0126097575,-0.0121853745,-0.011483643,0.01149413625,0.01235963125,0.01327042075,0.013582827625,0.014134071625,0.015427464,0.017525699999999998,0.0178133945,0.019055126749999998,0.019561843250000002,0.0201516705,0.0232044155,-0.01954001475,-0.016259364749999998,-0.013637214750000001,0.013756792125,0.01604638125,0.01955006175
2022-07-13,0.000935643,IV_COMBINED,-0.0276253575,-0.02345028075,-0.02301471375,-0.0224204635,-0.020711365750000002,-0.01948180725,-0.018543235999999998,-0.017620827,-0.015863644,-0.014812172625,-0.014378264,-0.013633491250000001,0.013380306750000001,0.0143619085,0.01557439125,0.01587083475,0.01655594525,0.01817248425,0.020623688,0.02096962275,0.022141011749999998,0.0226357555,0.02367020075,0.02695818775,-0.02273785425,-0.01890484575,-0.015985312625,0.01609924775,0.018771742,0.022872542250000003
2022-07-14,-0.0050359773,IV_COMBINED,-0.02425422425,-0.02084546475,-0.020195429,-0.01949474625,-0.017550686,-0.01684938025,-0.0162679005,-0.014980705,-0.0139253895,-0.012919014749999999,-0.01248072875,-0.011841540625,0.012098515625,0.012799527750000001,0.0138298885,0.014219589000000001,0.01469801425,0.0158477335,0.0182509905,0.018559606,0.0193110735,0.019838933,0.020844149,0.0231462865,-0.0197989,-0.0164437615,-0.01381427375,0.0143353875,0.01657105225,0.0200224215
2022-07-15,0.006230937,IV_COMBINED,-0.0278257175,-0.02349165675,-0.022989167,-0.022256599250000002,-0.0202398325,-0.01938312575,-0.01851328125,-0.01734734775,-0.01589104875,-0.01486023475,-0.014432025250000001,-0.01360794025,0.01356318975,0.0145100755,0.01567588025,0.016036163750000002,0.0166169595,0.01822710725,0.020796456749999997,0.021152834750000002,0.02197643475,0.02272305025,0.02385345925,0.02671909125,-0.022639386,-0.0188247945,-0.015926135,0.01623251275,0.0188799475,0.02289965575
2022-07-18,0.0069381795,IV_COMBINED,-0.01891775475,-0.016207114,-0.01570501425,-0.014962392875000001,-0.01364875075,-0.01306701275,-0.01274514475,-0.01172859575,-0.010825962375,-0.01012555375,-0.009757644875,-0.0091610265,0.00957411675,0.010196036,0.010944270875,0.011228552749999999,0.01164547275,0.0124195735,0.01428329025,0.014453334,0.015145526999999999,0.015728332,0.01640693075,0.01809775225,-0.0153606055,-0.012814345500000001,-0.0107679665,0.011328637124999999,0.0130610445,0.01567736675
2022-07-19,0.007696456,IV_COMBINED,-0.02632818025,-0.02342800225,-0.022493606,-0.02181369125,-0.02093051675,-0.020116382,-0.0183404445,-0.01683064875,-0.016155074999999998,-0.015562709499999999,-0.014458119375,-0.01328045125,0.013343301875,0.0145559675,0.01569916125,0.01649461875,0.01778492625,0.018597223,0.019918079,0.02112548825,0.021882454250000002,0.02246160475,0.02418193375,0.0264184495,-0.022523355000000002,-0.01878723175,-0.016049662,0.016260287249999998,0.01905128925,0.02270528075
2022-07-20,-0.0023418814,IV_COMBINED,-0.023669047500000002,-0.021578296,-0.0208174405,-0.02032298725,-0.01949722725,-0.01866660925,-0.01721901075,-0.01592655625,-0.01533386325,-0.014617035,-0.0136800025,-0.0127371635,0.0131934045,0.01410972475,0.015207914375,0.015870086875,0.016849441,0.01769484425,0.019154052249999998,0.0200411515,0.02109567075,0.021381419999999998,0.023334255749999998,0.026030709,-0.02074683275,-0.017592696499999998,-0.01512547325,0.015702907624999998,0.018189969,0.021931167
2022-07-21,-0.0014352159,IV_COMBINED,-0.033036119749999995,-0.03002420425,-0.028647244500000002,-0.02829219125,-0.0271293165,-0.025654131,-0.02378829625,-0.02186252325,-0.021149027,-0.020151798500000002,-0.01892246875,-0.0175539465,0.01769098125,0.0191212505,0.020548168749999998,0.021812546500000002,0.0234375315,0.0245519165,0.02656988,0.02775775675,0.0293665025,0.029852906999999998,0.032228243000000004,0.036354343750000004,-0.02882719225,-0.024220243,-0.0208289745,0.02147356225,0.0252449565,0.0304553455
2022-07-22,0.0025995085,IV_COMBINED,-0.022862544749999998,-0.020800466,-0.0201463215,-0.0197406835,-0.01914283225,-0.01830243725,-0.01692685875,-0.01563196575,-0.0150184905,-0.01436373375,-0.01337652475,-0.012452467375,0.013272820500000001,0.01399106825,0.0150503245,0.0157920875,0.01662024425,0.01740067325,0.018766440500000002,0.01972816425,0.02068367,0.0209040835,0.02290033775,0.0255026315,-0.020169793,-0.01720521525,-0.014825426,0.015540179000000001,0.01789670525,0.02151624925
2022-07-25,-0.0016269614,IV_COMBINED,-0.018431346,-0.0167195555,-0.01628230575,-0.015794681249999998,-0.01516139475,-0.01474720175,-0.013533904,-0.0125788935,-0.012025892,-0.01146897125,-0.01070654075,-0.009971968250000001,0.010566694,0.0111930625,0.012064569125,0.012598113625,0.013215347625,0.0138720025,0.01498237975,0.0157604005,0.016471602249999998,0.01681625725,0.01827322075,0.0201068885,-0.01617083525,-0.013833639875,-0.011894715125,0.012404410250000001,0.01429682,0.01711889825
2022-07-26,-0.009301089,IV_COMBINED,-0.02073929975,-0.01874600475,-0.01816669,-0.01766928975,-0.01697860925,-0.016399635750000002,-0.01501034075,-0.013960219749999999,-0.013414257,-0.012713223499999999,-0.011937697,-0.0111167745,0.0114286805,0.01231465275,0.01317417475,0.013719288,0.0146373935,0.015435161749999999,0.01663043675,0.01741770925,0.018313905999999998,0.01867919025,0.020270721,0.02246245625,-0.01810656775,-0.01539022875,-0.013225510499999999,0.013637068,0.0158202935,0.01901904625
2022-07-27,-0.001018748,IV_COMBINED,-0.0208510035,-0.0189418545,-0.018346025000000002,-0.0178897225,-0.017111677999999998,-0.0165281945,-0.015166886125000001,-0.0140826885,-0.01352629225,-0.01286359325,-0.01206133475,-0.01121983275,0.011550554625,0.0124333785,0.013323122375,0.013865306125,0.01475248225,0.01554504575,0.01679134425,0.0175708225,0.0185274535,0.01884319425,0.02043198,0.02269137875,-0.01826449075,-0.01553001725,-0.013351128875,0.013770176125,0.0159594745,0.01920259625
2022-07-28,0.005732993,IV_COMBINED,-0.0219989535,-0.01994747125,-0.01925490875,-0.018832024,-0.01812072175,-0.01739288025,-0.01597294725,-0.014845721125,-0.014256568375,-0.0135294325,-0.01272571225,-0.01181369225,0.0120806355,0.0130495815,0.01391596925,0.0144924375,0.01556277575,0.01638011325,0.01770436675,0.01848696575,0.01947582425,0.01981712775,0.021467299750000002,0.0239436495,-0.01925841,-0.016344605499999998,-0.0140614875,0.014462665999999999,0.0167913645,0.020215621
2022-07-29,0.003744187,IV_COMBINED,-0.022888808,-0.02078994775,-0.0200694565,-0.01956822075,-0.01891239275,-0.01816425725,-0.016657250000000002,-0.015448461375,-0.014844201750000001,-0.014107491625,-0.01322299025,-0.0122338625,0.01268758025,0.01359112425,0.014591109750000001,0.01527894275,0.016229809749999997,0.017003921249999998,0.01839536025,0.01922251525,0.020248944249999998,0.0204770395,0.022370492999999998,0.02507649675,-0.02006472525,-0.01703672525,-0.01463541225,0.015098996750000001,0.01747701425,0.02106276275
2022-08-01,0.006519391,IV_COMBINED,-0.0159147,-0.01443056325,-0.01408457775,-0.013664166,-0.01313869625,-0.012759107,-0.011763431750000001,-0.010946274,-0.010424784,-0.00995495,-0.009343098749999999,-0.0086617462,0.00919406475,0.009719495,0.01046355075,0.0109016815,0.011397480125,0.011990532125,0.013017199,0.013653093,0.01414466675,0.014482326875,0.015739857750000003,0.017321022,-0.01398144675,-0.011995635000000001,-0.01033303525,0.01075835775,0.012357844,0.01477516775
2022-08-02,-0.00705622,IV_COMBINED,-0.019428038,-0.017572161,-0.01706001625,-0.016561968,-0.015869959500000003,-0.01540484025,-0.014074504875,-0.01308176625,-0.0125259275,-0.01185416425,-0.0111818895,-0.0103741965,0.01057447125,0.011443392375,0.012216059250000001,0.012687572000000001,0.01360517275,0.01433595225,0.015521120749999999,0.016205602,0.01703066075,0.017393251,0.018777819,0.020900575249999997,-0.016967392749999997,-0.014429410875,-0.01237937175,0.012672043625,0.014708614,0.017687155
2022-08-03,-0.0050415955,IV_COMBINED,-0.0197919145,-0.01791461225,-0.017402380500000002,-0.01693789875,-0.016297827,-0.015747482,-0.0144123805,-0.01338419825,-0.012835079249999999,-0.012165895125,-0.011469538500000001,-0.0106198235,0.01092240725,0.011770653749999999,0.01257467675,0.013069191625,0.013966727,0.0147008215,0.015936667,0.016639393,0.01746137775,0.01779045,0.0192793355,0.0215091785,-0.0173379465,-0.014756303875,-0.012677387,0.01303422625,0.015092771375,0.0181651905
2022-08-04,0.0075932485,IV_COMBINED,-0.02194780475,-0.01957121325,-0.0189887485,-0.018388095,-0.017599747,-0.01692955425,-0.0154235425,-0.014128143499999999,-0.013553108500000001,-0.013105399,-0.01207982925,-0.011114871,0.011307677875,0.01227964525,0.0132080515,0.013849222750000001,0.014916556375,0.01548622525,0.0166586155,0.017716509749999998,0.01844574625,0.018818585,0.020101742750000002,0.0219209675,-0.018887282,-0.015804619,-0.0134715595,0.0136741095,0.015945841250000002,0.018968717
2022-08-05,-0.005176207,IV_COMBINED,-0.02075743325,-0.01855644175,-0.01797454775,-0.017442118,-0.01672942325,-0.0160572655,-0.01466889625,-0.01342787825,-0.01285795375,-0.01247285075,-0.011481244125,-0.010557829875,0.01076396825,0.011673585,0.0125315015,0.01314099125,0.014155451125,0.01470362675,0.01582153225,0.016818751,0.0175089125,0.017876259499999998,0.01902247725,0.02077403975,-0.0179085365,-0.014997308625,-0.012799413749999999,0.012989207,0.015139571875,0.0179891425
2022-08-08,0.0036391383,IV_COMBINED,-0.01571733475,-0.01362168575,-0.01328036375,-0.01276823825,-0.012342615,-0.0119674005,-0.01079607275,-0.009988510249999999,-0.00967201325,-0.009373989624999999,-0.0087044405,-0.00795722975,0.00819558585,0.008754615,0.00959217525,0.010032362999999999,0.01069620975,0.01101663875,0.01191852325,0.01263809525,0.01296615475,0.01337144825,0.0143237995,0.015455207500000002,-0.013283455,-0.011140872,-0.009598313875,0.00983142175,0.01140703675,0.01346035575
2022-08-09,0.0018549566,IV_COMBINED,-0.016362645250000002,-0.01476611,-0.014317928,-0.013871654,-0.013324837249999999,-0.01301626425,-0.01188521075,-0.01101192575,-0.010572077,-0.0100066405,-0.00949381425,-0.008788497125,0.00885858975,0.0096464845,0.010302832375000001,0.01066184825,0.01136884775,0.012035999,0.013146723875,0.0136375795,0.01420171825,0.01465279775,0.015799769999999998,0.017594335500000002,-0.014268301375,-0.01216068125,-0.01046342875,0.0106646955,0.0123732435,0.014876026125
2022-08-10,0.010540468,IV_COMBINED,-0.020409557000000002,-0.0185710575,-0.017873693,-0.017528736,-0.016765722,-0.01612512425,-0.014818735625000001,-0.01372508325,-0.01316613175,-0.01248273075,-0.011817373249999999,-0.010928227,0.010948571375,0.011935079000000001,0.01270102025,0.01318129475,0.01428304325,0.015014069500000001,0.016366916,0.016961965250000002,0.01792211725,0.01829890475,0.01961033625,0.022087047749999998,-0.01788004025,-0.0151417545,-0.013015707250000001,0.013246926249999999,0.01542884625,0.01858967575
2022-08-11,0.00035798774,IV_COMBINED,-0.01656057525,-0.01481151575,-0.014355047749999999,-0.01396819125,-0.0134587665,-0.013147263,-0.012060980625,-0.011260314375,-0.010766366624999999,-0.01025210725,-0.009719119125,-0.00892752325,0.0092283355,0.009873218500000001,0.010599206,0.011082211625,0.01165541225,0.0122500725,0.013411612,0.013916782499999999,0.01449351,0.014816514125,0.016114372000000002,0.01803129925,-0.01438926225,-0.012317994625,-0.01066126575,0.0109535575,0.012643164875,0.015193515250000001
2022-08-12,-0.008066381,IV_COMBINED,-0.016539829,-0.014708360125,-0.014298560374999998,-0.013786904875,-0.013223207125,-0.01278743875,-0.011603765125,-0.01057690075,-0.0102015395,-0.009879236999999999,-0.00913356775,-0.008374344399999999,0.00846952775,0.009202488,0.009947580625,0.01037079175,0.01115984975,0.01153012825,0.0125540875,0.01326828575,0.0137388825,0.014188723625,0.01496452275,0.016371084,-0.01420914825,-0.011893641,-0.010150298,0.010266707,0.0119607165,0.014179372
2022-08-15,-0.006749138,IV_COMBINED,-0.0127594205,-0.01160189425,-0.01127962475,-0.010912391375,-0.010454771375,-0.0102717295,-0.009460383,-0.008745354325,-0.00830509445,-0.007950177125,-0.00751478385,-0.0069342159,0.00712129,0.007692022675,0.00824728795,0.0084977875,0.00891493325,0.009485566,0.01040166675,0.01081066,0.0111608295,0.011608077500000001,0.01243663025,0.01372241125,-0.01120004175,-0.00961243725,-0.008283252125,0.008475440375,0.009781606625,0.01170643925
2022-08-16,-0.0011862266,IV_COMBINED,-0.017212425,-0.015609376999999999,-0.01510038375,-0.01467067425,-0.01405764825,-0.013585740249999999,-0.012475265875,-0.01154466375,-0.0110606225,-0.010460513749999999,-0.00992642925,-0.00917424075,0.00914780225,0.010008369999999999,0.0107150035,0.011060328,0.011897813125,0.012550034625,0.0137284915,0.0142397145,0.01491436925,0.0154017755,0.016431135,0.01842494025,-0.015027173,-0.01275333475,-0.010938317500000001,0.011099495875,0.0129276885,0.015547731
2022-08-17,-0.0011162884,IV_COMBINED,-0.01722943775,-0.015712168749999998,-0.01522628675,-0.0148277965,-0.014181654125,-0.01369564475,-0.01261466575,-0.011671735749999999,-0.01115111825,-0.010618586499999999,-0.010033681,-0.00926737725,0.009405180249999999,0.01019270775,0.010923783874999999,0.0112888375,0.0120568055,0.012709036,0.013885988875,0.0144353055,0.015140175625,0.015558589875,0.01664732,0.01863209575,-0.01512934025,-0.0128718905,-0.011057405,0.01129289325,0.013099851499999999,0.0157481765
2022-08-18,-0.0048731263,IV_COMBINED,-0.017349388375,-0.015825554625000002,-0.015298806625,-0.014932616499999999,-0.014262184,-0.01378213525,-0.0127068815,-0.01175675675,-0.01122246775,-0.0107067005,-0.01010954575,-0.009326805375,0.0094698345,0.01025950375,0.011003571375,0.01138089375,0.012136735124999999,0.0127982905,0.013974068,0.014516516,0.0152388585,0.01567407225,0.0167465195,0.01873783,-0.01523037625,-0.012953409875,-0.011136389,0.011368743125,0.013192812375,0.015842757375
2022-08-19,-0.0074840174,IV_COMBINED,-0.0194566735,-0.0178818085,-0.017034980749999998,-0.0165619595,-0.015358996,-0.01502592025,-0.0135128835,-0.0127370265,-0.0124296195,-0.011382650000000001,-0.01037786125,-0.00996554425,0.0096052865,0.010674738375,0.011517798,0.012376070749999999,0.01299267625,0.013951746249999999,0.01519524225,0.0159012045,0.016445639999999997,0.01677891075,0.01700675275,0.01954243225,-0.0168570705,-0.01414808575,-0.0118978005,0.011997148249999999,0.0142589295,0.016818253749999998
2022-08-22,-0.010264563,IV_COMBINED,-0.01516696075,-0.01384088775,-0.013186306875000001,-0.0127883705,-0.011950104625000001,-0.011721113,-0.01053856,-0.0099882525,-0.009653937250000001,-0.008904257,-0.008160428875,-0.007861764050000001,0.007665241375,0.008468534925,0.009090709875,0.009840871875,0.0101980715,0.01092472425,0.0117862205,0.012264688374999999,0.012687173874999999,0.012987595625,0.013121929125,0.01525205525,-0.013093488,-0.01101763425,-0.009327163,0.009441755625,0.011147496875,0.01302241325
2022-08-23,0.0039004225,IV_COMBINED,-0.020730690500000003,-0.0190692345,-0.01817142675,-0.0177079235,-0.01642414575,-0.0160493435,-0.01444554025,-0.013536211749999999,-0.013218268,-0.012071623,-0.01096758975,-0.0105192855,0.010081303,0.011286975500000001,0.01215018,0.012999748875000001,0.01370176625,0.01483104925,0.016202010750000002,0.01692789125,0.01749276825,0.01787288175,0.01811187525,0.0208351345,-0.017996268,-0.01508415775,-0.01262881075,0.01268444725,0.01512149125,0.017913937249999998
2022-08-24,-0.00063939986,IV_COMBINED,-0.0189114795,-0.0173432505,-0.0166246605,-0.016122547125,-0.01496777,-0.01469456125,-0.01315219175,-0.0124721325,-0.012105863500000001,-0.01109676375,-0.010173119375,-0.009790788875,0.00948365025,0.010525465250000001,0.01132099075,0.01219883425,0.012756445500000001,0.01365137125,0.0148889025,0.015549101,0.016085711,0.016438745,0.0166895645,0.01911982725,-0.016407921750000002,-0.0138098815,-0.011645472625,0.0117950905,0.013986859,0.01646662125
2022-08-25,-0.0010138477,IV_COMBINED,-0.01893470875,-0.017382995749999998,-0.01660261425,-0.016118989125,-0.014990835,-0.014705016500000001,-0.013179209625,-0.01247556975,-0.012095097124999999,-0.0110746155,-0.01017703425,-0.0097731145,0.009469000125,0.01052626175,0.011320854,0.01218273675,0.012741289499999999,0.01366747975,0.01488724875,0.015553949000000001,0.01610348725,0.01648809575,0.01669600925,0.01914769375,-0.01642650825,-0.01381150175,-0.01164107025,0.01178893125,0.01399337,0.016477678
2022-08-29,0.0040992494,IV_COMBINED,-0.0194222265,-0.01782332275,-0.01700868475,-0.01649581125,-0.015363004999999999,-0.01504140775,-0.0134779275,-0.01282343325,-0.012372355,-0.011336125124999999,-0.010445104625,-0.01000728575,0.009686981249999999,0.010834486,0.01162421025,0.012533181124999999,0.013118473,0.014024422750000001,0.015252259624999999,0.0159647055,0.01655756575,0.016927979250000003,0.017109152250000002,0.01966892425,-0.01682915425,-0.014144762,-0.0119306715,0.012103281625,0.014371263249999999,0.016910521249999998
2022-08-30,0.0020333587,IV_COMBINED,-0.01999847425,-0.0183867815,-0.017587392,-0.01704899025,-0.0158745805,-0.01550868875,-0.013936545,-0.013239049625,-0.01280140525,-0.0117364525,-0.01082945625,-0.010381872625,0.01003713875,0.01118750925,0.012028118625,0.01293721575,0.013566944000000001,0.014527144375,0.01580665125,0.016513970750000002,0.017168502000000002,0.01755939825,0.017787028,0.020369035,-0.017363502250000003,-0.01461461575,-0.01233910375,0.01252527225,0.014879471125,0.017529036999999997
2022-08-31,0.00446187,IV_COMBINED,-0.0190069075,-0.017467344750000002,-0.016724401,-0.016165270500000002,-0.015088210250000001,-0.0147101315,-0.013199996125,-0.012618862500000001,-0.012132854,-0.011142991,-0.010316706625,-0.00987158775,0.00963295325,0.01073573675,0.011512258000000001,0.0124407775,0.01300545325,0.01383910625,0.01501887725,0.01569202425,0.016357226750000002,0.0167463905,0.01690033125,0.019396569500000002,-0.01648757275,-0.01387724875,-0.011732056000000001,0.0119810555,0.014210121000000001,0.016673006
2022-09-01,-0.011473644,IV_COMBINED,-0.01872739175,-0.017233575,-0.016482437500000002,-0.015957482500000002,-0.01490297275,-0.014497272,-0.0130231185,-0.01245127825,-0.011971936124999999,-0.011000840750000001,-0.01020244125,-0.00973008325,0.009527200999999999,0.0105981455,0.01138942225,0.012273392000000001,0.012834281749999999,0.01367767575,0.01482072925,0.015476539125000001,0.01614978375,0.01657203475,0.01668784075,0.01918063775,-0.01626373925,-0.01368520875,-0.01157638275,0.01183395575,0.014035622250000001,0.016463106249999998
2022-09-02,0.008186438,IV_COMBINED,-0.023292659,-0.021512469,-0.020494876250000002,-0.019932125,-0.018527227,-0.01806273075,-0.0162368705,-0.015391511,-0.01487799475,-0.0136196975,-0.012568756375,-0.012060427875,0.01157159725,0.012982549625,0.013997472,0.015012399875,0.015836799125000002,0.01698162975,0.018487073,0.01935907825,0.02016960125,0.0206490195,0.0209155135,0.02381817675,-0.0202654425,-0.01701279675,-0.01434062475,0.014575098,0.01739338525,0.020549888
2022-09-05,-0.010098148,IV_COMBINED,-0.015951856625,-0.014531219,-0.01401643975,-0.0134715535,-0.01265766225,-0.012267351499999999,-0.011126189750000001,-0.01065645775,-0.010228309,-0.0094782305,-0.008853695,-0.0084967225,0.00831179825,0.009168359000000001,0.009833441,0.01065674225,0.01107495825,0.011753946,0.01260415575,0.0130981595,0.01374735675,0.014131697,0.01418866275,0.016359024,-0.01377592875,-0.01165895,-0.009950491124999999,0.0101985425,0.012044299750000001,0.013999471749999999
2022-09-06,-0.0017085363,IV_COMBINED,-0.02049075525,-0.0188208715,-0.01792485,-0.017380826000000002,-0.016279112499999998,-0.01582036525,-0.0142760345,-0.013483040125,-0.013033152125,-0.0119474335,-0.0110149955,-0.01054812875,0.0101694485,0.011353017125,0.012219859999999999,0.013113457375,0.013777229,0.01481141925,0.0160993535,0.0168075815,0.017511943250000002,0.017963002,0.0181260345,0.0208257345,-0.017758386,-0.01490748875,-0.01256279225,0.012723781625,0.015152892,0.01787412875
2022-09-07,0.002707609,IV_COMBINED,-0.020385471500000002,-0.018687307,-0.0179213485,-0.017303182125,-0.01617857925,-0.015776198499999998,-0.01420385125,-0.013480508,-0.013036185,-0.01197676575,-0.01104743825,-0.010652039875,0.0102525515,0.011409668,0.01226160175,0.013199137,0.013881586750000001,0.014826392375,0.0161068285,0.0168117355,0.01754370875,0.017940654,0.01816510625,0.020762119500000002,-0.01766614725,-0.01488361825,-0.01258659025,0.01278244725,0.015190919374999999,0.0178778995
2022-09-08,0.0014502755,IV_COMBINED,-0.028262672750000002,-0.02609210725,-0.0250696095,-0.0242020925,-0.022675726,-0.02201826075,-0.0197980975,-0.018683953,-0.0180925295,-0.01665882525,-0.0152739155,-0.01467110775,0.013840274875,0.01551798725,0.01676732925,0.01793593275,0.019169974,0.020566090000000002,0.0224759085,0.023535485999999998,0.024699092,0.02526219225,0.02563164725,0.02867213475,-0.02465017075,-0.02073248925,-0.017461212,0.017554296,0.02108201875,0.025002853749999998
2022-09-09,0.009160614,IV_COMBINED,-0.018818173,-0.017176655,-0.016675140499999998,-0.015951908,-0.01492563025,-0.01451639225,-0.01303056325,-0.01261300425,-0.012117880000000001,-0.011208079499999999,-0.0104213675,-0.01005302825,0.009864900749999999,0.0108953335,0.01171674325,0.0127491125,0.013322840124999999,0.01393660875,0.01504555825,0.01566133975,0.0164636505,0.01680279275,0.017085562999999998,0.01932732475,-0.0162777515,-0.013790596,-0.01176237475,0.01216907525,0.014371382,0.01671668725
2022-09-12,0.007986776,IV_COMBINED,-0.0166383365,-0.015268031250000001,-0.014535453,-0.014024318000000001,-0.01318820125,-0.01275316475,-0.01153545175,-0.01107741125,-0.010558125750000001,-0.009784728,-0.009147313125,-0.008706042,0.00859441625,0.0095343585,0.0102399905,0.011071860499999999,0.01152134525,0.012241973,0.013085172374999999,0.0136316495,0.01430280275,0.0147490385,0.014810856625,0.01700639725,-0.01437441075,-0.0120919215,-0.01029373225,0.0105950565,0.01253387775,0.014567376
2022-09-13,-0.012836649,IV_COMBINED,-0.0280577995,-0.026134299,-0.02478762575,-0.024055689249999998,-0.022588182249999998,-0.021789592,-0.019635398,-0.01855251675,-0.01790208025,-0.0164676065,-0.015165063749999999,-0.0144604615,0.013791309,0.01553245275,0.01679720425,0.01790360825,0.01909889125,0.0205386055,0.02237861125,0.02344944,0.02460419275,0.0252337005,0.02546958525,0.028722237499999997,-0.024525112,-0.020533443000000002,-0.01728704725,0.017519693,0.021030683,0.0249248135
2022-09-14,-0.0002851376,IV_COMBINED,-0.020711971000000003,-0.0192431895,-0.018788542499999998,-0.017679746000000003,-0.016522551125,-0.0160396915,-0.014341134500000002,-0.01381290125,-0.01309337275,-0.012311007,-0.011364244249999999,-0.01120173625,0.010847761000000001,0.0123347425,0.01318539075,0.01441948775,0.015249995,0.01564674275,0.016815238,0.01768903125,0.0186593635,0.019051286,0.0195843965,0.0218872785,-0.01803943,-0.015215128500000001,-0.012945916,0.013686625249999999,0.01623654975,0.01892706175
2022-09-15,-0.00029773038,IV_COMBINED,-0.0187131135,-0.01740474675,-0.016560079999999998,-0.015916437,-0.01496364,-0.014233244249999999,-0.01294572425,-0.01245121275,-0.01190920725,-0.011198997,-0.01042403,-0.009936710750000001,0.00975795525,0.010989844375,0.01181516875,0.01272469775,0.013283277,0.01405787325,0.015040959999999999,0.015620217875,0.0165432795,0.01697885075,0.017014947,0.01971961625,-0.01624623725,-0.0136198935,-0.011648838875,0.0121774415,0.014417132249999999,0.01678780525
2022-09-16,0.0021222064,IV_COMBINED,-0.020060144000000002,-0.0185327985,-0.017663658999999998,-0.016992292,-0.015971792250000002,-0.0152642685,-0.01394132425,-0.01340014675,-0.01278483525,-0.011828591,-0.0110602385,-0.0105240315,0.0102051905,0.011467126250000001,0.012318949749999999,0.01330369575,0.01396832325,0.014842494125,0.015996506375,0.01659905225,0.01752248125,0.01796114875,0.01798975025,0.02086682125,-0.017364259,-0.014610847,-0.01241545575,0.01279121875,0.01521443325,0.0177949225
2022-09-19,-0.0010042996,IV_COMBINED,-0.016994474,-0.014828852375,-0.014098127375,-0.013839412625,-0.01363857525,-0.0126278805,-0.01183873525,-0.011137035625,-0.0104069115,-0.00997080275,-0.00953467,-0.00925877625,0.00871428575,0.009586517125,0.0105147405,0.01118863675,0.01141119375,0.0120719185,0.013083452125,0.013629293625,0.014396534875,0.014824562,0.01485104025,0.016819275,-0.014385839,-0.012021738,-0.010505833,0.01066203775,0.01251595225,0.0145559195
2022-09-20,-0.0008251795,IV_COMBINED,-0.02031235075,-0.018274538,-0.017230889,-0.016832088000000002,-0.0162895865,-0.015202213749999999,-0.014077888,-0.013300991,-0.01240457275,-0.01183962525,-0.011219905249999999,-0.01078817525,0.01002731175,0.01122764625,0.01239994175,0.0131142475,0.013437952625,0.01434683325,0.015631949875000002,0.01645435125,0.01726875675,0.0180885205,0.01814968525,0.020319744,-0.01738215525,-0.01444331075,-0.0124701825,0.01254496025,0.01492390025,0.0175648975
2022-09-21,-0.0115486635,IV_COMBINED,-0.0203572925,-0.018192715499999998,-0.01730261575,-0.01686091075,-0.01628897075,-0.01526519575,-0.014143319125,-0.01338519125,-0.01248992375,-0.011913584750000001,-0.0113116065,-0.01087037275,0.01011533925,0.011291712875,0.01246889075,0.013223895,0.013521661,0.014462108125,0.0157294595,0.0166013525,0.017355126,0.01820159,0.01824714175,0.020412983500000002,-0.017393018,-0.01451724875,-0.0125491905,0.012625412249999999,0.015027742,0.017669212
2022-09-22,-0.0039403574,IV_COMBINED,-0.02111760575,-0.018862132,-0.01793402375,-0.01750074975,-0.016885439,-0.0158195255,-0.01462588125,-0.013812326,-0.01289185775,-0.0122725315,-0.011650267249999999,-0.011205279,0.010443553500000001,0.011635383249999999,0.012906862625,0.01370222075,0.01401084825,0.0149479875,0.016271527125,0.0171617655,0.017928693250000002,0.018836691500000002,0.018916415,0.02115075,-0.018037090999999998,-0.015016723,-0.012951986125,0.0130536345,0.01555385475,0.01828583
2022-09-23,-0.012522054,IV_COMBINED,-0.020741410499999998,-0.01852044125,-0.017483321,-0.0168922345,-0.01647329125,-0.01500875925,-0.01394395325,-0.01339174175,-0.012477772125,-0.011914701,-0.011156190875,-0.010468284250000001,0.0100038425,0.01131520625,0.0124984355,0.012943063500000001,0.013269531,0.014097284,0.015472739249999999,0.01589472725,0.0168731805,0.01753380625,0.01763223575,0.01952577225,-0.01752722775,-0.01446110925,-0.012387934875,0.012511951,0.01466328425,0.01707973075
2022-09-26,-0.009912462,IV_COMBINED,-0.02147875725,-0.01906339925,-0.0180171475,-0.017444230499999998,-0.017020665,-0.015584039000000001,-0.014537996000000001,-0.01395219675,-0.013049229249999999,-0.012429721000000001,-0.0115629205,-0.0109749725,0.01037001075,0.011695881,0.01288330825,0.01344184525,0.0137142235,0.014625875,0.016050046,0.01650299475,0.01769017875,0.0182351045,0.018285739,0.020420392,-0.018118218,-0.015028121500000002,-0.012900769375,0.012942694125,0.01521341875,0.01778986925
2022-09-27,-0.00071217853,IV_COMBINED,-0.03105126925,-0.02846522275,-0.02600451925,-0.02568251975,-0.02491080475,-0.0234976925,-0.02144253825,-0.02017340175,-0.0187062445,-0.017973082,-0.017061758375,-0.0159829795,0.01555427525,0.0174689195,0.01928202675,0.0201592645,0.0208450015,0.02197944725,0.02425538275,0.02605274375,0.02664347975,0.02838082525,0.028858718,0.031383549499999996,-0.02672150175,-0.0219648795,-0.018937783,0.01948112025,0.0231239855,0.027438775749999998
2022-09-28,0.006722061,IV_COMBINED,-0.02604392875,-0.02273388375,-0.0215707015,-0.02105076675,-0.02068786275,-0.01920033325,-0.01816513525,-0.016913526499999998,-0.01591333125,-0.01524399775,-0.01460256075,-0.0140380325,0.0134139405,0.01471928875,0.01602626225,0.01723097775,0.017543977,0.01877954025,0.02052309775,0.0216672225,0.0223569305,0.02349143725,0.023580856,0.02630969075,-0.021943354749999998,-0.01835260625,-0.01599969025,0.016445313,0.01951380675,0.02288756025
2022-09-29,0.009612937,IV_COMBINED,-0.0294493665,-0.0261376415,-0.024580012,-0.0238354465,-0.023308943999999998,-0.02166534075,-0.02031474425,-0.01907656925,-0.0177583495,-0.01708389825,-0.016316666,-0.015502991,0.0148213805,0.01639620675,0.01796572,0.01912955075,0.01962682175,0.020993042,0.02313185575,0.02453224875,0.02530714225,0.02670662175,0.026973674000000003,0.0296945255,-0.024879348250000002,-0.02067900325,-0.0179290935,0.01838839675,0.02191757825,0.025927889
2022-09-30,0.0009562308,IV_COMBINED,-0.03006111425,-0.02651042625,-0.024974622749999998,-0.0242470885,-0.023796255,-0.02212163125,-0.020787992749999998,-0.01934632575,-0.01811428,-0.01747600075,-0.01666389175,-0.015838210125000002,0.01520952875,0.0168790625,0.0184124955,0.01961499425,0.02011891825,0.021573947,0.02359262325,0.02513473,0.02582704225,0.0273558855,0.027658473,0.030408746,-0.02534730225,-0.02106897025,-0.018289212,0.01884252525,0.0224512735,0.02652432275
2022-10-03,0.0026083621,IV_COMBINED,-0.0238897955,-0.02051922625,-0.01954249475,-0.01901180975,-0.01879519475,-0.017316502,-0.0165606745,-0.01528190975,-0.01436756525,-0.0138589235,-0.013349663250000001,-0.012829481625,0.012336222,0.013471226875,0.0146667135,0.015811114,0.01602857325,0.01705349575,0.01866846225,0.0197108735,0.02035416575,0.021206222,0.021377901,0.023941389,-0.019906505999999997,-0.016613829,-0.01452729525,0.01503423925,0.017753573,0.0208105585
2022-10-04,0.016998522,IV_COMBINED,-0.02523279975,-0.022062892,-0.02086997575,-0.020286612500000002,-0.0199739895,-0.01845603675,-0.0174600655,-0.01620323575,-0.01516567975,-0.0146214035,-0.01397074025,-0.013381290625,0.012707983374999999,0.0140027795,0.0153446845,0.016455698,0.016704317,0.0178778005,0.019615444,0.0206905545,0.02145886775,0.0225768605,0.0227294205,0.02537305875,-0.02120246625,-0.0176309975,-0.015326541125,0.0156750425,0.018646024,0.0219734705
2022-10-05,-0.011148129,IV_COMBINED,-0.02523842975,-0.0220775645,-0.020987453,-0.020351899,-0.020008849250000002,-0.018517867,-0.01751567975,-0.0162746105,-0.0152379365,-0.014653337249999999,-0.014011245125,-0.013417911625,0.012722770750000001,0.01404194925,0.01537268725,0.0165115255,0.01674563625,0.01797551625,0.019731515,0.0207791875,0.02151668675,0.02271153825,0.02286190325,0.025443787500000002,-0.02123892225,-0.01770671,-0.015374994,0.0157229115,0.018735146,0.022066616
2022-10-06,-0.0061920015,IV_COMBINED,-0.026308035,-0.02304036425,-0.02188828325,-0.02123184125,-0.02085999525,-0.0193596665,-0.018255236,-0.01699024275,-0.01590867825,-0.015297705,-0.01461259725,-0.01396660125,0.0131842425,0.01459054475,0.015988857250000002,0.0171869725,0.01745827425,0.018776891,0.020570752749999997,0.02173338125,0.022494106,0.02379515425,0.02398425475,0.026608581,-0.0221599795,-0.01848042225,-0.01604536325,0.016358534,0.0195576095,0.02307821575
2022-10-07,-0.002131318,IV_COMBINED,-0.030062787,-0.02663137,-0.025227589,-0.0244118245,-0.02385312975,-0.0222724885,-0.020943234499999998,-0.019515637500000002,-0.018276407,-0.017516448,-0.0166310115,-0.015895095249999998,0.01494409,0.01664128775,0.018128556,0.01953398175,0.0200143115,0.0216249065,0.02361039225,0.02509651525,0.02595582925,0.02762510525,0.02787200675,0.030733174,-0.02544632025,-0.02124707125,-0.0183661365,0.01866772775,0.02248173975,0.02665358375
2022-10-10,-0.00831588,IV_COMBINED,-0.0209165085,-0.017774014249999998,-0.017107417,-0.016615508,-0.01653329475,-0.01531200175,-0.014573695250000001,-0.013567247250000001,-0.012742074374999999,-0.01229865275,-0.01174062825,-0.011380246625,0.0108167895,0.011801930375,0.012874800875,0.013951347749999999,0.014093874749999999,0.014963653,0.0163007265,0.01709183425,0.017857639,0.0185720305,0.018653694999999998,0.02095192275,-0.0174302655,-0.014660487,-0.012859755,0.0131776245,0.01557632675,0.01817116375
2022-10-11,0.0054576425,IV_COMBINED,-0.02643059725,-0.0234282625,-0.0221094205,-0.021470669749999997,-0.02099441675,-0.019555533,-0.0182797255,-0.01713521075,-0.0159987975,-0.015414657750000001,-0.01454053875,-0.0139512145,0.013072875375000001,0.014545493375,0.01597434375,0.017155829,0.01745451725,0.018766440250000002,0.02056605925,0.021732882250000002,0.0226913755,0.024025288750000002,0.02421557925,0.026730385750000002,-0.022375896,-0.018615738,-0.016119430875,0.01632265825,0.0195936275,0.023187256
2022-10-12,-0.006702884,IV_COMBINED,-0.02397586325,-0.02095092675,-0.01998376375,-0.0194157465,-0.01909765825,-0.017744753250000002,-0.0167086185,-0.01565683375,-0.01463504225,-0.0141046815,-0.013375995,-0.01286864375,0.012163351999999999,0.013425197125,0.01467473975,0.015855695500000003,0.0160233895,0.01724480825,0.018813523999999998,0.0197981965,0.02060722625,0.02176217125,0.02188626175,0.0242850595,-0.02023698975,-0.01694580125,-0.014750181250000001,0.0150200405,0.017939919,0.0210780535
2022-10-13,0.009060178,IV_COMBINED,-0.03134676375,-0.0281260335,-0.0264988245,-0.025695383750000002,-0.02502608475,-0.0233868105,-0.021771376,-0.0204106725,-0.019047658500000002,-0.018224297,-0.017224211750000003,-0.0164071785,0.015461189,0.017277662,0.01891451325,0.02030898525,0.020851128,0.02248117125,0.02463939,0.026232837749999998,0.02709608125,0.02898642525,0.02930455925,0.032071640250000005,-0.02671621475,-0.02222306825,-0.019130634,0.019428775750000002,0.0234534205,0.02786890125
2022-10-14,-0.00421941,IV_COMBINED,-0.02606693825,-0.023138489,-0.021515331749999998,-0.02122887825,-0.02082627775,-0.0197592235,-0.0185144375,-0.0169856655,-0.015886689750000002,-0.015587841,-0.014788845125,-0.013964516,0.013986366,0.015133724500000001,0.01639718175,0.017532032,0.017924978,0.01929415925,0.02087015775,0.0220098985,0.022514882,0.024122769,0.024482056000000002,0.02667739125,-0.0222039615,-0.01853226975,-0.016217218,0.016862481749999998,0.01994881925,0.02331087675
2022-10-17,0.010638534,IV_COMBINED,-0.02090661875,-0.01798106725,-0.017301784,-0.01669693325,-0.01653013825,-0.01537935925,-0.014636940000000001,-0.013567164,-0.012822057750000001,-0.01224814475,-0.011744243,-0.011390461125,0.010953226,0.0117883495,0.012989196875000001,0.01404877325,0.01414360725,0.014971099875,0.01638953525,0.01727983275,0.01794863475,0.018574010000000002,0.01862251825,0.02080252175,-0.01749882325,-0.014741461249999999,-0.01286587375,0.01325278275,0.015625405250000002,0.01820860925
2022-10-18,-8.636785e-05,IV_COMBINED,-0.02422966675,-0.02146193675,-0.020375908999999998,-0.019644421500000002,-0.019250740750000002,-0.017941067499999998,-0.01684159875,-0.01566143925,-0.01467107325,-0.01403709725,-0.013382804,-0.012797440375,0.012176746125,0.01340295025,0.01481347575,0.015845041,0.01605860725,0.01721575275,0.01889471325,0.019954064,0.020715833,0.021813926,0.021945107,0.02428848425,-0.0205055665,-0.01709821725,-0.014763970000000001,0.015069298750000001,0.01796560825,0.02115964025
2022-10-19,-0.006355765,IV_COMBINED,-0.023524064,-0.020644728,-0.01970979125,-0.018994867749999998,-0.0186673155,-0.0173479995,-0.016375134,-0.01520130125,-0.014256393,-0.0136373455,-0.01304073875,-0.01251861225,0.01189335825,0.01307410475,0.014407248000000001,0.015471761,0.0156470415,0.016786227,0.0183861665,0.019391040749999998,0.020084062,0.02113677425,0.0212706915,0.0235340555,-0.01983579625,-0.01657812375,-0.014349199375,0.01468158375,0.01748559425,0.02053320325
2022-10-20,0.004461418,IV_COMBINED,-0.0238636895,-0.021919187,-0.0212198075,-0.019973934750000002,-0.01931747075,-0.0188516965,-0.017074646,-0.01628560575,-0.014792939750000001,-0.01402659425,-0.0126618285,-0.01208191725,0.013372515875,0.013780907,0.015467485125000001,0.01630446075,0.017087091750000002,0.0181932025,0.01877877775,0.0193862155,0.0204042215,0.021685946,0.023071248250000002,0.02554823375,-0.02078519575,-0.0176449385,-0.014781528499999998,0.01569735575,0.01840989575,0.02143773925
2022-10-24,0.005125515,IV_COMBINED,-0.0236378465,-0.021730002499999998,-0.02097760875,-0.0198479845,-0.01915107325,-0.01861317775,-0.01690186675,-0.016096369,-0.0146865695,-0.01387520875,-0.01251826725,-0.011933058,0.013218431,0.01364995575,0.0152974095,0.01617395125,0.01693332525,0.01801882675,0.01858017775,0.01919543,0.02016002375,0.02139381425,0.02274907975,0.025207394,-0.020596015750000002,-0.01745511775,-0.01460721575,0.01553585975,0.018220019,0.021178421
2022-10-25,0.008552362,IV_COMBINED,-0.02205145825,-0.020217801,-0.019385456,-0.01823911975,-0.017462537,-0.0171031375,-0.015641969749999998,-0.014935447374999999,-0.01380313675,-0.012864242625,-0.01162724525,-0.01103722525,0.012327511999999999,0.01306671175,0.013992270250000001,0.015301517874999998,0.01599309475,0.01693935375,0.0174522925,0.01823832625,0.01924461225,0.020426978,0.021743651,0.02414213425,-0.01901481125,-0.01617382925,-0.01351346,0.014566376125,0.0172226475,0.0201642025
2022-10-26,0.010961162,IV_COMBINED,-0.0212644325,-0.019441492249999998,-0.01868133275,-0.01753096325,-0.0170497565,-0.01652064125,-0.0151388635,-0.014448755249999999,-0.01312762525,-0.012375697750000001,-0.01118495725,-0.010703729875,0.011914322625000001,0.01236106675,0.013689722,0.014499992875,0.015188527,0.01613115975,0.016667213,0.017233804999999998,0.018174142249999997,0.019212722,0.020396282,0.0226260665,-0.018361457499999997,-0.015583443499999999,-0.013046756,0.01396417,0.01633992325,0.01901950125
2022-10-28,-0.013389329,IV_COMBINED,-0.0273953075,-0.02544630725,-0.024510153,-0.02355450825,-0.02263473375,-0.021742795500000002,-0.0197642665,-0.018668481125,-0.01724437775,-0.016178767,-0.0144078965,-0.0137348965,0.014840669,0.0155044855,0.0174076945,0.01861102,0.019468416000000002,0.02086177525,0.02144567775,0.02258637775,0.023483357,0.024585088749999998,0.0261510065,0.02902573975,-0.0241547315,-0.020386015,-0.016946568250000002,0.0177333885,0.02099439525,0.02453843125
2022-10-31,-0.004995494,IV_COMBINED,-0.018817237,-0.017111572749999998,-0.01645612825,-0.01552216075,-0.0149712435,-0.01450630425,-0.0133877955,-0.012785833875,-0.01171089575,-0.011174067375,-0.009973760875000001,-0.009540025125,0.010831994250000001,0.01102861275,0.01243709325,0.013125747875,0.013541295625,0.01415616875,0.01466894275,0.015073041375,0.015727487249999998,0.016757366750000002,0.0177173495,0.01966894125,-0.016185704,-0.013769391625,-0.011595998625,0.012501587250000001,0.01444990375,0.0165711525
2022-11-01,-0.0013844791,IV_COMBINED,-0.0214053515,-0.01962225425,-0.019218115,-0.01810137925,-0.01742348325,-0.0169314665,-0.015579445249999999,-0.01472694325,-0.013553268125,-0.012870185499999999,-0.0113593215,-0.01081963975,0.01200442,0.012322014,0.01391242375,0.01481572375,0.01529599775,0.0161035995,0.0167250575,0.01731021325,0.018031679000000002,0.01878721375,0.0199601925,0.022239835,-0.01869678675,-0.01600184675,-0.01334151125,0.01405198275,0.016345519,0.018853395000000002
2022-11-02,0.0003975695,IV_COMBINED,-0.02075852375,-0.01887951625,-0.01840419225,-0.0173794245,-0.016667605250000002,-0.01617519525,-0.014924063875,-0.01411588475,-0.012985123,-0.01238452975,-0.011051838625,-0.010445996075,0.01155697675,0.01182209725,0.0133861695,0.014274971624999999,0.0147456665,0.01542375625,0.01597087325,0.016605086249999998,0.017288289249999998,0.018140300249999998,0.019060498500000002,0.0212325925,-0.017972052000000002,-0.01532089175,-0.01283468875,0.0134963565,0.01571111375,0.018031467750000002
2022-11-03,-0.011858027,IV_COMBINED,-0.022350684,-0.020232055,-0.019819121250000002,-0.018772200250000003,-0.0182972725,-0.01763071325,-0.016015876249999998,-0.01509319725,-0.013882006249999999,-0.01323256725,-0.0120857155,-0.011432952375,0.01198680325,0.012506545375,0.014029828500000001,0.015201963875000002,0.015700441125,0.0162941745,0.017050416250000002,0.01763840475,0.01838115,0.019246364,0.020034209,0.02252318625,-0.01945658425,-0.016488183,-0.01389502975,0.0142548075,0.016698671749999998,0.01912547275
2022-11-04,0.01393194,IV_COMBINED,-0.023151141,-0.02122726975,-0.020421344,-0.0195083225,-0.0188352915,-0.0183642485,-0.01638250475,-0.0157606515,-0.014581384374999999,-0.01390436,-0.0129604695,-0.01219269175,0.01302029575,0.0134105505,0.014863794999999999,0.015795434,0.0164067905,0.017259843,0.0175869195,0.018410515250000002,0.019282557999999998,0.02019960175,0.02105209175,0.02404364325,-0.020217254,-0.01710202675,-0.01463648475,0.0150576705,0.017449718,0.0200751455
2022-11-07,0.010645564,IV_COMBINED,-0.01733956825,-0.015720052999999998,-0.014948709999999999,-0.013899727,-0.0135654135,-0.0133860025,-0.01258324775,-0.011984521125,-0.01134911875,-0.010901721,-0.009758264675,-0.0093564275,0.009902397,0.0102133035,0.011265431499999999,0.011896977999999999,0.01265678825,0.013124176250000001,0.0138958255,0.01423856425,0.01444404375,0.015484089,0.01625556625,0.01862494575,-0.014782152750000001,-0.01285031975,-0.011077387250000001,0.0115867495,0.0134115715,0.01549178975
2022-11-08,0.0065678246,IV_COMBINED,-0.020011035125,-0.01748591175,-0.01730085825,-0.01616919475,-0.01579362775,-0.01560628,-0.01474320625,-0.0140918625,-0.012860256875,-0.01207208025,-0.01107768,-0.0101115125,0.011626256,0.0118646705,0.0134537245,0.014318363,0.01476538075,0.01576834825,0.016190712,0.01671831475,0.01732534475,0.01813758075,0.01926963475,0.02184842725,-0.0170132105,-0.0149204935,-0.012591883,0.013580149375,0.01583607675,0.018270486
2022-11-09,-0.0038716916,IV_COMBINED,-0.020591615,-0.01788155875,-0.017721616,-0.016539059,-0.016234857999999998,-0.01598274425,-0.015033145500000001,-0.01429731175,-0.013076935500000001,-0.012289408375,-0.0113904065,-0.010319100500000001,0.0117580205,0.012052068749999999,0.013653604,0.014647840749999998,0.015090026749999999,0.016196227,0.01668462825,0.01722773975,0.0176902605,0.0185512675,0.019663180500000002,0.022246748,-0.01744596775,-0.015222351125,-0.01285579425,0.01384766925,0.016233998,0.018702512
2022-11-11,0.02930845,IV_COMBINED,-0.02770622825,-0.024723913,-0.024088548,-0.023028596749999998,-0.022519626,-0.02155637175,-0.0200096715,-0.01883799325,-0.0175733855,-0.016329736499999997,-0.015194984500000001,-0.013876557624999999,0.014684458249999999,0.015448749125,0.017423011250000002,0.01910314675,0.019814370749999997,0.02155015075,0.0222813895,0.0234749455,0.02388767175,0.025182922,0.0266396245,0.0298447405,-0.02390694675,-0.020413193750000003,-0.017159129000000002,0.017930396,0.02158639575,0.02522567475
2022-11-14,0.00038245268,IV_COMBINED,-0.019030440125,-0.01636047975,-0.016275269000000002,-0.01522661225,-0.0149152915,-0.0145180655,-0.013278682,-0.012658757875,-0.011864242,-0.011080465875,-0.01030946175,-0.009630093250000001,0.010470044,0.010803542,0.01197044375,0.012968866999999999,0.013388955,0.01445473475,0.01486886575,0.015390248249999999,0.01600005625,0.016724303250000003,0.01739995975,0.019740010500000002,-0.016010178,-0.0137190035,-0.011639369125,0.01230037025,0.014481145,0.016679828625
2022-11-16,0.0071019856,IV_COMBINED,-0.021873951250000002,-0.01967901175,-0.0193936405,-0.01812609725,-0.01738403575,-0.01682879775,-0.015263276,-0.01459439275,-0.013752940500000001,-0.01279993925,-0.0119756745,-0.011324977,0.011688956375,0.012344697875,0.013387322375,0.0150003985,0.0155034265,0.016562175,0.0171104215,0.01806683525,0.01867306675,0.019636690999999998,0.020450088249999998,0.02294167775,-0.018778378999999998,-0.015966610125,-0.013504756,0.01400696475,0.01676262325,0.019448417750000002
2022-11-17,-0.007184273,IV_COMBINED,-0.02218514525,-0.01956992875,-0.01937494175,-0.01824851575,-0.017389357125,-0.0169229015,-0.015468809625,-0.014725133750000001,-0.0139494765,-0.01298065225,-0.0120540835,-0.011374250749999999,0.01200030225,0.012440794,0.013805069250000001,0.015169659,0.01570724625,0.016909559,0.017318228749999998,0.01840054075,0.0188578225,0.01987422725,0.02082935475,0.02329538175,-0.01886317,-0.016088252249999997,-0.01361140425,0.0142543275,0.016995784,0.0197402665
2022-11-18,0.0033248311,IV_COMBINED,-0.02078844175,-0.017937380750000002,-0.017816704750000002,-0.016738027,-0.01642062575,-0.01593786375,-0.01467597575,-0.013999781999999999,-0.013045511749999999,-0.012160365375,-0.011278311624999999,-0.010514173,0.0114413455,0.011761209625000001,0.013088813500000001,0.01408669125,0.014602996,0.0159686175,0.0163009535,0.017058964500000003,0.01761900525,0.018376155249999998,0.01948992,0.0218591735,-0.0175644675,-0.015095168249999999,-0.012778099625,0.01343906375,0.015867083,0.01846560375
2022-11-21,-0.012017579,IV_COMBINED,-0.01606572525,-0.0149913615,-0.01469129825,-0.01398518175,-0.0135768205,-0.012949483,-0.01189954575,-0.01145885075,-0.010653706125,-0.0102228965,-0.00983021025,-0.009290129,0.00942422375,0.01001221325,0.01057774475,0.01114150275,0.0115388725,0.0125172365,0.013120604125,0.0141619485,0.014729391125,0.01502803825,0.01590023275,0.017971598,-0.0143137145,-0.01233057675,-0.010750313625,0.01093473175,0.0126692505,0.01517675525
2022-11-22,0.004258581,IV_COMBINED,-0.020296349999999998,-0.01876768575,-0.018436592,-0.017653667,-0.0170103755,-0.01621123125,-0.014923032000000001,-0.014175885624999999,-0.01301060475,-0.012689118999999999,-0.012058460625,-0.01136827375,0.01139923775,0.01200178025,0.013046469875000001,0.013531752000000001,0.014286273125,0.01552099,0.016414336499999998,0.017694048,0.01852949225,0.018671452,0.01985067275,0.02255241325,-0.017987862,-0.01535146925,-0.013300593999999999,0.013429619,0.0156849605,0.0190081925
2022-11-24,0.012187788,IV_COMBINED,-0.0187235015,-0.01740093225,-0.01713090525,-0.01633165125,-0.015826649249999998,-0.014968328749999999,-0.013864356125,-0.01315595575,-0.012058361,-0.011770345500000001,-0.011192223749999999,-0.01058325225,0.010633101749999999,0.011198589,0.0121006855,0.0125872655,0.0132833795,0.014456119,0.01521235625,0.016463033000000002,0.01701704925,0.01723844925,0.0183641115,0.020858012000000002,-0.01665021275,-0.0142355815,-0.0123340215,0.012485622,0.01455551475,0.01758291325
2022-11-25,-0.0002546051,IV_COMBINED,-0.019100949,-0.01771902,-0.0174518395,-0.0166808855,-0.016097522,-0.01525794975,-0.0141214845,-0.01336679075,-0.012219446875,-0.011951699625,-0.0113290235,-0.0107174895,0.010707976625,0.0112707465,0.012230626500000001,0.01271479125,0.013457374875,0.01464871675,0.01544438225,0.01674167175,0.017235747750000002,0.01745783725,0.01866979275,0.021054849,-0.016971265875000002,-0.01448350275,-0.01252459075,0.0126222215,0.014744619875,0.0178292895
2022-11-28,-0.00090605515,IV_COMBINED,-0.016095166,-0.015007714375,-0.0146531635,-0.01413251125,-0.013692649250000001,-0.012954698,-0.01196894875,-0.01140929525,-0.01048062825,-0.010219596499999999,-0.009649308875,-0.00922991325,0.00925873875,0.009714687625,0.010358902,0.010851721625,0.011449260499999999,0.012377993,0.013053249999999999,0.01423941125,0.0145272265,0.01477233675,0.01582008675,0.017759188750000002,-0.01437654725,-0.012293346625,-0.0106925625,0.0107669675,0.01250091225,0.01507983225
2022-11-29,-0.003907591,IV_COMBINED,-0.02228069125,-0.02057521025,-0.020224921,-0.019415693249999998,-0.018710794,-0.017762553,-0.016418491,-0.015409352,-0.01404613525,-0.013854741,-0.0130720475,-0.012329574749999999,0.012212834,0.012807708375,0.0141708315,0.01458802725,0.01553749975,0.016890646,0.01796641975,0.019405519,0.02016614,0.02037091525,0.02168795825,0.024384101249999998,-0.019748988250000002,-0.0167722905,-0.014485653499999999,0.014539058125,0.01707070125,0.020722028
2022-11-30,-0.005669235,IV_COMBINED,-0.0222787075,-0.020546679499999998,-0.02029854,-0.019323563000000002,-0.018728236000000002,-0.0177029285,-0.016460504,-0.015458252,-0.01406531125,-0.01390036075,-0.01311774425,-0.0123501525,0.01224760675,0.0129017695,0.01428643625,0.01472626925,0.015651619,0.017086487,0.01807129925,0.019512652749999998,0.0200652105,0.02037850625,0.021800972000000002,0.02437538075,-0.01971602325,-0.016797107,-0.0145058875,0.014631746999999999,0.01718283675,0.02076510175
2022-12-01,0.018164495,IV_COMBINED,-0.022127946500000002,-0.020351393500000002,-0.0201214875,-0.0192023805,-0.01863337375,-0.017569368000000002,-0.016322107750000002,-0.01536828675,-0.01401109575,-0.01379628125,-0.01309130275,-0.012310263,0.012210633625,0.01284884825,0.0142192225,0.01467760075,0.015602442625,0.0169707905,0.01797727875,0.01934318725,0.01996728875,0.0203556295,0.02161597925,0.02434664275,-0.019576892499999998,-0.01667846875,-0.014427100375,0.0145716855,0.01711674825,0.0206500745
2022-12-02,-0.0013167564,IV_COMBINED,-0.02841896025,-0.026066543,-0.025796296,-0.024456191250000002,-0.02376831225,-0.02241904475,-0.02081193875,-0.019453144,-0.01768098675,-0.0175015075,-0.016624168,-0.015502262,0.015353319,0.01618915925,0.01823663475,0.01866915725,0.01993268975,0.0217117795,0.0230029135,0.02466754125,0.02577967125,0.0263576885,0.027686257,0.03118657025,-0.025025810250000002,-0.0212322815,-0.018300025249999997,0.01854294375,0.021934846,0.0264645905
2022-12-05,0.0049384227,IV_COMBINED,-0.0179470045,-0.017076066,-0.0166125185,-0.01569769575,-0.01513795075,-0.0144420495,-0.013383315375,-0.01291263275,-0.011762994875,-0.011447835375,-0.010858293500000001,-0.010214226875,0.010187756,0.01090300175,0.011929379125,0.01252684575,0.012945996625,0.01394805675,0.01496771075,0.01587760825,0.0162236425,0.01663380675,0.017747738,0.0196868325,-0.016060152375,-0.013822702499999999,-0.011975008,0.012186769,0.0142044825,0.016900705749999998
2022-12-06,-0.0024447332,IV_COMBINED,-0.020464017,-0.01906771875,-0.01874626775,-0.01800360575,-0.017289330500000002,-0.01642994975,-0.0151999165,-0.0144972005,-0.01323123025,-0.012949946875,-0.012313794874999999,-0.01151322275,0.011481858000000001,0.0121522235,0.01330829825,0.01379348925,0.0145399755,0.0157300385,0.01678626575,0.01798693725,0.0187046805,0.018968779749999998,0.0201681025,0.0227159685,-0.0182509245,-0.01562091325,-0.013540823,0.013653724499999999,0.01596370975,0.01927239125
2022-12-07,0.0004237379,IV_COMBINED,-0.02091778175,-0.01940855575,-0.01911375975,-0.018194923,-0.0176507355,-0.01670007275,-0.015480044500000002,-0.014716101375,-0.013447479125,-0.01320542825,-0.012543573124999999,-0.011774293750000001,0.011797486875,0.01245358425,0.013685566625,0.014170473375,0.01487760025,0.01617005325,0.017133057,0.018429893750000002,0.019125001750000002,0.019407479999999998,0.02065796525,0.02319021125,-0.01857441375,-0.01589149175,-0.01378789375,0.0139894595,0.0163517325,0.01970722525
2022-12-08,0.0039099017,IV_COMBINED,-0.019397668,-0.01806569625,-0.017790026,-0.016907995250000002,-0.016448732,-0.0155441775,-0.014405007125,-0.01370517775,-0.012548187125,-0.012250764875,-0.011690352000000001,-0.010978951125,0.01106611825,0.01166448725,0.0127094795,0.0132210845,0.01384143725,0.01504506275,0.01586352425,0.017098748,0.01775962925,0.017999998750000003,0.019163012,0.02155956975,-0.01727285375,-0.014798514625,-0.012833885,0.013029009625,0.015194221,0.018288897000000002
2022-12-09,-0.00041496876,IV_COMBINED,-0.019400281749999998,-0.018035785,-0.01770060725,-0.016886533250000002,-0.0165375815,-0.0155716885,-0.014430211,-0.01369546975,-0.012534592,-0.0122734825,-0.011701530625,-0.01103615975,0.011068223,0.0116293445,0.012699035000000001,0.0131886355,0.0138349545,0.014979601,0.015867217250000003,0.0171531375,0.0177857205,0.0180482675,0.0192139505,0.02158948175,-0.01728637375,-0.014786513250000001,-0.012855666125,0.013019755125,0.015183736,0.01832190175
2022-12-12,-0.0016212133,IV_COMBINED,-0.016211216,-0.015172055,-0.014793695749999999,-0.014207448,-0.013933441250000001,-0.01314645025,-0.012149663500000001,-0.01158662125,-0.0106595375,-0.010329295375,-0.009878048,-0.009368702,0.009435533,0.0099300585,0.01061372825,0.011144458749999999,0.0116301505,0.01253475275,0.0132231475,0.014432091250000001,0.014863498375,0.015068936375000001,0.0161474855,0.017966548,-0.014534122,-0.012467193375000001,-0.010861823625,0.010966524,0.012720289,0.015326555
2022-12-13,0.010720384,IV_COMBINED,-0.030976293499999998,-0.028738037,-0.028270513,-0.02690587975,-0.0260725255,-0.02489989075,-0.02291418075,-0.02113328225,-0.01937356125,-0.0191140185,-0.018180751250000002,-0.01706197475,0.016599744,0.01752828275,0.02010266075,0.020411679000000002,0.02142276475,0.02347257525,0.025160451,0.0271237145,0.02835253725,0.028627535500000002,0.0304776225,0.03399543925,-0.02751852675,-0.023318287,-0.02007798325,0.020162780749999998,0.02381900025,0.02902195425
2022-12-14,0.00093731395,IV_COMBINED,-0.016441833,-0.01550183375,-0.015300332,-0.01440356675,-0.01415586425,-0.013283075,-0.012405278374999999,-0.011766418,-0.010810235500000001,-0.010505067375,-0.0100359835,-0.009454938125,0.0094647375,0.01008941775,0.01084532075,0.011410384625,0.011866685,0.012920594625,0.01350061275,0.01470086875,0.01487355075,0.01520004425,0.01643283475,0.018114332,-0.014757234749999999,-0.01271306775,-0.011009096375,0.0111533545,0.012979665,0.0155244405
2022-12-15,0.00012209151,IV_COMBINED,-0.02268143525,-0.0211259375,-0.02083027,-0.019941244,-0.01922922725,-0.018193682,-0.0168704565,-0.01576350075,-0.0144000115,-0.01419486275,-0.0134520075,-0.012565407875,0.01229122625,0.0130548335,0.014460175,0.01490154525,0.015907208,0.01725958675,0.018302661249999998,0.01979758675,0.0205509095,0.02078520025,0.02227394125,0.02478880025,-0.0202343055,-0.0172115845,-0.014833892125,0.014803221,0.01743124025,0.02114278025
2022-12-16,-0.0030049612,IV_COMBINED,-0.01874083325,-0.017687278,-0.01751080725,-0.01649598,-0.0158783865,-0.01511418025,-0.014067362875,-0.013385026749999999,-0.012104428625,-0.01186740025,-0.0112385305,-0.01051786075,0.010474132375,0.011213241625,0.01218020875,0.01268905275,0.013354063,0.0145983485,0.0153117315,0.01658652875,0.01694997875,0.01718729025,0.01861048825,0.020580715,-0.01678333125,-0.014436361375,-0.012424599625000001,0.012506676,0.01462809775,0.017607888500000002
2022-12-19,-0.0034581623,IV_COMBINED,-0.01452160625,-0.01374365775,-0.0134370095,-0.013000561375,-0.01246223825,-0.011883489,-0.01098952475,-0.010518588,-0.009713169,-0.009367310875,-0.008927414750000001,-0.0084108705,0.008471376175,0.009002119624999999,0.009453501375,0.0099920075,0.0104727455,0.011345615,0.011816700749999999,0.01294820225,0.013233247,0.013447137,0.014434657375,0.01617901025,-0.0131223105,-0.011308355625,-0.00982153475,0.0098432885,0.011414841,0.013722363500000001
2022-12-20,0.00568101,IV_COMBINED,-0.01656643625,-0.015755545000000003,-0.015374672375,-0.014866585625,-0.014221296250000001,-0.0134706595,-0.012532276625,-0.01185993175,-0.010820671,-0.0105967655,-0.009957789,-0.00942573275,0.009379525750000001,0.009925264,0.010635166750000001,0.0111321965,0.01179136425,0.012792943000000001,0.01343178225,0.01470250075,0.01512889175,0.01520600075,0.01637272125,0.01839430725,-0.01497610475,-0.01281164225,-0.0110621755,0.011032620625,0.0128708575,0.01560604075
2022-12-21,-0.0023029153,IV_COMBINED,-0.0158305025,-0.01378437,-0.013017442,-0.012753803250000001,-0.01220716925,-0.01179872725,-0.010746664375,-0.009928456,-0.00961290075,-0.0091449005,-0.008349263249999999,-0.00809504975,0.00825079535,0.00905698,0.00949712775,0.010026478125,0.010195795,0.010991180625,0.01172344625,0.012352555125,0.01325540075,0.01384517975,0.014793254125,0.01694810325,-0.0132749145,-0.011020838125,-0.009463279125,0.00974482875,0.011356416125000001,0.01381455225
2022-12-22,-0.0013078937,IV_COMBINED,-0.015140497749999999,-0.01319948675,-0.012490960125,-0.012213733875,-0.01167025175,-0.0112944785,-0.01033219125,-0.00952727725,-0.009223187,-0.008802996625,-0.007973520849999999,-0.0077629181,0.007832497800000001,0.00868184925,0.009082958,0.009556465,0.009724601999999999,0.0104944795,0.01118426675,0.0117812605,0.01261021175,0.0131889565,0.014161765,0.01612133675,-0.01270369,-0.01057361925,-0.00907223825,0.0093012345,0.010829754,0.01317176825
2022-12-23,0.001119474,IV_COMBINED,-0.015434313249999998,-0.01345567125,-0.012722147,-0.012469116,-0.01190624225,-0.01153056,-0.01049545825,-0.009684106250000001,-0.009353781625,-0.008889335,-0.00809923325,-0.007875833924999999,0.007951212400000001,0.00876671125,0.00918352625,0.009687976875,0.009859287,0.010680334,0.0113334215,0.011951933000000001,0.012869476500000001,0.013455286,0.0144111835,0.0164209535,-0.01295917975,-0.01075721075,-0.009215813375,0.009418831749999999,0.011003261125,0.013397393875
2022-12-27,0.0033814402,IV_COMBINED,-0.01199952275,-0.0105237535,-0.0099835145,-0.0096027615,-0.009200894,-0.008880575,-0.008252502424999999,-0.007683754375000001,-0.0075261619999999994,-0.007217168875,-0.00642660415,-0.00627696785,0.006371035075,0.007116524025,0.0074634166500000005,0.007739682350000001,0.00784356965,0.00823696635,0.008833863375,0.0093769185,0.00986300075,0.0104111575,0.011281988625,0.0127377875,-0.01004150125,-0.008465302,-0.007297014075,0.007525681525,0.00861304775,0.010418711875
2022-12-28,-0.0028586627,IV_COMBINED,-0.015077753749999999,-0.01326011225,-0.012498363375,-0.012229603,-0.0116526525,-0.011320687125,-0.0102878995,-0.009459250875,-0.00911752,-0.008658073625,-0.00789140675,-0.0076676347,0.00766225245,0.00852454325,0.0089501415,0.0094197115,0.00959133475,0.01044581375,0.01104003275,0.01163236275,0.012548933125,0.013102240875,0.014197696499999999,0.01606555725,-0.012708161749999999,-0.01053674425,-0.008999410499999999,0.00915366075,0.010719827,0.01309691625
2022-12-29,0.004533387,IV_COMBINED,-0.01513095525,-0.0133971725,-0.0126888345,-0.012426688,-0.0118171235,-0.0114671265,-0.010406604,-0.00959046675,-0.00923452225,-0.0087885065,-0.0080366085,-0.0077744865,0.0078098045,0.00865204315,0.009093839,0.009537519500000001,0.009713010000000001,0.0105568845,0.011174781,0.011790622,0.01270949625,0.01329091325,0.0142462525,0.01621691425,-0.01284781325,-0.010677510500000001,-0.00913143875,0.009288695750000001,0.010854622000000001,0.013227613
