date,TrueY,VERSION,Quantile_0.010,ES_0.010,Quantile_0.025,ES_0.025,Quantile_0.050,ES_0.050,Quantile_0.950,ES_0.950,Quantile_0.975,ES_0.975,Quantile_0.990,ES_0.990
2016-02-08,0.0002557389861099,IV,-0.0114173356428239,-0.013071658060908,-0.009911720366508,-0.0118130050321016,-0.008221646771889,-0.0101994124906085,0.0081048976660688,0.0100679603497072,0.0099084022451262,0.0117998999484078,0.0127689932874622,0.0139807421735956
2016-02-09,0.0145717525728892,IV,-0.017503630348758,-0.020464381962687,-0.0144620891556805,-0.0178313518780419,-0.0123382097196991,-0.0153568508618872,0.0113792569143128,0.0154504084770272,0.0136710434525599,0.0182338477732949,0.0179510344581434,0.0208205418617549
2016-02-10,-0.0099795994879064,IV,-0.0190651896181588,-0.0210378885862801,-0.0157564764775762,-0.0190571042909718,-0.0135815374270582,-0.0172960834068144,0.0122448217201917,0.0167451209122317,0.0152284420052703,0.0201833257768051,0.0196850903737091,0.0217055705007038
2016-02-11,0.0129506352001288,IV,-0.0187369222578158,-0.0213028143390473,-0.0156615986084018,-0.0186975114202227,-0.0131578932222219,-0.0166358348827869,0.0125234433582967,0.0161311303176497,0.0147504680258687,0.0202939142442329,0.0190495311629405,0.0206058232393792
2016-02-12,-0.0086595576526313,IV,-0.0201030146030471,-0.0244122570704097,-0.0164135299487099,-0.0193769842170897,-0.0140204855295026,-0.0169911940242402,0.0134478843318465,0.017494805941735,0.0163895375293873,0.0211392715231461,0.0206395717292036,0.0230072544860968
2016-02-15,-0.0090290387066924,IV,-0.01261118366924,-0.0143437825279008,-0.0106403106919597,-0.0131798746343582,-0.0089880077701375,-0.0110086193972935,0.0100011877161994,0.0127521697910897,0.0116112398673699,0.0138449496966818,0.0141021945434723,0.015912656293681
2016-02-16,-8.30079385231164e-05,IV,-0.0145283487666964,-0.0172200793028416,-0.0126466777449345,-0.0160757562724393,-0.01026042352378,-0.0127406692789029,0.0104122926253446,0.0134120103344419,0.0121304299767506,0.0156236033338542,0.0152723086768627,0.0209279546766859
2016-02-17,-0.0010348122043583,IV,-0.0149773505485247,-0.0190764674254585,-0.0124049164331752,-0.0149113994053072,-0.010457053261062,-0.0130710282828116,0.010647432900316,0.0135585619640085,0.0122601781767071,0.014933035578692,0.015626924615515,0.0168198131186801
2016-02-18,-0.002745978621941,IV,-0.0145901672058384,-0.0220382954416287,-0.0126978588459353,-0.0144813942987843,-0.0103102752828192,-0.0134219704327465,0.0106058330063672,0.0142809484503831,0.0118077132225427,0.0147215994438177,0.0154706323197208,0.0164690560563896
2016-02-19,0.0004503084689053,IV,-0.0142001504697266,-0.0170706396597879,-0.0124290340301626,-0.0146746156979543,-0.0100896653661814,-0.0121065845305443,0.0104161882534075,0.0119459598809432,0.0113353046000405,0.0144753228564319,0.0148111817545208,0.0154525314291602
2016-02-22,-0.007156829506713,IV,-0.010897437048581,-0.0136575184112697,-0.0094267403549852,-0.0107371299297106,-0.0077369082877771,-0.0099560856474547,0.009085323741346,0.0113495433400987,0.0097370807556278,0.0115201814791947,0.0121340270044273,0.0145824794201041
2016-02-23,-0.0002721014410954,IV,-0.0139423223024178,-0.0158376949258542,-0.011996169521747,-0.0150217195015735,-0.0098090909156557,-0.0127210218504064,0.0104405801310714,0.0118578359338674,0.0116355880270012,0.0144719769083453,0.0147327606784601,0.0166636952338991
2016-02-24,0.0001541999068785,IV,-0.0123079859278846,-0.0132588798695962,-0.010655331134359,-0.0118413263130831,-0.0086669248605103,-0.0110274112792372,0.0094142407492342,0.0123739450792251,0.0100652451771246,0.0127043513067768,0.0134179235729225,0.0162296876745634
2016-02-25,0.000852205813938,IV,-0.0142256301948729,-0.0164082776828467,-0.0120310008025558,-0.0137865016382352,-0.0100468481484967,-0.0133381609041304,0.0104410049751793,0.0127720230857699,0.0113805110418145,0.0140166467068688,0.0150039531075968,0.0164156488486925
2016-02-26,-0.009908555180459,IV,-0.0134809546957521,-0.0154045363438317,-0.0118076846705889,-0.0138104292121912,-0.0093795255926087,-0.0126539924155673,0.0095767348556451,0.012398448184658,0.010840066629638,0.0137083265469213,0.0138926826467116,0.0169985670062588
2016-02-29,-0.0057366711247065,IV,-0.0118893897484853,-0.0130905374471009,-0.0100878744992344,-0.0127207946245501,-0.008635947715785,-0.0109849438517932,0.009420257507563,0.0106060135135587,0.0110517775798664,0.0130355062698152,0.0134727870549788,0.016019836883954
2016-03-01,-0.0003912912430609,IV,-0.0148090846071307,-0.0162095140387991,-0.0121569754066286,-0.0142450820528937,-0.0104792663668713,-0.0129947729584087,0.0107472392014027,0.0135327037248487,0.0123254133074377,0.015169328979353,0.0159279081367826,0.0178894776333647
2016-03-02,-0.0029026325035861,IV,-0.013041124720771,-0.0140377250147884,-0.0108904801706984,-0.0135004853766604,-0.0093198306811605,-0.0110332956998195,0.0096521426736389,0.0120405386808004,0.011062227893407,0.0132260010428357,0.0139226765373246,0.0148822240032071
2016-03-03,0.0095704405252106,IV,-0.0137284669746621,-0.01546145479053,-0.0114665052820214,-0.0141556503465636,-0.0098224554184791,-0.0121029204092003,0.0099412862651373,0.0127500362127029,0.0114497076399311,0.0142479739857193,0.0147242296469445,0.0165511793070366
2016-03-04,0.0069825174537318,IV,-0.0219786057590363,-0.0272493467321305,-0.0176542457696406,-0.022350223290599,-0.0154072373459912,-0.0190108981248311,0.0142138339079909,0.018904752410678,0.0180525657323356,0.0224406075791553,0.0221292960672052,0.0234825767744956
2016-03-07,-0.0022416691399907,IV,-0.0159057137855269,-0.0182028145618593,-0.0129139431523709,-0.0151697475148334,-0.0113036875854331,-0.0158461771933355,0.0118317901418069,0.0169901982967152,0.015408306815874,0.0177510302561006,0.0181514083523614,0.0195229134763898
2016-03-08,0.0066444221333243,IV,-0.0182946426516261,-0.0188997320645538,-0.0143021202818681,-0.0179243121436898,-0.0125967960797481,-0.0143357999582448,0.0130976684784549,0.0177501594949277,0.0168929115962927,0.0204188103482667,0.0200393698124363,0.0236053430432847
2016-03-09,-0.004561732255959,IV,-0.018521831372751,-0.0176556806674006,-0.0148905985466994,-0.0186602492758682,-0.0130649575738217,-0.0152531913325548,0.013114768563611,0.0174281170216019,0.0168085514160333,0.0222303486271735,0.0206593942779588,0.0248238315511327
2016-03-11,0.0136837330604408,IV,-0.0276629078528229,-0.0307603602509877,-0.021844719292001,-0.0265883121434625,-0.0193404432644266,-0.0236746788145743,0.0168310982425977,0.0239344408093637,0.0217263624606825,0.0315115494185993,0.0276810601144665,0.032932534690589
2016-03-14,-0.004680020578913,IV,-0.0130953041977199,-0.0130424351773047,-0.0108275212012081,-0.0129643366264939,-0.0092309247171331,-0.0115923222543819,0.0095185133291228,0.0114687275306444,0.0120831079551581,0.0150002900684409,0.0146812152927685,0.0210150975647429
2016-03-15,0.0004950873930357,IV,-0.014728283161509,-0.0167943865945492,-0.0122076115106716,-0.0147470291262193,-0.010409436547793,-0.013238735194135,0.009648446661131,0.0131169421014268,0.0122389057715951,0.015940037952285,0.0154300036227184,0.018163629870939
2016-03-18,0.016055764446832,IV,-0.0157110154849037,-0.0183902990262356,-0.0130601517842029,-0.0158448274436428,-0.0110928755624129,-0.0133523179874869,0.0100601810310658,0.0136879121640238,0.0125425543593145,0.0162342520726282,0.0162667725495498,0.018666658456475
2016-03-21,-0.0028446115160122,IV,-0.0097475671107658,-0.011449155103506,-0.0085758875476451,-0.0113091402992043,-0.0070133110838349,-0.0091731876114947,0.006695806258708,0.0083589296027153,0.0083215861125104,0.0097488751418915,0.0107842728878935,0.011367418581193
2016-03-22,-0.0028705398245136,IV,-0.0114354525734913,-0.0144857599482344,-0.0101754834060591,-0.0121474380948473,-0.0081689935955114,-0.011046082478575,0.0074226573742742,0.0097815242410724,0.0083749270946553,0.0114406666137899,0.011884071041629,0.0119224966471653
2016-03-23,-0.0046937388160407,IV,-0.0114416971993017,-0.0156037050112175,-0.0099650574008363,-0.0122518478981809,-0.0081233962231243,-0.0106605567716162,0.0074019610890411,0.0094571863229866,0.0082407248962539,0.0095752547140439,0.0117508151547151,0.0125922126150944
2016-03-24,-0.0010990549458566,IV,-0.0112559201377439,-0.0135079992009978,-0.009992571044612,-0.0122179810894582,-0.0081073849124039,-0.0109403912273879,0.0073971213837441,0.0103084118399039,0.0080763941287536,0.0100845583957004,0.0114748448754518,0.0126278284402363
2016-03-29,0.0035703105550486,IV,-0.010837274221489,-0.0132950286187619,-0.0094677466447988,-0.0116507357121929,-0.0077556567451271,-0.0103939610285147,0.0071847550503721,0.0093422068874709,0.0081868805200225,0.0102835327905092,0.0113646120791256,0.0121228797661018
2016-03-30,0.0112796206562133,IV,-0.0128528338762955,-0.0150422825065879,-0.0109201701374225,-0.0131067628946805,-0.0090767667009179,-0.0115836302536638,0.0082216356814097,0.0110474879219619,0.0102199824216091,0.0128165522876586,0.0133113624716133,0.0141570083587816
2016-03-31,0.0052863016302368,IV,-0.0132596618408708,-0.0153933890541582,-0.0112093395096485,-0.0136020570329603,-0.0093791367049916,-0.0118776710070964,0.0084529341981101,0.0112489015182481,0.0106913017471488,0.0135270072197627,0.0137013776906161,0.0150965332291621
2016-04-01,-0.0004303096100087,IV,-0.0181110528532551,-0.0210233808386843,-0.0148751628282528,-0.0178844916962796,-0.0126495612574927,-0.0152850841359478,0.0105820821627384,0.0143958941025434,0.0138133505362584,0.0181967900971175,0.0178419325999915,0.0213183293604337
2016-04-04,7.90503419340061e-05,IV,-0.0092554973657196,-0.0114352595537558,-0.0081752743383449,-0.0107649668217782,-0.0066851122571833,-0.0085736286320303,0.0066159018506022,0.008277345048554,0.0077240818841144,0.0095926982215222,0.0103402804304172,0.011274696640554
2016-04-05,-0.0006743244107252,IV,-0.0106909048786606,-0.0121360908682785,-0.0093983470322422,-0.0113143972395116,-0.0076006278206585,-0.0098514985061262,0.0071710187252803,0.0092408711112805,0.0083904400068604,0.0110859239323764,0.0111562173790852,0.0122160764891428
2016-04-06,0.0044220357922714,IV,-0.0122669261479087,-0.0145404025388621,-0.0105873260186717,-0.0127135476118021,-0.0086772114983468,-0.0113214275511154,0.0079019023307355,0.0099123554095453,0.0093912517502486,0.0123554142120968,0.0125040407888841,0.013228166075268
2016-04-07,-0.0037213626561642,IV,-0.0124768064468758,-0.0143143207769643,-0.0105211855254104,-0.0131799150261585,-0.0087743238874647,-0.0114842688196514,0.0081433300155255,0.0107409731146249,0.0096397293165454,0.0120822879073769,0.0127532505860713,0.0139032881433573
2016-04-08,0.0016476112820543,IV,-0.0135565927749312,-0.0159148631945719,-0.0114205854756703,-0.0138396240313025,-0.0095339518520479,-0.0121003702622892,0.0088628351877531,0.0117198065900837,0.0109267340406313,0.0134709470251044,0.0140614540714177,0.0157176210727313
2016-04-11,0.0005610159795632,IV,-0.0092986851771122,-0.0116472437094636,-0.0082351026665641,-0.0098602991349972,-0.0066857772068008,-0.0084979580893891,0.0067932893118195,0.0089661292230391,0.0076456002884529,0.0094497964747779,0.0103741243252536,0.0112257982478997
2016-04-12,-0.0014053244588778,IV,-0.0120417988441628,-0.0132538039909523,-0.0103311363978424,-0.0121993181395514,-0.0085211450722063,-0.010970473078455,0.0079429984341593,0.0105698646308995,0.0094342938507013,0.0120068581335647,0.0123502993214901,0.0142516049057659
2016-04-13,-0.0101322904434798,IV,-0.0127910122999724,-0.0156714275800193,-0.0109220288837311,-0.0136153283501239,-0.0090167770316513,-0.0113887881080602,0.0081663123475183,0.0109606723574835,0.009879511147403,0.0122830736540333,0.0130424457771952,0.0140825133797357
2016-04-14,-0.0015681371995099,IV,-0.0130495724913906,-0.0153510788513478,-0.0110856807252146,-0.013559932970939,-0.0092306835117837,-0.0116670749943028,0.0082712181578448,0.0111850212308724,0.0100398525390686,0.0128153712869596,0.0130016566861362,0.0152255833902217
2016-04-15,0.0027708524239453,IV,-0.0137787292712366,-0.0164577314808347,-0.0116088463939629,-0.0142084411735677,-0.0096511550606659,-0.0117017512194558,0.0089267032362622,0.011867087942103,0.0119148948702545,0.0145245952466776,0.0146448439277089,0.0169839153657378
2016-04-18,0.0025159248235942,IV,-0.0100697520237731,-0.0106336294713265,-0.008915348046669,-0.0100623232075433,-0.0071393814644207,-0.0094202659164814,0.0072190429657885,0.0094155511629752,0.009224857285488,0.0113356435543905,0.0117419724925376,0.0136434447890348
2016-04-19,0.0046745424354832,IV,-0.0120300535201841,-0.0136973259521341,-0.0101472491175352,-0.0125934144023468,-0.0085583104935675,-0.0107837919333522,0.0078143192330228,0.0103776465564437,0.0099997016467808,0.0125376678745819,0.0127585043444304,0.0139993575451103
2016-04-20,-0.0041094409670746,IV,-0.0125568392208762,-0.0151548589544799,-0.0107369407451496,-0.0127430229322872,-0.0088423785116431,-0.0112985110765965,0.0078439130112366,0.0107883179891633,0.0100520284146095,0.0125447288774143,0.0129806926077765,0.0136976844067296
2016-04-22,-0.0079784445814723,IV,-0.0172817357777716,-0.021977238968828,-0.0143089184765759,-0.017227221696738,-0.0120561110767011,-0.0157296913740243,0.0096920799710237,0.0138057016629722,0.0129145492991042,0.0164977829122752,0.016726662804107,0.0187901488792784
2016-04-25,0.0030606466792847,IV,-0.0097160456159121,-0.0104988541591867,-0.0086210143712497,-0.0098980745872354,-0.0069204717037806,-0.0085274434276863,0.0065396985140822,0.0087312397311547,0.0082739939335648,0.0105678946032854,0.0106400850267181,0.0113456414930057
2016-04-26,0.0038933162355876,IV,-0.0118494545114578,-0.0133002736703771,-0.0102789845393725,-0.01229170158122,-0.0084126982620472,-0.0108623498654084,0.0074574345870873,0.0100718928109498,0.0095409953749823,0.0119273833622179,0.0121783278837386,0.0145010563860668
2016-04-27,0.0004770444536875,IV,-0.0124100893480419,-0.0135530191257104,-0.0106662739158267,-0.0130127735987044,-0.0086685584292755,-0.0110998361307805,0.0076637392074733,0.0105166104331682,0.0099215244724485,0.0122934011157643,0.0130178971892209,0.0139626892584334
2016-04-28,0.0001589642598704,IV,-0.012892606141846,-0.0152337318114457,-0.0110286208466224,-0.0134775800313663,-0.0090169013080665,-0.01180665649588,0.007609069422755,0.0105856325664631,0.0098681694728355,0.0122616851806869,0.0129078005282974,0.0133985854535193
2016-04-29,0.0102307738220157,IV,-0.011198913250739,-0.0135997279308664,-0.0098070759600147,-0.0124130795553957,-0.0079198696036745,-0.009806138904862,0.0066451954294875,0.009179360027398,0.0084175289547053,0.0107057319166588,0.011395887638728,0.012591103569872
2016-05-02,0.0065124674491193,IV,-0.0097696858483201,-0.010604152291648,-0.0083812703597109,-0.0104226815999867,-0.0068996857406301,-0.0085316503072914,0.0065610019061959,0.0093553714044376,0.0087109845731694,0.0106855164062805,0.0107840122720047,0.0118237347158883
2016-05-03,-0.0007427597557216,IV,-0.0142243695503817,-0.0168817226313015,-0.0118940380491562,-0.0145368659434901,-0.0099941494469672,-0.0125846112922194,0.009083393113801,0.0125490362182526,0.011795058344145,0.0147176753049633,0.0147122092870537,0.0168676811047362
2016-05-04,-0.0018571399736249,IV,-0.014867025303019,-0.0167889786349256,-0.0123729797030143,-0.0150831425248527,-0.0103900848359226,-0.0132230150292035,0.0094714470650886,0.0132502129147344,0.012205486547334,0.0152636549458283,0.0153239229503263,0.0172957254850553
2016-05-05,-0.0072154688020813,IV,-0.0135523523401244,-0.0157923574099225,-0.011342949773786,-0.0140278055151993,-0.0095268128803872,-0.011997240434131,0.0088479895056671,0.0120234346177852,0.011251495831737,0.0140145781310411,0.0141632934485773,0.0159229023379142
2016-05-06,0.0014568974609997,IV,-0.0174569113912239,-0.0218389517644559,-0.01434666427814,-0.017530320582686,-0.0120262680083314,-0.0153588557377268,0.0104450433655657,0.014281696329422,0.0136210943761519,0.0176675816854646,0.0172971928795315,0.0193261541790142
2016-05-09,-0.0015511759619538,IV,-0.0089974977243605,-0.0101108806613788,-0.0080242564979207,-0.0094297559713813,-0.0065461608389187,-0.0081204241024891,0.0064400807383078,0.0081335027283628,0.0073769573991088,0.009104495190745,0.0100112785149574,0.0102562955788274
2016-05-10,-0.0014811192945844,IV,-0.0105084812389995,-0.0136063771384739,-0.0091486579563627,-0.0112513403693705,-0.0075226863588822,-0.0096440676750306,0.0068645725242374,0.0086888601539993,0.0079830374195347,0.0098268915830513,0.0110192393398327,0.0106889043225034
2016-05-11,0.0052103926886608,IV,-0.0106715359091717,-0.0130210916982203,-0.0093225017404885,-0.0119211320893273,-0.0075307827220106,-0.010175373754838,0.0068404672163572,0.0089345429745922,0.0080348098103035,0.0102284195281877,0.0108342686882185,0.0116632230551755
2016-05-12,-0.0056276962984629,IV,-0.0104488011236469,-0.0125320438364239,-0.0091604311195951,-0.0114889128133969,-0.0074153992044982,-0.0095914461464736,0.0066369068415757,0.0088756586814999,0.0079928702877914,0.0100337480848034,0.0106462920035385,0.0113177472984501
2016-05-16,-0.0046261464818947,IV,-0.0100882272931464,-0.0120519843236731,-0.0088747408307507,-0.010795908912493,-0.0071637505049134,-0.0095136457106151,0.0062753559366177,0.0081878908722446,0.0076780594157245,0.0096707595536786,0.0102768653156619,0.0118112229131971
2016-05-17,0.0007809656573508,IV,-0.0107419847341068,-0.0136804993848626,-0.0092622169949871,-0.0114170777344766,-0.007661166840584,-0.0099860183387319,0.0070386759469911,0.008910186018321,0.0080401454071495,0.0106709137913668,0.01083929146985,0.0132772905134055
2016-05-19,-0.0109091507217855,IV,-0.0099146525839182,-0.0116589781283951,-0.0086627793441983,-0.0103810732910473,-0.0071342649962374,-0.0091145102123433,0.0065772469967008,0.0082593308265168,0.0075044439313689,0.0093595112665669,0.0103933324413728,0.0100810431684638
2016-05-20,-0.000611054757475,IV,-0.0118504267297828,-0.0134684730415871,-0.0103638430458919,-0.0123768777222097,-0.008398979864055,-0.0111894547724523,0.0075763939756551,0.0097677591242569,0.0088973654950767,0.0116332120190166,0.0122621518558998,0.0126836763330342
2016-05-23,-0.0013304464314895,IV,-0.008234067164081,-0.0096405669071767,-0.0075597663845334,-0.0091192690026808,-0.0060438997097718,-0.0079286135432222,0.005984573914726,0.0086535088181321,0.0063080320951402,0.0078148775422445,0.0087978275425555,0.0078062206293505
2016-05-24,-0.0042868609205435,IV,-0.0103513207570159,-0.0127329850077718,-0.0094000974410892,-0.0114170660251779,-0.0073691610626416,-0.0095813241181506,0.0068295925055754,0.0089566016548079,0.0075536409519774,0.0095009266124987,0.010696326510486,0.0100587590325875
2016-05-25,0.0008005642499124,IV,-0.0108217477528134,-0.0135799633168847,-0.0096036926255202,-0.0122288277755862,-0.0075696619449916,-0.0093136479012572,0.0070035139176323,0.0088901256039129,0.0077910424920289,0.0094176070655371,0.0106371476094348,0.0117970720901953
2016-05-26,0.002708639524593,IV,-0.0100164789033049,-0.0131971740755957,-0.0091519009285074,-0.0116903626015323,-0.0072906572309074,-0.0102661496543523,0.006584567950064,0.0084763971532697,0.0072724235241448,0.0086893143815338,0.0104913337231227,0.010031894239588
2016-05-27,-0.0039220699466611,IV,-0.0107500410890638,-0.0129132296798436,-0.0093556364810464,-0.0114003010297775,-0.007618670351267,-0.010169917438127,0.0073757775782557,0.0093514780298104,0.0086644841269722,0.0099758739587085,0.0114646226209791,0.0124877641179761
2016-05-30,-0.0001907837965252,IV,-0.0086761286701793,-0.0092980063314227,-0.0075489170602335,-0.0099382143903029,-0.0063595252295858,-0.0079630977479138,0.0066466087121438,0.0081213534878188,0.007733702944772,0.0093481023369322,0.0098527037071142,0.0110253795286628
2016-05-31,-0.0002514412987618,IV,-0.011493716234114,-0.0134270010994728,-0.0097748598238186,-0.0122877094506965,-0.0081774267059823,-0.010384150815794,0.0080019880158402,0.0101661891989242,0.0096559240673188,0.0121707060892722,0.012175152681395,0.0131973826644015
2016-06-01,0.0026437037992532,IV,-0.0129483567699197,-0.0146215040963554,-0.0107997771792358,-0.0132406520200244,-0.0091238656872777,-0.0116746649355317,0.0089159112840465,0.0121522847598968,0.0110613047169178,0.0137067637552515,0.0139005660682498,0.0156277130857818
2016-06-02,-0.0006832399277892,IV,-0.017872961632596,-0.0218545079458669,-0.0147081167618533,-0.0178883840214344,-0.012294750577378,-0.0159419637811169,0.0111553266735758,0.0150545505772155,0.0142793726704726,0.0179092654312353,0.0179086269436132,0.0208786246664072
2016-06-06,0.017449115740013,IV,-0.0158196956947081,-0.0192182962753704,-0.013027063863086,-0.0163630298868311,-0.0110426745048557,-0.0140707933901798,0.0098135965007392,0.0133672841455234,0.0123370484515145,0.0153419984076978,0.0159629451730512,0.0166073434397237
2016-06-07,-0.000275304626306,IV,-0.0117767082746972,-0.0147939328177947,-0.01022952887489,-0.0123321738604834,-0.0082695935356823,-0.0110581099828928,0.0079790438719466,0.009853232114942,0.0086868561507875,0.0106952782548691,0.0124936693677866,0.0141675404664314
2016-06-08,0.0045076454522679,IV,-0.0095166000893396,-0.0122468963083563,-0.0087479887994019,-0.011240114217269,-0.0070413624602679,-0.0094350330506464,0.0066519289318607,0.0085446715017857,0.0069695429300951,0.0087376045490741,0.0097667319533497,0.0083469987244367
2016-06-09,-0.0063817296290055,IV,-0.0102575428032751,-0.0106678086210818,-0.0093338007185494,-0.0119306884468691,-0.0074687424309383,-0.0093995419905246,0.0071548083268671,0.0096784057103108,0.0075061234145084,0.0095246001548115,0.0111027632958272,0.0104572166951698
2016-06-10,-0.0042395482052909,IV,-0.0135040144769158,-0.0156052497032937,-0.0111725061173282,-0.0135749119614364,-0.0095494763708619,-0.0120867041412958,0.0095190786482526,0.0120401952924087,0.0113446892876308,0.0140309595480577,0.0144366406908392,0.016484877867572
2016-06-13,2.88108115913677e-05,IV,-0.0123269778015045,-0.015739894421035,-0.0101210706629685,-0.0125520435724874,-0.008847277208239,-0.0097730994478588,0.0099370475086817,0.0124554301215014,0.0114269718347482,0.0141942865178069,0.0136311722928239,0.0159827756855252
2016-06-14,-0.0067756164509775,IV,-0.0140327469195667,-0.0150689478343374,-0.0117866891349192,-0.0137563379637018,-0.0100187463392715,-0.0125930940985034,0.0104956155663762,0.0137800217418365,0.0118347695901956,0.0145017518434409,0.0153501676274724,0.0167892657024725
2016-06-15,0.002978742197716,IV,-0.0137871764048614,-0.0143684206245667,-0.0111948942333494,-0.0140781408987947,-0.0099688155747513,-0.0125613607566575,0.0109395203000475,0.0129398368668665,0.0118794462529788,0.0146893550268494,0.0154093202695346,0.0172542328984313
2016-06-16,-0.0072271314071089,IV,-0.0130628514255624,-0.014837265507481,-0.0110959347387563,-0.0130655348887807,-0.0092834819332448,-0.0110592609108429,0.0090737446847619,0.0116176311101085,0.0099241699993068,0.0135815459907154,0.0139000489091381,0.0179398806785472
2016-06-17,0.0087431690160023,IV,-0.0160677352398081,-0.0181599211684425,-0.0132588157381934,-0.0163330730229197,-0.0111827717911158,-0.0140003065193086,0.0111566529881525,0.0148157497048882,0.0127545704344292,0.0163182099824461,0.0170723158598233,0.0196151143010025
2016-06-20,0.0055487953324396,IV,-0.0173758307088063,-0.0176099877527418,-0.0136331333719141,-0.0179444071915673,-0.0120192716529402,-0.014366263903623,0.0144843710265643,0.0156317017280587,0.0198054539289678,0.021864704969525,0.0198595899877726,0.0285868146343729
2016-06-21,-0.0049736583329462,IV,-0.0176148714252386,-0.0183396537943583,-0.0143453062022833,-0.0172329272757232,-0.0124864923145165,-0.013688144860089,0.0128320108431775,0.0191355554408329,0.0183832988572547,0.0209189244318811,0.0186892190852328,0.0237199392794696
2016-06-22,0.0021798506686406,IV,-0.0181720841662712,-0.0213834620618215,-0.01439510213695,-0.0183875484190514,-0.0133654464117472,-0.0152959486594132,0.014043652411907,0.0208740558472896,0.0189458358615682,0.0222492855758211,0.0193668127550122,0.0209492475163566
2016-06-23,0.007435076937904,IV,-0.0200483381067708,-0.0213018161287436,-0.0157873964530868,-0.0218852826719142,-0.0142351376171851,-0.0159856976686385,0.0145524036615696,0.0198488838105733,0.0198627725462591,0.0249283891716848,0.0215643486071746,0.0236753257059229
2016-06-27,-0.0310753349769444,IV,-0.0307196852463739,-0.037626468007905,-0.0252128603638174,-0.032595827559329,-0.0219091580368402,-0.0265106914546179,0.0187679081877885,0.0325076813832561,0.0270576152423605,0.034599683059186,0.0327294984827375,0.0330702652065194
2016-06-28,0.0027610280222596,IV,-0.0187975605413756,-0.0219364484790471,-0.0156108786270454,-0.0190669049893893,-0.013534671860825,-0.0172518196240959,0.0130595653652876,0.0174917806742805,0.016344985904739,0.020298329789704,0.0201670742303729,0.0240372434198656
2016-06-29,0.005755697143874,IV,-0.0158268192238093,-0.019559047802088,-0.0134508644218874,-0.0162658600406424,-0.0114165156007245,-0.0145973828154492,0.0105506319184562,0.0141844992332557,0.013057523569292,0.0164254125876154,0.0165538016876375,0.0185489237616325
2016-06-30,-0.0074716662609592,IV,-0.0149509729618362,-0.0184476843899857,-0.0126905868723035,-0.01516332717048,-0.0107593479256764,-0.0137443338546905,0.0097902500428307,0.0129135256149928,0.0121623055471358,0.0154592838304416,0.0157734148315076,0.0168170100835535
2016-07-01,0.0099625793146906,IV,-0.0150694729230777,-0.0177098548074931,-0.0126958772906891,-0.0155377911284838,-0.0106168091210116,-0.0135503253171257,0.0096518477335217,0.0129967732334279,0.0121269018942472,0.015424504373632,0.015639154889294,0.0178692327565314
2016-07-04,-7.40314499395461e-05,IV,-0.0107100160703434,-0.0118605285974189,-0.009042479149705,-0.0110346128628667,-0.0076121706237713,-0.0091139029496879,0.0077044283512861,0.0098287584774203,0.0093302016528265,0.0114442397366407,0.0116866143469188,0.0132905437767967
2016-07-05,-0.0057507886933884,IV,-0.0120979376123685,-0.0141518654671272,-0.0101546426908707,-0.0124811479492693,-0.0085750369848798,-0.010741868665486,0.0082035408280807,0.0108379860893349,0.0099603531529721,0.0124721205028478,0.0128017696303582,0.0141359469804951
2016-07-06,-0.0003588318369729,IV,-0.0145698618988076,-0.0173822365914743,-0.0120505583691823,-0.01499318216304,-0.0102794376807273,-0.0129769538675905,0.0096202826071145,0.0128767225975103,0.0120564454464966,0.0153717673042339,0.0151934922486395,0.0172115552122986
2016-07-07,-0.0009959249204809,IV,-0.0144853954171569,-0.0170133613097299,-0.0122119113328079,-0.0150369359802873,-0.0104028371352179,-0.0132726051772208,0.0096867482608565,0.0131961239355807,0.0120831508044044,0.015356415284979,0.0153465795660203,0.0174625992008374
2016-07-08,-0.0025655135933361,IV,-0.0174224296623741,-0.0193340715798642,-0.014485016995344,-0.0183419444468612,-0.0122389255577662,-0.016123319225869,0.0105318947909725,0.0149325049290754,0.0136840549214986,0.0167427753992023,0.0175260590792006,0.0199525536667314
2016-07-11,0.0007427301106357,IV,-0.0099977738667673,-0.0110122051812104,-0.0083888470206058,-0.0100470558433419,-0.0070398864648064,-0.0086465700329205,0.0070021222958542,0.0094906546663622,0.0082850395108202,0.0107435668179437,0.0106692974433239,0.0127061375480681
2016-07-12,0.0025703845876514,IV,-0.0114325862572738,-0.0138767337679919,-0.0098072888615291,-0.0111278558466725,-0.0080050124983556,-0.0100545685958425,0.0076131955159368,0.0097091186020901,0.0089531154329145,0.0113932687861031,0.0119813382664943,0.0127216119269447
2016-07-13,0.0035069329349693,IV,-0.0115391264338324,-0.0141560128587726,-0.0097540267728711,-0.0117963147715881,-0.0080963267998455,-0.0108901718878745,0.0073736905734518,0.0096063070099135,0.0088411595344525,0.0112839952445143,0.0119850274933847,0.0134271925830097
2016-07-14,-0.0003825503100304,IV,-0.0126677314597693,-0.0154264674650369,-0.0107831315317349,-0.0131269261416558,-0.0089645597710342,-0.011741026072725,0.0078444551830379,0.010753223451667,0.0097423180319467,0.0128872012241779,0.0131067438177218,0.0139543887453268
2016-07-15,-0.0044121400719492,IV,-0.0129536919126122,-0.0155354690336816,-0.0113130383135731,-0.0137134579605494,-0.0094040527998968,-0.0113506552728038,0.0083042840366967,0.0117300260690764,0.0110661320552439,0.0139526207126002,0.0134991708263262,0.0157547663829092
2016-07-18,0.0015496244245979,IV,-0.0106592165631237,-0.0110558829500899,-0.0092468933051605,-0.0107011298038246,-0.0076169234039467,-0.0093273027281059,0.0076350665141014,0.0093712197142351,0.0096106721271878,0.0116640459350153,0.0118977872070917,0.0128690142701888
2016-07-19,-0.0056294181429335,IV,-0.0122474572426267,-0.014414457870663,-0.01067797462339,-0.0132393019881336,-0.0086284522462675,-0.0108001595487076,0.008017306310163,0.0115151461792614,0.0104433514196678,0.0127278159243221,0.0127898407400107,0.0141849965705478
2016-07-20,-0.0007607127450148,IV,-0.0124837070000541,-0.0140932061036677,-0.0107988420659186,-0.0131632101239989,-0.0090475756443109,-0.0112672988959422,0.0082598409338696,0.010875687660752,0.0107239113391559,0.0135326655978247,0.0132615377388574,0.0153548585136914
2016-07-21,0.0009059771264439,IV,-0.0179862918073488,-0.0237020713191635,-0.0155830796810628,-0.0201474641648587,-0.0130665611402689,-0.017290857941674,0.0106745983868098,0.0156995959443565,0.0145271069001141,0.0192257566164539,0.0187510442955568,0.0198160073713379
2016-07-22,-0.004326106411038,IV,-0.0122949405023677,-0.0146470576784185,-0.0107581301345874,-0.0133220556812782,-0.0088112956848058,-0.0114975864569479,0.0077763295415836,0.0111513980743328,0.0101744613899793,0.0131544242310049,0.0126468830779682,0.0145125464103097
2016-07-25,0.0010320494386004,IV,-0.0102112510116219,-0.0101140464913021,-0.0087198593807136,-0.0104909996704877,-0.0072808852403344,-0.0084494238480185,0.0070542866970153,0.0087878233898943,0.009062125598958,0.0119368416144666,0.0107015029572792,0.0125339053814077
2016-07-26,0.0003528850667204,IV,-0.0118802673006944,-0.0142603274343082,-0.0100046299109722,-0.0121434333141947,-0.0082584577550956,-0.0108777082064341,0.0076811551374854,0.0104597025639578,0.0096970360485688,0.0121140211504565,0.012124644076779,0.0142045669297498
2016-07-27,0.0004460506386936,IV,-0.0114964553954555,-0.0137386818369543,-0.0098057446104181,-0.0122318163062686,-0.0081869531232926,-0.0104127349877687,0.0072163091917656,0.009688286539757,0.0093280932740142,0.012115796463497,0.0122677751084294,0.0138847387393441
2016-07-28,0.0096098848385676,IV,-0.0119145406277097,-0.0146665223245837,-0.0102045280086653,-0.0128266206898205,-0.0083517149489228,-0.0110092375354569,0.0071217702506867,0.0102265004149749,0.0093923383660576,0.0120086574424217,0.0119006473160319,0.0130218987936803
2016-07-29,0.0067377527193899,IV,-0.0129309774997461,-0.0164024830652801,-0.0112379199842968,-0.0134127569185502,-0.0092141692669715,-0.0122532548536151,0.0074229841233204,0.0116964011355489,0.0100508968700152,0.0133325898846459,0.013183604259924,0.0147622995435768
2016-08-01,0.000559435566496,IV,-0.0091065665498061,-0.01137305842066,-0.0081489189632616,-0.0089645379843175,-0.0064265208163827,-0.0078312981440842,0.0058691151575365,0.0082590088035062,0.0078323349750474,0.0093495240031055,0.0098740177541626,0.0112660911148784
2016-08-02,0.0043974364874211,IV,-0.0096995909133187,-0.0124236503437384,-0.0085914524838082,-0.010179897468323,-0.0068502865353666,-0.0089009779673651,0.0059467060001766,0.007861240003002,0.0075955783106581,0.009536155848171,0.0098761460422085,0.0106415350956906
2016-08-03,-0.0048360074691076,IV,-0.0103509818153486,-0.0126775102876969,-0.0090624054105568,-0.0113929889433383,-0.0073090203082923,-0.0098126348497964,0.0063356574381405,0.0089541511355756,0.0083270715060206,0.0101362433986866,0.0103866565486184,0.0110150361933554
2016-08-04,-0.0033133917671772,IV,-0.0107262311127566,-0.0127696970558417,-0.0094683449811614,-0.0113961040750296,-0.0076211777641823,-0.0098941473805733,0.0064346666619564,0.0091518206157895,0.0085481598571655,0.0109155805669671,0.0108983958352573,0.0118909214714381
2016-08-08,-0.0050832953149681,IV,-0.0142837676083224,-0.0181870432810129,-0.0125567708832253,-0.0160528904961506,-0.0102302236588953,-0.0136921765768082,0.0080111657086402,0.0135566604851736,0.0108993658477413,0.0143414573124544,0.014505854406684,0.0164069593178832
2016-08-09,0.0029252636805563,IV,-0.0094937426483596,-0.0110875254616308,-0.008001739159416,-0.010214618775396,-0.0066435967288192,-0.0086108602160747,0.0057518056653842,0.0075559812134208,0.0070239711071817,0.0087418861550722,0.0095688871923996,0.00956228531649
2016-08-10,0.0054714234015888,IV,-0.0088380629174098,-0.0110182755962197,-0.0080437304717372,-0.0092344463550139,-0.006196104036913,-0.0079263473762449,0.0054374973849005,0.0072464358373987,0.0065164175665095,0.0082408101932464,0.009053201041918,0.0091234909431212
2016-08-11,-0.0001701099003586,IV,-0.0102284160244062,-0.0127400442845792,-0.0089259738587978,-0.0112997146696801,-0.0070854792641068,-0.0097893037433289,0.0060976412204922,0.0083156084108934,0.0076440995593703,0.009731955088875,0.0104373815900512,0.0107201832309476
2016-08-12,0.0002954355233464,IV,-0.0098816860125673,-0.0118996087405292,-0.0083733420828564,-0.0107379064724204,-0.0068225592263019,-0.0091195228158356,0.0058700712326353,0.0080033489039433,0.0073074930597225,0.0093819448700106,0.0098955303168725,0.0109792972763632
2016-08-16,0.0093239003419545,IV,-0.0071667571369965,-0.0087945207293796,-0.0061055476116087,-0.0077421361585967,-0.0048080862676331,-0.0066490272103021,0.004445952973707,0.0058077177961184,0.0053458766345357,0.0064984263334071,0.0073260673685758,0.0079729613029998
2016-08-17,-0.0012201210542552,IV,-0.0112642655805304,-0.0140276499639655,-0.0095914592459359,-0.0120193611312162,-0.007907619180048,-0.0103536700916415,0.0068459648202393,0.0097905490028958,0.0090758318861037,0.0112608688882756,0.0116887110831255,0.0121457584078444
2016-08-18,0.0062490245663607,IV,-0.0121040303869706,-0.0147760047351526,-0.0104155007984624,-0.0134198078189464,-0.0084473333776074,-0.0110385640136359,0.0071734513811044,0.0100300048939573,0.0094568903967649,0.0114611040861764,0.0123194881878684,0.0135446404439527
2016-08-19,-0.0006222651977227,IV,-0.0107870314465128,-0.013390752355425,-0.0091387678556998,-0.0115698909883988,-0.0074646884087659,-0.0099265032901146,0.0064901540906203,0.0089101158183654,0.0086090544075962,0.0109436649428935,0.0111713636556057,0.0121068547049188
2016-08-22,-0.0011705542916646,IV,-0.0082608399850007,-0.0092132722608611,-0.0069139765837507,-0.0083388075919058,-0.0055872911468819,-0.0070602857397197,0.0054194443630202,0.0067526542388187,0.0072709807784446,0.0082114788358133,0.0090240665756644,0.0094712689910228
2016-08-23,-0.000526091264651,IV,-0.010488461535573,-0.0124270365185179,-0.0088217268495421,-0.0109065193088231,-0.0073638040405824,-0.0095554567225765,0.0068722476090089,0.0093461910230207,0.0088604949368488,0.0107579242532678,0.0111514513353089,0.0119376147285427
2016-08-24,-0.0044896487911945,IV,-0.0099920825639652,-0.0114861893401024,-0.0083316071052679,-0.0106055278719542,-0.0068518993401086,-0.0087655364520811,0.0065673651238855,0.0086085437810505,0.0085733336858472,0.0105953955732231,0.0109001751474536,0.0116134006303446
2016-08-25,0.0016200157555465,IV,-0.0106515741599524,-0.0127272794066774,-0.0089159138713405,-0.0110718803442747,-0.0073569577022785,-0.0095202346895214,0.0070230155201624,0.009286737733275,0.0088735019668627,0.010976236148975,0.0113534059022669,0.0122565728981444
2016-08-29,-0.008352262135874,IV,-0.0103093292593482,-0.0118617481283731,-0.0086541443211245,-0.0103857708330273,-0.007108482085004,-0.0091087331263591,0.0067789918194177,0.0098216194888299,0.0090368995339062,0.0109970368783347,0.0111443200733185,0.0122624867949899
2016-08-30,-0.0027473436691286,IV,-0.0115603936177594,-0.0135904633279327,-0.0097385737100121,-0.0118761211077348,-0.0081933222278929,-0.0105203824390678,0.0075206217863373,0.0103656714158364,0.009743973688539,0.0122773909024289,0.0123863130564699,0.0133270036596858
2016-08-31,-0.0003991828018677,IV,-0.0121602637896126,-0.014355859830487,-0.0103174756563565,-0.0125486570406448,-0.0085942741594121,-0.0109119794139252,0.0078007227586438,0.0107210689146551,0.0100334908558351,0.0126723351087067,0.0129557787071511,0.014048759813319
2016-09-01,0.0043018712978311,IV,-0.0123281966658612,-0.0147005930667814,-0.0105014042618387,-0.0126526661873214,-0.0087682472302481,-0.0110221800969288,0.0079778668859429,0.0110073980256968,0.0103837920792951,0.0128945792562861,0.0132202175538053,0.0149117676062353
2016-09-02,-0.0032437128430079,IV,-0.0143379919452982,-0.0180695045751271,-0.0123487265811144,-0.0147064789611004,-0.0101970286259489,-0.01325533794807,0.0088109296931616,0.0124105667941419,0.0115487432298383,0.0148156495666637,0.0148696256962043,0.0168221293125504
2016-09-05,-0.0006186177229528,IV,-0.0084250064208358,-0.0094278173051915,-0.0070999630293993,-0.0084344726329542,-0.0058816115025633,-0.0072251434045544,0.0056868429803923,0.0074422373916088,0.0076811097646729,0.0090193918953146,0.0094595125556419,0.0102664607890813
2016-09-06,0.0076497283568896,IV,-0.0098643247951799,-0.0109298393786594,-0.0083098777290534,-0.010136401394517,-0.0068015102725971,-0.0087443776840499,0.0063222529112483,0.0084654422466086,0.0082477780101791,0.0101778435924897,0.0104449462523848,0.0112362467411703
2016-09-07,9.56694022170162e-05,IV,-0.0107768301662221,-0.0128511155113192,-0.0092404220348152,-0.0111342944391285,-0.0075721977355358,-0.0097326223347851,0.0067657773050913,0.009226587490463,0.0088836620395346,0.0109551168893159,0.0114125981057285,0.011946842061319
2016-09-08,0.0017027183137064,IV,-0.012480678434775,-0.01538393990011,-0.0108048376621304,-0.0131744138557181,-0.0088058731717584,-0.011928596422152,0.0074547208678299,0.0105750005508735,0.0098496212867809,0.0126578604081792,0.0128466625129517,0.0143277868372638
2016-09-09,-0.0038363161494205,IV,-0.0108803249223284,-0.0135071853046909,-0.0092882609591365,-0.0113383515228818,-0.0075881184154116,-0.0099740377665398,0.0063594185046653,0.0090794122477332,0.008484637094123,0.0107046096311829,0.0111846491615668,0.0122754784931159
2016-09-12,0.0014125145772215,IV,-0.0083290452409433,-0.0092573303211677,-0.0068648206585678,-0.0078614151237261,-0.0057838580949573,-0.0070939033664523,0.0054645116248009,0.0072077586112192,0.0073470797386911,0.0085780449118073,0.0090853716638877,0.0091881485659308
2016-09-13,0.0011125649772926,IV,-0.011651006683174,-0.0137583773602205,-0.0099331895491763,-0.0120856119350098,-0.0081817646556796,-0.0108469227512194,0.0070930935916617,0.0102136555806697,0.0091773400462034,0.011630729614209,0.0121817961122797,0.0133286739265457
2016-09-14,0.0025453388091118,IV,-0.0101747112819517,-0.0121471641259139,-0.0085519277175609,-0.0104643664023332,-0.0071648849042857,-0.0095004543121473,0.0061479254600244,0.0086613003772371,0.0077403257377575,0.0098931747676588,0.0104115246827688,0.0109148203480746
2016-09-15,-0.0021940254940592,IV,-0.0103652513975323,-0.0132632830953398,-0.0087101205196691,-0.0106823657698924,-0.0072639510187162,-0.0092506969910209,0.0062705340987208,0.0087584371727108,0.0078559365066835,0.0100796712384743,0.0107151934233298,0.0112283578296487
2016-09-16,-0.0077620284327517,IV,-0.0109070636200941,-0.0127964813130308,-0.0094607124325391,-0.0114964024608598,-0.0076140074320886,-0.0100715891314491,0.0066032200127069,0.0092297510140345,0.0089308728578836,0.0110224419425729,0.0116103722842907,0.0117881596089435
2016-09-19,0.0018175799859058,IV,-0.0093009499745316,-0.0101364076880202,-0.0079953928374189,-0.0098175067710236,-0.0065679905469502,-0.0077679959292077,0.0060527124742053,0.008617967274321,0.0082826074620176,0.0098536634911367,0.0103913180091788,0.0117313047036585
2016-09-20,-0.0005972880615939,IV,-0.0108028174840047,-0.0126665464023363,-0.009230423607331,-0.0117275086600421,-0.0076674224086997,-0.0090482838117689,0.006743753572865,0.0092449591739199,0.0093922111453545,0.0114816438020761,0.0118432573919571,0.0123091563269866
2016-09-21,-0.0007096032899216,IV,-0.0109689480065988,-0.0121991207051856,-0.0094541452191069,-0.0114931866792702,-0.007789136112025,-0.0096812898925522,0.0067875570317636,0.0097123221554496,0.0093819104372023,0.0114056223571782,0.0119002732250786,0.0147591483384228
2016-09-22,0.0057206682289573,IV,-0.0129757102310921,-0.0152331741495594,-0.0112732149667167,-0.0140642700849857,-0.0093153366770006,-0.0118379578121494,0.007586305734083,0.010591854052452,0.010347028319532,0.0130958867866715,0.0133978968070773,0.0143962205986219
2016-09-23,-0.0004854985252026,IV,-0.0097162515449055,-0.0107469709410692,-0.0083565032041252,-0.0101224719009611,-0.0068318414936656,-0.0088660629684309,0.0055884001953211,0.0083030941425641,0.0073379583035111,0.0097259644393629,0.0100896293069891,0.0106061482247106
2016-09-26,0.0041125882982113,IV,-0.0073876568731091,-0.0088664478348,-0.0059618318540303,-0.0080056083911629,-0.0050502785222731,-0.006457705730985,0.0044359744839717,0.0061241343875499,0.0057663036657546,0.007244980048689,0.0079897594869443,0.0083849747189257
2016-09-27,-0.005470116601839,IV,-0.0094837795366182,-0.0115418879243807,-0.0078804057299879,-0.009977607189866,-0.0065908164616749,-0.0086700507253986,0.0055448637777394,0.0074843326379224,0.0072966455981951,0.0093812230268213,0.0098507701937511,0.0102959875292613
2016-09-28,-0.0006761076540569,IV,-0.0093172537961733,-0.0107657488845546,-0.0076922202259841,-0.0105387970664664,-0.0063916221075633,-0.0083088988268764,0.0055024175973613,0.0079412989957762,0.0069638764049981,0.0089597217195776,0.0096157410264774,0.0101169627006302
2016-09-29,0.0039386443007122,IV,-0.0096812684935567,-0.0113621704703061,-0.008340840189793,-0.0105920418914411,-0.0067635869573999,-0.0090286237667,0.005663860930075,0.007824750640271,0.0071988738493488,0.0096430501894751,0.0100723320075126,0.010715945210661
2016-09-30,-0.0005782403861854,IV,-0.0100309475922305,-0.0119406318312388,-0.0086019400375278,-0.0106911932082102,-0.0069635768561279,-0.0092730641830602,0.0059026621556947,0.0083801386215836,0.0076033741063006,0.0099131518047562,0.0104669513516169,0.0106947077421997
2016-10-03,-0.002407737100696,IV,-0.0086096004594789,-0.0098312879133745,-0.0069947306024075,-0.0080839938303616,-0.005921425564924,-0.007945944128995,0.0055815391555872,0.0086072613735029,0.0074007101791995,0.0094593132063248,0.0097218660336683,0.0103170513532051
2016-10-04,0.000113723911913,IV,-0.0097919417618579,-0.011642900001587,-0.0083339730465937,-0.0103186159265553,-0.0067705052566028,-0.0086833833442003,0.0059958599352489,0.0085066833217983,0.0077931842568004,0.0102697308513981,0.0104555709799646,0.0116679743017615
2016-10-05,-0.0015352485297633,IV,-0.0108642210186347,-0.0126863925824441,-0.0092745156950126,-0.0112173777488768,-0.0075520378581227,-0.0099245351254648,0.0066358217293088,0.0096933027390624,0.0089235134119657,0.0116202008043006,0.0116524140657606,0.0128660576470011
2016-10-06,-0.0033867626632179,IV,-0.0102045266277085,-0.0122169081886676,-0.0084757057637296,-0.0105947584987977,-0.0070929160447154,-0.0088829915390318,0.0061990432034877,0.0086652552080111,0.0081497231167837,0.0104974494498478,0.0105952075878281,0.0123085933192726
2016-10-07,-0.0001165260885303,IV,-0.013595719628774,-0.0167018306405248,-0.0116732781278127,-0.0146319466331763,-0.0098176308294968,-0.0123452600633175,0.0078340912606165,0.0120552461265036,0.0114720225091246,0.0139685901220442,0.013866397145691,0.0133996283539408
2016-10-10,9.85998817598782e-05,IV,-0.0093451780195315,-0.0107575839795696,-0.0075543164762313,-0.0095014419780329,-0.0063782926876316,-0.0082528475742457,0.0063567049611329,0.0087913930778507,0.0080844384474995,0.0095621739407062,0.0096307580064332,0.0112476024266689
2016-10-11,-0.0086057269137893,IV,-0.0091965263360077,-0.0102808265577522,-0.007374255282133,-0.0095504825091934,-0.0063120018831471,-0.0082247534308978,0.0060006168382354,0.0081481995854542,0.0080445224320933,0.0088783001385529,0.00953363646804,0.0099587041624971
2016-10-12,-0.004380736327038,IV,-0.0118947786651925,-0.0140942959972979,-0.0102602770644253,-0.0123032375142417,-0.00847295893683,-0.0106343575872637,0.0075599179401448,0.0108010984817861,0.0100589647201402,0.0119956894361581,0.0125545248865565,0.0138555322824363
2016-10-13,0.0023263997794627,IV,-0.0133759452287173,-0.0159136857645335,-0.0116202141596553,-0.0140616588031458,-0.0095655108959868,-0.0120761095202674,0.0083244999856671,0.0118380436606109,0.0108716884754556,0.0137974964284294,0.0139623760199727,0.0157396786708333
2016-10-14,-0.0048584782765671,IV,-0.012884772500045,-0.01467055067758,-0.0109499880186032,-0.0133758745092877,-0.0090165769230167,-0.0114043194814926,0.0078800410674935,0.0116271577555649,0.0108012203509144,0.0130811211048055,0.0130125722228441,0.013880178871675
2016-10-17,0.0013304815234723,IV,-0.0096841318182867,-0.0103718360836255,-0.0080942895563319,-0.0116163064385522,-0.0063635884121478,-0.0082508909892055,0.0066416446342338,0.0082030005260446,0.0083418894931701,0.009882182419294,0.0098981834734567,0.0130365859542094
2016-10-18,-0.0002841422503406,IV,-0.0114245649707374,-0.0128516038495911,-0.0096725777661769,-0.0114770450736578,-0.0078539926776444,-0.0098942716888475,0.0072792738549004,0.0101978483894755,0.0095999220305447,0.0119314388625162,0.0116900163312404,0.0132972443884767
2016-10-19,-0.0028321923329207,IV,-0.0104635597111922,-0.0116720433010782,-0.0086991394212323,-0.0106672537720688,-0.0071708285054704,-0.0093409295206477,0.0067674265498607,0.0094247990314965,0.0086057514967125,0.0105505832559927,0.0106771032634872,0.0125472626657974
2016-10-21,-0.0091200591823111,IV,-0.0143492368452746,-0.0179891099523623,-0.0126274407362416,-0.0156471849797444,-0.0103939477615413,-0.0133167775146988,0.0081723763227418,0.0120888946367414,0.0115162812557705,0.0147097046182501,0.0147650589518245,0.0151699200815798
2016-10-24,0.0019721378797154,IV,-0.0086997770607748,-0.0113775992184223,-0.0073328194040723,-0.0091252202735857,-0.0058256105538897,-0.0076808361744473,0.0058341892803324,0.0073199598713183,0.0073460937417144,0.0086302950105971,0.0088385822502051,0.010041398707156
2016-10-25,0.0001722049702609,IV,-0.0099744778281366,-0.0118898785367558,-0.0087476907751719,-0.0101398288086342,-0.0070375676727572,-0.0092763953030239,0.0060933716476594,0.0085792306842877,0.0078513488904149,0.0097680099327479,0.010130750379872,0.0116935754038827
2016-10-26,0.0023825668912815,IV,-0.0104217995267766,-0.0126459149220374,-0.0088901286572924,-0.0107536111131439,-0.0072290344123066,-0.0096342407640796,0.0061609007758982,0.0086600837791477,0.0078599547815634,0.0099741359564214,0.0103691834113218,0.0113656170263953
2016-10-27,-0.0010564345517659,IV,-0.0110005641006702,-0.0137838833247121,-0.0096738951748678,-0.0119352947884687,-0.0079209172236536,-0.010310715510997,0.0064975556320106,0.0093719023213526,0.0089921297052055,0.0107369367317763,0.0112831273853175,0.0125458426369565
2016-10-28,0.0027727645907651,IV,-0.0106753385993914,-0.0128685819038402,-0.0092438044675649,-0.0110144679153233,-0.0074135261714396,-0.009606880629767,0.0063870340927685,0.0087605740727578,0.0086209866354157,0.0105751443948427,0.0107868193854037,0.0116567226907851
2016-10-31,0.002511967413896,IV,-0.0094131268858926,-0.0098961817001804,-0.0074021006957514,-0.0087759978255739,-0.0059033115557131,-0.0077074839489585,0.0061561804727611,0.0078343846622417,0.0082665186365829,0.0098008956137198,0.0096242167984454,0.0116635685560548
2016-11-01,0.0073533753145793,IV,-0.0104462886661686,-0.011593477658806,-0.0087647991602618,-0.0105455584654743,-0.0070103333257061,-0.0091989323631874,0.0065358053269006,0.0086178806069574,0.0083868240096971,0.010766849236721,0.0105911397454834,0.0118427568093472
2016-11-02,0.0069265322896214,IV,-0.0110777383732998,-0.0128119662637807,-0.0094046099866454,-0.0110761743559375,-0.0076448329362018,-0.0096869419677981,0.0071221739442468,0.0096160263063742,0.0091541877450485,0.0118497445063439,0.011376325111047,0.0123440933397328
2016-11-03,-0.0021292550927863,IV,-0.0146916833860551,-0.0157035724956262,-0.0123235538542815,-0.0137015569751575,-0.0100108122487365,-0.012493598150863,0.0099972635806247,0.0144112675703788,0.0138978163045257,0.0165910409581331,0.0160511593200116,0.0205802513458162
2016-11-04,0.0022978711488067,IV,-0.0153818949054909,-0.0179936365316723,-0.0119332260466008,-0.0138235247334774,-0.0102530765258747,-0.0138838673521487,0.0101954502961138,0.0138649524800647,0.0139993557792385,0.01737681385977,0.0151407057741877,0.0155182534054098
2016-11-07,-0.0078697469860176,IV,-0.0136537730236196,-0.0135897018908236,-0.0106085814067514,-0.0134557912017817,-0.008234244477011,-0.0109768486960968,0.0102391459386339,0.011040217800175,0.0135553839776667,0.0170183071919392,0.014101048651831,0.0211286418210053
2016-11-08,0.0011729887872999,IV,-0.0135736478134742,-0.0127278069174976,-0.0109288056286963,-0.013274181763595,-0.0090097922225034,-0.0116741320749295,0.0090515592272521,0.0120065349966729,0.012047870340992,0.0152562938758315,0.0139997891852602,0.0162530850988314
2016-11-10,-0.0152928891394691,IV,-0.0224967431206064,-0.0290049291354404,-0.0199796509324573,-0.0255638501689094,-0.0164228246963747,-0.024556946917753,0.0127696621694425,0.0200228620543891,0.0188111254598076,0.0232058673829453,0.0234339149218451,0.0243233217512335
2016-11-11,-0.0025678681028548,IV,-0.0124625760294771,-0.0148317553013705,-0.0109313505089197,-0.0132813465284617,-0.0089253949252997,-0.0112857388567388,0.0081698687578145,0.0109186499562898,0.01008860987206,0.0127308094049674,0.0131313344184175,0.0143928666689138
2016-11-14,-0.0119267830296941,IV,-0.0099914467817769,-0.0094408996814226,-0.0082806279461919,-0.0095479395926101,-0.0067735862856737,-0.0084550062583581,0.007294576997782,0.0093945292259314,0.0084698048135215,0.0101653923443443,0.0106908882324725,0.0129238650608545
2016-11-15,0.0004918374890962,IV,-0.0146768804566063,-0.0173185064235174,-0.0125540090419331,-0.0145652721657761,-0.0104026767220661,-0.0136525311077048,0.0096726779205271,0.0130417584645981,0.0117430975032137,0.0147996684505107,0.0152720286164764,0.0164729828827517
2016-11-16,-0.0051354053188952,IV,-0.0128491631349201,-0.0149997093919818,-0.0108160712065781,-0.0135507910694766,-0.0091410001572864,-0.0111169416577647,0.0085926142592818,0.0110716277437899,0.0100940918720725,0.0124910792763854,0.0134800878720632,0.0139120039738667
2016-11-17,0.0001171135721916,IV,-0.0148567920252043,-0.0180337873904405,-0.0130238189729701,-0.015053936582617,-0.0106614524795759,-0.0135960741820892,0.0098799828900749,0.0128705239835768,0.0115696216724903,0.0148524328441779,0.0156252902619241,0.0172804064135372
2016-11-18,-0.0094032408565668,IV,-0.0132999632802117,-0.0160299200492613,-0.0117458165999176,-0.0138128490095225,-0.0095754971262573,-0.0124371787975945,0.0091086260361754,0.0113510093371326,0.0105549119209925,0.0135010972811764,0.0143076260169934,0.0157768271303349
2016-11-21,0.0045267571865656,IV,-0.0118419274105461,-0.0130939437371226,-0.0097976767412379,-0.0108480413012523,-0.0081005956660789,-0.0099314088371689,0.0089307672806238,0.0114885185651805,0.0096496471878717,0.0128678337443201,0.0126211329590303,0.0157335607408927
2016-11-22,-0.003555517385331,IV,-0.013094204489791,-0.0163376579473632,-0.0110929485366513,-0.0127620568914143,-0.0091472464926426,-0.0105585193633957,0.0088976971119243,0.0107525165530503,0.0097024797840489,0.014844154110583,0.0135356266366322,0.0159329401648501
2016-11-23,-0.0048870212619817,IV,-0.0127541636678772,-0.0136810320033096,-0.0108508112649455,-0.0139055914513629,-0.0088373548315904,-0.0125955871285847,0.0084621392543792,0.0105428897327988,0.0092105136417898,0.0119899218287678,0.0130156412888141,0.0167180440061786
2016-11-24,0.0027258500784957,IV,-0.0134546695931215,-0.0147626742843749,-0.0114434148267095,-0.0136459384027294,-0.0095513977667257,-0.0108356863804912,0.0094886097911221,0.0117848266122712,0.0105808241678662,0.0136860882700981,0.0144102999839447,0.0198818757567035
2016-11-25,0.0040819661428587,IV,-0.0132972527406526,-0.0157732821374865,-0.0117556378284932,-0.0129809702240846,-0.0096897909163899,-0.0120332228372296,0.0092539445368812,0.0112870794613245,0.0104396407227232,0.0135027338370304,0.0143428914095253,0.0161668610084158
2016-11-28,-0.0020436247693772,IV,-0.0100072470318693,-0.0119237869883048,-0.0084009209415215,-0.0101409538251497,-0.0069007013847908,-0.008198192964069,0.0075545624817941,0.0091879945708953,0.0081672538579446,0.0104380987005765,0.0108062104556187,0.0115275630637443
2016-11-29,0.0033582085914186,IV,-0.0163854729137752,-0.0154231284173623,-0.0136780120702637,-0.0161050762323718,-0.0112898221638194,-0.0147171962155654,0.0114213491277469,0.0153510989138595,0.0150969523417186,0.0178911379892491,0.017398702491075,0.021580425920424
2016-11-30,-0.0009563180132661,IV,-0.016541268617825,-0.0151105151221514,-0.0136380481884553,-0.015098134986089,-0.0113993133211488,-0.0137137402409791,0.0118359672825404,0.0165602002014793,0.0153693323206084,0.0174611838310846,0.0177288985147458,0.0223251740790227
2016-12-01,0.0003864060515912,IV,-0.0185048413035199,-0.0196785705920769,-0.0150863179963788,-0.0176377151283915,-0.0128357935241174,-0.0160597386097022,0.0132455735158533,0.0182955514371755,0.0174771800835638,0.0231643923541505,0.0198091234048313,0.0261483847538622
2016-12-02,0.004538502143059,IV,-0.0194660133625336,-0.0210649614697842,-0.0148904842108879,-0.0155761731394626,-0.0127629903446538,-0.0161782696058005,0.0141488464162877,0.0183502703700226,0.0194582264340469,0.0245212780692307,0.020625889140083,0.0210820589226255
2016-12-05,0.0058990324174575,IV,-0.021023400982649,-0.0217652793301628,-0.0172276051272778,-0.0201037612637204,-0.0147479303581619,-0.0195624043739721,0.0148372856005198,0.0206398689438722,0.021417115109213,0.0260245407460044,0.0231561112742016,0.0214130619336813
2016-12-06,0.0008016181930522,IV,-0.0148059339311125,-0.0151728108518747,-0.0119469117035889,-0.0137597302675554,-0.0101148569144599,-0.0129542422033204,0.0105051261605678,0.0139316187160116,0.0141433961351227,0.0171537885254907,0.0161991732304296,0.0176327289973089
2016-12-07,0.0031907745855306,IV,-0.0145635805657605,-0.0151886574478907,-0.0119453151473996,-0.0142263345794859,-0.0100482447324437,-0.0124439929016898,0.0105721944547822,0.0140638525736382,0.0143252623514001,0.0180413647367242,0.0157728103302425,0.0200820857259834
2016-12-08,-0.0141802565028895,IV,-0.0246540764799906,-0.0315803838387691,-0.0218124832108078,-0.0296242483842081,-0.0180659080780585,-0.0240162254111635,0.0145793036176706,0.0202720774058842,0.0204618396011618,0.0250450768761716,0.0265160359614912,0.0276514392832559
2016-12-09,-0.0075458496746812,IV,-0.0147774261509228,-0.0154512058232767,-0.0128055203957187,-0.0152766378893726,-0.0104191169002332,-0.0133105196432694,0.0100274739225553,0.0139186779958566,0.0132132515069931,0.0164746853178038,0.0158614339054499,0.0182147074825588
2016-12-12,0.006897989768801,IV,-0.0120681418913506,-0.0105264484065165,-0.0098335548328073,-0.0115082264442007,-0.0081264143658762,-0.0098144925919258,0.009476756469027,0.0121978888590881,0.012301486422703,0.0159946411720907,0.013069967508381,0.0164004820472684
2016-12-13,0.0029273433163073,IV,-0.0138718405947024,-0.013640176424558,-0.0113049428449351,-0.0131778254066778,-0.0093968762469864,-0.0125928441786184,0.0095385726258893,0.0127216407175181,0.0120382802825511,0.0154799503863434,0.0145404308723167,0.0177378184254422
2016-12-14,0.0010075259984902,IV,-0.0135111233694702,-0.0147376347717914,-0.0110143458343204,-0.0131002327530709,-0.0090325422653248,-0.0117394065002328,0.009184552557209,0.0130300036279482,0.0121194338374675,0.0151825062861074,0.0140854620877169,0.0165208919666924
2016-12-15,-0.0222978859379024,IV,-0.0180512919965874,-0.0215926341087989,-0.0157791704953186,-0.017836891938899,-0.0128776925633461,-0.0164108910565902,0.0113348486888072,0.0164160364566014,0.0154245989876645,0.019642312732936,0.0189274826200064,0.0204502966751641
2016-12-16,-0.0005282036876179,IV,-0.0187212117661889,-0.0229724438037521,-0.0164431210235032,-0.0195704903886049,-0.0133108411103073,-0.0177942248779087,0.0118975444407255,0.0164864823218126,0.0157387073213136,0.0203423257554627,0.0195793507357649,0.0221947096090594
2016-12-19,0.0024034725180388,IV,-0.0126442231027374,-0.0131013568326485,-0.0102635781888659,-0.0123500854634968,-0.0084472373102319,-0.0103607051677685,0.0090772546511641,0.0116259504660086,0.0110779739729427,0.0134145367776999,0.0133808258114635,0.0157725440998473
2016-12-20,-0.0055689303277007,IV,-0.0156616790536348,-0.0187757929787067,-0.0134382130718709,-0.015261379195717,-0.0109747391889674,-0.0139804906184469,0.0103808904391523,0.0137253765253565,0.0126812981146119,0.0162865389488222,0.0164153845584574,0.0188333919343769
2016-12-21,0.0053916257875211,IV,-0.0151865705825724,-0.019007711419331,-0.0129117064152016,-0.0152870805138429,-0.01059208913559,-0.0137225711495656,0.0097982959517807,0.0128472041155914,0.0118456480157087,0.014694620020845,0.0156785769254955,0.0178528551703044
2016-12-22,0.0024124771171004,IV,-0.0141986714557037,-0.0167575950443575,-0.0117223261179485,-0.0154227516668112,-0.0095928224083987,-0.010718784885912,0.008597261797248,0.0107799114438141,0.0104376265426641,0.0135985155568153,0.0137669354582499,0.0131656169603203
2016-12-23,0.000418240551769,IV,-0.0132293090090478,-0.0163214727817316,-0.0117517464261275,-0.0144165568288775,-0.0096444875545808,-0.0140522162412855,0.0087649764516813,0.0124276813723845,0.0102739239490296,0.0131886360208721,0.0138942604605987,0.0145645257247229
2016-12-27,-0.0004469263135933,IV,-0.011431419605253,-0.0119169340971213,-0.0092825841591465,-0.0113419243397859,-0.0077190874338247,-0.009027587282049,0.0082231339441741,0.0103108098956001,0.0092869688274641,0.0117749175181509,0.0119386169585378,0.0150487378273108
2016-12-28,-0.0061986518323384,IV,-0.014145320436185,-0.0153707338898361,-0.0124211485417477,-0.0154482136774959,-0.010066888872293,-0.0126714033475715,0.0096699114602709,0.0124786589041054,0.0115643263487841,0.0153729545981425,0.0151552199184094,0.0168902862935973
2016-12-29,0.0091084513573162,IV,-0.015627776259645,-0.0175800532575277,-0.013138316974994,-0.015260255860757,-0.0107906684606466,-0.0136048595471546,0.0103829942737517,0.0141010628070344,0.0126778943429261,0.0163927400504886,0.0161922146947465,0.0182847955427315
2016-12-30,0.005588127145413,IV,-0.0148711160302497,-0.0177300776640074,-0.0127667198329107,-0.0155398869233959,-0.0103711362707825,-0.0137676497306047,0.0097350824827373,0.0131365190742067,0.0118635482075995,0.0148245687724332,0.0155293261806083,0.0152790500220001
2017-01-02,-0.0072317559504475,IV,-0.0116417939022606,-0.0103898279572794,-0.0093276401795587,-0.0105939786136676,-0.0077512621583038,-0.0093501814653082,0.0082117014169063,0.0108140649897879,0.0105349148279646,0.0127033266102768,0.0127484496745786,0.0181460493956101
2017-01-03,-0.0082757638058918,IV,-0.0149028421381904,-0.0174225356323408,-0.0122664670984775,-0.0144504873836444,-0.0101564714763595,-0.0127974107929358,0.0100797453396534,0.013662838133042,0.0128119823642328,0.016223458566698,0.0157359896981716,0.0192444035241502
2017-01-04,0.0088008736136426,IV,-0.0170503823460162,-0.0200502004745235,-0.014609955275355,-0.0169953082329538,-0.0118717398029949,-0.015274385693026,0.0112261269003289,0.0153426346479338,0.0141217106199323,0.0180083473921895,0.0179456805310875,0.0201107057000143
2017-01-05,0.0120256190033487,IV,-0.0149796821694376,-0.0172175806723698,-0.0126733877877126,-0.0151615525269257,-0.0103518385859227,-0.0133337268804995,0.0098823632532956,0.0133934013194312,0.0123673742563092,0.0159744393856414,0.0157585733386602,0.0181611292493793
2017-01-06,-0.0029940566302143,IV,-0.0197032224271226,-0.0227741223970321,-0.0172241049025622,-0.0204485989663611,-0.0140089698348024,-0.0172891022919522,0.0121681551911626,0.0172369828742845,0.0157002569174736,0.0192702354649751,0.0195704867812808,0.0215624149270809
2017-01-09,-0.0015643437030406,IV,-0.0112117560121307,-0.0127052290941766,-0.009197219421013,-0.010898939657995,-0.0076180912878256,-0.0094302382352028,0.0075772845273285,0.0100165822144098,0.0092471551049998,0.0118584894102995,0.012302130078671,0.013970125922584
2017-01-10,0.0036101506319477,IV,-0.0133802917051885,-0.0155616724042296,-0.0113603121812206,-0.0133160814479109,-0.0095343942793412,-0.0119740278715442,0.0089253340577386,0.0116720495546334,0.0112188860125949,0.013624069378183,0.0141713339707306,0.0159773161725361
2017-01-11,-0.0112969271325465,IV,-0.0133531946154134,-0.0155613335605354,-0.0112852811750837,-0.0137971604939623,-0.0095618281133655,-0.0119383549492708,0.0089101131348334,0.0119626480093286,0.0112960880354595,0.0137601425050494,0.0140882675659017,0.0158676501217889
2017-01-12,0.0168744226880165,IV,-0.0149234403923325,-0.0181937197114387,-0.0128965798183282,-0.0158544243395885,-0.010657392605895,-0.0134113263811157,0.0098338488888451,0.0132238466845281,0.0124179664287092,0.0153523275945164,0.0155683067123751,0.0174251131085637
2017-01-13,-0.0027519126227184,IV,-0.0153933035971475,-0.018689515353725,-0.0131042101136476,-0.0157313068598625,-0.0108379307789484,-0.0139828887109441,0.0099876177798411,0.0136612760826943,0.0126016496978924,0.0160315079210344,0.0161535693268377,0.0185969618974184
2017-01-16,-0.0016250898553263,IV,-0.0102267739039863,-0.0112452722605028,-0.0079412445096308,-0.0088915127462897,-0.0064473199536153,-0.0076666603669662,0.0067364151113271,0.0090173692943888,0.007900510742155,0.0100340909132081,0.0110446261729973,0.0132302580695153
2017-01-17,0.0082978872397355,IV,-0.0135963216008512,-0.0161238899696153,-0.0113120341646563,-0.0133652988638599,-0.0093082684637716,-0.0119318200694237,0.0089128092237951,0.0120277520505973,0.0110978365975708,0.0142635582529679,0.0142821855413153,0.0161793682508022
2017-01-18,8.64889125260088e-05,IV,-0.0137416653388405,-0.0162973599457809,-0.0115760292143747,-0.0139847503915632,-0.0094942700418805,-0.0120879757685831,0.00892588241314,0.0121803523908857,0.0112323331374797,0.0141819812740162,0.0144743708132376,0.0170786960146853
2017-01-19,-0.0080238021994692,IV,-0.0162746683994135,-0.0181003481060833,-0.0140738406212763,-0.0177061249188992,-0.0118168627396301,-0.0153224446590559,0.0103595152953985,0.0147143056601474,0.0138820879358027,0.0171551373995193,0.0168770647130043,0.0198096664813368
2017-01-20,0.006484584603945,IV,-0.0137478197328246,-0.0161011777792484,-0.0114851188268909,-0.0140396205094182,-0.0095728154287623,-0.0122682046458046,0.0087804603988508,0.0120793950167389,0.011320447244171,0.0144226236879475,0.0143383693728503,0.0164489109218486
2017-01-23,0.006421871291858,IV,-0.0106547537413164,-0.0120857388846453,-0.0088088537135811,-0.0104398848997686,-0.0071165834626048,-0.009101727499605,0.0068902050372631,0.0094405225841375,0.0087247640043425,0.0111402883017068,0.0113816992277182,0.0125058735510704
2017-01-24,0.0004534773065814,IV,-0.0117529392173963,-0.013359634364531,-0.0100315582767569,-0.0122209603899217,-0.0080556080537993,-0.0105613063980735,0.0073573190155994,0.009983064275595,0.0099570734444544,0.0116835061953825,0.0121162810549834,0.0129491568276134
2017-01-25,-0.0010421416953092,IV,-0.0107512281489292,-0.0120376907182893,-0.0094476646005794,-0.0115962779348816,-0.0075045383474178,-0.0097026656504975,0.0068043740488825,0.0093362691539419,0.0092519963866256,0.0109607972163259,0.0112753087345772,0.0115226179874909
2017-01-26,-0.0065474784292642,IV,-0.0108719559365907,-0.0124983540738651,-0.0096477484517397,-0.0116606909689575,-0.0076533700789583,-0.0101861479985113,0.0068320233293085,0.0096039311780288,0.0094542474899012,0.0107868520948732,0.0113891833162659,0.0127090731188875
2017-01-27,0.0032090442047809,IV,-0.0120628383251702,-0.0133690734097536,-0.010120385966093,-0.0125572150414913,-0.0082722897552891,-0.0106826119217097,0.0075823335859928,0.0107140721884434,0.0098750992666605,0.0119736211633159,0.0125065080351896,0.0138253010893387
2017-01-30,-0.0016313026691895,IV,-0.0097601400396873,-0.0103997028259021,-0.0076091750448713,-0.0083418316010846,-0.00625885069394,-0.0076254842515937,0.0062042085030015,0.0081972313532988,0.007496876442711,0.0095457596367411,0.0100013230475751,0.0117274088960199
2017-01-31,0.0113034974098907,IV,-0.0128706268136201,-0.0153498449285745,-0.0106101424990254,-0.0138006439275325,-0.0088209875043464,-0.0116904924211496,0.0081675545253539,0.0106933668693302,0.0104013769214257,0.0124545387572145,0.0133446264511705,0.0153621225092792
2017-02-01,-0.0047663073991111,IV,-0.0121477751919351,-0.0137851298013575,-0.0100881086861636,-0.012497062098041,-0.0082260472848588,-0.0111153271677827,0.0077047148729794,0.0104145499885451,0.0097978369147009,0.0127842130129943,0.0124631060639808,0.0138803755265491
2017-02-03,0.0028078238334362,IV,-0.0114889886960648,-0.0134773763603655,-0.0097863687250719,-0.0119329916951212,-0.0078779260833288,-0.0104181549023119,0.0072186714780151,0.0100804388992301,0.0095401846012158,0.011498982385014,0.0114575628170677,0.0131551404770897
2017-02-06,-0.0045521766442227,IV,-0.0091769940758668,-0.0103455514663489,-0.007687061878467,-0.0090077637831756,-0.0059659968582231,-0.0078506257549707,0.0056756810130407,0.0078181313643835,0.0074941606629529,0.0097221543253547,0.0092538887711687,0.0103258614963748
2017-02-07,-0.0050033709037075,IV,-0.0112053183663099,-0.01411459480481,-0.0096476909960645,-0.0118284899820063,-0.0076843662359544,-0.0100637164184114,0.0069031432961041,0.0095040479674086,0.0094629924922771,0.0113487572884602,0.0113471604256173,0.0124899873934473
2017-02-08,0.0019819388347336,IV,-0.0113939185990951,-0.0131544368625765,-0.0096777546481814,-0.0117541238175723,-0.007764889919566,-0.0102936339599736,0.007039949073149,0.0095631479632598,0.0094892093720397,0.0110639519597803,0.0115860145199541,0.0127604005930719
2017-02-09,-0.0040053208200203,IV,-0.0106949515340708,-0.0125234455901864,-0.0091445725411438,-0.0110464617801402,-0.0072366859188328,-0.0094726993686931,0.0067123941583344,0.0091061807361186,0.0089096040560693,0.0105263000871629,0.0111162148238615,0.0121520557070383
2017-02-10,-0.0037178474636892,IV,-0.0109688687987389,-0.0124049384176009,-0.0094190459484346,-0.0114707993301651,-0.0075233247116386,-0.0098558998243255,0.0068695810895887,0.0093206341942193,0.0091384602427019,0.0110929062441159,0.0112436695149226,0.012581941035612
2017-02-13,-0.0019195197439449,IV,-0.0092321657222674,-0.0097301689098837,-0.0077862919505582,-0.0088921614556611,-0.0060271463038131,-0.0081744156301427,0.0057943058447562,0.008275205783386,0.0076611679770851,0.0091797686548207,0.0092854804790952,0.0110788741151036
2017-02-14,-0.003779133314074,IV,-0.0114050873585348,-0.0132929148607662,-0.0097303563092106,-0.0117279680672006,-0.0077462339587371,-0.0101649713521982,0.0070936660436396,0.009823081808974,0.0094541537005963,0.0111898229165418,0.0116363177465261,0.0129110150546245
2017-02-15,0.0009082953530287,IV,-0.010591288296206,-0.0127779625263892,-0.0093099130108346,-0.0110086371121904,-0.0072462425940333,-0.009645881986856,0.0065993700286495,0.0091769977337113,0.0090452160130576,0.0106204172518496,0.0109328502833685,0.0122342945813835
2017-02-16,0.0089253943043753,IV,-0.0108969548200094,-0.0127815228238499,-0.0093495364043741,-0.0113798674583327,-0.0075163145997566,-0.0100531785506136,0.0067385315606003,0.0096433923021402,0.0093136608776754,0.0110146326893098,0.0112482521594023,0.0119795219077182
2017-02-17,-0.0039915151232674,IV,-0.0106030230451289,-0.0122826694301891,-0.0096146164860663,-0.0120073710104661,-0.00752784412316,-0.0098666809711335,0.0067863725311926,0.0092826834055889,0.0093187005219978,0.0105123225509448,0.0110029547687735,0.0124142263363828
2017-02-20,-0.0005224230192029,IV,-0.0082687390495652,-0.0099154290842061,-0.0073637186224012,-0.0080718266631711,-0.0055729470883367,-0.0075070725512872,0.0054578225309857,0.007146363607792,0.0072716476958104,0.008231331414362,0.0089192474663173,0.010174217648867
2017-02-21,-0.007888254192306,IV,-0.0099352255860013,-0.0116214064900876,-0.0090219462634073,-0.01062844798032,-0.0069584723840484,-0.0092704611178624,0.0063503949995467,0.0087701605539218,0.0087503408314289,0.0098527643863673,0.0102698806607895,0.0118729023067264
2017-02-22,0.0010812811388269,IV,-0.0113441125532401,-0.0129249124599164,-0.0098302200822261,-0.0122593875250799,-0.0080691652978464,-0.0102641403965897,0.0074080346342069,0.0100857918126554,0.0098542846459211,0.0113842373587943,0.0121608961625199,0.0130202121385946
2017-02-23,0.0042993120646312,IV,-0.0118247668590948,-0.0138986247864292,-0.0104205082223145,-0.012563886871762,-0.0083904625359638,-0.010730932567402,0.0076564211068695,0.0106946542746398,0.0101691810660565,0.0121200553296863,0.0125223583295255,0.0138480319448695
2017-02-24,-0.0025754758189048,IV,-0.011554532944907,-0.0128276427658802,-0.0100008132461253,-0.0116991907299878,-0.0080548713400598,-0.0103872076989452,0.0074566483718349,0.0102714167000096,0.0097211669183117,0.0117120789310362,0.0119989792287575,0.0137039069218359
2017-02-27,0.0044002809367966,IV,-0.0085436830703563,-0.0095145105037719,-0.0071817403797073,-0.008335333241104,-0.0056818389950029,-0.0064300409803981,0.0051422268257399,0.0070580368994642,0.0071128816965681,0.0079189331981376,0.0088578176395633,0.0094186908702602
2017-02-28,0.0011723413561891,IV,-0.011206791658963,-0.0132369419621237,-0.0097728791206488,-0.0117401638887571,-0.0078079291071085,-0.0100553897111247,0.0072100092370774,0.0098236039027748,0.0094567257634753,0.011087245347515,0.011731512690586,0.0132574229199068
2017-03-01,-0.0066615138144304,IV,-0.0129449873977828,-0.0159816325829789,-0.0113349086151635,-0.0142530380071544,-0.009124028826793,-0.0119923243265756,0.0082567559717435,0.0113375780852513,0.0108830129021101,0.0123414171816484,0.0131802200196782,0.0149852245494029
2017-03-02,-0.0028770582318403,IV,-0.0106712202007109,-0.0124557376476455,-0.0092557762208672,-0.0108425194155485,-0.007364761797259,-0.0094179639269419,0.0067650215148859,0.0095642747716171,0.0089746807599807,0.0106800369283838,0.0110278613045717,0.0123328266249941
2017-03-03,0.0035589377834075,IV,-0.010743062103655,-0.0127911688644722,-0.0090304735548873,-0.0110588356725036,-0.0072721914384428,-0.0093563384345708,0.0066715928686288,0.0091782767705308,0.008851686171702,0.0108658879759622,0.0110155239948934,0.0123141219918688
2017-03-06,0.0033316745175721,IV,-0.0090624689818857,-0.0101439528918114,-0.0073085659280107,-0.0091447346803934,-0.0059210566537968,-0.0075274474770097,0.0053278581817348,0.0074017060641996,0.0073495698655025,0.0102922086371094,0.0088539254452004,0.0105747179007974
2017-03-07,-0.0017046196475734,IV,-0.0097585561462906,-0.0101969940116175,-0.0082785476137614,-0.009474168125334,-0.0065604510706008,-0.0087451368703155,0.0058820920809956,0.0082319746382305,0.0080780097336194,0.0097725764194609,0.0097042065344325,0.0104777076822859
2017-03-08,-0.0021999918981124,IV,-0.0102568173332639,-0.011515818363632,-0.0085058432219949,-0.0103802952123827,-0.0067982485560183,-0.0089845352047177,0.0061940833445943,0.0085355239381645,0.0083974372810463,0.0098073189245371,0.0102265670410761,0.0114471176684966
2017-03-09,0.0023181340421518,IV,-0.0133759274335885,-0.0174387048322691,-0.0117246281770331,-0.0144774026343989,-0.009470694918172,-0.0127098150105369,0.0084294182089592,0.0116434564609113,0.0111787718511944,0.013901894720211,0.0135707726922905,0.0155062834736201
2017-03-10,0.0071780583812383,IV,-0.0141583655245446,-0.018602481826867,-0.0117365388326095,-0.0144257371436859,-0.0098160777252599,-0.0131452479382112,0.0086351953910869,0.0123491350256879,0.0112906129660803,0.014566637853409,0.0140735092303851,0.0148422518744853
2017-03-13,0.0011230095018337,IV,-0.0099618861271574,-0.0104706191335147,-0.0078129067381807,-0.0093829429880379,-0.0062411781377492,-0.0074118945188917,0.0060696172879247,0.0082586372090446,0.007755600711058,0.0089850862260653,0.0100036883305534,0.0118117517198419
2017-03-14,-0.002313040144141,IV,-0.0108410890355358,-0.0117580327470919,-0.0088124043985062,-0.010738086958529,-0.007231645695168,-0.0097771643451838,0.0064153257582488,0.0089954072148506,0.0086589498376316,0.0097285448706565,0.0105838584973104,0.0120584340113814
2017-03-15,-0.0012878604498627,IV,-0.0108470427108253,-0.0118583871441693,-0.0087970626716298,-0.0112340849307775,-0.0072249356404708,-0.0096572707264671,0.0063540705694882,0.0087923515054397,0.0085848684343168,0.0107764052465414,0.0104650231581507,0.0120407658573263
2017-03-16,0.0099121919026285,IV,-0.0130479117117618,-0.0163884787975572,-0.0114835401813229,-0.0130576628285505,-0.0092600000231996,-0.0126007848115455,0.0080563262420547,0.0111044186910248,0.0109486323110079,0.0134497156524256,0.0131313016823317,0.0128518198836214
2017-03-17,0.0004516133614636,IV,-0.0101725553982716,-0.0122026824905808,-0.0087692211814556,-0.0106653657403812,-0.0069004989647234,-0.0089451746166473,0.0060741735166159,0.0085048520860963,0.0084976737425579,0.0096218164567385,0.0100171607570116,0.0106656660348472
2017-03-20,0.0010630466706211,IV,-0.0094606390373166,-0.0112206107042327,-0.007840066827006,-0.009016410735826,-0.0061733289937261,-0.0076593334370821,0.0055274168934554,0.007878602835908,0.0077369046857073,0.0092943197864809,0.0094264773782288,0.010456560952103
2017-03-21,0.0051965876585205,IV,-0.0129229327983145,-0.015192491441099,-0.011281262854238,-0.0144851482134013,-0.0091341978567591,-0.012330796399938,0.0081469451990427,0.0114341624391246,0.0107971226406589,0.0132715429024856,0.0131247336165425,0.0144657847130624
2017-03-22,-0.000814456649756,IV,-0.0113952602080621,-0.0124457530142087,-0.0098436853491702,-0.0120585867043035,-0.0079362879215424,-0.0103801618139131,0.007059235111348,0.0100480140652316,0.0095450697334299,0.0110633436875403,0.0115425915999804,0.011801708777306
2017-03-23,-0.0012507413430084,IV,-0.0122335107332505,-0.0144784391400762,-0.0105764657504386,-0.0129378940009608,-0.0085605706460192,-0.010990782559092,0.0076214602765941,0.0109042403818877,0.0101990280821653,0.0120169945975889,0.012368631742169,0.0127103054589855
2017-03-24,0.0016326004925387,IV,-0.0113838171185858,-0.0145700943473072,-0.0101039623162602,-0.0122437434120596,-0.008140102537587,-0.0105169195537853,0.0074749506188619,0.0102705956388162,0.0099407177638231,0.0120751489406056,0.0121701461107311,0.0133345021749591
2017-03-27,0.0071128892772342,IV,-0.0085563572905675,-0.0114715960064022,-0.0073004007633557,-0.0083393741168488,-0.0058666313253141,-0.0070593609702972,0.00534823196707,0.0069304974847718,0.0074051720654172,0.008693391651847,0.0088632582060927,0.0095662878830619
2017-03-28,-0.0028091360196895,IV,-0.0109571154803455,-0.0123149047733711,-0.0095533837302957,-0.0114112402373137,-0.0078465246111011,-0.010037517664274,0.0071548308587362,0.00974082402399,0.00948501586774,0.0102502568474747,0.0117167676774726,0.0125202488563458
2017-03-29,-0.0088236581242531,IV,-0.0111812365583262,-0.0134551260015515,-0.0096053664044633,-0.0113882729265502,-0.0078635953279514,-0.0101122507317931,0.0072919334355248,0.0097569970827704,0.0095644981809658,0.0115607933609521,0.0117356668995734,0.0130389765793107
2017-03-30,-0.002769794734561,IV,-0.0119477527129823,-0.0147173580644985,-0.010375544687381,-0.0121559605056084,-0.008517965171709,-0.0110490010484093,0.0078736685357992,0.0109999927040194,0.0102012317345135,0.0122255492406438,0.0126793431168366,0.0138013712920888
2017-03-31,-0.0027073722367395,IV,-0.0110132350169694,-0.0127971843443774,-0.0093714890436338,-0.0111971865206975,-0.0078408342249213,-0.0097553058072599,0.0071869454407472,0.0100464742497315,0.0094626957977582,0.01136112391393,0.0117552206719809,0.0134056343359666
2017-04-03,-0.0039575262115121,IV,-0.0100968127854125,-0.0112653104042601,-0.0085680786833675,-0.0098915099363383,-0.0070484634722091,-0.0091997572837757,0.0065010818012657,0.0094331413893238,0.0086520231888162,0.0105454551090942,0.010710706048303,0.0120279436716469
2017-04-04,0.0007599354889681,IV,-0.010340998414089,-0.0137933638698498,-0.0087597433399202,-0.0121387549471739,-0.0073991983152813,-0.0090252680761533,0.0067633460531697,0.0093472952041648,0.0090334261792219,0.0103731121229968,0.0111316234380508,0.0124795619298469
2017-04-05,-0.0002438669811504,IV,-0.0101460028589066,-0.0116957149251316,-0.0087967521096961,-0.0102707157648061,-0.0074864729980402,-0.0097747221026434,0.0069732091692524,0.010036129476137,0.0091277247024805,0.0108097821216913,0.0112776436768805,0.0141941205810705
2017-04-06,-0.0009338098475198,IV,-0.0105898519384637,-0.0134122701763026,-0.0094505696351651,-0.0103247901727686,-0.0077276987100124,-0.009999057899788,0.0071912620246266,0.0100287658225282,0.0094221812697715,0.0112888458985429,0.0113677907940853,0.0139971921613412
2017-04-07,-0.0033246759442447,IV,-0.0123539994009687,-0.0171462157551774,-0.0119010462159191,-0.014373916513582,-0.0095423909820813,-0.0124796213754483,0.0094096284908481,0.0122627752558556,0.0113857195892056,0.0133819936570475,0.013612217554292,0.0106918937812275
2017-04-10,-0.0009519411834902,IV,-0.0087797707360024,-0.0113117619253948,-0.007226228350379,-0.0057777892262917,-0.0064439759856034,-0.0065165708648994,0.0068122013595157,0.0086184072743491,0.0081626056168429,0.0096673136379055,0.0094431612397002,0.0107894001382953
2017-04-11,0.0008247539755253,IV,-0.010099591410908,-0.012380826071273,-0.0090339544036209,-0.0111358063095934,-0.0079797763359182,-0.0102332830555812,0.008093846754232,0.0102318626524147,0.0099051982389093,0.0107378372791167,0.0120517989169732,0.0117920710945408
2017-04-12,-0.0002685594627989,IV,-0.0102130761844249,-0.0140838732563355,-0.0090150258336296,-0.0131224965344735,-0.0081972598980108,-0.012063116750898,0.0087763383364456,0.0093429876600531,0.0102580397057413,0.0101321433343029,0.0129155150084129,0.0146991238763177
2017-04-13,0.0018102023588892,IV,-0.010362110658245,-0.0123084015432177,-0.0097660517511392,-0.0096075411632076,-0.0086356362667307,-0.0110358187138241,0.0086279638985863,0.0107183795277746,0.0105835294681111,0.0141314960714779,0.0126739589125952,0.0182880934688697
2017-04-18,0.0070844580660014,IV,-0.0095148729958655,-0.0108740845021995,-0.008485861526013,-0.0093794534063445,-0.0079110506070247,-0.0078279863725459,0.0079691424214352,0.0098949381046615,0.0097960157468263,0.0111681474704843,0.0115682327953703,0.015599607766031
2017-04-20,0.0048385631852277,IV,-0.0153511008908684,-0.013834697007354,-0.0117765728463062,-0.014331121924096,-0.0098069206497902,-0.0120375560500885,0.0096628885680148,0.0132480375725897,0.0109095727721202,0.012776645572006,0.0155703930115808,0.0178708604154932
2017-04-21,-0.0059250385444167,IV,-0.0172926290887786,-0.0178336764832425,-0.0134133025276269,-0.0158766261540064,-0.0110297254206372,-0.0144980565368393,0.0108235554404079,0.0143486787483598,0.0119498007147731,0.0147407663385118,0.0175097187346795,0.0197133136460874
2017-04-24,0.0141827581842018,IV,-0.0296880139183634,-0.0348053744639647,-0.0262807965647284,-0.0331130837304114,-0.0214676168964406,-0.0272631688208959,0.019908182664026,0.0247688340722968,0.0229800602929276,0.0303077039804128,0.0306653886814379,0.0311431421086532
2017-04-25,0.0086083481954134,IV,-0.0117573904525557,-0.0138711999460171,-0.01003610827876,-0.012160739675753,-0.0082260245164073,-0.0106598635798737,0.0075878124409346,0.0105278430920835,0.009910545222185,0.012094184378168,0.0123187710333637,0.0141418262252649
2017-04-26,-0.0062486593159633,IV,-0.0125757206130487,-0.0147433149818953,-0.0107462490831009,-0.0128468262072539,-0.0087997369161796,-0.0113134817559975,0.0081103834864131,0.0112859272638986,0.0104972782723226,0.0130425090218598,0.0131672908695668,0.0146343427704024
2017-04-27,-0.0007982177395816,IV,-0.0168229698285859,-0.0196930711661256,-0.0153613597736842,-0.0173958066661362,-0.0124007740704442,-0.0164288672642204,0.0111809419229858,0.0151579756158096,0.0142037592669231,0.0178197013629338,0.0175318007616642,0.0180436061337122
2017-04-28,0.0028196641291373,IV,-0.011874727117076,-0.0140729849237481,-0.0101838683281176,-0.0121181456321846,-0.0082715843409874,-0.010808162511689,0.007603533861365,0.0107020629465374,0.0100390822282321,0.01267917417244,0.0123413146018741,0.0143030487103886
2017-05-02,0.0014263342195204,IV,-0.0085872502162336,-0.0088349342393059,-0.0069639515449421,-0.0086927291841004,-0.0054206036802188,-0.0067884738445434,0.0051224794794613,0.0075164513729712,0.0070437446057628,0.0087056118729452,0.0087097604881415,0.011303660952011
2017-05-03,0.0008452088730141,IV,-0.0116777932549565,-0.0113979672905862,-0.0092140240837479,-0.0105074002091404,-0.0071785187129544,-0.0094418194850563,0.0067229698896401,0.009239762741793,0.0085380294458311,0.0108299010858,0.0122689742440252,0.0141051196734386
2017-05-04,0.0043270726170307,IV,-0.0123473805118399,-0.0137091468024818,-0.0099206110262838,-0.0108958393933832,-0.0078509180816266,-0.0098491341681579,0.0072683056594706,0.0100809708642935,0.0093627498524335,0.0121077417108269,0.0118920221894642,0.0141854728637838
2017-05-05,0.002615934092222,IV,-0.0145311518634014,-0.0181308709814298,-0.0120516664427447,-0.0141794543109595,-0.0095032787551687,-0.0126028495320352,0.008590351517144,0.012477679102057,0.0109240939664681,0.0154400794570269,0.0140748315561897,0.0153843775159751
2017-05-08,-0.0061213882578653,IV,-0.0177592670815896,-0.0225187437144513,-0.0151666147910454,-0.0179588968217644,-0.0122490620486306,-0.0159286275114842,0.0108702143198849,0.0151422904021698,0.0138594318289722,0.0159197028054778,0.0173299902881317,0.0178288685409014
2017-05-09,-0.0049260731471014,IV,-0.0108400287114699,-0.0123637894191902,-0.0092336394897838,-0.0110868356057924,-0.0074569781450206,-0.0098284111880144,0.0068313255355386,0.0097055073223834,0.0092519446783322,0.0109073079650025,0.0111718197590148,0.0131635932613032
2017-05-10,-0.0001816365457725,IV,-0.0100749748436613,-0.0124411816449061,-0.008605545523987,-0.0103311406159347,-0.0069781782355923,-0.009267763649597,0.0063430390832955,0.0092221963435261,0.0087816294939055,0.0108590013533254,0.0104645185233731,0.0118797279947717
2017-05-11,-0.000305867718047,IV,-0.0098251141036873,-0.0118149760104995,-0.0083647519597936,-0.010006799951555,-0.0068084394819676,-0.0090998746577714,0.0061056649056165,0.0086828439607895,0.0086280943981095,0.0103790965334273,0.0102429698533919,0.012075437177773
2017-05-12,0.0052122403491217,IV,-0.0100785919462216,-0.0122260729252133,-0.0086394993898519,-0.0104690218832211,-0.007031825429899,-0.0091570150057348,0.0063355999234055,0.0088105840768304,0.0088198341695459,0.0108317257299667,0.0103581220102032,0.0117052281015948
2017-05-15,0.0048482619345926,IV,-0.0085558419732624,-0.0099994658091585,-0.0070329223726275,-0.0088038098500758,-0.0056831414455363,-0.0074266776858271,0.005257164108817,0.0078442047165629,0.0074965331365512,0.0090995241834013,0.0089351340719023,0.0108595407205631
2017-05-16,0.0084079840105951,IV,-0.0102394534851979,-0.0125486290414214,-0.0087324886633031,-0.0110592533908015,-0.0071626808197217,-0.009521794657947,0.0065391563028451,0.0094222523530905,0.0089320047292184,0.0105792583837402,0.0106637757777465,0.0121664265767574
2017-05-17,0.0055303747849239,IV,-0.0117697230319365,-0.013591909345346,-0.0103310500672103,-0.0131506978636726,-0.0084459179720908,-0.011129674275532,0.0077691475539501,0.0107450610551362,0.0102472193974876,0.0129904343933913,0.0124007927939175,0.0125984779552901
2017-05-18,-0.0002874737812267,IV,-0.0123966717390131,-0.0149588707373492,-0.010717396547728,-0.0127343423371115,-0.0087352072790785,-0.0112067735833301,0.0081467655780713,0.0110713862676942,0.01055340867708,0.0128046541761363,0.0128772028302092,0.014197052642037
2017-05-19,0.0053183392565101,IV,-0.0116373457353421,-0.013718960512951,-0.0098588367612533,-0.0118163248346823,-0.0079489602902007,-0.0104292489324181,0.0074126081364996,0.0103077137650557,0.0097603188245813,0.0117264533896189,0.0120258589913646,0.013400090622605
2017-05-22,0.0040804278849093,IV,-0.0091301000180988,-0.0097055343563164,-0.0071985194441769,-0.0092735163082286,-0.0058610843653578,-0.0075920567073659,0.0057039524692278,0.0083581481592893,0.0076440098620719,0.0095509874359068,0.0095406195635073,0.012140008731147
2017-05-23,-0.0033701736153026,IV,-0.011201592534563,-0.0132768859393194,-0.0094678507471336,-0.0114568954089543,-0.0076835643995821,-0.010098981821063,0.0071336160722158,0.0101274794503918,0.0095456031309672,0.0114126295138344,0.0114987603760209,0.0125248652790602
2017-05-24,-0.0020181731772918,IV,-0.0111084988108423,-0.0124456463902516,-0.009541474059559,-0.0113610989555407,-0.0077676207549924,-0.0099726579625175,0.0072383214079567,0.0101376191231444,0.0095707912287103,0.0117704238336749,0.0115297976367502,0.0138888127226659
2017-05-26,-0.0005012632385863,IV,-0.0101145936149517,-0.011334313772462,-0.0087648069034164,-0.0105778576727596,-0.0071446901740174,-0.0093578387349799,0.0067381641978297,0.009471901121164,0.0090098254535743,0.0112249017803942,0.0106532553152677,0.011699996435379
2017-05-29,0.0009642608994367,IV,-0.0083338863463306,-0.0087657197652027,-0.0064906063030706,-0.0076084780158667,-0.005171541979856,-0.006837019926805,0.0050283306903675,0.0073959901055258,0.0069703568278256,0.0084858652194809,0.0086871892231154,0.0108368341238013
2017-05-30,0.000259363933769,IV,-0.0100127223149637,-0.0112784433268246,-0.0081384058305257,-0.0096952925145275,-0.006573774396797,-0.0086500997539045,0.0061303491607617,0.0086792482009465,0.0083895925940446,0.0104268077327916,0.0106102865256939,0.0124490642145817
2017-05-31,0.0047861387276293,IV,-0.0102710272773593,-0.0116953400535712,-0.0085905850050909,-0.0104017126123523,-0.006945549676354,-0.009149826000923,0.0064457424230332,0.0091327491952932,0.0087050425658801,0.0106626804559195,0.0107846151738204,0.0124061601704985
2017-06-01,-0.002031199194555,IV,-0.010839192769094,-0.0126597225464453,-0.0092310498706465,-0.0113171019276301,-0.0074900072707837,-0.0098044693660375,0.0068512316441583,0.009630364684974,0.0093073649301009,0.0110096008615701,0.0113593973611022,0.0122232929290663
2017-06-02,0.005021481900405,IV,-0.0121755528976614,-0.0143819152521389,-0.0100492033994788,-0.0123112925798049,-0.0081003928580601,-0.0106999713618137,0.0073607742048473,0.010370822933126,0.0098264760843026,0.0121259708136602,0.0131300580368874,0.015081959757217
2017-06-05,-0.001789540769987,IV,-0.0092193890422598,-0.0098238208991448,-0.0068128054288692,-0.0083431451623207,-0.0054209603401163,-0.0065624042259741,0.0050437150409322,0.0073743966716839,0.0070144516018128,0.0095347821722912,0.0093184559754956,0.012100948409129
2017-06-06,0.0014478659833713,IV,-0.0106653886255011,-0.0122314151926557,-0.0083535684329722,-0.0100603414182015,-0.0067484144558269,-0.0093336530088617,0.0061518748352231,0.0088311593321365,0.0084105385989003,0.0108365406378563,0.0108874970442237,0.0135133798700187
2017-06-07,-0.0025418169002573,IV,-0.0108554512190626,-0.0121700523544879,-0.0087020555216991,-0.0106275843974753,-0.0069170991722391,-0.0091497362642378,0.0064165347170348,0.0100465222380705,0.0085893178063664,0.0111908931975047,0.0108147316258332,0.0124955183446754
2017-06-08,-0.0018482029822042,IV,-0.0160639038185607,-0.020075792826916,-0.0142648426719998,-0.0170082228201614,-0.0115786032482563,-0.0147516683706467,0.0102950815511157,0.0139766213453583,0.0133884320721128,0.015682803950347,0.0168304320805097,0.0177780150011353
2017-06-09,-0.0024368267273552,IV,-0.0124551840325781,-0.0150665563318215,-0.0102308367267335,-0.0135226225462423,-0.0081989519705957,-0.0108339704574607,0.00739902857285,0.0100571087371704,0.0098734019779764,0.012462595317899,0.0124377349516683,0.0133630660244416
2017-06-12,0.0012146925686911,IV,-0.008449504476902,-0.0095707355135252,-0.0061719608740506,-0.0081853479427024,-0.0048559231281281,-0.0065262855575949,0.0045628594239398,0.0068861602080865,0.006505038059624,0.0086628569424631,0.0086129041444539,0.012042251886287
2017-06-13,-0.0008662106951573,IV,-0.0090701300793035,-0.0106750394181098,-0.0069342840298929,-0.0087025773970153,-0.0055442963455823,-0.0070317040417034,0.0051442284959573,0.0085725496566275,0.007308038088033,0.0096097011320464,0.0090730281937043,0.0108459443035528
2017-06-16,-2.68019869222036e-05,IV,-0.0098429131097954,-0.010987667045711,-0.0078140258711959,-0.0088472367695397,-0.0063069614286178,-0.0078406618997395,0.0057220211378327,0.0086855890707476,0.0080670135279046,0.0102653704412047,0.0095883099161542,0.0110669188187355
2017-06-19,-0.0029794947062335,IV,-0.0073618993363094,-0.0074675459654854,-0.0052694042786033,-0.007171043981475,-0.0044756721920931,-0.0058251360096878,0.004103897377255,0.0062157800076753,0.0062367557699796,0.0079831931750338,0.0073822548865427,0.0094445840789699
2017-06-20,-0.0032288456386149,IV,-0.0088885984423233,-0.0106471969221459,-0.0070790287463097,-0.0081420989890967,-0.00584884328701,-0.0078244491706436,0.0053400962826446,0.0077298041663889,0.0076965609262944,0.0093067372738022,0.0090488635166207,0.0106101126801382
2017-06-21,0.0017043525734924,IV,-0.009163761339459,-0.0108519614439705,-0.0075819261396441,-0.0092597005325092,-0.0060418908137771,-0.0082920460368581,0.0055636369936068,0.0083106565836079,0.0079533917037334,0.0095786383497277,0.0094588398755614,0.011444763711699
2017-06-22,0.0003970403721081,IV,-0.00894424631882,-0.0105378123467325,-0.0072798251108216,-0.0086393130260574,-0.0059149774997243,-0.0077625119320374,0.0053854207868766,0.008008380535267,0.0077359324040034,0.0089484374548151,0.0091723477020793,0.0105539063060278
2017-06-23,0.0044218253866304,IV,-0.008658483482935,-0.0101958988711451,-0.0071611271058915,-0.0086222981381627,-0.0056856257256658,-0.0074743846476228,0.0051537308278728,0.0076975885126746,0.0075278688820276,0.0093856391722029,0.0084398834254602,0.0099185149139535
2017-06-26,-2.00956328847562e-05,IV,-0.0070366114727819,-0.0075505315188017,-0.0053520982628058,-0.0068027443864342,-0.0042227129055399,-0.0055753646147895,0.0039579933747107,0.0064175468509596,0.0062092502783418,0.0073853550977928,0.0069394854787666,0.0092859432513622
2017-06-27,0.0115484517084992,IV,-0.0082984547237904,-0.0096563987505685,-0.0067463464221066,-0.0080102480897891,-0.0053684994043855,-0.0072669579939553,0.0049185409605034,0.0074359909373706,0.0072840048646575,0.0081928493322324,0.0084929516091918,0.0096345541160913
2017-06-29,0.0082474331715743,IV,-0.0107777125059368,-0.0123604719260841,-0.0091216824470763,-0.0110514960605833,-0.0073965834645879,-0.0093782761949043,0.0066992917537696,0.0097860053050768,0.0092908621417984,0.0115782841705258,0.0117617070665672,0.013142388527433
2017-06-30,-0.0007993421730383,IV,-0.0125943210606676,-0.0146137116760357,-0.0107313692599067,-0.012916701079268,-0.0088281455268628,-0.0113902648689157,0.008091693186848,0.01145163322458,0.0105733494540918,0.0135771672730698,0.013474241044497,0.0144115180794864
2017-07-03,-0.0039007456916974,IV,-0.0078691590347317,-0.007663408887072,-0.005806057509685,-0.0064760270971778,-0.0046995916710732,-0.0061149478773344,0.0047144106334519,0.0071778091184988,0.006576090380599,0.0084491982360205,0.0089003084093134,0.01172581261856
2017-07-04,-0.0016597368042999,IV,-0.0090496854211617,-0.010493763350681,-0.0073565845565388,-0.0087683248026927,-0.0058484646168096,-0.0077525897695414,0.005600526806611,0.008219495061985,0.0076793360512472,0.0095193988696088,0.0102071769308246,0.0115242693696756
2017-07-05,-0.0010668548634614,IV,-0.0085709820555073,-0.0090919050819576,-0.0066258772388301,-0.0084517632653701,-0.0054788273689756,-0.0072324647528792,0.0052755625989041,0.0077702328811023,0.0073979946506253,0.009099677138196,0.0097584328136841,0.0124435189155531
2017-07-06,0.0062657810858605,IV,-0.0107378304210222,-0.0123097399806374,-0.0085692917432118,-0.0109295107977204,-0.0071204693401545,-0.0094810549745144,0.0065257127320496,0.009229904576621,0.0089360798219981,0.0108615152867811,0.0117132640012479,0.0131653651940248
2017-07-07,-0.0009604021270636,IV,-0.0117352461510666,-0.0151863757313372,-0.0097088499414515,-0.0119267387566743,-0.0080047835733102,-0.0106682051775389,0.0073756626900571,0.0106307612936191,0.0097627446861009,0.0118412841447178,0.0126306847187603,0.014424799994662
2017-07-10,-5.04575734184831e-05,IV,-0.0092544653714333,-0.0102694823091651,-0.0069156204981011,-0.009183219553686,-0.0058043540400429,-0.0078114167524185,0.0056610578757883,0.0083009732133523,0.0076771245722004,0.0099517609491499,0.0101985447023713,0.0113668757977975
2017-07-11,0.0030251442817144,IV,-0.0083793678613216,-0.0092241735860629,-0.0064066002308938,-0.0081860784142861,-0.0053908243039058,-0.0073350543651449,0.0051212140099965,0.0077306788909274,0.007356918110858,0.0091239928190708,0.0090396770502425,0.0117471717434495
2017-07-12,-0.0016899735202592,IV,-0.0098600035749405,-0.011725421097317,-0.0078279111737408,-0.0099767370981347,-0.0065633246229019,-0.0084642709440642,0.0061973353248946,0.0086691259019968,0.0084407706186037,0.0108698924342741,0.0108838936493893,0.0129228344897454
2017-07-13,-0.0023294848161203,IV,-0.0098541335114042,-0.0115303268441336,-0.0079798721293568,-0.0099389135034654,-0.0066784114034461,-0.0090597962360289,0.0062548017110572,0.009117926172906,0.0085594861453803,0.0106211971408769,0.0105300953779777,0.0136898136865414
2017-07-14,0.0059118132214929,IV,-0.0108791331002596,-0.0120402595720064,-0.0086217757580425,-0.0110067204827727,-0.0071659469926807,-0.009734153621798,0.0066112421691377,0.0096268051955055,0.0088554576285411,0.010396337703823,0.0116240735898396,0.013124394022434
2017-07-17,0.00153572331324,IV,-0.0082277276462849,-0.0067763364658066,-0.0055318670503633,-0.0065926172121517,-0.0045519220555705,-0.0060144703463738,0.0044464046436355,0.0071056071269439,0.0063540183995262,0.0077858953987282,0.008740252366504,0.0096864132544487
2017-07-18,0.0094566788733079,IV,-0.0096112016268379,-0.0106597979220577,-0.0071695055250492,-0.0089746744673928,-0.0059875279533496,-0.0079959543279754,0.0057097193096479,0.0083167891909589,0.0077470709208765,0.0095859411284086,0.0105928214057054,0.0120225052494253
2017-07-19,-0.0052325367238444,IV,-0.011829997079467,-0.0141789952039191,-0.0092961446599072,-0.0109204238598966,-0.0076449144861441,-0.0094537631295443,0.0070824534310614,0.0104547035794984,0.0093817164891129,0.0114301200133512,0.0122196454909971,0.0127757113923617
2017-07-20,0.0100081392218803,IV,-0.0160588827826295,-0.0223017586556331,-0.014538584541366,-0.0174911614080741,-0.0119134174546847,-0.0159982748578232,0.0104447851051498,0.0144093891799709,0.0135312720382483,0.0165762888002891,0.0168951285313316,0.0169255899542456
2017-07-21,0.0018099241573854,IV,-0.0119693668873478,-0.0144921421723248,-0.0097952951291258,-0.01194476208144,-0.0080407658737045,-0.0105550751694205,0.0074992581808424,0.0108381200949619,0.009749886371522,0.0123980389360265,0.0125652649493937,0.0129893701288623
2017-07-24,-0.0010795486689696,IV,-0.0082999752415714,-0.0107415047479623,-0.0059435480107815,-0.0077749810019604,-0.0048934898995991,-0.0067560301950253,0.0050200530916207,0.0077229708093951,0.0068107676973736,0.0087151084886255,0.0088761262138711,0.0123094323447553
2017-07-25,0.0010902739212546,IV,-0.009871865248398,-0.011765191178509,-0.0076368519902411,-0.009332158397672,-0.0063284369917709,-0.0081542718729095,0.0060739194404767,0.0084486377563131,0.0082125079574683,0.010281101485785,0.0107912138421636,0.0128941076266583
2017-07-26,-0.0019281025763111,IV,-0.0106909922713215,-0.0128897603362063,-0.0085565040456483,-0.0103605331796349,-0.0071126036950864,-0.0096744556182057,0.0067146393268992,0.0095655647485209,0.0089578192797525,0.0115784320894507,0.0113570591834805,0.0132026479119554
2017-07-27,0.001958132670758,IV,-0.0122020675175948,-0.0158245050983481,-0.010332139820181,-0.012219260162126,-0.0085074787647886,-0.0113643953075338,0.007851227377716,0.0105884313687279,0.0102650233798944,0.0128709579834029,0.0127753319288458,0.0134320070886402
2017-07-28,0.0085347930743589,IV,-0.011389233350867,-0.013820187113874,-0.0094987634432481,-0.011783129753617,-0.0078683526092174,-0.0101951685554085,0.0073736358854132,0.0104875044644905,0.0096440718351192,0.0117506485692316,0.0123936504126174,0.0129620302758778
2017-07-31,0.0059583685429108,IV,-0.0089501102520955,-0.0101380712512966,-0.006607847593675,-0.0082871772952485,-0.0055406186433461,-0.00700968993111,0.0057933745043444,0.0075901579105889,0.0075054767605698,0.0091474912614414,0.0098365800952674,0.0125701718266286
2017-08-01,-0.0022561858880392,IV,-0.0105258231510491,-0.0126388334964414,-0.008567663975022,-0.0107037247312869,-0.0071673068338634,-0.0094258872609692,0.0070437652024492,0.0099317632204457,0.0090404672984846,0.0115007292746517,0.0112931906156159,0.0131699424461172
2017-08-02,0.0052452956032793,IV,-0.0119582224036529,-0.0139530774351437,-0.009839880114523,-0.0121103520915119,-0.0081760331020359,-0.0107612082418345,0.007832591468269,0.0104692578418711,0.0099606625547829,0.0124738298685476,0.0125770948264646,0.0141517090663641
2017-08-03,0.0015627668782196,IV,-0.0122594060290007,-0.0145677381593597,-0.0102103051109397,-0.0123478941089213,-0.0084862403676432,-0.0112034539987787,0.0080459817987491,0.0107796643509893,0.0102332492494869,0.0129286865042502,0.0129732406068317,0.0146515541903451
2017-08-04,-0.0106463661140996,IV,-0.0146842794097001,-0.0189079126096817,-0.0128926734623372,-0.0158212044452175,-0.0106528852118287,-0.0136985128377304,0.0096688667495032,0.013075331049253,0.0124672377771054,0.0148604792947145,0.0152832667536978,0.016690989148525
2017-08-07,0.0028801080195604,IV,-0.0099510886508865,-0.0114019423598486,-0.0076113588876013,-0.0095488127527552,-0.0063610026373857,-0.0082749083659678,0.0064331194865126,0.0090559804198976,0.0081742117765811,0.0103710973112887,0.0106320508424535,0.0128126615505849
2017-08-08,-0.0053334593934312,IV,-0.0110462049732592,-0.0138484789218164,-0.0092224927036037,-0.0114086683591329,-0.0077524061703391,-0.0100954687898992,0.0075419218807487,0.0103614950475128,0.009605721450978,0.0118168607651493,0.0124037517345675,0.0134311952921599
2017-08-09,0.0019959342408365,IV,-0.010310025868147,-0.0121060707857755,-0.0084201416370746,-0.0103707507207701,-0.0070516899796619,-0.0090863119290231,0.0070113800537031,0.0095279202101323,0.0089642288349515,0.011109578495643,0.0112384672280784,0.0133736341192344
2017-08-10,0.0002383085212957,IV,-0.012435047434328,-0.0148316700435074,-0.0104048756367831,-0.0124984994268041,-0.0086507470706362,-0.0111200912183219,0.0081814813205948,0.0111882200715749,0.0104136078222876,0.0128058387642816,0.0131479715005613,0.0144067268974459
2017-08-11,0.0050570268829806,IV,-0.0135330345774999,-0.0166863456349216,-0.0116138119950917,-0.0142980006248713,-0.0096954796036073,-0.0123642675914242,0.0089301111106252,0.0121547348585787,0.0113461579036646,0.0141144356364666,0.0145778834226126,0.0158098104517403
2017-08-14,-0.0020638617631211,IV,-0.0099920598694308,-0.0099578463504189,-0.0076702648497648,-0.0095000723767091,-0.0064029520905522,-0.008145368236038,0.0064863415173048,0.0093431618666296,0.0082859606993406,0.0104255824280303,0.0107422890555917,0.0118887882771167
2017-08-15,-0.0042683510088747,IV,-0.0108959913969873,-0.0133447770713593,-0.0090279425107523,-0.0113887088424997,-0.0076465920520629,-0.0098407349099635,0.0074524366989442,0.0104029709035316,0.0094601311187481,0.0124749788020447,0.0116785014076712,0.0133217784571433
2017-08-16,-0.0029055710514144,IV,-0.0115816150514859,-0.0134446819871277,-0.0094344869546182,-0.0115751997446081,-0.0078960054379347,-0.0102499857661476,0.007717903517165,0.010504649886363,0.0097174044090321,0.012125258552741,0.0120430373014075,0.0137767140563565
2017-08-17,0.0028608355182927,IV,-0.0120210782779594,-0.0141331149191661,-0.0101113601635492,-0.0121977757259874,-0.0084474189149327,-0.0111621832609363,0.0079581332763965,0.0110224326287198,0.010235934101047,0.0128441288620395,0.0128569560077356,0.0143869702015772
2017-08-18,0.0010539484115097,IV,-0.0112732541737337,-0.0136570835724708,-0.0091810983576752,-0.0116225756449592,-0.0076774372728918,-0.0098278279921805,0.007443356193707,0.0101571253521573,0.0094998218892626,0.0117723823393034,0.0117885899227465,0.0134687211201435
2017-08-21,0.0055113746329005,IV,-0.0089137455067931,-0.0099099425817556,-0.0065936405698885,-0.0088651076083429,-0.0055596800672625,-0.0070984268599378,0.0059341742942494,0.0081024107487221,0.0075139919287349,0.0093593947326476,0.0093485241108716,0.0122999311147387
2017-08-22,-0.004290609567865,IV,-0.0111237370894618,-0.0123479840017192,-0.0089193181819528,-0.0109347306140588,-0.0074151997016973,-0.0095818826569707,0.0072586990904166,0.0100584329245743,0.0092385837443423,0.0117513861700813,0.011836675382685,0.0140201266819067
2017-08-23,0.0033399073211833,IV,-0.0114567617403465,-0.013203902956238,-0.0092946235823414,-0.01123901047864,-0.0077677032526959,-0.0100032085647601,0.0074684661191053,0.010183956542949,0.0095795869896397,0.01216643519864,0.0122919822657843,0.0136330426655543
2017-08-24,-2.11840619598891e-05,IV,-0.0108712251697977,-0.0120680367964705,-0.0086637736847361,-0.0107220260186958,-0.0072541693770903,-0.0092499407807518,0.0070980118561229,0.0099163298351647,0.0091027723117312,0.0115332317761504,0.0115728606413033,0.0137661991858158
2017-08-28,0.0143860742811274,IV,-0.0105087646221785,-0.0115608651179446,-0.0082450459843622,-0.0102457662859013,-0.0068969529456179,-0.008832304135641,0.0066941209314687,0.0094003981668401,0.0087189621998858,0.0108539533251814,0.0108525521315123,0.0127831819587628
2017-08-29,0.0044005204944015,IV,-0.010121226536463,-0.0115983010441507,-0.0081345826654461,-0.0101908323113835,-0.0068543846923303,-0.0088253177313141,0.0068353700145128,0.0095231272714187,0.0088480225779363,0.0113636316387717,0.0112928301346882,0.0130964613473052
2017-08-30,-0.0082082317258048,IV,-0.0121224791619703,-0.0144013033582246,-0.0101400280095516,-0.0123971273488005,-0.0084535859289635,-0.0106555997469602,0.0080936002263945,0.0110873284173762,0.0102405734458248,0.012899467889717,0.0131961712250195,0.0143731005576437
2017-08-31,-0.0028401029604059,IV,-0.0122162421580704,-0.0142173110543918,-0.010078230798551,-0.0124501048169177,-0.0084276422507521,-0.0108609592954087,0.0080451786877054,0.0110170514711577,0.0103357953578,0.0131279654694471,0.012977702994227,0.0146349718722303
2017-09-01,-0.0013020465422687,IV,-0.0145467387503698,-0.0183309277761433,-0.0127974455610655,-0.0152214064896576,-0.0105036324933911,-0.0138148050298307,0.0097138298084261,0.0130601883394851,0.0123639513439427,0.0171011121167754,0.0161550910755487,0.0172908657911963
2017-09-04,0.0032550901300177,IV,-0.0094532077065229,-0.0095301773928868,-0.0065357508644781,-0.0077748275973312,-0.0054263474766677,-0.0068819073073488,0.005701833055179,0.0087515057449776,0.0071836356735747,0.0094242004807308,0.0097750201366993,0.0116494720869393
2017-09-05,-0.0004427754749548,IV,-0.0114268393739453,-0.0123917328023043,-0.0087440007368269,-0.0106669915860471,-0.007476198182152,-0.0095114938390694,0.0072927120237261,0.0104131514321713,0.0091511502316829,0.0119532865242502,0.0126267654109706,0.0159816524047452
2017-09-06,0.0025071706436782,IV,-0.0128468818779692,-0.0141107576069471,-0.0103101165851864,-0.0127087900440093,-0.0084788637600566,-0.0107490108172463,0.0081885032136073,0.0116891233420532,0.0101968955899621,0.0128056819127458,0.0136839481666779,0.0143276852573023
2017-09-07,0.0071493920273014,IV,-0.0206024403663483,-0.0275114445237014,-0.0194124162886678,-0.0219630246314849,-0.016048815691999,-0.0203023537767888,0.0136302425222516,0.0166674675164182,0.0170343912350435,0.0205952220044778,0.022198746894445,0.0215747283923629
2017-09-08,0.001086598689763,IV,-0.0138483767545081,-0.0168467802989609,-0.0118182621709437,-0.0144165943267269,-0.0098153127336636,-0.012746326446178,0.0091830570559601,0.0119158414001952,0.0115193112342145,0.0142459340200889,0.0150128726448397,0.0156190783018067
2017-09-11,-0.0063283835573456,IV,-0.0106125761395607,-0.0121018282942585,-0.0079308536956176,-0.0093744732797912,-0.0065600988978837,-0.0082760851924049,0.0067021873712843,0.0092261881217064,0.0085270190353773,0.0109591147204556,0.0116482237268279,0.0131967029010267
2017-09-12,0.0003635383604342,IV,-0.0106964533872925,-0.0119878924824401,-0.0085578554021524,-0.0104853542659392,-0.0071200987300809,-0.0092952780068208,0.007056442044458,0.0097977341345333,0.0090765403365494,0.0115474623404214,0.0114004167296625,0.0132569828247926
2017-09-13,-0.0058115216284125,IV,-0.010472803691072,-0.0120683192576051,-0.0082716450076123,-0.0104621746959776,-0.0068502564742648,-0.0088464583769602,0.0068294911213049,0.0099033593582001,0.0088317511513939,0.0112366969411071,0.0115350198767422,0.0133208259310276
2017-09-14,-0.001046893785453,IV,-0.0134726420664139,-0.0161726181414903,-0.0114352335756944,-0.0138239271213434,-0.0094499820413721,-0.0123576522710333,0.0087686017347803,0.0119415175087508,0.0112196087022064,0.0139205862362156,0.0145101773639678,0.0153076061167264
2017-09-15,0.0060601289705531,IV,-0.0129298000380909,-0.0150172959427742,-0.0105606993923212,-0.0124450239373357,-0.0086630161372515,-0.0110774276173628,0.0080817412670379,0.0110567713407436,0.0104445758500237,0.0133051700516762,0.0137383516165228,0.0150376174244752
2017-09-18,-0.0015901115172914,IV,-0.0103408116656335,-0.0097878892622231,-0.0074188903352682,-0.0088945482248936,-0.0062147598845419,-0.0079394460410632,0.0063279767091878,0.0087595659307732,0.0080490016402141,0.0104111222147275,0.0106165662818757,0.0121233015485805
2017-09-19,0.0033989250656673,IV,-0.0118800256468539,-0.013294967667852,-0.0092482412763614,-0.0115233686638822,-0.0075634184493153,-0.0097151177705144,0.0072959080646747,0.0103773401747706,0.0093365217386431,0.0118146274847998,0.0122721250744208,0.0139744614431163
2017-09-21,-0.0028169856839768,IV,-0.0113257806353011,-0.0124637285513476,-0.0089356974970354,-0.0110918422229155,-0.0073378591189397,-0.0093938773155685,0.0072405709806686,0.0101479251759155,0.0091792424535935,0.0112094024664937,0.0127535339662954,0.0141554917410462
2017-09-22,0.0018231698088604,IV,-0.0117008648583941,-0.0137721291804939,-0.0094907054720679,-0.0117551064489201,-0.0078062149388511,-0.0102144683805571,0.0075058346187253,0.0105992779834277,0.009690155394888,0.0122980463499339,0.0126778757551447,0.0136778574006235
2017-09-25,-0.0097818972485281,IV,-0.0100838675328959,-0.0112310702416419,-0.0075289622719217,-0.0090151779068965,-0.0062250253421219,-0.008099739193001,0.0063419456607851,0.0090764597997198,0.0081991023999287,0.0106983010932828,0.0110343617593548,0.012758413078862
2017-09-27,-0.0089075556866935,IV,-0.0122086709190596,-0.0144989792907664,-0.0102055924827307,-0.0120408049343628,-0.0084200925518733,-0.0108396509763573,0.0079729105076178,0.0109076987809349,0.0101611439122579,0.0128476634239744,0.013396789748843,0.0145451902591826
2017-09-28,0.0025591878985491,IV,-0.0121194452479541,-0.013390789245495,-0.0099930484316168,-0.0122170162694709,-0.0083027962174118,-0.0108008844415641,0.0079444191071894,0.0109510151554319,0.0100818520054893,0.0124971253341871,0.0132871583965816,0.0140944728587201
2017-09-29,0.0030670611966423,IV,-0.0113154676241834,-0.0137225527884325,-0.0094325003300789,-0.0115916580807074,-0.0078893370000087,-0.0103200910025597,0.0076024906195774,0.0103347047561905,0.0097307619388614,0.0122342631513089,0.0121410627457906,0.0135533723435015
2017-10-02,-0.0058178138606317,IV,-0.0080432938797631,-0.0086136179381282,-0.0057489763910481,-0.0074611482556112,-0.0048600715832123,-0.0062940907224059,0.0052273975239614,0.0073638751694499,0.0069545372012399,0.009363217563136,0.0090548935319746,0.0107215004329651
2017-10-03,0.0012445155176277,IV,-0.0107617239678166,-0.0122099326611535,-0.0086441283261415,-0.011111059467586,-0.0072295960988915,-0.0091630691096413,0.0067964709759577,0.0100078123473097,0.009122571804197,0.011483609949471,0.0117154141234923,0.0130181047057548
2017-10-04,0.0002019547096855,IV,-0.009715057489789,-0.0112002490417672,-0.0079049737015017,-0.0101465950937454,-0.0066682942578255,-0.0088235305759219,0.0063131443865113,0.0089770969386707,0.0085618095054025,0.0105620257470791,0.0105525957240466,0.0125996622929696
2017-10-05,-0.0047514125206026,IV,-0.0097240527328363,-0.0107275903886087,-0.0079459115927677,-0.0099155737237699,-0.0067181634519208,-0.0089894644279356,0.0065865333374299,0.0092267699569784,0.0086634386668516,0.0107759016792248,0.0112776615102928,0.0134071441211956
2017-10-06,0.0023252599727384,IV,-0.011001000207182,-0.0132578132346474,-0.0094206677626753,-0.0112644853658795,-0.0077659502851896,-0.0100512483036858,0.0073282302512512,0.010359435156757,0.0097364439966165,0.011972691180149,0.01199670578827,0.0136566620290396
2017-10-09,0.0008519520866309,IV,-0.0075912155718818,-0.0071599643980602,-0.0053655315633831,-0.0068151786292105,-0.0045836470477602,-0.0053992402919728,0.0047855730616076,0.0072632678614939,0.0064995856763354,0.0084704196216381,0.0085705457767639,0.0102913076582261
2017-10-10,0.0052045461269718,IV,-0.0088290135280459,-0.0098832028460218,-0.0070019929513015,-0.0085820928767058,-0.0058044327679053,-0.0074913230618961,0.005718063390369,0.008288960856956,0.007778370198959,0.0100918738414587,0.009933587540142,0.0119317912933604
2017-10-11,0.0036551981341831,IV,-0.0110386239032416,-0.0125953165724898,-0.0090239040320736,-0.0107430930753148,-0.0074843280217195,-0.0097276412029411,0.0070646636039985,0.0099576005515717,0.0093141980781816,0.0113394372203775,0.0121384327433673,0.0135803003254745
2017-10-12,-0.0005931404850839,IV,-0.0112147018786286,-0.0136787192569604,-0.0093740798603223,-0.0115585034360279,-0.0078418030883957,-0.010316335080301,0.007350521806207,0.0104790122035216,0.0096743162887717,0.0117669374875126,0.0126475061046455,0.0141719879264514
2017-10-13,-0.0002871979425959,IV,-0.0113336893753901,-0.0136973169490854,-0.0095581655617612,-0.011829668265124,-0.0079860234057108,-0.01045524232431,0.0075030355393224,0.0103170559981058,0.0097869447512646,0.0120770719425367,0.0123534321889064,0.0129512984158407
2017-10-16,-0.0023492480421303,IV,-0.0077043462208276,-0.0085247574411153,-0.005484362925382,-0.0071806880797744,-0.0046427942663131,-0.005930111528646,0.0050871962707685,0.007279484173548,0.0066614929229785,0.0087816823883331,0.0086668513639509,0.0117628577111122
2017-10-17,-0.0047066100257386,IV,-0.0091373460663547,-0.0101885434923672,-0.0074928630990646,-0.0102524263658791,-0.0062766594096844,-0.0080569346522615,0.0064319216001269,0.0089454431284344,0.0082618652883992,0.0099630078558996,0.0102407565121514,0.0117332075696007
2017-10-18,0.0017001602245549,IV,-0.0091564381587001,-0.0108592096202474,-0.007237818112906,-0.0092895636486929,-0.0061315187319268,-0.008143990984487,0.0058871489897772,0.0084717217459823,0.0081312932940794,0.0096724425383816,0.0105547546603632,0.0127326838691662
2017-10-19,0.0058286858057201,IV,-0.0089057001889329,-0.0102300535886821,-0.0070648315917035,-0.0092235835566699,-0.0059186752478097,-0.008171198837736,0.0057426012986973,0.0082892244144173,0.007904348630345,0.0097040978031393,0.0103349070855979,0.0120017771072683
2017-10-20,-0.0061642384619644,IV,-0.010113635310204,-0.01215303736015,-0.0083570160368197,-0.0113553607515805,-0.0067213377421181,-0.0089119815051192,0.0065423677420565,0.0096294760969365,0.0083663043835122,0.0103196416706078,0.0117819141914642,0.0134507103610468
2017-10-23,-0.0007649711596441,IV,-0.0091546207012336,-0.0079921869320411,-0.0062930306553686,-0.008337673037303,-0.0050387478398473,-0.0064066661160382,0.0052605795772003,0.0083577048639509,0.006757909650483,0.0094372000492954,0.0094680185176977,0.0125502120793845
2017-10-24,0.0004356803110603,IV,-0.0097240580864031,-0.012506943542269,-0.0078154756029297,-0.0093711387780295,-0.0063852882008996,-0.0086412493125681,0.0062715015010878,0.0088959557856138,0.0081309194056522,0.0103674343081533,0.0107291638248261,0.0122053947915227
2017-10-25,0.0031397799521961,IV,-0.0090343674426184,-0.0090144402274773,-0.0071761553585785,-0.008557439774734,-0.0059349410898117,-0.0079699775830308,0.0060207877279075,0.0078696409326242,0.0076947182404095,0.0095663070432235,0.0101883284079065,0.0118611768359433
2017-10-26,-0.0087800201300357,IV,-0.0173656295787812,-0.0215604624919095,-0.0159815309375192,-0.0201750107198978,-0.0130754235739374,-0.0169262997852222,0.0113204390112586,0.0148137903206073,0.0144809813640977,0.0178721145114259,0.0186205488168302,0.0160457608410029
2017-10-27,-0.0102104162981519,IV,-0.0109943542641736,-0.0129760670036314,-0.0092207420921705,-0.0110291272798305,-0.0075691592922386,-0.0099047489265654,0.0069694209799912,0.0105600577208343,0.0092684995438382,0.0115519886147363,0.0121822107301454,0.0127375503996784
2017-10-30,0.0040072442454978,IV,-0.0086675163941918,-0.0092177551886974,-0.0065090489772446,-0.0077211271065646,-0.0051155220878787,-0.0065237668035909,0.0051209552686997,0.0074451732790087,0.0069795398279484,0.0092184942494361,0.0092270952188347,0.0118450308847664
2017-10-31,0.0018130579473746,IV,-0.0102717309881078,-0.0116807617098323,-0.0087438255404742,-0.0106927135641161,-0.0069896480511792,-0.0092852648071467,0.0066219417557735,0.0091753086548113,0.0087331263150841,0.0106460458526661,0.0112540096283901,0.0123978030111292
2017-11-01,-0.0026132231854628,IV,-0.0089841712593396,-0.0099707367245328,-0.0074127031067929,-0.0096686725073668,-0.0058719633549008,-0.007916453918737,0.0057124741915736,0.0082814562146927,0.0077326190455949,0.0103870250294161,0.0097893506872636,0.0102809586788048
2017-11-02,0.0046436372018332,IV,-0.009412623749502,-0.0119738717763652,-0.0077506778407601,-0.0100018382833491,-0.0061435979084299,-0.0084447773807649,0.0058949431137096,0.0084453271727859,0.0079992766930723,0.0107434488343473,0.0105125582324261,0.0120779043187025
2017-11-03,-0.0047792124769843,IV,-0.0114682430527551,-0.0129808117568236,-0.0100271990305604,-0.0115771308204249,-0.0080892283697965,-0.0109258197053536,0.0072356835807291,0.0102468054190299,0.0097341407534495,0.0114260846731705,0.012378542202394,0.0146196540865029
2017-11-06,-0.0026937929786597,IV,-0.0067402318519037,-0.0073947275611331,-0.0048203624386713,-0.0064577123730477,-0.0039845154768783,-0.0053008877457285,0.0041094671841034,0.0058683886343941,0.0059891158298411,0.0081148091296112,0.0075017727889128,0.0101446546425858
2017-11-07,-0.0008570691998104,IV,-0.008209849237549,-0.0098766690817934,-0.0065275946413167,-0.0082233251534614,-0.0052988867764061,-0.007234912503209,0.0050739797656471,0.0077138740380629,0.007248960903672,0.0090301102670459,0.0092693842398994,0.0102883144581151
2017-11-08,0.000872174662917,IV,-0.0085453905560998,-0.0097616407962882,-0.0066467517367412,-0.0083930385044121,-0.0054079119341411,-0.0072641260317421,0.0051667328413004,0.0078301838228875,0.0073079682138838,0.0091102471075424,0.0092257323575807,0.0112440110546776
2017-11-09,0.0033499281095035,IV,-0.0084415050126958,-0.009841188987063,-0.0067842167196108,-0.0081005836526203,-0.005482972864058,-0.0075721541664568,0.0052725653496122,0.0080745783045206,0.0073609255184539,0.0097420584827707,0.0093247649236896,0.0111307033139094
2017-11-10,0.0031929734531217,IV,-0.0090562793159115,-0.0110764253448855,-0.0072958073696594,-0.0090243539397047,-0.0058652315950015,-0.0079223379309052,0.0055351490158886,0.0081042862031978,0.0077294972776767,0.0101538612637194,0.0102353206346574,0.0119647347050967
2017-11-13,0.0002593702889798,IV,-0.0075167757322823,-0.0086938335634803,-0.0059333992328055,-0.0077778260081459,-0.004686527108067,-0.0060443839321726,0.0046625462269818,0.0072672231742252,0.0066142330405723,0.0092964230488281,0.0084424220466185,0.0114321374298027
2017-11-14,0.007779764557259,IV,-0.0086331079094817,-0.0105291877671571,-0.0068596780579171,-0.0083137719450625,-0.0055823617003099,-0.0074213594165986,0.0053200768802057,0.0080217310195685,0.0074832865435709,0.0098422607755571,0.0096504747198368,0.0113397617995905
2017-11-16,0.0015448941356597,IV,-0.0108423924276474,-0.0119096502705098,-0.0087376685698141,-0.0110228304603099,-0.0073184290885505,-0.0095010452651771,0.0069017968990295,0.0096029462409162,0.0093115947372219,0.011821972044512,0.0114229053651838,0.0129500789437167
2017-11-17,0.0006283247286914,IV,-0.0086671613576359,-0.0098242829099614,-0.0070287948297372,-0.0085188285721521,-0.0058129414145384,-0.0075660587852897,0.0057841989108073,0.0084086876766902,0.0077977271091211,0.0098025467003873,0.0100333404998237,0.0128629922916442
2017-11-20,-0.0027880150490046,IV,-0.0075770439063123,-0.008245625134062,-0.0055942424231571,-0.0073881380013684,-0.0047025139557578,-0.0060800939829232,0.0048412472196346,0.006986374534025,0.0068530174432123,0.0082331799511569,0.008749190809848,0.0105199560818605
2017-11-21,-0.0019639215717016,IV,-0.0096478810283295,-0.0115688574557231,-0.0075702337012786,-0.0095812170157692,-0.0062879604779847,-0.0082715193073327,0.0060793583033399,0.0086800348321966,0.0083462845053796,0.0102439962655565,0.0106504152383884,0.0116749214799188
2017-11-22,0.005193226041589,IV,-0.009257090312298,-0.0105389576338096,-0.0072171241061743,-0.0091999223348613,-0.0059854387221803,-0.0079279052963428,0.0057465139877006,0.0084383963690973,0.0079684415989884,0.0095058230520859,0.0102847948742222,0.0108382432573694
2017-11-23,0.0048202654119499,IV,-0.0083574635849921,-0.0089528052588625,-0.0063345479321535,-0.0085077032841968,-0.0054000188275297,-0.0070172783298008,0.0054131601308504,0.0078896774194528,0.007523918169319,0.0096306670989606,0.0091816801220608,0.0115702949453396
2017-11-24,0.0076627438346619,IV,-0.0084594394092894,-0.0091101051590601,-0.0064146475725986,-0.0079221680549461,-0.0053687620828531,-0.0070279675943659,0.0053826917252633,0.0078805334975482,0.0074300074389825,0.0097719870427436,0.0094805815392768,0.0114846230676557
2017-11-27,-0.0012702566745783,IV,-0.0080016586550855,-0.0082080926790385,-0.0058494350249548,-0.0074429955002667,-0.0049456401763593,-0.0062177868919649,0.0053178845068937,0.0078721003338754,0.0070919597445983,0.0082454400504322,0.0089267421017242,0.0107669728323826
2017-11-28,-0.0041721593981019,IV,-0.0103875437872186,-0.0117395885714977,-0.0085468828535181,-0.0104875572041026,-0.0069935315136481,-0.0093595197738436,0.0068601156624939,0.0095205883943474,0.009012585924087,0.0110686655111916,0.0114362943173538,0.0129709108883217
2017-11-29,-0.0016737499269828,IV,-0.009683535447479,-0.0113014125155924,-0.0078655134378635,-0.0095945539430761,-0.0064707965179572,-0.0083886884230033,0.0064899919693639,0.0090548821666094,0.0085884785071607,0.0107804674163087,0.0106269715005405,0.0125613759142387
2017-11-30,0.006139511320332,IV,-0.0099119619001079,-0.0113150168616625,-0.0079802450874013,-0.0099428690208034,-0.006638719738331,-0.0089831944033865,0.0065314965884113,0.0090553611237298,0.0087368475886199,0.010782330018033,0.0109952454952227,0.0126230268545966
2017-12-01,-0.004756463968746,IV,-0.0104072321093547,-0.0127314269122825,-0.0086007263112376,-0.0108261882319496,-0.0070509469080365,-0.009284128381135,0.0068345652605711,0.0097524151490267,0.0090963949876751,0.0111556771611897,0.011338516864359,0.0125110588331102
2017-12-04,-0.0013767180841036,IV,-0.0088711352853216,-0.0098720412992434,-0.0070339971394792,-0.0089855771501169,-0.0057165015004157,-0.0072187630443999,0.0056703160193928,0.0084990714874816,0.0076706705506803,0.0093862560399233,0.0097007742725398,0.0116769645068515
2017-12-05,-0.0014229828877487,IV,-0.0099593115961175,-0.0107437227467925,-0.0081174342939218,-0.0096621150522979,-0.0066498760340856,-0.0087069431642639,0.0064446086980218,0.009462965533265,0.0087115822453042,0.0109209131863924,0.0109436896416169,0.0130478945569342
2017-12-06,-0.003778394012138,IV,-0.0095379266228562,-0.0106768328152732,-0.0077470504596963,-0.0094021813482206,-0.0063390552325135,-0.0083225425545051,0.0061236777338865,0.0088962223808262,0.0084063780109838,0.0104426448131286,0.0104896079536937,0.0120649225979726
2017-12-07,9.54292567737214e-05,IV,-0.0095131359729573,-0.0115641015798803,-0.0076511315012284,-0.0093861885468178,-0.0062151266029417,-0.0081862306375148,0.0060278070883742,0.0088310168375433,0.0083199454756827,0.0104997927380661,0.0103550476392444,0.0124017934243844
2017-12-08,-0.0029412816513751,IV,-0.0115219216761381,-0.014669139617175,-0.0094431653825992,-0.0113562621562804,-0.0075716001059363,-0.010472707614959,0.0068950818040821,0.0098919320658251,0.009415673864337,0.0127479894605334,0.0115886323409356,0.0137082873055854
2017-12-11,0.00340769363729,IV,-0.0077807853858521,-0.0072713055176355,-0.006121569959666,-0.0073551515403017,-0.0049551430542562,-0.0058504506428303,0.0049850133911249,0.0072267323076803,0.0067364835239108,0.0088086129118278,0.0084136629513538,0.0095609725415434
2017-12-12,-0.0055538045300474,IV,-0.0086109918154138,-0.0104748805788604,-0.0070485060264586,-0.0085397841355053,-0.0055574046564886,-0.0069136802834436,0.0053025830488408,0.0077990951936499,0.0076354260266947,0.0102584643372717,0.0094434818151002,0.0109184465576971
2017-12-13,0.0024161774222044,IV,-0.0093018150502141,-0.0102662309678296,-0.0073706042902208,-0.0095902830247817,-0.0060145527377831,-0.0088088525853278,0.0055883436806599,0.008498477393919,0.0079517479793487,0.0102688358742279,0.0098309009306234,0.0126744012962816
2017-12-14,0.0016825507353605,IV,-0.0133953893850425,-0.0161485934840103,-0.0118383951888329,-0.0143670348302534,-0.0098085334135512,-0.0130226788818787,0.0085382777704118,0.011477108450752,0.0114521714255306,0.0140634121142601,0.0143345729495226,0.0142431354716817
2017-12-15,-0.0011830135939527,IV,-0.0090454018029889,-0.011235190441468,-0.0074740261554656,-0.0088727199808984,-0.0060146529708356,-0.0080892618021388,0.0056458093438381,0.008768264137301,0.0080828536012369,0.0100713098242713,0.0098721182360633,0.011158010193078
2017-12-18,0.0040868191931285,IV,-0.0064778515769476,-0.0057214436282349,-0.0045860429329748,-0.0063648412167996,-0.0038184003907686,-0.0051151405944813,0.0041170516002549,0.0061887014250328,0.0060815791500778,0.0089311955741904,0.0071760630423377,0.0104962253864689
2017-12-19,-0.0001862686168166,IV,-0.0081170792365064,-0.0097226924223897,-0.0062080029590834,-0.0078093835822297,-0.0051456858414471,-0.0069294816662131,0.005160382476789,0.0076862132432861,0.0073612819710305,0.0091366904072673,0.0088932533593904,0.0105148065872388
2017-12-20,0.0061917350383403,IV,-0.008694245340071,-0.0101438746015898,-0.0068537867372631,-0.0086800173420434,-0.0056745287994925,-0.0075567529797793,0.0056055649840835,0.0079390519538797,0.0078932204898451,0.0095913147383231,0.0096110043967241,0.0098782103445212
2017-12-21,-0.0018952321645922,IV,-0.009408128233735,-0.0098003608935187,-0.0075586483915315,-0.0097506238615394,-0.0062728869399789,-0.0085085848335734,0.0063410313530154,0.0088336901407812,0.0084112250559682,0.0108609469331355,0.0103128004419853,0.0123484897190323
2017-12-22,-0.0021818543437567,IV,-0.0093363464745916,-0.0125781147947398,-0.0075541499829148,-0.0086338007305622,-0.0062358499067664,-0.008251956954215,0.0063814064895661,0.0088221483123717,0.0084204734462401,0.0099394889182787,0.0104221254098078,0.012950338156105
2017-12-27,0.005063291287788,IV,-0.0055318125186798,-0.0055606802667956,-0.0034700896600833,-0.0053712502159354,-0.0029289560333167,-0.0041651250009613,0.0038777893065926,0.0057002718345773,0.0054390862764821,0.008300453248262,0.0064073128065322,0.0094101642951208
2017-12-28,0.0035686937257717,IV,-0.0078086354846795,-0.0086136216104466,-0.0060052477442853,-0.0079756751398899,-0.0049130963574618,-0.0066848093951135,0.0053969156362285,0.0073672249757422,0.0072370342597534,0.0086759252141952,0.0087919184235231,0.0103117379180196
2017-12-29,0.0060591440774794,IV,-0.0084256000849025,-0.0094337143793327,-0.0064990586826281,-0.008362427109455,-0.0054679040341454,-0.0071476566447519,0.0058697271404707,0.0084007803058002,0.0076973260928647,0.0091659140414758,0.0094876737239108,0.0118426012074171
2018-01-02,0.0029349184657595,IV,-0.0064857471421266,-0.0051819240524361,-0.0043369693013702,-0.0059127481182469,-0.003614266444505,-0.0053235136807127,0.0044074817096393,0.0062360860046197,0.0058885217355091,0.0073598388730333,0.0072869428635006,0.0102519796358199
2018-01-03,-0.0018426713345847,IV,-0.0095000957662929,-0.0108462467945948,-0.0074968726594042,-0.0095304982104009,-0.0062298152129848,-0.0081897557020285,0.0064997026608012,0.0089934234916293,0.0083013720046879,0.0105265984256378,0.0102984567520226,0.0120561024848107
2018-01-04,0.0042929162374028,IV,-0.0098017405873674,-0.011071000409421,-0.0078410345189467,-0.0097976480266307,-0.0065316736846662,-0.0086957428970624,0.0066805101595385,0.0092071560438435,0.0086114014953311,0.010423406213654,0.0107934081458045,0.0119550905608667
2018-01-05,-0.0032060149521632,IV,-0.0101678441148627,-0.0120664410490095,-0.0083975008764171,-0.0100668195990276,-0.0068120719437737,-0.0089846490197062,0.0068281468558324,0.0097850886973774,0.0089883683472362,0.0109973167250249,0.0111054056934734,0.0123245532600467
2018-01-08,-0.0050663384988665,IV,-0.0071317692274217,-0.0069496323271371,-0.0050880524079514,-0.006673446038472,-0.0043096562506594,-0.0056682014973448,0.0048616786941434,0.0070105681639433,0.0064459306117445,0.0082306031743821,0.00793723299825,0.0099735422921029
2018-01-09,-0.0038088112934847,IV,-0.0082941619560749,-0.0093796309337339,-0.0064280064169683,-0.0080073230083275,-0.0053175195138434,-0.0072210387028193,0.0056821943105334,0.0079979547924319,0.0075152047257804,0.008903175490191,0.0092268139466081,0.0109808462981117
2018-01-10,0.004432816739867,IV,-0.0083427663490885,-0.009704546840769,-0.0063772737514055,-0.0077960697509955,-0.0053582002423794,-0.0069261668053142,0.0056533504359878,0.0081157274651408,0.0073776814410225,0.0093248590350827,0.0092357778515311,0.0114350804994503
2018-01-11,0.005542577916034,IV,-0.009319811016603,-0.0106819379684777,-0.0074054842327534,-0.0094498017102988,-0.006171084511271,-0.0079230328598957,0.0063030940149474,0.0084198991072235,0.0082833772848887,0.0099152158867861,0.0101937803991827,0.0119178080174669
2018-01-12,0.0081414491760611,IV,-0.0116560923575914,-0.0141780211249598,-0.0099874962744035,-0.0122262007373477,-0.0082319477803186,-0.010702526934561,0.0078499111297091,0.0106660059098755,0.0101876523883394,0.0123561480821775,0.0127467858019744,0.0133621698914248
2018-01-15,0.0091896934612592,IV,-0.009074979566327,-0.0097774320453991,-0.0067887773715913,-0.008810349402982,-0.0056956180647764,-0.0071917835038664,0.0060751338484529,0.0081623423619439,0.0077199791249653,0.0095962893963025,0.0097307408019128,0.0114441523630045
2018-01-16,-0.0024969872536213,IV,-0.0119107449635506,-0.013920534589685,-0.0099538405290535,-0.0118104459027355,-0.0082576303066297,-0.010779109218622,0.0081631473357876,0.0107718486391557,0.0101786971375114,0.0125684487323388,0.0130011607570052,0.0140549074388712
2018-01-17,0.0010726512777072,IV,-0.0105750523275069,-0.0119939047941134,-0.0086837275898249,-0.0105403104876111,-0.0072317485211542,-0.0092439626052647,0.0073754709851463,0.0097798701182431,0.0092641586228085,0.0114429426407502,0.0117051068104172,0.0128792133079685
2018-01-18,-0.000308397083088,IV,-0.0117559770918657,-0.0138641261102379,-0.0097412416909347,-0.0116719533947694,-0.0080819677074627,-0.0104302018575348,0.0080104372143496,0.0106152889678012,0.010022960892358,0.0122805407828514,0.0127262103421946,0.0139689090502348
2018-01-19,-0.0014329446802678,IV,-0.0127009715157223,-0.0136961426650099,-0.0106474169515107,-0.0136087326575773,-0.0087405755451919,-0.0116344514870493,0.0081512870001573,0.0124493492685879,0.0103038261172552,0.0128879168274103,0.0132132162459677,0.0145074525359266
2018-01-22,0.0026374000854685,IV,-0.0118110490462466,-0.0146775522903481,-0.008903671193834,-0.0103000669723076,-0.0072574766430642,-0.0094414726269151,0.0070450397172443,0.0098587376892906,0.0088968891166596,0.0121829945828568,0.0114172473382414,0.0134417933885913
2018-01-23,0.0032203982135551,IV,-0.0116581910995737,-0.0119566010000924,-0.0092899594170545,-0.0113087204548952,-0.0076351793863822,-0.0102373402375971,0.0074961727100589,0.010296598257539,0.0094284893109659,0.0119274674029507,0.0119944905452891,0.0125107494987574
2018-01-24,0.0071491404581036,IV,-0.0111588089673121,-0.0122624341388369,-0.0088560426745908,-0.0104250795014865,-0.0072727698932472,-0.0091980041754672,0.007102508707605,0.0099798068577375,0.0090973582459303,0.0117295775875046,0.0115500800792392,0.0124352274898279
2018-01-25,0.0098893139492676,IV,-0.0185983263824445,-0.0259958577538126,-0.0171303934884009,-0.0192700987049172,-0.0139825323962548,-0.0181710451717077,0.0126121223733303,0.0165270936254724,0.015272841750791,0.0183436390102314,0.0197737574779097,0.019320202617785
2018-01-26,-0.0058389877113291,IV,-0.0152293040796306,-0.019533650690482,-0.0130648419592349,-0.0156578566525925,-0.0106653240088755,-0.0137256500926228,0.0097536250103582,0.0124251020009108,0.0120669492445844,0.0152102664668465,0.015677707346028,0.0170021707844061
2018-01-29,-0.006055355651087,IV,-0.0110413557915083,-0.0117809721558047,-0.0081146357592986,-0.0100170863993748,-0.0066522725932135,-0.007740433407245,0.0064348638917237,0.0092803860913307,0.0083465989865382,0.0106659345860788,0.0107582474563541,0.0127745270558409
2018-01-30,0.0043405036500426,IV,-0.0136843721593293,-0.0156237181481927,-0.0114901673604774,-0.0137303538951591,-0.0094256526459318,-0.0120877356380392,0.0088014812050001,0.0117665278921981,0.0110503951750577,0.0137979223764418,0.0142456708448627,0.0152705122427979
2018-01-31,0.0036957468638132,IV,-0.014281109193943,-0.0171787654646089,-0.012016930669226,-0.0140557021441989,-0.0097774746743392,-0.0125477759610403,0.0092004250010122,0.0119268808836811,0.011423918829372,0.0143909899214874,0.0147594458057392,0.0159228185904584
2018-02-01,0.0010471226150304,IV,-0.0131717976153046,-0.0163819682697035,-0.0112273350454414,-0.0135423729723816,-0.009243106642335,-0.0117913795114353,0.0088184152689461,0.0119344198594693,0.0109710398445296,0.013246293361658,0.0139524502004089,0.014883569530078
2018-02-02,-0.0026701213402625,IV,-0.013765120303206,-0.0157378217632795,-0.0118857666284944,-0.014411887466004,-0.0097901669612752,-0.0127466658448724,0.0092909085854028,0.0123573345251245,0.0115843942681065,0.0142483433500888,0.0145379877363345,0.0152012752700365
2018-02-05,-0.0012833899343829,IV,-0.0098152653833358,-0.0104366968870949,-0.0073008711845131,-0.0087764549735674,-0.0061410508882531,-0.0078150988265552,0.0063872135063106,0.0087217159656249,0.0080568521674041,0.0099372896887947,0.0099843410931067,0.0133628963239741
2018-02-06,-0.0061095833192769,IV,-0.0128162927575531,-0.015187568549321,-0.010822558935526,-0.0131195521325767,-0.0090080593804095,-0.0114898688662722,0.0087965438608667,0.0116573144126221,0.010844940905607,0.0132727283976024,0.0140587094579437,0.0151237141355503
2018-02-07,-0.0041684569105097,IV,-0.0141983011888638,-0.0171714285471217,-0.0121841808103191,-0.014169713375494,-0.0100729423070071,-0.0129725770985351,0.0096021666998072,0.0125455664477502,0.0118184527948981,0.0147105841662681,0.014968610198799,0.0162645298607455
2018-02-08,-0.0026656229033615,IV,-0.0129758437487034,-0.0152178243497616,-0.0109201975537898,-0.0131315373061394,-0.0089955652914513,-0.0117160314473225,0.0087326001121704,0.0115486523166921,0.0108667455960153,0.013123648178866,0.0139857939357447,0.0154096541255036
2018-02-09,-0.0009608764911463,IV,-0.0142973997756312,-0.016940901882257,-0.0122754096140714,-0.0147506024686273,-0.0102237114251987,-0.0128723413445386,0.0097110627855987,0.0128309770691496,0.0119106822873054,0.0147488967990664,0.0155886176137187,0.0166864040291883
2018-02-12,0.0023363210529276,IV,-0.0104175620556339,-0.0104006073592412,-0.0079111010477753,-0.0098436093757954,-0.0066884127810393,-0.0080500764282086,0.0069148676480269,0.0093411468246369,0.0086051456480651,0.0108023679855166,0.011074151486088,0.0140034622138078
2018-02-13,0.0065799725540594,IV,-0.0117047503206295,-0.0133029177168139,-0.0096784596772645,-0.0118199972256634,-0.0081455214139608,-0.0102737724034799,0.0083353201491726,0.0109754393029958,0.010134024597911,0.0122904967679008,0.0127861596194684,0.014394895478436
2018-02-14,0.0035983973273472,IV,-0.0129978402758502,-0.0158059943433506,-0.0111993081079461,-0.0130111294160656,-0.0092883070642563,-0.0120873861124124,0.0091929419556801,0.0119394534021405,0.0112793007816138,0.0135482917142526,0.014529313448504,0.0160335118593582
2018-02-15,0.0059927470782523,IV,-0.0133449913095758,-0.0157554102783686,-0.0110758934164573,-0.0134295276126824,-0.0092943734840459,-0.0121103000151086,0.009139020786037,0.0116621539063335,0.0111644019328375,0.0141587059440958,0.0145318514246501,0.01530346949178
2018-02-16,-0.0023510165129363,IV,-0.0129744454438609,-0.0151108572081137,-0.0106996006688279,-0.0130132705009678,-0.0089568807485652,-0.0114121423772325,0.0088564187931287,0.0118949083367829,0.0109165056809802,0.0134237966693049,0.0138409294504164,0.0152333108580558
2018-02-19,-0.0041316593136701,IV,-0.0095730354039537,-0.0091283243642843,-0.0072179210837511,-0.0086364228619032,-0.0060946266100501,-0.0076230672287274,0.0065788288745175,0.0085457016007952,0.0080739686195636,0.0104147704322265,0.0101714030724736,0.012659660302709
2018-02-20,-0.004489066341954,IV,-0.0113160832151409,-0.0124510120271147,-0.0091340456033432,-0.0112740398818409,-0.0076723600950819,-0.0098697294468169,0.0078516545912616,0.0105836726013464,0.0097501612053234,0.0115258411565918,0.0124735015469457,0.0141426785745621
2018-02-21,-0.0017537977247558,IV,-0.0123359224542287,-0.0141562052967275,-0.010054517371138,-0.0121862965781635,-0.0084702654403527,-0.0107365244903196,0.0084593724904792,0.0114048648037395,0.0104491548331409,0.0128069483029854,0.0133938548510464,0.0150472048007044
2018-02-22,0.0002069662408927,IV,-0.0120704845636679,-0.0139991269375396,-0.0099932320443478,-0.0120469026246839,-0.0083854000549019,-0.0104658829902874,0.0084070547006671,0.0110884011967338,0.0103364784813518,0.0127527963453132,0.0132248410945015,0.0148535131099423
2018-02-23,-0.0018662726985864,IV,-0.0117015289492199,-0.01345190979671,-0.0096059087742224,-0.0117298767639593,-0.0080742896902199,-0.0104997973839818,0.0081336202218145,0.011090523188251,0.0100265080240157,0.012444796230483,0.0125227445870306,0.0144132573944241
2018-02-26,-0.0007320257511923,IV,-0.0086552078004591,-0.0082444239183823,-0.0062827659489597,-0.007450232185737,-0.0054007252565448,-0.0069025780417279,0.0060439896868782,0.0078754334142869,0.0075587630724059,0.0090144555888858,0.0091648213364777,0.0120835966573815
2018-02-27,-0.0041971089576523,IV,-0.0113146077463636,-0.0132507786818331,-0.0088466771790613,-0.0107997973782698,-0.007363364620242,-0.0098615887511703,0.0071531834324986,0.00982904389014,0.0091161798644406,0.0118582054089955,0.011342383927086,0.0129856637614195
2018-02-28,-0.003484791088526,IV,-0.0120705548174255,-0.0137751369486005,-0.0100963617302679,-0.012179622654581,-0.0083178618121463,-0.0105396657411367,0.0080032639002603,0.0106391718138804,0.0100241197072909,0.0126946199011926,0.0125894362267592,0.0135297678607442
2018-03-01,-0.0015796203580378,IV,-0.0118082597216925,-0.0128717768566952,-0.0096620432078077,-0.0111710189409136,-0.0079595683716536,-0.009627724186549,0.0076891237889108,0.0104022927776926,0.0096790115078096,0.0122053132895668,0.0121719201718736,0.0129610351356732
2018-03-02,0.0108225280587452,IV,-0.0129853132110028,-0.0117155174069727,-0.0104941725045347,-0.0112875271116386,-0.0086223561245202,-0.012302477589851,0.0079875078731812,0.0104133309866507,0.010030513652199,0.0129862915032733,0.0128380460914293,0.015982701957444
2018-03-05,0.0015017943172966,IV,-0.0136884155216285,-0.0140324537407514,-0.0116502635796789,-0.0129099927739345,-0.0094689681727674,-0.0123301958315986,0.0088210235337005,0.0120473606108457,0.0111154099795799,0.0133715621265753,0.0141443197513052,0.013700043838918
2018-03-06,0.0056823045442265,IV,-0.011086717301149,-0.0120096791653251,-0.0087068667873604,-0.0101367445989977,-0.0071945091950026,-0.0089995868086663,0.0071953482749416,0.0099600740525823,0.0091781710917667,0.0111710060998475,0.0111772303613608,0.0126766865424341
2018-03-07,0.0003991750435546,IV,-0.0110065146726573,-0.0120846642948639,-0.0089973823927741,-0.0109424661735721,-0.0073688038274884,-0.0093782864082532,0.007369219751425,0.0098792111166813,0.0092513899931766,0.0117599580255717,0.0114103864886938,0.01262351806448
2018-03-08,-0.0060956751889699,IV,-0.0152959171363802,-0.0192128591657211,-0.0135157802831087,-0.0161722248159169,-0.0110491541696808,-0.0146705732229053,0.010381134036264,0.0132445110919963,0.0128657199593266,0.0155122664458077,0.0159911791388753,0.0167658042019763
2018-03-09,-0.0006958314299529,IV,-0.0122642325379376,-0.0146755552074216,-0.0103506571884434,-0.0121069678085914,-0.0085062058912412,-0.011019908174161,0.0083836093718984,0.0111344559932878,0.0105542209879441,0.0127778861828886,0.0130238310379575,0.0134531427124969
2018-03-12,-9.33553327881476e-05,IV,-0.0078006235483674,-0.0078106208013195,-0.0056384856324932,-0.0071020157965265,-0.0047271528211223,-0.0059864177372436,0.0053021899767637,0.0077777482447526,0.0069907982466951,0.0083772217410397,0.0083582634805337,0.0104194844324166
2018-03-13,0.0064836704681207,IV,-0.0104688427486868,-0.0126461745091947,-0.0087851742776614,-0.0110154134623234,-0.0073351170018104,-0.009471904297312,0.0074764865245285,0.0098893322718017,0.0094060568698953,0.0114732448930696,0.0112750831725751,0.0135468625063527
2018-03-14,-0.0029625044006762,IV,-0.0099026564667002,-0.0114958304917033,-0.0078717258701462,-0.0097540991400095,-0.0065967445524821,-0.0085923568099901,0.0068868690799527,0.0091453369622939,0.0087195549319455,0.010745115833561,0.0101698827152355,0.0121611306198854
2018-03-15,-0.0033588145679747,IV,-0.009111630840117,-0.0112866601523684,-0.0071983000001171,-0.0090590592856661,-0.0060422654016885,-0.0080216393746952,0.00648047279048,0.0088107496707765,0.0082433262278402,0.009873131885963,0.0099602893461104,0.0121966679372002
2018-03-16,-0.0032235472675634,IV,-0.0095467034327614,-0.0108041195281556,-0.0079040440264066,-0.0097785271589243,-0.006228917307719,-0.0081000757095048,0.0064387395765022,0.008485705817125,0.0082588544555517,0.0100578022026603,0.0098065886647005,0.0117969754041584
2018-03-19,0.0038889129795266,IV,-0.0087362868255511,-0.0091917153511794,-0.0063857405803099,-0.0078269244207952,-0.0052211261726047,-0.0072351683403465,0.0056377074327438,0.0076714184108259,0.0073950037061224,0.0100025244056296,0.008642463238936,0.0114097790499811
2018-03-20,-0.0046811454770359,IV,-0.01057908097166,-0.0129744075429832,-0.0083301305052559,-0.0102265169734081,-0.0068119503667093,-0.0089581649558167,0.0067947277455301,0.0087594887336242,0.0088052830135717,0.0106103159514548,0.0105899690839359,0.0131076105484667
2018-03-21,-0.000183382303714,IV,-0.0102103623116718,-0.0124567791512932,-0.0082376421204072,-0.0100896546520116,-0.0067593397234972,-0.0084642905488522,0.006852469379533,0.0091646958882267,0.0087392344830675,0.0111867619141943,0.010546679996118,0.0120828971497857
2018-03-22,0.0034440038150736,IV,-0.0116162251151716,-0.014488158391798,-0.0096918530079756,-0.0118462347979036,-0.0079470238945148,-0.0104810934721334,0.007869329801154,0.010563973740823,0.0100055357009404,0.0125183799342995,0.0119857588309841,0.0127904015309627
2018-03-23,0.0039076642277987,IV,-0.0105224430956163,-0.0128821612391238,-0.0088316130659452,-0.0104266463409177,-0.0072675166979438,-0.0094400145220625,0.0073712337859196,0.0101152252920892,0.0093181291761084,0.0119462433332327,0.0111308658854608,0.0126589206509615
2018-03-26,0.0065527202342676,IV,-0.0076412317268904,-0.0085146158907354,-0.0055203656913662,-0.0067024147752447,-0.0045163957243789,-0.0056473939135538,0.0052215040175067,0.0072107712898783,0.0067984559905476,0.0083372396916438,0.0079965444012147,0.0114652296336206
2018-03-27,-0.0025595223322674,IV,-0.0093777316352761,-0.0108760875892599,-0.0073039817663824,-0.0086480923405334,-0.0060525017724218,-0.0079273033956837,0.0066710363074727,0.0093519106242537,0.0083807854248366,0.0098212615167585,0.0100351704067897,0.011770161432438
2018-03-28,-0.0047378809402388,IV,-0.0095589353924645,-0.011076385666938,-0.0074843038696235,-0.0091996275969195,-0.006203959757579,-0.0081368631580822,0.0067343070912217,0.0092849895527409,0.0083683699875356,0.0104749149530004,0.0099639033133921,0.0110263997066751
2018-03-29,-0.0050025116829716,IV,-0.0095333568851595,-0.0111178403749858,-0.0079179179977207,-0.0099414141269767,-0.0065559445306918,-0.0084741377948215,0.0069965096033852,0.0093586019460257,0.0088275184009317,0.0107636705277282,0.0104180365206018,0.0123956625831069
2018-04-03,-0.0021813280120666,IV,-0.0085748518753795,-0.0096950849223327,-0.0066768801009842,-0.0084146467853274,-0.0055827543922196,-0.0072453386482828,0.0061885300811668,0.0080715692706268,0.0078826150497543,0.0094214762287441,0.0090930190733936,0.0121139934914233
2018-04-04,0.0024925582384917,IV,-0.0098828430111474,-0.0114338952365056,-0.0078484959164497,-0.0099335464736383,-0.0064541758155616,-0.0084443734599513,0.0068763260759155,0.0091543238572842,0.0086313052714371,0.0105592143927574,0.0106295502672959,0.0129314379510242
2018-04-05,-0.0051323939090839,IV,-0.0097699139937869,-0.0110442346782012,-0.0077866707470277,-0.0093837560240244,-0.0064443039777745,-0.0084204738468182,0.0068377262310525,0.0091844523222119,0.0086091183054687,0.0105367993458329,0.0102591614126905,0.0123309499928021
2018-04-06,0.0036608251407901,IV,-0.0101763996484902,-0.0119797046128111,-0.0082089324306968,-0.0097008395000633,-0.0067653806396167,-0.0088711319943703,0.0070696938408971,0.0090500918254984,0.008917526782165,0.0108899827758618,0.0106788810069001,0.0124213725317695
2018-04-09,0.0036677666342598,IV,-0.0069839773296904,-0.0072688026264566,-0.0048932572013635,-0.0065043894892412,-0.0040538822449565,-0.0052677303726506,0.0048948620093775,0.006498006516899,0.0064022092987671,0.0079415883854338,0.0075466563426125,0.0100034412608083
2018-04-10,0.0014864493536897,IV,-0.0088802416348543,-0.009773144076683,-0.0068482835862845,-0.0084409516435749,-0.0056017571511871,-0.0074069055308796,0.0062457368653088,0.008400118743952,0.0079524659066859,0.0097190976645411,0.0093598641408306,0.011294157721345
2018-04-11,0.0037781535248323,IV,-0.0091378432183558,-0.0113410495611494,-0.0076803914891172,-0.0096942290117517,-0.0063231697679666,-0.0080599734976252,0.0067857333541766,0.0091896531012547,0.0085939218627399,0.010351746274218,0.0103663902774236,0.0118633367091687
2018-04-12,-0.0053356346145168,IV,-0.009297045526632,-0.0112052189962867,-0.0075643090277775,-0.0095314085542755,-0.0062012966710475,-0.008186942452531,0.0066724769378318,0.0089956087147085,0.0084824578920248,0.0101998043981326,0.0101639009830332,0.0124380611702794
2018-04-13,0.0002333710458004,IV,-0.0088783946036589,-0.0099710687499375,-0.0070439592678869,-0.008358280003231,-0.0057920161252044,-0.0073677595710876,0.0062770468720793,0.0082645137190558,0.0080684545740703,0.0097213919042735,0.0095479253944925,0.0112487366373434
2018-04-16,0.0042136187742451,IV,-0.006637855102134,-0.0066875202443968,-0.0045776545482587,-0.0057895378953975,-0.0036335614923021,-0.0052374760028063,0.0047439122002786,0.0067129370181669,0.0061658304186194,0.0072313458171711,0.0068864181350317,0.0083740072732175
2018-04-17,-0.0022696250298611,IV,-0.0081845493014839,-0.0094199481702023,-0.006517238702702,-0.0081824727388191,-0.0053328962875093,-0.0071625334890155,0.0060018688877569,0.0079704706218085,0.0077129682465514,0.0093159823430077,0.0089249454387283,0.0102970625709152
2018-04-18,0.0028513727132174,IV,-0.0086433875897042,-0.0100069328361597,-0.0068211734974738,-0.0087346847330199,-0.0055751435980638,-0.0074087332512913,0.0061853945273573,0.0082858672937211,0.0079389374593546,0.0093805636840265,0.009530903940597,0.01156743515193
2018-04-19,-0.0035523153679389,IV,-0.0086265487224893,-0.0105630392173955,-0.0066110069264903,-0.0081725603551626,-0.0054102638100933,-0.0071536291573076,0.0060957344210166,0.0088505317759223,0.0077681411696889,0.0093396825131383,0.0086354986748963,0.0118601163173814
2018-04-20,-0.0044154665623125,IV,-0.0088136821998004,-0.0099169261143704,-0.0069440840093651,-0.0081508106320729,-0.0056054111565341,-0.0071521007860793,0.0060799499585434,0.0083214499734163,0.0078031722828054,0.0094438341903495,0.0091096860444175,0.010723511965087
2018-04-23,-0.0054537648088002,IV,-0.0073681760654152,-0.0081686328127418,-0.0048765910474501,-0.0063089288373888,-0.0039477083767007,-0.0050757361065727,0.0047052546687902,0.0063480224620831,0.0062679954310459,0.0078567963709346,0.0072451596374325,0.0093298844886931
2018-04-24,0.0010514280137059,IV,-0.0099452219215982,-0.0117979225466949,-0.0082174372190301,-0.0102949505380693,-0.0066911025953502,-0.0087288678627021,0.0069488190896144,0.0095994098379528,0.008632972092428,0.010813295607304,0.010310846391672,0.012823480586083
2018-04-25,-0.0041938833322185,IV,-0.0098716943275474,-0.011214480636545,-0.0081067298610446,-0.0096603207601718,-0.0066216465157838,-0.0086424238813248,0.0068804661407659,0.0089763835762037,0.0086432979668714,0.010569242477991,0.0109287928667787,0.0122722398161059
2018-04-26,-0.0051996181419775,IV,-0.0122560116804212,-0.0145191999083376,-0.0106665850205372,-0.0127327642598848,-0.0087580110548773,-0.011035262475989,0.0085759507605913,0.0112060279072692,0.0106609933022916,0.0129704996226787,0.0132514085286382,0.0140310833461062
2018-04-27,-0.0004768515502878,IV,-0.0110077004655111,-0.0129771557056787,-0.0092791930272019,-0.0109591943952467,-0.007593122084923,-0.0097067387627671,0.0075972593054866,0.0108398054410398,0.0094795606502051,0.0117533680847116,0.0116848483294471,0.012553005245806
2018-04-30,-0.0028451874353571,IV,-0.0072535726388642,-0.0068695532231502,-0.0053379244981284,-0.0079630851816896,-0.0043592851052325,-0.0055015995970205,0.0049880586904396,0.0071778895004971,0.0065299207784714,0.0079046862533313,0.0075741797707811,0.0100387034643377
2018-05-02,-0.0088183992975199,IV,-0.0086475635449339,-0.0092084129253615,-0.0069918453641659,-0.008493996671819,-0.0056584084066958,-0.0074059343535609,0.0061350029425716,0.0085877216453893,0.0077515165454648,0.0094554216897473,0.009202865614868,0.0109069899045479
2018-05-03,0.0002673573413869,IV,-0.0116701879548525,-0.0141642682832866,-0.0099635705976398,-0.0120607589168939,-0.0081076820885357,-0.0105370437881501,0.0079668526926241,0.0099784926224023,0.0099501259114379,0.0125057613978609,0.0124971386664376,0.0145364852458405
2018-05-04,-0.0020990052069954,IV,-0.0123101579259553,-0.0142466524024689,-0.0106232250579331,-0.0129904067905074,-0.0086198835799652,-0.0113750316888557,0.0084513707812403,0.0113984292970697,0.0105013418464164,0.0130464909761621,0.0130145079805759,0.0150208115867389
2018-05-07,-0.0015708618882287,IV,-0.007900573876662,-0.0080111217766706,-0.0058519332920215,-0.0071991412647861,-0.0047170216639066,-0.0055828733424117,0.0052212141130261,0.0069025569359144,0.0067770498571079,0.0082485378737324,0.0079278034809069,0.009308419896076
2018-05-08,-0.0053868603335613,IV,-0.0106653282684531,-0.0120632809318845,-0.0088712246587055,-0.0107982653701613,-0.0071994946400666,-0.0093868060101657,0.0073485018362875,0.0099401218283283,0.0092754365562516,0.0111282619660623,0.0111525066453418,0.0127067623721926
2018-05-09,-0.0009129426587168,IV,-0.0113983184307217,-0.0129595433695284,-0.0094836156120677,-0.011726759006262,-0.007741033166356,-0.0100891960615447,0.0077231295461212,0.0101607260705287,0.0096820839931829,0.012026025054703,0.0120483164009616,0.0134599201611397
2018-05-10,0.003817003437426,IV,-0.0118291350161119,-0.0141946040022484,-0.0100608466811597,-0.0124705413487931,-0.0081083770284916,-0.0106752369234064,0.0080972959405492,0.0107241349981009,0.0100944059561869,0.0127003860402287,0.0126212441883946,0.0136512713737913
2018-05-11,0.004551632951826,IV,-0.0103542200623314,-0.0117691284020926,-0.0085492549072361,-0.0105142252239341,-0.0069336169912367,-0.0092012902534975,0.0072102459888559,0.0096317216611193,0.0089312146461534,0.010951044212192,0.0108600150336618,0.0128496874982288
2018-05-14,0.0019977604985901,IV,-0.0071408837936384,-0.0080292141891436,-0.0052789703631291,-0.0072406399485299,-0.0042641219554754,-0.0055180895629773,0.0049279190587044,0.0065987909117771,0.0064507970401034,0.00770381533495,0.0074942493385953,0.0099591579029517
2018-05-15,-0.0093586234545714,IV,-0.0097917382872185,-0.0112289667215859,-0.0079305312950047,-0.0097895630718177,-0.0065074039491603,-0.0084991953240122,0.0069045915856413,0.0094621186088024,0.0086920219328471,0.0107338308958125,0.0106173039307343,0.0127876367996711
2018-05-16,-0.0064860338412916,IV,-0.0107659153955539,-0.0129118345977225,-0.0090154216508303,-0.0109403275287364,-0.0073658767990051,-0.0094029814753495,0.0075432037057322,0.0099617391306545,0.009431705952664,0.0116857656786271,0.0116691713816785,0.0134199285367664
2018-05-17,0.0008395487282951,IV,-0.0120922032693037,-0.014185721391987,-0.0102372196264582,-0.0124959354036391,-0.008416902246411,-0.0110479286080851,0.0083347923630077,0.0110988007277401,0.0102254232496505,0.0128885028715082,0.0125859735961354,0.0145316866634501
2018-05-18,-0.0018390214888636,IV,-0.0108561154462638,-0.0125218388842367,-0.0089942887038365,-0.011132524341565,-0.0073469561119317,-0.0095831694433715,0.0075264512215139,0.010168530416055,0.0093368332803006,0.0112128795137264,0.0117079141588834,0.0130915761880045
2018-05-21,-0.0006392524574586,IV,-0.0079341968429721,-0.0078896052293792,-0.0059270812391406,-0.0068385325348886,-0.004936343272602,-0.0061862409643263,0.0054076245257879,0.0082873576116034,0.0069177021775865,0.0086545562667807,0.0085316319887764,0.0101949637452314
2018-05-22,0.0013799342793563,IV,-0.0110030274268205,-0.0132689823980648,-0.0091683191997851,-0.0110027241972259,-0.0075715001050453,-0.0097543789754146,0.007719015458143,0.0102754724134598,0.0095498310999495,0.0117946833761543,0.0121128429210236,0.0135993514712268
2018-05-23,-0.0077693783046447,IV,-0.0112046837556098,-0.0125660641422877,-0.0093100142417156,-0.0113964428348429,-0.0076653916430023,-0.009925861269826,0.0078394696418767,0.0101132160047691,0.0096937328973735,0.011999208865547,0.0121348060350149,0.0135646249385916
2018-05-24,0.0030655487340275,IV,-0.012095906893962,-0.0137032348236266,-0.0100441690591263,-0.0121072282803213,-0.0082929318627709,-0.0107938373283821,0.0082414383707445,0.0109020783150449,0.0101536370442295,0.0126113265762288,0.0127367751429697,0.0142909504270724
2018-05-25,-0.005411610953237,IV,-0.0102108750687284,-0.0118069611809842,-0.0084210169155469,-0.0103635620466867,-0.0069868231041159,-0.0090774520058429,0.0072140581067129,0.0097766683564288,0.0089049695411345,0.0109403066805988,0.011313245724599,0.0128628014395942
2018-05-28,-0.003176800030667,IV,-0.007990788188577,-0.0079329978514074,-0.0058757152769687,-0.0071432274078931,-0.0047324599628417,-0.0062307107782867,0.0053431839010556,0.0075574022962595,0.0067672338741669,0.0085617818111593,0.0084029898103233,0.0104944535769239
2018-05-29,-0.0067043117136705,IV,-0.010903816257577,-0.0124438412997909,-0.0089386545327235,-0.0108076575224684,-0.0073541150174984,-0.0094216806721287,0.0074666997632711,0.0099404970957318,0.0092400748484464,0.0114456979747519,0.0115002782191348,0.0130820538782375
2018-05-30,0.0097460885490764,IV,-0.0131453646934219,-0.0153769583130915,-0.0111767294169039,-0.0133558272461075,-0.0091334996537042,-0.0117524547499712,0.0090448776036078,0.011761334102512,0.0109830931977931,0.0136784514323412,0.0141315482866293,0.0157435747502497
2018-05-31,0.0004178698342717,IV,-0.013252252974262,-0.0157309493219085,-0.0115114271049367,-0.013690153372589,-0.0093765056410622,-0.0120321085891914,0.0091818593368485,0.0119264550488041,0.011226094552896,0.0138796759517565,0.0141499834820934,0.0152992794732233
2018-06-01,0.0007795568057741,IV,-0.0139648058399617,-0.0176986479730098,-0.0123899542326457,-0.0148278601072906,-0.0100742700288391,-0.0132010156948812,0.009706564505832,0.0125895093890307,0.0118922653853331,0.0147446565094985,0.0149072830096809,0.0159914530715675
2018-06-04,0.0014760655485921,IV,-0.0085396252995144,-0.0092805790067835,-0.0065550362831239,-0.0083243535654321,-0.0054117804200993,-0.0067810196403048,0.0058538159288258,0.0082618216183244,0.0074962995789899,0.0084962193781668,0.0090879562405366,0.0111132778440853
2018-06-05,-0.0019707138284259,IV,-0.0102074752602974,-0.0116069652044407,-0.0083827834299634,-0.0095394213465497,-0.0069181531414117,-0.0089689577077879,0.0071945948927669,0.0094591741579502,0.0089127079747577,0.0108211988896528,0.0108932754966626,0.0124575318801742
2018-06-06,0.0089959401323571,IV,-0.0110055454447796,-0.0130059675477511,-0.0092471582937018,-0.011180190204557,-0.007600122059288,-0.0099018323481066,0.0077486501323989,0.0102308523444742,0.0094906145778106,0.0117593708101816,0.0117613876827568,0.013719656158872
2018-06-07,0.0031366457700261,IV,-0.0111884333002791,-0.0133558291712227,-0.0094403451452059,-0.0114793762226214,-0.0077341632432321,-0.0102871488370873,0.0078556060366409,0.0104141163328479,0.0096232607681464,0.0117359883979037,0.0122514898766967,0.0134539690251428
2018-06-08,-0.0034805794833782,IV,-0.0120746403780707,-0.0106041111832596,-0.0096098497395726,-0.0114374521529372,-0.0077126412022327,-0.0118056657961669,0.007493924900628,0.0109050483045413,0.0093659743015163,0.0127064572993154,0.0115757235852395,0.0131525418057871
2018-06-11,0.0024092922060929,IV,-0.0090850826589701,-0.0090870328738181,-0.0071044889198052,-0.0095795439910101,-0.0057134105638778,-0.007816172864876,0.0055947336855356,0.0075641179249619,0.0072938227987206,0.0086732317974688,0.0090435086202995,0.0105508853379723
2018-06-12,-0.0009112853780192,IV,-0.0118262366494705,-0.0128214929203351,-0.0095934733536826,-0.0118581887837192,-0.0077764149124315,-0.0087877481016262,0.0075074158734451,0.010227151480689,0.0095950182357146,0.0119273614713193,0.0119244591227764,0.0134852283864356
2018-06-13,-0.000704165635273,IV,-0.0116926714431492,-0.0121454862387377,-0.0093944308960082,-0.0107509540627633,-0.0075822385629404,-0.0098725522487876,0.0073462207084553,0.0104020349436431,0.0092270617351755,0.012211072106556,0.0118815497309295,0.013094013404411
2018-06-14,-0.0127196855998216,IV,-0.0171507612343306,-0.0224810432792207,-0.015872998719907,-0.0185052468693586,-0.0127579817041286,-0.0166849500636299,0.0121309793590128,0.0154581102676018,0.0145229490120607,0.0177832650690146,0.0180001837703467,0.0194178446193308
2018-06-15,-0.0015849857669376,IV,-0.0125196944631292,-0.015310694401695,-0.0107900514398017,-0.0130693328047893,-0.0087859562292127,-0.0111407093207096,0.0086908253841866,0.0114562531910844,0.010582056339708,0.0133282207118526,0.0130066796467243,0.0150220050575169
2018-06-18,-0.0008526728363272,IV,-0.0085638473029024,-0.008739233658936,-0.0064769125554501,-0.0079083455214041,-0.0052234585502436,-0.0065514336736017,0.0056964272089611,0.0078887622879565,0.0072277202434263,0.0088093857325229,0.0089299848864387,0.0104127420386167
2018-06-19,-0.0023723575527358,IV,-0.0115748460208995,-0.0138716973438833,-0.0098491524960371,-0.0122429915413131,-0.008070756594996,-0.0104314523385553,0.0081444080372573,0.0106880025107777,0.0099591779252673,0.012245803784492,0.0121710998743236,0.0138378528505458
2018-06-20,0.0011523746881026,IV,-0.0118180913030987,-0.0140643235417356,-0.0099225271385425,-0.0122862158546311,-0.0081256765391679,-0.0104819652522249,0.0082139872381144,0.0108822616399206,0.0100186364623944,0.0122129607631698,0.0124707276376327,0.014109798198557
2018-06-21,0.0007287200075834,IV,-0.0104257560961567,-0.0121109865220448,-0.0086816875778869,-0.01076269044737,-0.0071129495618124,-0.0092916478690016,0.007420831281502,0.0097421777374748,0.0090864159083135,0.0113528697662746,0.0112178427989136,0.0129040645454154
2018-06-22,0.0025699927833258,IV,-0.012131254910939,-0.014652079869218,-0.0103159554975937,-0.0125067127192467,-0.0083439015758722,-0.0107886335798922,0.0083100537108952,0.0106704917982333,0.0101929356658522,0.0123797424323135,0.0127574146468154,0.0140850239414557
2018-06-25,0.0054431440859266,IV,-0.009108803636043,-0.0090009287310538,-0.0068478303126865,-0.0083928541771899,-0.0056207207630685,-0.006694696630504,0.0059221209239152,0.0085379462036164,0.0074815766532827,0.0093680228222756,0.0093349538217905,0.0110367348057854
2018-06-26,-0.0015341150984542,IV,-0.0109096967091021,-0.0122095026445444,-0.0090421881411738,-0.0112604807435153,-0.0073773263917183,-0.0094480358865949,0.0074353615770453,0.0098337579251145,0.0092097017352543,0.0115135926418481,0.011461258373866,0.0139289027917449
2018-06-27,-0.0075399383123557,IV,-0.0110054904761407,-0.0121871526641767,-0.0090689939927237,-0.0110479444144402,-0.0074054090587152,-0.0096831813077687,0.0075352330584286,0.0098700981026382,0.0092972986822002,0.0113563086199653,0.0117111595364882,0.0130504010959002
2018-06-28,-0.000446697842238,IV,-0.0118387643050247,-0.0142157920902798,-0.0101301859109718,-0.012308622343066,-0.0082679846181758,-0.0105273672220399,0.0082930979299265,0.0108562290057871,0.0101289190388844,0.0128306626693035,0.0126723128172874,0.0138322027347485
2018-06-29,0.0081172452535231,IV,-0.0141822651411024,-0.017705042333819,-0.0125475730895218,-0.0148402268497944,-0.0101743189939466,-0.0132127254155448,0.0098920155341108,0.0123870653810887,0.0119890216206497,0.0148542384484298,0.0149745656910266,0.0149477898996487
2018-07-02,-0.0062303891761778,IV,-0.008733936963448,-0.0098679153914242,-0.0067770210469516,-0.0084979158029182,-0.0055606778073388,-0.0071601721967196,0.0058979899411064,0.0080259156205416,0.0074748436025988,0.0093361315588733,0.0091712352696754,0.0126913936068422
2018-07-03,0.0041621937371862,IV,-0.0109881849646364,-0.0128025719664096,-0.0090250442735599,-0.0110504871470707,-0.0074295876106388,-0.0096669049666579,0.007611539784033,0.0103139703055365,0.0093241234518031,0.0116309646469018,0.0117223270922233,0.0130735846464209
2018-07-04,-0.0010045635501376,IV,-0.009353558932361,-0.010662461299717,-0.0075314283675263,-0.009067221222408,-0.0062957073869666,-0.0079952363536909,0.0066053795760113,0.0089634021942762,0.0082706087631966,0.0103388071190408,0.0101418448846189,0.0120758052754302
2018-07-05,0.0047156912219344,IV,-0.008979453798642,-0.0101604948936498,-0.0072890085976872,-0.0090362872940137,-0.0060660769322927,-0.0077931928037992,0.0064348986668671,0.0086312302933947,0.0080056264759396,0.009984170926859,0.0096360472447164,0.0114660076229504
2018-07-06,0.0034737741773882,IV,-0.0109675223515933,-0.0127126853801703,-0.0093763922317634,-0.0111409114682015,-0.0077014569974969,-0.0097463077335393,0.0078071324844804,0.0102437165262507,0.0096129975410955,0.0120514522711498,0.0121232069859051,0.0135081145685578
2018-07-09,0.0006409444460982,IV,-0.007287228107577,-0.0072759347628002,-0.0053929273137531,-0.0074236793376032,-0.0045173763351465,-0.0058864609889043,0.0050065915707499,0.0067974584425692,0.006450888323446,0.0078234338642114,0.0075667957073436,0.0101363284215275
2018-07-10,-0.0013654292945029,IV,-0.0087038523531274,-0.0096329709985777,-0.007180965035558,-0.0087762235420991,-0.0059762584662183,-0.0077274785088579,0.0063645461506654,0.0087112611521288,0.0079425075808768,0.0094575389632365,0.0098475233715969,0.0109747887872092
2018-07-11,-0.0005181153935406,IV,-0.0089412290154239,-0.0103041092890616,-0.0074691915558625,-0.0087469721112541,-0.0061753998956409,-0.0084397908577123,0.0065542979675371,0.0087115585592086,0.0081538726728738,0.0101158739150502,0.0101453484876067,0.010822532576773
2018-07-12,-0.0026780067215891,IV,-0.0110684008600863,-0.0143713432789234,-0.0096674992600449,-0.0111254533025847,-0.0078855996968303,-0.0103845430322849,0.0079934418853386,0.0104604030515747,0.0098443095356202,0.0123156682197978,0.0123931593060902,0.0137628365842046
2018-07-13,-0.0020678634530369,IV,-0.0096458662676407,-0.0114907226478196,-0.008062893358948,-0.0098751448516892,-0.0067007004919665,-0.0086809824384228,0.0069444349356616,0.0091406175985863,0.0086162827397749,0.0106109760871716,0.0106872486989394,0.0121498765990716
2018-07-16,0.0038411901008043,IV,-0.0079362669662257,-0.0088475439248054,-0.0059586088822387,-0.0072605133897035,-0.0049884528333031,-0.0064709397023382,0.0053831116241022,0.0067650168898577,0.0068758603671211,0.0084461022261383,0.0082554984785855,0.0111960345842574
2018-07-17,-0.0042055427038477,IV,-0.0087555151519682,-0.010335564016334,-0.0072007195919025,-0.0089096776677735,-0.0059919538760042,-0.0077749861482747,0.0064014938504605,0.0086601116765059,0.0080222103953939,0.0097202097450754,0.0098410355021074,0.0117704259232985
2018-07-18,-0.0015102632101078,IV,-0.0089312543608196,-0.0100889818478424,-0.0072604013009086,-0.0094521814963541,-0.0060196818181362,-0.0077915810043069,0.0064257675730844,0.0082675294095667,0.0080350491734688,0.0099178065546855,0.0099783186824539,0.0116305850574178
2018-07-19,-0.0035486426596265,IV,-0.0095400173883487,-0.0113687536654098,-0.007892096955347,-0.0098548685124851,-0.0065151688305672,-0.0084127694053586,0.0068556135372022,0.0089130576619863,0.0084972751618807,0.0102002756013201,0.0102401124057327,0.0122826963474599
2018-07-20,0.009003987983853,IV,-0.0102188338774229,-0.01143168245157,-0.0083693313775161,-0.010207051175498,-0.0068468161097887,-0.0088489807318563,0.0070350741811418,0.0091464914966389,0.0087792606209501,0.0107687511249274,0.0109328103847696,0.0122157560695128
2018-07-23,-0.0005403517971095,IV,-0.0081591233106975,-0.0079707893315626,-0.0060007286191559,-0.0072736962108749,-0.0049610349326284,-0.0063597458770755,0.0053455875883214,0.0073309366365835,0.0069360664201567,0.0084610403109298,0.0081352072943063,0.0099015955576837
2018-07-24,-0.0016484877097897,IV,-0.0097533418398775,-0.0106764429715664,-0.0078590352478254,-0.0096186608446021,-0.0064775824410784,-0.0084886171467732,0.0067425320488108,0.0090345486274253,0.0085457626431236,0.0103346386647407,0.0104056865689918,0.0122115070191194
2018-07-25,-0.0005736522540452,IV,-0.0092198305201888,-0.0108357954950405,-0.007373275064193,-0.0092806938822204,-0.0061272427611213,-0.0076994666615325,0.0064021157352421,0.0086070145567124,0.0080725150018086,0.0101950762347832,0.009913728219278,0.0115551840569651
2018-07-26,-0.0018902422437225,IV,-0.0118553404186388,-0.0154893093755782,-0.0105496118224044,-0.0132603674169552,-0.0085629640651023,-0.0112621327140343,0.0085680101517967,0.0111931448798471,0.010540787598066,0.01295557832514,0.0131543993811261,0.0139794218000927
2018-07-27,0.0004675352613181,IV,-0.0100144507558855,-0.0120428659755486,-0.0084768302758973,-0.0100781591665133,-0.0069034328418495,-0.0092413697984425,0.0070723839164028,0.0095993007652015,0.0088237162837955,0.0109585664536327,0.0106882095911153,0.0123050716206467
2018-07-30,0.0049109036694371,IV,-0.0073832729246699,-0.0068087141229791,-0.0053930506925311,-0.0067169844544256,-0.0044612540886972,-0.0054719080773133,0.004890335505688,0.0067275953007475,0.0063981538349716,0.0078464558181633,0.0076638021366298,0.0106582261608013
2018-07-31,-0.0010246777431443,IV,-0.0092315279976369,-0.0110276188138169,-0.0074958215370949,-0.0096549342067067,-0.006152262269297,-0.0078652592661605,0.006445217980254,0.0085302442685878,0.0081178339544889,0.0099415505309044,0.0096399300135932,0.0120489362809746
2018-08-01,-0.0034317681594624,IV,-0.0092677288482906,-0.0111315510082537,-0.0076307735451276,-0.00947878043906,-0.0062378888881432,-0.0080399553748954,0.0065542923367079,0.0087510649437852,0.008222622092276,0.0101226848744319,0.0100951150394185,0.0114550104820198
2018-08-02,-0.0045237574004929,IV,-0.0095609833137661,-0.0107046487839569,-0.0076203290070229,-0.0087827830595708,-0.0062685167080778,-0.0082219172000323,0.0065983344304289,0.0087161234632258,0.0082863611589197,0.0102571305870068,0.0102616548954589,0.0121039178337582
2018-08-03,-0.0014219237142424,IV,-0.0106482190945988,-0.0131301140845774,-0.0091855314435694,-0.0108261393654332,-0.0075439949961101,-0.0099399681787289,0.0076609260538488,0.0102447228450435,0.009486504149518,0.0115447606800864,0.0116244597891252,0.0128784400723486
2018-08-06,-0.0028110101220968,IV,-0.0079793684269861,-0.0081389893660334,-0.0059709199781619,-0.0089738915170079,-0.0049467272668966,-0.0059927776757606,0.0053383598588856,0.0073168369942083,0.0069069507887255,0.0083731414657242,0.0081864066677767,0.0103236228855689
2018-08-07,0.0028843101542526,IV,-0.0102397628253974,-0.0119017408191004,-0.0085157495564906,-0.0103046308904139,-0.0070196698205895,-0.0091115754333618,0.0072378293651145,0.0096616063417527,0.0089802433915015,0.0108378292465934,0.0110015461805868,0.0126214892352783
2018-08-08,0.0001034732522565,IV,-0.0087762988605942,-0.0105871032146283,-0.0070849652705661,-0.0087199261294006,-0.0058323150361499,-0.0075525648637528,0.0063183600333717,0.0084155956686479,0.0079103737123802,0.009968682751502,0.0096521897607084,0.0115425491528318
2018-08-09,-0.0027932195208438,IV,-0.00888564610451,-0.010962941059708,-0.0072643446245693,-0.0089646910261851,-0.0059849131535639,-0.0078981928487345,0.0063969390930446,0.0086079793311485,0.0080570211065966,0.0096641746278544,0.0097944284989566,0.0112471323619197
2018-08-13,-0.0147071401298983,IV,-0.0109125434834877,-0.0131735145860847,-0.0095441434350384,-0.0115413051917998,-0.0077830214808203,-0.010243795706664,0.0078815930229408,0.0102724555070031,0.0100123289058084,0.0121964767230094,0.0122315864386683,0.0128949079572973
2018-08-14,-0.0040202318353966,IV,-0.0118574709497834,-0.0139257130940106,-0.0098093890749794,-0.0120453671887711,-0.0081135049430615,-0.0104280765452515,0.0080571259572242,0.0106524548392069,0.00995818207153,0.0124980482699954,0.012689655758049,0.014035855662475
2018-08-15,-0.0017414694463755,IV,-0.012155794996495,-0.0143805228822256,-0.0100273999659476,-0.0123595000255275,-0.0083401368491492,-0.0106920229995601,0.0082373796950999,0.010908684109759,0.0101439380515237,0.0124553399452194,0.0129658174395938,0.0144108757088835
2018-08-16,0.0049058168046463,IV,-0.0121972261585631,-0.0146487904277975,-0.0102981276893307,-0.0124522708657341,-0.0084890872390423,-0.0110643310500957,0.0084185644375713,0.0111187178044213,0.0103107307944035,0.0127556686827852,0.0125642064990416,0.0137565748738377
2018-08-17,0.0019564842177034,IV,-0.010860211848447,-0.0128964070269322,-0.0090268068689736,-0.0111054101828806,-0.0074884264532661,-0.0096399926041015,0.0075110340039996,0.0099715175080987,0.0093479496069558,0.0113314372097471,0.0114725405685505,0.0132538567983325
2018-08-20,0.0025560797372393,IV,-0.0087620025475478,-0.009045292483107,-0.0067669805052329,-0.0082015451217061,-0.005555253959536,-0.0070503296943441,0.0059116868203755,0.0079818112960883,0.0075484931189866,0.0093033323940113,0.0092144362035638,0.0115089199002694
2018-08-21,0.008240746463638,IV,-0.0108270962232056,-0.0125198816937586,-0.0088358580130251,-0.0108982105243875,-0.0073020633662317,-0.0094421566579593,0.0074260247469059,0.0098598574989209,0.0091989074249746,0.0112781850713196,0.0112292398455621,0.0128627816292846
2018-08-22,0.0052709190889701,IV,-0.011093494717218,-0.0129580226427115,-0.009012671517272,-0.0115295370180982,-0.0074363480181282,-0.0096563143620202,0.0075395488951021,0.0100760178261718,0.009305484961829,0.0112411267351092,0.0114390897522249,0.013097424703229
2018-08-23,-0.0022580341391264,IV,-0.0116779488310052,-0.0136406228051394,-0.0096287293628526,-0.0118176130289143,-0.0079448661562669,-0.0103127091590819,0.0080248694429381,0.0105055408375428,0.0097848128730276,0.0122871204089703,0.0123388165941207,0.0136992181861019
2018-08-24,0.0049046178997233,IV,-0.01169559412416,-0.0135796105764256,-0.0095405298115308,-0.0118165805839238,-0.0079022505405927,-0.0102947756541061,0.0079731617910781,0.010620618977045,0.009722731522678,0.0119075095234558,0.0122718585033098,0.0140166751950159
2018-08-27,0.0044097411777855,IV,-0.00794230796003,-0.008303529979952,-0.0059202903243292,-0.0076543757254346,-0.0048755279442259,-0.0059798033008561,0.0053327317581931,0.0075307406650445,0.0069283098163519,0.008337233170806,0.0084771192898872,0.0107749082866655
2018-08-28,0.0036802541201966,IV,-0.0103505649494567,-0.0119491886898,-0.0082171726429462,-0.0103014631630194,-0.0067802476485351,-0.0087764839933588,0.0070801105404957,0.0091472424274361,0.0087974304486915,0.0107129033289564,0.0108809732285376,0.0129679655197638
2018-08-29,-0.0017486758613388,IV,-0.0099201693817129,-0.0115627399960887,-0.0080923857676488,-0.0099625018583723,-0.0066610221885942,-0.0087524572373496,0.0070263219788084,0.0094043251719282,0.0086889488253697,0.0104429653462625,0.0106681947179521,0.0119042265682088
2018-08-30,-0.0044913669841641,IV,-0.0107796174448736,-0.0125767629092407,-0.008821156838584,-0.0109526748708538,-0.00725694030661,-0.009436647082999,0.0075280332817539,0.0098882500404467,0.0091903930282835,0.0114197897015015,0.0115169956665021,0.0133158461231424
2018-08-31,-0.0043175795729297,IV,-0.0106508345377296,-0.0122161042516573,-0.0084780033308245,-0.0107409409495037,-0.0069925861743848,-0.0089587093820966,0.0072827634063444,0.0096759778489025,0.0089816415570996,0.0110685485411461,0.011298591440135,0.0128983766439305
2018-09-03,0.0020094448483909,IV,-0.0080556579950149,-0.0083070799225926,-0.0060496069515992,-0.0069415489139882,-0.0049782264778553,-0.0060450417718755,0.0054093206161794,0.0073439987821137,0.0069992021578663,0.0086274272984645,0.0084425557856817,0.011098285830731
2018-09-04,-0.0046496063890642,IV,-0.0106638418368091,-0.0120087451303749,-0.0086587826262273,-0.0101971171645784,-0.0071741474840553,-0.009343961853888,0.007346530953369,0.0098017436563786,0.0091000704922106,0.0113843524956702,0.0114891885499251,0.013134711422582
2018-09-05,0.0046151804628956,IV,-0.0116222280576108,-0.0131871273442302,-0.0094168328589991,-0.0116257325338373,-0.0078133161702581,-0.0100175171845487,0.0079528489851631,0.0104879816698535,0.0097058509255722,0.0120451384488389,0.0123862385131284,0.0136361406526982
2018-09-06,0.000376469175386,IV,-0.0105062360642753,-0.0118814868527734,-0.0083557559871341,-0.0110333016262247,-0.0068661411672362,-0.0087115773129495,0.0071944291910335,0.0093445995904572,0.0088534975173768,0.0106922251468301,0.0111512383762289,0.0128012203608148
2018-09-07,-0.0044924422007451,IV,-0.0109252512418124,-0.0129622209880546,-0.0090057115070515,-0.011204057931611,-0.0073699944945445,-0.0095813004100969,0.0075547135525156,0.0099885543955266,0.0092551042246593,0.0114363082861945,0.0113454689962623,0.0139181880636743
2018-09-10,0.0028133722691072,IV,-0.0082411486011893,-0.0079190808231258,-0.006117273790046,-0.0068376197649738,-0.0049765300625226,-0.006066225080666,0.0053552695983469,0.007383229724758,0.0070496905759271,0.0087754200999979,0.0083951277631879,0.0104371066905415
2018-09-11,-0.001120948267056,IV,-0.0100502415643987,-0.0111192243294345,-0.0081451812061474,-0.0093551903775571,-0.006692543611848,-0.0087018231354423,0.0068145579570041,0.0092322937977945,0.0085798824317384,0.0106904426559278,0.0106075443401734,0.0126160452152553
2018-09-12,0.0030172302081461,IV,-0.0103783557480992,-0.0117109184448526,-0.0083752809012166,-0.0101671245388536,-0.0068520738802047,-0.008626879452292,0.0070874261582163,0.0092876958016492,0.0089271706017173,0.0109004623212275,0.0109436727821989,0.0125306150730678
2018-09-13,0.0039296154544055,IV,-0.0134469867864244,-0.0168720385634687,-0.0114583758224009,-0.0135434652728585,-0.0093735714777745,-0.0123644903358157,0.0094011623332929,0.0117429519823685,0.0112234327893251,0.0138321604318937,0.014100734675549,0.0145029408587256
2018-09-14,-0.0013846558363729,IV,-0.0099743070704768,-0.0114615096709991,-0.008007131162045,-0.009977195205094,-0.0065696573117027,-0.0087735454112188,0.0069776051891972,0.0091859469641953,0.0085672605859891,0.0105727728345036,0.0103298546729657,0.0121234011626049
2018-09-17,0.00250212746998,IV,-0.0074417496108623,-0.0073554148389325,-0.005364322311683,-0.0065520915837894,-0.004421779328989,-0.0056401720435083,0.0050875173477733,0.0068360022270104,0.0065407689900001,0.0078166771382247,0.0078657838115087,0.0100785588146995
2018-09-18,0.0007229080895545,IV,-0.0092198676983056,-0.0104108867756761,-0.0071521569920957,-0.0096349132930282,-0.0058980598777887,-0.0076070213325041,0.0063501183356583,0.008443889648142,0.0079616249540909,0.0097512486296695,0.0097955399139099,0.0116623240089044
2018-09-19,-0.0006523052806032,IV,-0.0098680594300507,-0.0113596956942727,-0.007936614515023,-0.0098383884600419,-0.0064629234135733,-0.0084731341095262,0.0068193778359251,0.008942511924928,0.008477804685584,0.0108783882112686,0.0105400425558379,0.0121228971447504
2018-09-20,0.0049000456582546,IV,-0.0097593942309374,-0.0115895625791488,-0.0076804916471193,-0.0094824082127102,-0.006318197498355,-0.0082598483755751,0.0066909701952742,0.0089014389497194,0.0083725379858921,0.0107095797988725,0.0098119901511977,0.0108842263247501
2018-09-21,-0.0003406893882655,IV,-0.0103918756828145,-0.0122146137633671,-0.008645264765172,-0.0102781276519838,-0.007018661323464,-0.0090547789496017,0.0071493314027783,0.0095075702086447,0.0089083653034005,0.0109523928457171,0.0108595872146225,0.0127995198115971
2018-09-24,0.0028964138342484,IV,-0.0070967096803658,-0.0075127839774784,-0.0059069533461073,-0.0069399566359653,-0.0048206274223238,-0.0058833178886956,0.0051757207780171,0.007292734026776,0.0067684726901504,0.007959638732193,0.0080071610547371,0.0100347632202733
2018-09-25,-0.0002527298554309,IV,-0.0100159795656879,-0.0121915164398341,-0.0081459414233539,-0.0101181639193836,-0.006680673690127,-0.0087538539098009,0.0068255883470275,0.0092800737764187,0.0086967471804909,0.0104288240699522,0.0104487384778834,0.0113694553223993
2018-09-26,-0.0011136213606013,IV,-0.010035801578819,-0.0110599136646308,-0.0081305161211742,-0.0103353226495102,-0.0066282352420114,-0.0085477431763258,0.0067663336680277,0.009110189360368,0.0086132861796785,0.0107763721431291,0.0104981699589784,0.0120516642095822
2018-09-27,-0.0074467214474552,IV,-0.0106071036230593,-0.0129681867222266,-0.0086028434862853,-0.0107641588115627,-0.0070796396713151,-0.0092010517921401,0.0072497842928589,0.0095696389063322,0.0089998874723908,0.010874888140582,0.0111938297413671,0.0123964916003895
2018-09-28,-0.0041389259252091,IV,-0.0116573934106792,-0.0143276271686277,-0.0097010540799208,-0.0120533205793676,-0.0079749650387862,-0.0104699414820547,0.008104453206308,0.0104904648541772,0.0097829948406432,0.0117786825651284,0.0121964886236573,0.0142215359388751
2018-10-01,-0.0047568309984291,IV,-0.0081406661171634,-0.0080629130161035,-0.0061381371195593,-0.0072499111309942,-0.0050701771322349,-0.0063486384520677,0.0054081814153381,0.0077018936857444,0.007075899030871,0.0085685919682803,0.0085734014845621,0.0113607353206188
2018-10-02,-0.000661623076293,IV,-0.0099229605298698,-0.0110408121214397,-0.0078202015209945,-0.0097076505565617,-0.0064452380722404,-0.0082763838066004,0.0067822054811541,0.0089630778961729,0.0084897583326879,0.0100911150145637,0.0105595504775508,0.0121418450175819
2018-10-03,-0.0030065959761518,IV,-0.0104086193625957,-0.012194320722568,-0.0084016984049886,-0.0102838586534498,-0.0069322602532672,-0.0089867368766281,0.0070782646039521,0.0093000204777134,0.0089064767059952,0.0107927262374704,0.010888178935358,0.0127862213595052
2018-10-04,-0.0015197307357354,IV,-0.0113388431866492,-0.01343514609102,-0.0091993529777595,-0.0111301992521521,-0.0075940703538558,-0.0096640363395521,0.0077125288073704,0.0104148079926978,0.0095461762313311,0.0118530979500222,0.012026272248233,0.0133466147062956
2018-10-05,-0.0005324518664354,IV,-0.0121225797652189,-0.0137724886561219,-0.0098923001067008,-0.0115719416447352,-0.008182345913194,-0.0108047994296256,0.0082863802678109,0.0107700999307605,0.0104635459368162,0.0120439539092261,0.0127627325648923,0.0139211597052281
2018-10-08,-0.0020433328438114,IV,-0.0073857350124368,-0.0072413576842932,-0.0053576587202333,-0.0061692075901117,-0.0044892039995535,-0.005606064516246,0.0048146547557854,0.006948567593213,0.0065911886409627,0.0080878560856901,0.00770797525438,0.0107263515226949
2018-10-09,0.0003528220354356,IV,-0.0106361449424333,-0.0121336900242108,-0.0084194989768628,-0.0101300772499685,-0.0069681973447126,-0.0089804522000747,0.0070980402115457,0.0095786565818423,0.0089753221445695,0.0113149397916618,0.0111790317546671,0.0133102721869068
2018-10-10,0.0051951327880895,IV,-0.0112437041936708,-0.012433183163746,-0.0089686770122818,-0.0110449873212665,-0.0074236238998634,-0.009638157980209,0.0075788481014148,0.0099166290061146,0.0093992925835062,0.0114193108131302,0.0115052910984913,0.013001255385499
2018-10-11,0.0020644666013801,IV,-0.010934700336049,-0.0124746937283902,-0.0087324632668237,-0.0102771649617508,-0.0072214500954366,-0.0094453189220561,0.0074011242178935,0.0097553197866716,0.0092117468098319,0.0114271090745815,0.0115398635907654,0.0133275313036972
2018-10-12,-0.0005946659720332,IV,-0.010786230429844,-0.0123013339386278,-0.0086397349736076,-0.0106187809632225,-0.0071100268831704,-0.0092673600148315,0.0072246473845029,0.0096589005275107,0.0090824950341145,0.0111348868959631,0.0111154094462405,0.0135238464532464
2018-10-15,0.0031444733113238,IV,-0.008002939759868,-0.0077251805275262,-0.0058578742494928,-0.0069084645760179,-0.0047969008693817,-0.0058974221873584,0.0051179223343723,0.0071860274434335,0.0069180988741937,0.0083339442311246,0.0083142007411422,0.0099757068009053
2018-10-16,-0.0001293847970354,IV,-0.0099292776526289,-0.0113738395807996,-0.0079611582736656,-0.0095412311101948,-0.0065307509992979,-0.0084451562311628,0.0067515540392733,0.0088101521468632,0.0086260636469341,0.0105194089847806,0.010130544492171,0.0121479892911464
2018-10-17,-0.0045347140524173,IV,-0.0095271662213934,-0.0108778851214592,-0.0074353634358938,-0.0088181412853013,-0.0061590992645813,-0.0079640868603078,0.0064185498945174,0.0087245601264983,0.0082180175193405,0.0102652065801637,0.0096199422254845,0.0115454896440403
2018-10-18,-0.0040527850224418,IV,-0.0099962966983791,-0.011072717253215,-0.0079409552081637,-0.0097334077270612,-0.0065458571642736,-0.0086043622242043,0.0068428586779884,0.0090520526041834,0.0085906403174987,0.010599749711657,0.0101117532745184,0.0120796007016149
2018-10-19,0.001658265243799,IV,-0.0102972010156691,-0.0110979121123224,-0.0082850923238342,-0.0099627928236964,-0.0068149445185988,-0.0086474720733345,0.0068789953141841,0.0093041112612342,0.0087310070681163,0.0105817311712803,0.0105442868551427,0.0123991138531726
2018-10-22,-0.0040080126764627,IV,-0.0073682965981057,-0.0056362053761771,-0.0053035588829958,-0.0067903460874932,-0.0043560468020733,-0.0053416801512964,0.0048643848736936,0.0069444698046957,0.0064837443153759,0.0071522041473094,0.0074042795043641,0.0107293233594412
2018-10-23,0.0011243864453974,IV,-0.0096919748769678,-0.0108506588743723,-0.0076805575416475,-0.0094388313981284,-0.0063209857370925,-0.0082126688926836,0.0064894314707442,0.0087723049101869,0.0082809132583933,0.0100935776810253,0.0099058776893735,0.0118830653305681
2018-10-24,-0.0078798237940691,IV,-0.0095963864960183,-0.0109540009051209,-0.0079029293342684,-0.0095614010750151,-0.0064774443060796,-0.008271277453,0.0066885951248376,0.0092673938149036,0.0084340748295548,0.0101872140830871,0.0100742487340536,0.0121733488135088
2018-10-25,-0.0013684505149745,IV,-0.0144394706899151,-0.0176306965830625,-0.0122838377945712,-0.0154104789538124,-0.010089080706034,-0.0135357385552281,0.0098012987305771,0.0127681759004574,0.011852597958671,0.0149736908547397,0.0146713490235333,0.014770630465785
2018-10-26,0.0012257622457935,IV,-0.0104929560280236,-0.0125938945578036,-0.0085702009216214,-0.0101779132688663,-0.0070196664726796,-0.0091268441491977,0.0071536306173981,0.0095851541564189,0.0089501854220677,0.0109131647772029,0.0108402717157601,0.0126822780281611
2018-10-29,0.0001800033810375,IV,-0.0087770959906497,-0.0090372356746602,-0.0068236369490125,-0.0084747649931413,-0.0055389838016598,-0.0072075739539114,0.0057500759900605,0.0078644306178567,0.0075311906995743,0.0096057928487131,0.00906075605308,0.0112918709408573
2018-10-30,-0.0022721738912366,IV,-0.0101495967767071,-0.0113104567810794,-0.0081424635206007,-0.010155068984019,-0.0067261671791873,-0.0086547065310942,0.0068572872675892,0.0091267488642398,0.0086800166553733,0.0105380324777008,0.0104283962271807,0.0122053298758154
2018-10-31,-0.0028552186585889,IV,-0.0105891409705476,-0.0121601037415191,-0.0085813066340078,-0.010547652601525,-0.0070831963420439,-0.0092038000524513,0.0071431027596916,0.0095414474707489,0.0090203215901151,0.0109168404397406,0.0109047073580208,0.012733436495726
2018-11-01,0.0057242450484311,IV,-0.0110017251206352,-0.0127165088152759,-0.0089680151823568,-0.0107323229486905,-0.0073961666602341,-0.0094543055651884,0.0072878527758605,0.0101206195621819,0.0092145942174802,0.0112557323196004,0.0113058275385927,0.0126673864744986
2018-11-02,-0.0016553859796794,IV,-0.012723178460985,-0.0152752533335499,-0.0108017507432295,-0.0133437603688798,-0.0088756708142045,-0.0116234008039495,0.008652939750355,0.0115267884525402,0.0105988768154832,0.0129606447828139,0.0130484463625545,0.0139272181348298
2018-11-05,0.0018571819646242,IV,-0.0074417410582481,-0.0077298497353856,-0.005992885642048,-0.0068063207364937,-0.0048389164729735,-0.0068670671991982,0.0050944448055856,0.0067590097832882,0.0068360253530098,0.0080350464809162,0.0081224907384531,0.0109381030737164
2018-11-06,0.001573488581558,IV,-0.0108867590305193,-0.0122070527295882,-0.0087494328764499,-0.0107010617969593,-0.0071062442634996,-0.0091274808473273,0.007138563642644,0.0095703003102718,0.0090649631775092,0.0107333404710632,0.0111266962545448,0.0122258324889239
2018-11-07,0.0046795107031258,IV,-0.0165332648217315,-0.021044954049898,-0.014393799684977,-0.0182444357558865,-0.0118664264909521,-0.0153269370090166,0.0112481845844608,0.0147389504058459,0.0133969820256487,0.016506918702684,0.0169144233070184,0.0191873535877749
2018-11-08,-0.003882753724375,IV,-0.010529376825147,-0.0123418469291336,-0.0085912727554563,-0.0107983451654024,-0.0070766555421748,-0.0092786301861832,0.0071290445182759,0.0094093529596123,0.0089695837816584,0.0111018614570982,0.010817741307798,0.0126892273826361
2018-11-09,-0.0064227311626022,IV,-0.0105400260613534,-0.0122367212470005,-0.0085699068008371,-0.0100707100968429,-0.0070320520230954,-0.0090813577883702,0.0071172419925462,0.0095288587023212,0.0089576684338607,0.0103791031742119,0.0107997612738965,0.012346655237472
2018-11-12,-0.0090585839776643,IV,-0.0073650152678007,-0.0076907061072449,-0.0058413535850605,-0.0067076398571091,-0.0047791397767309,-0.0059367413710869,0.0051010730031211,0.0068961160533326,0.0067912218554329,0.0074709144895103,0.0080776947444917,0.0090746029531252
2018-11-13,0.0026962837600197,IV,-0.0116469819269459,-0.0136901033643827,-0.0095899803341748,-0.0116632533470378,-0.0078818823514379,-0.0101259477187759,0.0078281595090812,0.0103607083514294,0.0097008929561804,0.0121588191322176,0.0119724595563581,0.013637414318196
2018-11-14,0.002434825386438,IV,-0.0132770342151283,-0.0164577311486481,-0.0112864892949187,-0.0138360603340122,-0.0093534562961611,-0.0121205279551809,0.0090968190416143,0.0116576013066401,0.0110876530483411,0.0137142011436075,0.0137706200267634,0.0150400718981746
2018-11-15,0.0008419545775636,IV,-0.0135896646223007,-0.0165382005486952,-0.011621014485123,-0.0144051612749854,-0.0095694394528066,-0.0123909099219231,0.009314330642267,0.011739081739858,0.0113390818847441,0.0140443475557039,0.0142032219238213,0.0157977068109206
2018-11-16,0.0067892241206664,IV,-0.0134653273430397,-0.0163454536193786,-0.0114201292843578,-0.0138231633368508,-0.0094408169873494,-0.0122187433846921,0.0091721900141382,0.0122862903900555,0.011199153320528,0.0140258264512617,0.0139259193499237,0.0152559695338613
2018-11-19,0.0051295069416201,IV,-0.0084646458813223,-0.0096113146129304,-0.0064007980275614,-0.0077411820109616,-0.0053183380184022,-0.0066131460289568,0.0055883224912008,0.0075862029044423,0.0073200465379022,0.0090579317206058,0.0086030273665782,0.0111790357103764
2018-11-20,-0.0038074123146651,IV,-0.0110200487200264,-0.0129828375871113,-0.0088305417103768,-0.0105995792287316,-0.0072987942178448,-0.0094019225831366,0.0073937278989139,0.0099603036725839,0.0092860601447431,0.0113583113366732,0.0110818761671712,0.012823925661812
2018-11-21,-0.001403275123056,IV,-0.0112168227702628,-0.012997568562607,-0.0089200192298071,-0.010974465996454,-0.0074042599649874,-0.0097981384784672,0.0074800608472286,0.0099334945167949,0.009370910353528,0.011573743184973,0.0112466298818113,0.0134876053239228
2018-11-22,0.001098668660195,IV,-0.0103298217363659,-0.012272830381881,-0.0079553742185425,-0.0102695321644244,-0.0066173926675373,-0.0084954273826903,0.0067104612023026,0.0091548697583224,0.0086238729021554,0.0106530454007934,0.0102442001913996,0.0128973675651248
2018-11-23,-0.0055451239953974,IV,-0.0098815744964916,-0.0106007978819168,-0.0077022026456697,-0.0091648112181301,-0.006418035566203,-0.008260073408126,0.0065090848706087,0.0086146582352927,0.0084162287963084,0.0104113802146259,0.010109474070643,0.012561094972124
2018-11-26,-0.0003130076756519,IV,-0.0083040697054069,-0.0083507349229663,-0.0059964040903446,-0.0072454293348348,-0.0050562181397336,-0.0059967265948741,0.0052912670882461,0.0074946479994265,0.0070727410130968,0.0085613317560481,0.0082294907036672,0.0112410797315453
2018-11-27,-0.0043481403347626,IV,-0.0103824154712534,-0.0119326403643628,-0.0082778533131548,-0.0102779813531567,-0.0068330615046235,-0.0088261367284245,0.0069059998201203,0.0092330718288002,0.0087910986958758,0.0107935993097999,0.0105739338096609,0.0123574495247783
2018-11-28,-0.0013382908215158,IV,-0.0106526753769903,-0.0121367168185601,-0.0085842968687815,-0.0104625440392733,-0.0071203185915718,-0.0091354053789305,0.0071249673216582,0.0094988362875899,0.0090328944934939,0.0111409732448449,0.0108025154263497,0.0127853568800315
2018-11-29,0.0098006039946343,IV,-0.0106965722100487,-0.0124107966415054,-0.0087480197103362,-0.0107034002008151,-0.0072040710837983,-0.009436302397903,0.0072290712429776,0.0096665054862772,0.0091290007829033,0.0112152329267853,0.0110254377150996,0.0128147058298689
2018-11-30,-0.0055106747513735,IV,-0.0109746790134229,-0.0132430469441616,-0.0090670532610247,-0.01117154393732,-0.0073973960652165,-0.0095844666547382,0.0074366886639044,0.0098779584591987,0.009303880165188,0.0114539833998047,0.0112419118439857,0.0126789680850928
2018-12-03,0.0020047932063207,IV,-0.0097030128868396,-0.0107095308687982,-0.0077207639257864,-0.0095759312238815,-0.0063309994138817,-0.0079795434474774,0.0063904707763122,0.0084155707373837,0.0081983537621272,0.0097087127330652,0.0099980328143965,0.012386033775778
2018-12-04,0.0003304379654819,IV,-0.0098183038381562,-0.0109011508871819,-0.0077370463146874,-0.0095871735692406,-0.0063848665105338,-0.0083800134357644,0.0065838746112622,0.0087890863594483,0.0083724652115744,0.0103602782148945,0.0098706201002401,0.0117967650891556
2018-12-05,-0.0007094745999436,IV,-0.0102301090963938,-0.0116079428616511,-0.0081649268571264,-0.0098962445537684,-0.0067152891486346,-0.0087439689107159,0.0068413873230161,0.0090982869079458,0.0086875173602538,0.0105801824064518,0.0105248905529427,0.0123177393781948
2018-12-06,0.0035159938970381,IV,-0.0099656122905734,-0.0111070709919264,-0.0079902058756269,-0.0098903445224013,-0.0065673980672095,-0.0084892360814243,0.0065715036668846,0.0090640525251606,0.0084551455173888,0.0102284982182728,0.0099480501316754,0.0115081974981739
2018-12-07,0.0007267386333322,IV,-0.0122371451832798,-0.0160199955852637,-0.0103853619848735,-0.0128840658958816,-0.0084058361211692,-0.0112485484916681,0.0082231153255599,0.0105239260213236,0.010164735990968,0.0123740338368201,0.012707416805105,0.0129474998072111
2018-12-10,-0.0013551015489586,IV,-0.0079655453586921,-0.0074726774343285,-0.0061636071599809,-0.0068816612122702,-0.0049982629085646,-0.0060029850265172,0.0051075492464915,0.0076751472631873,0.0067864854558554,0.007839770254018,0.0083582231831801,0.0105734599712961
2018-12-11,-0.0046546906774088,IV,-0.010606449073417,-0.0116732323861908,-0.0085496309292158,-0.0104681085096182,-0.0069273935915687,-0.0094769841299441,0.0069765542635366,0.0091847755198475,0.0088421662325497,0.0108396022150325,0.0106828385499274,0.0127854035500711
2018-12-12,0.0038235907854564,IV,-0.0122332438396899,-0.0153773638562839,-0.0103458896243103,-0.0125847955371482,-0.0083807768688087,-0.0112095768447745,0.0082659522825044,0.0110111828223149,0.0101965983415011,0.0126193089852903,0.0125663095343384,0.0137761607259787
2018-12-13,-0.0016246170424534,IV,-0.0142059624715479,-0.0183180204753898,-0.012440292567668,-0.0138334419546489,-0.0100046449860337,-0.0135760855718353,0.0098545351204526,0.0123001350890017,0.0118977152773759,0.014019275395569,0.014827088778102,0.0152868493371567
2018-12-14,-0.0044249227623686,IV,-0.0102633035768715,-0.0119821392030969,-0.0086469927880818,-0.0097007365761474,-0.0069867637452039,-0.0088838406406505,0.0069980225955142,0.0093792420667037,0.0088142900040391,0.0104027534136969,0.0106224064297933,0.0120287758688687
2018-12-17,0.0034594695967148,IV,-0.0075112311741417,-0.0063011494556468,-0.0059066332634164,-0.0074890798850629,-0.0048889093913242,-0.0057877650070992,0.0049394122103843,0.0069589699037034,0.0066604807551243,0.0072278980643397,0.0075461140172727,0.0101865359787173
2018-12-18,0.0025042824842778,IV,-0.0095825001162651,-0.0105858887970997,-0.0076432599717327,-0.0093506971838726,-0.0062453755092372,-0.0081761178595877,0.0063308162746474,0.0083218278417958,0.008087886110363,0.0098600743103501,0.0096800701659541,0.0114384052066287
2018-12-19,0.0049526180323337,IV,-0.0100872253139423,-0.0115456582436888,-0.0082122442562998,-0.0102741823271264,-0.006673694697869,-0.0085654464462385,0.0067946871506183,0.0089363676952586,0.0085939051674741,0.0100570692006188,0.0102961824309823,0.0120830617975539
2018-12-20,-0.0004181695837094,IV,-0.0112326634696049,-0.0143265688433848,-0.0092979863079499,-0.0115267458649414,-0.0075880483973075,-0.0100936027005455,0.0078292523386701,0.0103012711573127,0.0096266839061979,0.0115906524558789,0.0113808211251737,0.0125504769183751
2018-12-21,-0.0001467291983882,IV,-0.0117491823515038,-0.0149156155824811,-0.0098301865106881,-0.0118953623194197,-0.0080178388596316,-0.0108193178128754,0.0081977154594352,0.0105397128268797,0.0100705710896291,0.0117629244784905,0.0119914048117564,0.0127642857091797
2018-12-24,-9.63711868419981e-05,IV,-0.0078990771185912,-0.007904882653358,-0.0058027738994154,-0.0078248076575101,-0.0048729677011395,-0.0060775481353248,0.0052860781175491,0.0071923328399503,0.0069758911326864,0.0084657453569615,0.0078182874627588,0.0105954138036837
2018-12-27,-0.0011791084414327,IV,-0.0085287495992229,-0.0083357711574583,-0.006345272293583,-0.0082906582001253,-0.00533917366701,-0.0066046020877161,0.0055479347054972,0.0079142424343042,0.0073950126653644,0.0087874668407878,0.0084799479083548,0.0112890041560087
2018-12-28,0.0033058749837622,IV,-0.0107378508796099,-0.0130230285062971,-0.0086345057209722,-0.0106813553819463,-0.0071205036388714,-0.0093399050709264,0.0073399219886309,0.0096110167679656,0.0091547125469584,0.0109735892412884,0.0108417953782573,0.0128516114682115
2018-12-31,-0.0003257232889248,IV,-0.0081942615953177,-0.0078353902623094,-0.006053538062658,-0.0070460213987153,-0.0051049832938054,-0.0063901885049577,0.0053713525679994,0.0072334243262787,0.0070905775913343,0.0084076756321148,0.008204227005368,0.0108802778983727
2019-01-02,-0.0070453497965734,IV,-0.0077055796725747,-0.0079189836819247,-0.005418497844059,-0.0066004123510075,-0.0046102259184244,-0.0054848414742034,0.0049391215870943,0.0068425104120448,0.0066330414892209,0.0080898245219709,0.0075471196070611,0.0099891355328017
2019-01-03,0.0034158759186095,IV,-0.0104567545614245,-0.0119786208361711,-0.0085107662004636,-0.0105417456467176,-0.0070006941782765,-0.0089992072137284,0.0070863466924755,0.0094546570527208,0.0089508403233142,0.0107193176581876,0.0107395487264576,0.0129508512351228
2019-01-04,0.001572125686,IV,-0.0124337017003952,-0.0154375735305319,-0.0104017082913091,-0.0130059641457311,-0.0084825686685345,-0.011108823542222,0.008442488587433,0.0111178787350236,0.0104201199274721,0.0127264169274998,0.012886230493444,0.0145745084771963
2019-01-07,0.0046078296456259,IV,-0.0079105431232982,-0.007941935699293,-0.0059017826785332,-0.0072087019296104,-0.0049632026639576,-0.0064026514108074,0.0050495981182657,0.0068203264058141,0.0068661892927339,0.0079848178166915,0.0079667329808097,0.0106260600657496
2019-01-08,-0.0019144360172652,IV,-0.010023422762751,-0.0110179525983616,-0.0079884110451665,-0.0096521665925769,-0.0066654440660696,-0.0085250956700975,0.0067303002524762,0.0090760871691428,0.0086038896911393,0.010639529599226,0.0102084545400617,0.0124342578938318
2019-01-09,0.0060082221699839,IV,-0.0101471688140218,-0.0118086220219365,-0.0080642147976994,-0.0100285519536253,-0.0066446991304067,-0.0085721459633414,0.0067733278306678,0.0086724855277753,0.0086355914251942,0.0104611489047533,0.0101889302341215,0.0120887946078003
2019-01-10,0.0010767020963501,IV,-0.0111151916993013,-0.0127814098102471,-0.0092037595200503,-0.0109609802491979,-0.0075027870020613,-0.0097501775444,0.0074853499801142,0.0100237206314458,0.0094514457113642,0.0114890713371453,0.0114316883909505,0.0130064171987216
2019-01-11,-0.003930354399797,IV,-0.0112130217885446,-0.0138284231567263,-0.0092307338438919,-0.0114059171737629,-0.0075703595096046,-0.0100245792884388,0.0076518604575016,0.010496020621553,0.0095207465758614,0.0113173550526599,0.0114625813459298,0.013367824661565
2019-01-14,-0.0008912588585434,IV,-0.0073936736246531,-0.0070572528535317,-0.0054506246880661,-0.006449011320712,-0.0045473484280973,-0.0059396613637084,0.0047387756887058,0.006495508071463,0.0065103996051324,0.0067846077106552,0.0072292353457729,0.0102680016112392
2019-01-15,-0.0024556119770836,IV,-0.0098809501920318,-0.0110443619621375,-0.0077956453958754,-0.0098135967969633,-0.0064312936120204,-0.0084456572313274,0.0066292639629518,0.0088135865988787,0.0084191381125953,0.0102362390293466,0.0099110091596429,0.0118992635692294
2019-01-16,-0.0039196243553209,IV,-0.0118535412329779,-0.0148083635419496,-0.0096907484953682,-0.0121468251558301,-0.007965991338746,-0.0105026819896868,0.0080610782841539,0.0107905062609398,0.009970311106575,0.0126344487200412,0.0120757606250236,0.0135165985682784
2019-01-17,-0.0012316097113032,IV,-0.0100679407283056,-0.0114469957262639,-0.0079993267914145,-0.009952539299355,-0.0066111137925205,-0.0088255807524843,0.0067380633833687,0.0089370299576237,0.0086208147962473,0.0103950674935833,0.0101138011788106,0.0120807477380072
2019-01-18,-0.001160549368979,IV,-0.0094357171780176,-0.0105984063855867,-0.007444218368218,-0.0089989535894125,-0.0061300352578864,-0.0081854131703633,0.0062737993541608,0.0084086924573751,0.0081117141849638,0.0098812399222893,0.009410583523967,0.0112958583275708
2019-01-21,-0.0003145473788172,IV,-0.0066176059258625,-0.0061094619900897,-0.0048629079552842,-0.0058009830109317,-0.0039355439200317,-0.0048202875221195,0.0041582126834077,0.0056777665679711,0.005855122904969,0.0063567348374881,0.0065995829695248,0.0089924626269266
2019-01-22,-0.0005677554666937,IV,-0.0091714712481275,-0.0102855317506449,-0.0071373843101585,-0.0087651526280189,-0.0058943102212739,-0.007742864098201,0.0060954207454734,0.0082747963823377,0.0078395873211724,0.0092780180486577,0.0091702921576985,0.0112465506418718
2019-01-23,0.0019352063954921,IV,-0.009209781605925,-0.0105252089893586,-0.0072558059394247,-0.0089409250995396,-0.0059899035626229,-0.0076399613361248,0.0061607455398151,0.0082852807023317,0.0079518994854298,0.0095945142642352,0.0093489932685277,0.0113355696081561
2019-01-24,-0.0022346181417143,IV,-0.0129163814685223,-0.0155288604355022,-0.0108943900298475,-0.0134869468767897,-0.0089007332833183,-0.0116598476711983,0.0089782080694241,0.0115564118283561,0.0108731298260813,0.0129920398141065,0.0134461543075163,0.0138054391615884
2019-01-25,0.0038129944982753,IV,-0.0095241878877461,-0.0106171908345811,-0.0075761168308261,-0.0095816388950342,-0.0062161291653134,-0.0079745978167018,0.0063347053575578,0.0082949059234898,0.0081383378124748,0.0095390354598098,0.0093901586901946,0.0105881118137358
2019-01-28,0.0034182153252805,IV,-0.0068038072047064,-0.0060467551839134,-0.0049995286873427,-0.0057828239980249,-0.0041743425994624,-0.0052547850159681,0.0043809942677093,0.0058667781069135,0.0060462803880241,0.0072693872748766,0.006243034611323,0.0084902706187103
2019-01-29,-0.0017941463146983,IV,-0.0087917362042448,-0.0097075923128986,-0.0070160371108882,-0.0087789289098841,-0.0057678720462825,-0.0073258694127686,0.0059017123595104,0.0079590946502792,0.007696399909631,0.0090857138458962,0.0088573832231682,0.0108695792270537
2019-01-30,0.0007924468413639,IV,-0.0096809085896886,-0.0109384178492167,-0.0076710159369841,-0.0097182996084035,-0.0063099462806457,-0.0081422099720422,0.0064320534568998,0.0084838446263887,0.0082377269609798,0.0101113390200011,0.0094481788401037,0.0112844421477084
2019-01-31,0.0044060918044792,IV,-0.0098006395177011,-0.0116768387806881,-0.0078235207543357,-0.0097972932859188,-0.0064475596573384,-0.0084291630297627,0.0066243215191634,0.0086209167876232,0.0084122414515544,0.0099756326120243,0.0098465259295752,0.0116525086302202
2019-02-01,-0.0005753138234,IV,-0.0099046673415056,-0.0111262867869034,-0.0081246590756687,-0.010177920836794,-0.0066568415314054,-0.008888094856441,0.0068652859950562,0.0089935556563438,0.0086761585619788,0.0101960012405163,0.01023553736506,0.011974243236118
2019-02-04,-0.0034588510232455,IV,-0.0064618157962495,-0.006282619358318,-0.0045608005741943,-0.0051848352513609,-0.0038538935604125,-0.0044392608094161,0.004172093805016,0.0057972231018452,0.005801473919993,0.0065784008176303,0.0061500043248717,0.0095091766309127
2019-02-05,-0.0019442990885929,IV,-0.008115779209582,-0.0083736828311271,-0.0061460873892035,-0.007850016087042,-0.0051005901077337,-0.0065761566521342,0.0054143920713527,0.0072242074185574,0.0071291971948259,0.0081316394893496,0.008035493068939,0.0099157417670844
2019-02-06,-0.0026092801103253,IV,-0.0082409771277473,-0.0098074413435813,-0.0064683135110614,-0.0081533123028538,-0.0053536705461146,-0.0069809167900544,0.0056977956768077,0.0080383717019594,0.0074033551646668,0.0088384406058245,0.008400838205475,0.0102509658998035
2019-02-07,-0.0018056799132375,IV,-0.0083140983871227,-0.0094268248653851,-0.0064287203595637,-0.0081571996011316,-0.0053337840692016,-0.0068055989316103,0.0056253696351391,0.0075423739249874,0.0073787703442177,0.0087324334565086,0.0083599316303153,0.0107204674532856
2019-02-08,-0.0024685601882134,IV,-0.0086308854764614,-0.0095500381242519,-0.0066713797591214,-0.0085830937972715,-0.0055136936896916,-0.0071748067809055,0.0057788371710059,0.0079564195245722,0.0075617988802875,0.0090095754279297,0.0086240658685108,0.0107755957441606
2019-02-11,-0.0046516907241691,IV,-0.0063313660695785,-0.006080745916565,-0.0044243152378774,-0.0056731704798758,-0.0037558753819736,-0.0045248799743578,0.0040120962808072,0.0057210728954991,0.0057565402209777,0.0067498938284617,0.006249081177789,0.0087634056136004
2019-02-12,0.0020310017025776,IV,-0.0093506270691017,-0.011169318040534,-0.0073643060967765,-0.0093645121305228,-0.0060692137794516,-0.0082773123491114,0.0063028898879375,0.0085015235588264,0.0081227335638464,0.0096437966809701,0.0093637385025951,0.0114080581062599
2019-02-13,-0.0010781099365883,IV,-0.0089943162606776,-0.0108376669322018,-0.0070164124030783,-0.0093630439348811,-0.0058661052734833,-0.007812181824389,0.0061206516906691,0.0080426004621911,0.0079686885367073,0.0102891777770653,0.0090514988751257,0.011796532061846
2019-02-14,-0.0009196360662363,IV,-0.0090602436504877,-0.010492717587471,-0.0073099734936076,-0.0088988226316575,-0.0060300785699928,-0.0081856492220137,0.0062133689912438,0.0083954340974718,0.0080942972553191,0.0098413290656027,0.009213381885072,0.0110753536638795
2019-02-15,-0.0011357537345381,IV,-0.0094490328200617,-0.010871816999155,-0.007451156271037,-0.0090220937615118,-0.0061401729879593,-0.0081171188023271,0.0063069494561905,0.0085909508333833,0.0081713977154643,0.0100353429743978,0.0094435295706327,0.0112492187812046
2019-02-18,0.0038545424937013,IV,-0.0071111349477209,-0.007098751406817,-0.0052097877941979,-0.006466087332856,-0.0043828447113346,-0.0051831222266585,0.0045721497083018,0.0064926437320873,0.0062927936881649,0.0073020478429169,0.0071704447875963,0.0096543219646973
2019-02-19,0.0023651714842772,IV,-0.0089557024838706,-0.0098333022866849,-0.0069854618568263,-0.0087523001672118,-0.0057702167421507,-0.0074691617826055,0.005979430160569,0.0080142632166936,0.007786593310356,0.0092692816993494,0.0089869205516693,0.0112746425563137
2019-02-20,0.0013644386262425,IV,-0.0091871649055113,-0.0102119488639411,-0.0072552040106926,-0.0090441642122885,-0.0060131345107416,-0.0078913701425864,0.006182168471486,0.0083181009105281,0.0079969952320376,0.0095665520512341,0.0091980391402884,0.0110893865378632
2019-02-21,-0.0001718300120761,IV,-0.0088940930379863,-0.0100110397523363,-0.0068861798366414,-0.0085879203964164,-0.0057334046437632,-0.0076097695594441,0.0059412445360719,0.0079767643668122,0.0077484636994113,0.009107659122623,0.0088830081603257,0.0103036094746342
2019-02-22,-0.000665569163319,IV,-0.0093254999395511,-0.0107912672904803,-0.0073001145738337,-0.0091629641757614,-0.0060854590923872,-0.0081294875301064,0.0062290416910675,0.008197071777041,0.0080943148159292,0.0094554766651918,0.0093379620692449,0.0107476947940517
2019-02-25,0.0005642196727336,IV,-0.006377345745609,-0.0059821487457487,-0.0046100391809399,-0.0058073596543189,-0.0039062811873498,-0.0047155171639498,0.0041665876840399,0.0059198360175878,0.0059034644468869,0.0063330050396964,0.0064416585586104,0.0087115534182213
2019-02-26,0.0011010743192392,IV,-0.0075652242848007,-0.009198929386803,-0.0058098669248052,-0.0075618858826203,-0.0048622238522699,-0.0065548831344427,0.0051978127389659,0.0070940404712724,0.0069343637282961,0.0082475515617011,0.0076723771253036,0.0096886965317554
2019-02-27,0.0020140285165932,IV,-0.0076198732958354,-0.009053975465797,-0.0057763266980575,-0.0075961961085472,-0.0048436722873754,-0.0062438725796611,0.0052050560275388,0.0064472670798859,0.0069152971931106,0.0081193843378847,0.0075922583416196,0.0094371681907986
2019-02-28,0.0004260318709919,IV,-0.0081749550550019,-0.0087390619909113,-0.006294662653829,-0.0078774815018563,-0.0052294098274746,-0.0071905295819262,0.005499636568645,0.0074884226372527,0.0072735522292481,0.0085008346033814,0.0083043666678496,0.0105654901774051
2019-03-01,-2.19557525710234e-06,IV,-0.0085365970852579,-0.0087188122567404,-0.0067176667204989,-0.0084368882674381,-0.0055236660188537,-0.0072245465994914,0.005751307026346,0.0077628946508201,0.0075172217620857,0.0089237484353861,0.0086704219215952,0.0112735131703181
2019-03-04,-0.0056166625890553,IV,-0.0061624801339248,-0.0055046810227991,-0.0045222110434827,-0.0052565346230769,-0.0037505527673584,-0.0043704945198782,0.0040064897177149,0.0054646526313478,0.0056820427296652,0.0063842302462232,0.0064636765544929,0.0082462502197672
2019-03-05,-0.0014317723276868,IV,-0.0081445950504531,-0.008709956036773,-0.0065413965439327,-0.0076601710901611,-0.0052404663103185,-0.0068832375815151,0.0054460463741717,0.0069057662691796,0.0072135176257503,0.0083089434443792,0.008381504614823,0.0106496168962716
2019-03-06,0.0009503246184043,IV,-0.0081129500098641,-0.009885703752958,-0.0066290904596113,-0.0080956266543141,-0.005427899208797,-0.0069605872351991,0.0056189807541196,0.0080084104884113,0.0074009633290967,0.0090742547688252,0.0085994231682644,0.0106121541797774
2019-03-07,-0.0075389720960606,IV,-0.0129001009953803,-0.0161576247709487,-0.0108256728540809,-0.0140098430923891,-0.008806581390285,-0.0115387873687334,0.0088444880031442,0.0119875355664253,0.010784452959845,0.0143116290152456,0.0131096122205108,0.0134572160992632
2019-03-08,0.0003516025769971,IV,-0.0117479610306842,-0.0142115890547173,-0.0097396523633059,-0.0120521327098072,-0.0078688940068295,-0.0104309302962368,0.0079065454027556,0.0100824713047619,0.0098943724054877,0.0121601113889248,0.0119075344799804,0.0127597973221324
2019-03-11,-0.0009727724668919,IV,-0.0062256953836668,-0.0059790125302584,-0.0047083231992536,-0.0047778991407775,-0.0037727888249815,-0.004613673998931,0.0040271974200212,0.0056919434184317,0.0057627129600734,0.0066114369700957,0.0062573810053321,0.0085020645016096
2019-03-12,0.0045352257072396,IV,-0.0083699981016444,-0.0096311166803335,-0.0064874839762887,-0.0079921472076682,-0.0053714133328428,-0.0071155492297632,0.005573662307717,0.0074280927131595,0.0074055437270111,0.0090004501254283,0.0083604855277926,0.0110274403726424
2019-03-13,0.0029089416166144,IV,-0.0089020600825826,-0.0107479382848439,-0.0069981177169004,-0.0082738056566171,-0.0057106797518188,-0.0076800336035323,0.0059419449223347,0.0079538741767659,0.0077833619701287,0.0094955912063819,0.0087867384179694,0.0100533407651679
2019-03-14,-0.0004908713507092,IV,-0.0084133260146767,-0.0096860739729271,-0.0065714796806206,-0.0080224870521847,-0.0053913312109132,-0.0071480532890708,0.0057117822068879,0.007841935305469,0.0074233613595004,0.0085016683449628,0.0082895823735894,0.0102316132714665
2019-03-15,0.0020370880672137,IV,-0.007586911353054,-0.0075650445140899,-0.0059835132239188,-0.0072307738760761,-0.0049132225960187,-0.0065804854374009,0.0051849988422368,0.0069207942245709,0.006906783751315,0.0077031065070188,0.0078097775383976,0.0094072344475868
2019-03-18,0.0009309940025474,IV,-0.0056774953208029,-0.0054821051943262,-0.0042514881651021,-0.0046924659630683,-0.0034424694274162,-0.0043370703279408,0.0037380235650949,0.0050236495399938,0.0053637695596859,0.0063018866398059,0.0058300962780968,0.0079616911538114
2019-03-19,0.0008067485167746,IV,-0.0073330659088059,-0.0086073551696256,-0.0057019453118219,-0.0076915247087989,-0.0046537257779697,-0.0062579685390394,0.0049218308303983,0.0065286967448957,0.0066033097789163,0.007071672894435,0.0075559075546546,0.0098146137396324
2019-03-20,0.0005176513722664,IV,-0.0073592712629651,-0.0086236578911919,-0.0058585059842802,-0.0074452840174585,-0.004669419805322,-0.0063314189203858,0.0048866963022483,0.0069037565497126,0.0066477321164533,0.0082550147644137,0.0075157031463295,0.0096364307383571
2019-03-21,0.0007462678699398,IV,-0.0089141644346228,-0.0103946070014424,-0.0071326094243191,-0.0091672946761714,-0.0058886272396437,-0.0077750751193782,0.0060077646126692,0.0080856263042359,0.0079189735201921,0.0117414509664521,0.0090033045595147,0.0107013948253571
2019-03-22,-0.0068761270145088,IV,-0.0105091290575561,-0.0133233738740754,-0.0086240293218323,-0.0110343870508067,-0.0070750603955877,-0.0091095956760388,0.0070314928932943,0.0091354182788268,0.0090697388199583,0.0112141407925023,0.0105651236491564,0.0123119820787017
2019-03-25,0.003443973635951,IV,-0.0065927427901866,-0.0071305989900607,-0.0051740119873443,-0.0059148603209919,-0.0042006448229383,-0.0052702129405451,0.0044154728558674,0.0060036755871588,0.0061607287604644,0.0076171546447826,0.0068316680270483,0.0092455977615059
2019-03-26,-0.0037453600155681,IV,-0.0083064602875585,-0.00948391625856,-0.0064754122419692,-0.008146603444005,-0.0053613378545937,-0.0071415532428258,0.0055341036726769,0.0074965450252455,0.0073664287573786,0.008707902450593,0.0083883067215438,0.0100919839515459
2019-03-27,-0.0025432374945338,IV,-0.0084984263380685,-0.0093556607102356,-0.0066580357688739,-0.0083008411661865,-0.0054923257120076,-0.0071924141773643,0.0056637465785319,0.0076793174448723,0.0075097611273323,0.0089782731981362,0.008557873046454,0.010057551000893
2019-03-28,-0.0013430222683434,IV,-0.0092548879834947,-0.0109443457082155,-0.0074282458937726,-0.0094300559787314,-0.0060498050331842,-0.0078052656389396,0.0061625687308872,0.0084149279887313,0.0080238707033932,0.0098313805564064,0.0092363881433914,0.0108284448283207
2019-03-29,-0.0006454700470049,IV,-0.0091743131658821,-0.0102976558719918,-0.0072830162677482,-0.0094729587913424,-0.0060439008719079,-0.0079166309394801,0.0062309544287186,0.0082836065156958,0.0080650061665691,0.0090748118501878,0.0093144997001483,0.010493926662631
2019-04-01,-0.0016846350154281,IV,-0.0062255179258247,-0.0054035571194839,-0.0045857451520684,-0.005283065541803,-0.0037517559945532,-0.0048380682320639,0.0040339549959889,0.0053853017787894,0.005758096746841,0.0064432794379497,0.0061820358133273,0.0088106873583037
2019-04-02,-0.0020762689997395,IV,-0.0071911358575818,-0.0076886813653379,-0.0054302947097612,-0.0067330171351287,-0.0045331313976334,-0.0061536973717463,0.0047293159963733,0.0064569392950601,0.0065707267966903,0.0076094870905817,0.0071443919795459,0.009514554229794
2019-04-03,0.004944688971591,IV,-0.0079337734528524,-0.0087514518200915,-0.0061061488488464,-0.0079640246919119,-0.0050840403510742,-0.0069775099669853,0.0052884641031439,0.0071164986069235,0.0071540596476,0.0084105696639542,0.0078732401235899,0.0089811842225911
2019-04-04,-0.002279812190586,IV,-0.0077624897723798,-0.0080951148955327,-0.0060942370856366,-0.0073474357971668,-0.004957299927051,-0.0063955112345685,0.0051536435049686,0.0068792000304124,0.0068418186376967,0.0075707526488472,0.0076143347848685,0.0101620498053129
2019-04-05,8.46953308861614e-05,IV,-0.0080200018652143,-0.0092125789093841,-0.0063728449372422,-0.0082117987166927,-0.0052128012180979,-0.0067954851306296,0.0053619756288971,0.0073402227701047,0.0071739258493073,0.008643949884362,0.0081447972956264,0.010294686925439
2019-04-08,0.0039348717998256,IV,-0.0054668265867144,-0.005935881520384,-0.0040030681821882,-0.0046038686192273,-0.0032105195708154,-0.0032851446788199,0.0035369063280744,0.0053572754363246,0.005099231516221,0.0063653076124234,0.0054863206232808,0.0073267525793584
2019-04-09,0.0013998256386289,IV,-0.0071186584671537,-0.0078401569946613,-0.0055030660077776,-0.0066835808266933,-0.004481931896781,-0.0060983357941831,0.0048460104741559,0.0064815080100421,0.006517043745912,0.0086134753876342,0.0071579722131153,0.00853311616604
2019-04-10,-0.0009714617269535,IV,-0.010368071911429,-0.0126814066432295,-0.0083674487941475,-0.0104482934376268,-0.0069935841057487,-0.0089483372373433,0.0072770145751431,0.0090887026543651,0.0090787187784347,0.0109192975696818,0.0105454053905773,0.0124671539465723
2019-04-11,-0.000390625004967,IV,-0.0078196641063064,-0.0086344485095318,-0.0061065326317025,-0.0074083334292148,-0.0050837008747501,-0.0066305868952285,0.0055074297196954,0.006967211447133,0.0071564478665296,0.0082193050791261,0.007950775771063,0.0104448420522396
2019-04-12,0.0037357543197056,IV,-0.0062797701010604,-0.0068775592820667,-0.0047925378640457,-0.0062023380729782,-0.003969406306377,-0.0054947291705563,0.0043642095071649,0.0056970989779623,0.0060564217522482,0.0069882287953967,0.006559552874353,0.0090560883016798
2019-04-15,-4.42324236939184e-06,IV,-0.0054903364051301,-0.0057200657325317,-0.0040552902191234,-0.0048692577331229,-0.0032527115489233,-0.0038175677390289,0.0036728645954231,0.0049499354461776,0.0053013058566674,0.0056316103642886,0.0054350440666168,0.0079620169759998
2019-04-16,-0.0010001549746163,IV,-0.006650716600933,-0.0072730936952121,-0.0049673604832879,-0.0063523812286425,-0.0041502563894253,-0.0057306570188455,0.0046077975941118,0.0061437697071897,0.0062070323152346,0.007260766323048,0.0065152376806041,0.0089121410257647
2019-04-17,0.0003143157571114,IV,-0.0068442340158966,-0.0081186127000848,-0.0050012945203102,-0.006472694178927,-0.0042399725902652,-0.0054528450025378,0.0047375344641104,0.006141226515606,0.0063131012799708,0.0070401508919921,0.0066126870769504,0.0088502027281481
2019-04-18,-0.0049252877245507,IV,-0.0082694319483444,-0.0108812601870795,-0.0063983575162876,-0.0083783403340136,-0.0053668868081119,-0.0074699151652221,0.0057289438718414,0.0077915612429611,0.0074346651303519,0.0084430325357879,0.0081022788045988,0.0096739367369345
2019-04-23,-0.0025252819843961,IV,-0.0057570937281915,-0.005666577522175,-0.0042751472992169,-0.0054053277733412,-0.0035982080200161,-0.0045844081187946,0.0040278259997943,0.0054085200320367,0.005712209329903,0.0066345178240563,0.0057960096739888,0.0080891024796182
2019-04-24,-0.0018590622337348,IV,-0.0076361471360616,-0.0086135817125952,-0.005885713623043,-0.0076562259979525,-0.0048965029271361,-0.0062868875792596,0.0051940325159928,0.0073725743329391,0.0068762711088982,0.007900144680734,0.007665744141517,0.0091155199307067
2019-04-25,-0.0046415120636813,IV,-0.0097500482965955,-0.0116630351742007,-0.0078449813729094,-0.0098096253864623,-0.006462903854536,-0.0086309099612654,0.0065675827433417,0.0089025618966563,0.0084544324541603,0.0104586857715451,0.0098661209610588,0.0119120803409541
2019-04-26,0.0012828795673396,IV,-0.0090999823360997,-0.0108140673005744,-0.0073077800573213,-0.0089980706725036,-0.0060079561790492,-0.0076843868756879,0.0061694499899267,0.0080077892029165,0.0080097870793769,0.0094731217942083,0.0091756450239942,0.0110555566043506
2019-04-29,0.0010752737383424,IV,-0.0060508307797859,-0.0055822621117774,-0.0046371792399891,-0.0052933107385264,-0.0037865866314268,-0.0047464484266296,0.0040571510490047,0.0054025668291272,0.0055997792836449,0.0064703390026839,0.0063049757778668,0.0083851372080703
2019-04-30,0.0031184673036508,IV,-0.0081805131222636,-0.0094616315131936,-0.0063808860986523,-0.0080638609812243,-0.0053449495022284,-0.0067183001603248,0.0055454839219972,0.0071940815340504,0.0072711442289651,0.0084781406266658,0.008304458061757,0.0101530963810618
2019-05-02,-0.001474191862749,IV,-0.0075656690422967,-0.0088232947334782,-0.0059383129465871,-0.0072381099622736,-0.0048625016237136,-0.006159001492055,0.0051017258518676,0.0067593847675008,0.0067001651914008,0.0082282310322913,0.0076565571510068,0.0094569719596693
2019-05-03,0.0003285308999449,IV,-0.0080199255158246,-0.0091358582083066,-0.0062007890487439,-0.0084083437294935,-0.0052040048180768,-0.0068300133213981,0.0054571325474943,0.0075242076692966,0.0072450255596906,0.0088079311276777,0.0080052029781545,0.0092509427609213
2019-05-06,0.0007728510770149,IV,-0.0055773902250204,-0.0050380305987264,-0.0040471127803156,-0.0052686197537395,-0.003279065906918,-0.0040067011416373,0.0036512116845866,0.0047380985623656,0.0046722979749888,0.0057205763747304,0.0056252763114799,0.0084644903342755
2019-05-07,-0.0016715386513319,IV,-0.0073824279986839,-0.0087236360650282,-0.0059196862248815,-0.0074057414638929,-0.0049566607704768,-0.0063478254830495,0.005215589286771,0.0071671829866812,0.0068474790185967,0.0078166651211099,0.0077367734901262,0.0093803021379476
2019-05-08,0.0024772586369353,IV,-0.0078429258872037,-0.0092534171810636,-0.0061313774505988,-0.0076979299229102,-0.0051106199132131,-0.006614362508803,0.0052946016740498,0.0074648000296348,0.0071028590633076,0.0086254216063421,0.007939091863902,0.0098721752881716
2019-05-09,0.0019524595818332,IV,-0.0075897891096838,-0.008898799205904,-0.0061548268425277,-0.007672416960626,-0.0051143859790853,-0.0065359448707038,0.0052610712754374,0.0071581830432574,0.0072068563102338,0.0086141188255117,0.0080062585297963,0.0097990595174428
2019-05-10,0.001190554482756,IV,-0.0089133266401092,-0.0097296374690567,-0.0071495500541824,-0.009630762899835,-0.0058973366453488,-0.0077905822735489,0.0060366215326854,0.0079223083809934,0.0078906403079644,0.009406932957288,0.0090252323634515,0.0106261277429275
2019-05-13,-0.0007898358553317,IV,-0.0058652335502206,-0.0064839224244353,-0.004395033441886,-0.0051948871762771,-0.00363963728527,-0.0046216212977837,0.0039587373716248,0.0054524198928622,0.0056240290264551,0.0064626944351167,0.005939997603118,0.0082216564934379
2019-05-14,-0.0022304800543721,IV,-0.007348414000604,-0.0083881179564243,-0.0058630882838406,-0.0073249845809319,-0.004867793418657,-0.0063719878936475,0.0050610569955891,0.0067868191376656,0.0068969102927428,0.007987904661896,0.0075679832037442,0.0096741115359493
2019-05-15,4.01524902405997e-05,IV,-0.0069833789495918,-0.0079273722770614,-0.0052211058188988,-0.0066668745999772,-0.0043809244663766,-0.0057673228944516,0.0045685924882255,0.0061892239069918,0.0064335041897649,0.0073125715585264,0.0068938186742449,0.0087588323402053
2019-05-16,-0.0026468189427427,IV,-0.0075760390806045,-0.0088489125914355,-0.0059925473623939,-0.0075637043623113,-0.0049879595763853,-0.0064793659300074,0.0051952328239197,0.0067870346475107,0.0070025496969597,0.0081654085669831,0.0077011272381012,0.0088645919361918
2019-05-17,-0.0011412971744144,IV,-0.0067138383012424,-0.0081607327801459,-0.0053284086858853,-0.0069898000179943,-0.0044355233927827,-0.0057090943867497,0.0046635056641362,0.0063763832616762,0.0062379674716448,0.0066258266837232,0.0070239369871925,0.0085920783925458
2019-05-20,0.0004141505216491,IV,-0.0055339773596576,-0.0054915322289817,-0.0040816127945175,-0.0046246264964751,-0.0034109896953418,-0.0039913852465715,0.003780628782048,0.0054592738118913,0.0052972635074692,0.005958620682527,0.0058999869699352,0.0086875228739153
2019-05-21,-0.0010412993668606,IV,-0.0069001002293493,-0.0079952094600514,-0.0052270558868233,-0.0063368759246393,-0.0042508263848014,-0.0059435223340236,0.0045641280754611,0.0061401729608695,0.0061936361462532,0.007204631881124,0.0069604782225786,0.0091765297172433
2019-05-22,-0.0001232361822989,IV,-0.0067346831095087,-0.0078065377732337,-0.0054394867920907,-0.006623174855578,-0.0043047395508416,-0.005757811758142,0.0046611655404082,0.0065403807617974,0.0065309522569484,0.007750060419987,0.0071910052434619,0.0094570010307961
2019-05-23,0.0012809145509381,IV,-0.0077598502350273,-0.0089320920204763,-0.0059740396854606,-0.0076482457431515,-0.0049185598889419,-0.0065762990132805,0.0051812014671474,0.0069583228477873,0.0069377196859866,0.0080796972373003,0.0076726426107985,0.0094059961003958
2019-05-24,0.0023336711800766,IV,-0.0079801643678229,-0.0092518121048483,-0.006203100074937,-0.0078549400674619,-0.0051153681803031,-0.0066937187994359,0.005264592697317,0.0071933581671724,0.0070122076355496,0.0081580871464953,0.0079987947490555,0.0105563087366003
2019-05-27,-0.0004689792640798,IV,-0.0059212246708078,-0.0054977440981463,-0.0044213384328889,-0.0054325734865824,-0.0036761622535655,-0.0045283995803792,0.0039710008701156,0.0052217131789846,0.0055203847568859,0.0060616493022686,0.0062103751367231,0.0091296635585674
2019-05-28,-0.0013724690275392,IV,-0.0068790753785753,-0.0071746708042269,-0.0051353639148124,-0.0061174160655319,-0.0042534950466167,-0.0057541930669775,0.0043528511913507,0.0060727268720242,0.0061520979238587,0.0070391657020352,0.00675461138796,0.0085504587347324
2019-05-29,-0.0036863654223008,IV,-0.0067855322686702,-0.0076442378923302,-0.0051779795771283,-0.0066736979292184,-0.0041342547130247,-0.0056817681815548,0.0044572431455426,0.0060266505705708,0.0061196353432043,0.0066219316014609,0.0066804461997026,0.0085084042748959
2019-05-30,0.0003254846663728,IV,-0.0068661102688449,-0.0077322860211796,-0.0051544307798237,-0.006535365748374,-0.0041450951628513,-0.0054471526725961,0.0044923541018483,0.0061417611746183,0.0060799113325758,0.0069279502878342,0.0067924823190002,0.008815463400143
2019-05-31,0.0009107938668724,IV,-0.0061883931260398,-0.0070861108913348,-0.0049418859492442,-0.0066086802662856,-0.0038643105589253,-0.004882605569506,0.0043360794949675,0.0059622342218229,0.0058465766664976,0.0067681487163993,0.0065538863559621,0.0082885843218118
2019-06-03,0.0049745114659861,IV,-0.0052467732029053,-0.0049010284155918,-0.0040138759000479,-0.004850954964567,-0.0028952387368861,-0.0037192557689743,0.003504066397932,0.0049161661504827,0.0049373323779577,0.0053868328024989,0.0052919516055507,0.0074645950453513
2019-06-04,0.0028384994182484,IV,-0.0079761234792525,-0.0088883064719257,-0.0067324540783988,-0.0085053703617332,-0.0053707299527856,-0.0070432205061074,0.0056991370589122,0.0079261951025608,0.0074735996196883,0.0091479546885935,0.0089705749666109,0.0107888864323151
2019-06-05,0.0005026925295869,IV,-0.0086847206494271,-0.0109745261997378,-0.0073493291897874,-0.00941981554554,-0.0058100003463411,-0.0077347875862932,0.0060687179479395,0.0083702371923588,0.0078208853372764,0.0104049804432693,0.0095071209476416,0.0113006608681293
2019-06-06,0.0045748799071469,IV,-0.0125840905395231,-0.0178104227671041,-0.0109166449020089,-0.014271373821633,-0.0089788238210221,-0.0122316556316222,0.0088294117300241,0.0112419682158865,0.0109838722776682,0.013059929166567,0.0133419859362896,0.0135977622577467
2019-06-07,0.0026881142364531,IV,-0.0110150639117176,-0.0143446424171674,-0.0095199294826068,-0.0120215958203438,-0.0076662665265885,-0.0097681272280959,0.0075941238599805,0.0103123381868815,0.0097414061357149,0.0116161174078674,0.0116564263559544,0.0123960624495206
2019-06-10,-0.0012458913710005,IV,-0.0060427823158378,-0.0062830826595482,-0.0047827154281805,-0.0058747807895874,-0.0037691146884901,-0.0049752123935531,0.0042176008242351,0.0055908730850935,0.0057286416069599,0.0069242219463094,0.0066789334998416,0.0085607671139535
2019-06-11,0.0004729145991127,IV,-0.0077751764517091,-0.0091243322980625,-0.0060682821315438,-0.0076994373300973,-0.0049004990992637,-0.0067933306554531,0.0051781736927316,0.0069132642405286,0.0069027373151278,0.0081761358037224,0.0077169510563166,0.0099429783787733
2019-06-12,-0.0004684938010261,IV,-0.0075295647559059,-0.0092332106134125,-0.0058545457348712,-0.006855493818705,-0.0047715313712071,-0.0063994667385174,0.0049763217600284,0.0068321753962972,0.00678238367459,0.0078033273086465,0.007559369063357,0.0095350162820634
2019-06-13,-0.0031747393781073,IV,-0.0068470805377443,-0.0079540293882251,-0.0055508225690445,-0.00694679112179,-0.0044421572729529,-0.0061054712882886,0.0048005864244952,0.0064347791281426,0.0064760605884384,0.0075256538213506,0.0070651038140944,0.0088693099058483
2019-06-14,-0.0051398678797031,IV,-0.0065285929744979,-0.0074702849369343,-0.0054672653975728,-0.0066357970286069,-0.0042789964870809,-0.0056396502354434,0.0047868251351205,0.0065363554966593,0.0064471524237767,0.0085219794596112,0.0073519788739958,0.0097332805574035
2019-06-17,0.0016034852507668,IV,-0.0051312071785739,-0.0048775730006752,-0.0038574127474113,-0.0053551229188675,-0.0032060741331882,-0.0042321276998085,0.0037911699243522,0.0054117408920326,0.0052705124871278,0.0083864431345722,0.0063878327151238,0.0079813933334385
2019-06-18,-0.0034484445413916,IV,-0.0072584896799154,-0.0085541338272248,-0.0059934743080972,-0.0068847331837895,-0.0049648107420338,-0.0066360231657742,0.0052649416814007,0.0076040699818734,0.0069629641826255,0.0082793436226074,0.0082915145276641,0.0095269146738798
2019-06-19,0.0015685437739292,IV,-0.0068630124966482,-0.007436487715451,-0.0058379823505257,-0.0077123329543062,-0.004582003698238,-0.0058256686976585,0.0049788235003173,0.0067493885107803,0.0066185342533177,0.0086300579166847,0.0074074381576224,0.0095609242702599
2019-06-20,0.0061942960456537,IV,-0.0077428897521925,-0.0097708793622985,-0.0067348633325278,-0.0081383237439354,-0.0052659617121436,-0.0072003813708355,0.0054881293931747,0.0073532419291099,0.0073783503134021,0.0093716186521492,0.0083109307532114,0.0097388772614983
2019-06-21,0.0040178413238429,IV,-0.0081198001020293,-0.0093839400812251,-0.0068885635154426,-0.0091303623404991,-0.0054006005386206,-0.0071741309725281,0.0057643897898581,0.0076984777783031,0.0074997521340497,0.0093613798298575,0.008523224263638,0.0095961154436879
2019-06-24,0.0056116005599137,IV,-0.0061177794224831,-0.0068628179652068,-0.0050029266547769,-0.0070263374231795,-0.0039022881523692,-0.0051991391657467,0.0044209126885998,0.0060677654884512,0.0059479887626562,0.0073126982245182,0.0066383097902821,0.0088254189722656
2019-06-26,-0.0001777674389599,IV,-0.0087088824039039,-0.0098672885396765,-0.0069531496888855,-0.0087099742370032,-0.0055887803357666,-0.0072400140485652,0.0060662656274762,0.0078977333400635,0.0076592472747886,0.009018151654563,0.009196247093557,0.0106764929223727
2019-06-27,-0.0016716809994474,IV,-0.0081637567438359,-0.009201621991283,-0.0067553652303355,-0.0081496186311708,-0.0054587723562032,-0.0073299744643845,0.0058442785925921,0.0076015851372668,0.0074793008542829,0.0089849559003224,0.0086407530007308,0.010320909110048
2019-06-28,0.0002901634607842,IV,-0.0081295511778608,-0.0095942488690944,-0.0066669441070647,-0.0082036497788258,-0.0053693299981938,-0.0071220981211721,0.0056803713776563,0.0078139342984594,0.007426655010342,0.0082469936955887,0.0084020029756988,0.0102541651801627
2019-07-01,-0.0059740889760266,IV,-0.0078657454363044,-0.0093865489101256,-0.0065038881061918,-0.0078321960640304,-0.0052337371544291,-0.0068243746736436,0.0056344455745907,0.0076341079276519,0.0072500066139776,0.0081311450907339,0.0083895920869259,0.0098815962300256
2019-07-02,-0.0005484929850789,IV,-0.0071555616502127,-0.0078661928569807,-0.0057385644771756,-0.007314367592438,-0.0047216347028239,-0.0060987003514946,0.0048813724665475,0.00659613864554,0.0065756494990789,0.0076862813907554,0.0073926587950681,0.009150395199788
2019-07-03,-0.0022923268064205,IV,-0.0070331346416459,-0.0080455311670339,-0.0056108929891338,-0.0070811465713662,-0.0046202993301948,-0.0062086678468551,0.0048926916384053,0.0065354373125221,0.00651860512795,0.0074312249195785,0.007098269870178,0.009308100777924
2019-07-05,-0.0052511414371813,IV,-0.0063888689627451,-0.0070379775217422,-0.0049085833559977,-0.0061814219442847,-0.0040615825197434,-0.0052960017217931,0.0043862992067024,0.0059202399091317,0.0059290595495094,0.007071952933754,0.0063762160848571,0.0085922233328105
2019-07-08,-0.0006488562186168,IV,-0.004965210989707,-0.0043737926821136,-0.0037970562161334,-0.004399820086512,-0.0032196484281867,-0.0038470822886708,0.0035854713099583,0.0047563473439246,0.0049688338661223,0.0056179763531318,0.0052083918839236,0.0091352868684536
2019-07-09,6.24512100125124e-05,IV,-0.0059121204912286,-0.0066728533044184,-0.0045993078757893,-0.0056145430415248,-0.0038643393105717,-0.0049858143668489,0.0041726823827313,0.0058086845665473,0.0056756503579515,0.0064630496234859,0.0059865499944549,0.0083259375014707
2019-07-10,0.004535114797414,IV,-0.0060961922631755,-0.0067991360499472,-0.0050126692194633,-0.0055007193595562,-0.0042018586227279,-0.0053568529945716,0.0044662224108632,0.0058291414400237,0.0060236821597912,0.0070779107381858,0.0066035707198726,0.0087442872699962
2019-07-11,5.7724542937343e-05,IV,-0.0072604825050262,-0.0090271435807327,-0.006105881828947,-0.0074255484623319,-0.004998878012558,-0.0066625659036691,0.0052342356130335,0.0068908285322542,0.0068280743388347,0.008047157589353,0.0076689178092555,0.0101622170705741
2019-07-12,-0.000659590345036,IV,-0.006370074971092,-0.0073863560611748,-0.0051245387445358,-0.0062925037954041,-0.0042447726679548,-0.0057570411183437,0.0045194754871581,0.0057682770745885,0.0060772945195376,0.0070662007166527,0.0064154942139106,0.0088651474045344
2019-07-15,0.000497509133113,IV,-0.0049518060639778,-0.0050291716078767,-0.0035043052836551,-0.0042789588063225,-0.0029747068322831,-0.0037542440087035,0.0034559751477858,0.0050416577510144,0.0047778507500709,0.0053283341845473,0.0048167202033601,0.0072196796427146
2019-07-16,-0.0042345082839062,IV,-0.0063328039271969,-0.0077352432105384,-0.0051903886513102,-0.0064676432018847,-0.004260269500017,-0.005644888419724,0.0046000737245051,0.0060419996738379,0.0061139637418511,0.0068199754214182,0.0064784817959123,0.0086681799105829
2019-07-17,0.0017511617615438,IV,-0.0062924641975964,-0.0077570212137978,-0.0051489161793569,-0.0068281268949445,-0.0042597965038163,-0.0055612116999904,0.0045024518792796,0.0060250773585218,0.0060929467342452,0.0074394112922746,0.0063901002966323,0.0095392825979562
2019-07-18,-0.000298327365288,IV,-0.0061024256270143,-0.0079313186598508,-0.0048676572253124,-0.0061473057143406,-0.0040666318433685,-0.0053816279082526,0.0043668346597885,0.0057020925250296,0.0058677742539283,0.0067218262540632,0.0061745490363389,0.0089002500382521
2019-07-19,-0.0006281141414133,IV,-0.0074507644480062,-0.0095548306013399,-0.0058285454086267,-0.0072079440419192,-0.0048046837651212,-0.0061977726351225,0.0049887437842782,0.0063339921594468,0.0065420789030982,0.0074584891134131,0.0074964413706246,0.0099326354253795
2019-07-22,-0.0005794620971068,IV,-0.0058698830189602,-0.0043255326440526,-0.0041515421688535,-0.0051669831729029,-0.0035130221137527,-0.0043589509291611,0.0038963725714588,0.0055886841942141,0.00517034849145,0.0063630002192186,0.0057901341131742,0.0085234700790946
2019-07-23,-0.0051810228924934,IV,-0.0062090318637664,-0.0067738939695562,-0.0048892604785269,-0.0063407926048533,-0.0040286104976537,-0.0050693652988967,0.0043808638067184,0.0059248277114575,0.0058368386005021,0.00688793345531,0.0063936621699435,0.0078826321661169
2019-07-24,-0.0013634123294252,IV,-0.0078224541189557,-0.0086665524902245,-0.0062805118586568,-0.0078493652035975,-0.0050439339697083,-0.0064424005681578,0.0052256237249893,0.0065956341270267,0.0067824746759497,0.0079624226592341,0.0077833060109729,0.0096910036500494
2019-07-25,0.001273771252238,IV,-0.0133483009088694,-0.0178753925591196,-0.0123038824133053,-0.0148499530485665,-0.0098785399483392,-0.0135936441247344,0.0095187869690539,0.0129059077026339,0.0117406454645314,0.0152022060434419,0.0142313742154443,0.014060425769662
2019-07-26,-0.0030570836090248,IV,-0.0081790089744388,-0.0096083577762444,-0.0065936623805957,-0.007579245980673,-0.0052558796693619,-0.0067214941336675,0.0054341991194198,0.0072687324088359,0.0068814486175505,0.0083367868505011,0.0079580315491153,0.0094069073930073
2019-07-29,0.0019538405908415,IV,-0.0057530542030181,-0.0054122480535572,-0.0039706736583335,-0.0046686272237216,-0.0032182054085761,-0.0040251302714456,0.0035779296028324,0.0043600267443411,0.0047912872218833,0.0058063036109763,0.0051182899312148,0.0086954645530893
2019-07-30,0.0004217081034936,IV,-0.0074613155720085,-0.0072361833703389,-0.0058201091249699,-0.00693204454927,-0.004653314428962,-0.00519575932316,0.0048859465621672,0.006054582073008,0.0063655703623338,0.0081110432427208,0.0071310111160046,0.0092567119896507
2019-07-31,-0.001593554299226,IV,-0.0071456628443879,-0.0069009825163855,-0.0055744830360457,-0.0069997222591566,-0.0045031528008791,-0.0056112090894514,0.0047106036565209,0.0064114613667423,0.0060996963194002,0.0070165177916373,0.006873384996907,0.0083410911574153
2019-08-01,-0.0062279385094082,IV,-0.008412080403121,-0.0111517060636757,-0.0073840658530948,-0.0085489172480392,-0.0059370173963681,-0.0076020982159149,0.0059535608549047,0.0079087580263214,0.0076132975957548,0.009282221767118,0.0086925888667595,0.0102949463746642
2019-08-02,0.0046903343507721,IV,-0.009203053338054,-0.01193607674743,-0.0080127332359752,-0.0097152163701599,-0.006493716898692,-0.0082564357390334,0.0064238209916471,0.0085044683180892,0.0081888278359508,0.0097365615961259,0.0095211571652205,0.0107688987324482
2019-08-05,0.0075394585580397,IV,-0.0060392055436694,-0.0056679761859615,-0.0046554275884741,-0.0054046665645147,-0.003802378654201,-0.0048171382720892,0.0040734289486934,0.0055577496117473,0.0053296678371716,0.0061669229528736,0.0058026140594736,0.0082644275269003
2019-08-06,-4.01910414223466e-05,IV,-0.008974607079694,-0.0113803382739944,-0.0078588043990659,-0.009588818650975,-0.0063878363109809,-0.0081723431775854,0.0063866756518584,0.0085099195004457,0.0081635393355987,0.0100430170576601,0.0096041448671431,0.0107901770528626
2019-08-07,0.0035017170996691,IV,-0.0077503196683739,-0.0090925292497644,-0.0065380003064477,-0.0077441965231689,-0.0053313518086534,-0.0069842254541535,0.0054178562067087,0.0068770567925727,0.0070929853831241,0.0083554385563237,0.0082656961360159,0.0096106018008572
2019-08-08,-0.0025643467563834,IV,-0.0087768121224261,-0.0108039748826593,-0.0076633688368904,-0.0090866562838388,-0.0062491211974862,-0.0081818834157761,0.0062080715311215,0.0082458472020211,0.008005289647882,0.0097032668199974,0.0095560951926594,0.0110852956729907
2019-08-09,0.0012818813975348,IV,-0.0082158585463985,-0.0094498477278723,-0.0068349934301879,-0.008688526358318,-0.0055959041887708,-0.0073958422256267,0.0056653453548452,0.0076091532813728,0.0073759684606715,0.0083933891176775,0.0086508359169117,0.0105656933793629
2019-08-12,-0.0009294789235021,IV,-0.0055600153168961,-0.0054912983971609,-0.0042864870691482,-0.005738259104024,-0.0036585636839203,-0.004046466055527,0.0039737830331052,0.0052780862959633,0.0053543856504495,0.0062854388331057,0.0061480574702039,0.0086217212798629
2019-08-13,-0.0025275543527752,IV,-0.0087772468008664,-0.0108965498928674,-0.0075464957501444,-0.0090722905391383,-0.0061638031495154,-0.0080745425214472,0.0061575355266562,0.0079451437368814,0.0079989670218064,0.0095124563985664,0.0093896979369327,0.0107080523080598
2019-08-14,-0.0034667824134796,IV,-0.0080949810846026,-0.009996705787285,-0.0068743456252648,-0.0081781638889554,-0.0056256512307035,-0.0072250342916514,0.005655850521596,0.00758001730603,0.0074677460221636,0.0085663550800757,0.0085102736822014,0.0103067538292511
2019-08-15,-0.0034878477694207,IV,-0.0079773785018743,-0.010221264325132,-0.0067968903853581,-0.007693025685943,-0.0055473936805633,-0.0072286861921852,0.0055844161010207,0.0074323504289149,0.0074100359072574,0.0085657399385285,0.0085373254425898,0.0103425434833614
2019-08-16,-0.0013696965830899,IV,-0.0081244295056985,-0.0095452735099131,-0.0068663048952407,-0.0085324784397078,-0.0056220988318871,-0.0072486246236382,0.0057466937595308,0.0076023405302193,0.0074268487079027,0.0083077959097386,0.0086841634345645,0.0100500287655331
2019-08-19,0.0005161092688562,IV,-0.0059975566683903,-0.0062721950868281,-0.0045340040360326,-0.0055314190971241,-0.0037928601594509,-0.0045467239215219,0.004136634857311,0.0055763307275709,0.0056963408562657,0.0063040009120112,0.0063391127660999,0.0090060727681334
2019-08-20,-0.0003087320489514,IV,-0.006654063465781,-0.0072674928564532,-0.0053012751336593,-0.0067111269712252,-0.0043890395881202,-0.0058695107145781,0.0046245149882094,0.0064428781910284,0.0062538223963692,0.0074022627458373,0.0070449568318107,0.0092837042828684
2019-08-21,0.0004484188803151,IV,-0.0065423070726033,-0.0072807119163666,-0.0053063162979449,-0.0068584939213852,-0.0043832555266826,-0.0057231598942397,0.0045760324360842,0.0062172717774846,0.0062454487063872,0.0072025055819011,0.0069261814452659,0.0095734424759112
2019-08-22,-0.0007549917140516,IV,-0.0067862932417712,-0.0081513312807878,-0.0055415354904744,-0.0063521634237214,-0.0045592757651232,-0.0057157664228717,0.0046677433446521,0.0063994996923053,0.0064392396283985,0.0073204375145737,0.0072017735603201,0.00859806837967
2019-08-23,0.0052438552226586,IV,-0.007233349813897,-0.0084227749817981,-0.0059106168690948,-0.0073357521142637,-0.0048510729766139,-0.0061274629436474,0.0050514113174992,0.0067738405125598,0.0067073243110875,0.0078059833407599,0.0075714139926083,0.0095630369206663
2019-08-26,-0.0032618100949064,IV,-0.0070320544927033,-0.0077946865532874,-0.0056655290343734,-0.0070237019531517,-0.0047066579514502,-0.0058291200755703,0.004913203847635,0.0065733729222028,0.0065124171868335,0.0076561985218051,0.0075825805209803,0.0098692055194041
2019-08-27,-0.0015041931085251,IV,-0.0070968008594247,-0.0082577676837451,-0.0058997380627395,-0.0073987658542118,-0.0048779434550962,-0.006289238856029,0.004994409296865,0.006858695051425,0.0067046526808565,0.0076383115857496,0.007549857033906,0.0094985096014416
2019-08-28,-0.0009333763875093,IV,-0.0064716945524522,-0.0077290103077754,-0.0056252581769972,-0.0067919645344199,-0.0044357636527652,-0.0058060164093153,0.0045938273079454,0.0061089587925225,0.0062957775505266,0.0065586169682093,0.0068775549268225,0.0089341561838572
2019-08-29,-0.0022739574043547,IV,-0.0064094712075639,-0.0079522991290008,-0.0053645346591124,-0.0068367611052723,-0.0042519839005986,-0.0056933217429501,0.0044121765039067,0.0061764875675501,0.0059331284416021,0.0066679033614936,0.0065269392311732,0.0089378719581947
2019-09-02,-0.0082607857665878,IV,-0.0063640346701159,-0.0075482136983034,-0.0055025102608769,-0.0071660929637568,-0.0043800200016891,-0.0058895340837521,0.0045694734693987,0.0060604883218292,0.0060246942323887,0.0073105944780061,0.0068237415580054,0.009000530063809
2019-09-03,-3.19131233628978e-05,IV,-0.0089079324929886,-0.010230851353454,-0.0072329827550429,-0.0087381108785769,-0.0057877993628385,-0.0076607877679143,0.0057787202232685,0.0076300627233554,0.0075478775336575,0.0089269903396651,0.008857865202415,0.0106590115610708
2019-09-04,0.0052201868301946,IV,-0.0090563533418339,-0.0106926186915741,-0.0073369134621302,-0.0088171484670682,-0.0059152315495263,-0.0077213695044934,0.0058854593551988,0.0076255978899754,0.0076126724329926,0.0091588535690908,0.0090328807121125,0.0104058147149396
2019-09-05,0.0012056767980794,IV,-0.0082628748197661,-0.009580070183915,-0.0064996850817666,-0.0082379598674684,-0.005240401083308,-0.0067893867987887,0.0052274756691018,0.0071188409450475,0.0070165739165803,0.0080805847044889,0.0080343611574186,0.0104535239541808
2019-09-06,0.0003894945225624,IV,-0.0090285952105539,-0.0110447705918272,-0.0077009795108517,-0.010035079770499,-0.0064198752414994,-0.0082038987434086,0.0063760393190069,0.0084223055612902,0.0080615476400678,0.0096281346357853,0.0095659881498935,0.0120314582247785
2019-09-09,0.0012444594882808,IV,-0.0053379944821056,-0.0059177352395473,-0.0041683779970403,-0.0049487149493107,-0.0036474187537854,-0.0044190290451783,0.0041030165412471,0.0055489988377845,0.0050964328604096,0.0065132813870124,0.0062864426959302,0.0089597828160367
2019-09-10,-0.0012399313743536,IV,-0.0071100326653884,-0.008044383840211,-0.0057363603513556,-0.006600857409882,-0.0048108653614236,-0.0063374842428468,0.0049735855417647,0.0067494946500408,0.006380822992462,0.0078276204548114,0.0078562022379082,0.0099245894664056
2019-09-11,-0.003756315972869,IV,-0.0069742239383406,-0.0093413584199017,-0.0057539051336721,-0.0072483852800946,-0.0049248975270977,-0.0063532085285112,0.0050705114798733,0.0065544884540998,0.0066233221640499,0.0079772745151738,0.007923870049714,0.0094082847690352
2019-09-12,0.0065756106657786,IV,-0.0168126262661097,-0.0244543036727332,-0.0155776471914959,-0.0188511937949488,-0.0124366862125308,-0.0172541090162582,0.0117383908664473,0.0163132513111456,0.0144894750614264,0.0183652390900984,0.0174803753725848,0.0166836746715916
2019-09-13,2.48341474053532e-05,IV,-0.0092343125026032,-0.0119863180382647,-0.0080871272110294,-0.0096437938198521,-0.0067614552048259,-0.0084649737061696,0.0067864781532227,0.0092744035638423,0.0085677588482993,0.0101908348476806,0.0102284258996449,0.011117387350738
2019-09-16,-0.0060960609800339,IV,-0.0062012766362848,-0.0072934538923618,-0.0051380766845218,-0.0054029281228261,-0.00443089225847,-0.0053644448741918,0.004722595732891,0.0067910645031154,0.0061832208983515,0.0073903067314629,0.0075710956666589,0.0086360334938872
2019-09-17,0.0051519295446383,IV,-0.0073056144404953,-0.0079344406382198,-0.0063316545139448,-0.0077278888974231,-0.005145917075987,-0.0064734852013015,0.0052915287662659,0.0068540345350245,0.0068821887353039,0.0082235638228161,0.0080484692975473,0.0094044961043785
2019-09-18,-0.0001830568464416,IV,-0.0077224868059542,-0.0097596881869253,-0.0063798084886038,-0.0074237737955228,-0.0052551835004424,-0.006596457810726,0.005392380233318,0.0076201614862842,0.0070237995132286,0.0080956125948533,0.0079614285345961,0.0093402765756926
2019-09-19,-0.0013094942452099,IV,-0.0092341891869671,-0.0123723494990831,-0.0081653568444131,-0.0100862838443644,-0.0064301194272975,-0.0089679150639702,0.0064283194549914,0.008411109264395,0.0082603704082619,0.0104724886272374,0.0093790704951164,0.011674820027542
2019-09-20,-0.0039865173536279,IV,-0.0070296377112613,-0.0088399240965351,-0.0059764687527099,-0.0072323023869237,-0.0047099786951589,-0.0059340473827693,0.0049512330088395,0.0065671581597363,0.0064937864643032,0.0081058559373885,0.0072038852433955,0.0088009840421838
2019-09-23,-0.0011230821826077,IV,-0.0055978646190558,-0.006336276395629,-0.0045857766424261,-0.0055161674607128,-0.0036891605233035,-0.0047112559074094,0.0039768180109799,0.0055668408556689,0.0053524011909431,0.0057125859275946,0.0059495331761755,0.0080975686853444
2019-09-24,0.0007981091377387,IV,-0.0080687292753256,-0.0099107286491845,-0.0065727672517155,-0.0078900539712252,-0.0052474357161627,-0.0069491102508754,0.005399645245287,0.0070600120680411,0.0069995045181345,0.0082367382632583,0.0079100956921828,0.0094079135005309
2019-09-25,-0.0045493299471034,IV,-0.0076831997982603,-0.009662032014389,-0.0060588934870641,-0.0074166754113747,-0.0048588560126008,-0.0064407482169295,0.0049876398941559,0.0066822617789928,0.0065987994875264,0.007753052450198,0.0074092229333799,0.0089296398643379
2019-09-26,-0.0010371430610705,IV,-0.0083768502763657,-0.0097607965907877,-0.0069143938438366,-0.0084859978847573,-0.0055107381209686,-0.0072190774202245,0.0056359446778313,0.0075207952011003,0.0072973284877099,0.0088957907710536,0.0083634418793503,0.0107811839025382
2019-09-27,0.0003724901236066,IV,-0.0088994053889942,-0.009654501675848,-0.0073717421233788,-0.0092116549956149,-0.0059422347598177,-0.0077854004466802,0.0059080591856216,0.0079521905326953,0.0075261498879594,0.0090421453973829,0.0088526584801815,0.010464594521626
2019-09-30,-0.003417022736326,IV,-0.0061432141212141,-0.0064128532691969,-0.0049685721034451,-0.0058303806346904,-0.0040464919521356,-0.0047648235150092,0.0043117408535192,0.0059159894221572,0.005749099694884,0.0068265576669364,0.006566163901047,0.0086905133678425
2019-10-01,0.0024523762661452,IV,-0.0083755681972931,-0.0099833283228054,-0.0068025857711564,-0.0083239067241666,-0.0054109105469939,-0.0071681157056738,0.0054547222475783,0.0073568568522925,0.0069802502415075,0.0085847592082722,0.0082689297576398,0.0098444426281035
2019-10-02,0.0016840964303533,IV,-0.0080993670736193,-0.0092586161536633,-0.0064501538701053,-0.0079475079242041,-0.0051837568756343,-0.0067915684522432,0.0053036644383755,0.0070073567478064,0.0069630782022315,0.0080871414233213,0.0079828407627519,0.009583077452051
2019-10-03,0.0036736762996834,IV,-0.0082684588463271,-0.0097472494637189,-0.0067842351443578,-0.0084261553545124,-0.0054273646158527,-0.006959120100657,0.0055027810068784,0.0073342845149802,0.0071491557630827,0.0086369049180923,0.0082438175304722,0.0100081738991143
2019-10-04,-0.0015434877229076,IV,-0.0096117433414107,-0.012307619205476,-0.0080288167464781,-0.0095039793629634,-0.00638517049255,-0.0083342729445097,0.0062912408800587,0.0086330381601719,0.0082064157331055,0.0099749380510844,0.0095128577256639,0.0112145136229708
2019-10-07,0.0009746323128843,IV,-0.0055269535670046,-0.0055781869522211,-0.0042776556134497,-0.004746668427817,-0.0034665582290498,-0.0041704625912561,0.003735123874054,0.0050464732119103,0.0051007001104099,0.0057127072847308,0.0057016884362451,0.0085735947290312
2019-10-08,-0.0031870175497822,IV,-0.0076746816970402,-0.0089508343525969,-0.0063737953407968,-0.0078406955011301,-0.0049695377924542,-0.0066859289797007,0.00496525195536,0.0067047532362165,0.0066800900895662,0.0080091750373453,0.0076017720978907,0.0104345583885987
2019-10-09,0.0026360571116509,IV,-0.0075950525356681,-0.0088528202883686,-0.0062919316404921,-0.0077263885462063,-0.0049962071748873,-0.006624644478838,0.0049943732696194,0.0064576594226509,0.0066395616734505,0.0081888490717376,0.0076190909714046,0.0093392932568667
2019-10-10,0.003623480638154,IV,-0.0083173747047983,-0.0089125762224377,-0.0072930525829269,-0.0084436172200144,-0.0056526246293399,-0.0074692629128726,0.0055526307418445,0.007415118594093,0.0073810369516773,0.0088814122230057,0.0084607607868283,0.0099500892859076
2019-10-11,0.0019359246910086,IV,-0.0083887505370153,-0.0100012212093145,-0.0072099225525415,-0.0088405663612132,-0.0057340214765392,-0.0077384271784349,0.005564079855377,0.0075999457262054,0.0074035028260976,0.008369132639968,0.0086343318378003,0.0102722411194325
2019-10-14,-0.00113752507683,IV,-0.0062789578736888,-0.0065232936027557,-0.0050803358606999,-0.0061429393503059,-0.0042083593913746,-0.0050901890503859,0.0044721365606074,0.00549103554704,0.0057748914232368,0.0068201697660124,0.0068351570510944,0.0089000848400771
2019-10-15,0.0008068245095867,IV,-0.0077243968330668,-0.0095538200294445,-0.006527997980233,-0.0078732810976615,-0.0052031085326504,-0.0067699910173343,0.0052958187612902,0.0073825687856614,0.0068233159045962,0.0084257674714499,0.0079700698056584,0.0094244126201223
2019-10-16,0.0035594710592234,IV,-0.0083608466415772,-0.0096085739431279,-0.0070947753425485,-0.0085744309520086,-0.0056424390050788,-0.0076322167756295,0.0056539587233819,0.007610181745268,0.0072987714663115,0.0089105415869985,0.0085707753191294,0.0101609221055676
2019-10-17,0.0048776080723231,IV,-0.0084318955923481,-0.0092404245520682,-0.0072238487943638,-0.0086727211308251,-0.0057987114851613,-0.0078526849778206,0.0056165476007925,0.0078090047868706,0.0073514152723049,0.0092471349516913,0.0087064317418593,0.0107198164007083
2019-10-18,0.002320098152724,IV,-0.0080530893872663,-0.0096259993649169,-0.0070313116883654,-0.0076238815963299,-0.0057702511371468,-0.0074690959265052,0.0058778251194183,0.0076731884775848,0.0073620077841012,0.0091793785237779,0.0088443870925587,0.0102308927899516
2019-10-21,-0.0008834259561839,IV,-0.0083042613584536,-0.0091317002535131,-0.0073571671474143,-0.0085975504094949,-0.006049934158842,-0.0076656212187031,0.006042289365667,0.0069550694523613,0.0076246189722968,0.0102455097969631,0.0093056019156726,0.0111984032093091
2019-10-22,-0.00066420434803,IV,-0.0083447336087627,-0.0110269342706268,-0.0073295754591128,-0.0087590792598873,-0.0058990792958805,-0.0080348715753198,0.0058675095919813,0.0078035323590395,0.007438692776557,0.0084923004807639,0.0089299689337685,0.0099765007922529
2019-10-23,-0.0018018549147409,IV,-0.007667876762584,-0.008966521379514,-0.0066521502335902,-0.0078202691077568,-0.0052978966792209,-0.0070277524521826,0.0052770591820924,0.0071378901139668,0.0068047877142369,0.0080565274013895,0.0081912254311954,0.0096594689008792
2019-10-24,-0.0017645580580552,IV,-0.0100155493752508,-0.0126900553782296,-0.0088244489171434,-0.0107891029374839,-0.0068637155415467,-0.0092266642651197,0.0065601393002147,0.0090523601682309,0.0085717594277193,0.0099847290542035,0.0100997002975897,0.0109062660780602
2019-10-25,-0.0015149605220434,IV,-0.0070474120236104,-0.0081650858858018,-0.00622448956414,-0.0073350882536074,-0.004931225242306,-0.0060848946745201,0.0049470486537474,0.0067182636235303,0.0064121146441512,0.0077310752511493,0.0076473741877894,0.0091714004772888
2019-10-28,0.0011138997334273,IV,-0.0047139034933515,-0.0044030196972582,-0.0039285074070176,-0.0047522118406534,-0.003155981700894,-0.0045449967715136,0.0035093646130741,0.0044459589679345,0.0044418381309838,0.0060540995332927,0.0052044166399716,0.0077022071559377
2019-10-29,0.0020891591982132,IV,-0.0059583353892441,-0.0071821056040457,-0.0053513141077999,-0.0059556964364539,-0.0041535506786898,-0.0054635987945763,0.0042106505982005,0.0054665962632082,0.0055392320038245,0.0067251214313679,0.0064606691856213,0.0079825609939365
2019-10-30,0.0005935332035734,IV,-0.0062904953871477,-0.0082258777115597,-0.0055870141379274,-0.0066618578229031,-0.0043713846764279,-0.0058842080801355,0.0043455157499521,0.0057710922472885,0.00572817188632,0.0067635697122543,0.0067524878178806,0.0092031089889389
2019-10-31,0.00287275258949,IV,-0.0075691531562686,-0.0100043647789094,-0.0068528092387037,-0.008398097502218,-0.005302408169519,-0.00711011970522,0.0050591948608359,0.0067341788778973,0.0067284183031207,0.0077365933286358,0.0077211287690743,0.0084925389241634
2019-11-01,0.0012206636325639,IV,-0.0091918666017179,-0.0127867759454255,-0.0084390008813045,-0.0102536450864108,-0.0065729632105823,-0.0088207377890796,0.0060689314566298,0.0082165857256194,0.0081620945810707,0.0094590174064891,0.0093820497665085,0.0102724943367176
2019-11-04,-0.0012520397674301,IV,-0.005022592409606,-0.0051684569597849,-0.0041395742369187,-0.0045906556842348,-0.0031797937891334,-0.004043325492481,0.0032843014113619,0.0041617256447751,0.0044349501863981,0.0053250577104969,0.0051251683798431,0.0070903152875614
2019-11-05,-0.0074279204438561,IV,-0.0065920432446383,-0.0081582329623397,-0.0057989745330066,-0.0066512301710243,-0.004421057638768,-0.0059924966052035,0.0043107704536302,0.0057899598500347,0.005767323845663,0.006697934414669,0.0067325873708153,0.0084386283871172
2019-11-06,0.0001512676571184,IV,-0.006927158923772,-0.0082043736494248,-0.0057201595337068,-0.0060488627901962,-0.0043810496686934,-0.0060292387154918,0.0043705437448925,0.0058185730745865,0.0058021633211146,0.0068297348583758,0.0064857759411122,0.0080264294399678
2019-11-07,-0.0024660311788738,IV,-0.0071012748125129,-0.0089427972036956,-0.0059353510413462,-0.0069446189410748,-0.0045928482847338,-0.0060274435211668,0.0046489592078421,0.0060240660307605,0.0058980070497228,0.0072808392403475,0.0067580866861939,0.0082391442848322
2019-11-08,-0.0022475483553219,IV,-0.0077355873777402,-0.0090353031081448,-0.0065185060827362,-0.0079774177481116,-0.0050707225253799,-0.0071351715616247,0.0048969801960286,0.0065935904862132,0.0065691507568089,0.0093134372318992,0.007264335288772,0.008191917132272
2019-11-11,0.0011697180409363,IV,-0.0049343612338409,-0.0055659684029612,-0.0040155305289799,-0.0044041095623755,-0.0030569625725719,-0.0040590741314832,0.0032065232621483,0.0041466373392279,0.0042853584646535,0.0049852733181478,0.0048367683211816,0.0064739695772825
2019-11-13,-0.0022181859442558,IV,-0.0064034071677629,-0.0067834694011886,-0.0052356635236337,-0.0060633385641226,-0.0039771890138099,-0.0053448924641816,0.0039205497328253,0.0051357457788245,0.0052443543119211,0.006670403509909,0.0059899711770337,0.0074837350041867
2019-11-14,-0.0008177506861416,IV,-0.0066431163620894,-0.0079598865024286,-0.0054109716674969,-0.0063731093405805,-0.004108911721878,-0.0056741253432025,0.004106941359691,0.0055033785059824,0.0054248556812818,0.0057852328204195,0.0061835841553277,0.0083134817463531
2019-11-15,0.0044939004486251,IV,-0.0067026888009804,-0.0071202016549188,-0.0054164206137163,-0.0064983468728686,-0.0040944336741857,-0.0057434734774876,0.0040715128675572,0.0054141815715909,0.0053338819697188,0.0059852867874427,0.0061456109656591,0.0085915647478987
2019-11-18,0.0026997643092182,IV,-0.0054827396611754,-0.0055182368629911,-0.0041660875937276,-0.004903746896494,-0.0031355393127275,-0.004068234650789,0.0033898804820283,0.0042518704848684,0.004448711932873,0.0054029750051249,0.005023883496472,0.0071878547492654
2019-11-19,-2.25617260614375e-06,IV,-0.0066222200426215,-0.0073297633053091,-0.0052827020510028,-0.0060302103616534,-0.0040185444139486,-0.0054205846400881,0.004170167361057,0.0049691461684507,0.0053001882368766,0.0063020787601152,0.0061417510435664,0.0080035251008173
2019-11-21,-0.0004107082066231,IV,-0.0069659301122307,-0.0079357179541974,-0.0056709591110669,-0.0068006076110346,-0.0043050584742806,-0.0058037762819495,0.0044870729896994,0.0057754292402518,0.0056794573852979,0.0064200009050587,0.0064936649781804,0.0082561031606598
2019-11-25,-0.0058585074931883,IV,-0.0075172557550851,-0.0087783698584952,-0.0063408297905285,-0.0081989198551816,-0.0047789811865906,-0.0066166339110241,0.0048148121244531,0.0062468865223925,0.0060779593153589,0.0067921972416808,0.0070157150907277,0.008191755429228
2019-11-26,8.62701117734649e-05,IV,-0.0059533215712283,-0.0066563869848996,-0.0046445253378309,-0.0062486247898931,-0.0034819206655763,-0.0050542716841655,0.0037111662155117,0.0046334551020339,0.0044408916532973,0.0054614665833451,0.0053690627594861,0.0070901999352186
2019-11-27,-0.0012402806531973,IV,-0.0059164312260329,-0.0049041521476701,-0.0047598273009407,-0.005902491617348,-0.0035592240063674,-0.004845681416706,0.0035494555577128,0.0047696360177432,0.0044781679093703,0.0054763780709682,0.0053195984158503,0.006462194937516
2019-11-28,0.0006816632847458,IV,-0.0054486126456611,-0.0055041415713064,-0.0041168958557891,-0.0048077440065419,-0.0031787519729583,-0.0044250477364585,0.0034819277318294,0.0045098413600053,0.0044227919356162,0.0046826481738969,0.0049403789654339,0.0060966862705571
2019-12-02,0.005870299908609,IV,-0.0054007144893045,-0.0059268227202837,-0.0044245662220351,-0.0052985882793324,-0.003296529118199,-0.0045391335793681,0.0034480426573222,0.0045972837085726,0.0045251561374058,0.0053565205351837,0.0050513538132096,0.0067377579364522
2019-12-03,0.0010133919816224,IV,-0.0071224225289947,-0.0090272594880841,-0.0059388096458489,-0.0074204758332998,-0.004748716645195,-0.0063057089851512,0.0047484632992311,0.0060728292245069,0.0062271754019278,0.0068866903713713,0.0070768621239041,0.0090254757968879
2019-12-04,0.0005277306801653,IV,-0.0069749692091082,-0.0076331444657771,-0.005787654190992,-0.007114780582287,-0.0047411022164685,-0.0061407252302333,0.0046054340877774,0.0059902591917379,0.0059886111789408,0.00730655730185,0.0069074726981343,0.0083629351437746
2019-12-05,0.0004192796566525,IV,-0.0073172025851775,-0.007671846226958,-0.0059610191006689,-0.007695396955706,-0.0048474483961538,-0.0062488156444265,0.0047495989280376,0.0057983703764735,0.006025080551994,0.0073068426187452,0.007052543755547,0.0077713999924021
2019-12-09,-0.0021342943499939,IV,-0.0075437413199982,-0.0078539538642244,-0.0064594950918682,-0.0081478552386601,-0.0053012700178866,-0.0067818616798123,0.0052860375679298,0.0067279122607917,0.0067749957347126,0.0083773378453151,0.0080779173588223,0.0093621141264489
2019-12-10,0.0018886087789534,IV,-0.0062374747670633,-0.0056889428717849,-0.0055131386477929,-0.0062481001773121,-0.0044685618006981,-0.0055084109859651,0.0045972931267852,0.0061003369556328,0.0060154574671725,0.0068770743804888,0.0073561388262466,0.0084846477123062
2019-12-11,-0.0004938076843467,IV,-0.0064469840738189,-0.0065143689091334,-0.0058571601201248,-0.007280067398211,-0.0046860969481308,-0.0058284349341473,0.0049205132784692,0.0067142599552393,0.0063816828089088,0.0071632045572614,0.0078337306671534,0.0081648740842433
2019-12-12,0.0029412050858104,IV,-0.0106161647512647,-0.012272737195485,-0.0094306128132162,-0.0117686723979212,-0.0076867516753527,-0.0106383808355564,0.0074587414140623,0.0095247436162771,0.0092201968770535,0.0109469729159885,0.0112655991687496,0.0099033671276487
2019-12-13,0.0016469859729683,IV,-0.0124880169911689,-0.0148388284812211,-0.0109254133858469,-0.0125723622441181,-0.0088652988236724,-0.0125887023209272,0.0084900525722462,0.0105134929883463,0.0103196603289074,0.0123391706375875,0.0125338704451231,0.0128638047071514
2019-12-16,0.0001346946474382,IV,-0.0060697533178023,-0.0062890676378787,-0.0053385739824063,-0.0059499484388787,-0.004308714837208,-0.0054204004332962,0.0043078554826533,0.0058369266304243,0.0055786136103395,0.0066974451166479,0.0067559791046676,0.0088786318878272
2019-12-17,0.0016933589626582,IV,-0.0073909373465902,-0.0081061019605297,-0.0064115974542823,-0.0078623455556396,-0.0051329406758929,-0.0064859785327194,0.0048668629083384,0.0064268647867507,0.0062839009677761,0.0070097276900942,0.0074000688914692,0.0083248544373979
2019-12-18,-0.0027085053926137,IV,-0.0071101047357925,-0.0080243960421221,-0.0059367005991527,-0.0073652662005192,-0.0045785615021479,-0.0064613110799197,0.0045851757466481,0.0058956235644047,0.0059562586711198,0.0073512513589401,0.0068474936180551,0.0089599761754357
2019-12-19,-0.0009891864748499,IV,-0.0071085169735795,-0.007892100507569,-0.0058149286062597,-0.0072444519391334,-0.0046440861492734,-0.0060177932417103,0.0044356702050167,0.0055558868048538,0.0057397356990274,0.0067031531599024,0.0066742465776748,0.0084327760879637
2019-12-20,-0.0025539231444732,IV,-0.0076861713194599,-0.0086302040058914,-0.0061225154551276,-0.0072577530557092,-0.004936032969698,-0.0066793353386762,0.0046023511259835,0.0059819098949914,0.0057949914987028,0.0067563780923634,0.0066881252710789,0.0084382626594784
2019-12-23,9.01965383181963e-05,IV,-0.0047852429897166,-0.0044281792718381,-0.0036094319987457,-0.0040402259234379,-0.0028305095816019,-0.0032959149119746,0.0028511158350668,0.003692266875065,0.0037602005190948,0.0045205504271268,0.0041440751244698,0.00570676296849
2019-12-24,0.0002547612754097,IV,-0.0056928414012082,-0.0052217236870962,-0.0043266718741288,-0.0050559095991885,-0.0034429339894837,-0.0046277996113777,0.0032352538883151,0.0042705039459581,0.0044401431970408,0.0053269589819932,0.0047375663209614,0.0069086410261341
2019-12-27,0.0065451274005405,IV,-0.0044103175441326,-0.0051321746144319,-0.0032961957136401,-0.0038445117319875,-0.0025196439249409,-0.0031795918311526,0.002455224446989,0.0032690067207118,0.0033083716504919,0.0040946267456244,0.0036526454616539,0.0062224384871854
2019-12-30,0.0034027706588078,IV,-0.0051444614963027,-0.0049715405140768,-0.004024601435866,-0.0046782634627591,-0.0031750281538288,-0.0041938204062913,0.0032285333947904,0.0048171059444984,0.0046061874428598,0.0052702819227294,0.0054267530213721,0.0080467788390327
2019-12-31,0.0020067164823126,IV,-0.0076348124679281,-0.0084725528437854,-0.0061832428130138,-0.0072803328789399,-0.0049501951282473,-0.0065252074659093,0.0049364942667557,0.0064396904374071,0.0064873621367096,0.007683734532633,0.0075906169573121,0.0093019459164438
2020-01-02,-0.0020424278983632,IV,-0.0066013303635462,-0.0068083737541548,-0.0053162003926094,-0.0063209032421557,-0.0042628147685414,-0.0054864760845762,0.0042669707267362,0.0056615771304194,0.0058420551159894,0.0069647643542827,0.0069707173416131,0.00918792010265
2020-01-03,-0.0033267484916505,IV,-0.007527536347871,-0.0081409279919886,-0.0060876006580099,-0.0072931802230238,-0.004877574616554,-0.0064000485106176,0.0047985832258759,0.006385238508272,0.0064398758414146,0.0076557473228284,0.0074515020728178,0.0096387159235156
2020-01-06,0.0022682188555943,IV,-0.0055826547340425,-0.0055991299945232,-0.0045441160339235,-0.0052806507252165,-0.0036440933220667,-0.0047244151775048,0.003765537898407,0.0049947172499553,0.0052105602958397,0.0059182733139651,0.006131675353068,0.0079947793691929
2020-01-07,-0.0042161891782903,IV,-0.0067936189146897,-0.0068999543539359,-0.0055512846105319,-0.0065325187578905,-0.0044789966311336,-0.0058014159417872,0.0044840389079777,0.0059085749846002,0.0060182859651689,0.006798499565932,0.0072183028912342,0.0083463946820323
2020-01-08,-0.0019697580108357,IV,-0.007620412439988,-0.0083980738107605,-0.0062998115493865,-0.0078036789341558,-0.0050306004515641,-0.0067017834575713,0.0049747414280108,0.0064082716883889,0.0065564970853792,0.0078533410219297,0.0076634108860532,0.0093847582951214
2020-01-09,-0.0015885126450044,IV,-0.0069204637384174,-0.0071033839379618,-0.0057384844683182,-0.007049577884968,-0.0045699884735494,-0.0060354303399094,0.0044820353860462,0.0057410828161756,0.0060591962550889,0.0079855246632727,0.0072444536762917,0.0097963692652696
2020-01-10,0.0009678080804393,IV,-0.0076039947163153,-0.0086001257215465,-0.0062953718445358,-0.0080382339430997,-0.0049941395345354,-0.0066522956742545,0.0046657938596866,0.0062675713866742,0.0064823581558477,0.0072353674193669,0.0071485397448211,0.0080485450246493
2020-01-13,0.0017891022402551,IV,-0.0050808145710418,-0.0038707209977377,-0.0040606560468455,-0.0044268570836423,-0.0032276467712515,-0.0041383764969852,0.0032934785562637,0.0043240859291955,0.0047290941155969,0.0055791013809471,0.0054207538821283,0.0076147541203114
2020-01-14,-0.0009480952310155,IV,-0.0069784658848531,-0.0068194811647027,-0.0056653972644336,-0.0070896290378804,-0.0043730402335327,-0.0058575810809546,0.004496365463686,0.0058096711263547,0.0060489112095296,0.0072195576162173,0.0070783858504851,0.0088252629652687
2020-01-17,-0.0025521872852996,IV,-0.0066422502776047,-0.0063557959075379,-0.0053147647025616,-0.0065636142006643,-0.0039469088986342,-0.0057780336517612,0.0041205868248853,0.0054119993996002,0.0054715566057502,0.0071772841637986,0.006812882910743,0.0082108633920682
2020-01-20,-0.0009942790323945,IV,-0.004303714052758,-0.0037493666764982,-0.0034962916949217,-0.0040988031413725,-0.0024783254178238,-0.0034725307144562,0.0028315713008759,0.0038871822544894,0.0042481453163491,0.0058243031431495,0.0048428501460011,0.0067635146722713
2020-01-21,0.0013232330741729,IV,-0.0059247164008961,-0.0057588527633382,-0.0048833321316577,-0.0059214010795661,-0.0036644504990041,-0.0049710772054713,0.0036244486704992,0.0049421892483662,0.0052774096175723,0.0063556598775392,0.0061604035721427,0.0085648447470206
2020-01-22,-0.0019979215640604,IV,-0.0057481970131315,-0.0058775535610473,-0.0048076864282096,-0.0058354162653897,-0.0038190050306275,-0.0047599070220968,0.0036455195292381,0.0053820714081622,0.0052981651697478,0.0060137145539663,0.0061737509851857,0.0077322147857058
2020-01-24,-0.0045519204773825,IV,-0.0075477305398864,-0.0089876274395447,-0.0062466564722004,-0.0080100898928419,-0.0047504335197067,-0.0068250968058336,0.0045632115432584,0.0062739669185975,0.0063621607003422,0.0070769645542848,0.0076658805427882,0.0088765932422401
2020-01-27,-0.0011389548712254,IV,-0.0046217568214054,-0.004092736259008,-0.0038887628593968,-0.0045227777289895,-0.0028161935711851,-0.0038881644154678,0.0031522929528088,0.0041124404383284,0.0045468940955731,0.0051209543003856,0.0052564370007544,0.0070308589374678
2020-01-28,-0.0011266173600427,IV,-0.0062487405593446,-0.006418924213307,-0.005314178963335,-0.0067072636518402,-0.0039969681171641,-0.0050639223686519,0.0040820653354276,0.0054773917855969,0.0054736888792027,0.0064733046755936,0.0064219427462344,0.0087805851911571
2020-01-30,0.003210690832403,IV,-0.0060354577564804,-0.0072264350994045,-0.0051925942885763,-0.0062811462083508,-0.0039267031704834,-0.0053712785174379,0.0039509937421301,0.0052365757560778,0.0051822183467398,0.0062222779438476,0.0066157082788841,0.0080966216824315
2020-01-31,0.0040400989578202,IV,-0.0062017829177432,-0.0069894977431228,-0.0050492037035872,-0.0061647910563083,-0.0037380689226515,-0.005182447182083,0.0037468494412361,0.0049383314469768,0.00517909269626,0.0065492607550136,0.0063134922977191,0.0077891200606367
2020-02-03,-0.0022113283639233,IV,-0.0048832235222561,-0.0044341184817668,-0.004186148784974,-0.0040677761502978,-0.0030823110545636,-0.003872385407523,0.003493504956495,0.0042703046770964,0.004696549416185,0.0054272830350428,0.0055987058376901,0.0072388154358531
2020-02-04,-0.0015841372369188,IV,-0.0066545759468614,-0.0075287587191755,-0.0054262733417678,-0.0075875144882786,-0.0040750501127234,-0.0055005031142598,0.0041931089132054,0.0056701866179018,0.0054825734686641,0.0064217769331601,0.0069128318969408,0.00923077907887
2020-02-05,-0.0032667090443894,IV,-0.0059064488009964,-0.0060213347867678,-0.0048878867732975,-0.0059738669219932,-0.0035888173421941,-0.0050746168039718,0.0037319997155016,0.0048834007466202,0.0048871115839312,0.0059907177776651,0.0059063741902991,0.0064734845681035
2020-02-06,-0.0023454457144163,IV,-0.0062515364243322,-0.0071155609737119,-0.0051138061943522,-0.0059519323562129,-0.0037990542037126,-0.0054336269784262,0.0039833071287416,0.0051207961759238,0.0049692132043079,0.0059347275169131,0.006048308661622,0.0078295733043472
2020-02-10,-0.0048173059222233,IV,-0.0074119735798891,-0.007654558307272,-0.0061295225610633,-0.007652367737295,-0.0046901886061521,-0.0065490936567426,0.0046390649366477,0.0057932288388634,0.0059952858847561,0.0071768567142998,0.0071946471592463,0.0099740759788213
2020-02-11,-0.0006959739107573,IV,-0.0071644710617247,-0.0076738209730891,-0.0059496656915424,-0.0067430820993396,-0.004664767659224,-0.0065060791405584,0.0045726162812293,0.0060310351024559,0.0058633435407616,0.0070514093685981,0.0071069663697091,0.0098257448473262
2020-02-12,-0.0019646169070437,IV,-0.007470812484645,-0.0084058033030781,-0.0063102125887136,-0.0078380411305573,-0.0049865892978159,-0.0073266701062843,0.0047364206763278,0.0061953617385909,0.0060606685805723,0.0069066632757259,0.0078681215858542,0.0083936501612225
2020-02-13,-0.00424268773879,IV,-0.0073664726223558,-0.0087128896978411,-0.0062100169743623,-0.0079221913351052,-0.0049038552933606,-0.0066241175439838,0.004607829824813,0.0059275854701751,0.0062179732931687,0.0072692297654645,0.0074154732364414,0.0093480285330192
2020-02-14,-0.0002281660643992,IV,-0.0077963618477923,-0.008236006690615,-0.0066094122678875,-0.0083997193111076,-0.0051622430593252,-0.0070127319074832,0.005008599712893,0.0068490512450146,0.0065109062646719,0.007178390355237,0.0078753412476912,0.0087191264172556
2020-02-17,-0.0015108966180218,IV,-0.0051018504648979,-0.0044631896658711,-0.0042109979813448,-0.0050074686539729,-0.0032141637034237,-0.0041619964219431,0.0034633095164077,0.0045179721276655,0.0045077273550015,0.0057099371016796,0.0057216005834833,0.0073949865755834
2020-02-18,-0.0006442666840255,IV,-0.0065197671044212,-0.0070489984743814,-0.0054131081549785,-0.0065861160151198,-0.0041276757164586,-0.0056421561201125,0.0041834362947917,0.0055357644605021,0.0054593343690901,0.0066185461952093,0.0065700236638637,0.0084534306958759
2020-02-19,-0.0029031894150052,IV,-0.0072103189115563,-0.0071723748976015,-0.0058933791756973,-0.0069594966350238,-0.0045539199148995,-0.0061708858569534,0.0045316689390286,0.0056478823245387,0.0058502048756033,0.0072288411154604,0.007283975169562,0.0086803479694636
2020-02-20,0.0010512107256072,IV,-0.0071981383720357,-0.0074047994427277,-0.0059798926173756,-0.0070886642106825,-0.0046237392359299,-0.0062155142738953,0.0046314271907195,0.0059441228442348,0.0060048162753674,0.0071601059513305,0.0075040765145789,0.0102112278241452
2020-02-21,0.0046246834128435,IV,-0.008554754349006,-0.0097544880880349,-0.0071086891180727,-0.0084654145480991,-0.0055967033454349,-0.0074549538576035,0.0053942174242149,0.0072040855433847,0.0071641889425416,0.0086200279440225,0.0083949873685943,0.0097908268328974
2020-02-24,0.0002879020139631,IV,-0.0057003099817462,-0.0059410270405847,-0.0047183927714857,-0.0058705859609168,-0.003579369573889,-0.0048252104228919,0.0038808194672385,0.0050388818552664,0.005009761356092,0.006093491685904,0.0062530606985273,0.0084212666592279
2020-02-25,0.0008263940113619,IV,-0.0085336313436371,-0.0094375445503341,-0.0070871864727835,-0.0083662703907122,-0.005630704400163,-0.0076315323496849,0.0055726654329633,0.0075229562857827,0.0070881352537435,0.0087333983605551,0.0088391831682301,0.0099043453515136
2020-02-26,0.0001495526652497,IV,-0.0093353501061845,-0.0109301522859756,-0.007953232773191,-0.0099486703518533,-0.0063788336258465,-0.0082245784730955,0.0061453645748842,0.0083905669010141,0.0076122248330236,0.0096297547971838,0.0096992769275687,0.0110989770844024
2020-02-27,0.0107640611490642,IV,-0.0087386120289265,-0.0097434829815886,-0.0073925788032173,-0.0088078817313492,-0.0059527238211395,-0.0077289261936511,0.005831284487798,0.0078325769449331,0.0074046519435533,0.0089833893420502,0.0092890129454914,0.0109487604907867
2020-02-28,4.09672830783414e-05,IV,-0.0099703154865977,-0.0117752099811611,-0.0084480037454112,-0.0103885302178863,-0.0068433631983196,-0.0091027183558809,0.006719712227617,0.0089509987210366,0.0084738475690606,0.0103086029854116,0.0107760267696241,0.0120943853754953
2020-03-02,0.0132217486293521,IV,-0.0093513233940613,-0.0109677303777941,-0.0080526557736191,-0.0099880687084476,-0.0065625222548715,-0.008230517487804,0.0068222063700116,0.0085965055638902,0.0084501547143578,0.0099816078404647,0.0104761646041138,0.0121314534438228
2020-03-03,0.0043970103091098,IV,-0.0134463660523132,-0.017006155509672,-0.0116155688789235,-0.0145833235085678,-0.0096393301571948,-0.0125869487375962,0.0094828557730238,0.0125591436569142,0.0116583197225528,0.014370159734326,0.0151050035060989,0.0165419555063511
2020-03-04,-0.0036830308764119,IV,-0.0151974511423533,-0.0191991707117895,-0.0132175757080444,-0.0177552584575385,-0.010972497905527,-0.014478960089726,0.0105052658269186,0.0143157706638091,0.0127870609353187,0.0162477181442661,0.0162499543981187,0.0163732397479847
2020-03-05,0.0044072863109265,IV,-0.0098314181353178,-0.01154991175786,-0.0083058296203941,-0.0100330104879774,-0.0067134352832617,-0.0087253589800781,0.0067822118622535,0.0089980958772009,0.0085063371913768,0.0106050562867828,0.0107381022656057,0.0123944771186994
2020-03-06,0.0108676671819186,IV,-0.0136511622569807,-0.0167105207597774,-0.0118945518795493,-0.0145654778200171,-0.0097970400900343,-0.0131182313447673,0.0095912329808969,0.0131839759310031,0.0117517737625558,0.0147966388919391,0.0151704438821208,0.0156996485037444
2020-03-09,0.0096765546658101,IV,-0.0099809757544217,-0.0117537292695155,-0.00854029679631,-0.0097662448525355,-0.0071578896066604,-0.0085148684207587,0.0073817952573405,0.0109083834083152,0.0092883052455666,0.0118302669576421,0.0125430261376466,0.0142621041946703
2020-03-10,-0.0068600617633164,IV,-0.0183813647503047,-0.0238770496831513,-0.0157730221008029,-0.01885553420686,-0.0136134519472468,-0.016851362178812,0.013373184261834,0.0172640122226966,0.0164144446480639,0.021886443903715,0.020891921108504,0.0189849380613484
2020-03-11,-0.0054614086285402,IV,-0.0164228993767832,-0.0206481395068918,-0.014222391939156,-0.0173196780185161,-0.0120276956575436,-0.0154597374882963,0.0118324239556015,0.0155847414960749,0.0143747782352759,0.0181147370858659,0.0185216919630752,0.0194229447175297
2020-03-12,-0.0177514228209512,IV,-0.0200537807869213,-0.026533987512907,-0.0173746189455691,-0.0220879195312876,-0.0146780996180631,-0.0194484015506317,0.0141753211133249,0.0185277750772677,0.0166693476485166,0.0214136040469972,0.0215054538888895,0.0205970388594834
2020-03-13,-0.0010856967864681,IV,-0.0189448764372539,-0.0222048752284067,-0.0168716975431237,-0.0211163269310106,-0.0142107372345455,-0.0183001648943506,0.0137907788613859,0.0182419315439822,0.0168489198553032,0.0220045493409217,0.0220599726356785,0.0210019990256955
2020-03-16,0.0060499603067915,IV,-0.0128753700549706,-0.0152457451969145,-0.0110284346357556,-0.0129631756167461,-0.0093733837011386,-0.0114933537100853,0.0096600255323498,0.0126348958330126,0.0117711478398483,0.0155744951809156,0.0150471472955485,0.0156189150949094
2020-03-17,-0.0149764541895574,IV,-0.0192045094090527,-0.0241475237321264,-0.0168495889780349,-0.0203497567381454,-0.0143492248809727,-0.01804159934969,0.0137535738173336,0.0182542249366443,0.0163463648457623,0.0203794259371652,0.0215414244125045,0.0223586963136989
2020-03-18,-0.0127201833435145,IV,-0.0181294853621575,-0.0227474670796346,-0.0158700833581356,-0.0194380704192387,-0.0136653936025224,-0.0172385010661595,0.0130031327286052,0.0173914110389269,0.0157001435997405,0.0203628910643041,0.0202799954192029,0.0191242482545361
2020-03-19,-0.0124049519397454,IV,-0.0222581080166765,-0.0280142684299493,-0.0192415424425448,-0.0240673557914279,-0.0166398886214534,-0.021193501968871,0.0154811604742506,0.0204155276199649,0.0185624323017012,0.0235424907722671,0.0240732236766266,0.0239660640275919
2020-03-20,-0.0015410179144176,IV,-0.0288484365345088,-0.0388134791179138,-0.0255336924784717,-0.0315208158132118,-0.0221504568278883,-0.0277978556785249,0.0202172265019448,0.0287444365048571,0.0239461381195112,0.0296620770764042,0.0311549785321023,0.0294182708164123
2020-03-23,0.0071239407006813,IV,-0.0182739681556685,-0.0205998653046038,-0.0162394717203162,-0.0199786161105892,-0.0142525333610398,-0.0168581268610157,0.0140734331809707,0.0184917510582292,0.0171675024427511,0.0227361125069526,0.0235002101312681,0.0226177357087522
2020-03-24,0.0033566225000248,IV,-0.0252393849280458,-0.0334423307949371,-0.0222282507146445,-0.0268329223972761,-0.0192523028150256,-0.0238618212827439,0.017721653941064,0.0234972524629594,0.0210964939485157,0.0271429800290698,0.0275797835821711,0.0266563815035852
2020-03-25,0.0036500145122761,IV,-0.0205762164379607,-0.0255116513493239,-0.017705631150291,-0.0221791839584761,-0.0152350442588181,-0.018940428450566,0.0141628485770752,0.0190325499222554,0.017160272013971,0.0209158572005766,0.0219284613084307,0.0206778874912306
2020-03-26,0.0172866318116171,IV,-0.0156486658445497,-0.019114475032412,-0.0134682156093821,-0.0165814647948878,-0.0114340035692973,-0.0143193876288926,0.0109146135983463,0.0145743561721637,0.0134124327557911,0.0167030870903669,0.0170795968290069,0.0173965183916612
2020-03-27,0.0032128996352645,IV,-0.0167048323229893,-0.0212781252136541,-0.0145225011831139,-0.0173365806125549,-0.0123886896729022,-0.0156636240841247,0.0119133539570448,0.0159530420387472,0.0147459966618427,0.0176504007190727,0.0183354765972385,0.0185645445858503
2020-03-30,-0.0038140581879486,IV,-0.0117172540678592,-0.0140053417179203,-0.0100005916276254,-0.0123226874307109,-0.0085223259863605,-0.0103243815467385,0.008746279431566,0.0119437766404959,0.0112277918380077,0.0144940036511755,0.0147777164716483,0.0169422985972915
2020-03-31,-0.0002519134656529,IV,-0.0159378870649849,-0.0197793137391781,-0.0136473619959206,-0.0172943826201299,-0.0116048191133033,-0.014611659194226,0.0111712245666546,0.0150263468285667,0.0137547085447339,0.0170906165468539,0.0174481816658161,0.0181264999639431
2020-04-01,-0.0074224101022477,IV,-0.0147255026366822,-0.0178729306693431,-0.0126564980400284,-0.0152270590280574,-0.0106959128439659,-0.0134684820027308,0.0102836202097788,0.0137263877858993,0.012939907190036,0.0157361061904793,0.0163719011036405,0.016920686134015
2020-04-02,-0.0064969556218542,IV,-0.015018938857307,-0.0185270223659951,-0.012846461287484,-0.0157185138713162,-0.0108936823450484,-0.0136132088193169,0.0104812351499117,0.0143363837278569,0.0131627037665835,0.0169828611105931,0.0165498699425801,0.0169040913950093
2020-04-03,-0.0059071853032241,IV,-0.0175236258572913,-0.0221472696133469,-0.0151437959934308,-0.018335902850656,-0.0128091968642004,-0.016417071630385,0.0121358511937553,0.0163237713029625,0.0150897392094533,0.0169347512032092,0.0185253519297815,0.0186913062998163
2020-04-06,0.0008030613963514,IV,-0.0115725100807681,-0.0133554583581338,-0.0096822527541313,-0.0117432676773042,-0.0082227362561592,-0.0102107635632524,0.0083677417662236,0.011243534324164,0.0106649450911026,0.0133652927122424,0.0137834387583543,0.0156228922311272
2020-04-07,0.0073089176380052,IV,-0.0119874280667599,-0.0139030419609551,-0.0096214139732074,-0.0122691932188517,-0.0080538476447365,-0.0103425987431608,0.00780967692802,0.0104982308118098,0.0101213945409948,0.0122239039829838,0.0127007002232067,0.015416397430613
2020-04-08,-0.0020344904758574,IV,-0.0124661581515272,-0.0151979793190493,-0.0101992487993472,-0.0126749280194146,-0.0085546104270594,-0.0109536472491128,0.0082576759212798,0.0111643528152556,0.0105813214132713,0.0129104673918287,0.0129734637646684,0.0142711408391259
2020-04-09,0.0061071063685238,IV,-0.012525631394872,-0.0148346508391097,-0.0103267527483694,-0.012851561442732,-0.0085966742975552,-0.0109681425985796,0.008251664585815,0.0107843857994881,0.0105634889230678,0.013144451051705,0.0131989479498857,0.0146311550654808
2020-04-14,0.0036300332318238,IV,-0.0115519365618877,-0.0135273747388507,-0.009584906113527,-0.0117859193529249,-0.0079601742641016,-0.0101658290965489,0.0077671946276768,0.0105564257096611,0.0099345598609887,0.0120629437937957,0.0123283837305927,0.0138478674299074
2020-04-15,-0.0056722893975812,IV,-0.0117402617713202,-0.0140154794286907,-0.0097370236713968,-0.012036850586656,-0.0080625374809043,-0.0103705262694686,0.0078369933484259,0.0107492797960966,0.009891749276884,0.0121148718720998,0.0122244540593094,0.0137005131370476
2020-04-16,-0.0061911161373517,IV,-0.0122287128200576,-0.0145884859624302,-0.010275805500979,-0.0126055721793431,-0.0086050611070499,-0.0111737518708726,0.0083352895869488,0.0113014417489379,0.0106084132206675,0.0127373872066509,0.0131905700379828,0.0143137635500544
2020-04-17,0.0039058099305962,IV,-0.0128189533436723,-0.0152284783188533,-0.0108549759635895,-0.0130453562410037,-0.0091053066442951,-0.0115714393310169,0.0088142375914471,0.011925259427565,0.0112038361382576,0.0135894571884906,0.013907958598287,0.0150773058651844
2020-04-20,-0.0009767477377691,IV,-0.0092277463864887,-0.0100054799060783,-0.0074897800100864,-0.0090264319174787,-0.0061756745437879,-0.0078928302797538,0.0063524814676607,0.0088090602803862,0.0083791136888963,0.0106408072807899,0.0105604672487872,0.0127849267868675
2020-04-21,-0.0017144866781927,IV,-0.0109798906707319,-0.0133139334582051,-0.0089513102346965,-0.0110775915038455,-0.0074357703261586,-0.0095969616367494,0.007297960900494,0.009863861443901,0.009372297377624,0.0115251266952653,0.0117007122909563,0.0136532783866126
2020-04-22,-0.0023221154358278,IV,-0.0111245313289546,-0.0130486379921516,-0.0091318241162884,-0.0112227251587548,-0.0075946933623237,-0.0097199592051777,0.0074871422320429,0.010196645230401,0.0096749467707279,0.0118681006881871,0.0120393037677714,0.0139151600605626
2020-04-23,-0.0013884639607077,IV,-0.012206552068917,-0.014240994227818,-0.0101280135782901,-0.0121684428767866,-0.0084293757533441,-0.010914733453567,0.0081865587748592,0.0110891846992546,0.0104326764591623,0.012843252913438,0.0128425085378633,0.0142177914336487
2020-04-24,-0.0015038397011286,IV,-0.0128489640814396,-0.015713355462566,-0.010946029771241,-0.0135850714825963,-0.0093416668690387,-0.0117415339847567,0.0090745245122644,0.0122648282131896,0.011322783507668,0.0137370069256954,0.0144009833288826,0.0153397392274847
2020-04-27,0.0028761429598151,IV,-0.0089512608457018,-0.0100129156927412,-0.0073221855928928,-0.0090238867485426,-0.0060595319420207,-0.0073567037130477,0.0063875604691743,0.0084859617772451,0.0083899649079669,0.0103341610448937,0.0107479538170484,0.0129013022394341
2020-04-28,0.0007085168869171,IV,-0.010290632597923,-0.0117347963491485,-0.008414784721221,-0.0102960615359108,-0.0069746902540198,-0.0088749065129778,0.0069533638272511,0.0095291486030753,0.0090113531611392,0.0111542398268042,0.0113055451245488,0.0130773060191479
2020-04-29,0.0015076769880663,IV,-0.0110597645262725,-0.0130213995265749,-0.0092275110949381,-0.0112523933769648,-0.0076095018937548,-0.0097849781056941,0.0075203510769836,0.0101625487285354,0.0096272361715757,0.0120840672248327,0.0119417577324768,0.0134615309118799
2020-05-04,0.0053117435573759,IV,-0.0121576702907469,-0.0150797586239754,-0.0102635343963234,-0.0123422131825819,-0.008542897004334,-0.011000243488393,0.0082205614122657,0.0110409858074344,0.0101258463547956,0.0122873606415461,0.0127530271423859,0.0134487587027164
2020-05-05,-0.0061344597885907,IV,-0.012009594646563,-0.0147907870563821,-0.0102520606484715,-0.0123430944611008,-0.008474585164565,-0.0107442255467783,0.0082939312089397,0.0112259087029079,0.0103513273674156,0.0123112275821901,0.0130590452130797,0.0139747751081474
2020-05-06,-0.0034989094397674,IV,-0.0108600321340588,-0.0126466373410893,-0.0090996155482665,-0.010953928715482,-0.0074317181882047,-0.0096315471713021,0.0074241607301805,0.0099890141698315,0.009373172576247,0.0114872723102694,0.0117883611575485,0.0131668097590073
2020-05-07,0.0008024819554233,IV,-0.0105906167230926,-0.0124429230304116,-0.0086941151272464,-0.0106953447712931,-0.0072124746266996,-0.0092408943396363,0.0071321783026611,0.0096032028483339,0.0091004336668382,0.0112280657916464,0.0112767217241272,0.0129256990601034
2020-05-08,0.0035997657491436,IV,-0.0116551002455974,-0.0139279268988445,-0.0096312480737338,-0.0119596147391865,-0.0079887972567728,-0.0101711881457824,0.007733068297265,0.0105045818203922,0.0098541627073474,0.0123377707824906,0.0120370055022996,0.0134080407730439
2020-05-11,-0.0033408888113214,IV,-0.0074556411403367,-0.0076258635234124,-0.0058933526684647,-0.0068456824153217,-0.0046952124206913,-0.0060120499318751,0.0050574497252635,0.0071111042391274,0.0067808711505615,0.0086443794688778,0.0085687590888302,0.0109447682218224
2020-05-12,0.0042549183057836,IV,-0.0103559683073049,-0.0121923941681058,-0.0083622051850327,-0.0102416541429491,-0.0068359612207011,-0.0089127972488693,0.0067619935700403,0.0091202119786439,0.0086520936895789,0.0108183718350052,0.010618804930325,0.0123580927584507
2020-05-13,-0.0025184780329546,IV,-0.0099077487506202,-0.0110958397918088,-0.0080403643067981,-0.0099000467650992,-0.0066264236112708,-0.0085762185405254,0.0065924597934866,0.0086643944302827,0.0084210762266374,0.0103659993592669,0.0104995154451026,0.0122031632612344
2020-05-14,-0.0034458048356564,IV,-0.0099351434121488,-0.0114347925380986,-0.0081617921142623,-0.010145081481195,-0.006686861587259,-0.0086371706551098,0.0066633327858584,0.0089611410268926,0.0083880142887838,0.0104768435291047,0.0105624680202763,0.012352214024343
2020-05-15,0.0015545087344494,IV,-0.0100421239645004,-0.0118690748558099,-0.0081089263337275,-0.0102985682987097,-0.0066395043992242,-0.0085733738246206,0.0065863277005536,0.0089693993552838,0.0084515887186421,0.0104048702097575,0.0105563692092711,0.01199676727326
2020-05-18,0.0080873678384299,IV,-0.0073952545359001,-0.0080413994723911,-0.005867686842049,-0.0070045058229601,-0.0046809533188219,-0.0058503322231447,0.0050282519864438,0.006977164011844,0.0066522725339462,0.0082239807800192,0.0083759214037758,0.0110521592198083
2020-05-19,0.0030334098728994,IV,-0.0097540941489629,-0.0110026039163515,-0.007914333862127,-0.0098237685843753,-0.0063775830095764,-0.0083068256736992,0.0064071799490366,0.0087338646539036,0.0083081282261051,0.010198287084591,0.0101738055859356,0.0119554394108807
2020-05-20,0.0039080952685415,IV,-0.0101847412376806,-0.0119164922190791,-0.0083588650976332,-0.0103447592895735,-0.0068724943446185,-0.0088700491595098,0.0067843040753565,0.0092297937558925,0.0087062785900856,0.0106062667244882,0.0107105016389302,0.0121610571393764
2020-05-21,-0.0025238001698321,IV,-0.0106472636292959,-0.0123691152580791,-0.0087808898285323,-0.0109771652150869,-0.0072476217393012,-0.0094734473649074,0.0071360119054675,0.0095996182160072,0.0089772242011644,0.0109669142161593,0.0111554706566853,0.0126090875114925
2020-05-22,-0.0053513272527517,IV,-0.0095931119873096,-0.0110464686077259,-0.0077635173072593,-0.0095665622413468,-0.0062961218211401,-0.0082596327553288,0.0063040560830044,0.0085446121263915,0.0080850350045397,0.0102168491437254,0.0100209382714985,0.0117379336492863
2020-05-25,0.0001789926847255,IV,-0.006315259203655,-0.0072864721180606,-0.0050114228129411,-0.0058002381046686,-0.003960897347309,-0.0050235172946866,0.0044793622671369,0.0062473406757864,0.0059779683018545,0.00763916023333,0.00753336813345,0.0101973385531008
2020-05-26,0.0067780900855722,IV,-0.0088356717305834,-0.0100760346447822,-0.0070480063924221,-0.0089240403205793,-0.0057603733077375,-0.0075207350015605,0.0058223890416896,0.0080337798089944,0.0077854882875073,0.0092995778288917,0.0092824264481649,0.0113831129213621
2020-05-27,-0.0001299155664606,IV,-0.0094488659445236,-0.0104883093304705,-0.0076958106393651,-0.0095984579037054,-0.0062436925583297,-0.0083057280037286,0.0063600788080238,0.008616495599469,0.0080947239155568,0.0099194128279247,0.010160919161282,0.0111133540888267
2020-05-28,0.0091484390156497,IV,-0.0105114463458321,-0.0122039902659303,-0.0086565702177108,-0.0108870863273086,-0.0071203302875059,-0.0093285027579501,0.0070964482053344,0.0094524388838156,0.0089876677251319,0.0113147556298777,0.0111616984743337,0.0122990635232112
2020-05-29,0.0034339616821949,IV,-0.0103871225268638,-0.0123351682920198,-0.0088923969566563,-0.0108466126019186,-0.0073352535241322,-0.0094945656093923,0.0074278641127102,0.0099238408911918,0.0092822367749999,0.0111416819625334,0.011637968793366,0.0129901518989849
2020-06-01,0.0014282808740836,IV,-0.0071897726006271,-0.0074733737507574,-0.006068103602934,-0.0068989474281983,-0.0049164509452031,-0.005917547445801,0.0054421308261188,0.0075816006838415,0.0071071568358522,0.0096008162417303,0.0093559366724616,0.0112994174176244
2020-06-02,0.0038853817828834,IV,-0.0091362793916779,-0.010276163733821,-0.0076422584891309,-0.0088478881099027,-0.0062212879661004,-0.0080343268181018,0.0064822038154227,0.0086108931023971,0.0083194906181745,0.010221805424491,0.0102620019734359,0.0114610301890319
2020-06-03,0.0071457319974834,IV,-0.0097356450602386,-0.011270975192516,-0.0082787939077093,-0.0098048246643378,-0.0067500222690393,-0.0087093233478457,0.0069331249350784,0.0091685741513363,0.008827775898722,0.0110269266897158,0.0110554787691764,0.012426140978217
2020-06-04,0.0066711447292506,IV,-0.0142226333213155,-0.0178850758906872,-0.0122841539616588,-0.0154815604776783,-0.0102757448545511,-0.0130758118189806,0.0099112234643273,0.0128617935674281,0.0121134258469408,0.0149341736929223,0.015311533995946,0.0153095339623454
2020-06-05,-0.0022593484031948,IV,-0.0134022102322911,-0.0164717969265681,-0.0116658406625078,-0.0148201795081617,-0.0097983039457598,-0.0128539237089646,0.0095213914531749,0.0131545748560141,0.0117116116765083,0.0138975687564877,0.0146666199053546,0.0161258821096027
2020-06-09,0.0045708863839531,IV,-0.0076530996693006,-0.0083230240676419,-0.0064331423336937,-0.0073938147083004,-0.0052691804237666,-0.00658898413745,0.005857750756446,0.0082366067322498,0.0074885910874728,0.0093152237822256,0.009766714469581,0.0106618723289677
2020-06-10,0.0006034724072499,IV,-0.0111724828338021,-0.0134727704088708,-0.0094462356769661,-0.0113874934761762,-0.0079350243461619,-0.0100282192542752,0.0079472103849603,0.0107690137461238,0.0099545291605767,0.0122796976134389,0.0126165588451665,0.0139262805706352
2020-06-11,0.0021158815522525,IV,-0.0134465460517194,-0.0158888844673189,-0.0114833829472513,-0.0141928572608956,-0.0096774748911541,-0.0124185126673016,0.0093989465868825,0.0126651769131007,0.0117245836869987,0.0146206356615875,0.0147228362246284,0.0152972204757374
2020-06-12,-0.0111797685918875,IV,-0.0127463732725768,-0.0157468618671273,-0.0109950176864794,-0.0132703165512285,-0.0093021743707398,-0.0116940894877471,0.0091812363485581,0.0127054115739514,0.0114871509758471,0.0142001279494465,0.0143139532600879,0.0155016329107974
2020-06-15,0.0015407673581488,IV,-0.010055659137346,-0.0113999933037759,-0.0084545094656639,-0.0100249392021134,-0.007061363635762,-0.0087487118135701,0.0073652357972018,0.0107889957717631,0.0093338428236276,0.0113515819222309,0.0116882374107436,0.0134912108598375
2020-06-16,-0.0010054479251539,IV,-0.0123769192343245,-0.0145616149912972,-0.0103604472363217,-0.0128357783985256,-0.0087339832728196,-0.0111938080984316,0.0085041330574672,0.0113541229542017,0.0107452499327841,0.0130076284814951,0.0135397380523441,0.0146115270034839
2020-06-17,-0.0035415355031172,IV,-0.0117547518575653,-0.0140257631354289,-0.010036405063988,-0.0121469120502431,-0.0083782936298211,-0.0105862977609176,0.0082495955822974,0.0111171952594674,0.0104330398118963,0.01280876439161,0.0131101246190741,0.0144797345436514
2020-06-18,-0.0002563133902117,IV,-0.0117550231057955,-0.0139224471094808,-0.0099928582217569,-0.0121918431066824,-0.0083871200864383,-0.0106054731556572,0.0082937473696605,0.0111618999183298,0.0104467574395852,0.0132798988410998,0.0130736586311449,0.0144950577897115
2020-06-19,-0.002394686861393,IV,-0.0115272910084615,-0.0133065456658192,-0.009813171322164,-0.0118330788155813,-0.008083160156842,-0.0103196850104643,0.0079696899852862,0.010777011112473,0.0101083515903194,0.0114746750240611,0.0126734406825646,0.0139232493721357
2020-06-22,0.0063923741083637,IV,-0.0076355892215628,-0.008775678660585,-0.0062833579347412,-0.007448198342719,-0.0050774436843145,-0.00642758224422,0.0055396306589335,0.007748604331013,0.0074926111703899,0.0092917055416488,0.00922347814165,0.0115085109639243
2020-06-23,0.0055219156551841,IV,-0.0110054127238143,-0.0129757308742396,-0.0091934912967949,-0.0114188119769032,-0.0075587207083556,-0.0097443832308242,0.0075430367354075,0.0101672878277648,0.0096239962264218,0.0119914172349495,0.0116951789253128,0.0133939411599874
2020-06-24,-0.0045920824810277,IV,-0.0118456054888587,-0.0140123881538989,-0.0099356781400491,-0.0120555027274737,-0.0082228957637965,-0.0105265834956738,0.0080801084168032,0.0108504032794013,0.0102197012778495,0.0124351208780993,0.0128585301618509,0.0139030732654873
2020-06-25,-0.0045196787115426,IV,-0.0122476961274195,-0.014234138034417,-0.0102980624831602,-0.0126172640619712,-0.0086605746404538,-0.0109557454223551,0.0084298347195197,0.0113011175391365,0.0106247893462102,0.0133041177091988,0.0134424045636053,0.0144332138882597
2020-06-26,-0.0004702583944764,IV,-0.0100652121827775,-0.011515703873247,-0.0082846592565164,-0.0099393529919358,-0.0067965953108015,-0.0087617727010216,0.0069897515360633,0.0093632498257684,0.0089072628873411,0.0109957013420967,0.0110443506167372,0.0128560124959819
2020-06-29,0.0019331079607117,IV,-0.0074462345705424,-0.0079355370979325,-0.0058252129148529,-0.0070838275018351,-0.0046627481874402,-0.0062160830874296,0.0052392346912078,0.0074101769768298,0.0070050715976981,0.0084288545887551,0.0087174417994204,0.011126637976072
2020-06-30,9.78922029642587e-05,IV,-0.0101981975224427,-0.0117015377448399,-0.0082246091541456,-0.0100542066762165,-0.0067317898953533,-0.0087529066712722,0.0068959614291083,0.00922240644245,0.0088475777075086,0.01071980445942,0.0111574650080221,0.0129769732955474
2020-07-01,0.0018847800743152,IV,-0.0103444163335398,-0.0117400510946455,-0.0084379300099692,-0.0103735949828287,-0.006881398768855,-0.0089193959634506,0.0068787755808029,0.0093616892477333,0.0089368219096076,0.0107607486695083,0.0113256359340189,0.0127536176782138
2020-07-02,-0.0019826722772795,IV,-0.0110863809974991,-0.0133509308340569,-0.0091386141454733,-0.0113421944489498,-0.0074630339195906,-0.0096424065481808,0.007382486586845,0.0097718723253533,0.0093441729349115,0.0110227628602775,0.0118333433371328,0.0127584735761134
2020-07-03,0.0006183397996347,IV,-0.0091949665064235,-0.0104205949391662,-0.0073972753640493,-0.0089197775742885,-0.005982243951489,-0.0077707248280505,0.0061780705694119,0.0084520642939562,0.007997523811391,0.00980890063343,0.0100753757711313,0.0115196763484746
2020-07-06,0.0056142552277346,IV,-0.0067849036255328,-0.0068591270455744,-0.0052060630262664,-0.0062797536572615,-0.0040750612130973,-0.0053755903551129,0.0047563411142141,0.0063934362442902,0.0063400260181841,0.0076412536344858,0.0077517639370498,0.0102173146603782
2020-07-07,-0.0007786129581163,IV,-0.0101096753871697,-0.0116377635538492,-0.0082022757678816,-0.0100528124916784,-0.0067810251152242,-0.0087907094362117,0.0069214389734999,0.0090878343838148,0.0087598387764711,0.0107021753615321,0.0110178543456669,0.0123342296885003
2020-07-08,0.0026805668441439,IV,-0.0099893113806988,-0.0111810403903669,-0.0082045523138145,-0.0099830521907667,-0.0066939255987086,-0.0086285906199241,0.0067840089609319,0.0090229624645205,0.0086059885238859,0.0103437238981001,0.0108564598455193,0.0120781903287565
2020-07-09,-0.0027248244232617,IV,-0.0099737755487546,-0.0116737024189934,-0.0081902411300675,-0.0101359215375323,-0.0067527704100593,-0.0086822889262612,0.0068488572215269,0.0090546900430893,0.0086333308192053,0.0105790583726011,0.0108685602356504,0.0119593095726934
2020-07-10,0.0017245958108362,IV,-0.0101221109326383,-0.0115484617626006,-0.008623111504748,-0.0102409462004459,-0.007061866764241,-0.0088312624011576,0.0070827763494395,0.0094203974756255,0.0088706113915457,0.0108265053341452,0.011170532641947,0.0122037661912597
2020-07-13,0.0041885339662497,IV,-0.0065997843908445,-0.0068120338011637,-0.0052565210431086,-0.0062168943424214,-0.004194079296824,-0.0053405625073045,0.0049172772863973,0.0066066609669432,0.0064405406293202,0.0079104511887756,0.0079391705542485,0.0105790225934231
2020-07-14,0.0036298079034982,IV,-0.0100531594415701,-0.012060369196919,-0.0085119890121105,-0.0102295592323223,-0.0071331929046819,-0.0089472104932394,0.0072217589995988,0.0097060941365744,0.0090375529470568,0.0111013237328154,0.0113075128710857,0.0125755575294153
2020-07-15,-2.19191293712728e-06,IV,-0.0096227810727754,-0.0107500069988281,-0.0082682750878777,-0.0100328836595501,-0.0068583427982997,-0.0086414254023673,0.0070760506361373,0.0097001589126088,0.0088475765617115,0.0111946597993245,0.0110009627340673,0.0130312730772368
2020-07-16,0.0023382297913795,IV,-0.0111199826950209,-0.0129228363360689,-0.009558786566741,-0.0116012530008944,-0.0080246088394132,-0.0101486922362241,0.0079228361875158,0.0107601492604836,0.0097498348587756,0.0118891434437631,0.0122791840735633,0.0131483742473264
2020-07-17,0.0004416352820304,IV,-0.0097246375168062,-0.0114894516413432,-0.0082798966623366,-0.009666422363,-0.0068349405956892,-0.0087286353478556,0.0069201902236975,0.0092536887107563,0.0085615239669126,0.0106219052444039,0.0107982735352901,0.011640415440453
2020-07-20,0.0005069841544929,IV,-0.010570472786495,-0.0127645961691375,-0.0092821716193472,-0.0105922377141901,-0.0077444401459465,-0.0099018626243941,0.0076982734608735,0.0101264473781649,0.0094514695119283,0.0123576470520262,0.0119712156612827,0.0131805517991922
2020-07-21,0.0044077806875567,IV,-0.0106613246054975,-0.0118772116769449,-0.0088383064636299,-0.0108002244435131,-0.0072276257827702,-0.0094209742121975,0.0071575708708566,0.0094396401222607,0.008962552933848,0.010719076099209,0.0113876645019652,0.0125193581554894
2020-07-22,0.0080718101907289,IV,-0.009771680912328,-0.0109684856179131,-0.0081363998589575,-0.0098309520650452,-0.0067135003394553,-0.0085709567676299,0.0068208239150748,0.0090700151283603,0.0085438048376665,0.0104386424213111,0.0107771453320042,0.0120711752084837
2020-07-23,0.0030720534301859,IV,-0.010683303945536,-0.0124977460135745,-0.0089338818479352,-0.0109312690093583,-0.0074424064730116,-0.0094264753877764,0.0074433546394854,0.0097855361998586,0.0092751502916387,0.0114042826392575,0.0116905517646362,0.0125358786256076
2020-07-24,0.0010233566989897,IV,-0.0103624193529742,-0.0112282404929679,-0.0087041026246678,-0.0104494764073047,-0.0072880422124539,-0.0094008018289623,0.0073025217076606,0.0098945576644524,0.0091138780285207,0.0111273119291541,0.011482762102832,0.0128135305292263
2020-07-27,0.0099125876876606,IV,-0.0076470796429359,-0.0079855398605378,-0.0062579729885206,-0.0071045072678523,-0.0050614213460257,-0.0064182115763177,0.0058621853195435,0.0077833440583372,0.0073973877571284,0.0090610198492937,0.0090508116114542,0.0114027467110598
2020-07-28,-0.0015415803822873,IV,-0.0130511024334716,-0.0152152413784322,-0.0110465661811006,-0.0133385727093327,-0.009411947835533,-0.0116323008002412,0.0092476210221315,0.0121223131109253,0.0116649434366557,0.0140804996191919,0.0145343891160757,0.01513404116154
2020-07-29,0.003180627041122,IV,-0.0114321016995137,-0.0135042004641627,-0.0096158135171398,-0.0119235948261276,-0.0080607380766766,-0.0101439591504109,0.0080739898965084,0.010890014940847,0.0101851083300432,0.0126104444568271,0.0129097801833407,0.014030494619277
2020-07-30,0.0017805588526818,IV,-0.0124656253155679,-0.0149982521343664,-0.0105463323892745,-0.0126393571705954,-0.0088766554027838,-0.011112564496567,0.0087207954255572,0.0116942510789231,0.0109508493029175,0.013330010180035,0.0137407852992952,0.0145024470149278
2020-07-31,0.0026553916421709,IV,-0.0127126217458803,-0.0152646196131489,-0.0108276079417455,-0.0129942995536443,-0.0091452830897227,-0.0114599632268182,0.0089369335283632,0.0121692893483538,0.0110941672691194,0.0127265495564632,0.0140582412063059,0.0146891862833816
2020-08-03,-0.0061473386566779,IV,-0.0088073855360859,-0.0090472634282547,-0.0072118505371713,-0.0085903442128453,-0.0059642415478335,-0.007492364842355,0.0067468250810852,0.0091296347508686,0.0085011368325017,0.0107840807165216,0.0106977445711415,0.0125210852817119
2020-08-04,0.0013735944613336,IV,-0.0115241124195105,-0.0137417461220032,-0.0095669349006611,-0.0116521635503097,-0.0080731843765939,-0.010166004040662,0.0081422137181157,0.0110204919336825,0.0102849710438518,0.0124809660960785,0.0129653097106337,0.014291446998664
2020-08-05,0.0110810779624176,IV,-0.0115660690142031,-0.0135921982903322,-0.0096087038236326,-0.011902790381041,-0.0081097786827523,-0.0102754077162281,0.0081284902822456,0.010898534207857,0.0102429425769819,0.0125958998465128,0.0128370455614989,0.0141266590847237
2020-08-06,-0.0035429788579655,IV,-0.0125284750401373,-0.014685206983254,-0.0104825850769504,-0.0127412085896111,-0.0089106988514079,-0.0112496935824768,0.0088982391398531,0.0119054158297731,0.0112988309033953,0.0136023358860956,0.0140305323997418,0.0149449802994687
2020-08-07,-0.0067055055701247,IV,-0.0137187366023472,-0.0159337483823307,-0.0115441900292889,-0.014175705622201,-0.0097899106181619,-0.0125062868159294,0.0094385345596074,0.0124355953409986,0.011722378734119,0.0141497678993946,0.014699550061913,0.0156817480104077
2020-08-10,-0.0016552478204207,IV,-0.0077998552147797,-0.0076766181068935,-0.0061782881826622,-0.0076336939530537,-0.0050965882279722,-0.0064371989754903,0.0059160838885769,0.0079501974036397,0.0076268341574807,0.0094794865763378,0.0095586680292504,0.0122601314596604
2020-08-11,0.0006335249710171,IV,-0.0098580462726195,-0.0111796914275026,-0.0079000145860551,-0.0096140553823339,-0.0065120460752944,-0.0083899357582048,0.0067949968269406,0.0090939237532867,0.0086374134487046,0.0105923758090682,0.0108090653077659,0.0125027839912831
2020-08-12,0.0027399399753111,IV,-0.0100984363720722,-0.0114823871634693,-0.0082002507591586,-0.0100074873734157,-0.0067957978540051,-0.0086912728643015,0.0070428753635206,0.009450030203995,0.0089160296427213,0.0109179213929935,0.0111339945450489,0.0126304567530471
2020-08-13,0.0018675960665341,IV,-0.0110209432612054,-0.0128185532138001,-0.0092286009833987,-0.0111068614453389,-0.007649296028697,-0.0097714741367076,0.0077069282113856,0.010297802157115,0.0096941263854066,0.0117989346251433,0.0121443373209216,0.0133873109778208
2020-08-14,0.0012684830223136,IV,-0.0116709301891404,-0.0136310812006012,-0.0096316349997684,-0.0118911141856102,-0.0081094964272301,-0.01031657768583,0.0080867166772863,0.0107335641260627,0.0101302069954472,0.0122884937279288,0.0126419554027299,0.013962133076745
2020-08-17,0.0030630867436845,IV,-0.0079159405486763,-0.0074185636837652,-0.0062661205398617,-0.0074495806042868,-0.0050758988720096,-0.0064358206606495,0.0059917444648197,0.0079991698143793,0.0076550560111405,0.0090794284338312,0.009576674653219,0.0114734700868581
2020-08-18,0.0049502555199698,IV,-0.0103945629856305,-0.0127227482870189,-0.008267705927768,-0.0102682963919174,-0.0068692330729868,-0.0087743499504959,0.0071372697894221,0.0095924347967847,0.009202832238214,0.0115807820992975,0.0111422017954058,0.0126092714920895
2020-08-19,-0.0025119867652369,IV,-0.0113216106338235,-0.013321259128194,-0.0091587583158527,-0.0111580607210221,-0.0076223488459238,-0.0097615032081164,0.0078515984131107,0.0105799977400197,0.0100135850454305,0.0121222316527439,0.0122544834710846,0.0140535090548527
2020-08-20,-0.0031757583316106,IV,-0.0113463384695924,-0.0129072709935551,-0.0090694746160727,-0.0113959686402015,-0.0075860841131312,-0.0097428579047291,0.0076881099875018,0.010317298688203,0.0099228389131616,0.0120834208592022,0.0118821147817726,0.0141783129962516
2020-08-21,-0.0072860529734993,IV,-0.0109611762704116,-0.0126426019834641,-0.0089869730662574,-0.0110138243717284,-0.0074122509746769,-0.0094704322004633,0.0076282535171639,0.010238186048446,0.0096323153206544,0.0121233437434647,0.0118539876082721,0.0134711056482853
2020-08-24,0.0024261149968087,IV,-0.008169578143996,-0.0088714150264944,-0.0065317856849106,-0.007709303705642,-0.0053217063001216,-0.0068209727588644,0.0061822955422838,0.0084976327513016,0.0079477401678787,0.0102123653458771,0.010028583979453,0.0123385031321087
2020-08-25,0.0012658577875701,IV,-0.0100843100748197,-0.0115816363146646,-0.0081155679602087,-0.009885907657535,-0.0067496857441521,-0.0085858871356728,0.007138852932926,0.0095698811307506,0.0090773985864675,0.0111566841845467,0.0112582029946855,0.0130727918948281
2020-08-26,-0.0003956729930751,IV,-0.0101780937467073,-0.0114941495185392,-0.0082825471084841,-0.0101338130822263,-0.006853800354234,-0.0088398599553769,0.0072113194438178,0.0096765554115643,0.0091771631172327,0.011249543135187,0.0112905661882523,0.0130691409759449
2020-08-28,0.0073525014284513,IV,-0.0125891832917765,-0.01488759961486,-0.0105198953905186,-0.0128092873515053,-0.0087394506285898,-0.0112625926749986,0.0084874970464985,0.011296339477783,0.0106438936516043,0.012792920118307,0.0130705427413632,0.0142166792982618
2020-08-31,0.004209561571485,IV,-0.0076920333847319,-0.0087444309872108,-0.0062947647321785,-0.0071913131427024,-0.0051266315127962,-0.0064603522138213,0.0060143412948682,0.0085355933887471,0.0077461682131321,0.0095424496848785,0.0101312007870086,0.0120889979528666
2020-09-01,-0.0001213427201086,IV,-0.0113880870941426,-0.0131484064026916,-0.0093424423582343,-0.01143053646059,-0.0078150372147227,-0.0099752428468442,0.0079623876223167,0.0108363782284349,0.010028988757679,0.0123207367798192,0.0123916023581309,0.0139594659611666
2020-09-02,-0.0091893788300432,IV,-0.0110851547325479,-0.012853594642899,-0.0089835545656218,-0.0112077330396568,-0.0074409660465785,-0.009596973263403,0.0075741634611754,0.0102076050870519,0.0097087018206593,0.011788507869559,0.0118213059521899,0.0134294810820873
2020-09-03,-0.0008196202321991,IV,-0.0111785538804638,-0.0128912368812902,-0.0091819727259723,-0.0112564366855987,-0.0075586981516863,-0.0097403429604137,0.0076674525874146,0.0101662950388609,0.009728080050957,0.0118336270685833,0.0119160917047175,0.0135563336979069
2020-09-04,-0.0008202925606158,IV,-0.0122555605813932,-0.0143917533623529,-0.0104985923190003,-0.0126378931050579,-0.0087771681543587,-0.0110561321535304,0.008590030155682,0.0112138597954515,0.0106705129352858,0.0131292801832824,0.0135962925266505,0.0147141933542479
2020-09-07,-0.0001269094587323,IV,-0.0069570285100994,-0.0079492175138471,-0.0055241192348965,-0.0064582710336565,-0.0044546625826193,-0.0054952143859107,0.0053392567597941,0.0074124912044918,0.0071474857582821,0.0094885988176768,0.008967127452955,0.0113850323472703
2020-09-08,-0.0025606635707522,IV,-0.0100996595571974,-0.0114130119326469,-0.008306881441805,-0.010020748189663,-0.0068494414702854,-0.0086915907209958,0.0071213757563872,0.0095897839011324,0.0090859791169676,0.0111895688946003,0.0112981435106324,0.0130479904218872
2020-09-09,0.0017967514998724,IV,-0.0103556384876759,-0.0118227841335084,-0.008535939398507,-0.0103765753783448,-0.0070768552153126,-0.0089799967498597,0.0073576880332481,0.009874578290988,0.009323449467153,0.0114263873061693,0.0116435057294772,0.0132851303730071
2020-09-10,0.0058488154110696,IV,-0.0149578565504074,-0.0181739923018586,-0.0128483873214805,-0.0158684891065953,-0.0107730081368594,-0.0136412439030988,0.0099799076985602,0.0132590725718338,0.0122610297297697,0.0146391464076378,0.0153591278840982,0.0149396310569653
2020-09-11,-0.0040468340134625,IV,-0.0113485454281228,-0.0129491893424524,-0.0097075328151521,-0.0114942984628939,-0.0080005692473355,-0.0103393358252332,0.0080876453953955,0.0107691202822034,0.0100341429934492,0.0123520165079069,0.0129869096633193,0.0140087347255743
2020-09-14,0.0035668784632887,IV,-0.0072272700596561,-0.0076865150721967,-0.0058132282342389,-0.0069004140090775,-0.0047108823043318,-0.0057911274224242,0.0055928552912109,0.0078456831146696,0.0071559019312023,0.0093520751671032,0.0091546386116751,0.0112378631461036
2020-09-15,-0.0023568062075832,IV,-0.0093669075563307,-0.0104036106200129,-0.0077148494503931,-0.0092226121712941,-0.0062732341100317,-0.0080546669245556,0.0066290445384103,0.0089089316764412,0.0084173353940457,0.0104254474595372,0.0106226502156188,0.0122433766112018
2020-09-16,-0.0008973827643841,IV,-0.0096678394958396,-0.0108898631232834,-0.0079482128397908,-0.0094659961927817,-0.0065094832301688,-0.0083360931777568,0.0068601215397403,0.009193317041805,0.0087020373258094,0.0107406269655402,0.0109528446484289,0.0129662703235848
2020-09-17,-0.001020827719896,IV,-0.0098414951304161,-0.0110552182754653,-0.0079798457406181,-0.0096166590027247,-0.0065148514355572,-0.0084612537336286,0.006691288348685,0.0088873845114471,0.0085579280001303,0.0103668067298017,0.0105114885196658,0.0121322204688981
2020-09-18,0.0028168973228883,IV,-0.0095318053066792,-0.0108261019382563,-0.0078322443026811,-0.0093454541089492,-0.0063660230202468,-0.0081702256076331,0.0065326937825159,0.0087560756629829,0.0082685690759954,0.0099121754348894,0.0103621905720967,0.0117564362576097
2020-09-21,-0.0100260973694799,IV,-0.0067716550075548,-0.0073084987584574,-0.0052727066426474,-0.0062612105578053,-0.0041601293318312,-0.0053224298028169,0.0049876204103228,0.006745102235017,0.0065340592744451,0.0080431348724052,0.0081133711263484,0.0102639672503812
2020-09-22,-0.0030311682958596,IV,-0.0098291265351045,-0.0114037456373155,-0.0080380473069436,-0.0098166577246451,-0.006520190122324,-0.0084352612456601,0.0067109348026527,0.0090096823380356,0.0085045169636749,0.0103681165185295,0.0105797221372686,0.0124440531217194
2020-09-23,-0.0021686183455534,IV,-0.0102622064252323,-0.0117457220970747,-0.0084811631097082,-0.0103068390862241,-0.0068661883525213,-0.0089138165408705,0.0069208142405074,0.0091664043368576,0.0087154631920266,0.0107428820037908,0.0107521996120471,0.012208778161736
2020-09-24,-0.0009596271899624,IV,-0.0101451244064015,-0.0118003300019554,-0.0084160379294738,-0.0100998645330673,-0.0068237585949791,-0.008888286712575,0.0069447606443576,0.0093706802847104,0.0087088727034989,0.0106310544425359,0.0110210896166938,0.0123935272206087
2020-09-25,-0.0041166947246695,IV,-0.0098141075916594,-0.0111636611703528,-0.0081274193542358,-0.0099075940578126,-0.006565412795639,-0.0084947797780472,0.0067136705496997,0.0090614043700008,0.0084197230044558,0.0102203491385426,0.0107740539312109,0.0121809715496344
2020-09-28,0.0036301033093016,IV,-0.0066323235337943,-0.0070188685126106,-0.0052561807308007,-0.0061020916437709,-0.004104587718301,-0.0052074321274692,0.0050279164026633,0.0062244498078955,0.006504126873621,0.0081314372692026,0.0082022289156271,0.0113195155799059
2020-09-29,0.0048403560816636,IV,-0.008825429178782,-0.010008099036649,-0.0071330621063895,-0.0086765814659056,-0.005725517522522,-0.0074250371551159,0.0060281747553626,0.008087642843492,0.0078211950327917,0.0094356238718072,0.009599780856292,0.0115752882910218
2020-09-30,0.0004586495517905,IV,-0.0107841376969924,-0.0126731486343749,-0.0090422869784099,-0.0107972043980258,-0.0072833549645435,-0.0096670121685691,0.0071095037916548,0.0094438748144252,0.0090237184088221,0.0112316565193783,0.0113509080180783,0.0126089808590092
2020-10-01,0.0025198829436932,IV,-0.0091818452391673,-0.0104927864005762,-0.0075022867358517,-0.0089693024595862,-0.0060097341288598,-0.0078558057739063,0.0062564572818245,0.0083365642814177,0.0078983086424395,0.0097884222962286,0.0099045005695732,0.0115911854240779
2020-10-02,-0.0039050060067623,IV,-0.0105845602660638,-0.0126089320034064,-0.0088228705452423,-0.0106998285434524,-0.0071578701882154,-0.0094086890348243,0.0069458225588575,0.0092426089881127,0.0085724310645316,0.0105370451418034,0.0109554006563746,0.0120904464750677
2020-10-05,0.0067219631360272,IV,-0.0074145012159204,-0.0082283341504269,-0.0053471353495376,-0.0068139034773531,-0.0042035162135252,-0.0057178979839598,0.0051873548468828,0.007322177196203,0.0069508364735252,0.0086683750567105,0.0076865334173251,0.0106355035459349
2020-10-07,-0.0015519563387043,IV,-0.0101067772745686,-0.0115472583848845,-0.0078565905551686,-0.0099542580757363,-0.0064212203872196,-0.0083781442814671,0.0065659835198539,0.0091870044947619,0.0086527278058949,0.0104029740913515,0.0097231131563347,0.0122335386198691
2020-10-08,-0.0011735269015057,IV,-0.0099266425027359,-0.0115311023892702,-0.0076281172997731,-0.0097536147094343,-0.0061945643662061,-0.0080219423284492,0.006429961955383,0.0086942519120592,0.008403642746387,0.010196363489674,0.0094019103921685,0.0115431391890229
2020-10-09,0.0056043352137092,IV,-0.009066088385426,-0.0099524216800947,-0.0068097586109431,-0.0085163771146852,-0.0054940781120166,-0.0070147205586147,0.0055887806721623,0.0077996978791886,0.0077119950938056,0.0095060224927569,0.0084686039409257,0.0101896629013853
2020-10-12,-0.0011535112995009,IV,-0.0067671429535604,-0.0065045900153966,-0.0046890847869165,-0.0056862980397843,-0.003760510608586,-0.0049671891870923,0.004644831614349,0.0063834661992524,0.0062651367182909,0.0077578772005853,0.0069879045819346,0.0104581412969815
2020-10-13,-0.0057833400547378,IV,-0.0090744973537403,-0.0103250175807022,-0.0068204033320931,-0.0083681480086706,-0.0054340029278883,-0.007082152520715,0.0056662700578552,0.0078510118066776,0.0077666291610613,0.0095784355926304,0.0087238917741743,0.0113586727577672
2020-10-14,0.0014622670720999,IV,-0.0093886581608933,-0.0104850644583474,-0.0071225964599019,-0.008946492458931,-0.005759029021838,-0.0077289035589848,0.0058535687635694,0.0079271590829799,0.0079621641636177,0.0092402495852557,0.0088212580219396,0.0112235910234685
2020-10-15,-0.0046261144119216,IV,-0.0091474471272944,-0.0100396321411532,-0.0070166401040117,-0.0090452860926438,-0.0056502258641726,-0.0074305716195764,0.0058054597196089,0.0078692771160187,0.0075535619470296,0.0080773676750506,0.0089626794420968,0.0113129056440963
2020-10-16,0.0013922166248412,IV,-0.0091611455885262,-0.0118987892746897,-0.0070685409984627,-0.0090280742011139,-0.0057076005200822,-0.0075132903414075,0.0057639716714524,0.0077839736041115,0.0077987741399338,0.009670292532504,0.009121266009473,0.0108706792371211
2020-10-19,0.0061223422027282,IV,-0.0075137426898407,-0.0089962838690341,-0.0055571080303641,-0.0070034240912408,-0.0044072258777917,-0.0056665931660007,0.0048396933817293,0.0066872707821146,0.0065183426407032,0.0083868601494454,0.007647695661128,0.0105737009557542
2020-10-20,0.0029816254147457,IV,-0.0094719911492543,-0.0110677026585984,-0.0072907920958875,-0.0088778733506276,-0.0059402008399679,-0.0077390432041708,0.0061358818264032,0.0083331237586536,0.007909044880092,0.0099047312520645,0.0092035214721497,0.0110102109765416
2020-10-21,0.0039125777716194,IV,-0.0099652815612206,-0.0116985585365311,-0.0075755590919864,-0.0092890117277335,-0.0061770976517782,-0.0079899276098645,0.0064021157823542,0.0085923383710591,0.0084222674201379,0.0102185523837727,0.0094402213648798,0.0116274739405155
2020-10-22,-0.003923150216656,IV,-0.0099748130399108,-0.0115975843709604,-0.0078148065274418,-0.0098824301418755,-0.0064266581553034,-0.0084910252536978,0.0066757843408192,0.0092455728466146,0.0088039343817835,0.0107211910766028,0.0102374684608311,0.013113000523933
2020-10-23,0.0016606175565392,IV,-0.0097266795938242,-0.0113248239709848,-0.0076905174475335,-0.0098946269721766,-0.006308374877564,-0.008114017992061,0.0065366715043464,0.0090712997686275,0.0084452751019623,0.0102274142644215,0.0101853750546923,0.0122354876595315
2020-10-26,-0.0023120957793862,IV,-0.0074750817073737,-0.0085650020756518,-0.0055007729516111,-0.0066403343343212,-0.0044435696440392,-0.0056660988861444,0.0054398708303887,0.0077604277336268,0.0071913201734441,0.0083842904850474,0.0080976163463491,0.0116468442312864
2020-10-27,0.0015476246421196,IV,-0.0094856965617931,-0.0116477953027911,-0.0072656822682099,-0.0093269894768716,-0.0059837400206635,-0.0075934781726476,0.0063857161973672,0.008706669966442,0.0081614510326325,0.0102003644384094,0.0095476116954638,0.0122916528122613
2020-10-28,-0.0070236724555188,IV,-0.0099386073596283,-0.0113570206984022,-0.0073868415659767,-0.0094129375304706,-0.0061177929899718,-0.0073717701190441,0.006460721176107,0.0090527616577458,0.0084953146762386,0.0106536141215315,0.0096443970957053,0.0123418138172484
2020-10-29,-0.0079843727946844,IV,-0.0114957419193755,-0.0132072024352727,-0.0097784408425065,-0.0117779946759541,-0.0081888971384196,-0.0100530749905144,0.008636946796473,0.0117172485361743,0.0110789823575179,0.0132408654622881,0.0141067464177479,0.0148795072396413
2020-10-30,-0.0008989709641362,IV,-0.0094183639140722,-0.0103670606573447,-0.0081847697130575,-0.0094267866179661,-0.0068037797285097,-0.0079254432597694,0.0077089721408658,0.0105618226517399,0.0101390684451128,0.0131770645219325,0.0131975888435482,0.0145992693967328
2020-11-02,-0.0009406005074358,IV,-0.0062142592499828,-0.0048993856265325,-0.0051883773420361,-0.0051761898505706,-0.0042637040628505,-0.0046754021534409,0.0061938764663476,0.0090168308310788,0.0074966396824028,0.0107051579454025,0.0103842422378499,0.0118612684631735
2020-11-03,0.008013935062768,IV,-0.0087896440782295,-0.0084747259760827,-0.0073946279010001,-0.0073279584609879,-0.0061452468237433,-0.0069523895390246,0.0074484020361215,0.010568985585741,0.0098866377405291,0.0129063749694333,0.013033591500993,0.0167747210227993
2020-11-04,-0.0018816206257697,IV,-0.0220471932542007,-0.0254787754791124,-0.0199854744679966,-0.0235390022319824,-0.0165772054503904,-0.0199387099357729,0.0137572470743816,0.0167373576850416,0.0165916531148203,0.0198996484162946,0.0228034972419224,0.0198624114286846
2020-11-05,0.0099861874295726,IV,-0.0121817680044443,-0.0145855371822087,-0.0105617395767926,-0.0125802315909938,-0.0085209051985385,-0.0111339694832394,0.0081201619080585,0.0109115070537625,0.0098948433805372,0.0123658554820371,0.0132472199986363,0.0134940054393953
2020-11-06,0.0040298898952608,IV,-0.0113590928415562,-0.0126125888332449,-0.0097071377549338,-0.0118458550880952,-0.0078938497260027,-0.0103028599880222,0.0076569166355071,0.0100793640369382,0.009606600506835,0.0116753339514694,0.0124809419745651,0.0132835101215624
2020-11-09,-0.0037825652804448,IV,-0.0080487547557288,-0.008874119108751,-0.0064940573067923,-0.0077067374182613,-0.0052244161856426,-0.0065337359991903,0.0060068649099313,0.0077559175297427,0.0076444031160902,0.0093921530576934,0.0097616258836794,0.0127383079889234
2020-11-10,-0.0006448632637682,IV,-0.0099790621375258,-0.011528160088036,-0.0081188135763854,-0.0099328834463012,-0.0065978476897142,-0.0087522175299017,0.0065282621798171,0.0087556569904506,0.0083422601320391,0.0102084568102018,0.0104178263820944,0.0122149326485288
2020-11-11,-0.0052844875612462,IV,-0.0088425520138135,-0.0097360440456315,-0.0071126473428721,-0.0090017947561761,-0.0057302962255629,-0.0075085162981106,0.0059369243705047,0.007985706221767,0.0074824746684702,0.0093989850174601,0.0095152243690754,0.0111414617039077
2020-11-12,0.0044550685301588,IV,-0.0096150241892955,-0.0109314251726916,-0.007950542691874,-0.0097036207670305,-0.0063784948208003,-0.008415289147815,0.0063810092463197,0.0084953661183207,0.0080328385066496,0.0099434998339324,0.0102136958934968,0.0117572616362188
2020-11-13,0.0008209590447081,IV,-0.0096530926481159,-0.0111322682496074,-0.0079619655247206,-0.0099553576686224,-0.0064249978162751,-0.0086444283071595,0.0063717566658502,0.008549088130925,0.0080171682402544,0.0099944012022861,0.010284255374113,0.0115838351255018
2020-11-16,0.0012555247903312,IV,-0.0064784914218515,-0.0067176160052287,-0.0050085103804738,-0.0060369354348267,-0.0038709769676436,-0.005040978052625,0.0047685332169252,0.0065897201508318,0.0060828342294993,0.0077870927328236,0.007633206104835,0.010779680575206
2020-11-17,0.0034477448283266,IV,-0.0083224624995638,-0.009274668330241,-0.0066081681253213,-0.0082345357804475,-0.005241975573887,-0.007013564700302,0.005389551771062,0.0073148987282015,0.0069482187375406,0.0085471812905313,0.0085811744381284,0.010709751420393
2020-11-18,-9.26278738986874e-05,IV,-0.0090251683418965,-0.0101639042725926,-0.0071933532922736,-0.0085172578249605,-0.0057797631407543,-0.0076422149711788,0.0058126483599835,0.0079087116720156,0.0074577580921757,0.0090547769018011,0.0092120988199216,0.0107218564504884
2020-11-19,-0.0029707428142732,IV,-0.0086746680483114,-0.0102374734484308,-0.0069451829782911,-0.0084400417645528,-0.0055323798679795,-0.0072980569295946,0.0056370019337111,0.0076418564907524,0.0070882383652594,0.0089721604313509,0.0089142138464757,0.0104739903123942
2020-11-20,0.0012387064594364,IV,-0.0086069347574384,-0.0097447708911982,-0.0068712859493844,-0.0084816942140839,-0.0054663226822926,-0.0072377694565502,0.0055607290912104,0.0074780780356273,0.0070266321882887,0.008747800861631,0.0088660930452953,0.0105862117744284
2020-11-23,-0.0031874438846529,IV,-0.0061819761472657,-0.0065393069711006,-0.0045211911608304,-0.0051066918219886,-0.0034945110499074,-0.0048118949290562,0.0043026316023525,0.0060991437706418,0.0056506082974154,0.0069185695214253,0.0068243064215532,0.0087082777397863
2020-11-24,0.0048205273504582,IV,-0.0090269740495365,-0.0102603254877534,-0.0073487921122988,-0.0090102803799972,-0.0057795617599089,-0.0076748949318008,0.0057205584432771,0.0078573638371987,0.0072483365372238,0.0090369898014507,0.0090830277877633,0.0101442625166805
2020-11-25,0.0023679700158564,IV,-0.0091581659404957,-0.0105133246962926,-0.0073666183481701,-0.0092691019514787,-0.0058839382083903,-0.0078969942515026,0.0058332183489124,0.0078512714099559,0.0072683018712592,0.0092972745360652,0.0092746433730403,0.010837563248104
2020-11-27,0.0035665910850849,IV,-0.0088377729632711,-0.0098813156785318,-0.0070411338224608,-0.0086896526438702,-0.0056313025667747,-0.0075369640861,0.0058289309849755,0.0080235431126825,0.0073685900831361,0.0091882740110649,0.0092888201413366,0.0109718556453338
2020-11-30,0.0016207814876596,IV,-0.0062866639969303,-0.0061326069278764,-0.00485799010974,-0.0055170285722136,-0.0037469659252271,-0.0049048882291995,0.0049245675881763,0.0068065036410111,0.0061548962629681,0.0081543380156893,0.0078636931120637,0.0102509747334192
2020-12-01,0.0056427866820958,IV,-0.0091938136403737,-0.0107331834314881,-0.0074468443045576,-0.0091553563826019,-0.0060025609207688,-0.0077894050108227,0.0061514880197189,0.0082220710058261,0.0076512293251764,0.0095063976915434,0.0098597604033529,0.0112336032287317
2020-12-02,0.0038884530975586,IV,-0.0097079711598242,-0.0113615580627251,-0.0080331354000153,-0.0096377967435013,-0.0064877457069952,-0.0084454795958485,0.0066234787109731,0.0088539512229208,0.0082065373893445,0.0101716849884217,0.010577291935712,0.0120768099792531
2020-12-03,0.0068421151280057,IV,-0.0113142020095464,-0.0136896237510262,-0.009539308347114,-0.0116281584767757,-0.0077790109075245,-0.0101049485913798,0.0075045326222755,0.0098737431267788,0.0093675634372797,0.0112989757809372,0.0121807328876093,0.0132010008555504
2020-12-04,-0.0017426965998106,IV,-0.0109295067760246,-0.0119507197867642,-0.0093907747950412,-0.0113309108725735,-0.0076581081012768,-0.0098386738781041,0.0075291086067438,0.0099150854201499,0.0093415799617526,0.0113799737978634,0.0123807209032533,0.0132768638430383
2020-12-07,-0.0006117953086707,IV,-0.0077871536266935,-0.0080133629872757,-0.0062704811212464,-0.007399923539199,-0.0051136089354154,-0.0063563874331273,0.0063396863362534,0.0085683249435394,0.0078845011353319,0.010459046903007,0.0101985321567387,0.0118751019260293
2020-12-08,-0.0015754984431297,IV,-0.0105899704666533,-0.012801973084994,-0.0088296785695935,-0.0105116257474491,-0.0072349883470375,-0.0091230243195473,0.0074451162063432,0.0099204916394299,0.0093768909934562,0.0118337554641835,0.0120666673116142,0.0135294459599608
2020-12-09,-0.0025603181422459,IV,-0.0094312352851346,-0.0110867927307668,-0.0077395629868064,-0.0095155165963026,-0.0062908647684799,-0.0080742795903199,0.0066555893759869,0.0087764456116821,0.0082852910458974,0.0102721973923231,0.0106873317048742,0.0124443476005966
2020-12-10,0.004170845272844,IV,-0.0135689887218479,-0.0162112757058698,-0.0116743616859155,-0.0150800552363274,-0.009627813070864,-0.0126095613532909,0.0085712608746065,0.0112578938548889,0.0106146769301327,0.0124624971844506,0.0139858182557546,0.0137981044865989
2020-12-11,-0.0021513879381877,IV,-0.0095808238270184,-0.0109999661010785,-0.0081130225515685,-0.0098122110331896,-0.0065521756429568,-0.0083133780893229,0.0069978615192316,0.0093179662400289,0.0087127710399864,0.0107986099394733,0.0114157605008527,0.0124162148175519
2020-12-14,0.0014856329670691,IV,-0.0085256908492735,-0.0095760780618102,-0.0071919197379546,-0.0083648010606191,-0.0058492139089087,-0.0072428060035553,0.0068077318884237,0.0089734698607941,0.008163241481456,0.0101447381136587,0.0109616149362999,0.0131776224893215
2020-12-15,0.0023292343728475,IV,-0.0098877582876322,-0.0113822475790542,-0.0081953627935892,-0.0099380940772313,-0.0066470545067313,-0.0085530219217468,0.0069277886369693,0.0092144135627515,0.0087186695624863,0.0106128760011069,0.0111269939155429,0.0124734978893232
2020-12-16,0.002824451546497,IV,-0.0095780736651865,-0.0110691436972753,-0.0078668953524837,-0.0094725713351546,-0.0063727453625515,-0.00822721232996,0.0067171239648224,0.0089468917020863,0.0083464176260114,0.0102420161524467,0.0106658867397076,0.0119966797152505
2020-12-17,0.0047108602465171,IV,-0.0105837262591434,-0.0125183093407352,-0.0087814973552843,-0.0107497604176492,-0.0071467312756708,-0.0092345551006313,0.0070466059866497,0.009078459359104,0.0087981621401209,0.0106748883834791,0.0112662204613056,0.0122491748428236
2020-12-18,-0.0008231066714585,IV,-0.0106533173547783,-0.0127645243731738,-0.0088354136724255,-0.0106349822127135,-0.0072197939416832,-0.0092662729215402,0.0070288033060617,0.0093323376492517,0.0088475213046994,0.0108397628099285,0.0113448864138861,0.0123136677439317
2020-12-21,-0.0019614366290668,IV,-0.0075416369286658,-0.0080918005389133,-0.005813008563034,-0.007120174777178,-0.0046336476214994,-0.0058884476025163,0.0053610493137111,0.0074300241361855,0.0069182284644651,0.0085921314305579,0.0085649421107423,0.0107246006783048
2020-12-22,-0.0030921052986366,IV,-0.0115492869577239,-0.0136429224571056,-0.0094958061265183,-0.0116809417576734,-0.0077492962878877,-0.0100473025549691,0.0072247134290384,0.0096936638582973,0.0092073123365961,0.0112844372346342,0.0114230016968266,0.012056158863711
2020-12-23,0.0009052458688986,IV,-0.0107734658860015,-0.0122577854702187,-0.0086434435175386,-0.0104603660807257,-0.0070270592201914,-0.0093855230856555,0.0067001381480887,0.009104043366733,0.0085558758708077,0.0106982810956258,0.0105653902410621,0.0121712052189234
2020-12-24,-0.0001785210459509,IV,-0.010335718798022,-0.0120599644196782,-0.0083364974629797,-0.0100838010583642,-0.0067610248938372,-0.0089177132752307,0.0065473141975661,0.0089650696960154,0.0085301018965723,0.0103992602061872,0.010321476139168,0.0120174491870989
2020-12-28,0.0026724284574185,IV,-0.0077955112485484,-0.008910815212816,-0.0059575781890117,-0.0073891961789808,-0.0047412955356173,-0.0062142334517183,0.0053016237594698,0.0074478556429917,0.0068803329689871,0.0084026658179882,0.0082996494317392,0.0106184533908895
2020-12-29,0.0023999112063497,IV,-0.0095063169366568,-0.0099771568225582,-0.0075614336032838,-0.0092583488320451,-0.0061138497369238,-0.0082283189591123,0.006044128828698,0.0082166722687077,0.0078886820203327,0.0096225141142432,0.0094635912243646,0.0112571967590167
2020-12-30,0.0045997135493905,IV,-0.010605599822767,-0.0125143516476916,-0.008544870059697,-0.0106982140765538,-0.0069196099385046,-0.0091065414268459,0.0066936938579822,0.0089414504684787,0.0083561056689045,0.0108253736547003,0.0104021481605872,0.0121562315046005
2021-01-04,-0.0050816865437262,IV,-0.0098023540928685,-0.0117446865021465,-0.0081621984538854,-0.0098789844123773,-0.0066462497452583,-0.0086558698734358,0.0069930318272387,0.0093578703581068,0.0087110061833053,0.0107566768836245,0.0112296697150156,0.012775123184884
2021-01-05,0.000354421410763,IV,-0.009997564337209,-0.0112878240839097,-0.0083425026672095,-0.0098885280138933,-0.0067792043551471,-0.0085695421128914,0.007165763354281,0.0094132841720754,0.0089591542298582,0.0108807176948994,0.0116023274908464,0.0129271049369253
2021-01-06,0.0005334321598761,IV,-0.0126312697034309,-0.0151564967710988,-0.0107862150801284,-0.0129850809206052,-0.0087961250003298,-0.0114393484161144,0.0081058758597453,0.0102996330828936,0.0101014487478276,0.0121881201764369,0.0131020311433471,0.0134372923220863
2021-01-07,-0.0018397095066624,IV,-0.0100236944870102,-0.0113771135068401,-0.0082907763740721,-0.0100583506213571,-0.0066870676650458,-0.0087857460443649,0.0066853154385629,0.0088108275770155,0.0083884450555525,0.0103061924071042,0.0106145736601641,0.011933352626292
2021-01-08,-0.0003650844680794,IV,-0.0107659571958459,-0.0126580811634341,-0.0089809989998838,-0.0109945278224337,-0.0072647850514326,-0.0095720730407845,0.0070777724761266,0.00944182897963,0.0086564293864398,0.0109038059613091,0.0112901482020259,0.0124846026539404
2021-01-11,-0.0085964758765936,IV,-0.0070665960398513,-0.0071591098822043,-0.0054213420661595,-0.0066069174898062,-0.0043051258347558,-0.0054159106431398,0.0052329735222787,0.0072761161245958,0.0065788876036992,0.0084253753737946,0.0082841729990026,0.011617105824232
2021-01-12,0.0004484480276584,IV,-0.0104019306013515,-0.0119899272880909,-0.0085095946944001,-0.01040823923453,-0.0068653734727614,-0.0089339116106447,0.0068220156922165,0.0092045707257042,0.0085882489575366,0.0106175135670979,0.0109327216953934,0.0120535985896902
2021-01-13,0.0003331201669264,IV,-0.0100866727284991,-0.0114971100502747,-0.0081814148860067,-0.0099890605824197,-0.0066061817929777,-0.0086953154325657,0.0064812954443882,0.0087065291293061,0.008203147824744,0.0102586290055719,0.0102405156630511,0.0117529035228884
2021-01-14,-0.0019921473203523,IV,-0.0100713293786736,-0.0119093515422065,-0.0083376916048838,-0.010190807257424,-0.0066505050623797,-0.0088586019195542,0.0065338819057784,0.0088088048370739,0.0081447303052746,0.0099844551172881,0.010265672947192,0.0115720915241845
2021-01-15,-0.0034875669663212,IV,-0.0096823118202984,-0.0115003004107664,-0.0081057112969781,-0.0097597290500387,-0.0064629837982879,-0.0085336891896458,0.0064769816387701,0.0086105802623443,0.0080455744544779,0.0099545221627286,0.0104586933199646,0.011570122093871
2021-01-18,-0.0015350784931989,IV,-0.00658494553464,-0.0072193637159058,-0.0050913849242442,-0.0066854197909286,-0.0039975673289353,-0.0051793905760232,0.0050339782535495,0.0067547837842101,0.0062635628750662,0.0079007145786573,0.0077900414250583,0.0102282168100588
2021-01-19,0.004371456191847,IV,-0.009007886160952,-0.0103205426337049,-0.007236117589313,-0.0090476866083744,-0.0057615556436497,-0.0075682958724908,0.0059987000836452,0.0079889305957906,0.0074492325878098,0.0092343555456674,0.0095809188064252,0.0112013477366018
2021-01-20,-0.0018260021518001,IV,-0.0085228484958158,-0.0096134846025368,-0.0069317206395233,-0.0086107770136071,-0.0054594501756455,-0.0072045938516662,0.0057167790860997,0.0076360732557428,0.0071187825162348,0.0089386873100698,0.00894542133488,0.0109136270050058
2021-01-21,0.0038564764275098,IV,-0.0095277807511406,-0.0116516970275957,-0.0079675287982922,-0.0096633681744861,-0.0062801262262942,-0.0084039404904502,0.0060821552732815,0.0080625203583313,0.007576797161396,0.009481925203562,0.0096908251422609,0.0111786392229697
2021-01-22,0.0016279886018681,IV,-0.0083840921487675,-0.0096806013308834,-0.0069297788153153,-0.0086287665015492,-0.0054961713598492,-0.0071581482454562,0.0058268169791652,0.0077152461995835,0.0071667199247754,0.0091879179187293,0.0092423305925165,0.0105368343562094
2021-01-25,-0.0034873815919071,IV,-0.0062805126875775,-0.0067814671491518,-0.0049834523291193,-0.0062216023597585,-0.0038266031853473,-0.004816828086631,0.0047864536815451,0.0067240775933595,0.0059884557955391,0.0075576121928286,0.0074994899799698,0.0104109984035004
2021-01-26,0.0031422720778389,IV,-0.0081168486121899,-0.0097306612607471,-0.0067030365491094,-0.0081453015588818,-0.0052258892283767,-0.0068911384892534,0.0055565631449402,0.0074799631964771,0.0068880878760779,0.0085123555705559,0.0090105556702684,0.0106666209128036
2021-01-27,-0.0063171924818154,IV,-0.0078095365608669,-0.0087884623336112,-0.0064350775812265,-0.007813844186556,-0.0049683068854726,-0.0065177025368328,0.0053515641161813,0.0072268038691205,0.0066264159106079,0.0083662603278006,0.0083816877195307,0.0101614589271245
2021-01-28,0.0025254807032724,IV,-0.0091417412639487,-0.0106257297107999,-0.0076913514645982,-0.0092034541190854,-0.0060642768812184,-0.0079413927938249,0.0060774453839445,0.0083197758616914,0.0075450625916027,0.0092067811848205,0.0098437392894173,0.0108649390631066
2021-01-29,0.0022166654455507,IV,-0.0088761088035572,-0.0099300019487641,-0.007199316813338,-0.008898067116105,-0.0057217674450723,-0.0075752091388424,0.0057502223869035,0.0076478081192406,0.0071956996242971,0.0090903653915168,0.0093521133609757,0.0112456124478666
2021-02-01,-0.0052943472633275,IV,-0.0063523756067914,-0.0068522513848713,-0.0049242550472447,-0.0063579622721469,-0.0038441615095183,-0.005178242363617,0.0046854968634835,0.0064628119861718,0.0058394504031657,0.007368567844755,0.0073762636204224,0.00973311705463
2021-02-02,-0.0047549077174922,IV,-0.0086657792611286,-0.0098920014374552,-0.007203364765592,-0.0087631987560019,-0.0056554439543387,-0.0075119890491584,0.00586280771313,0.0077871954757946,0.0072114077134748,0.0088686041549505,0.0092404178223867,0.0108083090728077
2021-02-03,-0.0013790623938797,IV,-0.0091074504709794,-0.0104210366645472,-0.0076413308649267,-0.0090807709757329,-0.0061039982934632,-0.0081407185455939,0.0060835396376675,0.0081383690758705,0.0075703520133651,0.0093228781701726,0.0099422229369062,0.0106516869792685
2021-02-04,-0.0026740965332406,IV,-0.008945940122961,-0.0107622424339786,-0.0075635808534514,-0.0092231174518109,-0.0059991840152068,-0.0077731928236057,0.0060607320664374,0.0079916175318571,0.0075190696750813,0.0091674389280071,0.009645883421708,0.0104692644331979
2021-02-05,0.0038265658364083,IV,-0.0096932954476801,-0.0118310475961608,-0.0082144271505155,-0.0100784421767781,-0.00656667946468,-0.0087000288042755,0.0063119615146821,0.0079978860293342,0.0078276609777116,0.0096356138614392,0.0101125169266476,0.0108296408547309
2021-02-08,0.0018673404763721,IV,-0.0061227967207772,-0.0061592214588897,-0.0048052624305267,-0.0060788889270486,-0.0036502427953192,-0.0048632717238484,0.0044234780018551,0.0059001834183497,0.0055362785095566,0.007098735374679,0.0069056225999829,0.0093417051417634
2021-02-09,0.0042037924975681,IV,-0.008043263213866,-0.0095095512373308,-0.006595829889661,-0.0079117589568816,-0.0051463196103164,-0.0069360160889132,0.0051778589707372,0.0068796997231158,0.006395851779024,0.0079492999299727,0.008378527523371,0.0098399283855984
2021-02-10,0.002744657898055,IV,-0.0083936720763122,-0.0100705501307638,-0.0068841360319068,-0.0084658345175204,-0.0054303407559174,-0.0072544821400735,0.005552013273592,0.0074950745391538,0.0068654407311108,0.0085853419729035,0.0089257405591055,0.0103637168076668
2021-02-11,-0.0001051075034329,IV,-0.0081263156512759,-0.0094136593520043,-0.0065424656422722,-0.0080330265921962,-0.0050906898689925,-0.0070401731927422,0.0052273639666482,0.0071155371538988,0.0065592505860392,0.0081328610946543,0.0084428880611299,0.0098569531371346
2021-02-12,-0.0008371324374573,IV,-0.007798072183766,-0.008413940611859,-0.0062366066084727,-0.0075387075274118,-0.0049348655294501,-0.0066491661779233,0.0050599918543942,0.0068710016100063,0.006465614170931,0.0083646854934956,0.0078692679738172,0.0096380975747812
2021-02-15,0.0009813948138737,IV,-0.0056138828237961,-0.0063989255593583,-0.004240166384397,-0.0053617246362794,-0.0031760404586778,-0.0042553684666245,0.0040225211632587,0.0055443385775036,0.005110951231017,0.0067107987299862,0.0062459742808846,0.0090604245662788
2021-02-16,-0.0010020226850164,IV,-0.0073210260023466,-0.008444517814733,-0.0058096093069202,-0.0069059043901871,-0.0044654525549989,-0.0060197381345237,0.0047516537027047,0.0063641083455817,0.0059625266977382,0.0074319553834608,0.007407384817028,0.0097032981870078
2021-02-17,-0.0071816084324112,IV,-0.0084224526393098,-0.0097386584893225,-0.0068816002138794,-0.0084984236271214,-0.0053784378596228,-0.007360901424606,0.0054073465621049,0.0072115263061654,0.0066871918215141,0.0085463430250679,0.0084935864784185,0.0105180943010516
2021-02-18,0.0033166975882177,IV,-0.0090562717319175,-0.010621771528227,-0.0075035387770723,-0.0091961811913302,-0.0059752729592259,-0.0079187229553598,0.0058733833173754,0.0079826950416985,0.0072175270051419,0.0088696789136464,0.0092530479228205,0.0111673008441287
2021-02-19,0.0045866332763411,IV,-0.0082985247418211,-0.0088029306277381,-0.0066936110346703,-0.0082179666629063,-0.0052816773070828,-0.0070662300453488,0.0053331712762167,0.0071406914187126,0.0066785646582242,0.008402695013828,0.0085571159282052,0.0105316041307871
2021-02-22,0.0008900940543402,IV,-0.0061009100698757,-0.0059787468081286,-0.0046952948595828,-0.0059273155631947,-0.003583436501356,-0.0047479331263889,0.0043002208344024,0.0057709020010372,0.0054072164888946,0.0069352688160905,0.0066101329141412,0.0091346989121318
2021-02-23,0.0016585696892665,IV,-0.0084292838431943,-0.0097554616995393,-0.0068770159878344,-0.0082929696085657,-0.0055102854047307,-0.0074209141654167,0.0055507612182725,0.0073531938650053,0.0068837262700683,0.0084069474238414,0.0086981860798016,0.0098485791196809
2021-02-24,-0.0030187552139185,IV,-0.0090760150927119,-0.0103701094029651,-0.00749460408161,-0.0094591507594943,-0.0060061926693876,-0.0077896996232201,0.0058811914076875,0.0078357659277312,0.0073790867179035,0.0094251506101858,0.0092888003431973,0.010680813300723
2021-02-25,0.0082787251180993,IV,-0.0086096269493821,-0.0100600669656294,-0.0070453500953391,-0.0085443624439859,-0.0055243840870273,-0.0073629405354348,0.0055887011752522,0.007424572900105,0.0068884378468785,0.0086007592548245,0.0090398402325526,0.0104532697157488
2021-02-26,-0.0069391346675182,IV,-0.0109058687939798,-0.0123377699374524,-0.0091977439961787,-0.0109742512995565,-0.00746107781594,-0.009641684259272,0.0073091837123448,0.0095036155629512,0.0090802197943598,0.0109623574952982,0.0117647271298644,0.0128652588855934
2021-03-01,-0.0073547830442022,IV,-0.0085683768864995,-0.0093561892429945,-0.0070785271788761,-0.0085732936048812,-0.0056982017196652,-0.0071366558678909,0.0063576828699392,0.008541853610176,0.0079636076777456,0.0099998875324919,0.0103444713368,0.0115097926230984
2021-03-02,0.0010181748179413,IV,-0.0087876039084356,-0.0099671973043353,-0.0071458648601975,-0.0087947874154661,-0.0057448154720054,-0.0075598710113326,0.0057825535006579,0.0077598408216903,0.0072293294558048,0.0090112554789176,0.0089434517318188,0.0108070795258097
2021-03-03,0.0009011837191121,IV,-0.0085240581623013,-0.010046839551532,-0.006969750732888,-0.0083900606995097,-0.0054775973258998,-0.0071620517876508,0.0056964011320689,0.0077113519759228,0.0071571772566934,0.0088833363878142,0.0091142045873295,0.0107054729796161
2021-03-04,-0.0027371371721886,IV,-0.0091136012044506,-0.010284533281436,-0.0074840355298579,-0.0091177740210093,-0.0059820389728994,-0.0078285774235556,0.0059623966027922,0.0077567732167563,0.0073673641511225,0.0091527165902791,0.0096757184723663,0.011262675316571
2021-03-05,-0.0110975721262344,IV,-0.0111030241196773,-0.0135772468284482,-0.0096479747927003,-0.0110112467609233,-0.0078338104617815,-0.0101515580670046,0.0074220485901715,0.0097554548252016,0.0090779664120943,0.0113679614661886,0.0122568910110616,0.0128752114502168
2021-03-08,-0.0041637665709392,IV,-0.007231293617354,-0.0083412333960891,-0.005927995798621,-0.0069875492854697,-0.0047201783743859,-0.0061453346708555,0.0055501087135363,0.0070159951424673,0.0070205148580468,0.0089669564491774,0.0087109820420995,0.010831987937031
2021-03-09,0.0023669946022076,IV,-0.0098725176259753,-0.0115373510997314,-0.0082489340009054,-0.0099964808978303,-0.0067155348009755,-0.0085241982182668,0.0067359481444813,0.0089480682217007,0.0083540806707569,0.0103128037339871,0.0107275418986086,0.0119706725428208
2021-03-10,0.0008494033662654,IV,-0.0101010041273513,-0.0110641989717121,-0.0084167427796177,-0.0103215990972897,-0.0068799634372178,-0.0089271880187691,0.0066931694622466,0.0091328936985537,0.0083191622279657,0.0102030340696939,0.010595110089393,0.0118391954545621
2021-03-11,0.0052736724276592,IV,-0.0116518881187871,-0.0143318833522553,-0.0098859570528175,-0.0119036236481411,-0.0080866827959428,-0.0105782848564601,0.007282166887895,0.0097027416297694,0.0090671963797259,0.0109515871308281,0.0116823395259675,0.0123392178449436
2021-03-12,-0.0018078571360558,IV,-0.0085910247708844,-0.0094511776120944,-0.0073665426414336,-0.0089204421055123,-0.005929245456027,-0.0077026636218884,0.0062265931538719,0.0083138514223443,0.0076667453639594,0.0091745815805112,0.0101067411596371,0.0114710581735153
2021-03-15,-0.0018174257725248,IV,-0.0066901957908538,-0.0069830983033646,-0.0055196215113482,-0.0066692711902376,-0.0043610871878731,-0.0054550929781101,0.0055560713157261,0.0073031203647524,0.0067154599428849,0.0089139401189441,0.0085674301034266,0.0103014855674254
2021-03-16,-0.0017807985117342,IV,-0.0089967548469296,-0.0109616627254902,-0.0076530174125044,-0.0090945955700148,-0.0061896262317137,-0.0080133877243968,0.0064655891037998,0.0084946705669836,0.0080487142943642,0.0096173459011298,0.0103901866044887,0.0116921525521446
2021-03-17,0.0008235934771358,IV,-0.0087091629517048,-0.0105273508758926,-0.0073876253718967,-0.0085239591718462,-0.0059677193745339,-0.0077464426224099,0.0064004395048302,0.0089952907989033,0.0079219288173488,0.0105891035266634,0.0101068195337905,0.0107943763542982
2021-03-18,0.0018548015078327,IV,-0.0100187482576361,-0.0121288139797735,-0.008536524272967,-0.0100957992404229,-0.0069406866735396,-0.0090176292820604,0.0065144277068876,0.0086319865220727,0.0080408453055146,0.0097617996199323,0.0104365225463245,0.0115770378985793
2021-03-19,-0.0014411597220154,IV,-0.0090334110340763,-0.010191223095531,-0.0075762792246567,-0.0092068668644556,-0.0061081130675409,-0.0080705061643264,0.0059755546797027,0.0080194054888044,0.0073877444038345,0.0090653173409731,0.009522561186457,0.0109302692192369
2021-03-22,0.0019378469125626,IV,-0.0063263609587859,-0.0074399075241609,-0.0051016579060566,-0.0063308452791919,-0.0039667117868271,-0.0053023825799685,0.0047919793698056,0.0066470097282356,0.0060791476036281,0.0076913711140938,0.0076860367806222,0.0098672977377475
2021-03-23,-0.0050243340081898,IV,-0.0087714212113753,-0.010470275710984,-0.0071635632422844,-0.008749728763853,-0.0057446546704571,-0.0076455992036546,0.0056885670145279,0.0076411932237779,0.0070851578644829,0.0089214455856268,0.0090362520134485,0.0107929554881653
2021-03-24,-0.0035164769404972,IV,-0.009379689606214,-0.0112336425167058,-0.0077542660280027,-0.0094838606410825,-0.0062600208797247,-0.0082854768378723,0.0060802240252658,0.0079895894619224,0.0075725325991355,0.0094494631281989,0.0098162541451744,0.0113092316047526
2021-03-25,-0.0045749125099644,IV,-0.0092083770784751,-0.0105216065059384,-0.007603354660447,-0.0090418042045241,-0.0061443480703703,-0.0080790900467954,0.0060116425704988,0.008311840969123,0.0074853535714417,0.0092028586265379,0.0094536054731118,0.0110633867113198
2021-03-26,0.0017371186658548,IV,-0.0089894399533812,-0.0109646559025774,-0.0074188453504589,-0.0091612272847955,-0.0059597792901502,-0.0077843020316918,0.0059298025909929,0.0079005372969095,0.0074032838983063,0.0093434477124208,0.0094405241756649,0.0111722150856848
2021-03-29,-0.001586406444188,IV,-0.0060959453528054,-0.0061329218850672,-0.0047995651350428,-0.0054516614417445,-0.0036740971017687,-0.0049269985260994,0.0044792952607217,0.0063783971932998,0.0056331137892369,0.0074126064075659,0.0070684865183125,0.0098010598335999
2021-03-30,-0.0046464214305993,IV,-0.0089377204437933,-0.0103746585552721,-0.0071764001236606,-0.0087914149497375,-0.0057273893408008,-0.0075281659042492,0.0055686409231404,0.0074540413485817,0.007023263092379,0.0086751579765928,0.0090122175825211,0.010824500051055
2021-03-31,0.0015980468879846,IV,-0.0089332111132277,-0.0106974595354366,-0.0072905464099572,-0.0091048156250049,-0.0058488605503433,-0.0077313958280396,0.0056766860575708,0.0075409755722761,0.0071246387933629,0.0089561180753057,0.0089593842332684,0.0106981521663727
2021-04-01,0.0025006073172444,IV,-0.0083682676000597,-0.0103373947256972,-0.0068012884177939,-0.0084136157732692,-0.0054019225223366,-0.0070414988049537,0.0052946124684297,0.0073299468088464,0.0065604891689863,0.0081922347926977,0.0084285790582788,0.0101412576599674
2021-04-06,0.0067222590598848,IV,-0.0083967277949718,-0.0097903517792944,-0.0068466270685024,-0.0087219656009732,-0.0054124159116889,-0.0072318275027405,0.0052302942166918,0.0067016930637744,0.0064163389947908,0.0080970730941385,0.0082185705013593,0.0098302852405095
2021-04-07,0.0032244131172281,IV,-0.0089251568773268,-0.0104263609311707,-0.0073991354741197,-0.0091245886399024,-0.0059313366685692,-0.0078898760100319,0.0058726370368651,0.0079754100721149,0.0074293198064565,0.0092462069335711,0.0091869676807425,0.010816474347042
2021-04-08,0.0011978163351683,IV,-0.0089308497050314,-0.0103170696689749,-0.0073887231613401,-0.0091075247610069,-0.0059177825985125,-0.0078143174958745,0.0058702763794887,0.0079882132941279,0.0074407996093605,0.0092484531754384,0.00939823790025,0.0108016045453687
2021-04-09,-0.0006218448403441,IV,-0.0081730597161638,-0.0092253678173694,-0.0067510669819707,-0.0084226357838698,-0.0053245590184815,-0.0070292136845837,0.0053958783938898,0.0072311413110685,0.0067092540198455,0.0082931466486855,0.0084666703641628,0.0102274765129631
2021-04-12,0.0009137264392818,IV,-0.0060551139495196,-0.0066527337408966,-0.0047824918246771,-0.0053283950738254,-0.0036587811336263,-0.0047986580832327,0.0043912180581496,0.0059137775874034,0.0054979322340278,0.0071668622714698,0.0066467864285766,0.0093940425424637
2021-04-13,0.0026084491590663,IV,-0.0079884821037063,-0.0088981964626708,-0.0065045020253549,-0.0081141334295161,-0.0051010146515679,-0.0068763005416126,0.0051216659272451,0.0068664563747886,0.0065296933534271,0.0078631821729962,0.0080911667423944,0.009513983660097
2021-04-14,0.0030046912062625,IV,-0.008318533973852,-0.0097096708380523,-0.0068380258024453,-0.0083630057187235,-0.005394919967027,-0.0071843584803906,0.0052589058890368,0.0068505392756561,0.006808122242675,0.0084691831171274,0.008359491968922,0.0099171762807396
2021-04-15,-0.0009420454779278,IV,-0.0082235150078975,-0.01022186669318,-0.0067693615449635,-0.0083278784221254,-0.0053237050944081,-0.0070101293013725,0.0053145422978929,0.0071586353200348,0.0066406247135904,0.0082031191828575,0.0083396308388653,0.0099333702496042
2021-04-16,0.0012969100486336,IV,-0.0080916944487978,-0.0099484574683676,-0.006772074013542,-0.008036783022275,-0.0053555400495499,-0.0069207505393305,0.0054079265583611,0.0071057901905436,0.0066703234757597,0.0082290783597578,0.0086359357960557,0.0102686277793927
2021-04-19,0.0041301157884749,IV,-0.0056376424063198,-0.0061203758937981,-0.0044597374706181,-0.0051298160528712,-0.003349655770949,-0.0044626619503536,0.0042617308275124,0.0059236778847747,0.0052846911398364,0.0072262229663228,0.0070196747860912,0.0102150115016753
2021-04-20,0.0013168801402918,IV,-0.008798406510479,-0.009922553843508,-0.0073990935033616,-0.0086711776914704,-0.0058765900934656,-0.0077280162940767,0.0058178254383228,0.0080654302394278,0.0073069614887359,0.0090089505797875,0.0091976729707156,0.0102848410865204
2021-04-21,-0.0008908853060501,IV,-0.0086108668649891,-0.0096343545881544,-0.007158653911944,-0.0084295977719256,-0.0057156443809987,-0.007461635653037,0.0057408738585724,0.0076638716047809,0.0071862130359097,0.0086382966992328,0.0090781773270363,0.0105186334581371
2021-04-22,-0.0018361888135849,IV,-0.0102135804033791,-0.0116988365853277,-0.0086926771022314,-0.0101811598526468,-0.0069617785331538,-0.0092323090380676,0.0064095471256148,0.0085460810558246,0.0080274546777964,0.0094659057716993,0.0102892364800725,0.0107836174668906
2021-04-23,0.0047550812097657,IV,-0.0077851259089062,-0.008823763144792,-0.0066361736941293,-0.0073302904249523,-0.0051722405307626,-0.0068462780126555,0.0054790419313725,0.007130738484768,0.006738783252625,0.0084084141983567,0.0090692107156057,0.0107152645343669
2021-04-26,0.0011842112095216,IV,-0.0056471518808717,-0.0065857644738776,-0.0046438768771962,-0.0057282164028529,-0.0035054189688528,-0.0045434136783173,0.0043688205535087,0.0059173104776749,0.0054224000600114,0.0071155328946091,0.0070612420612731,0.0088326444596557
2021-04-27,-0.000349734650162,IV,-0.0073773247877166,-0.0081411745244064,-0.0061855152822672,-0.0077697759561995,-0.004803710139684,-0.0063458594326812,0.0050858751942118,0.0068751431747894,0.0062442734916301,0.0077904015653173,0.0077940046507118,0.0092997773214271
2021-04-28,0.0016007415635831,IV,-0.0074825504629893,-0.0083034686629348,-0.0062554002369473,-0.007308294892056,-0.0047714986356276,-0.0064488073779248,0.0050599229175186,0.0067664277279208,0.0062710003626985,0.0079027630316635,0.0080058894048822,0.0099293364456419
2021-04-29,0.0010182595665218,IV,-0.0086618516438296,-0.0108329857894524,-0.0073534264923083,-0.0090456621270445,-0.0057477226508933,-0.0076736144227577,0.0054819650655076,0.0074861458001934,0.006875927185448,0.0083325494340152,0.0088212663173284,0.0094769475814795
2021-04-30,-0.0066341795646439,IV,-0.0080442118149917,-0.0088530765868406,-0.0068226432733876,-0.0084149642077699,-0.0052363034759854,-0.0071823046043654,0.0052137746581963,0.0069489682612062,0.006442969602928,0.0080337090204975,0.008251358999272,0.0089073421428759
2021-05-03,0.0023641875169827,IV,-0.0057891552725714,-0.0058383184615634,-0.0047747260779543,-0.0051566079611876,-0.0036146731621125,-0.004820171523319,0.0044943452295018,0.0061439112919378,0.0054133492905346,0.0070028877615673,0.0070788631729309,0.0077430596713948
2021-05-04,-0.0036659407004542,IV,-0.0081195321540661,-0.0097528961532426,-0.0067963534730642,-0.0080839736392446,-0.0053876092861333,-0.0072835862683119,0.0053870503515078,0.007311999345914,0.0067044334043289,0.0082349028795994,0.0087441766614642,0.0095298784383174
2021-05-05,-0.0010305426666658,IV,-0.0080887654257676,-0.0095049465256416,-0.0068193272173361,-0.0082697921803894,-0.0052898823345957,-0.0069818496848907,0.0053137845541844,0.0070177368246408,0.006692554103278,0.0083917615184289,0.0086640618891902,0.0102803367428665
2021-05-06,0.003912499819655,IV,-0.0080159938550791,-0.0094728732528533,-0.0067344181702281,-0.0081633742166531,-0.0053118807534698,-0.0068525927970073,0.0053194348858689,0.0070276596375046,0.006574544302115,0.0079547375571784,0.0084259885307863,0.0094273737324335
2021-05-07,0.0095545120294618,IV,-0.0096669212403395,-0.0115487928129164,-0.008248641235904,-0.0100961874712205,-0.00662713511744,-0.0086945170699329,0.0061393466428359,0.0083255185701576,0.007592644012685,0.0091853736027833,0.0097927599082575,0.0109039590062066
2021-05-10,0.000406829815141,IV,-0.0063637227417462,-0.006975679476797,-0.0051372185680073,-0.005754151166022,-0.003980102327255,-0.0051076016333883,0.0047763768806509,0.0063162301146159,0.0059460440824656,0.0076582817883102,0.0075558063153254,0.0093942356995974
2021-05-11,-4.72495133900241e-05,IV,-0.0084870941937771,-0.0096746141865804,-0.0069287127496137,-0.0084191167463976,-0.0054809731455584,-0.0073503361628659,0.0055147672225007,0.0074278624990585,0.0070590104880378,0.0087351537708246,0.0085561569828944,0.0100816770431036
2021-05-12,-0.0078993750987828,IV,-0.0095489135711682,-0.0112860359568855,-0.0079792983396808,-0.0098768058126187,-0.0064329079568491,-0.008477708768046,0.0061484582948047,0.0083644353931521,0.0078295512640989,0.0095611846608837,0.0097709035768879,0.0111555353487872
2021-05-13,-0.0003313617340654,IV,-0.0090721811587292,-0.010271069201577,-0.0075200197053515,-0.0093174427563297,-0.0060270983215784,-0.0078106357879426,0.005908332545617,0.0080367452095458,0.007526937431409,0.0091714449291145,0.0093275889572145,0.0110301851682991
2021-05-14,0.0058283431577248,IV,-0.0088262257699049,-0.0107928775227005,-0.0073829987806566,-0.0086467766165571,-0.0059110246393865,-0.0077888701643917,0.0056587265504941,0.0076853513875463,0.0072122931838312,0.0092165766962406,0.0090325278014842,0.0106830793602236
2021-05-17,0.001218372882217,IV,-0.0059466110921379,-0.0061446971229131,-0.0046568875545448,-0.0055608509087667,-0.0034545734001085,-0.0045076635829441,0.004308355048977,0.0059839733305698,0.0054164091420595,0.0072315419245671,0.0066857958035177,0.0091340174133558
2021-05-18,0.0038880281849428,IV,-0.0077344200455042,-0.0089125428516956,-0.0061783788658905,-0.0073118876619274,-0.0048627813609022,-0.0064901672294852,0.0049724666305959,0.0067843728975779,0.0064251463742873,0.0079535393623035,0.0076734825407387,0.009624218034281
2021-05-19,0.0011323603344044,IV,-0.0087562659507098,-0.0102947213344291,-0.0070626639798187,-0.0085207842012495,-0.0056656636678415,-0.0074141434336384,0.005590733324818,0.0074697957749022,0.0070712255475219,0.0088451799651784,0.0086794532663821,0.0107701778427728
2021-05-20,0.0007160217321861,IV,-0.008709533200804,-0.0103230402288413,-0.0069788198053228,-0.0085147854304206,-0.0056302315314332,-0.0073618723522265,0.0056447326655152,0.0074396056916349,0.0071890032176697,0.0089205314162209,0.0086915190052196,0.0104438277109438
2021-05-21,-0.0038952053864742,IV,-0.0085250653704954,-0.0098427482477653,-0.0069228841028303,-0.0082232500749236,-0.0055315065266359,-0.0072524241171866,0.0054789297983887,0.007442355337811,0.0070119342838901,0.0087313522901626,0.0084467363951997,0.0105129755813645
2021-05-24,0.0026653779290965,IV,-0.0061040410146314,-0.0062499569928001,-0.0046772451986395,-0.0056343946609766,-0.0035664002949493,-0.0048258142370863,0.0043851115143686,0.0057870650754099,0.0055538236798598,0.0070352873296983,0.0066218678243744,0.0090364561930552
2021-05-25,0.0018860712519794,IV,-0.0081819477312557,-0.009799464899093,-0.0065475501072221,-0.0081863135521244,-0.0051614399222449,-0.0069278546926457,0.0051659828491,0.0070012684669542,0.0067042884916327,0.0081748066383325,0.0080099918491742,0.0096154866177473
2021-05-26,-0.002377606613508,IV,-0.0086299233117012,-0.0095833612914214,-0.006902166399117,-0.0087520478246775,-0.0055259759318045,-0.0074427841123756,0.0054339535764528,0.0073965826977212,0.0068395169843825,0.0085011910986303,0.0084028123689281,0.0104565345233637
2021-05-27,-0.0007849092890082,IV,-0.0082383774093488,-0.0094267238465003,-0.0066914463310042,-0.0082566778913829,-0.0053175542352838,-0.0070847964687057,0.0052207676549441,0.0072567285743866,0.0066062141479187,0.0082809682872656,0.008349928637412,0.0100018824966219
2021-05-28,-3.48535995091381e-05,IV,-0.0086251896899912,-0.0104372070744399,-0.0070777488864913,-0.008623835104789,-0.0056494518056996,-0.007620090454553,0.0054183470610452,0.0072850297775742,0.0067957332554126,0.008346443051442,0.0084922530237084,0.0110808313991311
2021-05-31,0.0029275643732737,IV,-0.0055339426473084,-0.0055151089155739,-0.004237923187348,-0.0051169717144415,-0.0031712199827663,-0.0042068900248882,0.0040776737464656,0.0057296288481264,0.0052354127341437,0.0066256636796477,0.0063132594484158,0.0094442208682141
2021-06-01,0.0008949826402729,IV,-0.007940635544944,-0.0090427344644899,-0.0064465610811592,-0.0076364613987998,-0.0050891513903034,-0.0067262240453545,0.0052241428470162,0.0071331939800704,0.0065349182097306,0.0082641937880783,0.0080992994689509,0.0098555675459585
2021-06-02,-0.002251242354004,IV,-0.0079681504836077,-0.0093745467650549,-0.0064639223928244,-0.0078875032647599,-0.0051493382073686,-0.0068048372065248,0.0052750490578708,0.0071250474692757,0.0066840129932211,0.0082713348379206,0.0082691372419311,0.0097281833937411
2021-06-03,-0.0075141435712172,IV,-0.0082105606209625,-0.0092597298081852,-0.0067374129356681,-0.0079420596216773,-0.0053531211358337,-0.0070139361046048,0.0054561710802231,0.0072132935553953,0.006870105793345,0.0086153001467792,0.0085032713568059,0.0106620917823821
2021-06-04,0.0042109311645392,IV,-0.0104912726349328,-0.0115611042875757,-0.0092213749411737,-0.0110528388015678,-0.0075491264797618,-0.0101627301629354,0.0068886833895677,0.0091050752810434,0.0085013178491577,0.0100125787230859,0.0114942458099525,0.0119138788509945
2021-06-07,0.0021295766745497,IV,-0.0058306254251635,-0.006091227092468,-0.0048274806628408,-0.0053291646274968,-0.0036628870044038,-0.0047987229192857,0.0046117052472299,0.0062426536515826,0.0056800605174266,0.007452518989179,0.0074595822161545,0.0102978193457648
2021-06-08,-0.0015752039946202,IV,-0.0072250776954246,-0.0073475434739133,-0.0060890711656591,-0.0073160895116659,-0.0047772823907856,-0.0060269681609147,0.0050268539084307,0.0067962193539995,0.0062169484186779,0.0076325896826705,0.0078576032014008,0.0096884086288223
2021-06-09,0.0003653073034359,IV,-0.0069018812131719,-0.0076308442882811,-0.0057974259281972,-0.0068934101257358,-0.0044994349576171,-0.0059691409174897,0.0048510073937562,0.0065247162733523,0.0059465058708182,0.0076967875388928,0.0075768727226237,0.0095353528570584
2021-06-10,-0.0008991421804578,IV,-0.0107959591172577,-0.0119481708934759,-0.0095148916635595,-0.0115354369388143,-0.0076732285567663,-0.0099993363769336,0.0065600544983385,0.0090202566869817,0.0079008863529245,0.009202031973545,0.0105674646808222,0.0111602790971168
2021-06-11,-0.0059902374574699,IV,-0.0070435935957763,-0.0089165711390753,-0.0061818995962823,-0.0075512320172439,-0.004821474358839,-0.0064532044109928,0.0049824836806275,0.0065570102510573,0.0060169846512719,0.0072314179605645,0.0080031380117489,0.0089710244969762
2021-06-14,0.0020577816457365,IV,-0.005251312636421,-0.0059028259037983,-0.0044400770110684,-0.0045487886778319,-0.003355478432299,-0.0045119108018504,0.0042176772603161,0.0057039518595972,0.0050448289750766,0.0064219961785344,0.0066271003234677,0.0080870638188822
2021-06-15,-0.000447521880874,IV,-0.0070272940100646,-0.006732976713502,-0.0059830688564022,-0.0078116427228408,-0.0047931864595736,-0.006329619932041,0.0048367210787095,0.006528652370944,0.0060262654621734,0.0074784280495264,0.0077135220578355,0.0095792751948338
2021-06-16,-0.0001444046302759,IV,-0.0070583173289527,-0.0079193088128828,-0.0060338866673681,-0.0071237815503331,-0.0047176231634723,-0.0062813763407868,0.0049802126614084,0.0064793537372523,0.0060269828304332,0.0070828628438723,0.0078377734650324,0.0094159616275889
2021-06-17,-0.0172340206095619,IV,-0.010765448402721,-0.0131405956433485,-0.0095095153082204,-0.0114623267799624,-0.0078035641271632,-0.0104642518687174,0.0067537109736632,0.0091789822331075,0.0083902592614454,0.0102297120931114,0.0108807059243323,0.0115675891850377
2021-06-18,-0.0032565477658647,IV,-0.0094205876636399,-0.0113967906865957,-0.0081543925635942,-0.0102765470784912,-0.0066280303217264,-0.0089507946445195,0.0063218195451747,0.0082598678961149,0.0076390748384915,0.0093591264801342,0.0099428629128207,0.0109787447830846
2021-06-21,0.0030802216460519,IV,-0.0065652712408567,-0.0081300454690823,-0.0054257403816311,-0.0061588657539904,-0.0042698141983413,-0.0055806566209236,0.0048976276117433,0.0065382900422606,0.0061157569987621,0.0075875855375179,0.0078511668185007,0.0101942910552971
2021-06-22,0.000104959769017,IV,-0.0085292739195533,-0.010589672425445,-0.0071586868333224,-0.0087881659618195,-0.0057739106393836,-0.0077511875484613,0.0055263899531126,0.0074580400028462,0.0068345570065566,0.0087052245287071,0.0087669947420073,0.0105962293167256
2021-06-23,0.0033529090627642,IV,-0.0089131717957257,-0.0110432724115743,-0.0075032763108445,-0.009303647681194,-0.0060559190528084,-0.0081233326277941,0.0056406897706426,0.0074706233512403,0.0069629083788572,0.008518230300364,0.0090675268884293,0.0102425972548643
2021-06-24,-0.0019433177366388,IV,-0.0084177897994668,-0.0105604559112111,-0.0070531764602195,-0.0088291494571158,-0.0056734408650791,-0.0077985321075565,0.0053588500835607,0.0072253704171833,0.0066194256130823,0.00840130170644,0.0085708402106266,0.0096193220703137
2021-06-25,0.0010810177702749,IV,-0.0081198935457203,-0.0098939427699475,-0.0068428906531245,-0.0085542113999301,-0.0054604609122589,-0.0073804375840406,0.0051438809753936,0.0069329092876389,0.0064213181676779,0.0079521623521466,0.008228528704585,0.0091021292662089
2021-06-28,-0.0002429176939789,IV,-0.0054644575889746,-0.0060309621994292,-0.0045325789876397,-0.0055295972401926,-0.0034044871532447,-0.0044985530064655,0.0040962064482889,0.0056869433810276,0.0050438606521813,0.0066496116597341,0.0064561747716072,0.0084750354549636
2021-06-29,-0.0025836014488702,IV,-0.0075487039195919,-0.0090793866680059,-0.0063558023695006,-0.007671576277743,-0.0049783099820423,-0.0068307147222892,0.0050453718705414,0.0068207922178819,0.0061673791818943,0.007726027044097,0.0079543276850893,0.0095085628675719
2021-06-30,-0.00484543779121,IV,-0.0081065323153866,-0.009721985318032,-0.0067654033616587,-0.0085934059986358,-0.0053805890933637,-0.0071044853052379,0.005332106377975,0.0071737946812119,0.006613066933781,0.0083816785639935,0.0086032212730029,0.010169018780041
2021-07-01,0.0006264706180302,IV,-0.008661133001055,-0.0112324185924674,-0.0072981442554984,-0.0089709793640594,-0.005835416250631,-0.0077946108099887,0.0056699305187015,0.0075632007325397,0.0069903609709056,0.0086372936013033,0.0092737202789994,0.0103695206373591
2021-07-02,-0.0007340858746013,IV,-0.0123783425501753,-0.0162502192950615,-0.0108339885069654,-0.0128961911273845,-0.0089539889578321,-0.0115097294285483,0.0074349719947919,0.0095705731519351,0.0091283572163908,0.0109542175195121,0.0120555060660851,0.0116610475197574
2021-07-05,0.0016066936358986,IV,-0.0056046168331765,-0.0054612880951422,-0.0043740955075215,-0.0052613231923382,-0.0032889382470612,-0.0044271501834999,0.0039722735566763,0.0053971432588376,0.0049660770707301,0.0063326260006991,0.0061073649209105,0.008523118330661
2021-07-06,-0.0041802462188562,IV,-0.0076019412081408,-0.0095010926430269,-0.006254580260454,-0.0076440974762151,-0.0048970236063341,-0.0066661391153964,0.0047591041568559,0.0065838805690733,0.0059391591354932,0.007596537818037,0.0075555924696845,0.009312715160796
2021-07-07,-0.0011621693015694,IV,-0.0080831969130431,-0.0101735548227309,-0.0067403046440221,-0.0084181287362642,-0.005339508433319,-0.0071949182867663,0.0052882542203337,0.0076287498372398,0.0065176114506865,0.008369888980041,0.0083783034814512,0.0104406607949098
2021-07-08,0.0031172371944716,IV,-0.0086065182316766,-0.0107323275351793,-0.0072089679508398,-0.0089215217793402,-0.0057789855508974,-0.0078347901730013,0.0055264772022491,0.0071987653204418,0.0067608673031936,0.0082104376784625,0.0088569642343087,0.0098093601033805
2021-07-09,0.0017215194125037,IV,-0.0079142818231439,-0.0096005054398441,-0.0066437415637847,-0.0081301544584206,-0.0053151787908811,-0.0069321844316965,0.0052664505088112,0.0071245517756139,0.0064493611585422,0.0079404907542829,0.0082989842130256,0.0092496480837185
2021-07-12,-0.0002002696268293,IV,-0.0057127503310429,-0.0057060049334399,-0.0046169888927413,-0.0058240997808433,-0.0034664716930663,-0.0047047647720723,0.0040074944414063,0.0055550917851408,0.0050360489372868,0.0067467274278574,0.0063132812653926,0.0076923753116832
2021-07-14,-0.0027255422827011,IV,-0.0087019381369005,-0.0117336000192487,-0.0074283718774656,-0.0095853883355456,-0.005906644388686,-0.0081030089275605,0.0054444238316646,0.0073062829566021,0.006627467123841,0.0083943507664289,0.0086816179212761,0.0094631803485905
2021-07-15,-0.0016799792366976,IV,-0.007722553093135,-0.0088762415114637,-0.0062114287434298,-0.0075452347156974,-0.0048616930073548,-0.0065037530097643,0.0048248609351012,0.0064335679403204,0.0059465685416579,0.0076999154206972,0.0074843824259161,0.0091026368005447
2021-07-16,0.0002858379995558,IV,-0.0074768006348447,-0.009050544846363,-0.0063634565588513,-0.0078917813480854,-0.0049904473282807,-0.0067997895292251,0.0050163115758503,0.0066661692159571,0.0061437297913518,0.0079470507200563,0.0079335742218228,0.0094826557480294
2021-07-19,-0.0003239559067179,IV,-0.0051505434048696,-0.0057448793003526,-0.0041566647797189,-0.0045635879866563,-0.003043897080468,-0.004127896876816,0.0038174296524452,0.0054221036200401,0.0048276590515941,0.0063670087199606,0.0059328830427545,0.0081370918010596
2021-07-20,-0.0025826931601834,IV,-0.0077693497824062,-0.0083634049903088,-0.0064955439346456,-0.0080636896194597,-0.0051308358679501,-0.0069139971167236,0.0051878679382922,0.0069111223683958,0.0064474307129244,0.0081292674188964,0.0081595697082748,0.0098666298908583
2021-07-21,0.0019810848991582,IV,-0.0078145936277816,-0.0096044994014832,-0.0066121791993612,-0.0081040836195628,-0.0052090736478932,-0.0069901866938861,0.005211060150366,0.0068508720442197,0.0064088948428549,0.0076486024365849,0.0080846026232274,0.0097402050005427
2021-07-22,-0.0026352377308822,IV,-0.0101861895419298,-0.0130515557109452,-0.0088442273724341,-0.0108413651924056,-0.0071509698065113,-0.0098027873135307,0.0062322540542891,0.0078734352357087,0.0074905565018507,0.0096585415325078,0.0099294121896613,0.0118473945478618
2021-07-23,-0.0005908042973281,IV,-0.0079186094310034,-0.0095754665232803,-0.0069657323251476,-0.0081918885247128,-0.0055078648587807,-0.0074545325015196,0.005412913845882,0.0067387396545183,0.0066587364950807,0.0083127045373341,0.0087804155700528,0.0093700714291358
2021-07-26,0.0042129977736835,IV,-0.005183736824082,-0.0064075009996638,-0.0043091407631014,-0.0042571590871067,-0.0031741983091793,-0.0042605776184559,0.0040206063217521,0.0055230463077905,0.0049816936657637,0.0061742317683643,0.0063277268689427,0.0086763970992756
2021-07-27,0.0017723788561799,IV,-0.0073674392531009,-0.0091169334087848,-0.0062427180906261,-0.0076080010834672,-0.0048727305043689,-0.00658567176483,0.0050281934384553,0.0064694658383873,0.0061455917470767,0.0076674202004227,0.0083408195927956,0.0103716868410703
2021-07-28,-0.001810483529723,IV,-0.0081022741348409,-0.0097298456523691,-0.0069083216804674,-0.008389778488798,-0.0055003947267281,-0.0074047004153574,0.0055048090874493,0.0074250175315597,0.0067101092587426,0.0083351581596653,0.0087867930112998,0.0092511356996559
2021-07-29,0.0064486129837111,IV,-0.0087972497063819,-0.0106012964088842,-0.0074283622835654,-0.0094148584900386,-0.0059353645372539,-0.0080885234218473,0.0055976538604688,0.0073281709721629,0.0067361372407894,0.0081264866302616,0.008900533740558,0.0098449126221713
2021-07-30,-0.0018463493539179,IV,-0.0080534099045703,-0.0097895076593792,-0.0065546536721312,-0.0081791660108403,-0.005178427997007,-0.0070246789286134,0.0051954328737259,0.0068276938746386,0.0062433572963894,0.0078762450535146,0.0079295165685887,0.0099197720403903
2021-08-02,0.0007583210294028,IV,-0.0059260212826845,-0.0068847449214467,-0.0047172467519306,-0.0058203489473206,-0.0035746653038826,-0.0050224462401184,0.0042383615426876,0.0055043933125421,0.0052534829837286,0.0067929760194497,0.0064112052364782,0.0091226979360677
2021-08-03,-0.0012114816214609,IV,-0.0073622845268509,-0.0081026366668754,-0.0059849474833009,-0.0074641911751491,-0.0045871799547831,-0.006455645083781,0.0048628991023176,0.0064136349679898,0.0058801180642323,0.0072577984839865,0.0074744969714679,0.0093815625534772
2021-08-04,-0.0013712706230718,IV,-0.0078146292779405,-0.0089102442675481,-0.006324717555831,-0.0078416766341807,-0.0049660718851281,-0.0066886540176479,0.0050251359701431,0.0066341556514039,0.0060720542366202,0.0079099341732209,0.0076985679330701,0.009445614492478
2021-08-05,-0.0004096361685773,IV,-0.007460816415787,-0.0088152038743401,-0.0062430038314611,-0.0074372777916011,-0.004847585638705,-0.0064927347870681,0.0049623006759817,0.0066477198487965,0.0061077633632867,0.0075870864723178,0.0077746428462077,0.0092239444082831
2021-08-06,-0.0065112025062413,IV,-0.0091170523195611,-0.0112400179742016,-0.0077291245326359,-0.0098663618078866,-0.0061638662152412,-0.008373716663674,0.0056628703111308,0.0074057970367969,0.0068042736353208,0.0083884679039132,0.0089448724994226,0.0101960486473193
2021-08-09,-0.0010485469653694,IV,-0.0052942277465205,-0.006724173261842,-0.0041128676018331,-0.0045718209398404,-0.0031058388330085,-0.0043363164440674,0.003919992794192,0.0051645987115934,0.004792318367008,0.0058889713253311,0.0059478369080309,0.008458607850627
2021-08-10,-0.0023648580495919,IV,-0.0076362527241655,-0.0092774761404055,-0.006143242976495,-0.0072702883357427,-0.0048065398475761,-0.0064323385723079,0.0048982867709974,0.0065937532773586,0.005924830448094,0.0074789759304955,0.0074843036043041,0.0091013335183238
2021-08-11,0.0013791150485456,IV,-0.0091376666230345,-0.0130775339595691,-0.0074933811274483,-0.0094065395303156,-0.0060325827368622,-0.0081660014474439,0.0054994868699297,0.0076304236858788,0.006704509344115,0.0081311649300376,0.0088423093741828,0.0107019513885593
2021-08-12,-0.0001342043124203,IV,-0.0070353842521366,-0.008392586058455,-0.0056042232216003,-0.0072281876281954,-0.0043995901910874,-0.0060219783008178,0.0044764511402035,0.0059224200559522,0.005377099837283,0.0068665658054108,0.0068816973613865,0.0091520645901914
2021-08-13,0.005167684644879,IV,-0.0066752482106935,-0.0073878771790862,-0.0052215235927197,-0.0065230853810802,-0.0039839976719048,-0.0056416841027156,0.0041197424417012,0.0054602186383981,0.0049507664343704,0.0061892565257786,0.0062066286812008,0.0083686385656995
2021-08-16,-0.0017563960223577,IV,-0.0052441817055474,-0.0053905158399916,-0.0040558584185378,-0.0050158767270913,-0.002899945305588,-0.0040907490650572,0.0037785877166808,0.0049009817929586,0.0047941107881693,0.0060228337211002,0.0053416392637241,0.0082713864754666
2021-08-17,-0.0053027145470674,IV,-0.0075160945075727,-0.0092864137206454,-0.0061303881101532,-0.0077147502968689,-0.0047787449792077,-0.0066078374184714,0.004870657243305,0.0063630855994732,0.0059976966529463,0.0074771947326155,0.0073176703287167,0.0089577775523935
2021-08-18,-0.0009801713628719,IV,-0.0079362293187885,-0.0099842714150349,-0.0064970071076331,-0.0081640534511834,-0.0051750866578856,-0.0070933878669247,0.0050959774250245,0.0068677507192276,0.0063443385305129,0.007681183455146,0.0078450124335666,0.0095616872390256
2021-08-19,-0.0007010165025951,IV,-0.0075352426173981,-0.0090235128885998,-0.006070256149317,-0.0073511174807948,-0.0048347420947328,-0.0065775639682431,0.0048651932173871,0.0063805863867239,0.0060162633147165,0.0072306769724321,0.0073340417186265,0.0091289290590742
2021-08-20,-0.0002523152071785,IV,-0.0077625571991682,-0.0102131998997245,-0.0064592325316755,-0.0075673483691399,-0.0051610330773495,-0.0069461513104093,0.0051181416016415,0.0067781471417716,0.0063189016562079,0.0079279314201184,0.0077571126586643,0.0099182209377859
2021-08-23,0.0035181086338447,IV,-0.0051826615769868,-0.005515155578348,-0.0041995505545258,-0.0047893489168025,-0.0031770049433054,-0.004271544104014,0.0039539959621273,0.0053510316609316,0.0050436622904839,0.0063282009172176,0.0058771047402938,0.0083071348233202
2021-08-24,0.0012777975918594,IV,-0.0075137125484063,-0.0087675838074287,-0.006134918754223,-0.0075642272287463,-0.0048117703195916,-0.0064993957785383,0.0049930383226746,0.0064962986623332,0.0062782535652221,0.0077173806089888,0.0075584858653782,0.0093725049714933
2021-08-25,0.0008467058756226,IV,-0.0074575539663894,-0.0088918764410547,-0.006005223994887,-0.0074518126254306,-0.0047907152100371,-0.0064066806673341,0.0049617416919711,0.0064311050408002,0.0061374405540701,0.0073124131794838,0.0074322945028121,0.00936179247946
2021-08-26,0.0004847248006126,IV,-0.0072870598711616,-0.0088315195259923,-0.0058425824762608,-0.0072660467221948,-0.0045692479276671,-0.0062234369458099,0.0048043390634787,0.0063470620107011,0.0058877110265174,0.0076084626812867,0.0072025361068033,0.0092505788667213
2021-08-27,0.0026808728569534,IV,-0.0083327101550905,-0.0110202764841096,-0.0069086461799937,-0.0088229975730711,-0.0055330935519868,-0.0075862823909334,0.0053720767369471,0.007046967769908,0.0066143178515697,0.0080873161216704,0.0081176960849415,0.0095303993662443
2021-08-30,9.1146399197356e-05,IV,-0.0054613014350752,-0.0055286160340529,-0.0043204897499303,-0.005171395754007,-0.0032703730869615,-0.0043197158869101,0.0040766256067646,0.0054817893073258,0.0052301370371877,0.0063252705273767,0.0061123940227454,0.0080403480284369
2021-08-31,0.0004259462799928,IV,-0.0075142293876393,-0.0090078218605225,-0.0063132832481134,-0.0077997473089909,-0.0049594329856629,-0.00681385558965,0.0050555725634108,0.0064489293485807,0.0062059010321469,0.0077607948564357,0.0075459692114094,0.0092844017563323
2021-09-01,0.0042516234883048,IV,-0.0076255328251204,-0.0089573518871638,-0.0063278257376378,-0.0076953690894508,-0.0049760413486468,-0.0066037628880168,0.0050341639699601,0.0066335664633693,0.0061773563700351,0.0078007084149531,0.007695502241688,0.00997346378274
2021-09-02,0.0006200582715973,IV,-0.0076784604250615,-0.009163889288026,-0.0063538918844919,-0.0078716474856472,-0.0049920187912694,-0.0066707783355965,0.0050478162960588,0.0067847572600584,0.0063289757628871,0.0078311977173065,0.007718861988913,0.0095280643693668
2021-09-03,0.002190323021517,IV,-0.0093392483714163,-0.0125034347124304,-0.0080524535048251,-0.0100552093731014,-0.0065184991293897,-0.0088350676382567,0.005906133043913,0.0078131810483956,0.007096363958342,0.0088214349795332,0.0091521932940066,0.0101388194416213
2021-09-06,-0.0014863692594897,IV,-0.0053348589192153,-0.0060715378339483,-0.0043177512257938,-0.0051670895746482,-0.0032297333451664,-0.0041842037140997,0.0040459998883028,0.0054477698901538,0.0051182282267587,0.0063456462347366,0.0061093088189941,0.0082498981342827
2021-09-07,-0.0014295023845199,IV,-0.0069145421864087,-0.0084028283339467,-0.0058079388280186,-0.0072405876646825,-0.0045065730853142,-0.0062147032882093,0.004634463302206,0.0061488427945911,0.0056628934155066,0.0073004819261045,0.0070679595392812,0.0087471755432457
2021-09-08,-0.0025901112847307,IV,-0.0068298700410357,-0.0081726753350477,-0.0056646002660869,-0.0069825158910777,-0.0044047976774731,-0.0059976253359082,0.0046891186699691,0.0061874178611013,0.0058087722766647,0.0068792653431704,0.0070867103376562,0.0091554281842089
2021-09-09,0.0007654782392234,IV,-0.0098600381440729,-0.0135239295525862,-0.0085292460833195,-0.0105378124863737,-0.0069184313561911,-0.009001482921361,0.0061277001360092,0.0079721024032416,0.0074169638946361,0.0090868779323284,0.0094825925941903,0.0100565991739845
2021-09-10,-0.0004735969778313,IV,-0.0075312565263129,-0.0093785590334652,-0.0063836776340102,-0.0075640826808711,-0.00502920084359,-0.0067433642415084,0.0050120004924038,0.0069646428284861,0.0060673936429726,0.0072219385517912,0.007577637999334,0.0088360196165686
2021-09-13,-0.001070648055875,IV,-0.0051015233443473,-0.005278311694826,-0.003959101551905,-0.0050645771304176,-0.002964868313256,-0.0039796495954666,0.0037358186940308,0.0050547690191814,0.0047120545281537,0.0058488201644542,0.0055328804654243,0.0079040526838212
2021-09-14,0.0011806102036311,IV,-0.0082772878142353,-0.0112596946326098,-0.0069931929695715,-0.008739595279116,-0.0055399888589232,-0.0076681860279308,0.0050850828904468,0.006436609532248,0.0062510601427688,0.0077650923823744,0.0077850194101909,0.0092203160295825
2021-09-15,-0.0009837450164866,IV,-0.0068513301101001,-0.0074641711714366,-0.0055626599374765,-0.006821812277894,-0.0043269614692603,-0.005851563317438,0.0043703888776749,0.0058057271515138,0.0053443296027194,0.0065397177301156,0.0066140395764557,0.0086217945877232
2021-09-16,-0.0040700683874298,IV,-0.0067958399041237,-0.0073958996192395,-0.0054760238231942,-0.006673177885671,-0.0042757851779329,-0.0059275262684032,0.004293361744293,0.0056336508861698,0.0052801708839557,0.0064813628666395,0.0064356490125523,0.0082439255126127
2021-09-17,-0.0025365169706142,IV,-0.0067645982387338,-0.00825989805494,-0.0059096509966557,-0.0071452189056328,-0.0046068595072408,-0.0060556263833741,0.0047773227845185,0.0063251425005949,0.0057505825220339,0.0069575580012138,0.0074622684869152,0.0095044131264194
2021-09-20,-0.0003878537882477,IV,-0.0047868048107134,-0.0030620547674737,-0.0041154220595155,-0.004157848292619,-0.0030395542240977,-0.004275889379531,0.0040349842808732,0.0054098107967259,0.0050459144947663,0.0062572432567849,0.0060205855782456,0.0082832824533966
2021-09-21,-0.000381607381805,IV,-0.0070680907954161,-0.0081965985403521,-0.0060105769884966,-0.0078077786718106,-0.0048020132794932,-0.0063896643364954,0.0051215760037563,0.0066478277225683,0.0063934121473309,0.0077268044180867,0.0080946848445144,0.0095021580574849
2021-09-23,0.0008291176340615,IV,-0.0062155205596977,-0.0077443128690634,-0.005289997372729,-0.0059534614014595,-0.0041005031873074,-0.0056330006554581,0.0046250484830467,0.0060668057289387,0.0057727590261626,0.0071360535837708,0.0071512940921098,0.009276666025398
2021-09-24,-0.0017421551469585,IV,-0.0066296953401594,-0.0090392713969547,-0.005545324043757,-0.0068418558614172,-0.0042477726209501,-0.0058863894204305,0.0043003767708162,0.0056897203221804,0.0052612155734462,0.0062238066829909,0.0067722765474073,0.008571605814845
2021-09-27,-0.0010591434314259,IV,-0.0053147792996806,-0.0060236115020938,-0.0043960675150792,-0.0056540491496454,-0.0032736322453644,-0.0045656426256085,0.0037915933615812,0.0048852987905104,0.0045436539027142,0.0055371994283838,0.0058361713288054,0.0083585304316781
2021-09-28,-0.0018690475012327,IV,-0.0065724475330915,-0.0077811847719149,-0.005372018903055,-0.0065571267000259,-0.0041660138997051,-0.0056073913352957,0.0042534606895626,0.0056185729168082,0.0051617405312846,0.0063363404081346,0.0066229497056158,0.0083357062203425
2021-09-29,-0.0058477815688332,IV,-0.0071473599360152,-0.0090843608836461,-0.0059758400723363,-0.0073668808782988,-0.0046739375736628,-0.0062411982433278,0.0045541544099715,0.0059817606903064,0.0056038325116299,0.0068033840667312,0.0069985151069101,0.0080717443297668
2021-09-30,-0.0028957372286412,IV,-0.0083941257949068,-0.010534439120868,-0.0069975647237836,-0.0089277840673517,-0.0057039143368165,-0.0076328883614407,0.0054209076471681,0.0070867318552883,0.006603222404204,0.008184118187107,0.0083546705534068,0.0098641209556717
2021-10-01,0.0016698996978698,IV,-0.0081364236389076,-0.010412734103118,-0.0070014886204197,-0.0085473022753925,-0.0055862115823768,-0.0075693562343459,0.0051990704397505,0.0069339719120278,0.0064951106253529,0.008009183075711,0.0082040474745873,0.0097170872500781
2021-10-04,0.002024300907907,IV,-0.0052146046725155,-0.0053485522381359,-0.0043321447699845,-0.0051853275003828,-0.0032667798161754,-0.0044733275600117,0.0040658790704418,0.0051825925394625,0.0048491000984779,0.0063738368751101,0.0059545189694363,0.0081429202631943
2021-10-05,-0.0010331735703415,IV,-0.0071092281299688,-0.0085536949087987,-0.0058416426377646,-0.0075077655922647,-0.0046781694023338,-0.0062871792587737,0.0046927102792542,0.0061573600417668,0.005866774315501,0.0072268476124969,0.0071576319315835,0.0087392443300596
2021-10-06,-0.0055521805471593,IV,-0.0070859283469244,-0.0086346280838243,-0.0057563767764067,-0.0069569846031106,-0.0045426904916112,-0.0061288908217605,0.0045687295873208,0.0060218658666382,0.0056524064933744,0.0070859087717963,0.006889172071309,0.0089987922774695
2021-10-07,0.0013698528522587,IV,-0.0077087363448919,-0.008920326984518,-0.0063855165195393,-0.0077792279982994,-0.0051894492712384,-0.0070368410088793,0.0051069909794647,0.006795124309212,0.0062770556030653,0.0076955908303411,0.00779824970883,0.0098670848181284
2021-10-08,0.0010310204015669,IV,-0.0091357087834909,-0.0131566007598269,-0.0078375472360043,-0.0096000989542215,-0.0064120943101658,-0.0085716784641498,0.0055078385656244,0.0072262066251449,0.0067539774846985,0.0082492702193034,0.0087146571378716,0.0097990421923553
2021-10-11,2.16033113563385e-05,IV,-0.0051019423327987,-0.0053177862230195,-0.0039228010258113,-0.0046572855709982,-0.0030502255417874,-0.0043298586702554,0.0038455079620263,0.0050150869857987,0.0046889231883809,0.0059140237130166,0.0055670265934066,0.0079082440248113
2021-10-12,-0.0027841883974275,IV,-0.0072215805059898,-0.0088617441509141,-0.0058777624375585,-0.007298607663929,-0.0047142159293626,-0.0062245091289373,0.0047307127809427,0.0061163913649119,0.0057827256985877,0.0072780938150647,0.0071529282364078,0.0088482222725964
2021-10-13,0.0023930962189317,IV,-0.0080754434881451,-0.0104120714881603,-0.0067077111211678,-0.0086141908049381,-0.0054023796397773,-0.0071992157496002,0.0050752503359115,0.006684478265472,0.0062967445562437,0.0075999232197317,0.0077804324027318,0.0096985968977424
2021-10-14,0.0019647177667113,IV,-0.0071887752835158,-0.00858287430828,-0.0058206902614627,-0.0068997434595064,-0.0046242225609588,-0.0063561954087399,0.004557735625445,0.0061402684956517,0.0056860272530144,0.0069350622517533,0.0068934954449282,0.0089205873186778
2021-10-15,0.0002372320636728,IV,-0.0070433118428563,-0.008036752157939,-0.0056262868341701,-0.0069517947224739,-0.004532747867737,-0.00604596011973,0.0043886005153057,0.0059059759951878,0.0055242206646708,0.0066797808181364,0.0066985379465887,0.0085741052270581
2021-10-18,0.0013274605219701,IV,-0.0052906888837429,-0.0056296756537202,-0.0040439972681916,-0.0049084896763034,-0.0031434850930053,-0.0041350585736891,0.0036753215146538,0.0050614141463581,0.0046696280894579,0.0059468042969114,0.0055659336753036,0.0079652937271663
2021-10-19,0.0019921911002462,IV,-0.0070095430990339,-0.0085601573864882,-0.005640017655779,-0.0071000528080771,-0.0045284100461246,-0.00621942044542,0.0044184322803278,0.0059009378919559,0.0055035808718568,0.0068527721488363,0.0066308011761033,0.0084626498461693
2021-10-20,0.0009452243248302,IV,-0.0070923339277798,-0.0084893830283359,-0.0058570890021886,-0.0076096898266827,-0.0046950984279754,-0.0063597028648556,0.0045874482824337,0.0063467755751877,0.0056549691994447,0.0072059180084313,0.0069462307202858,0.0087916671204826
2021-10-21,-0.000107366870552,IV,-0.0068780498528526,-0.0077002625926609,-0.0055495176625284,-0.006940969242271,-0.0044331288262472,-0.0060188987915753,0.0042840548101366,0.0058711134010329,0.0054305847914702,0.006733928711187,0.00663178282974,0.0081395352097588
2021-10-22,-0.0008292604804129,IV,-0.0067447421770634,-0.0082319578943951,-0.0054599523739683,-0.0071250373536853,-0.0043712099253002,-0.0060526918391716,0.0043758700881074,0.0057476482932152,0.0052632290758296,0.0066972422542552,0.0066939344465475,0.0085185664880125
2021-10-25,-0.0019038835282434,IV,-0.004847313241615,-0.0056450428272747,-0.0039078609542224,-0.0046466249837299,-0.0029147647445774,-0.0039198093907847,0.0035501602775498,0.0047612764851174,0.0044135212503507,0.0054996207254468,0.0052739431087581,0.0078885122473872
2021-10-26,-0.001696108302349,IV,-0.006762449766622,-0.0075290769841605,-0.0055826880991728,-0.0067447281742577,-0.0044779613462562,-0.0059367984015291,0.0045194703450576,0.0058165144202854,0.0054585076692742,0.0069943410302605,0.0068987926277553,0.0084688344000066
2021-10-27,0.0008451810095917,IV,-0.006710585580588,-0.0079105534673581,-0.0055042105483379,-0.0066971846392155,-0.0043933153166156,-0.0059099866229209,0.0044180407964403,0.005838022180282,0.005331389063673,0.0066496666620599,0.0067401284968719,0.0082690863203574
2021-10-28,0.0072238140643846,IV,-0.009065969797931,-0.0121041500986017,-0.0077752234333511,-0.0100025520578805,-0.0063778712087346,-0.008521039791335,0.005416579363006,0.0069401361085686,0.0065545757325043,0.0076996864566888,0.0086301143195565,0.0099609008021288
2021-10-29,-0.0115564435905779,IV,-0.0076452783646689,-0.0107443712422686,-0.0066693898477726,-0.0084137711030705,-0.0054448209013395,-0.0072039313074162,0.0052607751479715,0.0065175668170168,0.0063874395141034,0.0078919884527899,0.008148904116041,0.0089665128549401
2021-11-01,0.003578037799951,IV,-0.0053291299769888,-0.0058848337637317,-0.0046253341738321,-0.0054297638899459,-0.0035925157097047,-0.0049449873419384,0.0044352927887486,0.0059378252666487,0.0054474776520825,0.0067045614364291,0.0068493986525069,0.0089185612050569
2021-11-02,-0.0009148973536495,IV,-0.0065666803557109,-0.0084223707746594,-0.0055642236186029,-0.0071735465412217,-0.0043705327443793,-0.0059614552270512,0.0047282973067403,0.0061385276270646,0.0058916827045302,0.0071098481941669,0.007384789121506,0.0090439458952983
2021-11-03,0.0002978650865868,IV,-0.0071486790539733,-0.0084786954100393,-0.0061799763837063,-0.0079148366797458,-0.0049221413226065,-0.0065823099242371,0.0050399179210831,0.0065722631460999,0.0060673863581846,0.0075940476450507,0.0078047258119589,0.0089128350624004
2021-11-04,-0.0033420337942074,IV,-0.0080167570309557,-0.0099091487506819,-0.0068154576878164,-0.008863440153703,-0.0054369328374077,-0.0073667348914452,0.0051158087296663,0.0066560793483396,0.0061826848707191,0.0074482034400986,0.0078982651596435,0.0091063171555839
2021-11-05,0.0005866366084437,IV,-0.0088551268921965,-0.0111631998346814,-0.00761088938918,-0.0100829724413924,-0.0061701432336638,-0.0084688122722204,0.0054914616562909,0.007019511039634,0.0066409220436308,0.0078258555870274,0.0082026416738484,0.0088649671220811
2021-11-08,0.0031675134083693,IV,-0.0053577376135153,-0.0067572372083308,-0.0044084817678857,-0.0052868656029148,-0.0033450940729977,-0.0046201872752167,0.0037540897286825,0.0050638335472573,0.0047890420461977,0.0058977953833834,0.0057664296009784,0.0074823156583071
2021-11-09,-0.0003538486470923,IV,-0.0072276145153242,-0.0089651465631837,-0.0059744057518684,-0.0075063590383392,-0.0047418068455315,-0.006432431951422,0.0045957099536481,0.0060698640081838,0.0055417165354374,0.006619950286225,0.007033839085002,0.0078848188907747
2021-11-10,-0.0057285911293119,IV,-0.0086703589522907,-0.0112410868205691,-0.0074302540379013,-0.0095546925958529,-0.0059996995235897,-0.0082498634001756,0.0054283110881247,0.0070912449426895,0.0066660887419877,0.0080316514113883,0.0083491129025146,0.0087788759306494
2021-11-11,-0.0041845797321117,IV,-0.0080300255262412,-0.0100276121086738,-0.0066846266858467,-0.0083155042615801,-0.0054266527199934,-0.0071513995685498,0.0053014502606748,0.0071115592587428,0.0065387345617632,0.0079014347212415,0.008213755465927,0.009115481979597
2021-11-12,-0.0023041987615398,IV,-0.0080856820507436,-0.0105581070895883,-0.006792422307738,-0.0088340247482185,-0.0054785502500666,-0.0073543256845222,0.0052284308795224,0.0068791084350048,0.0065359166634517,0.0078244458511346,0.0081607921746816,0.0095769915081264
2021-11-15,-0.0020949651977397,IV,-0.0057427701151982,-0.0065994536103537,-0.004524617767668,-0.0054760457957777,-0.0035330245479775,-0.0045768980822503,0.0042140807140926,0.0055605333260001,0.0053571972125326,0.0065569838911092,0.0064487152838329,0.0084578094926012
2021-11-16,-0.0061505548986117,IV,-0.0085042434952311,-0.0107579263995184,-0.0070772768278693,-0.00898425570022,-0.0057341408130561,-0.0076691659658476,0.0055853463555189,0.0072380301323359,0.0069002038352876,0.0083596849208809,0.0085233981138937,0.0099070985655659
2021-11-17,-0.0037426200951201,IV,-0.0108486807777453,-0.0130029878076003,-0.0087335641859518,-0.0110086323131133,-0.0072478263480133,-0.0095404602563566,0.0069009330607316,0.0090721253649056,0.0086708503870385,0.0103788946354619,0.0105500450876841,0.0119852298250282
2021-11-18,0.0035421625666629,IV,-0.0100195760253847,-0.012286919790696,-0.0081941962294649,-0.010354037924628,-0.0067970580340324,-0.0090360229874394,0.0065198650113741,0.008688446984178,0.0082646513516498,0.00999573239615,0.0100380504121447,0.0114980371189323
2021-11-19,-0.0026648328631661,IV,-0.009925852547491,-0.0122968744137316,-0.0082192831379362,-0.0103045319809649,-0.0068064673171185,-0.0090146222247149,0.0064767508346754,0.0085674921608144,0.0080380939106016,0.0096145432930915,0.0099532690282968,0.01137556115698
2021-11-22,-0.0063086798735858,IV,-0.0074909192143381,-0.008936940187425,-0.0058743456600951,-0.0066611977191488,-0.0047700227441786,-0.0061138303227548,0.0055039016465576,0.0073939143803155,0.0072070219361192,0.0087781562356715,0.0083877036137433,0.0109679500903711
2021-11-23,0.0015703628943332,IV,-0.0100638564269383,-0.0119665522657314,-0.0080410333234019,-0.0099820852112812,-0.0066501728032811,-0.0087563375110636,0.0064440943907388,0.0085574314809185,0.0082479338603584,0.0099607092674542,0.0097010595826164,0.0116165518020215
2021-11-24,-0.0060595857343999,IV,-0.0099757812239113,-0.0115566003771983,-0.0077797775216285,-0.0100594380945044,-0.0064084303187442,-0.008351436030982,0.0061497037581033,0.008382462310147,0.0080017567870817,0.00958573928857,0.0092923838607765,0.0109187731965613
2021-11-25,0.0012028150442996,IV,-0.0097719421006668,-0.0111666437988548,-0.0076173816658439,-0.0095542178625899,-0.0063906349259258,-0.0082622160100559,0.0061048901813282,0.008048488511309,0.0077638256057331,0.0095602768381118,0.009154878882228,0.0112818884495216
2021-11-26,0.0095243994309627,IV,-0.0080788241692352,-0.0096217754119514,-0.0063933396913017,-0.0079450105937395,-0.0053221946661634,-0.0069498234700208,0.0052535665538281,0.0069975057462896,0.0065948669549934,0.0078650015665201,0.0077453170558095,0.0094999693744522
2021-11-29,-0.0044679008140178,IV,-0.0081990322425937,-0.0094909220108597,-0.0066015760595348,-0.0080404318078778,-0.0054434017774715,-0.0067225429729086,0.0061388440049061,0.0080485605155303,0.0079208449475267,0.0095395800779201,0.0098255008411948,0.0116741925823754
2021-11-30,-0.0006126254297968,IV,-0.0092423285238099,-0.0109539686626551,-0.0074635564748695,-0.0092075037596566,-0.0061652363969635,-0.0081176016809461,0.0062157908285882,0.0083156774067233,0.0078729552463794,0.0095313576975367,0.0094180869495362,0.0111195801167904
2021-12-01,0.0066411313335294,IV,-0.0112477777952829,-0.0138934383963641,-0.0092176183745303,-0.0117351515663904,-0.007729845335721,-0.010066273992219,0.0073558742744806,0.009721978277828,0.009175273129304,0.0110396082998892,0.0109186239377857,0.0126281075233488
2021-12-02,-0.0014854990023307,IV,-0.010539665020505,-0.0126668469650287,-0.0085589541039865,-0.0106847100098237,-0.0071674077067858,-0.0093305617776957,0.006882836480053,0.0091003677437537,0.0087159686940004,0.010377167298517,0.0103317140112885,0.0120293298175644
2021-12-03,-0.0034252671030552,IV,-0.0113916380677143,-0.0140098057971255,-0.0093851970715025,-0.0120937248923841,-0.0078648008577571,-0.0104649136984056,0.007105581228264,0.0091002049596854,0.0088240238825064,0.010486104049059,0.0102148058365605,0.011677904774814
2021-12-06,-0.0006385554673786,IV,-0.0070222150756185,-0.0084408137780858,-0.0056103744824336,-0.0065214866830581,-0.0046072154597903,-0.0058212322547479,0.0052654025026955,0.0072927337225273,0.0066710823274289,0.0087894630438298,0.0082369904635599,0.0103990466666177
2021-12-07,-0.0023248569094131,IV,-0.0092851214086401,-0.0111263806877529,-0.0074930582545773,-0.0093941425862634,-0.0062321595249106,-0.0081306190132174,0.0060929870774012,0.0080439546881809,0.00774285890542,0.0093560008932079,0.0091144830891784,0.0107293499656287
2021-12-08,0.0077131537468864,IV,-0.0094151127807927,-0.0113813588169418,-0.0076682933183413,-0.0095941284565371,-0.0063658706875034,-0.0083228902501231,0.0061634053648,0.0081145912578564,0.0078112255747182,0.009256672134431,0.0094354539938323,0.0111157414089216
2021-12-09,-0.0043154019580458,IV,-0.0094767498500595,-0.0116071561947814,-0.0078056316498768,-0.0097454577270597,-0.0064674513295727,-0.0084430809893862,0.0063450280230018,0.0083478894617009,0.0079923560622666,0.009563956930342,0.0094805178169067,0.0111828459046453
2021-12-10,0.0015629465382029,IV,-0.0106392592475079,-0.0146683859822087,-0.0093327547034387,-0.0114484042656015,-0.0076812211214359,-0.0104403758120847,0.007479544772568,0.0099826506750867,0.009148342885003,0.011767227180666,0.0114023023396111,0.0130479154965156
2021-12-13,-0.0023142955108558,IV,-0.0065749978677167,-0.0075432211474725,-0.0053836769994339,-0.0063020185722711,-0.0043097481153817,-0.0054143819592982,0.0055727359701193,0.0074391407036286,0.007053321852483,0.0086716828492339,0.0096871990832831,0.0107545032669457
2021-12-14,-0.0002417041707952,IV,-0.00861740021317,-0.0116369869099067,-0.0074284157659151,-0.0091274222052912,-0.0060720507150592,-0.0077144188000568,0.0065793717846235,0.0088758872750975,0.0079499887165491,0.0099964780448774,0.0101736915373868,0.0114991799721525
2021-12-15,-0.0018335310366248,IV,-0.0090379643097943,-0.0122741549859425,-0.0078885487056726,-0.0094648111364758,-0.0065079879862914,-0.0083824950616794,0.0067862909140511,0.0093470641906404,0.0085169554916455,0.0102388123470711,0.0106001536275849,0.0122448021359479
2021-12-16,0.004853958849737,IV,-0.0136170241062026,-0.018467651841018,-0.0119977659948054,-0.0153029135870977,-0.0098574332125616,-0.0134603204957975,0.0083608802129085,0.0109779670775365,0.009839638191644,0.011488837462919,0.0106745230168156,0.013673170396529
2021-12-17,-0.0029139820803769,IV,-0.0089861395384978,-0.0116641238966043,-0.0077594368635052,-0.0097815529159548,-0.0062563694621358,-0.0084424256220284,0.0059033427098144,0.0075106796795747,0.0071863990394018,0.0085278127747529,0.0082526387370278,0.0104084145518834
2021-12-20,0.0013229728260431,IV,-0.0062357956318142,-0.0074232757195874,-0.0050742091993642,-0.0060532113018742,-0.0040988081809053,-0.0053747205921653,0.0046168442274961,0.0063615446143101,0.0057708214870732,0.007081550151393,0.0073276919174706,0.0084006984760292
2021-12-21,-0.0022037086189938,IV,-0.0090852654977777,-0.0111097122461248,-0.007590792080565,-0.009511333014679,-0.0061786016624779,-0.0078005245814335,0.0059336403560482,0.0075805300743955,0.0072188159526396,0.0086393585825013,0.0083194263704619,0.0099652045438162
2021-12-22,0.0051116355927968,IV,-0.0085415410165352,-0.0099571917558925,-0.0068806287557913,-0.0086367136343293,-0.0056379264723989,-0.007527630301009,0.0054112239710081,0.0070529456640933,0.0066476860719718,0.007852821352746,0.0075643056473561,0.0093970778614168
2021-12-23,-0.001157734857821,IV,-0.0083371218614395,-0.009950526250954,-0.0068361077307161,-0.0086648192571131,-0.0056019536839504,-0.0074199888211072,0.0053980856373056,0.0068956902292204,0.006607289128654,0.0078067751609486,0.007636988682178,0.0093615645945781
2021-12-24,-0.0001061190922506,IV,-0.0074804864835731,-0.0085690179826596,-0.0060596241392498,-0.0078275587505399,-0.0049139292567413,-0.0065486202974935,0.0048259098625142,0.0062866353793668,0.0059855358230782,0.0072092261510482,0.0068277654242835,0.008228801991768
2021-12-27,0.0009900071965359,IV,-0.0057934820123792,-0.0062555849019555,-0.004460958120968,-0.0055047723626721,-0.003576464497169,-0.0046103194273665,0.0041395076162503,0.0054857969571771,0.0052720940283266,0.0062813117832838,0.0061566052443216,0.0085831899459135
2021-12-28,-0.0020341118611162,IV,-0.007201161816562,-0.0087762849462519,-0.0055961382983676,-0.0069635031534388,-0.0045236071221182,-0.0060991326060035,0.0047163401430101,0.0061385116907526,0.0059352705671381,0.007353847120288,0.0067835752966594,0.0087319443073287
2021-12-29,0.0047692105959405,IV,-0.0080189359402454,-0.0090474798642519,-0.0063003960362331,-0.0078988407265536,-0.0052151050482073,-0.006975369065722,0.0049665197262486,0.006489025010496,0.0062912535403737,0.0076626772908806,0.0072070888040278,0.0090839910215405
2021-12-30,-0.0016820824747169,IV,-0.0078340158255501,-0.0095574545662234,-0.0064138759753009,-0.007962865895218,-0.0052566207446578,-0.0069298370325504,0.005162514340099,0.0067764130163289,0.0063601381375465,0.0076316876213717,0.0074449543839174,0.0094468355059454
2021-12-31,0.003629584182282,IV,-0.0084299943210281,-0.0103488821031333,-0.0070013379936152,-0.0085544878677084,-0.0056874079199018,-0.0075427397737804,0.0053956695246505,0.0072014956712601,0.006635172143579,0.0079693399056717,0.0078143806039492,0.0094620084165837
2022-01-03,-0.0070576095749802,IV,-0.0052222785967941,-0.0049885694579578,-0.004190603924536,-0.0049160195967754,-0.0033327071095526,-0.0044251748096836,0.0040882861259355,0.0056714033863868,0.0051399848683318,0.006387379949793,0.0066489840856903,0.0086113966851524
2022-01-04,0.0015176490418896,IV,-0.008264041889833,-0.0100060248182597,-0.0067049118064507,-0.0081450969773673,-0.0054727693525985,-0.007301394461439,0.0053904677627192,0.0071146511944228,0.0066303610922185,0.0077186611540275,0.0080313877515812,0.0095185944636648
2022-01-05,0.0024618291119001,IV,-0.0086460133031905,-0.0110601178626098,-0.0071504816390597,-0.0092265241332041,-0.0058118617374347,-0.0078172329132662,0.0055601426829347,0.0071187270107505,0.0068525014066528,0.0081903278623166,0.0080969785997925,0.0099834807252404
2022-01-06,-0.0036518604187708,IV,-0.0083875187468522,-0.0106327085858479,-0.0070062146171739,-0.0091893676541551,-0.0056679204146814,-0.0075564336871287,0.0054776258640099,0.0070887238809476,0.0067403047300605,0.0081721909627178,0.0081487716275946,0.0092788062913941
2022-01-07,0.0045886327667513,IV,-0.0100475197741799,-0.0133678000467311,-0.0085731423937601,-0.0105899517785488,-0.0069998103675344,-0.0094842037154418,0.0063210951831409,0.0082302100075305,0.0075431884546163,0.0089569103658246,0.0088626508647306,0.0106340695564566
2022-01-10,-0.0025567026965345,IV,-0.0057724358327587,-0.0061032636752899,-0.0047031224861887,-0.0056380611788627,-0.0037811047143879,-0.0048999727684595,0.0043169808806784,0.0057460849669362,0.0054075491752279,0.0066052971759435,0.0064195333067012,0.0086177323496401
2022-01-11,0.0019264065907762,IV,-0.0080401237946388,-0.0098153503315485,-0.0064694368404223,-0.0080943439556852,-0.005282504250639,-0.0069463411407734,0.0052525149314194,0.006879675153158,0.0065527623793862,0.0079262956257097,0.0077531929624772,0.0094835074188193
2022-01-12,0.007073501337571,IV,-0.0087645680386964,-0.0114123009940451,-0.0072465644080804,-0.009177763020475,-0.0059186488659697,-0.0081072884504598,0.005505884679756,0.0071950661676456,0.0068109413076523,0.008090551621993,0.0080217330650635,0.0097908230794538
2022-01-13,0.0034809930075877,IV,-0.0086928372817777,-0.0106169748007063,-0.0072034443753945,-0.0091859594072059,-0.0058481639623579,-0.0077975469403789,0.005585813403532,0.007412920747304,0.0068223206637563,0.0079966969642496,0.0078109395958997,0.0091946228572302
2022-01-14,-0.002404590189022,IV,-0.0084851522375352,-0.0103914719707132,-0.0070341153729102,-0.0089187923348752,-0.0057676469592602,-0.0077039302283157,0.0054166102363936,0.0068827147603096,0.0065816198578993,0.0078534915035435,0.0080219319398185,0.0093397284162192
2022-01-17,-0.0025572549733249,IV,-0.0060405126348287,-0.0068830242795301,-0.0047553759869324,-0.0056937874075911,-0.0038115943784834,-0.005080396413241,0.0043355401616364,0.0057491394767681,0.0054987549568945,0.0066867849758035,0.0066636064399238,0.0082093000594032
2022-01-18,-0.0053281409021607,IV,-0.0082391878661121,-0.0096772787978771,-0.0067066080158931,-0.0083377485297157,-0.0054186296494235,-0.0072751503453668,0.0053605710489841,0.0069784469507557,0.0066309391756355,0.0079016166393213,0.0076780604626318,0.0091714092985536
2022-01-19,0.0001454497374553,IV,-0.0089111167926651,-0.0111999638456882,-0.0073241056436681,-0.0092868643741117,-0.0060134497682633,-0.0080789671866997,0.0057925722502688,0.0073190314900083,0.0071398514102733,0.0085062543038342,0.0082922532812404,0.0100044930396346
2022-01-20,0.000282024053233,IV,-0.0081326931512192,-0.0101556256829206,-0.006574435748426,-0.008285157484813,-0.0053917094358996,-0.0073354930438306,0.0052955137304129,0.0069602194612638,0.0065472605065931,0.0076593231256106,0.0075604129589117,0.0092684139667868
2022-01-21,-0.0001762557122429,IV,-0.0081289526284999,-0.0103393127258319,-0.0067992424149309,-0.0085360821904169,-0.0055026733486672,-0.0073685221376005,0.005499008752941,0.0071287539324372,0.0067880841831335,0.0080841777202169,0.0081379432841455,0.0094452708413877
2022-01-24,-0.003284031713219,IV,-0.005838493070624,-0.0058421199843505,-0.0045524257377928,-0.005699489464757,-0.0036530956723567,-0.0050203482743076,0.0044556428612749,0.0055904259037111,0.0057189975340606,0.0070324454407656,0.0069505998181836,0.0086062954776035
2022-01-25,-0.0030775181873898,IV,-0.0084554676358689,-0.0107453662695552,-0.0070624991118085,-0.008866512584652,-0.0057765753004551,-0.0075580192906546,0.0058242805726564,0.0075953225168123,0.0072164983662162,0.008909438864879,0.0086139373918683,0.010420357255702
2022-01-26,0.0005630743118654,IV,-0.0084892219019218,-0.0106963926030974,-0.0071051194457144,-0.0088969875238787,-0.0057730978423403,-0.0077728292898288,0.0058041536334101,0.0075211916231449,0.0071293762850321,0.0086739122188656,0.0085795957967853,0.0103622614463237
2022-01-27,-0.0116988035037596,IV,-0.0091735886258561,-0.0113454313996221,-0.0076585221212553,-0.0094604157537488,-0.0062523585040333,-0.0085150264100436,0.0058994057576345,0.0075931004254368,0.0071792641875958,0.0082647568223411,0.0084289965927173,0.0096839018957286
2022-01-28,0.0013623797140826,IV,-0.009670762121052,-0.012764920610567,-0.008116433910185,-0.0101858369734345,-0.0066284750231986,-0.0088089834369232,0.0064008776222935,0.0082889110497311,0.007826142470499,0.0092287913563347,0.0093469946092543,0.0106301675935079
2022-01-31,0.0041384794087881,IV,-0.0064848981174342,-0.0077125013429644,-0.0052860954915963,-0.0065906303420378,-0.0043139196554219,-0.0053859728592339,0.0050380252771646,0.0066380220468794,0.0064338976538584,0.0077571391169894,0.0081416893603791,0.009802928143394
2022-02-01,0.0032549314634323,IV,-0.0092003289607711,-0.0116115357493764,-0.0075018157346837,-0.0095057198804616,-0.0061307359527045,-0.0081176975275543,0.0061010828479836,0.0082427303302295,0.0075272639808696,0.0091820584109222,0.0095565266943333,0.0108455852711518
2022-02-02,0.0043825089438755,IV,-0.0092850088283399,-0.0120120080076775,-0.0076205524978276,-0.0095958074557392,-0.0062201112933182,-0.0083610357216114,0.0061855137299552,0.0082528348431854,0.0076654315798414,0.0090119594911363,0.0093747113842522,0.0109459157260403
2022-02-03,0.0106409039449857,IV,-0.0120155222505023,-0.0159930999767841,-0.0103271746434808,-0.0128552476581014,-0.0085163049574517,-0.0115198107600978,0.0075903252273767,0.0094690054651133,0.0092298728464978,0.0108554238787733,0.0110057979059204,0.0115350641169264
2022-02-04,0.0021347619843063,IV,-0.0120237233289151,-0.0164065448171721,-0.0102194736475266,-0.0130031117054895,-0.0084444266441345,-0.0114239811930965,0.0078233798345827,0.010119417649245,0.0095602755963929,0.0109874680478,0.0118186654756005,0.0121638786767052
2022-02-07,0.0001136095503157,IV,-0.0073078378969547,-0.0076678447102847,-0.0057350161947237,-0.0072085231821746,-0.0047103391391053,-0.0060111567934734,0.0054618383172335,0.0074669175783284,0.0068908080973606,0.0085278356082532,0.0086476851067516,0.0111290917335031
2022-02-08,-0.0021936332220591,IV,-0.0097529273347521,-0.0119424264960772,-0.0079135152858289,-0.0100677514317573,-0.0065458077822369,-0.0086586766826717,0.0063928379999329,0.0084402323277351,0.0079795653444508,0.0096996441718163,0.0097266782481921,0.0112884706781054
2022-02-09,0.0008819684004165,IV,-0.0090195599149215,-0.0111448188434296,-0.0072380212807305,-0.0089666319700253,-0.0059632312816086,-0.0078623039429677,0.005927341582756,0.0078226951142074,0.0074189803927358,0.0090358760638226,0.0088776432264136,0.0107194088915176
2022-02-10,0.0033805949541528,IV,-0.0115828488784756,-0.0151909969958384,-0.0096244843186705,-0.0123280378107605,-0.0079628198078879,-0.0107418313585969,0.0071724352371598,0.0090478806598383,0.0087387859350379,0.0105869908459868,0.0104190886372614,0.0114442149672517
2022-02-11,-0.0056626159482875,IV,-0.0109610400980435,-0.0137005935635437,-0.0090154794296674,-0.0114344680465683,-0.0075028667092013,-0.0099936937004618,0.0070654597730089,0.0094219997358112,0.0088407936822317,0.0106033658335778,0.0105410550749283,0.0116132448491864
2022-02-14,-0.0084682639799427,IV,-0.0098832010935507,-0.011163464671741,-0.0077178157231901,-0.0095633934426321,-0.006459584671867,-0.0082646933281254,0.0067859251218759,0.0090055017324761,0.0085651057096501,0.0106192905122825,0.0106025415987775,0.0125005774172649
2022-02-15,0.0043201567550369,IV,-0.0113716890171593,-0.0143402176824586,-0.0092832892858195,-0.01170897664724,-0.0077791694567482,-0.0100820696943377,0.0074461933443562,0.0099142919482676,0.0093558700012043,0.011204762598927,0.0111706670846173,0.0125333787681243
2022-02-16,0.0008978715766665,IV,-0.0101702299029766,-0.0120888389979117,-0.0082094868315938,-0.0103627741723547,-0.006791327797259,-0.0090169715297538,0.0065181417146605,0.0086460737226964,0.008181007866583,0.0099396174910625,0.0095921621744292,0.0113806573686532
2022-02-17,0.0003694776332125,IV,-0.010036621343831,-0.01257053673601,-0.0081312262022144,-0.010346101739017,-0.0067336094393934,-0.0088653397081894,0.0064838101720299,0.0086262199252544,0.0081348046388227,0.0096757601033636,0.009510030312173,0.0114254483319727
2022-02-18,-0.0024878099200073,IV,-0.0105073993817406,-0.0120859879380698,-0.0084386257485081,-0.0107483938438037,-0.0070249192746592,-0.0092994578309233,0.0068130292387221,0.0088978788243198,0.0086044061001841,0.0105275650587712,0.0099798052387857,0.0118280367756054
2022-02-21,-0.0004541976984555,IV,-0.0083877376466753,-0.0083030779480318,-0.0063135231836699,-0.007563878972705,-0.0052088232592818,-0.0066620711598242,0.0058102443412594,0.0077961644845498,0.0073917814998507,0.0090598163024449,0.0089550529341989,0.0117088902570025
2022-02-22,-6.61625083769879e-05,IV,-0.0112595642890471,-0.0136046218545638,-0.0090028420126749,-0.0112469128221916,-0.00754075089459,-0.0100233047735665,0.007252623809708,0.0097090334409825,0.0091751329907661,0.0110462109971317,0.0105977749699049,0.0127742507013066
2022-02-23,-0.0009664714617184,IV,-0.0108190949414039,-0.013360162288804,-0.0086857668348943,-0.010920304805495,-0.0072648576775742,-0.0095905616479596,0.006976662886162,0.0093334532823935,0.0087504069687457,0.0105593954574159,0.0102922531213311,0.0123196706116557
2022-02-24,-0.0191388389632072,IV,-0.010466514494341,-0.0123409031928094,-0.0084227965693905,-0.0104154050242761,-0.0070164014235028,-0.0092383958650157,0.0067220847771869,0.008958055484817,0.0085147426090424,0.010203708534934,0.0100854318791432,0.0118850540035551
2022-02-25,0.0120938416605312,IV,-0.0124863265858782,-0.0158717833910554,-0.0102292516627336,-0.012981938594823,-0.0085556774829117,-0.0114111216566537,0.0081249470196656,0.0106635443405671,0.010108554895892,0.0120738530926561,0.0122325118844316,0.013482763903707
2022-02-28,-0.0011990395773696,IV,-0.0080875618734134,-0.0087056467928822,-0.0061738551155508,-0.0076091597721273,-0.0051468287807888,-0.0065035497742305,0.0058102545981605,0.0078528068766451,0.0074671716993017,0.0094902783466221,0.0094062680376175,0.0119723396288083
2022-03-01,-0.008144244732307,IV,-0.0149673229124531,-0.0192218278776417,-0.0124030763049131,-0.0156923983273031,-0.0104924755733962,-0.0138293712321991,0.0098680323955857,0.0129344115953145,0.0122449748242247,0.0147189645185056,0.0149038514225279,0.0154840820536454
2022-03-02,-0.0064681720364039,IV,-0.0184897288055588,-0.0228464708129086,-0.0149841617147179,-0.0188007564927992,-0.0127254540697718,-0.016396210366909,0.0119975003874137,0.0155463993191233,0.0148925592316126,0.0172100224580105,0.0184276167400356,0.0185118293979195
2022-03-03,-0.0006077647211348,IV,-0.0150755733361084,-0.0194552067854565,-0.0122546178395634,-0.0155352011847295,-0.0104412351325034,-0.0135623678648205,0.0100017962226305,0.0133741240871879,0.0125427566350148,0.0149509870027265,0.0152926601479402,0.0165358382183858
2022-03-04,-0.0129842116940443,IV,-0.0155734640373552,-0.020319307235977,-0.0130810322875798,-0.0165685992653556,-0.0110592684237587,-0.0144298589654744,0.0106795037801625,0.0138905571010854,0.0133985875877294,0.0160022156397956,0.0168259806541147,0.0173989833988592
2022-03-07,-0.0039159554480036,IV,-0.0129924850906853,-0.0150794373226059,-0.0108533803591098,-0.0124048180747628,-0.0095415636533951,-0.0114162354565621,0.0106364242499416,0.0142342684050076,0.0134800133051194,0.0171339200917688,0.0183278077929113,0.0202093345003127
2022-03-08,-6.20629019201929e-05,IV,-0.0201487327478626,-0.0250149747721884,-0.0164486674289964,-0.0205378852206489,-0.0142980397037743,-0.0181206879567119,0.0139548165383061,0.0185162943725538,0.0175574354952181,0.0212679226571366,0.0223013259862228,0.0220803743826765
2022-03-09,0.0153449979172934,IV,-0.0164818995863892,-0.0197882802710445,-0.0131297875188668,-0.0164608099866045,-0.0113471969559798,-0.0145440264587857,0.0112690500972466,0.0148840735648405,0.0142809509160912,0.017507736259345,0.0177292773574897,0.0183947318007708
2022-03-10,-0.0022798721725409,IV,-0.0208320520323383,-0.0285506363118864,-0.0176721721346771,-0.0222551495978298,-0.0150853847298775,-0.0199229312693183,0.0136372944280514,0.017729453900527,0.0169048954622933,0.0191745621971897,0.0202247403416873,0.0181484335359494
2022-03-11,-0.0048466665790182,IV,-0.0168441022836969,-0.0197418293631032,-0.0144665389599431,-0.0179729278130777,-0.0123794684523781,-0.0159760095592868,0.01213449387415,0.0158408191521475,0.015279912653312,0.0178718786220326,0.0190673270860403,0.0193166705077583
2022-03-14,0.0012394878674818,IV,-0.0126850877902837,-0.0132048304376811,-0.0096771921015454,-0.0111066251285272,-0.0085154002057009,-0.0101093566447026,0.0100023156299903,0.0135696498931203,0.0129477181460749,0.0158307967550378,0.0172408712804902,0.0187744352846062
2022-03-15,-0.0005625917634171,IV,-0.016454500291581,-0.019866718308139,-0.0130590755113206,-0.0166959432028533,-0.0112772597090559,-0.0142296899452459,0.0114567233717439,0.0149932207356075,0.014733751337307,0.0175233829787751,0.0179910244852471,0.0189344339222874
2022-03-16,0.0017391387909038,IV,-0.0157674146966326,-0.0186066712928193,-0.0126653731858737,-0.0158961364158363,-0.0109213704986487,-0.0137076302358071,0.0109370649465197,0.0145106208259078,0.0141200677652233,0.0164118597381741,0.0168111776384859,0.018208648974921
2022-03-17,0.0106553656681405,IV,-0.0153126706034702,-0.0187582270475396,-0.0125812622141633,-0.0161206562672126,-0.0106759926732153,-0.013982516127744,0.010104332367592,0.0130450560179235,0.0127725149947679,0.0149054970007828,0.0153895297130317,0.0156739854280245
2022-03-18,-0.0055578451955587,IV,-0.0126790736835018,-0.0156874830469238,-0.0103880724593428,-0.0132618230865465,-0.0087469233541493,-0.0114988173671516,0.0084352598562463,0.0111409648472728,0.0106440584816232,0.0125180703934559,0.0127479013342991,0.0142816247088867
2022-03-21,-0.0002783652509512,IV,-0.0096029083890619,-0.0101981800420392,-0.0075165141448377,-0.0093485353788185,-0.0063664509916083,-0.0079810913235173,0.0072218757106693,0.0097222440438231,0.0093634327367442,0.011747046683113,0.011465097237149,0.0141546097775106
2022-03-22,-0.0020981516326518,IV,-0.0115787332244312,-0.0137456698849943,-0.0092333430343117,-0.011717945545916,-0.0077959238155155,-0.0101989019559433,0.0076703348402144,0.0101925943906876,0.0099063767363052,0.0119359996526046,0.0114527178890785,0.0136255022862944
2022-03-23,-0.0018502947019582,IV,-0.0123339996176524,-0.0146658022676394,-0.0097084257638804,-0.0123082959361788,-0.0082011902965579,-0.0107576505441214,0.0080699204995448,0.0107037259623065,0.01013193782986,0.0121557011775144,0.0120500971239513,0.0139179197169522
2022-03-24,0.0004180345620965,IV,-0.0116620302639248,-0.0140563035465526,-0.0090493927871908,-0.0115599334441612,-0.0076472725036039,-0.0097644344059196,0.0074820085208066,0.0099670721540143,0.0095959497331933,0.0116083274974994,0.0111548267774738,0.0132405989936787
2022-03-25,-0.0021397240621641,IV,-0.0117092325806755,-0.013946228152611,-0.0091733743725298,-0.0116363930091924,-0.007690419807535,-0.0100903192767802,0.0075885197512376,0.0099280929329643,0.0095135897400932,0.0114629469950097,0.0112951470089166,0.0130482017163927
2022-03-28,-0.0005851848223872,IV,-0.0085014614717456,-0.0094817051233772,-0.0064918006047793,-0.007609530456092,-0.0054038292246143,-0.0068802606470633,0.0062002239802743,0.0082361719996582,0.0082584541075747,0.0099690953641054,0.0099205677215824,0.0130667789604606
2022-03-29,0.0118214615590262,IV,-0.0124740980255944,-0.0154463180015906,-0.0099458401483007,-0.012567828926147,-0.0084022626293749,-0.0109530756621161,0.0081945214121538,0.0107794028894078,0.0102709452097669,0.0122699825970037,0.0121491999092988,0.0137626005757425
2022-03-30,0.0050472273362947,IV,-0.0128057813816361,-0.0166211139316836,-0.0105407270019473,-0.0134718919529189,-0.0088835118835835,-0.0115712053984936,0.0084391663010595,0.011033414124144,0.0105868442312053,0.0125313687835116,0.0124376155778856,0.013804132154191
2022-03-31,-0.006299502315708,IV,-0.0123907895945183,-0.0153034349011614,-0.0100110788171264,-0.0127773857117279,-0.0084302677038255,-0.0112245244499207,0.0081425203929031,0.0106609444672824,0.0102395549485269,0.0121094574660458,0.0120799081338964,0.0134767903930854
2022-04-01,-0.0043908260866469,IV,-0.0135674186904567,-0.0180764100238595,-0.0113451647319252,-0.0146024859925823,-0.0095440555938591,-0.0126518957397886,0.0088334409490976,0.0113998072256465,0.0110454459809071,0.0128207619542804,0.0132790575544492,0.0140222694740678
2022-04-04,-0.0046694175020975,IV,-0.0084727650650195,-0.0090329701995832,-0.0065023232783985,-0.0082907219379096,-0.0054253869277331,-0.0067879194708068,0.0062296444684219,0.0084347636063173,0.0081892139466976,0.0101349965947106,0.0096317351079621,0.0118379870151177
2022-04-05,-0.0065735745409985,IV,-0.0113141074963761,-0.0135446947555073,-0.0087923030002734,-0.0110674611284107,-0.0074451859134803,-0.0095433524182672,0.0075647814030244,0.0099636800343184,0.0097217135817939,0.0115716288550481,0.0113133156948616,0.0134944875036102
2022-04-06,-0.0009344360969154,IV,-0.0132583432211058,-0.0157479212287221,-0.0104926782431359,-0.0133983367919881,-0.0089607916110115,-0.0114773425810118,0.0089528629733971,0.0117395235546121,0.0114976704056982,0.0136714257783619,0.0135564133036804,0.0151133986028657
2022-04-07,-0.001102749534297,IV,-0.013341516501844,-0.0157664407354466,-0.0105280220071338,-0.0135192514171048,-0.0089817488494721,-0.01148246175823,0.0089690318893405,0.0119080932508642,0.0116030435022182,0.0135928211980166,0.0134813349015852,0.0152795466627805
2022-04-08,-0.0022804241410867,IV,-0.0113482257944471,-0.0135542515088199,-0.0090192164706484,-0.0112886756993585,-0.0076528390427071,-0.0097167100719717,0.0081483592124683,0.01070099220447,0.0103898667332156,0.0123950059191423,0.0123290232515572,0.0142591034842334
2022-04-11,0.0001862113918476,IV,-0.0104918854462672,-0.0112285205996256,-0.0082431857011019,-0.0102520933836819,-0.0069575744408117,-0.008661118262229,0.007535578825648,0.0100014698156516,0.0096781939529018,0.0118472126015938,0.0118445818788583,0.0144941959543099
2022-04-12,-0.0021170360209124,IV,-0.012170936022209,-0.0142998938902489,-0.0093995998428517,-0.0120926399254293,-0.0079766858954981,-0.0102775622436795,0.0078216548138825,0.0103816330098811,0.0100654328329859,0.0120608637787807,0.0114350257736326,0.0135201095166474
2022-04-13,0.0017675737753714,IV,-0.0118374146951377,-0.0137895044749817,-0.008830897524979,-0.0109429846519497,-0.0074956154780271,-0.0096469421872545,0.0074309346565246,0.0100654721993654,0.0096853984012014,0.0117605296778031,0.010747014245708,0.0127212326532678
2022-04-19,-0.007612638875053,IV,-0.0149636919493984,-0.0192843125680147,-0.011625010068307,-0.0154501380473327,-0.0098653867861321,-0.0132102584906757,0.0087715184386263,0.0115024090579329,0.0110814032687831,0.0128725777503786,0.0124131498376312,0.0125797497117825
2022-04-20,0.0060454550545964,IV,-0.0111627995199456,-0.0134538090336418,-0.0089214274034256,-0.0107451367685262,-0.0075606923134959,-0.0097553570350049,0.0080442540242473,0.0108926342391656,0.0102631229038621,0.012162493930144,0.0130136023374617,0.0154106423933865
2022-04-21,-0.0011868015252081,IV,-0.0110623575549027,-0.0130511516304516,-0.0093069444018861,-0.0115652475385582,-0.0078813492370722,-0.010044043783037,0.0081799132832176,0.0109071263883858,0.0103791188839153,0.012482198086675,0.0126324009200071,0.0139449043820736
2022-04-22,-0.0048910930008128,IV,-0.0126047992046264,-0.0157250373935339,-0.0104708303874932,-0.0132037945535694,-0.0088386635109486,-0.0114786197571238,0.0088462029164104,0.0116235931115554,0.0110736986045948,0.0131861107464197,0.0140095035360418,0.0148746947707522
2022-04-25,-0.0080169235197201,IV,-0.0130329799659247,-0.0163368262347952,-0.010972193060558,-0.0136889434375122,-0.0092929555080214,-0.0119996746503555,0.0093702857659055,0.012421347124595,0.0116677959407784,0.0142515807198581,0.0146630557836677,0.0155833957736258
2022-04-26,-0.0041100885961193,IV,-0.0131597470275499,-0.0163915993665414,-0.0104404026775242,-0.013395552653642,-0.0088436027512536,-0.0115802901731353,0.0085203358929007,0.011184138950983,0.0108455902334093,0.0127222990979602,0.0125998502169966,0.0141490011994036
2022-04-27,-0.0107100174149537,IV,-0.0140676791733841,-0.0175438316932194,-0.0110375359080975,-0.0140782918028428,-0.009394409343396,-0.0121151980235056,0.0090790583377009,0.011947703128455,0.011596639872099,0.0137487745436029,0.0131945890819514,0.0149580863860217
2022-04-29,-0.0043191890635153,IV,-0.0148691839901452,-0.0175765092870984,-0.0117926000519441,-0.0150391863329728,-0.010080887334798,-0.0129854503824268,0.0098251678463973,0.0130480655031055,0.0126477256295056,0.0150887187366271,0.0147285283516668,0.0157703622633228
2022-05-02,-0.0017567770990387,IV,-0.0090196167949993,-0.0113831047148523,-0.0073728726740868,-0.0081308091820967,-0.0063221250073987,-0.007431808701357,0.0079549640444359,0.0109982994254899,0.0104496172835952,0.0126698616530399,0.012708041342746,0.0144439650630681
2022-05-03,0.0009903471655349,IV,-0.0139741501654343,-0.0158731042025651,-0.0112381322288082,-0.0137612175491857,-0.0096006192524064,-0.0121691166421372,0.0100861532655947,0.0127521738488304,0.0130405116121694,0.0154244440942489,0.0155539938994297,0.0172356856500199
2022-05-04,0.0008399573396915,IV,-0.0131289603356537,-0.0151998463730006,-0.010612599766715,-0.013222471798741,-0.0090811118717688,-0.0113404541075247,0.0095434047481692,0.0127256196499866,0.012409744889829,0.0150318372977562,0.0147201536030803,0.0166718958090042
2022-05-05,-0.0032617465349081,IV,-0.0134699884152079,-0.0167763221195115,-0.0107874769609079,-0.0132218927679648,-0.0091823797136632,-0.0118537495529377,0.0090541772830124,0.0119305392457592,0.0115283640122228,0.0136870973495451,0.013559955721515,0.0152268934152574
2022-05-06,0.0061298365804029,IV,-0.0167211525112549,-0.0207438307866009,-0.0135393930567616,-0.01715026179554,-0.011610878086343,-0.0149381012364695,0.0109686608905563,0.0144806257609657,0.0139614705553247,0.0161795126595668,0.016369291053842,0.0169348132612795
2022-05-09,-0.001329998279151,IV,-0.0102459386151337,-0.0105012244328181,-0.0078117767357617,-0.0094981214007748,-0.0067657422201062,-0.0079619079743987,0.0080430124227178,0.0105521402841682,0.0107393346473848,0.0135527527978345,0.0127720003085037,0.0157210279756392
2022-05-10,-0.0024207776563096,IV,-0.0146301497681829,-0.0168363732163454,-0.0112896150602802,-0.0143840089502253,-0.0096824915084701,-0.0128728325454448,0.0098783375701102,0.0130770559973336,0.0128913179552118,0.015223288715263,0.0146855990587684,0.0159664181796639
2022-05-11,0.0005577013357326,IV,-0.014273243937678,-0.0162255390327022,-0.011054581361412,-0.0139661113957931,-0.0094546877576207,-0.0122244279603358,0.0092604066019349,0.0121422870177613,0.0116815284922131,0.0138017222334063,0.0136906126601589,0.0156084907553087
2022-05-12,-0.0155223514260876,IV,-0.012931918951755,-0.0160835166585356,-0.0099516293414549,-0.012431874579662,-0.0085216345238406,-0.0109897797922284,0.0083626451006287,0.011053681716853,0.0108104097074325,0.0128027196081142,0.0123461001907916,0.0145261829789717
2022-05-13,0.0034975079251388,IV,-0.0167719377985338,-0.0198182268618116,-0.0131960466990878,-0.0167403405331396,-0.0114020773742092,-0.0148429167845354,0.0109833283529504,0.0145182533873365,0.0140092826048001,0.0164254799192582,0.0164319109768114,0.0177892372878271
2022-05-16,0.0007920944590691,IV,-0.0103691391534092,-0.0104748475497935,-0.0076836899756028,-0.0094121944315171,-0.0065635887686709,-0.0080679775396482,0.0076741498882743,0.0105416678267163,0.0101011764901874,0.0122677478023669,0.0121573169416506,0.0154523346372177
2022-05-17,0.0107961071904153,IV,-0.0133966067691656,-0.0152030334621384,-0.0098150430059172,-0.0130606720523932,-0.0084143827643316,-0.0110318681780178,0.0085639137834964,0.0114046796548947,0.0108829579292567,0.0131600275706582,0.0124922296457227,0.0147088011345148
2022-05-18,-0.0039312311988282,IV,-0.0134823061000581,-0.0154655042085229,-0.0101080965273922,-0.0131821006887265,-0.0086618923777889,-0.0109515138929496,0.0085204794979871,0.0113148903800687,0.0108706014011862,0.0130212124999863,0.0121751818579872,0.0143794112869574
2022-05-19,0.0090615783145461,IV,-0.0143959539341376,-0.0174433401668515,-0.0110272550849659,-0.0147613506372289,-0.009463754292979,-0.0123398687394089,0.0093210395191793,0.0119532638404948,0.0116695462663056,0.0137051799875747,0.0135484286347085,0.0153241522049399
2022-05-20,-0.0026838163165797,IV,-0.0133385680131483,-0.0150626705431505,-0.0102171622955361,-0.0133523101303823,-0.0087155002944783,-0.0113732382940576,0.0087546675248156,0.0116380469543994,0.0112091005776192,0.0130566757542237,0.0128508422029366,0.0149872364774911
2022-05-23,0.0104345987311543,IV,-0.0092283798089328,-0.0082978467956519,-0.0065838883503648,-0.0084940416332094,-0.0055567407763574,-0.006739742457398,0.0068455932125332,0.009066749626395,0.0088758342988166,0.0114269364874859,0.0102791778853789,0.0127492503697301
2022-05-24,0.0069026020949825,IV,-0.0133139639433848,-0.015024224697344,-0.0100539212642868,-0.0126296434395421,-0.0085275730485832,-0.0109906557245469,0.0085512064885176,0.0110380691455185,0.0109507662241276,0.0129007841932215,0.0120074107568711,0.0144228955991264
2022-05-25,-0.0080514265520267,IV,-0.0134705983344161,-0.0157728747178388,-0.0102225754904194,-0.0133954011578336,-0.0087380696104633,-0.0113794410679206,0.0087760164440062,0.0114512420911152,0.0111874000375472,0.012997741239122,0.01255361955285,0.0143253100780999
2022-05-26,0.0064118222981075,IV,-0.0132697372951433,-0.0163150280009338,-0.0100215185655127,-0.0130064599405445,-0.0085614126225143,-0.0113120847575762,0.0085378024627164,0.0116183877941579,0.0109845263950317,0.0128273515328046,0.0122703696983273,0.0142516488595437
2022-05-27,-0.001663309715854,IV,-0.0131469360697402,-0.0154386459836415,-0.0101118160374014,-0.0134043800298108,-0.0085649879852123,-0.011390396650245,0.0084241482571881,0.0115390539358622,0.010765300869637,0.0124447334539089,0.0121245087021723,0.0139571148057273
2022-05-30,0.006810638035916,IV,-0.0084544794739246,-0.009155802735714,-0.005947851811172,-0.0076181033009483,-0.0049920380901436,-0.0062299408740043,0.0061634834361867,0.0085057958933778,0.0082336094689353,0.0101067592346247,0.0092304106251068,0.0118136044610598
2022-06-01,-0.0127139935752246,IV,-0.0121327817528013,-0.014589021707596,-0.0093248129436474,-0.0120865873374687,-0.0078603170696156,-0.010479075491742,0.0078020975311328,0.0101042779879668,0.0097795043183092,0.0115302005267837,0.0109875004549526,0.0127485965166086
2022-06-02,0.0081958085924322,IV,-0.0123713994267452,-0.0145716784033512,-0.0093100810770755,-0.0120839627596675,-0.0078942483965669,-0.010266878468711,0.008167428145793,0.0105066793672155,0.0102744487709074,0.0122103649897688,0.011603587093699,0.013296131624799
2022-06-03,-0.0019633041102568,IV,-0.0125100818674371,-0.015927342538883,-0.0103460168681376,-0.0134672638816226,-0.0087334663113703,-0.0113138268802679,0.0086657454178165,0.0112481821050047,0.0108016730888399,0.0127189904401863,0.0132060526960912,0.0143253592124784
2022-06-06,-0.0012938757582563,IV,-0.0077029392427967,-0.007890606356401,-0.0062629224902024,-0.0073530646435527,-0.0052077393864131,-0.0061333332787464,0.006868411439154,0.0088268358256436,0.0086485324714137,0.0102081645719305,0.0108952750741749,0.0139907665302395
2022-06-07,-4.67416402660376e-05,IV,-0.011083396915597,-0.0135384195774851,-0.0090652377371655,-0.0111444276434794,-0.0076387431704013,-0.0096673059494172,0.0082496775264792,0.0106673369160162,0.0103206862340473,0.0122502753344258,0.0123643573324796,0.0143013668017978
2022-06-08,0.0041700933629873,IV,-0.0111751128786979,-0.0129487522220273,-0.0091328257884444,-0.0112327444332853,-0.0077127195215572,-0.009921855954212,0.0084138354767668,0.0107029615548928,0.0105255251887806,0.012582223266949,0.0128019226363499,0.0150327064488326
2022-06-10,-0.0208221804298043,IV,-0.0199750962177206,-0.025850607936516,-0.0165119903551173,-0.0211445606763653,-0.0140218277628378,-0.0184163158813971,0.0117596294827945,0.0151008326680065,0.0144118916228102,0.0168015527037131,0.0168723910038033,0.0167495033069144
2022-06-13,-0.0081652195369367,IV,-0.0088987543115735,-0.0096108068886409,-0.0073387717592979,-0.0087453582483444,-0.0061811385559853,-0.0072442058591569,0.007710052550773,0.0096549347718914,0.0101367230920696,0.0119267925465243,0.0124485178142227,0.015506097062029
2022-06-14,-0.0016905120761224,IV,-0.0162780944134453,-0.0200451178557997,-0.0131117509756246,-0.0168077416839491,-0.0113982403576138,-0.0144743416809071,0.0114280208635062,0.0153723287125795,0.0144328270073287,0.0173574917434447,0.0173846286587927,0.0192193554590995
2022-06-15,-0.0029634849942146,IV,-0.0159097112624811,-0.0179494611875494,-0.0129941735377399,-0.0160892239091213,-0.0111755563880059,-0.0141855175987113,0.0114068324350489,0.014908001151814,0.0142820570773119,0.0167083138023318,0.0170769817496383,0.0183191234800782
2022-06-16,0.0136743479220319,IV,-0.0165466173272549,-0.0198024299186455,-0.012930462182574,-0.0172943051823151,-0.0110615389230743,-0.0145954185111303,0.0107802130688893,0.0139779980996859,0.0135795231942195,0.0153905885845936,0.0156708804716104,0.0172472652749066
2022-06-17,-0.0052897706293923,IV,-0.0177717288871264,-0.0218069969480106,-0.0141999110550639,-0.0185482167265497,-0.0122646212401783,-0.0162565030969156,0.0116983755083193,0.0150733665460882,0.0146380827778774,0.0174409834434848,0.0170891617943696,0.0182973401362017
2022-06-20,0.0061275649298936,IV,-0.0102166716886167,-0.0113011832695421,-0.0078547910231383,-0.0092292015750911,-0.0069048608967405,-0.0079693255728817,0.0084038320105958,0.0110591259265834,0.0110735216817777,0.0129620261773969,0.0131755268765466,0.0146376631756284
2022-06-21,0.0009698252347973,IV,-0.0148766169372339,-0.0175016355192396,-0.0112943433502387,-0.0144614557129754,-0.0097226629550231,-0.0125218078197663,0.0099033752609968,0.0127199385046499,0.0124403218325029,0.0145986059681795,0.0142260023528053,0.0160007235108408
2022-06-22,0.003029086254834,IV,-0.0141077813357135,-0.0162541294132901,-0.0105068319927811,-0.0139008932319932,-0.0089370866115375,-0.0116405163656527,0.0092660872527819,0.0122240359708385,0.0116524416404389,0.0134201842775268,0.0129971415055011,0.014687349823189
2022-06-23,-0.0074042966146307,IV,-0.0143816394310329,-0.0164428509149157,-0.0109833920442907,-0.0142142192415062,-0.0093420123648988,-0.0122233074668345,0.0094686822813537,0.0126717032923439,0.0120166497041285,0.014041059699857,0.0134055828485171,0.0148445272013114
2022-06-24,0.0034267361464686,IV,-0.0135701449120117,-0.0154718871477672,-0.0102004396437873,-0.0133177411995239,-0.0086911531690551,-0.0113889261834703,0.0090444424954606,0.0118852665760466,0.0113360740436912,0.013070886948865,0.0128255648094371,0.0150008562617026
2022-06-27,0.0058731658529378,IV,-0.0091042305455565,-0.0094664211943617,-0.0065878645582462,-0.0080560727382018,-0.0055305662251621,-0.0067093147389276,0.0070800392605709,0.0091909964659436,0.0090037692845147,0.0107647600305005,0.0101358873286248,0.0130470131400613
2022-06-28,-0.0062456879623991,IV,-0.0122480454495472,-0.0138930747394482,-0.0088945201518953,-0.011472332566897,-0.0075348277458585,-0.0098545309550919,0.007976660966146,0.0104645890056956,0.0100768610350711,0.0118311943549843,0.0109989142183304,0.0132411663310214
2022-06-29,-0.0054613670620203,IV,-0.0131014314873136,-0.0149653652130667,-0.0096832036782031,-0.0128093460582784,-0.0081987778858807,-0.0109408409849656,0.0085469309373503,0.011092591679948,0.0107442256055619,0.012654558051724,0.0118660059154986,0.0150009451222875
2022-06-30,-0.0007686487200418,IV,-0.0146500930196425,-0.0162810132427288,-0.010575654577517,-0.0133812554671057,-0.0090862007604291,-0.0117362687456121,0.0094005694640506,0.0120625906533526,0.0118989328929361,0.0135504085329202,0.0129033688050886,0.0147816145527354
2022-07-01,-0.00589666998093,IV,-0.0150351043180139,-0.0188819189141008,-0.0109592096491518,-0.0143230717631593,-0.0093529170773465,-0.0125574128628657,0.009359018938006,0.0117368749621224,0.0120295840562686,0.0139774539491806,0.0132152439608271,0.0147244561791611
2022-07-04,0.0019414522829079,IV,-0.0096764648232051,-0.0089603356450208,-0.0066421444273746,-0.0073717670568707,-0.005953269782631,-0.0063322417335885,0.0078413554097666,0.0102769728528202,0.0102743628939624,0.0128504176114883,0.0115891052951978,0.0149272676430651
2022-07-05,-0.0167956185607103,IV,-0.013734666148843,-0.0156754878691343,-0.0098803773610175,-0.0129886916616905,-0.0084979997517098,-0.0111256613426093,0.0093317214866901,0.0119338851089321,0.0116970991986806,0.0134819384752176,0.0127222515133804,0.0157985139693291
2022-07-06,-0.0081864128716971,IV,-0.0167580684375535,-0.0190698569415881,-0.0121381349282343,-0.015868465980051,-0.0106501067786019,-0.0138531665827083,0.0109441368511813,0.0141125118606828,0.0138945914806446,0.0159961126472213,0.0152275711064242,0.0180856612068636
2022-07-07,-0.001170758716421,IV,-0.0170364820773863,-0.0194420352763507,-0.012614041939199,-0.0163581584259484,-0.0110946732016733,-0.0141344904684736,0.0114815177509549,0.0149515805890853,0.0147139977334225,0.0164878869677578,0.0164579988369594,0.017723955555405
2022-07-08,0.0019668784123054,IV,-0.0174339133881295,-0.0199286224755815,-0.0130590997498389,-0.017480524321543,-0.0112583258205431,-0.0148137593548309,0.0113656760630918,0.0146706545860894,0.0143676500519055,0.0164295882118001,0.0160846732366708,0.0172041835209409
2022-07-11,-0.0091690790871032,IV,-0.0108570257040633,-0.0113840271267938,-0.0076719370871654,-0.0095868914995724,-0.006970357732088,-0.0075293949615127,0.009024235334141,0.0122715344368344,0.011562694290509,0.0143158990879498,0.0131846108886655,0.0164700266309683
2022-07-12,-0.0016795614761464,IV,-0.0181809677135484,-0.0204588196768723,-0.0137545828584584,-0.0182222298423337,-0.0118263247785573,-0.0150419930013087,0.0121768105377104,0.0156503012032752,0.0156056469866446,0.018122607892696,0.0174142375760107,0.0204873173555754
2022-07-13,0.0009356429753023,IV,-0.0216616876703166,-0.0248701317482191,-0.0172348734421661,-0.0221730212608695,-0.014067698018101,-0.0190117453438106,0.0132815875417067,0.0168612652201221,0.0168147683266533,0.0190839963309681,0.0184842847710073,0.0202919046822363
2022-07-14,-0.0050359773933051,IV,-0.018252360559378,-0.0206843653036324,-0.0134730155986159,-0.0175454846602282,-0.0116842780275081,-0.0156144888277706,0.0118943446674466,0.0151150274390118,0.0152274456110621,0.0181463406227419,0.0167718562635805,0.0195525685541589
2022-07-15,0.0062309368895258,IV,-0.0192250809023302,-0.0218015083208587,-0.0153985211022636,-0.0191699741731335,-0.0131666741943722,-0.0167076199185329,0.0136177900837741,0.0174858127218885,0.0173781337713,0.0198882880731539,0.0203612381135164,0.0223199326387868
2022-07-18,0.006938179518834,IV,-0.0113297634573062,-0.0112402540027437,-0.0092367538988283,-0.009820881096914,-0.0079287810785565,-0.0086835888201601,0.0099390249110193,0.0141445878451856,0.0134243467658805,0.0153358536388512,0.0160965591701419,0.0201100400837346
2022-07-19,0.0076964559709091,IV,-0.0177808692890618,-0.0207964700125113,-0.0145269613337204,-0.0180895259474263,-0.0123908132364031,-0.015651555256099,0.0128402637929817,0.0164585968798603,0.0167209428267346,0.0195797960128774,0.0198511616301076,0.0216569871430057
2022-07-20,-0.0023418813704121,IV,-0.0174731676778901,-0.0190504515232784,-0.014299457404225,-0.0165655386778504,-0.0122370610762187,-0.0154553607236731,0.0128939175257337,0.0170184775506558,0.016204242874251,0.0184434638503253,0.0198039652331365,0.0194818260845627
2022-07-21,-0.0014352159328265,IV,-0.0280401867046318,-0.0340420358048686,-0.0219224950136648,-0.0294524392973634,-0.0185332719092528,-0.0263781245912145,0.0164610891963257,0.0216648189685232,0.0204519144651846,0.0245416887289024,0.0237073653207241,0.0250246252511808
2022-07-22,0.0025995084876442,IV,-0.0174228521760474,-0.0206732809756946,-0.0141468297809581,-0.0174463631174966,-0.0118949057639591,-0.0153302656390623,0.0120263161456449,0.0157920207206648,0.0155129294341229,0.0181032132741738,0.0185802822143658,0.0193203690363887
2022-07-25,-0.0016269614280269,IV,-0.0114609592570814,-0.0117986714089011,-0.0091857708806704,-0.0104859944810332,-0.0080274590519919,-0.0086685451802578,0.0098540322959008,0.0130090441362916,0.0126629563343168,0.0152747655066554,0.015038596322428,0.0168867408285761
2022-07-26,-0.0093010882954889,IV,-0.0155119877967116,-0.0175042741818144,-0.0120637593339262,-0.0151213664165763,-0.010343406629527,-0.0131229103189748,0.0107648801246113,0.0142636340262622,0.0141039395120503,0.0164420362707511,0.0163484491532746,0.0184153932207123
2022-07-27,-0.0010187480172316,IV,-0.0155726613488032,-0.0174865451345626,-0.0124920492957977,-0.0158055396174137,-0.0105534638595355,-0.0132931633673191,0.0111003138112177,0.0143219694024639,0.0142987853757593,0.0174401024184599,0.016716001180467,0.0183064054018077
2022-07-28,0.0057329931502258,IV,-0.017587448342421,-0.0209796487193478,-0.0140092282516296,-0.0182560643711364,-0.0117293637404258,-0.0154123706181587,0.0114717619185201,0.0149868131517209,0.0144590325901592,0.0168297083708204,0.0167273984074091,0.0179871500934685
2022-07-29,0.0037441870804159,IV,-0.0175556713707522,-0.0211615973669098,-0.0135791515770215,-0.0180207424183393,-0.0115371733996685,-0.0152664582414353,0.0113432049428329,0.0149731240635433,0.0141999969242383,0.0163966325729266,0.0161821965782554,0.0175011225029211
2022-08-01,0.0065193912811679,IV,-0.0110311814935383,-0.0121403680275083,-0.0084832806520735,-0.0099745059534998,-0.0072843032540883,-0.0087274130483488,0.008426297820183,0.0108246781095145,0.0111453242507377,0.013178302449322,0.012928709378454,0.0146770215002444
2022-08-02,-0.0070562198141172,IV,-0.0153124254187434,-0.0179851793309433,-0.0115884463728753,-0.0149665127793129,-0.0098522675952108,-0.0127678951510385,0.0098951393237178,0.0130899009982375,0.0127051827780957,0.0146253725815873,0.0144234677829631,0.0163068747587766
2022-08-03,-0.0050415957668989,IV,-0.0162085682450555,-0.0189816184273862,-0.0122562450616786,-0.015971538487677,-0.0104075934264977,-0.0137863976060974,0.0104828252491901,0.0137067259072709,0.0132628403436394,0.0160484010128018,0.014937681610284,0.0171977507936432
2022-08-04,0.00759324850078,IV,-0.0159542307303868,-0.018644076041138,-0.0125654594287044,-0.015533053097621,-0.0105791028563936,-0.0138513435233412,0.0106848165944863,0.0138725874967735,0.0137062064999414,0.0160400544275467,0.0159365121211633,0.0179276532803268
2022-08-05,-0.0051762069432469,IV,-0.0155520712982962,-0.0189055370594312,-0.0122540937857194,-0.0156571518929914,-0.0103888452996649,-0.0137709561539956,0.0100571654210199,0.0132830992259568,0.0128328079448639,0.0148487504364758,0.014821670074499,0.0165367740837603
2022-08-08,0.0036391383291986,IV,-0.0098053616704863,-0.0105174881418229,-0.0075850877211966,-0.0087417807564868,-0.006579848159358,-0.0078224710637992,0.0076592639989693,0.0100528119682475,0.0101473240727629,0.0118184807358248,0.0119725293623154,0.0126503530181662
2022-08-09,0.0018549566663352,IV,-0.0132029552623921,-0.0150761761195825,-0.0101012750762046,-0.0126115262392832,-0.0084088597239848,-0.0108986737728595,0.0087898979938677,0.0115974129842981,0.0113957848435956,0.0133351194811853,0.0128289121225038,0.0150826071619554
2022-08-10,0.0105404678865777,IV,-0.0180173308248643,-0.0229847882364072,-0.0137817623986393,-0.0185249554158236,-0.0116348379373324,-0.0159148725921702,0.0106207998904253,0.0138714098689468,0.0132350298992068,0.0156952286359465,0.0147291523823437,0.0156604319213615
2022-08-11,0.0003579877258116,IV,-0.0134614873563933,-0.0162958603887003,-0.010045984709914,-0.0132523600836228,-0.0085065984374119,-0.0112643864029405,0.0084737761531003,0.0111376450582737,0.0107898897312466,0.0128644039653648,0.0119706240155158,0.013700514281569
2022-08-12,-0.0080663809840279,IV,-0.0126550394859646,-0.0152636096050692,-0.0094475430863603,-0.0122931620432467,-0.0079237911671729,-0.0107901786726572,0.0080149455717402,0.0104562426129143,0.0101697209353386,0.0118609045280043,0.0115384357236262,0.0140103693429065
2022-08-15,-0.0067491379480268,IV,-0.0094441638414199,-0.010181514844631,-0.0069381020301228,-0.0084776187784397,-0.0057955118146796,-0.0070093898573057,0.0067919255913373,0.009135404525527,0.0089538042803361,0.0110458803927909,0.0100895627289379,0.0130152151004902
2022-08-16,-0.0011862266494188,IV,-0.0149877738636311,-0.0178472221632304,-0.0110274045238845,-0.0143530073174756,-0.0093790794552851,-0.0126706055049789,0.0093364541917558,0.0120479490851242,0.0120693539300196,0.0143347991846169,0.0131894349628211,0.0158815725776543
2022-08-17,-0.0011162883346505,IV,-0.0151327956981221,-0.0177085479247798,-0.0112030435879077,-0.0146783574670064,-0.0095490184819163,-0.0124218268713347,0.0095478527410661,0.0129233982987839,0.0120734129420397,0.0143672311553705,0.0136747425421943,0.0152217234715068
2022-08-18,-0.0048731261199949,IV,-0.0151020687743626,-0.0177827242845,-0.0111487307944613,-0.0144851564234859,-0.009577299981627,-0.0125386891570239,0.0095101336281665,0.0124699866474138,0.0123142634061805,0.0142797998278527,0.0137644264019703,0.0153388218459781
2022-08-19,-0.007484017323574,IV,-0.0157295845981638,-0.0190165006610823,-0.0119575478136364,-0.0155403929193143,-0.0101449313553311,-0.0133051902024368,0.0100069323519809,0.0128830504185266,0.0125011551993071,0.0148318726584006,0.0144285349422784,0.0163520537962619
2022-08-22,-0.0102645630297851,IV,-0.0107218548812362,-0.011510590074228,-0.0079440941338724,-0.0089507285350818,-0.0069953586868011,-0.0079260286860819,0.0083097998665705,0.0109430649085039,0.0110148928206424,0.0133579831963389,0.0126646385721255,0.0148623648525074
2022-08-23,0.0039004224879376,IV,-0.0172121438195516,-0.0196151074612619,-0.0134909189149327,-0.0163665567875805,-0.0109906907527815,-0.0139400314222383,0.0109607498911953,0.0140652869878178,0.0141945203511024,0.0161813153833491,0.0155487783097811,0.0179422186083104
2022-08-24,-0.0006393998384892,IV,-0.0162087030407554,-0.0182900442118543,-0.0125546066253766,-0.0148879911328207,-0.0101219408429902,-0.0124827846153835,0.0104171276063671,0.0135258479405586,0.0134134833169874,0.0169632453033111,0.0147102046524143,0.0174027158582179
2022-08-25,-0.0010138476383011,IV,-0.0155206992092742,-0.0164255241901304,-0.0122556234253773,-0.0140495736582325,-0.009899978531633,-0.0124166533436804,0.0099331872290328,0.0134774521979098,0.0125934466875499,0.0154269523106852,0.0145672007559943,0.0159459532360681
2022-08-29,0.0040992495350108,IV,-0.0159103314507988,-0.0186230915158843,-0.0127342517285553,-0.0150927821016082,-0.0103036386535381,-0.0127371510342228,0.0103432950841558,0.0136044597214393,0.0129703248544333,0.0152408710302744,0.0149168451487136,0.0179488647198743
2022-08-30,0.0020333587639484,IV,-0.0168726927978419,-0.0186478634123669,-0.0133227621054564,-0.0160820885588368,-0.0108284370629281,-0.0146784548751166,0.010728972343712,0.0141747080924007,0.013453252084295,0.0163001937144068,0.0153111560009646,0.0171058952937766
2022-08-31,0.0044618699311531,IV,-0.0163202253041542,-0.0188509626432858,-0.0126747104207597,-0.0155164938964439,-0.0101933707020193,-0.0126504654328749,0.0100795838123756,0.0134609704964304,0.0129806769435501,0.0157427335018898,0.0141854277377901,0.0184907632877371
2022-09-01,-0.0114736433311382,IV,-0.0158947140932456,-0.0178297630861957,-0.0124445234015202,-0.0149203015059013,-0.0099827065447969,-0.0125064290660525,0.010222802704379,0.013392565678025,0.0124526554190813,0.0156053284446503,0.0139524946294376,0.0166046151042835
2022-09-02,0.0081864381882489,IV,-0.0189447296790202,-0.0212915107751781,-0.0151698784358747,-0.0190015524346027,-0.0126090976388304,-0.0167466803586434,0.0120122972975885,0.0157645264117081,0.0151802228224972,0.0177780849676819,0.017618416224864,0.0204197667068509
2022-09-05,-0.0100981479894316,IV,-0.0107373326068955,-0.0093469467794981,-0.0095624435660579,-0.0096376164764014,-0.0079322358270237,-0.0080455811945921,0.008721382459992,0.0121635882647553,0.0111985607779955,0.0139919270869103,0.0143582403554162,0.0175339788190985
2022-09-06,-0.0017085362910884,IV,-0.0154568197493531,-0.0164574108110959,-0.0128046268868282,-0.0145893512516932,-0.0105295379044193,-0.0134419288096692,0.0104715646810448,0.0140371458024958,0.0135755567511037,0.0165771090437675,0.015974925743862,0.0174013079257109
2022-09-07,0.002707609023381,IV,-0.0153407811043449,-0.0169044462639464,-0.0130796221060738,-0.0150528675576573,-0.0108432280190532,-0.0133578160207752,0.0107768315579389,0.0142187807951976,0.0137843647679311,0.0164400818432386,0.0168942514448054,0.0186082097003849
2022-09-08,0.0014502755425867,IV,-0.0232301668122926,-0.0286659968357773,-0.0187284016160443,-0.0250155724427129,-0.0154349060170984,-0.0215000073663409,0.01426540163915,0.018101000330172,0.0177560595349826,0.0204898522148009,0.0202229063719328,0.0210131447498529
2022-09-09,0.0091606136932557,IV,-0.0148109415960716,-0.0173924917225521,-0.0120909958243529,-0.0145408508676493,-0.010032828501989,-0.0126223755832414,0.0098871010601077,0.013187784831897,0.0125559717377523,0.0154187725749331,0.0150630565081554,0.0178026348443896
2022-09-12,0.0079867758514541,IV,-0.0105702397926036,-0.0102191258304041,-0.0090344609644921,-0.0100667494722473,-0.007554245231823,-0.0085431249566748,0.0081121317554236,0.01093862108311,0.0104740044478106,0.0139530722320631,0.0133275676461172,0.0149152974367135
2022-09-13,-0.0128366491423872,IV,-0.0229603547299147,-0.0287158500485644,-0.0184224688554879,-0.0248470129638152,-0.0153409800064958,-0.0210126837160463,0.0139687391703381,0.0176132428179654,0.0170146823907666,0.0193136423837324,0.0198481947874326,0.0197811256632135
2022-09-14,-0.0002851375808136,IV,-0.0179419321762491,-0.0208842856986062,-0.0144086821691272,-0.0185937060668981,-0.0118063808417656,-0.0156396199539707,0.0112755973373716,0.0146490034689213,0.0141644093064972,0.0173152961658784,0.0162969359853842,0.018726346087901
2022-09-15,-0.0002977303710722,IV,-0.0161251817489044,-0.0178060174877265,-0.0124578952646214,-0.0152497801862907,-0.0103319736291124,-0.0133323137296158,0.0099996858852087,0.0131801745451191,0.0126324010948991,0.014893567589188,0.0147125202104083,0.0177466667801104
2022-09-16,0.0021222063404726,IV,-0.0141415737322589,-0.0148302923081673,-0.0123426728656341,-0.0139821205231501,-0.0103677182026833,-0.0130799064841608,0.0103813726620677,0.0137765155767405,0.0133437720840731,0.0163880406149179,0.0167493682270728,0.0180298794807395
2022-09-19,-0.0010042995855105,IV,-0.0087404793680915,-0.0084779811914311,-0.0085987971866321,-0.008012820403116,-0.0073601086321865,-0.0067169484973068,0.0080697831371206,0.0110090067545318,0.0108321303454801,0.0129006261314369,0.0143823376142755,0.0168763902555236
2022-09-20,-0.0008251795233598,IV,-0.0131642554358049,-0.013972379750902,-0.0118461212049537,-0.013106293322726,-0.0099488887185178,-0.0113972148141691,0.0101800052911379,0.013327935555299,0.0130144509984141,0.0158784689920478,0.016742782886679,0.0196437754905773
2022-09-21,-0.0115486636521448,IV,-0.0136304026535269,-0.0146797543525613,-0.0121743895583413,-0.0136347964057334,-0.0101564105971563,-0.0123727715181641,0.0103158786803411,0.0136425083977485,0.0132134013703413,0.0163543655074813,0.0168788700625244,0.0182110799996502
2022-09-22,-0.0039403571943632,IV,-0.0159435996468936,-0.0184233531438264,-0.0128807877411229,-0.0162274127361608,-0.0108012428804851,-0.0140183650111931,0.0104801548273704,0.0138186300865075,0.0132529110591931,0.0152183234492121,0.0157457067419534,0.0182277354280643
2022-09-23,-0.0125220539200952,IV,-0.0148078270264739,-0.017020158773655,-0.011796414256479,-0.0139414480175579,-0.0099048896293541,-0.0126025050422699,0.0096520520576709,0.012713614262063,0.0122527524293069,0.0142364689462106,0.0144236449760566,0.0163499745601055
2022-09-26,-0.0099124623322564,IV,-0.0143519285743569,-0.014304303651199,-0.0126936083849233,-0.0139502602738293,-0.0106384736036185,-0.0120180169065996,0.0107452487664645,0.0143141652300191,0.0138136239960607,0.0165538229495712,0.017234993774233,0.0198834583419863
2022-09-27,-0.0007121785425839,IV,-0.022322417721257,-0.0248729266909326,-0.0184289147755758,-0.0232101164885686,-0.0153724257334902,-0.0199010360044608,0.0146069264745508,0.0192270186848003,0.0183179292223704,0.0211952467376973,0.0218939905416211,0.0234947204745519
2022-09-28,0.0067220610988026,IV,-0.02105367319623,-0.0239380595116906,-0.0173258406804792,-0.0212051517983826,-0.0142763645851951,-0.0181300470400906,0.0135622749209822,0.0170433823808952,0.0172401105462861,0.0207030577525948,0.0202969302140722,0.0216079620834154
2022-09-29,0.009612937785308,IV,-0.0223870081938282,-0.0238974643100558,-0.0181817356442318,-0.0218159584806554,-0.0149311700522522,-0.0195243794367629,0.0141856226592856,0.0189101385183033,0.017923403195954,0.021194845290006,0.0210428378963806,0.0223947823843926
2022-09-30,0.0009562307852547,IV,-0.0217727387904454,-0.0264188741331066,-0.0180602880115053,-0.0223471693796429,-0.0153076959363255,-0.0201421673873002,0.0145230215231053,0.0192218384306226,0.0182118897627589,0.0214400816559394,0.0216222465530106,0.0234457044233783
2022-10-03,0.0026083620145012,IV,-0.0149028407240208,-0.0146334091307163,-0.0133045350471065,-0.0135034665508636,-0.011008242434333,-0.0128159477788167,0.0111731407211891,0.0147874662103862,0.0145720470716906,0.017002678936784,0.0180382043909857,0.0200178833636881
2022-10-04,0.0169985214613038,IV,-0.0194396299501458,-0.020669351915549,-0.0158549412594011,-0.0194003503995286,-0.0128356069654934,-0.0161277063606917,0.0122973873447656,0.0152116127612246,0.015610636978953,0.0191207499261726,0.0179667642671301,0.0207011973690867
2022-10-05,-0.0111481290238591,IV,-0.0199628324496316,-0.0217482866979578,-0.0159278526694535,-0.0197442412111714,-0.0131730268472447,-0.0167052477908739,0.0130534927068719,0.0173348958059349,0.0168398478242744,0.0188879908824314,0.0181553749400803,0.0197078265957558
2022-10-06,-0.0061920017264209,IV,-0.0208539752603273,-0.0230346598560509,-0.0166938901687237,-0.0198615029415035,-0.0135356323151628,-0.0165451738111488,0.0132381527718775,0.0172142050483113,0.0176196079623448,0.0198857616878546,0.018384477926067,0.0217645535339138
2022-10-07,-0.0021313180246479,IV,-0.0236753431199517,-0.0267421632939226,-0.0191633186179299,-0.0246262075501129,-0.0158743379093858,-0.0206777920565422,0.0150639269674426,0.0194093934296424,0.0194911633519143,0.0219894484374553,0.0223160206447974,0.0230414044400957
2022-10-10,-0.0083158802050207,IV,-0.0133080648170554,-0.011447671460092,-0.0120201854611148,-0.009881938579649,-0.0098845022912755,-0.0107832649260273,0.0105817051065307,0.0148271692993061,0.0147042674130998,0.0169844901290028,0.0169218892981193,0.0217667477521905
2022-10-11,0.0054576424073559,IV,-0.0192226734005216,-0.0212118522965796,-0.0162982606054492,-0.0184062910942745,-0.0132410492179626,-0.0167689490374042,0.0131998186478657,0.0174305692536821,0.0174857700130817,0.0201231880164982,0.0199231741146911,0.0223713145424267
2022-10-12,-0.0067028842882451,IV,-0.0186034849919299,-0.0185825789485846,-0.0155224117685471,-0.0171755061303261,-0.0126289340545061,-0.0154891599324597,0.0126702190000534,0.0169328925068846,0.017018333164018,0.0191787809100812,0.018565531561928,0.0212626057730812
2022-10-13,0.0090601776930398,IV,-0.0254615373861466,-0.0312435570745412,-0.0203443447824738,-0.0266177877061776,-0.0168179426154631,-0.0225700741793214,0.0156598032240557,0.0201847554337778,0.0199291697409135,0.0228867131969754,0.0218888533104665,0.0226413461789038
2022-10-14,-0.0042194101378901,IV,-0.0193769057393928,-0.0226188433405947,-0.0157485026684747,-0.0190069945090219,-0.0128159064084587,-0.0165221154552581,0.0123405857413952,0.0163787475005811,0.016322318694897,0.0182934115611846,0.0178869078273174,0.0191564422845427
2022-10-17,0.0106385340404241,IV,-0.0141570520955826,-0.0142261638469893,-0.012104018253954,-0.0123842991222679,-0.0096472816683581,-0.0116190706438558,0.0101266330763039,0.0131234076213021,0.0137632420812852,0.0161256030006474,0.015309763392421,0.0181636836926743
2022-10-18,-8.6367850891219e-05,IV,-0.0192488326658965,-0.0207137415042962,-0.0149213264345332,-0.0185179746313993,-0.0122716216459245,-0.0158506284364876,0.0123301679291078,0.0156390916414959,0.0158614605190097,0.0180380585474627,0.0170234863859482,0.0190016940377556
2022-10-19,-0.0063557646274514,IV,-0.0181587485208084,-0.0200467996575676,-0.0147115332472869,-0.0177494044557335,-0.0119322436465891,-0.0145016510834973,0.0119224425065891,0.0152084799019982,0.0153852556275469,0.0185473230738889,0.0169166833249637,0.0179399204574207
2022-10-20,0.0044614177312191,IV,-0.0194000300206507,-0.0213443462442296,-0.0153542609241193,-0.0184963935520007,-0.0125472275511135,-0.0164839141814919,0.0125433676115187,0.0164459580145558,0.0159369713987003,0.0188947887592982,0.0173003994946077,0.0196715541605547
2022-10-24,0.005125514981316,IV,-0.0177512644410418,-0.0186665069186367,-0.0145223858197468,-0.0173389013616138,-0.0121493727041365,-0.015479938526223,0.0121679461989857,0.0158594712080834,0.0155856237503914,0.0181859189256635,0.0182146787219739,0.0196759137657725
2022-10-25,0.00855236190751,IV,-0.0169423011978251,-0.0194969748852444,-0.0140548784499143,-0.0162791859566524,-0.0117652552042388,-0.0150373796255762,0.0117314286542081,0.0154928552675517,0.0153724905943895,0.0172265407056785,0.0175244572649927,0.0193259975436823
2022-10-26,0.0109611618058882,IV,-0.0153501406732102,-0.0159508002789523,-0.0126581151845215,-0.0146482988603724,-0.0104169504542368,-0.012786483135739,0.0106604276949123,0.0136866843734863,0.0135997039327746,0.0159083800740085,0.0157106697761624,0.0182536301596113
2022-10-28,-0.0133893297330429,IV,-0.0238957913008643,-0.0296995118157153,-0.0182726211080434,-0.0254489258928917,-0.0150084227059675,-0.0214666981366414,0.0140069538249448,0.019498187623325,0.0178968705149274,0.0186026895943083,0.0201564334862092,0.0198775923627822
2022-10-31,-0.0049954942692392,IV,-0.010971897827871,-0.008970475524006,-0.0102454879508605,-0.0103821539272051,-0.0087038557907689,-0.0099318411774788,0.0095054262695786,0.0125458739356317,0.0122291287289373,0.0147585649941443,0.0152040442437394,0.0149867974253018
2022-11-01,-0.0013844791242939,IV,-0.0154089169146987,-0.016061387329589,-0.013282004208244,-0.0153135372716788,-0.0111431746682354,-0.0134254291921419,0.0113306915030148,0.0143461216330151,0.0143832634885871,0.0167219136995901,0.0174184953824263,0.0196374605030415
2022-11-02,0.0003975695134279,IV,-0.0156307984216229,-0.0169507386681732,-0.0134298987379571,-0.0156026286838625,-0.0112094976961711,-0.0140655562929537,0.011401065294011,0.0147727278800095,0.0143915837720838,0.0173239282126061,0.0173354593475464,0.0189983291682752
2022-11-03,-0.0118580276522251,IV,-0.0179880434660378,-0.0207887581232575,-0.0148222451675612,-0.0187563616809873,-0.0123668850671958,-0.0165828761589548,0.0120124901237096,0.0162065374786494,0.0149189630206755,0.0170088428106162,0.0176496315300289,0.0184359470727608
2022-11-04,0.0139319406033251,IV,-0.0182431247360534,-0.0217815871883036,-0.0152154527943509,-0.0191062516581727,-0.0128605207866031,-0.0164492741222808,0.0124379511452702,0.0160436402447938,0.0157606882270069,0.0183196091901229,0.0190846022034191,0.0197395659822431
2022-11-07,0.0106455633970875,IV,-0.0115744598658782,-0.0125587659037829,-0.0105839603025141,-0.0109350499647873,-0.0089768641473478,-0.010227400093453,0.0096363300329878,0.0124669371051384,0.0121524120790103,0.014829591079907,0.0158400952015077,0.0184669554036572
2022-11-08,0.0065678244423956,IV,-0.0157561946450348,-0.0169599674352808,-0.0132067566608959,-0.0155937112263727,-0.0110663673029373,-0.0138597994676634,0.0113798727323114,0.014507380702676,0.0139536272312999,0.015985802455478,0.0171724928900424,0.0192633507543929
2022-11-09,-0.0038716917572443,IV,-0.0160138822728762,-0.0178934747667236,-0.0137370115364079,-0.0170310296155134,-0.0116003568370038,-0.0150137202134558,0.0117349296206981,0.0150258812500328,0.0144063019038248,0.0172346659629228,0.0176978506009217,0.0186882237070656
2022-11-11,0.0293084486357416,IV,-0.0256709185317266,-0.0325371152700256,-0.019818987712272,-0.0279223381902114,-0.0167666649936227,-0.0238164430484543,0.0152210703003104,0.0197348339015897,0.0189054135374986,0.022022411746261,0.0226252219401055,0.0219802439362084
2022-11-14,0.0003824526882452,IV,-0.0138557202474343,-0.0139564846182998,-0.0120656242170413,-0.0137740179856744,-0.0101693347127783,-0.0123080158334376,0.0108623362040981,0.0135577432927911,0.0133593967547964,0.0158945901245612,0.0161079189564486,0.0179450487087987
2022-11-16,0.0071019857222102,IV,-0.017918666974223,-0.0211521869702071,-0.0147880347717185,-0.0184313440869771,-0.0122916977056481,-0.0158883031588335,0.0123207248652053,0.0160291478775888,0.0154069339083754,0.01881251421817,0.0180031124493236,0.0201793215340561
2022-11-17,-0.0071842733174018,IV,-0.0195293498923717,-0.023753884066971,-0.0157256655261709,-0.0197010558917481,-0.0129871374703559,-0.0171323547338636,0.0129041518015469,0.0168994569591575,0.016217749704371,0.0189601746224234,0.0183874624861372,0.0205346059752973
2022-11-18,0.0033248310223426,IV,-0.0188430370807469,-0.0220508361272548,-0.0150363777029288,-0.0187557565239536,-0.0125074016986649,-0.0162088588359494,0.0124727553785075,0.016488600725473,0.0155853266133145,0.0184666618654969,0.017777255574522,0.0198172344009289
2022-11-21,-0.0120175786474152,IV,-0.012825549573465,-0.0116062729047756,-0.0100501897373734,-0.0108590156037762,-0.008133556335087,-0.009388430597476,0.0090600464454171,0.0114428859569491,0.0108481027479609,0.0130741768784545,0.0117938898389423,0.0147090112512884
2022-11-22,0.004258580836753,IV,-0.017787040731245,-0.0197947954090483,-0.0142804753657223,-0.0168663844516857,-0.011097228052381,-0.0143048782086685,0.0111965949832495,0.0143726359668872,0.0140345850991403,0.0162506118089233,0.0150371702905708,0.017227453288649
2022-11-24,0.012187788289518,IV,-0.0171303262827261,-0.0189109115710881,-0.0136217515755049,-0.0171074985865714,-0.0106116704971351,-0.0136249846848104,0.0107199398234718,0.0141415794963601,0.0133730905254535,0.0159168327704898,0.0134282620502871,0.0160478994628846
2022-11-25,-0.000254605111252,IV,-0.0163025169922224,-0.0185584612401617,-0.0131831275103155,-0.0156951425743019,-0.0103875757524571,-0.0138123072440218,0.0106374697229244,0.013023971926145,0.0131056362346476,0.0146297621985102,0.0143490218355269,0.0174112439687386
2022-11-28,-0.0009060551294637,IV,-0.0115159697681067,-0.0107703075792208,-0.01037231323444,-0.0098288183287922,-0.0082741112012807,-0.0092820186134129,0.0092708896996016,0.0111544007720323,0.0110906213321024,0.0132798948175046,0.0126968960123359,0.0151539052695551
2022-11-29,-0.0039075912787485,IV,-0.0176002594103686,-0.0195096091000685,-0.0145136223710282,-0.017542956284342,-0.0117493593960044,-0.0151769970215041,0.0121121267007035,0.0154535219673615,0.0149127032550708,0.0178410508735071,0.0171080447887164,0.0191731040221751
2022-11-30,-0.005669234855527,IV,-0.0179296761396704,-0.0205648457110791,-0.014827562996528,-0.0178411462853374,-0.0121333472755959,-0.0157511068336338,0.0124228813516039,0.016054797087207,0.0153983571303122,0.0186190433327124,0.0177491415276863,0.0197033184407272
2022-12-01,0.0181644949795583,IV,-0.0176082347074281,-0.020267861663711,-0.014763537778156,-0.0178675153676929,-0.0119287965898414,-0.0152763078057719,0.0120690396256334,0.0158431684703735,0.0150616516089472,0.0185833042329594,0.0174860463281635,0.0196199503944719
2022-12-02,-0.0013167563899815,IV,-0.0223538676194474,-0.0296170613763767,-0.0179727820225893,-0.0244261161312798,-0.0148784361472412,-0.0206808788272107,0.0148080318834686,0.0196874668085399,0.0184117947846075,0.0223519835298971,0.021276540318542,0.0220396803289089
2022-12-05,0.0049384227439881,IV,-0.0120456919124953,-0.0115304390018921,-0.010560869061578,-0.010811322592793,-0.0085809621094915,-0.0099183630757192,0.0093596335240974,0.0116517453530618,0.0114024183262932,0.0132366524736209,0.0131857761093743,0.0156926579904917
2022-12-06,-0.0024447331532419,IV,-0.0163918019004397,-0.0191439072376372,-0.013336367655788,-0.0162853815463448,-0.0107570589023403,-0.0139161098149198,0.0111431737178135,0.0143275237325682,0.0135104677101565,0.016290243996565,0.0155027205316848,0.0178565799768245
2022-12-07,0.0004237378982681,IV,-0.0146722290102103,-0.0168146494245517,-0.0128502531785311,-0.0153026320335038,-0.0108273370627155,-0.013526814421943,0.0114685779289338,0.0152255389575852,0.0140275472798843,0.0168330176154877,0.0175477012526932,0.0184375217537081
2022-12-08,0.0039099015801387,IV,-0.01305612187643,-0.013701461462816,-0.0115091391296634,-0.0127818865604326,-0.0097369395280257,-0.0116944956938495,0.0103655611518651,0.0140572903247422,0.012730095539811,0.015761200922089,0.0158901834573935,0.017547660412669
2022-12-09,-0.0004149687588075,IV,-0.0098181979817387,-0.0087707202416908,-0.0100045992821521,-0.0103901278169712,-0.0090854720104012,-0.0095301555311118,0.0094743892876735,0.0123374700090787,0.0124646654337342,0.0158288584295491,0.0174459904539268,0.0218401707097818
2022-12-12,-0.0016212133214713,IV,-0.0056130923059181,-0.0032835853307308,-0.0070901954801299,-0.0057607383462531,-0.0068855389046389,-0.0057912457882176,0.0074898732307199,0.0094689827505263,0.0099400135571897,0.0132636278531701,0.0151334906580683,0.0190574993453928
2022-12-13,0.0107203841338003,IV,-0.0235416433745438,-0.031918856718287,-0.0188104781587287,-0.0286985308395256,-0.0161930620307629,-0.0222782409359238,0.0155175617517199,0.0219382688940995,0.0195271183015804,0.0240168837523145,0.0240922106373058,0.0254841562555791
2022-12-14,0.0009373139712908,IV,-0.0100019287003898,-0.0113830111812037,-0.0091603873183055,-0.0100286487749873,-0.0080106765591385,-0.0102476186430948,0.0082053929897466,0.0112915554996552,0.0106122575301251,0.0129712977049973,0.0139276752282131,0.0147360332530665
2022-12-15,0.0001220915218348,IV,-0.0181126541842925,-0.0246829464201216,-0.0140158087482927,-0.0207148562870387,-0.0115563142026208,-0.0172769857334841,0.0115043029853313,0.0152929537490026,0.01391008225444,0.0173262718234641,0.0161899056103658,0.0188636821592448
2022-12-16,-0.0030049611487329,IV,-0.0142625314383201,-0.0184946783876558,-0.0113649723223994,-0.0152422258200043,-0.0093811409264633,-0.0130089678639576,0.0095227903334262,0.0124754319829968,0.0116808176248374,0.0138882070418194,0.0137973696162938,0.0149001245865337
2022-12-19,-0.003458162318752,IV,-0.0096634164160109,-0.0104447030542476,-0.008128242041426,-0.0091488072543366,-0.0067774347002417,-0.0080303396003896,0.0071841283318627,0.0088186837496705,0.0087693916098528,0.0104643328805049,0.0106848552961053,0.0124147230462091
2022-12-20,0.0056810101010397,IV,-0.0137521435663358,-0.0169971830059151,-0.010732620142924,-0.0138548727815103,-0.0086757904196593,-0.0115658403459542,0.0090242573607723,0.0114906691922735,0.0107555073589596,0.0135411581081893,0.0121219592447539,0.014030654470576
2022-12-21,-0.0023029154159314,IV,-0.0134697131427777,-0.0165973002323803,-0.0104663045258612,-0.0132914517909927,-0.008331815165448,-0.0111178562442853,0.0087990465004287,0.0111383711252324,0.0103141910209549,0.0124523058509126,0.0114025555638768,0.0142508799049129
2022-12-22,-0.0013078936178678,IV,-0.0131724569520182,-0.0163615450808083,-0.0100885476275112,-0.0132689637346916,-0.0080817467307036,-0.0111641068663202,0.0085495487228545,0.0108672642510528,0.0100107436152402,0.0119189831448184,0.0108793188052579,0.0134415155212805
2022-12-23,0.0011194738935336,IV,-0.0138625853522539,-0.017124541158172,-0.0105990872305418,-0.0133924124578367,-0.0084386861150085,-0.011364206079101,0.0087342817405,0.0109446976167873,0.0102609880727636,0.0118717775596104,0.011135967684935,0.0134185150533143
2022-12-27,0.003381440121032,IV,-0.0085992036629668,-0.0080350569422504,-0.006982023966809,-0.0075311084689181,-0.0056743598945125,-0.0063942718835072,0.0064704161710486,0.0072706372885248,0.0074325066052671,0.0086736729804598,0.0085265715265465,0.0104816614556533
2022-12-28,-0.0028586627957773,IV,-0.0135531763998534,-0.0160021677166492,-0.0103699389076337,-0.0127990136218245,-0.0082929311177013,-0.0112773460324641,0.0088239282909511,0.0110397961303833,0.0105312848297455,0.0126120871680867,0.0115308841693037,0.0138398159117771
2022-12-29,0.0045333868226192,IV,-0.0134978835012814,-0.0167101465191238,-0.0106108424723961,-0.0138234228202742,-0.008498283482001,-0.0116049673999954,0.0088977917006956,0.0113761211225791,0.0106990054585278,0.0120556056028572,0.0119005446703724,0.0143587658689587
