date,TrueY,VERSION,Quantile_0.010,ES_0.010,Quantile_0.025,ES_0.025,Quantile_0.050,ES_0.050,Quantile_0.950,ES_0.950,Quantile_0.975,ES_0.975,Quantile_0.990,ES_0.990
2016-02-08,0.0002557389861099,RV_SV,-0.0183975760644879,-0.0211107378033954,-0.0151235012664318,-0.0177702705570751,-0.0117082754302607,-0.0151236285766113,0.0106894769884064,0.0140169155694579,0.0129158933819939,0.0155981936777538,0.0167528509590088,0.0182568746215086
2016-02-09,0.0145717525728892,RV_SV,-0.0157143897527987,-0.0185741203393909,-0.0134247299245125,-0.0161409672516493,-0.0105431230391318,-0.0136591932387656,0.0095485016498961,0.0126779571293843,0.0113427336433438,0.0148863560341619,0.0151232278433808,0.0203144030258398
2016-02-10,-0.0099795994879064,RV_SV,-0.0160693033117599,-0.0179755416255517,-0.0136126396586734,-0.0161218105690531,-0.0111837094347865,-0.0144827490266743,0.0118337604544559,0.0147084839397779,0.0131718662028105,0.0163940185197271,0.0151368823929863,0.0199417456291823
2016-02-11,0.0129506352001288,RV_SV,-0.0182601661817552,-0.0205984590805555,-0.0151193042751163,-0.0181117462810951,-0.0113221413475313,-0.0149954256096037,0.0107611490615361,0.0132239853765927,0.0123345729595409,0.0152051281296351,0.0157254003141049,0.020038840085993
2016-02-12,-0.0086595576526313,RV_SV,-0.0168432487204183,-0.0189112432999673,-0.0141929765824966,-0.0166171960283444,-0.011673071774397,-0.0149295184012439,0.0121670668529233,0.0146664539634867,0.013434506981508,0.0172798758626224,0.0156130904320896,0.0177836759311407
2016-02-15,-0.0090290387066924,RV_SV,-0.0179739507425636,-0.0197396578261512,-0.0149050824390161,-0.0181456428952842,-0.0114389778436137,-0.0150010043769651,0.0109589058205034,0.013614650519088,0.0127791669116542,0.0160936631932778,0.0162061077013288,0.0174086921534053
2016-02-16,-8.30079385231164e-05,RV_SV,-0.0156292324846209,-0.0195681592850432,-0.0134030028488486,-0.0159675669741505,-0.0102103218887512,-0.013537504178697,0.0096686392159778,0.0129575110183925,0.0112633763376149,0.0147397454154933,0.0148058193528992,0.0187886290596738
2016-02-17,-0.0010348122043583,RV_SV,-0.0148928816535622,-0.0181468070190968,-0.0126731546591467,-0.0155344599963407,-0.0100811342543045,-0.0131031043856037,0.0095371195807308,0.0131213046958795,0.0114601456052286,0.015192709927098,0.0147742961571419,0.0183243845532756
2016-02-18,-0.002745978621941,RV_SV,-0.0145686029945751,-0.0173880225983487,-0.0124769172357108,-0.0152538128658658,-0.0100630070337545,-0.013070025991244,0.0096447850392408,0.013208146555792,0.0115853008268395,0.0151209307865576,0.0149841963730027,0.019505594121234
2016-02-19,0.0004503084689053,RV_SV,-0.0142421069220242,-0.0175286081833226,-0.01207093538732,-0.0148079232378208,-0.01008644953401,-0.0127179913334304,0.0095087669038923,0.0134026050826467,0.0118120956584393,0.0163529648543308,0.0154300542033198,0.020567442089261
2016-02-22,-0.007156829506713,RV_SV,-0.014628217893178,-0.0174489280939479,-0.0120766737636919,-0.01514237323167,-0.0103439098539546,-0.0131743770493396,0.0097686451935921,0.0135833838012067,0.0122842336650194,0.016548198175598,0.0157191382849031,0.0204941600014465
2016-02-23,-0.0002721014410954,RV_SV,-0.0138547934434859,-0.0167712011560977,-0.0117678984095925,-0.0145560797266021,-0.0095585748048944,-0.0127072950085349,0.0087980231000288,0.0125488234795365,0.0111137141961162,0.0153479536781099,0.0149493249740281,0.0200638882394745
2016-02-24,0.0001541999068785,RV_SV,-0.0141964081028954,-0.0171472350279476,-0.0119035547521795,-0.0146036517683077,-0.0097904191854127,-0.0127067181025586,0.0091450747719553,0.0126057503867469,0.0115276740965155,0.0154662938487126,0.0150520801519385,0.0194291427674716
2016-02-25,0.000852205813938,RV_SV,-0.0143794609268284,-0.016521311496171,-0.0120424070896408,-0.0147615850838968,-0.0100318773618642,-0.0129014196526375,0.0095481727194248,0.0132491297025729,0.0119127028354049,0.0159080653359044,0.0150748309624592,0.0194755092985591
2016-02-26,-0.009908555180459,RV_SV,-0.0137673911443493,-0.0159793160828723,-0.0116801539066441,-0.0140998206996876,-0.0097192428331357,-0.0126374741942563,0.0091168470740933,0.012608319549432,0.0113715997338303,0.0158035788488216,0.0148765480990227,0.0203462041338006
2016-02-29,-0.0057366711247065,RV_SV,-0.0156402169453729,-0.0181173829649127,-0.0129251591368426,-0.0153556873708363,-0.0103856250975296,-0.0136394380760607,0.0094962426858967,0.0131364902827925,0.0120418460374474,0.0157434571018614,0.0157787939271747,0.0191735056634772
2016-03-01,-0.0003912912430609,RV_SV,-0.0139644452911664,-0.0173341749829828,-0.0118591944761087,-0.0145440793594038,-0.0096717788985283,-0.0124003054010979,0.0088251249057254,0.0124823677784506,0.0111134390901407,0.0149018733715396,0.0145369837930665,0.0187219373884795
2016-03-02,-0.0029026325035861,RV_SV,-0.0140171307320498,-0.0169170780098335,-0.0118388845121084,-0.0144263386582958,-0.0099389842248004,-0.0127805555188091,0.0094522146267029,0.0130019678610747,0.0116766281794987,0.015617490790567,0.0148700753607588,0.0201379499445626
2016-03-03,0.0095704405252106,RV_SV,-0.0138429492452427,-0.0172608199315337,-0.011700512389397,-0.0142510908130488,-0.0097189847418833,-0.0123715444528363,0.0090245399482905,0.0128646727721926,0.0112731979512244,0.0150957511311383,0.0145967734488087,0.0202448008589495
2016-03-04,0.0069825174537318,RV_SV,-0.0132445687597521,-0.0161967994543334,-0.0112585569507809,-0.0140597858608102,-0.0095694097141318,-0.0122322121903075,0.0090214912535801,0.0127938711805768,0.0112323168485191,0.0153370707525869,0.0144265585047699,0.0208314812039849
2016-03-07,-0.0022416691399907,RV_SV,-0.018147827771788,-0.019697088726674,-0.0148469695694412,-0.0184516834261017,-0.0123544423848818,-0.0159979422194673,0.0117653599390437,0.0149017420357487,0.0141714959144595,0.0173242760028034,0.0166259967443191,0.0194439489468424
2016-03-08,0.0066444221333243,RV_SV,-0.014014684117445,-0.0182867398523145,-0.0118699160947346,-0.0142617324783824,-0.0095481798948373,-0.0124234229613731,0.0089032651770103,0.0125517374547848,0.0105925288992149,0.014661519212618,0.0142719610264468,0.0194705849989347
2016-03-09,-0.004561732255959,RV_SV,-0.0139266996943996,-0.0166454460169193,-0.0117541356046348,-0.0143352752185352,-0.0095379532477175,-0.0124911537931106,0.0090274333457335,0.0124347351376589,0.010870555753431,0.0148903677708159,0.0141825565358394,0.0188199188909872
2016-03-11,0.0136837330604408,RV_SV,-0.0144509431641569,-0.0168609749928379,-0.0121556534332438,-0.0150556943071946,-0.0097302999549328,-0.0125845487883714,0.0090930240686742,0.0124151076240931,0.0108831020286542,0.014744159881376,0.014374628296825,0.0191568671001438
2016-03-14,-0.004680020578913,RV_SV,-0.0163858951439565,-0.0182510254373152,-0.0135186203401336,-0.0163858859695772,-0.0109164976874804,-0.0139622210664302,0.010945626180157,0.0137198615524008,0.0127932977453864,0.0156686958305806,0.0149268661435727,0.0184632917874521
2016-03-15,0.0004950873930357,RV_SV,-0.0138830204146131,-0.0168675051092382,-0.0116136763764575,-0.0142633944395859,-0.0093267602432059,-0.0123259901290329,0.008613663957231,0.0120523107310222,0.0107674873957368,0.0142716605797817,0.0141158743794921,0.0181943891171297
2016-03-18,0.016055764446832,RV_SV,-0.0142414207002411,-0.0171793903386971,-0.0118192316940819,-0.0146323279855383,-0.0092992056385864,-0.0124615046090753,0.0087344832090929,0.0120101344269498,0.010720365279127,0.0139506951653156,0.0136488972694786,0.0170331883118573
2016-03-21,-0.0028446115160122,RV_SV,-0.0140458579286662,-0.0167573158915269,-0.011609522441142,-0.0144153649295897,-0.0092361652909392,-0.01210935971107,0.0086817996302731,0.0118350723868824,0.0106418047432435,0.0140012699135784,0.0136843952230866,0.0172572963106616
2016-03-22,-0.0028705398245136,RV_SV,-0.013740812061681,-0.0179276043941265,-0.011410113787478,-0.0141456846942852,-0.0089560245524941,-0.0120211481344219,0.0084212880810494,0.011904394535989,0.0103059545104502,0.0136404092684629,0.0136853347789804,0.018078714107142
2016-03-23,-0.0046937388160407,RV_SV,-0.0147307755640419,-0.0173158462504854,-0.0120471236092242,-0.0146665811052739,-0.0095670823653591,-0.0124834334169452,0.0087113792603067,0.012217181544531,0.0114105749682188,0.0144500458336997,0.0145718016377419,0.017679899632176
2016-03-24,-0.0010990549458566,RV_SV,-0.0136254363223285,-0.0164921508229687,-0.011151759048618,-0.0136089157231422,-0.0090576738272921,-0.0119249331229478,0.0083674891910151,0.011659439410706,0.0105989271061342,0.0141573628961816,0.013854048162601,0.01812886695251
2016-03-29,0.0035703105550486,RV_SV,-0.0135991234297434,-0.0164177379138543,-0.0111857015387525,-0.0137415658966812,-0.0091016227018905,-0.0119834259531168,0.0083918603658976,0.0117472378138686,0.0106259231460453,0.0140677621770963,0.0138421608928858,0.0180247054499961
2016-03-30,0.0112796206562133,RV_SV,-0.0137933717590492,-0.0168450401517132,-0.0113660871038925,-0.0140679767406823,-0.0090095334860309,-0.0119813049131696,0.0083074957048125,0.0116213438034981,0.010588584051125,0.013881711552443,0.0138931887139243,0.0174763063458088
2016-03-31,0.0052863016302368,RV_SV,-0.0127886370792743,-0.0159896820045413,-0.0106372942095739,-0.0134246899033586,-0.0096066337523842,-0.012025439241479,0.0096248371427988,0.0126709964388433,0.0113370567490375,0.0143667832822474,0.0128570863491717,0.0184980893146916
2016-04-01,-0.0004303096100087,RV_SV,-0.0137659362522874,-0.0164594181498967,-0.0113885042069752,-0.0141433231310696,-0.0091828104670529,-0.0120147557153174,0.0086597823967454,0.0120612002754851,0.0108383554245767,0.01408193154312,0.0137162206806938,0.0178708143919049
2016-04-04,7.90503419340061e-05,RV_SV,-0.0161073386868433,-0.0187962514882264,-0.0131575114667955,-0.0158967828310599,-0.0099980640191767,-0.0134992053408329,0.0092381225779739,0.0124018892793814,0.0117089520906431,0.0147425920621092,0.0147155477896679,0.0167938159035244
2016-04-05,-0.0006743244107252,RV_SV,-0.0137974727674138,-0.0163878145065172,-0.0115432024561611,-0.0140739323195992,-0.0090013320327303,-0.0119173350104753,0.0083626566139574,0.0115574172021906,0.0103747132522868,0.013551657535879,0.0136805661718342,0.0177800362260604
2016-04-06,0.0044220357922714,RV_SV,-0.0146422185189936,-0.0176379922894648,-0.0120624822161336,-0.0147828432563188,-0.0093324286994949,-0.0125572150197775,0.0086814602551075,0.0117452846871199,0.0109126716250658,0.013943982016588,0.0139346603475636,0.0173996567120584
2016-04-07,-0.0037213626561642,RV_SV,-0.0137141809220135,-0.0166063786275028,-0.01138608146197,-0.0141014259503834,-0.0092458825249239,-0.012154403187608,0.0087161026834776,0.0120993880454747,0.0109517774281421,0.0146222075805411,0.0136967640545555,0.0180458021976567
2016-04-08,0.0016476112820543,RV_SV,-0.0159773043420432,-0.0178671500738235,-0.0131107138968008,-0.0159413608679543,-0.0100873622033865,-0.0137396077981999,0.009287869327371,0.0128080384901651,0.0120824399058941,0.0147867503201107,0.0148361831788405,0.016797571188588
2016-04-11,0.0005610159795632,RV_SV,-0.0135139223133141,-0.0171051303314258,-0.0111421131093929,-0.0136600673736021,-0.009129181243244,-0.0119483049507479,0.0086991336442463,0.0121889490504084,0.0107118401135179,0.0142624602016835,0.0137524798733832,0.0178784945859016
2016-04-12,-0.0014053244588778,RV_SV,-0.0134603754541436,-0.0165223624177541,-0.0112624637506884,-0.0137415089024317,-0.0089796585534637,-0.0119087755635923,0.0084718861722637,0.0118716717141188,0.0105625948273421,0.013991210793202,0.013704850407654,0.017669513191543
2016-04-13,-0.0101322904434798,RV_SV,-0.0143822739035623,-0.0173500690767308,-0.0117790768153261,-0.0144001054619279,-0.0091967810836684,-0.0122790437845341,0.0085499767943137,0.0117510116447682,0.0108786717850724,0.0138877151335286,0.0136891179898629,0.0168111476789858
2016-04-14,-0.0015681371995099,RV_SV,-0.0146780634133213,-0.0176414261754734,-0.0120573348863155,-0.0148432713808404,-0.0093310841906774,-0.0127746546567205,0.008525760245653,0.0119465591164888,0.010994490013241,0.014049194767328,0.0139934838179528,0.0160022903176856
2016-04-15,0.0027708524239453,RV_SV,-0.0136174531485123,-0.0165976209785764,-0.0112649082907251,-0.0140250000734786,-0.0090177607640008,-0.0118306704251751,0.0083572267932247,0.0118155103618682,0.0106914105314244,0.0137637571721355,0.0136726344819891,0.0176065711691201
2016-04-18,0.0025159248235942,RV_SV,-0.0134094465245084,-0.0161960226182557,-0.0110047532486239,-0.013675650141845,-0.0088860971222007,-0.0117485265569524,0.0081947380129915,0.0116500571567543,0.0105350537116034,0.0142149119059014,0.0136335248834905,0.017138563589932
2016-04-19,0.0046745424354832,RV_SV,-0.0134128718533097,-0.0161034679222172,-0.0110237276249043,-0.0137001752712585,-0.0086673745197548,-0.0117080161495005,0.0079639138281429,0.0112969229247756,0.010269210924195,0.0135084935497467,0.0132890908314142,0.017845528406573
2016-04-20,-0.0041094409670746,RV_SV,-0.0129421991879339,-0.0162946443769453,-0.0107114871949476,-0.0133481485782611,-0.0085641926686941,-0.0113140035402709,0.0079000518500352,0.0111882709638992,0.0101734849617959,0.0136124609346352,0.0132113748337789,0.017504433980483
2016-04-22,-0.0079784445814723,RV_SV,-0.0133756802073571,-0.0161475333605938,-0.0109496265009369,-0.0135426438337796,-0.0086486915477902,-0.0115686567463134,0.0079176171490918,0.0112719616369372,0.0103319369491693,0.0132729641035543,0.0134037099913412,0.0184567360456151
2016-04-25,0.0030606466792847,RV_SV,-0.0139505984130358,-0.0174135340937356,-0.0112148398219112,-0.0141664200638826,-0.008866772969419,-0.0118740208853355,0.0079750752371756,0.011124388171627,0.0105745508953329,0.0137699803023727,0.0137850078973206,0.0159703985332937
2016-04-26,0.0038933162355876,RV_SV,-0.0126994871133797,-0.0166456919946137,-0.0103885009482374,-0.0128484319135754,-0.0084709210725918,-0.0113434069772188,0.007768362136681,0.0109386780869096,0.010107751311763,0.0133863766559627,0.013081012723749,0.0177031443465163
2016-04-27,0.0004770444536875,RV_SV,-0.0127105109585129,-0.016257896882135,-0.0104221505410543,-0.012829506597972,-0.0084946868631608,-0.0111823268451648,0.0078447382986749,0.0113066319469178,0.0101833348731248,0.0138649487060044,0.0130732324161619,0.017274111333557
2016-04-28,0.0001589642598704,RV_SV,-0.0133062100331068,-0.0156782366107954,-0.0106810700129347,-0.0133843935658374,-0.0086299852526254,-0.01155971946681,0.0078397658153342,0.0110123204226133,0.0103038193628117,0.0135328638666056,0.0133895837239941,0.0167907935432419
2016-04-29,0.0102307738220157,RV_SV,-0.0149641693242922,-0.0183294896384064,-0.0120816322726545,-0.0152416429051187,-0.0094042340226779,-0.0125217940134329,0.0084811831707646,0.0118806525544273,0.0113093167058933,0.013145114449339,0.0139594885482339,0.0160315106928621
2016-05-02,0.0065124674491193,RV_SV,-0.013407064948716,-0.0158705216327489,-0.01099963862245,-0.0134427617597778,-0.0089648793015855,-0.0116174157867467,0.0085354297697959,0.0117879561918845,0.0106356258830431,0.0139063904215016,0.0130007043731676,0.0172064232409997
2016-05-03,-0.0007427597557216,RV_SV,-0.0131923905247561,-0.01674209300833,-0.010630155622483,-0.0132311948319609,-0.0086666449714864,-0.0115911081125272,0.0081132111036669,0.0111204865238833,0.0102194321525577,0.0139038021789538,0.0128908246180509,0.015439248640675
2016-05-04,-0.0018571399736249,RV_SV,-0.0143584156210857,-0.0176853049262501,-0.0113954440316122,-0.014455469666492,-0.0090564329946259,-0.0122050496242327,0.0083532812353035,0.0115849939047475,0.0105129793166258,0.0136610628089949,0.0133737640892426,0.0156668836597491
2016-05-05,-0.0072154688020813,RV_SV,-0.0154979763012164,-0.0186982531156461,-0.0124009183352406,-0.0154520535108672,-0.0095065486471897,-0.0128554096180542,0.0089598230522703,0.0118447054961031,0.011131986288733,0.0132280636960448,0.0138310995494954,0.0138778406168672
2016-05-06,0.0014568974609997,RV_SV,-0.0149020333078584,-0.0175233613759611,-0.0117545316549024,-0.0149628708168159,-0.0089485194346735,-0.0122270421768782,0.0082151485819579,0.011405543344975,0.0105842671971774,0.0134083408980483,0.0137324806884054,0.0164620899934759
2016-05-09,-0.0015511759619538,RV_SV,-0.0146329193994995,-0.0178326669600146,-0.0117069458617137,-0.0146208713275035,-0.0091109372773934,-0.0122371413235839,0.0083544289217959,0.0114134317321006,0.0106862449114639,0.0135131070891858,0.013580995577031,0.016574883898129
2016-05-10,-0.0014811192945844,RV_SV,-0.0138289433639482,-0.0166547419525803,-0.0110167795207359,-0.0138727560424901,-0.0087074859975918,-0.0116650805146271,0.0080240450897675,0.0113221347815271,0.0100050206779586,0.0126252435700091,0.013162517141672,0.016025092106986
2016-05-11,0.0052103926886608,RV_SV,-0.0139356164495425,-0.016563439269982,-0.0110101452483374,-0.0139655101739403,-0.0087248834354857,-0.0115727291206,0.007931185555295,0.0109753903105265,0.0102183121376699,0.0134647494391722,0.0131212005254775,0.0156571840543008
2016-05-12,-0.0056276962984629,RV_SV,-0.0129706655894184,-0.0161867536438432,-0.0102970176080566,-0.0130970585659192,-0.0082731793290354,-0.0110440597803005,0.007572104228986,0.0107997823798124,0.0098122072419657,0.0127577562970155,0.0129029423652238,0.0166952488660463
2016-05-16,-0.0046261464818947,RV_SV,-0.0132739344433577,-0.0157952855706044,-0.0106068019368642,-0.0134660625007946,-0.0082952798833725,-0.0113227360610934,0.0075391423670166,0.0107856829470207,0.0099563643621545,0.0131152482860488,0.0130042583788581,0.0165622902172338
2016-05-17,0.0007809656573508,RV_SV,-0.0124801901098144,-0.014924145369158,-0.0098059367105079,-0.0128409976969999,-0.0080789825326964,-0.0109963072930006,0.0073369334001069,0.0106647577948019,0.0097013009947763,0.0127870499480033,0.0127740048743194,0.0167360757431521
2016-05-19,-0.0109091507217855,RV_SV,-0.0127642283071693,-0.0158940283053649,-0.0100717645041574,-0.0128815694165736,-0.0081622441520372,-0.0110302154325636,0.0073303862805169,0.0107259385559203,0.0097845788004059,0.012908322448801,0.0129450291873514,0.0159670051388269
2016-05-20,-0.000611054757475,RV_SV,-0.0155471265701167,-0.0181178403728811,-0.0122935133320624,-0.015378219853027,-0.0092261431205145,-0.0126860192021391,0.0081638935615502,0.0112638899317219,0.0111126395242516,0.0129520717009178,0.0141512411633919,0.0150895006281381
2016-05-23,-0.0013304464314895,RV_SV,-0.0129220026349424,-0.0161814942758783,-0.0103872246216692,-0.0131806850090059,-0.0082657009533931,-0.0110987964524012,0.0073712958897032,0.0107303353417495,0.0097901535175081,0.0130941218977229,0.0128499958477535,0.0166585856596713
2016-05-24,-0.0042868609205435,RV_SV,-0.0128792540884403,-0.0160312077208003,-0.0104962246082426,-0.0131924037767931,-0.008210458572128,-0.0110077680602726,0.0073416245569484,0.0106083159977854,0.0097235117287799,0.0127917003552936,0.0128519726862302,0.0158032116696638
2016-05-25,0.0008005642499124,RV_SV,-0.01337475373605,-0.0168306117337975,-0.0107351508880198,-0.0134728877063511,-0.0084080608832919,-0.0111524976536814,0.0075375635975072,0.0108043471934289,0.0099178899043223,0.0128296126135635,0.0130215738748963,0.0145819640549763
2016-05-26,0.002708639524593,RV_SV,-0.0129109122617424,-0.0161008505182704,-0.0103839658766886,-0.0131885273821687,-0.0081999450687106,-0.0112095829894171,0.0073302253455813,0.0105711212618357,0.009679397604891,0.0126196053679109,0.0127214485494854,0.0165362546477335
2016-05-27,-0.0039220699466611,RV_SV,-0.0128081060039056,-0.0158834456012241,-0.0103720895980645,-0.0126796428854482,-0.0082086218849225,-0.0110794625096485,0.0073697183163791,0.0104545619626331,0.0098215900491891,0.012979913738123,0.0129072774313492,0.0147466798525845
2016-05-30,-0.0001907837965252,RV_SV,-0.0129067877527513,-0.0165718970526591,-0.0104019911929673,-0.013106372229283,-0.0081673439752605,-0.011365587898151,0.0072345340757501,0.0104660757356921,0.0097472134217876,0.0126218996993788,0.0128884553310081,0.0159485152273739
2016-05-31,-0.0002514412987618,RV_SV,-0.012251991755787,-0.0157416984152251,-0.0099414418956232,-0.0124446663273683,-0.0078504607761851,-0.0102776953819347,0.0069105685853503,0.010057462010562,0.0093302127924996,0.0124126106471232,0.0126136484764047,0.0159658617192676
2016-06-01,0.0026437037992532,RV_SV,-0.01316631941383,-0.0171503128350289,-0.0104311039876023,-0.0133623230864831,-0.008215030539817,-0.0112059348793808,0.0073415666857858,0.0106786643277567,0.0098938581256263,0.0131006601957335,0.0130362067494705,0.0160934111697963
2016-06-02,-0.0006832399277892,RV_SV,-0.0130592959740431,-0.0156520012731867,-0.0104861799547919,-0.0132968966726702,-0.0082968236402674,-0.0113072966671924,0.0074823378285171,0.0106368983481852,0.0098814565800842,0.0125284495993731,0.012646194023758,0.0156415168446021
2016-06-06,0.017449115740013,RV_SV,-0.0139346889572818,-0.0161088415016089,-0.0110295121987898,-0.0138776053183825,-0.0087681925202068,-0.0117007561145166,0.0080765812926387,0.0108485395594661,0.0104505487800519,0.013097358778881,0.0127350447265427,0.0145889441614214
2016-06-07,-0.000275304626306,RV_SV,-0.01303689534102,-0.0163168927614468,-0.0103553293081773,-0.0135218444283805,-0.0080696018637201,-0.0110645558544637,0.0073309907978255,0.010224690131958,0.0095554119643245,0.0130309185778634,0.012798573241875,0.0159040165720781
2016-06-08,0.0045076454522679,RV_SV,-0.0135038443140086,-0.0168681274738758,-0.0107538768870235,-0.0133417054523074,-0.008321299097932,-0.0112344638440108,0.0076249203112907,0.0106153870617491,0.0098198328049264,0.0127038929939081,0.0130002546905249,0.0151228993479226
2016-06-09,-0.0063817296290055,RV_SV,-0.0129405677597804,-0.0161761888248309,-0.0103633086286673,-0.0132310308488954,-0.0079389044258537,-0.0108273067223565,0.0071919810185385,0.0100922708955545,0.0092898419206139,0.0124123187346185,0.0122439122296673,0.0148103311957169
2016-06-10,-0.0042395482052909,RV_SV,-0.0147048130815331,-0.0171091898653641,-0.0116370524892125,-0.0148948255371531,-0.0085832032959119,-0.012164021100442,0.0075784505153682,0.0106214883934256,0.0101660260247219,0.0127879758574138,0.0130555376953768,0.0143019142929636
2016-06-13,2.88108115913677e-05,RV_SV,-0.0137535500880473,-0.0164797534215434,-0.0108597026384096,-0.0137651051679972,-0.0080932019664466,-0.0112735308087262,0.0073809899915186,0.0101751689909986,0.009905438554905,0.012397266464221,0.0129780120311114,0.0142348813784015
2016-06-14,-0.0067756164509775,RV_SV,-0.0130901620174701,-0.0163886187388865,-0.0104926433778864,-0.0132573348462919,-0.0079435647846484,-0.0111128711940278,0.0072936127207865,0.0103875772447195,0.0095158901709789,0.0121931446675717,0.0125345996159003,0.0152392033448295
2016-06-15,0.002978742197716,RV_SV,-0.0139804626341543,-0.0166448749887015,-0.0109285385955118,-0.013766582448875,-0.0082886936586059,-0.0116825161012598,0.0073988917180212,0.0104412298372655,0.0098084235370526,0.0124691956798956,0.0128470603624294,0.0145830540881871
2016-06-16,-0.0072271314071089,RV_SV,-0.0132489589069655,-0.0168722181434403,-0.0106218854354546,-0.013292226057133,-0.0080905393268529,-0.0111946601546492,0.0075106533865315,0.0103943840628493,0.009772898148112,0.0127367866819661,0.0128111200331713,0.0153295501344269
2016-06-17,0.0087431690160023,RV_SV,-0.0152933674435091,-0.0159482398227792,-0.0120524085729459,-0.0150589613674826,-0.0091025032151278,-0.0126269342780903,0.0083636900306921,0.0112170637208127,0.0111242220970955,0.0130036857702379,0.0140648847315339,0.0143128808777577
2016-06-20,0.0055487953324396,RV_SV,-0.014265250291465,-0.0170402941865763,-0.0115193127252095,-0.0142893069152004,-0.0094367729296262,-0.0130454268704282,0.0095882241200086,0.0130824160604937,0.0120169565821231,0.014464073976151,0.0144062968738143,0.0175677585030989
2016-06-21,-0.0049736583329462,RV_SV,-0.0136386437886757,-0.0173614182880592,-0.0112323780790011,-0.0142627075972217,-0.0085047909664334,-0.0117722723558905,0.0076678503445329,0.0106065796292767,0.0096812178036906,0.0119822378450084,0.0128885574578615,0.0138126133673674
2016-06-22,0.0021798506686406,RV_SV,-0.0144664065126685,-0.0164828286632524,-0.0116824099202921,-0.0145887991725888,-0.008798049011371,-0.0124189969907229,0.008402518765311,0.0111472279089733,0.0104073892051732,0.0130648675564776,0.0130687106110686,0.0147521466802519
2016-06-23,0.007435076937904,RV_SV,-0.0140894777221615,-0.0167957281819715,-0.0114317672294975,-0.0141928253879376,-0.0087040128015535,-0.0117541725374049,0.0079952692707897,0.0112676216011714,0.0100683465118897,0.0127821737667013,0.0128804397035733,0.0162679574143301
2016-06-27,-0.0310753349769444,RV_SV,-0.0154409298187422,-0.017452582918211,-0.0125487978639508,-0.015272551995883,-0.0099110916708044,-0.0132718307195182,0.0098540752147091,0.0122119130969602,0.0118492233618855,0.0147604014721683,0.0143412933420944,0.0161878451118062
2016-06-28,0.0027610280222596,RV_SV,-0.0164165522096798,-0.0203291838520214,-0.0130094890838798,-0.0168146551085297,-0.0101815990720926,-0.0146688939861604,0.0100743900479996,0.012468335477714,0.0118867326510808,0.0149410459254006,0.014954187443136,0.0179298372686235
2016-06-29,0.005755697143874,RV_SV,-0.0159710249915837,-0.0202650311416791,-0.0131633969765659,-0.0169879804935767,-0.0098279903786044,-0.013282118079173,0.0093896332605497,0.0119777817531972,0.0114357665882897,0.0138479624018725,0.0141498056096835,0.0160649238453168
2016-06-30,-0.0074716662609592,RV_SV,-0.0159081329664146,-0.0200652711925433,-0.0131849230676523,-0.0164060622761001,-0.0100402948736557,-0.0140495680956176,0.0095733430254169,0.0125342517878123,0.0114550813313435,0.0147830078263095,0.0137853238087014,0.0153382626511547
2016-07-01,0.0099625793146906,RV_SV,-0.0213344076354382,-0.0229232386293981,-0.0174039784368397,-0.0224159277936824,-0.0120410317599766,-0.0169886958265519,0.0117355177201623,0.0129881812953711,0.0139383997157633,0.0152880737281994,0.0161769664943835,0.0157915386586777
2016-07-04,-7.40314499395461e-05,RV_SV,-0.0158506995282972,-0.0198400973403616,-0.0133401129513557,-0.0168580788148885,-0.0103762663760623,-0.0141637090290579,0.0099850227467344,0.0135013374264882,0.0118052563213379,0.0144286645297023,0.0146888091757172,0.0179933006995273
2016-07-05,-0.0057507886933884,RV_SV,-0.0142013278907585,-0.0160701440766645,-0.0123223034602825,-0.0151706112569678,-0.0093376691129337,-0.0121677739602735,0.008224490990435,0.0117706199451021,0.0105569313680607,0.0142765325775195,0.0135339931911842,0.0182784886095641
2016-07-06,-0.0003588318369729,RV_SV,-0.0154332540709042,-0.0189131630905949,-0.0129709074585021,-0.0160503507494273,-0.0099770044996775,-0.0133114803682816,0.0093266403889482,0.0126546636575899,0.0115198278520297,0.0148002433117524,0.0144105321964881,0.0167020113587863
2016-07-07,-0.0009959249204809,RV_SV,-0.015486171012433,-0.0192976656835491,-0.0128183890495556,-0.0160977132126179,-0.0100691222389849,-0.0135668484673018,0.0095600669910082,0.0131079010673362,0.01183441251101,0.0152065221392634,0.0147141980612199,0.0179424752352415
2016-07-08,-0.0025655135933361,RV_SV,-0.0146343019909987,-0.0181403837442505,-0.0120121353757671,-0.0150713894466339,-0.0097661662817262,-0.0129042476922205,0.0092006912046544,0.0126702702997564,0.0115869361341331,0.01529422879164,0.0147662082246741,0.0181092260024451
2016-07-11,0.0007427301106357,RV_SV,-0.0179199644903087,-0.0208265958536514,-0.0142468008992417,-0.0186368463402287,-0.0115322071382022,-0.0155921740520591,0.0115448654722394,0.0139300802467213,0.0138013718544704,0.0171669968388161,0.0169032338445047,0.0179200242966422
2016-07-12,0.0025703845876514,RV_SV,-0.0135643240084552,-0.0168890877587936,-0.0115561679069371,-0.0142233320380017,-0.0094059931250771,-0.0124008128331691,0.0085118459452108,0.0122664724232546,0.0109613599921957,0.0153244855911183,0.0143066446523973,0.0191398611959603
2016-07-13,0.0035069329349693,RV_SV,-0.0141399609990234,-0.0170051252409784,-0.0119619608255246,-0.0146882315750778,-0.0096782783982924,-0.0128443071346133,0.0090095578196552,0.0126894127719666,0.0113713857324215,0.0154444656429532,0.014725556614351,0.0197683139413479
2016-07-14,-0.0003825503100304,RV_SV,-0.0136370410494253,-0.0167204452607172,-0.0115180730666923,-0.0140590910438529,-0.0094816799749306,-0.0121095199016538,0.0087741093610343,0.0126489467442681,0.0112371486619898,0.015407021923786,0.0145229989341168,0.0195108324030536
2016-07-15,-0.0044121400719492,RV_SV,-0.0142770131894725,-0.0169364219270928,-0.011833994426595,-0.0149028449460366,-0.0098879841074582,-0.0128401399081927,0.0094896968340229,0.0134147086665775,0.0118520417968975,0.0160221663382869,0.0149746154735953,0.020516541573684
2016-07-18,0.0015496244245979,RV_SV,-0.0139214140972755,-0.0169417338496574,-0.0114694996924023,-0.0144071061830101,-0.0096649751231662,-0.0123654213544713,0.0091105192104812,0.0133364349874354,0.0117754594921436,0.0164065193177296,0.0152309285236148,0.0213598072283555
2016-07-19,-0.0056294181429335,RV_SV,-0.0130093021720054,-0.015980862231156,-0.0106878000547036,-0.0133167719118891,-0.0091313505437104,-0.0119508558396666,0.008508701650906,0.0129193981301293,0.0110101642654401,0.0154323444864931,0.0147656314906298,0.0208341519146749
2016-07-20,-0.0007607127450148,RV_SV,-0.0136216234943907,-0.0163094184163075,-0.0109116727048221,-0.0136345028161887,-0.009297695239937,-0.0121121072838956,0.0085995834894338,0.012794473327243,0.0112629068780973,0.0161363081380116,0.0147037302478639,0.0200895007365092
2016-07-21,0.0009059771264439,RV_SV,-0.0135269781453773,-0.0165646100255883,-0.0110200497795714,-0.0140724467256164,-0.0092836590281787,-0.0121084104176317,0.0087323997436159,0.0125264624542308,0.0112583865029003,0.0154195013253414,0.0146312772502219,0.0200195212321757
2016-07-22,-0.004326106411038,RV_SV,-0.0136482843251247,-0.016453171658822,-0.0111737316494235,-0.0143651774125869,-0.009513339960346,-0.0122812782707112,0.0090522514231946,0.0130885525492554,0.01162330366257,0.0159602355693461,0.0152001847451255,0.0196650953195225
2016-07-25,0.0010320494386004,RV_SV,-0.0137670019092243,-0.016749729014162,-0.0111551107283216,-0.0136281514040377,-0.0092759394086635,-0.0119495998958336,0.0086565272920117,0.0125269052638088,0.0113626746516331,0.0154283005989013,0.0148345728227345,0.0193232636311321
2016-07-26,0.0003528850667204,RV_SV,-0.0127118245090575,-0.0153614961938769,-0.0104877940956264,-0.0134312221961862,-0.0088112065911934,-0.0110577871329202,0.0080313516598933,0.0121778615917037,0.0107640206207859,0.0146184047732644,0.0143709596854435,0.0205130461496771
2016-07-27,0.0004460506386936,RV_SV,-0.0127722884919773,-0.0163734483640855,-0.0103959135023662,-0.012965741103216,-0.0088076669369369,-0.0113555818417703,0.0080325314765213,0.0115774464883467,0.0106553416821135,0.0146794889309641,0.0140906403716138,0.0195343326231045
2016-07-28,0.0096098848385676,RV_SV,-0.0126785323708997,-0.0155618919402629,-0.0103982188741872,-0.0132169675843654,-0.0085889512597287,-0.0113303259642676,0.0077709038813203,0.0119188378400212,0.0104309044814877,0.014084663123207,0.0137526405342255,0.0186263843218491
2016-07-29,0.0067377527193899,RV_SV,-0.0128382086092889,-0.0175205747873079,-0.010565964647639,-0.0139509884856423,-0.0091412446416167,-0.0122662899854369,0.00883254933648,0.0124548081932601,0.0111734566080421,0.0149626569098606,0.0145625880558376,0.0195156930957808
2016-08-01,0.000559435566496,RV_SV,-0.0127562500280294,-0.0167778038803966,-0.0102247008550333,-0.0131904973034834,-0.0087388614779651,-0.0111214154967,0.0082155035424581,0.0119399650738604,0.0106672449335654,0.0147160373456135,0.0141777239408939,0.0190479032857612
2016-08-02,0.0043974364874211,RV_SV,-0.0126845595635484,-0.0166949276486351,-0.0102613476249421,-0.0127822920683647,-0.0082032391073086,-0.0110723104266125,0.0074073107274395,0.011104540584643,0.0099262558457205,0.0137435623402742,0.0131937708243231,0.0177406717038432
2016-08-03,-0.0048360074691076,RV_SV,-0.0126874738855124,-0.0165972837227653,-0.0100908767378313,-0.0129972313320024,-0.0082115776108511,-0.0111850089885222,0.0073811437632461,0.0108876583419939,0.0098542363309766,0.0134067909669913,0.0130779910077361,0.0173257142979044
2016-08-04,-0.0033133917671772,RV_SV,-0.0130591812188866,-0.0164364845138852,-0.0104207879979547,-0.0135888315191789,-0.0082137516249886,-0.0111159188160741,0.0073889550147923,0.0107893889760164,0.0099171854779797,0.0134356542684122,0.0131445138419665,0.0168846625640477
2016-08-08,-0.0050832953149681,RV_SV,-0.0130887646942743,-0.0163880259549446,-0.0103667276025847,-0.013590328146948,-0.0082994008396581,-0.0115043404623637,0.0074808693614574,0.0110062290640897,0.0100882931720808,0.0132746164310558,0.0132507618494144,0.0167593435790955
2016-08-09,0.0029252636805563,RV_SV,-0.0124914358142228,-0.0156832668937311,-0.0097469861043386,-0.012813986881541,-0.007919079037159,-0.0109164539751899,0.007053925096492,0.0104978689913557,0.0095938923181275,0.0129937674447571,0.0126160862493529,0.0172288995886522
2016-08-10,0.0054714234015888,RV_SV,-0.012405385711952,-0.0162337825337876,-0.0097637048961402,-0.012773459902236,-0.0078557847881552,-0.0106427995572262,0.0070817487026912,0.0106307627437178,0.0095914634011841,0.0131493786493629,0.0128342665859909,0.0163884984439177
2016-08-11,-0.0001701099003586,RV_SV,-0.0125554623115485,-0.0164980519962091,-0.009802311751519,-0.0131182756173773,-0.0077458017325758,-0.010756703254468,0.0071213202315131,0.0104355194269793,0.0094585275220054,0.0125433979213084,0.012783663160694,0.014701143880646
2016-08-12,0.0002954355233464,RV_SV,-0.0127714625892782,-0.0166037207249168,-0.0098718094708292,-0.0133477099172873,-0.0078624793669584,-0.0110555936748974,0.0070087752060562,0.0102066652332408,0.0095837320665042,0.0127077905263886,0.0128591220056412,0.014922438079873
2016-08-16,0.0093239003419545,RV_SV,-0.0130587025198304,-0.0169001944226874,-0.0100056734221769,-0.0136032489717,-0.0080756352028203,-0.0110615276854388,0.0075562005136008,0.0106684273985568,0.0100982081236743,0.0126752978830828,0.0130165763992809,0.015074657485748
2016-08-17,-0.0012201210542552,RV_SV,-0.0137945906356946,-0.0182042770931064,-0.0108009393059525,-0.0142945959781513,-0.0083664662534255,-0.0117874373806689,0.0078888557289168,0.0108280984560875,0.0102217037591434,0.0129103743417707,0.0131579060740843,0.015348864986083
2016-08-18,0.0062490245663607,RV_SV,-0.013028508713864,-0.0163847945342463,-0.0103674854559647,-0.0137248360340519,-0.0078024252452808,-0.0110586062127575,0.0070232945588028,0.010059839248491,0.0093468000588029,0.013001630644645,0.0126908290565944,0.0144129310766018
2016-08-19,-0.0006222651977227,RV_SV,-0.0136288615786434,-0.0181424924886076,-0.0108099838664415,-0.0143347684228748,-0.0082688680675592,-0.0118030885048792,0.008210343620633,0.0108966907640477,0.0101318631064085,0.0129677546360592,0.0129706065097544,0.0148375727878141
2016-08-22,-0.0011705542916646,RV_SV,-0.0137048044095644,-0.0175839748498444,-0.01103962295159,-0.014283241594152,-0.0081397507897874,-0.0114554550816991,0.0073527603742122,0.0102249797188253,0.0096681177018929,0.0124631381295393,0.0127101691449947,0.0145174077501878
2016-08-23,-0.000526091264651,RV_SV,-0.013043240826097,-0.016874246249244,-0.0104846181297047,-0.0134141779805271,-0.0077154016497826,-0.0105433948190508,0.0070665917188281,0.0101050176502321,0.0092885695016732,0.0118551092798463,0.012560168727796,0.0142306925518246
2016-08-24,-0.0044896487911945,RV_SV,-0.0128771844355163,-0.0165492407188111,-0.009911096282694,-0.0133570540860338,-0.0076680220024696,-0.0109839895354553,0.0069618242331448,0.0100448373664421,0.0091929275567287,0.0122107297493004,0.0125052982903043,0.0150824719385475
2016-08-25,0.0016200157555465,RV_SV,-0.0133935707077654,-0.0171598477808439,-0.0103025767833814,-0.0135099006628093,-0.0078087722665669,-0.0110209523500226,0.0071099251164722,0.0100917985861418,0.0093879679040333,0.0122064055010618,0.0124388080876949,0.0144047979194153
2016-08-29,-0.008352262135874,RV_SV,-0.0126175040992992,-0.0163417802618255,-0.0096643211360131,-0.0128378651751767,-0.0074943814908886,-0.010666630414617,0.0068354431102218,0.0100896234836674,0.0092029611022857,0.0120788495826997,0.012207850309402,0.0145007556846136
2016-08-30,-0.0027473436691286,RV_SV,-0.0125788800229624,-0.0163793250073729,-0.0095592772545211,-0.0128384656889556,-0.0075649274205029,-0.0104641169231571,0.0067315629417891,0.0101361701305079,0.0092045928610182,0.0120964291819518,0.0122606100832131,0.0153186352815974
2016-08-31,-0.0003991828018677,RV_SV,-0.0127989902225984,-0.0163405552658948,-0.0097824409270454,-0.0128216258910965,-0.0076115201145304,-0.010527015810873,0.0069277510725338,0.0101365293308016,0.0092191087600699,0.011821898219628,0.0122826590324412,0.0151304667099318
2016-09-01,0.0043018712978311,RV_SV,-0.0127075529528458,-0.0165687669912566,-0.0096783302946394,-0.0132619616357676,-0.0076522597420886,-0.0108440446204476,0.00695284718333,0.0101387366804036,0.0092545245883692,0.0124343162136688,0.0122867661582904,0.0151435146456167
2016-09-02,-0.0032437128430079,RV_SV,-0.0124012642561914,-0.0169277834265287,-0.0095850151006868,-0.0130455419612688,-0.0075999722875543,-0.0111011320706315,0.0072801055102406,0.0103463951810362,0.0093115990454739,0.0121831283616979,0.0124207724610448,0.0139357156553208
2016-09-05,-0.0006186177229528,RV_SV,-0.0136888631091136,-0.0185033241547292,-0.010435581337337,-0.0140228452239833,-0.0083135817328967,-0.0117296413949601,0.0080632457685098,0.0110228563400221,0.0101050755054147,0.0128342882602394,0.0133185938533493,0.0151662552268033
2016-09-06,0.0076497283568896,RV_SV,-0.0128694355170319,-0.0164914625978329,-0.0099687222931823,-0.0132592870226896,-0.0075517701623346,-0.0103371712281173,0.0067989306927903,0.0098869798240828,0.0090646939156934,0.011693695633154,0.0119658133798642,0.0149863476415782
2016-09-07,9.56694022170162e-05,RV_SV,-0.0125302212718848,-0.0169730339102378,-0.0098481602943,-0.0138243344523566,-0.0077703755941345,-0.011103966957567,0.0076819058603331,0.0106947170838216,0.0092585154326376,0.0124776268771178,0.0124318743297629,0.0154558494642026
2016-09-08,0.0017027183137064,RV_SV,-0.0132433059619149,-0.0167849226342227,-0.0103038526141676,-0.0136198628717416,-0.0079397637154061,-0.0109377672516349,0.0073992520742011,0.0102859435758278,0.0092853410419335,0.0120552048835077,0.0126838344105753,0.0148165038652868
2016-09-09,-0.0038363161494205,RV_SV,-0.0140152943374269,-0.018275289359177,-0.0108451722381208,-0.0146468007968568,-0.0083929526893306,-0.0119694846072819,0.0079381706363526,0.010883127739338,0.0099323838805587,0.0122384095543995,0.0126590475894475,0.014279318091224
2016-09-12,0.0014125145772215,RV_SV,-0.014019740983845,-0.0177166648779748,-0.0108004557257618,-0.0141838672447385,-0.0081566464894128,-0.011574231755712,0.0075825127016617,0.0104416511568846,0.0098568486699563,0.0126092593645059,0.0132270387939833,0.015183120020747
2016-09-13,0.0011125649772926,RV_SV,-0.0130902398705577,-0.0163883784872059,-0.0101528662680066,-0.0134131673389304,-0.0077467538148983,-0.0110926485683303,0.0073292038541936,0.010412101466236,0.009229788263844,0.0126745944589844,0.0123900328846704,0.0146141822309227
2016-09-14,0.0025453388091118,RV_SV,-0.0135625617422195,-0.0177567763195703,-0.0105359905030169,-0.0137437863265647,-0.0080769972649473,-0.0111991290421469,0.0075901637533639,0.0105830295723522,0.0098255280519398,0.0131857587988635,0.0128074998109538,0.015652055568825
2016-09-15,-0.0021940254940592,RV_SV,-0.0134542477141447,-0.0169536574087083,-0.0104232082896567,-0.0137140293320612,-0.0080907883171761,-0.0110978738222407,0.0076140481327799,0.0106473798110929,0.0096075086990131,0.0125798212924158,0.0127131686663594,0.0149304791892635
2016-09-16,-0.0077620284327517,RV_SV,-0.0135519762530784,-0.0169833513920363,-0.0104956581615186,-0.0140718444119767,-0.0079505655124707,-0.0112771694581443,0.007392845715972,0.0102951856216828,0.009593974702901,0.0122515600306054,0.0127211211024019,0.0156610620332851
2016-09-19,0.0018175799859058,RV_SV,-0.0140631916774923,-0.017259029384112,-0.0107410164207504,-0.0137621578547585,-0.0080727416965785,-0.011479231771128,0.0074835834481918,0.0102828163023583,0.009687874131251,0.0127408308095774,0.0129614551219831,0.0138519751846226
2016-09-20,-0.0005972880615939,RV_SV,-0.0126234353522985,-0.0163262226201877,-0.0099000992701903,-0.0130007756507748,-0.007540991744105,-0.010767564347538,0.0069458781085898,0.0100995737013785,0.0090199567062795,0.0124029841431017,0.0122464794195755,0.0147462785659317
2016-09-21,-0.0007096032899216,RV_SV,-0.0128373034353923,-0.0163770285208874,-0.00992603221372,-0.0129940589189671,-0.0076023936038741,-0.0107833238625855,0.0070681201919771,0.0101316169797388,0.0092433635273297,0.0122919901594511,0.0126574681663473,0.0153611050682536
2016-09-22,0.0057206682289573,RV_SV,-0.0127625085862134,-0.0160393077130291,-0.0097875799128978,-0.0129589235805875,-0.0075434371229145,-0.0106296733156708,0.0069967958803168,0.0102668146307928,0.0092176138908183,0.0128136730995468,0.0124313098966115,0.0146339481576925
2016-09-23,-0.0004854985252026,RV_SV,-0.013036442607976,-0.0175141940032325,-0.0101948971707569,-0.0135973865676203,-0.0082005203986753,-0.0114905239349337,0.0081838013084585,0.0105099511139412,0.0100684187747305,0.0132364075603866,0.0134598062812832,0.0173186455432129
2016-09-26,0.0041125882982113,RV_SV,-0.0130464464499389,-0.0168963379059487,-0.0100999862776309,-0.0131735134851462,-0.0077471605548882,-0.0109893778115123,0.0071827659960622,0.0102284104993149,0.0094048313051637,0.0122835953446348,0.0126638540709329,0.0147344044882376
2016-09-27,-0.005470116601839,RV_SV,-0.0126720002917237,-0.0163753778055472,-0.0097271623500095,-0.0131368919348045,-0.0075574282937366,-0.010774709098768,0.007087879281463,0.0100681453330606,0.0091244007817168,0.0123305275699795,0.0124602639668939,0.0149730329455645
2016-09-28,-0.0006761076540569,RV_SV,-0.0131751166245489,-0.0168090011659402,-0.0101716139523605,-0.0133305629929162,-0.0077492848786753,-0.010737202254256,0.0070896562655751,0.0102660416492413,0.0093961491656251,0.012284883268063,0.0125392931113086,0.0153431759436253
2016-09-29,0.0039386443007122,RV_SV,-0.0130022508277482,-0.0170995253294648,-0.0101047148701521,-0.01357200867458,-0.0076938070558041,-0.0108898649061742,0.0069939788580592,0.010365460777145,0.0090812688945814,0.0123205259239422,0.0125764821426246,0.0150133562634445
2016-09-30,-0.0005782403861854,RV_SV,-0.012620267181149,-0.0163910550098392,-0.0097594158437423,-0.0128960909866125,-0.0076493353791841,-0.0106853936215921,0.0070927174739021,0.0103624881685395,0.0091717848991688,0.0126892228530474,0.0127029239887292,0.0155672264173565
2016-10-03,-0.002407737100696,RV_SV,-0.0136383183740422,-0.0177536757148553,-0.0103790590091323,-0.0140488311302698,-0.0082455712517508,-0.0115507043436625,0.0080059060379276,0.0111031408672557,0.0100798778522052,0.0128476904804593,0.0135924534942119,0.0163184429944186
2016-10-04,0.000113723911913,RV_SV,-0.0126902244997992,-0.0161619792223565,-0.0098205538676408,-0.0127774194814702,-0.0075860838208924,-0.0104930015436304,0.0069216089104751,0.0100545696739886,0.0091016620941534,0.0123033067509813,0.0124142611063765,0.0148942570972397
2016-10-05,-0.0015352485297633,RV_SV,-0.0130976242461308,-0.0172375740536052,-0.0101180896323036,-0.0138773816231516,-0.008087954240719,-0.0113590241200099,0.0079582678835426,0.0107598886605534,0.0099092419047837,0.0127593221625224,0.0132275078910388,0.0162143609345992
2016-10-06,-0.0033867626632179,RV_SV,-0.0137280111044056,-0.0177809977670185,-0.0105366248588056,-0.0140376129680386,-0.0080416069201463,-0.0114806934338503,0.0074373341057821,0.0104351338735961,0.0096241990404234,0.0120473244538928,0.0128962980227255,0.0150638024488325
2016-10-07,-0.0001165260885303,RV_SV,-0.0136012865921136,-0.0172493428207689,-0.010342513238623,-0.0135935936266004,-0.007890938503637,-0.0110837444176219,0.0073024247209191,0.0102671523127909,0.0092127838405404,0.0125501732486847,0.0124578321159328,0.0142280370018284
2016-10-10,9.85998817598782e-05,RV_SV,-0.0137826790077824,-0.0186417969119397,-0.0107288877807439,-0.014416077863842,-0.0083943509024264,-0.0120901843531894,0.0082569953880567,0.011026086455901,0.0099544987978648,0.0131468577851637,0.0135153770060704,0.0163425938040814
2016-10-11,-0.0086057269137893,RV_SV,-0.0130850630715981,-0.016968237295349,-0.0099067561220763,-0.0136217013165423,-0.0075665471487498,-0.0106027650304762,0.0071815090495677,0.0101120687142661,0.0087394759267433,0.0126612577116812,0.012033655997875,0.0154163919578262
2016-10-12,-0.004380736327038,RV_SV,-0.0136499226881301,-0.0169516803216033,-0.0104192313302811,-0.0137721294735791,-0.0078999256169083,-0.0110946144849725,0.0071506579113581,0.0101096191747216,0.0091656434278677,0.0123253786805712,0.0125933400945866,0.0148944201513265
2016-10-13,0.0023263997794627,RV_SV,-0.0137382472018731,-0.0181203226434938,-0.0105692699830781,-0.013931788680609,-0.0080819583134292,-0.0115949630965936,0.0074962768943435,0.0104171618417666,0.009430819437116,0.0123109893358362,0.0128436641614777,0.0145683803855955
2016-10-14,-0.0048584782765671,RV_SV,-0.0141315393029633,-0.0181452489169566,-0.0110294793512494,-0.0145058748678052,-0.0084677445012076,-0.0119028052950516,0.0079152424427333,0.0106144133016441,0.0099335340701591,0.0125168139032321,0.0134621860237158,0.0155572322282253
2016-10-17,0.0013304815234723,RV_SV,-0.0132738457091301,-0.0170421238783116,-0.0102762133643076,-0.0135465552708525,-0.0079488876970881,-0.0111797555869479,0.007427231304876,0.0102864022668848,0.0093450181565612,0.0123965908827038,0.0128355982497814,0.014510850356346
2016-10-18,-0.0002841422503406,RV_SV,-0.0127182381940207,-0.0166872408965672,-0.0099786995338362,-0.0135008179124352,-0.007703053901361,-0.0106413741675638,0.0070099440144633,0.0101251653290105,0.0089705223328577,0.0118680981445583,0.0124654876379983,0.0152454098143705
2016-10-19,-0.0028321923329207,RV_SV,-0.0132965426780316,-0.0165089969956525,-0.0102606025095176,-0.0134974468653467,-0.0078998820972439,-0.011338932596918,0.0071655192616901,0.0102424663353759,0.0091533989234235,0.0122600752550608,0.0125949819199694,0.0151807855153815
2016-10-21,-0.0091200591823111,RV_SV,-0.0131091859611401,-0.0165949942138029,-0.0102151872481379,-0.0135303561809522,-0.0078981894140209,-0.0112661968363135,0.0074766615558637,0.0106812863328698,0.0093559399477071,0.01209229499469,0.0126069423965135,0.0148486107693491
2016-10-24,0.0019721378797154,RV_SV,-0.0130184443093167,-0.0164235444921011,-0.0101100944977722,-0.0127185331359624,-0.0080759310950846,-0.0109963129150017,0.0072731860786661,0.0103014578662855,0.0092472664392941,0.0120771894635221,0.0127897589956796,0.0140967616099088
2016-10-25,0.0001722049702609,RV_SV,-0.0124864230976212,-0.0159571118712357,-0.0096614510814309,-0.0127533975076654,-0.0076435572249231,-0.0105708626779486,0.0071250188283722,0.0102279158343214,0.0090263858065398,0.0125711555304242,0.0124655673638395,0.0160626440362008
2016-10-26,0.0023825668912815,RV_SV,-0.012684320042013,-0.0161777516242114,-0.009776319697811,-0.0129860935534228,-0.0078642602807475,-0.0108348035473527,0.0071295692118666,0.0100683642005541,0.0090101319961596,0.0123483798021824,0.012684566955806,0.0153932995071663
2016-10-27,-0.0010564345517659,RV_SV,-0.0128525318186561,-0.0165483286427068,-0.0099332327813487,-0.013252815731824,-0.0079720423192882,-0.0111865666553304,0.0072346987222202,0.0104094951109458,0.0091096197316186,0.012314955291296,0.0128654934704337,0.0150419792182869
2016-10-28,0.0027727645907651,RV_SV,-0.0131502915302429,-0.0166947573799636,-0.0101430961582468,-0.0133122058144444,-0.0078683318419406,-0.0109686867271475,0.0070302653909153,0.0101510526033602,0.0092626783650589,0.0121286295405525,0.0128286239251371,0.0145765698722443
2016-10-31,0.002511967413896,RV_SV,-0.0132717945802903,-0.0170043428780113,-0.0102301293143508,-0.0134679302275774,-0.0081757432081237,-0.0112549008448858,0.0072975038261501,0.0102039566608434,0.0092272817522771,0.0118936748795227,0.0129745306575181,0.0149508603304318
2016-11-01,0.0073533753145793,RV_SV,-0.0125192575385677,-0.0164772345990028,-0.0098038126885123,-0.0126047429482419,-0.0078054469934836,-0.0111001178416072,0.0069762925729519,0.0098107844637144,0.0087981099353172,0.0120220448749885,0.0122512736189904,0.0151043002312683
2016-11-02,0.0069265322896214,RV_SV,-0.012569538854663,-0.0158197889513088,-0.0097393663661974,-0.0128938254006165,-0.0077967778642376,-0.010750617108634,0.0071258099610867,0.0099701194792836,0.0089968379022203,0.0121801460776347,0.0122947046715758,0.0152146406189633
2016-11-03,-0.0021292550927863,RV_SV,-0.012774581027871,-0.016747295291246,-0.0098821937097668,-0.0129037411465128,-0.0079767544198799,-0.0109953549757408,0.0072938315385613,0.0100367638581854,0.0089956866740173,0.0116897550124446,0.0127759666486495,0.014914391188466
2016-11-04,0.0022978711488067,RV_SV,-0.013900314442202,-0.0171492752788847,-0.0106881221940669,-0.0136371132274206,-0.0083628687093667,-0.0115256431888944,0.0073829791302719,0.0105221092853278,0.0095095430502043,0.0122823386080869,0.0130744380339753,0.0151401337475706
2016-11-07,-0.0078697469860176,RV_SV,-0.0129916557498262,-0.0170234125636,-0.0101454543551149,-0.013663849401954,-0.0078684019621254,-0.0111256315016844,0.007242177343486,0.0100246397822934,0.0089781110339388,0.0120705535110811,0.012682743441414,0.0142916577405951
2016-11-08,0.0011729887872999,RV_SV,-0.0130675436979185,-0.0171484302890585,-0.0100764817678125,-0.0133520249632018,-0.0078150425704191,-0.0108564195494638,0.0067976597491506,0.0096206436481796,0.0086669527510416,0.0121142057493988,0.0119982631730595,0.0140205291087385
2016-11-10,-0.0152928891394691,RV_SV,-0.012802909061617,-0.015977451223388,-0.0099354626028219,-0.0130525209289222,-0.0077867842765164,-0.0108208023871388,0.0068711691241194,0.0097423453085758,0.0086139248367467,0.011677137903012,0.0122020839908558,0.0138932245242914
2016-11-11,-0.0025678681028548,RV_SV,-0.0156520941604305,-0.020081821070585,-0.0118673365649041,-0.0163538321895044,-0.0093156508197149,-0.0130109752171133,0.0084126170641381,0.0110982105932093,0.0104326921773712,0.0132501799609304,0.0140269079801046,0.0148245274875876
2016-11-14,-0.0119267830296941,RV_SV,-0.0144983009518093,-0.018978087846241,-0.0112094817777156,-0.0150815188393952,-0.008772442779128,-0.0122315252482272,0.0077070081826763,0.0106661017752623,0.0097034832883809,0.0128424935206821,0.0130205415485944,0.0156138535342118
2016-11-15,0.0004918374890962,RV_SV,-0.0157632890455185,-0.0191564883650999,-0.0120156768794603,-0.015485634512639,-0.009214324453266,-0.0132808622825534,0.007931515245094,0.0106368739560141,0.0100659878676698,0.0122731308425612,0.0131212737236409,0.0135040208000058
2016-11-16,-0.0051354053188952,RV_SV,-0.0153673187248863,-0.0199491732125476,-0.0119272346643391,-0.016611589064603,-0.0092085816704057,-0.0129953049128247,0.0081247144752942,0.0108647516150926,0.0100819614933397,0.012407516240901,0.0129371136660706,0.0139770723781905
2016-11-17,0.0001171135721916,RV_SV,-0.0158801644789359,-0.0210882063423103,-0.012320753413574,-0.0163002207606624,-0.0092620614892031,-0.0134494435497858,0.0076824839071986,0.0100175393637434,0.0097158843843161,0.0117146606604783,0.0120920801751734,0.0124610238683501
2016-11-18,-0.0094032408565668,RV_SV,-0.0157422108850373,-0.0218253118550436,-0.0122307894121561,-0.0158006429955021,-0.0093566611710573,-0.0134137126362676,0.0080766202957933,0.0111023862946018,0.0100156486948719,0.0129523827838505,0.0130569082475393,0.0139928639589511
2016-11-21,0.0045267571865656,RV_SV,-0.0170816415207816,-0.0210011135791316,-0.0130632214119555,-0.0169615701994426,-0.0099242015553634,-0.014539581360752,0.00814657097141,0.0108535019062019,0.0107383548893797,0.0127816856401689,0.0135503795000868,0.0139837082313497
2016-11-22,-0.003555517385331,RV_SV,-0.0148046189646176,-0.0191353806896271,-0.0117920369644339,-0.0151666162680958,-0.0090180740936951,-0.0126091515079673,0.0078408299170483,0.0107967419581515,0.0095514745772382,0.0124155887162165,0.0123359963169654,0.0140909424671407
2016-11-23,-0.0048870212619817,RV_SV,-0.0152897097249794,-0.0199708543710574,-0.0119669209069422,-0.0157862574894874,-0.0092147932356027,-0.0126004483436399,0.0080134323818213,0.0112425454142335,0.0098756431769642,0.0125591178364367,0.013143053987135,0.0148618275119909
2016-11-24,0.0027258500784957,RV_SV,-0.0152793005982193,-0.0190938264268984,-0.0120225094489466,-0.0157608465523112,-0.0093048865857671,-0.0128947276322721,0.0081796317325084,0.011209428665279,0.0099240861268527,0.0128846056007155,0.0130315791325294,0.0157257726527924
2016-11-25,0.0040819661428587,RV_SV,-0.0145559978132082,-0.0187776212895803,-0.01165759359823,-0.0151866651789499,-0.0092748482056792,-0.0127019331257816,0.0083399297391415,0.0117457961735165,0.0102974506401234,0.0136595059150889,0.0133499809231737,0.0162348639111194
2016-11-28,-0.0020436247693772,RV_SV,-0.0140931088215926,-0.0180401351256592,-0.0113352287896567,-0.0144754465590137,-0.0090928402524166,-0.0122855831524803,0.0083462624719976,0.0113580606873293,0.0101999161543981,0.0133230765303734,0.0136306693020431,0.0167270193895915
2016-11-29,0.0033582085914186,RV_SV,-0.0144918467104592,-0.0182206445522767,-0.0115930598477354,-0.0150481209733156,-0.0092153311059916,-0.0124306116112124,0.0084420072419171,0.0114003758754096,0.0102657246954413,0.0138265843886892,0.0135765647804418,0.0166034354281075
2016-11-30,-0.0009563180132661,RV_SV,-0.0144637725857959,-0.0180787277302149,-0.0116825001110421,-0.0146744992794491,-0.0093825532182799,-0.0126696287678562,0.008488191888349,0.0116912191057799,0.0104184371544815,0.0139950501633591,0.0136896258756209,0.0180896250196874
2016-12-01,0.0003864060515912,RV_SV,-0.0151801511791589,-0.0195940380433555,-0.0122343852368443,-0.0160489636773135,-0.0098918549357319,-0.0136945247893137,0.0089521562988061,0.0122603456122448,0.0113077096174094,0.0148961963180285,0.0147526791177753,0.0186665558407354
2016-12-02,0.004538502143059,RV_SV,-0.0157841595468622,-0.0191926174675895,-0.0125284830315526,-0.0160332278496684,-0.0099840415610363,-0.0133796818096922,0.0090256261627726,0.012277143109361,0.0110299507322526,0.0146368109171028,0.0143639416716616,0.0172207397942837
2016-12-05,0.0058990324174575,RV_SV,-0.0144810890863166,-0.0180439251530779,-0.0118526617036752,-0.0150480471088246,-0.0094859427129654,-0.0128796525716325,0.008792961008193,0.0122338757794118,0.0107325791196162,0.014411031042358,0.0138740001594586,0.0178606515156426
2016-12-06,0.0008016181930522,RV_SV,-0.0153200924026423,-0.0229891700746816,-0.01293609827142,-0.0157239647548367,-0.0113434841354927,-0.0151265941635229,0.0096615901815566,0.0130574856901764,0.0128912491307623,0.0169989870349451,0.0157240140566062,0.0219883117023496
2016-12-07,0.0031907745855306,RV_SV,-0.0157517963049118,-0.0194704740786203,-0.0127453128537328,-0.0162543804733695,-0.010023566882427,-0.0137707540575563,0.0091315614116935,0.0125151487383587,0.0110383096057043,0.0145031246938579,0.0141241069973511,0.0174554935309593
2016-12-08,-0.0141802565028895,RV_SV,-0.0143433499969361,-0.0179065421906128,-0.0118036317562639,-0.014609375143235,-0.0092871758144441,-0.0127965133666133,0.0088125139106875,0.0121904346892548,0.0102908422103445,0.0145944369869029,0.0136384945552135,0.0190555580386904
2016-12-09,-0.0075458496746812,RV_SV,-0.021864320647333,-0.021040289003793,-0.0166966627964888,-0.0206945484925418,-0.0129242589636136,-0.0155881287528779,0.010909995007892,0.0149653115846291,0.014516731935135,0.0170605607092526,0.0178377380373264,0.0153865915864731
2016-12-12,0.006897989768801,RV_SV,-0.0163252522967472,-0.019189611036429,-0.013282209142344,-0.0165384046161282,-0.0103278112713089,-0.0138896534846324,0.009596475970796,0.0131403399455604,0.0113545845422735,0.0150791254034817,0.0142599107193097,0.0181440582290148
2016-12-13,0.0029273433163073,RV_SV,-0.0141382723234039,-0.0179449933272808,-0.0117871068487864,-0.0144238293911489,-0.0094756426435685,-0.0125968095888316,0.0092258872536968,0.0130489292060352,0.0106549121664936,0.0147676081377816,0.0138124802816879,0.0199317540824407
2016-12-14,0.0010075259984902,RV_SV,-0.0143459539626726,-0.0184345573905498,-0.0120061809512734,-0.0153785048493188,-0.0098257171862062,-0.0129607227149144,0.009396145583338,0.0129133570313177,0.0111162940532918,0.0152460863697935,0.0144011802966443,0.0192613987026745
2016-12-15,-0.0222978859379024,RV_SV,-0.0145903204617579,-0.0180866693893786,-0.0121444489143696,-0.0146966148594193,-0.0096987959310653,-0.0127170728588552,0.0093066432589629,0.0125371191315564,0.0108671158480501,0.0148070541528294,0.0141789268765876,0.0184178490723346
2016-12-16,-0.0005282036876179,RV_SV,-0.0228653158992109,-0.0241540672540916,-0.0168887630805116,-0.0198949942129334,-0.013765392053947,-0.0191445278799597,0.0122272590279801,0.0145935027395878,0.0159035101469896,0.0177962307846575,0.0199778820535657,0.0148192128968007
2016-12-19,0.0024034725180388,RV_SV,-0.0164091239475719,-0.0198747059779571,-0.0132739501502049,-0.0163618400825155,-0.0107022954030117,-0.0139839869709463,0.0100856408051766,0.0135101383829074,0.0120762638791995,0.0158307907939193,0.0153498932144431,0.0195627991705242
2016-12-20,-0.0055689303277007,RV_SV,-0.0153890376935277,-0.0189526614129785,-0.0124617787146531,-0.0154777367546832,-0.0098287665515322,-0.0132149485702372,0.0094658221372274,0.0129585701202423,0.0107916360481619,0.0150526070659314,0.0138445548516978,0.0184694806272472
2016-12-21,0.0053916257875211,RV_SV,-0.0162441707863173,-0.0187625954319615,-0.0129393130804174,-0.016280526873735,-0.0101334658687358,-0.0135865870444998,0.009652197888653,0.0130854044283834,0.0112051543984643,0.0152037359632095,0.0146953957397204,0.0185632691790867
2016-12-22,0.0024124771171004,RV_SV,-0.0152053893647261,-0.0195089318578021,-0.0124589823296049,-0.0156001393009082,-0.0098761576169896,-0.0132895286441455,0.0094043436654043,0.012786819314629,0.01098818157725,0.0151479277075154,0.0137819284821038,0.0191115701058794
2016-12-23,0.000418240551769,RV_SV,-0.0135626122062419,-0.0170766568019785,-0.0115007382168597,-0.0142612483946494,-0.0097145070085003,-0.0126270045666085,0.0097581696699607,0.013436440204569,0.0114104450168593,0.0165996207016143,0.0154035082021676,0.0213319696203138
2016-12-27,-0.0004469263135933,RV_SV,-0.0129701391886577,-0.0166082762324391,-0.010947925298493,-0.0135367080437879,-0.0091325724155795,-0.0119103805289973,0.0095663742486843,0.0132362832321213,0.0108568894617446,0.0154120250395717,0.0145499445438426,0.0208784939712817
2016-12-28,-0.0061986518323384,RV_SV,-0.012570640716177,-0.0150639079036762,-0.0106532805506919,-0.012819464589005,-0.0088404219723187,-0.0118595796171105,0.0093500125685305,0.0128296603307837,0.0104698482198684,0.0152729249763307,0.0148749878930481,0.019371764001309
2016-12-29,0.0091084513573162,RV_SV,-0.0127996228553413,-0.01568563404661,-0.0107325816178909,-0.0127360469851394,-0.0089464677352427,-0.0118545780966946,0.0094573361171446,0.0128929158885758,0.0106458388875525,0.0146947034066277,0.0145425070921565,0.0190630821264477
2016-12-30,0.005588127145413,RV_SV,-0.0120562270405,-0.0146741772828064,-0.0105167947703191,-0.0129717029211454,-0.0093429179117539,-0.0121576362225021,0.0094985344545867,0.0130297285861984,0.0112509725054737,0.0163560271997162,0.0157088964247639,0.0202710757769327
2017-01-02,-0.0072317559504475,RV_SV,-0.0131259495486898,-0.0216195618007236,-0.0129021122675057,-0.0182129925275323,-0.0134804891385908,-0.0145976159942465,0.0111325995181105,0.0135788889986242,0.0153140341234867,0.0212083332651061,0.0210323011114843,0.026371233730012
2017-01-03,-0.0082757638058918,RV_SV,-0.014452973766451,-0.0171065456160556,-0.0116495329756164,-0.0141722550108976,-0.0092807513504108,-0.0122979082503975,0.0092145140663931,0.0126728131330154,0.0102267857758566,0.0144763592753699,0.0139676933708618,0.0183888572526992
2017-01-04,0.0088008736136426,RV_SV,-0.0173453604202104,-0.0202292234421433,-0.0137832828508863,-0.0175964875559918,-0.0107655150162808,-0.0142091786461921,0.0101780681611143,0.0134290520015911,0.0121342385066296,0.0155406718794472,0.0155774444702283,0.0168756874893537
2017-01-05,0.0120256190033487,RV_SV,-0.0153848983364068,-0.0197725021572244,-0.0129010231535463,-0.0169202454126844,-0.0103799941621727,-0.014136774276995,0.0096032557010309,0.0134717121981402,0.0117062418058025,0.0155998296546105,0.0144985679034947,0.0201156994865569
2017-01-06,-0.0029940566302143,RV_SV,-0.0170956352021093,-0.0233933544799222,-0.0139769046468282,-0.0184701172101305,-0.0117236509511149,-0.0154810565278346,0.0099339616786434,0.013882901814389,0.0129924776295844,0.0164453464578532,0.0148149218524756,0.0187903863007288
2017-01-09,-0.0015643437030406,RV_SV,-0.0162725553195974,-0.0194768747677306,-0.0131784678373139,-0.0164557390861669,-0.0107210524089764,-0.0139739188518039,0.0101352874442735,0.0134280750183208,0.0122142985041157,0.0161132065548013,0.0154242905887833,0.0191762314111676
2017-01-10,0.0036101506319477,RV_SV,-0.0150666005944899,-0.018582240069067,-0.0126042484433722,-0.0158657323551028,-0.0098782839047471,-0.0134167325166137,0.0094097115512398,0.0125189167411825,0.0109859890366741,0.0146989686088654,0.0140705607601105,0.0178029482440734
2017-01-11,-0.0112969271325465,RV_SV,-0.0151368436206226,-0.018744721321768,-0.0124860640632641,-0.0158061496619269,-0.0099870285510977,-0.0132525197545114,0.0095011926583537,0.0127882429680216,0.0114447239531793,0.0150778469288656,0.014190282456168,0.0183123200497226
2017-01-12,0.0168744226880165,RV_SV,-0.0156239265345853,-0.0190661602278886,-0.0123928066053423,-0.0154889282056798,-0.0099579783254334,-0.0132283868415028,0.0092770656598743,0.0123968892517259,0.0108816414805123,0.0141904186920973,0.0144350871597782,0.0169370829845361
2017-01-13,-0.0027519126227184,RV_SV,-0.0142383652736842,-0.0201062498598263,-0.0132337135166129,-0.0145702573946011,-0.0120957204479748,-0.0155674898888008,0.0110778079374388,0.0152430557446078,0.0148955276100109,0.0193743391056702,0.0147924173861267,0.0179040773826461
2017-01-16,-0.0016250898553263,RV_SV,-0.0167635081643192,-0.0191805523294203,-0.0133366951712898,-0.0173713388994913,-0.011280612617269,-0.0151998207220718,0.0106445984011208,0.0144385335990832,0.0129596995762163,0.0159374529084317,0.0163088184536332,0.0172414370867499
2017-01-17,0.0082978872397355,RV_SV,-0.0156946905509786,-0.0201952224610707,-0.0128947748335566,-0.016191282497249,-0.0100178105060606,-0.0135781939286126,0.0097454451599263,0.0132491242306823,0.011167771652625,0.0146094543333175,0.0145827989871471,0.0186630512324769
2017-01-18,8.64889125260088e-05,RV_SV,-0.0154518226113718,-0.020345500994384,-0.0128615115078797,-0.0158408890215352,-0.0103028573900524,-0.0139970796318967,0.0095970307178015,0.0128903425903681,0.0115757375707452,0.0152042034477864,0.0139638545677371,0.0189637863419388
2017-01-19,-0.0080238021994692,RV_SV,-0.0154567001629937,-0.0211021044315646,-0.0125985911416941,-0.0155992088843885,-0.0097609259909543,-0.0139475680765476,0.0090942071167468,0.0125229256770729,0.0105312237700383,0.0139116570029174,0.0137998672826097,0.0171854945188027
2017-01-20,0.006484584603945,RV_SV,-0.0158487358342813,-0.0169485062248033,-0.0125078950977324,-0.0155108861568008,-0.0107200150046969,-0.0142760832066983,0.0102141411503635,0.0136838863262136,0.0122659644174383,0.016130201380969,0.0162562002747662,0.0194423587425338
2017-01-23,0.006421871291858,RV_SV,-0.0145737398255724,-0.0178469965209897,-0.0120227775848846,-0.0149568302206661,-0.0099155339409803,-0.012774464245187,0.0098039236019549,0.0132788084476155,0.0116752556643738,0.0159505318443356,0.0147632646094088,0.0206745092164807
2017-01-24,0.0004534773065814,RV_SV,-0.0148368614408095,-0.0180611110972779,-0.0119617556137454,-0.0150695388748324,-0.0096212206092444,-0.0127963569826735,0.0095761871167206,0.0129632403742007,0.0110798809086011,0.0152124150715513,0.0148945687056888,0.0195205551708872
2017-01-25,-0.0010421416953092,RV_SV,-0.014598147619759,-0.0173602012671886,-0.0117880255790701,-0.0150940925745224,-0.0095620163856104,-0.0123002555967949,0.0095786371788841,0.0129330412112936,0.0110977072134387,0.0150156294531662,0.0150784573128335,0.0188409621357677
2017-01-26,-0.0065474784292642,RV_SV,-0.0147539082970087,-0.0173682192127442,-0.0118235213560767,-0.0152040136386031,-0.0095933222456797,-0.0126127737635573,0.0095766474355555,0.0130143397066281,0.0111017037192251,0.0154900105671976,0.0149976511452032,0.0200061063689176
2017-01-27,0.0032090442047809,RV_SV,-0.0146169297448816,-0.016604216021631,-0.0117511916945404,-0.0142843098476096,-0.0097726473763899,-0.0125797161104695,0.0099196467841441,0.0132002415169931,0.0114422396954346,0.0163845723052867,0.0157000284436542,0.0199769363597598
2017-01-30,-0.0016313026691895,RV_SV,-0.0144647146405761,-0.0158007737786663,-0.0117059349381092,-0.0148365778124893,-0.0098107073442902,-0.0122978799827754,0.0100655273836724,0.0135388429022803,0.0117090379428656,0.0163006501619652,0.0157326870422937,0.0201506594245767
2017-01-31,0.0113034974098907,RV_SV,-0.014465652878783,-0.0162438836825055,-0.0116170496288725,-0.0145341080440527,-0.009580637563915,-0.0124797363104955,0.0098334075589695,0.0133033373078431,0.0112633200386784,0.0161442514008584,0.0155465535316034,0.0194584774365351
2017-02-01,-0.0047663073991111,RV_SV,-0.0138454585660341,-0.0181234021692207,-0.0116630180396258,-0.0146039121029867,-0.0096435176306189,-0.0130059337007934,0.0095053915965357,0.0128274207750819,0.0113451056512064,0.016611367788471,0.0145912135314393,0.0210621513310315
2017-02-03,0.0028078238334362,RV_SV,-0.0147542046110456,-0.0166981043731159,-0.0117150529148975,-0.0144783452327989,-0.0095890258379938,-0.0125623356181961,0.0095645904385859,0.0128691595195276,0.0111013152434128,0.0153305535974409,0.0152110128114971,0.0193466645326177
2017-02-06,-0.0045521766442227,RV_SV,-0.0144568940258297,-0.0174237891707584,-0.0118927971348799,-0.0149202197264828,-0.0099123943611899,-0.0127968456536364,0.0096024154156355,0.0131017723871044,0.0115247112302143,0.0156404148415326,0.0148942255377322,0.019428126243051
2017-02-07,-0.0050033709037075,RV_SV,-0.0144505470591602,-0.0171760208015534,-0.011560214904328,-0.0143452231933247,-0.0091321199487154,-0.012292406321412,0.0091510138281936,0.0124935265432288,0.0105585199837799,0.0141737394205857,0.0148055672972248,0.0189889848507932
2017-02-08,0.0019819388347336,RV_SV,-0.0144818152021889,-0.0174385537982739,-0.0115482547888585,-0.014903167151241,-0.0091684823855817,-0.0123018067417633,0.0089536915270638,0.0122099379074404,0.0104905077367566,0.0143629132959385,0.0144724960238596,0.018325490052932
2017-02-09,-0.0040053208200203,RV_SV,-0.0140290817674221,-0.0170868800225152,-0.011366582542187,-0.0140962256596865,-0.009033650800863,-0.012029909434731,0.0088816780420295,0.0120145357558529,0.0105812161113753,0.0144504577128427,0.0142791707357651,0.018921102796926
2017-02-10,-0.0037178474636892,RV_SV,-0.0142791249560001,-0.0168008074825005,-0.0113948721297027,-0.0144709503731897,-0.0091002120685337,-0.0122134307818476,0.0089141918184235,0.0123190967396514,0.0106285377557845,0.0148642240707858,0.014635678390621,0.0179330515464174
2017-02-13,-0.0019195197439449,RV_SV,-0.0139845825222719,-0.0163099795354101,-0.0110050521023833,-0.013479014653809,-0.0087124233223897,-0.0115039654620886,0.0087477848260853,0.0118989667262117,0.0102872739211544,0.0140595087703144,0.0145937031930354,0.0190539619152767
2017-02-14,-0.003779133314074,RV_SV,-0.0137603402060585,-0.0164515381436145,-0.0109804558554993,-0.0142809249001085,-0.0085157798746237,-0.0116354383827181,0.0085417181007252,0.0117229531270038,0.0099168164282624,0.0139906024223711,0.0143735174806086,0.0178520272210091
2017-02-15,0.0009082953530287,RV_SV,-0.0140159823521049,-0.0163596616512095,-0.0109769570914922,-0.0142736224692693,-0.0087651447192801,-0.0118859165244798,0.0083862113092335,0.0113169293440441,0.0103153998780151,0.0136957328025724,0.0142272458285513,0.017891835130125
2017-02-16,0.0089253943043753,RV_SV,-0.0137694585227256,-0.0168942465488641,-0.0110405558940192,-0.0138263179605025,-0.0086983167435372,-0.0120983583210067,0.0081613072431648,0.0113382617186735,0.0101144322053085,0.0136629894346826,0.0141114027468743,0.0165543287712985
2017-02-17,-0.0039915151232674,RV_SV,-0.0133734622542942,-0.0170763347144982,-0.0108750391920565,-0.0138998959487468,-0.008589234087511,-0.0116203674108667,0.0081235455455232,0.0108896098349245,0.0101037653077608,0.0139569879957358,0.0132945181661656,0.0165197194917828
2017-02-20,-0.0005224230192029,RV_SV,-0.0138147969223338,-0.0167886319809203,-0.0109182362536727,-0.0139345602624243,-0.0084075017192539,-0.0117169698925114,0.0079036473881154,0.0110536370322615,0.0094306933556238,0.0130382408910695,0.013354869782455,0.0161468725811707
2017-02-21,-0.007888254192306,RV_SV,-0.013669275339854,-0.0174639273475903,-0.010783053427984,-0.0138545745218019,-0.0080970132370645,-0.011619795936723,0.0076468661072751,0.0108498184187632,0.0089818220209756,0.0127198745071223,0.0135104394496416,0.016026164684387
2017-02-22,0.0010812811388269,RV_SV,-0.0137654236394956,-0.0173142901126497,-0.0108447209005718,-0.014532875760377,-0.0083354208075518,-0.0115260845620582,0.0077954417285027,0.0108103875752824,0.0093826016861384,0.0131108889298917,0.0137054985144087,0.0159633085445321
2017-02-23,0.0042993120646312,RV_SV,-0.0127312472167479,-0.0188375893230477,-0.0108299824963654,-0.0133896639156783,-0.008526420812421,-0.0113929596532567,0.0077666662142103,0.011062491667819,0.0103199038129865,0.0134126549759418,0.0127188548833464,0.0162951484596718
2017-02-24,-0.0025754758189048,RV_SV,-0.0132183563264357,-0.0174098007114903,-0.0109775785735597,-0.0138133953581936,-0.0085797687698456,-0.0115455291116766,0.0078122358045656,0.0110229291196639,0.0100735708865794,0.0129230423501372,0.0128979329747163,0.0159190010384507
2017-02-27,0.0044002809367966,RV_SV,-0.0139540338084257,-0.0178310559697444,-0.0110799084847122,-0.0147194126150588,-0.0085316476219034,-0.011961682857337,0.0078342557681872,0.0107773817813202,0.0095932056896437,0.0126807860043419,0.013475282325795,0.0157405815808413
2017-02-28,0.0011723413561891,RV_SV,-0.0136221069150182,-0.0174685239120335,-0.0109057250742995,-0.0145373013150873,-0.0081398887804148,-0.0116060328171455,0.007431218476481,0.0103878227725911,0.0089208532288308,0.0123144039865604,0.0126066934620213,0.0159393293483434
2017-03-01,-0.0066615138144304,RV_SV,-0.0138235581355537,-0.0176022689212678,-0.0110237823670961,-0.0143276060323069,-0.0085115848943293,-0.0119462150434444,0.0076540693217868,0.0106581398479291,0.0095458171264508,0.0126782198636995,0.0129235202461594,0.0161594846986204
2017-03-02,-0.0028770582318403,RV_SV,-0.0138470616646414,-0.0180424427529287,-0.0111024999382205,-0.0143234628469444,-0.0088081406026125,-0.0123788612796001,0.007863222196899,0.0106239471343205,0.0100734871920798,0.0130701660492272,0.0133544687952701,0.0156063753204491
2017-03-03,0.0035589377834075,RV_SV,-0.0136333701159433,-0.0171430366769129,-0.0108248615801024,-0.0138411949740223,-0.008294607102721,-0.0115719711081985,0.0076154553192657,0.0106036052727063,0.0093860356040513,0.0129749099685109,0.0130347974582491,0.0158283729791722
2017-03-06,0.0033316745175721,RV_SV,-0.0133671140437915,-0.0178504329460884,-0.0106825951377569,-0.0141271908011067,-0.0081355753344811,-0.011430718906456,0.0074390923896066,0.0105423439904055,0.0091794536312424,0.0124828722113807,0.0126613365234354,0.0155877936307556
2017-03-07,-0.0017046196475734,RV_SV,-0.0135335414957939,-0.0183838524595361,-0.0107411977833199,-0.0141522082980528,-0.008188275306525,-0.0115305815838553,0.0074122527036431,0.0105534933893524,0.0090694470959005,0.0121996896668474,0.0128543573568608,0.014450809074294
2017-03-08,-0.0021999918981124,RV_SV,-0.0134756960573808,-0.0162283901707054,-0.0105286299838701,-0.0141149096875679,-0.007939458312396,-0.011272730634205,0.0072233093308177,0.0101501584207465,0.0086206972477596,0.0120444887604638,0.0128928902856946,0.0141516428470685
2017-03-09,0.0023181340421518,RV_SV,-0.0132582959019896,-0.0168050692805013,-0.0104067359168431,-0.0138813161688422,-0.0079532894385621,-0.0115472862778352,0.0073249291591667,0.0101989713395908,0.0088522547408126,0.0120352575997329,0.012844080545071,0.0146551019183187
2017-03-10,0.0071780583812383,RV_SV,-0.0128047943564454,-0.0175098864687489,-0.0105903935382479,-0.0134699332516534,-0.0084026044314314,-0.0116757236800252,0.0075811512065281,0.0104739423859981,0.0097140720227931,0.0128367767121871,0.0128722433927447,0.0121906733450706
2017-03-13,0.0011230095018337,RV_SV,-0.0128872909605238,-0.0183032041154857,-0.0106949402252338,-0.013526339814762,-0.0083360439385336,-0.0118834980317028,0.0075136014286503,0.0108680346762646,0.0098462433921739,0.0129723825201489,0.0125058117991367,0.015671073589262
2017-03-14,-0.002313040144141,RV_SV,-0.0135203562648589,-0.0162006912257433,-0.010593431274464,-0.0140569903359122,-0.0079776207174184,-0.0117007631638917,0.007133817908081,0.0103145715797492,0.0086526686587754,0.0118399973967581,0.0121847106164046,0.0151140455432791
2017-03-15,-0.0012878604498627,RV_SV,-0.013491439865267,-0.0173986726354227,-0.0105858907254067,-0.0140813376038741,-0.0078950817358074,-0.0118287123024175,0.0071815072383269,0.0100297313181084,0.0085567184489751,0.0118312745915924,0.0126403615379625,0.0145556855729612
2017-03-16,0.0099121919026285,RV_SV,-0.0134424115747098,-0.0175158766170714,-0.0105601308497827,-0.013792627864693,-0.0079057204658174,-0.0113739387326997,0.0072121487575874,0.0101857790513475,0.0085976742004466,0.0117328669805905,0.0126163290021012,0.0152108702087573
2017-03-17,0.0004516133614636,RV_SV,-0.0124241481924246,-0.0172272331656393,-0.0108372326026105,-0.0129223188026167,-0.0086175395880752,-0.0122309233335289,0.0076318673521776,0.0111004341590517,0.009959080101402,0.0137295648719104,0.0121672973647156,0.0152416969564963
2017-03-20,0.0010630466706211,RV_SV,-0.0135520304847374,-0.0174296500688367,-0.0107665687577735,-0.0138961598568224,-0.0084245390869791,-0.0120057528650661,0.0076179722686633,0.0106609894402672,0.009541114180274,0.0125868706915046,0.0131033547064779,0.0150434671623311
2017-03-21,0.0051965876585205,RV_SV,-0.0134520829567668,-0.0169841025823144,-0.0105855822832841,-0.0138637630719799,-0.0078457792118345,-0.01136820892433,0.0071614752693771,0.0101665225205971,0.0085007878599469,0.011904403184185,0.0124747712909707,0.0150915953514503
2017-03-22,-0.000814456649756,RV_SV,-0.0133636977249155,-0.0174112688164755,-0.0107488979472167,-0.0137575230400859,-0.0081977882957802,-0.0113521884556843,0.007353585509985,0.0102375361968024,0.0089060387453124,0.0124659724031819,0.0125187216103179,0.0151198942342094
2017-03-23,-0.0012507413430084,RV_SV,-0.0137342223446233,-0.0185551335998585,-0.0108221454672006,-0.0139857419378097,-0.0081948667190674,-0.0115819222749797,0.0073438121336045,0.0101940799639818,0.009015573045176,0.0120022123391933,0.0124646313648314,0.0149974285581167
2017-03-24,0.0016326004925387,RV_SV,-0.0132462714794536,-0.0171582316774163,-0.0105355475932664,-0.013755564397678,-0.0080162167149714,-0.0113166691571161,0.0073601534647418,0.0103528633760158,0.0088428420685694,0.0124122967033465,0.0128079883445163,0.0156604589689198
2017-03-27,0.0071128892772342,RV_SV,-0.013004537012268,-0.0169017989419852,-0.0103396140257989,-0.0134830406351353,-0.0077789894261365,-0.0108189823620881,0.0072347793337158,0.0102434135840571,0.0086011104023368,0.0121572493685417,0.012696162561565,0.015684079143907
2017-03-28,-0.0028091360196895,RV_SV,-0.0130035730288945,-0.0170594942659585,-0.010270165132129,-0.0130428102722034,-0.0076935777947342,-0.0110929332489249,0.0070778564723991,0.0098600939158378,0.0084406626415314,0.0116189474589288,0.0125546792931356,0.0151146072403738
2017-03-29,-0.0088236581242531,RV_SV,-0.0130795940853874,-0.0161671417545611,-0.0102772459207339,-0.0130932702404486,-0.0077785698318409,-0.0112106994419127,0.0071565718508385,0.0102274253068009,0.0085572135634513,0.0118681167160049,0.0128205627526287,0.0140592605745088
2017-03-30,-0.002769794734561,RV_SV,-0.0135977385809955,-0.0174419164495984,-0.0105925391210168,-0.0143716351996117,-0.0084786431202872,-0.0118838611864086,0.0076219843859229,0.0102676640034458,0.0094705060683816,0.0122125326862434,0.0131599243800731,0.0122346715613119
2017-03-31,-0.0027073722367395,RV_SV,-0.0130691395987016,-0.0174608452276488,-0.0104332708292395,-0.0135078186843489,-0.0079548055517971,-0.0112692570380746,0.0072201462645969,0.0101194539986099,0.0090295341615621,0.0120795161004015,0.0126643892013654,0.0148607896994862
2017-04-03,-0.0039575262115121,RV_SV,-0.0132399047559156,-0.0173185673814744,-0.0104490597231097,-0.0137496417046444,-0.0080023323852142,-0.010977758076586,0.0071391868052442,0.0098159590366722,0.008814225969803,0.0118387338869576,0.0125387967038954,0.0145346508379722
2017-04-04,0.0007599354889681,RV_SV,-0.0132344954725829,-0.0168987330123475,-0.0103836259052824,-0.0138946920764852,-0.007724281276581,-0.011078369067788,0.0068586611704185,0.0097890945881999,0.00830685126143,0.0111736779836989,0.0120182308559159,0.0138811050351302
2017-04-05,-0.0002438669811504,RV_SV,-0.0131874318945291,-0.0167566957963315,-0.0102791207467078,-0.0135729460221448,-0.0077232175125604,-0.0109413697760386,0.0069458167655971,0.0103303521111273,0.0087225932512516,0.0123622723878903,0.0126167685122367,0.0173928356312674
2017-04-06,-0.0009338098475198,RV_SV,-0.0129532074063761,-0.0170531282509436,-0.0099822212364504,-0.0133977715391895,-0.0077504920513142,-0.0109326662857752,0.007042971062681,0.0104931281633498,0.0087988212477588,0.0123994977100689,0.0127321983848483,0.0169216281179547
2017-04-07,-0.0033246759442447,RV_SV,-0.0135952250882108,-0.0176604261896729,-0.0103112166191075,-0.0137375200824285,-0.0081887267223767,-0.0112902097805303,0.0073629579994317,0.0106846811930189,0.0094446200122296,0.0127798930286784,0.0133378837449026,0.0164302654668736
2017-04-10,-0.0009519411834902,RV_SV,-0.0132398380507542,-0.0169936036257513,-0.0103515556195321,-0.0141695594221106,-0.0080359399880459,-0.0112754089640752,0.0072723402225496,0.010555030695736,0.0090729914434662,0.0127277820262861,0.0130248395964188,0.0177275814431058
2017-04-11,0.0008247539755253,RV_SV,-0.013040307557166,-0.0170242569058064,-0.0100576479860484,-0.0131636944576044,-0.0075740779006123,-0.0108501493307006,0.0068371415284974,0.0101303875214035,0.0084371546812772,0.0121255082489,0.0126021650737781,0.0187588437125841
2017-04-12,-0.0002685594627989,RV_SV,-0.0128225247617928,-0.0173719550091563,-0.0097132874315456,-0.0130270684480988,-0.0075801291413181,-0.0109177185085252,0.0067692975819317,0.0100945135080599,0.0084645453346299,0.0114575755520518,0.0121460596376719,0.0166474039244646
2017-04-13,0.0018102023588892,RV_SV,-0.0128915873623809,-0.0168687159856846,-0.0101374533468672,-0.0131419172192949,-0.0075096608558965,-0.0109020096666642,0.0067149636746378,0.0096393935479897,0.008018594973128,0.0120162155006481,0.0122817992952617,0.0152035944683491
2017-04-18,0.0070844580660014,RV_SV,-0.012334539644639,-0.0172003950010985,-0.0103256402533663,-0.0141130492748666,-0.0080246469017507,-0.0108842941306025,0.0070961724320995,0.0101699683410241,0.0093205134846043,0.0126019516257918,0.0123980821661142,0.0172660326625318
2017-04-20,0.0048385631852277,RV_SV,-0.0126935132625425,-0.0172975316451429,-0.0102862810164352,-0.0130776211991001,-0.0077546407160788,-0.0110145061603912,0.0069785990070015,0.010082958323091,0.0086512353271785,0.0123922814896578,0.0124817605832379,0.0161128305856519
2017-04-21,-0.0059250385444167,RV_SV,-0.0127965396265792,-0.0173540701788368,-0.0094872704573676,-0.0133667581678308,-0.0076905577632625,-0.0112012332013925,0.0067239753852543,0.0100108461747689,0.0086225405640053,0.0123520861522534,0.012427129481968,0.0164646433476697
2017-04-24,0.0141827581842018,RV_SV,-0.0134608291039348,-0.0165364047589736,-0.0098054035601387,-0.0135104466371673,-0.0078971106746567,-0.0111633513143188,0.0068569924836426,0.0101701514535839,0.0086599167687264,0.0123615023221228,0.0124452530839255,0.0176166901786729
2017-04-25,0.0086083481954134,RV_SV,-0.0135967528409784,-0.0184074136395228,-0.0103600010210617,-0.0142781035004467,-0.008353412569083,-0.0117021138564486,0.007095904467829,0.0109004347268951,0.0094791453439276,0.0127825186745164,0.013396811163915,0.0166791741207289
2017-04-26,-0.0062486593159633,RV_SV,-0.0129982590628045,-0.0162728435585166,-0.0098522027551504,-0.0141459786306405,-0.0077571349087353,-0.0110445390223571,0.0067825976774488,0.0100000914160973,0.0088878919759672,0.0125165406885532,0.0120752672037813,0.0163189726261036
2017-04-27,-0.0007982177395816,RV_SV,-0.0135963553313154,-0.0163514199894499,-0.0100195333221472,-0.0142937844187973,-0.0080604449655174,-0.0113201542608481,0.0069751927035986,0.0104712382976881,0.0092629326954263,0.0128237067646077,0.0130496104276135,0.0159422224794674
2017-04-28,0.0028196641291373,RV_SV,-0.0141343878539027,-0.0194560394922964,-0.0103612224442784,-0.0146720902041182,-0.0088467712480269,-0.0119875217018718,0.0074512185304113,0.0108682696205546,0.0100386200794862,0.0140136674112971,0.0134883804187353,0.0157399407359535
2017-05-02,0.0014263342195204,RV_SV,-0.0136774681988183,-0.0187805215068989,-0.0104427358246078,-0.0147361830507925,-0.0083443837294014,-0.0121850274996384,0.0071070656236369,0.0103554499206214,0.0093517941546876,0.0124951492370037,0.0127181152836172,0.0156312096483436
2017-05-03,0.0008452088730141,RV_SV,-0.0137473268520138,-0.0186900044086878,-0.0099295501252488,-0.0142774078434111,-0.0078892554653407,-0.0115324434607823,0.0069109141967043,0.0103613720448961,0.0089331157077641,0.0121739956078668,0.0125617989159959,0.0154106623600719
2017-05-04,0.0043270726170307,RV_SV,-0.0134625938155017,-0.0173389158486156,-0.0098152777624174,-0.0134141836347763,-0.0077663400401599,-0.0114366105835813,0.0068622753281896,0.0099870776806901,0.0087750494495214,0.0123338828834386,0.0126467995880231,0.0149890031911224
2017-05-05,0.002615934092222,RV_SV,-0.0131464263688716,-0.018174453958783,-0.0099044391213596,-0.0136327146046454,-0.008085193705251,-0.0112088430263286,0.0070523787107544,0.0103621742124312,0.0091164866507691,0.0121918609477591,0.0127118161575985,0.0149858389926691
2017-05-08,-0.0061213882578653,RV_SV,-0.0130182833409479,-0.0170333700703522,-0.0096442480114179,-0.0128195816851895,-0.0078789365703219,-0.0110931372848624,0.0070416152344186,0.010376713246247,0.0090105159851296,0.012281021492526,0.0128949845107303,0.0158702732032891
2017-05-09,-0.0049260731471014,RV_SV,-0.0132611055586672,-0.0174818669488391,-0.0096327835808406,-0.0137957618478244,-0.0079452621828941,-0.0109565585235615,0.0071600634534275,0.0106164857130759,0.0091286728333963,0.0130233947655803,0.0133338656603813,0.0178025308981597
2017-05-10,-0.0001816365457725,RV_SV,-0.0132780718502728,-0.0185979980619558,-0.0096910930270839,-0.0135037498513015,-0.0079840042602281,-0.0111740283973594,0.007124751506662,0.0105552987408082,0.0090230500668561,0.0127649130063696,0.0131743065013843,0.0165761260169045
2017-05-11,-0.000305867718047,RV_SV,-0.0132141093830009,-0.0162852681356989,-0.0098289673037592,-0.0139037516581685,-0.0080400415165401,-0.011284897923289,0.0071725163567094,0.010500049195066,0.0092745115126349,0.0129249243520588,0.0131078932665005,0.0156108637806032
2017-05-12,0.0052122403491217,RV_SV,-0.0132210006155427,-0.0165034408120852,-0.0096759567674922,-0.0133821052025675,-0.0078757918022707,-0.011096501538885,0.0070864381068177,0.0105584580973956,0.0089863342266231,0.0124053268804783,0.0130898829227254,0.0165331623525582
2017-05-15,0.0048482619345926,RV_SV,-0.0127196181490362,-0.0178662005074064,-0.0096057581101159,-0.0130429704818521,-0.0077738471764119,-0.0110510810188156,0.0070433447886696,0.0100950026609958,0.0089883529458067,0.012784470362348,0.0127901221953663,0.0173002123262036
2017-05-16,0.0084079840105951,RV_SV,-0.0127665876187532,-0.0165449910653969,-0.009452058105359,-0.0133120964144411,-0.0075672447728391,-0.0106864532007124,0.0068723513593724,0.0101702435694323,0.008755851087922,0.0125967554181574,0.0128298049400214,0.0176958633626069
2017-05-17,0.0055303747849239,RV_SV,-0.0125808239079927,-0.0170819874838349,-0.0095593169684862,-0.0128068244037843,-0.0078180735790868,-0.010925579496553,0.0071208741990798,0.0103446181752831,0.0091870522721752,0.0125718849284987,0.0128723649798089,0.0161607678732399
2017-05-18,-0.0002874737812267,RV_SV,-0.0129035894553064,-0.0173794694483196,-0.0096735492089633,-0.0132652597586703,-0.0079545419260831,-0.0110441935712175,0.0072956009812012,0.0107870568016096,0.0092538448793577,0.0129054906386167,0.0133229393829053,0.0171845588324295
2017-05-19,0.0053183392565101,RV_SV,-0.0134423385206823,-0.016770849921068,-0.0098626708068118,-0.0136376154701023,-0.0082250522932993,-0.011294348011816,0.0074540531464331,0.0105660036861266,0.0095293854009149,0.0132153043122314,0.0135428783683865,0.0174278878707742
2017-05-22,0.0040804278849093,RV_SV,-0.0131733834105797,-0.0172706903664289,-0.0097849773866421,-0.0134426120483319,-0.0080522851632098,-0.011418469840687,0.0072539592254202,0.0105755210126388,0.0093402091214528,0.0126524050333645,0.0131364134270313,0.0167899859917369
2017-05-23,-0.0033701736153026,RV_SV,-0.0131222006583126,-0.0180750331901754,-0.0100793489739291,-0.0136937568575144,-0.0081781498587569,-0.0116590819532706,0.0073375546600015,0.0104147672409815,0.0094337650863651,0.0126483834907505,0.012928523807084,0.0167388078854393
2017-05-24,-0.0020181731772918,RV_SV,-0.0139466947133182,-0.0176477885965613,-0.0101488866274759,-0.0140517494990212,-0.0084775662673569,-0.011754026482507,0.0074941465741178,0.0109423227746898,0.0096408708576422,0.013217547052269,0.0134722098763616,0.0155932919312754
2017-05-26,-0.0005012632385863,RV_SV,-0.0137056194453171,-0.0178709174963821,-0.0100952437638679,-0.0142341603384548,-0.0082121009134229,-0.011348556676765,0.0073180492974522,0.0105043245927433,0.0092132887187957,0.0128719212782066,0.0131874643675958,0.0152101918727701
2017-05-29,0.0009642608994367,RV_SV,-0.01386397405308,-0.018063866374972,-0.0099930083930705,-0.0137100794620069,-0.0081826891709907,-0.011512496076836,0.0072863239000747,0.0107857635870965,0.0091841868436027,0.0128668266675901,0.0132655148581863,0.0161297610188047
2017-05-30,0.000259363933769,RV_SV,-0.0132158711158041,-0.0167203034805005,-0.0097404935590851,-0.013709318451486,-0.0076615785261144,-0.0107105907011257,0.0069910772793494,0.0100475744594007,0.0088696947500585,0.0119918368329723,0.0128746998926119,0.0162110161185545
2017-05-31,0.0047861387276293,RV_SV,-0.0125643495385243,-0.018099805328716,-0.0100479005044805,-0.0139379327867018,-0.0082813836784759,-0.0114252130305846,0.0073628796562734,0.0105277874957843,0.0097744196434274,0.0142721016880521,0.0128322099664958,0.0177111768806414
2017-06-01,-0.002031199194555,RV_SV,-0.0130383885250284,-0.0177196218119025,-0.00968755890599,-0.0135092416734466,-0.0080138852476376,-0.0110780549452263,0.0071885964083756,0.0102094509790624,0.0092279160344203,0.0128906254177488,0.0128948990523027,0.0154920175047043
2017-06-02,0.005021481900405,RV_SV,-0.0134098658214825,-0.0173577240422019,-0.0097612582390905,-0.0136276546459151,-0.0079208839756651,-0.0111448924925687,0.0070888380105665,0.0106868957796281,0.0089820464707821,0.012763896108674,0.0132114000905789,0.0154015512520172
2017-06-05,-0.001789540769987,RV_SV,-0.012371090633987,-0.0175636115571938,-0.0098694133931171,-0.0141976918918766,-0.0080817094319912,-0.0115428989462301,0.0071756243034331,0.0106859297349918,0.0094878186010683,0.0133272457377481,0.0124853725469732,0.0167202461799816
2017-06-06,0.0014478659833713,RV_SV,-0.0136786283314626,-0.0182379147097283,-0.009891442050093,-0.0140900518565343,-0.0078373725164943,-0.0110683907311275,0.0069857686570268,0.0103847173708123,0.0087652348981968,0.0120348761615641,0.0130376947533006,0.0159961608221883
2017-06-07,-0.0025418169002573,RV_SV,-0.0130715285938912,-0.0166075889351825,-0.0096716443570681,-0.0134460251683788,-0.0077426301531341,-0.0107837015859993,0.0070211241724379,0.0100752579430991,0.0088643581088678,0.01236118938821,0.0130326619366706,0.0160629732161344
2017-06-08,-0.0018482029822042,RV_SV,-0.0142515444014073,-0.0176850529592938,-0.0100412293357486,-0.013515149417868,-0.008578138301788,-0.0112448021591381,0.0076797669320942,0.0113507130883376,0.009588664432992,0.0139725577782076,0.0140802657706017,0.0152485779758311
2017-06-09,-0.0024368267273552,RV_SV,-0.0138288605631783,-0.0172766312117392,-0.0100251656527892,-0.0134304922392873,-0.0081818719236393,-0.01144419972968,0.0073780806779112,0.0105980017999239,0.0093586587552895,0.0130098203071614,0.0135905066971253,0.01673223374934
2017-06-12,0.0012146925686911,RV_SV,-0.013464688515912,-0.0175998433986684,-0.0100635212247709,-0.0139769200334382,-0.008249672954043,-0.0116003606625672,0.0074786783489593,0.0106513946212903,0.0096578799128046,0.0135297237285785,0.0133540075467963,0.0155414981735095
2017-06-13,-0.0008662106951573,RV_SV,-0.0134901653203856,-0.017783939740568,-0.0098583815416197,-0.0138435405169883,-0.0076991169072526,-0.0110757351831032,0.0070535466738681,0.0101372144637674,0.0088210012563813,0.0121668140023727,0.012842568468876,0.0155375089452063
2017-06-16,-2.68019869222036e-05,RV_SV,-0.013358941729422,-0.0167528807832825,-0.0098620836895867,-0.0135625561905965,-0.00772091010058,-0.0111526453292002,0.0070515791584296,0.0103176685469248,0.0088945207393502,0.0122244041186073,0.0128216948999356,0.0159087293612614
2017-06-19,-0.0029794947062335,RV_SV,-0.012979692384354,-0.0170743180802876,-0.0095754032559034,-0.0130724590340208,-0.0076598527805798,-0.0109693802829116,0.0071047863839189,0.0100504881703414,0.0089576968981724,0.0121655893349506,0.0129491130488972,0.0160919959131177
2017-06-20,-0.0032288456386149,RV_SV,-0.0129852824287328,-0.0167694524069799,-0.0095556041175005,-0.0129575243037241,-0.0075602287608638,-0.0106735255571487,0.0071336292592748,0.0105519017301548,0.0088297257750675,0.0125376371299969,0.0132527412604269,0.0166006521850938
2017-06-21,0.0017043525734924,RV_SV,-0.0128035920082695,-0.0154545809601739,-0.0094032313611868,-0.0127659287331493,-0.0076796497867493,-0.0106418919295614,0.0072227227300257,0.010606498341633,0.0089832502921414,0.0128776092233886,0.0133430981106505,0.016420751615918
2017-06-22,0.0003970403721081,RV_SV,-0.0125030285926544,-0.0158178927356958,-0.0093163944709387,-0.0130294124462928,-0.0075392172016958,-0.0106030491198457,0.0070846432318536,0.010214610490281,0.0088102867016809,0.0124738904796695,0.0131668772134773,0.0162178146079645
2017-06-23,0.0044218253866304,RV_SV,-0.012534530063377,-0.0168341591950884,-0.0092335216855277,-0.0122493063634507,-0.0074038151053516,-0.0106762703955321,0.0068898075895354,0.0100543054543936,0.008772654198339,0.0124422287575651,0.0129899065916339,0.0168819578959974
2017-06-26,-2.00956328847562e-05,RV_SV,-0.0122349191883994,-0.0158817700504911,-0.0091108856054723,-0.0124634494206032,-0.0074089958798923,-0.0101956106212259,0.0068308371959405,0.0100225468876276,0.0087560624501015,0.012420443760244,0.0127773588735751,0.0179267456505546
2017-06-27,0.0115484517084992,RV_SV,-0.0124350477036795,-0.0160104943059209,-0.0092433160533487,-0.012641008450496,-0.0075654687091789,-0.0106170631693728,0.0069308159519885,0.0102364947847209,0.0088686820621557,0.0123335374230624,0.0130491525678785,0.0159893027386723
2017-06-29,0.0082474331715743,RV_SV,-0.0115125561144304,-0.0163167454022735,-0.0093903070122314,-0.0121664620707132,-0.0078226703811478,-0.0109705625825476,0.0070415121486824,0.0099560764264933,0.0096441904691533,0.0127964632702448,0.0124712133032536,0.0139517298405462
2017-06-30,-0.0007993421730383,RV_SV,-0.0127250543735813,-0.0169853448645154,-0.0095273402207846,-0.0130354611113632,-0.0077896388519314,-0.0109988423639243,0.0071182876336526,0.0104418607946143,0.0092816750217773,0.0129580059041238,0.0129838729432216,0.0160199161173318
2017-07-03,-0.0039007456916974,RV_SV,-0.0129551160298282,-0.0168569512788129,-0.0095272473342833,-0.0134977903076716,-0.0076883517442571,-0.0112518935373587,0.0070323742304306,0.0106825821621449,0.0089285445930622,0.0125812430686577,0.0130254490059355,0.0158173693876338
2017-07-04,-0.0016597368042999,RV_SV,-0.0131824781660155,-0.0164010664223049,-0.0096261482417561,-0.0131660482329853,-0.0075814668334459,-0.0108075930984654,0.0068030389630529,0.010063701665356,0.008667038804239,0.0125925662648389,0.0128296197814371,0.0150973912069382
2017-07-05,-0.0010668548634614,RV_SV,-0.0131527788684392,-0.0181822391422639,-0.0095219501907259,-0.0127832176566759,-0.0075228729022209,-0.0108565410621514,0.0067081522020846,0.0101852058027596,0.0086311873365527,0.0125089884746438,0.0128006175474357,0.0156017156196003
2017-07-06,0.0062657810858605,RV_SV,-0.0127447523160843,-0.0163506149063241,-0.0093210033809449,-0.0128419923207984,-0.007360807790275,-0.0104926792258608,0.0067436704398135,0.0098366260859598,0.0086394833779585,0.0123159861913515,0.0128599204507074,0.0157820812172303
2017-07-07,-0.0009604021270636,RV_SV,-0.0122057539824747,-0.0169493529484141,-0.0092880299245175,-0.0130494806216522,-0.0074354046111411,-0.0106488672034143,0.0069344620289018,0.0100703096045746,0.0089477004612095,0.012431849360997,0.0128931742672901,0.0163682716814772
2017-07-10,-5.04575734184831e-05,RV_SV,-0.0124081770112879,-0.0162816859408884,-0.0093516095665228,-0.0128940646236646,-0.0078662850779399,-0.0107045216731396,0.0069618299403462,0.0104028695920709,0.0090602078429228,0.0125057768399077,0.0130848820347317,0.0162849872285853
2017-07-11,0.0030251442817144,RV_SV,-0.0128321839873112,-0.0156171496557842,-0.0092245893119736,-0.0132177490552946,-0.0071873927460224,-0.0104542347450366,0.0066273059200048,0.0100010149785022,0.008436997214239,0.0118840378520455,0.0127660364023356,0.0165314998176927
2017-07-12,-0.0016899735202592,RV_SV,-0.0126112774583024,-0.0168402161218584,-0.0092039288158625,-0.0124438017152248,-0.0072147111066347,-0.0103376590386162,0.0066055489830146,0.0097392457091866,0.0084835072179588,0.0120938785894087,0.0127368865769573,0.014155725246436
2017-07-13,-0.0023294848161203,RV_SV,-0.0128764415233509,-0.0171600509046434,-0.0094286702849749,-0.0134721625784575,-0.0078375648167654,-0.0112664354300106,0.0070288616021973,0.0104971104651746,0.009372100199488,0.0122869763673992,0.0131454368942778,0.0159468097637411
2017-07-14,0.0059118132214929,RV_SV,-0.0127477578013598,-0.0166209422878684,-0.0094665177750391,-0.0133499897766116,-0.0076159714937089,-0.0108494389371294,0.0071036893120332,0.0098758308954632,0.0087941501159292,0.0124165217298674,0.0129915609213514,0.0155626817978115
2017-07-17,0.00153572331324,RV_SV,-0.0123497715981194,-0.017344752721625,-0.0092623028197262,-0.0130934968848252,-0.0074040863615447,-0.0105347639981566,0.0069510473185313,0.0101335835369116,0.0087955050044149,0.0123556085344213,0.0126317684730545,0.0147200178895127
2017-07-18,0.0094566788733079,RV_SV,-0.0126302039664626,-0.0168594616449983,-0.0093071641630043,-0.0132993357756086,-0.00718232742746,-0.010757087206568,0.0065432457115082,0.0095022680195319,0.0083025657343786,0.0119173091052042,0.0124165161943172,0.0150262983443874
2017-07-19,-0.0052325367238444,RV_SV,-0.0123572556286543,-0.017442120962184,-0.0094989836356581,-0.013820538419036,-0.0075208721127611,-0.0105491717855158,0.0073919491467215,0.0103428037352231,0.0092077309969135,0.0123172193867138,0.0121618002670565,0.0136505103878606
2017-07-20,0.0100081392218803,RV_SV,-0.0127254444251268,-0.0170544400849153,-0.0093687629111772,-0.0127423913331546,-0.0073584507244996,-0.0106761909331478,0.0068705244488626,0.009957084947814,0.0089845682261617,0.0125881143698314,0.0128008737764207,0.0156729598974143
2017-07-21,0.0018099241573854,RV_SV,-0.0117236949037288,-0.0172675767667208,-0.0094885749881398,-0.0141477513424802,-0.0077056766211643,-0.0108471094507132,0.0075417818356353,0.0105047752588243,0.0099826092608376,0.0128587115211923,0.0123281109919439,0.016473686036321
2017-07-24,-0.0010795486689696,RV_SV,-0.0126416911318004,-0.0181577409577022,-0.0095653911001352,-0.0133626959766387,-0.0076278798092792,-0.0110291881973878,0.0072093371255893,0.0101410262294925,0.0097712574725838,0.0125570009865848,0.0127725697053088,0.0160853935940282
2017-07-25,0.0010902739212546,RV_SV,-0.0132229547381236,-0.0170324079077449,-0.0095157682002647,-0.0124559489068929,-0.0075555330485255,-0.0106436451287587,0.0069122660498016,0.0103293407655553,0.0094003472236352,0.0124622721406456,0.0128441527020352,0.0152785750477652
2017-07-26,-0.0019281025763111,RV_SV,-0.0124926534982299,-0.0164656038303514,-0.0096372409718223,-0.0135694165127608,-0.0078559524660305,-0.0110109793572982,0.0073620422281481,0.0105606368071683,0.0098849153775353,0.0128149900807086,0.0130599384722436,0.0162671735865049
2017-07-27,0.001958132670758,RV_SV,-0.0130993052602093,-0.0171910042735142,-0.009696565195005,-0.0136470155093326,-0.0077329804541592,-0.0109574700869852,0.0071981176442972,0.010443741861049,0.0095680684575092,0.0125701116184296,0.0130572365642208,0.0156103595063792
2017-07-28,0.0085347930743589,RV_SV,-0.0119782058389942,-0.0178434243217957,-0.0100481137440009,-0.0141317120021532,-0.0084299223248153,-0.0122026496302338,0.0083825398362167,0.0113436659615564,0.0107001909849436,0.0133072533450644,0.0122280033628498,0.0146963175995868
2017-07-31,0.0059583685429108,RV_SV,-0.0129472475333026,-0.0181623357117985,-0.0099996925501569,-0.0138664554190947,-0.007925292393074,-0.0120876982281346,0.0076260346223798,0.0107030378721867,0.0099759259872146,0.0123740957680212,0.0126128028297449,0.016225682543096
2017-08-01,-0.0022561858880392,RV_SV,-0.0131260113095023,-0.0192230555618484,-0.0100041456902057,-0.0135351298165646,-0.0076790385077824,-0.0114948663549052,0.007496856284346,0.0104945307262356,0.009652192046751,0.0118835624896847,0.0119927952448766,0.0144124746305488
2017-08-02,0.0052452956032793,RV_SV,-0.0135036935291842,-0.0175548311370288,-0.010092197236211,-0.0137427559745043,-0.0080594217399077,-0.0116778185083401,0.0075145742771099,0.0103725272176569,0.0099422816987427,0.0128218291091904,0.012906326330889,0.0164345098915079
2017-08-03,0.0015627668782196,RV_SV,-0.0131444789703189,-0.0191632772452779,-0.0101265776990428,-0.0137865088331772,-0.0079323202463294,-0.0113867372689034,0.0077301392724091,0.010459864900199,0.0097187232515876,0.0126722842102679,0.0124919429853203,0.014874663300686
2017-08-04,-0.0106463661140996,RV_SV,-0.0128788600739523,-0.0174666982616548,-0.0100429952344186,-0.0137055270959097,-0.007975330539035,-0.0113182544688728,0.0076048488952704,0.0107851550062418,0.0099130274475041,0.0126306866990764,0.0131257704245818,0.015422914785326
2017-08-07,0.0028801080195604,RV_SV,-0.0145263891433964,-0.0180936548719766,-0.0106224877845859,-0.0138186549597167,-0.0092999678593539,-0.012362138214357,0.0081668553575679,0.0120030707509791,0.0109509929341638,0.0151377206890205,0.0144222299818664,0.0180117266455321
2017-08-08,-0.0053334593934312,RV_SV,-0.0133683616353418,-0.0174421583150203,-0.010157554706492,-0.0140081732539717,-0.0078210298903932,-0.0110324981112891,0.0074579863898702,0.0104798164996859,0.0097849392906988,0.0123173295345756,0.0126407427876769,0.0144621761358928
2017-08-09,0.0019959342408365,RV_SV,-0.0134905985923856,-0.0173528848980712,-0.0101952508251214,-0.0142058491993718,-0.008091603961121,-0.0112787392531555,0.0073913118487677,0.0106939101583603,0.0098275061272057,0.0132243960213635,0.0134279826593185,0.015379462086172
2017-08-10,0.0002383085212957,RV_SV,-0.0135238826516482,-0.0177554517225583,-0.0105248568089495,-0.0140072463407815,-0.0087067524007904,-0.0118199995190226,0.0081592322330615,0.0112868416321621,0.0104982878374516,0.0135875806855658,0.0136589860325009,0.0167762574785727
2017-08-11,0.0050570268829806,RV_SV,-0.0134694301676582,-0.0180904646784903,-0.0104509712711853,-0.0138113787413992,-0.0083405692248679,-0.0116385596055769,0.0079512027714376,0.011084373455261,0.0101858069909857,0.013208023428268,0.0132779702202456,0.0157362085445597
2017-08-14,-0.0020638617631211,RV_SV,-0.012474980454883,-0.0181361994649051,-0.0103832932032614,-0.0149978284738395,-0.008408517432321,-0.0116926445964083,0.00857456498995,0.010718201010124,0.0104854674528275,0.0132877658919881,0.0128528235401224,0.0162059507561132
2017-08-15,-0.0042683510088747,RV_SV,-0.013486384200813,-0.0175059448786268,-0.0103359089633473,-0.0138219307458538,-0.0080626614777158,-0.0115505801021867,0.0076327348620013,0.0107004285138882,0.0097951240380133,0.0130502151056628,0.0133030414727478,0.0162662512298055
2017-08-16,-0.0029055710514144,RV_SV,-0.0142066848777349,-0.0176042266334429,-0.0105767379465049,-0.014802021418036,-0.0086919064603833,-0.0118771840657417,0.0079931146448643,0.0114128047797052,0.0104301610766128,0.0137023062720126,0.013777823182523,0.0162336210527669
2017-08-17,0.0028608355182927,RV_SV,-0.0141740618153117,-0.0174853807852367,-0.0106536243330399,-0.0138889204793941,-0.0088427158078597,-0.0123204909586191,0.0082199126231074,0.0114237284573509,0.0106952950950109,0.0145520699293562,0.0139451882478756,0.0171616277129564
2017-08-18,0.0010539484115097,RV_SV,-0.0139724612976472,-0.0181822849207276,-0.0108432178760989,-0.0143348816893689,-0.0090770439984803,-0.0122307525799472,0.0084944682100264,0.0117808713363259,0.0108654023968694,0.013950893128903,0.0138955039085608,0.0170014895423394
2017-08-21,0.0055113746329005,RV_SV,-0.0136868759056914,-0.0177117128708088,-0.0107648392254493,-0.0143829107727105,-0.0086909434861728,-0.0119009024344504,0.0083803569881957,0.011425348725318,0.0105129776827238,0.0135218245374363,0.0133093039372048,0.0167867622774619
2017-08-22,-0.004290609567865,RV_SV,-0.013566509582495,-0.0177596211815411,-0.0105376595969732,-0.0143560117846712,-0.0080578085561108,-0.0115313885314644,0.0077856474852041,0.0109653812040077,0.0097697741534508,0.0125055911338811,0.0128536281345906,0.0145537044884019
2017-08-23,0.0033399073211833,RV_SV,-0.0134491882554965,-0.0173911409534827,-0.0105018643325255,-0.0136716978349598,-0.0082749899678228,-0.0115481907384729,0.0078334149539366,0.0111539784031865,0.0099829088345754,0.0130169605582031,0.0133470851888785,0.016490539125266
2017-08-24,-2.11840619598891e-05,RV_SV,-0.0132801665303049,-0.0171532252748432,-0.0103136345044306,-0.0133133375029901,-0.0081236553368953,-0.0113750035955809,0.0079155770217972,0.0109907156116186,0.0097692229145964,0.0133294555537545,0.0130410161060921,0.0166835132018865
2017-08-28,0.0143860742811274,RV_SV,-0.0129064758807555,-0.0155371309218419,-0.0100444343057729,-0.0128517318553433,-0.0079217311371244,-0.0106110385174553,0.0077776303654805,0.0108023965356133,0.0098363869646879,0.012947790285426,0.0132770134466917,0.0165967532861738
2017-08-29,0.0044005204944015,RV_SV,-0.0125279534113848,-0.015084215385285,-0.0098238033579647,-0.0128001279565638,-0.007835950921938,-0.0108881553607002,0.0078226721815624,0.0109398505781172,0.0101537259976188,0.0137472039892153,0.0137331345550618,0.017412302974766
2017-08-30,-0.0082082317258048,RV_SV,-0.0122490196748396,-0.016537081705488,-0.0098611036419881,-0.013095755270831,-0.008247649833741,-0.011148877447571,0.008274649727912,0.0110776043532318,0.0103776382936876,0.0137617131747114,0.0135935859978092,0.0165348010789804
2017-08-31,-0.0028401029604059,RV_SV,-0.0134508487744706,-0.0163618003966546,-0.0102882396023031,-0.0141676666048065,-0.008713601807706,-0.0115250190709007,0.0080676260928642,0.0119042346575793,0.0105763803613485,0.0145273260254863,0.0143658044533912,0.0157966631045581
2017-09-01,-0.0013020465422687,RV_SV,-0.0133522614760476,-0.0163003346580364,-0.0103176437085355,-0.0134293463380359,-0.0086150432985317,-0.011547490001725,0.0081887256274051,0.0113717100838189,0.0105204957930744,0.0138618286419831,0.0139391296973515,0.015924440268732
2017-09-04,0.0032550901300177,RV_SV,-0.0134309068010959,-0.0192481054670285,-0.0110421471837439,-0.0154246637326449,-0.009615739825684,-0.0129102457374278,0.0091363486705953,0.0123356133773456,0.0111780007931332,0.014041962434617,0.0142094709119925,0.0164389088738283
2017-09-05,-0.0004427754749548,RV_SV,-0.0141085557002936,-0.017281973860032,-0.0107786947474395,-0.0146800554412716,-0.0080996493995016,-0.0115908061744932,0.0079130930528274,0.0108094292969414,0.0102125013766346,0.0126737447937722,0.012821595670216,0.0142170129655952
2017-09-06,0.0025071706436782,RV_SV,-0.0139442529602162,-0.01826240767488,-0.0108421789527291,-0.0147079308087501,-0.0085548639983484,-0.0117001475937746,0.0081816331223721,0.0113176209275573,0.0105255895763092,0.0133816251825538,0.0131872420850221,0.0162282504619055
2017-09-07,0.0071493920273014,RV_SV,-0.0136536092961377,-0.0182522466880364,-0.0106298748639599,-0.0142756998879041,-0.0082548569142407,-0.0116231835941525,0.0078432113478375,0.0109759341129107,0.0103183855174167,0.0129118988747419,0.0131865243304827,0.0159986239694198
2017-09-08,0.001086598689763,RV_SV,-0.0129991684406404,-0.0197354118060558,-0.010894081536216,-0.0149266907255978,-0.0089074840082651,-0.0124505540261754,0.008834863037263,0.0114103423610078,0.0107954029611576,0.0132991236133935,0.0131040483051464,0.0161557149905989
2017-09-11,-0.0063283835573456,RV_SV,-0.0133253992668475,-0.0182660671279393,-0.0108083026272463,-0.0152220385271085,-0.0090385596162647,-0.0123080824195443,0.0087689005976464,0.0118855649012665,0.010769183682002,0.0137974813928406,0.0137907577263069,0.016314920708221
2017-09-12,0.0003635383604342,RV_SV,-0.0140163438850675,-0.0181214194239629,-0.0106434838709751,-0.0144860330286317,-0.0082340541158169,-0.0115201091953614,0.0078953580745445,0.0109882106057901,0.0103281216680787,0.013293553368345,0.0134333736540214,0.0167604169674302
2017-09-13,-0.0058115216284125,RV_SV,-0.0138308457118879,-0.0176059305371879,-0.0105886945569118,-0.0143258999206239,-0.0082637811710652,-0.0114285113573502,0.0079326477719089,0.0111884667860907,0.0101739647932994,0.0131590137534738,0.0134919429238411,0.015857990840404
2017-09-14,-0.001046893785453,RV_SV,-0.0137602278242606,-0.017840745870052,-0.0104878943551289,-0.0143466208980626,-0.0083840332612041,-0.0115517626459882,0.0079172095779452,0.0110346016183671,0.010493151273792,0.0137146950148181,0.013644710595415,0.0161017964706918
2017-09-15,0.0060601289705531,RV_SV,-0.0138806577402996,-0.0170516680784763,-0.010693267723264,-0.0135230423910583,-0.0090317303250647,-0.0118554600287559,0.0084951034916353,0.0119567172115923,0.0108581475136255,0.0145029468999734,0.0143174336442432,0.017431450657122
2017-09-18,-0.0015901115172914,RV_SV,-0.0127710935673536,-0.0165106371359793,-0.0103439175650234,-0.014042700971463,-0.0083618299985734,-0.0118438215084938,0.0082680968685796,0.0113718668163208,0.0104323618373445,0.0133994893364603,0.0135168864473598,0.0168838549273971
2017-09-19,0.0033989250656673,RV_SV,-0.0129918795924774,-0.0165019372937396,-0.0102808835884641,-0.0134848371094163,-0.0080417398544478,-0.0113439919441192,0.0078578361680928,0.0109699910998434,0.0101611471813546,0.0133882093087309,0.0136077360207889,0.0173790509372443
2017-09-21,-0.0028169856839768,RV_SV,-0.0134137685984333,-0.016964223079541,-0.0103137791820933,-0.0130238636967327,-0.0083638629055716,-0.011394588282107,0.0079576468793924,0.0112510300808461,0.0103524192935398,0.0136415903609649,0.0136346315613865,0.0166681589074596
2017-09-22,0.0018231698088604,RV_SV,-0.0163502948087109,-0.0177365270904909,-0.0115228730441206,-0.0161344606615242,-0.0107858511775401,-0.0141403002848374,0.0085613103172824,0.0137042896232966,0.0126034803730132,0.0164329061588004,0.0165163894175555,0.011749054363669
2017-09-25,-0.0097818972485281,RV_SV,-0.0139836026051575,-0.0178176845167046,-0.0107718367861951,-0.0145457055307969,-0.0084434980093101,-0.0116232232372001,0.0079744966776584,0.0111931627813064,0.0104524934345174,0.0135152272145688,0.0134839975883193,0.0162314599123675
2017-09-27,-0.0089075556866935,RV_SV,-0.0138625754150775,-0.0175307364269974,-0.0106706516182857,-0.0143422387038105,-0.0083963652803709,-0.0118072509014678,0.0078747101838148,0.0111010898433419,0.0104930901209972,0.0136360078693532,0.0135884410140137,0.0172434548383655
2017-09-28,0.0025591878985491,RV_SV,-0.0140508222986679,-0.0182352905879993,-0.0108899227277008,-0.0146026561555793,-0.0089407447639226,-0.0120210940459264,0.0082210994663259,0.0115219510648857,0.0107662151854891,0.0139142750712236,0.0138084153634298,0.0159956271603966
2017-09-29,0.0030670611966423,RV_SV,-0.0137638396587771,-0.0181246755659927,-0.0108885627755806,-0.0145648130421353,-0.0086059733920105,-0.0118205928484263,0.0082532361140866,0.0111908315916424,0.010381290203828,0.0132727388800321,0.0134195785165312,0.0155588541735557
2017-10-02,-0.0058178138606317,RV_SV,-0.0129996638032256,-0.0159099367253507,-0.010420351627651,-0.0137548861513066,-0.0084365711060451,-0.0114916156928517,0.0082916839526388,0.0114210707307985,0.0104106358133941,0.0137683602782431,0.0137178371836731,0.0176523503652787
2017-10-03,0.0012445155176277,RV_SV,-0.0133133939273185,-0.0155455467801082,-0.0103748271904852,-0.0136344683703783,-0.0083069286171275,-0.0114142841036779,0.0079437247255743,0.0113177944052507,0.0101721276816113,0.0136872463172266,0.0138529495197158,0.0184376001631734
2017-10-04,0.0002019547096855,RV_SV,-0.013036824284237,-0.0159963758516063,-0.0102705349372725,-0.0132729800321752,-0.0081953059675445,-0.0112989466538091,0.0079645394617368,0.0111787801967745,0.0100467359131079,0.0136714489291523,0.0136979206923988,0.0177137445611208
2017-10-05,-0.0047514125206026,RV_SV,-0.0129169606185776,-0.0153710395553396,-0.0101346740396661,-0.0132705471354051,-0.0083756440922153,-0.011164730938146,0.0080308788340046,0.0111706731512797,0.0102627853466244,0.0138444737884705,0.0140471799256143,0.0173683973618335
2017-10-06,0.0023252599727384,RV_SV,-0.0126091465222827,-0.0156467477094878,-0.0099102397022401,-0.0128295115688221,-0.0079039670793352,-0.0106789450238695,0.0076312447090125,0.010918178421598,0.0097866630449514,0.0138993095807769,0.0134955924772707,0.017229209157028
2017-10-09,0.0008519520866309,RV_SV,-0.0124248935861495,-0.0158904336317435,-0.009994991644654,-0.0132899115575435,-0.0083167928346262,-0.0110906375863711,0.0080174555856296,0.0111655413252991,0.010244362225031,0.0136586632918902,0.0137989551735495,0.0175915084690794
2017-10-10,0.0052045461269718,RV_SV,-0.0125809947405661,-0.0155008172848091,-0.0098295504489017,-0.0124652078100776,-0.0078580590600707,-0.0106720594324121,0.0074467404988787,0.0107007968043632,0.0093405047681841,0.0124005055048425,0.0135777104275941,0.0162630736893475
2017-10-11,0.0036551981341831,RV_SV,-0.0121282198075009,-0.0154276959040251,-0.009761626033422,-0.0124400750646493,-0.0078448838245713,-0.0109498073536427,0.007699351131387,0.0108866892185886,0.0097460288466939,0.0129052694996439,0.0132335171477452,0.0165943926553731
2017-10-12,-0.0005931404850839,RV_SV,-0.0119535932016367,-0.0159235946309041,-0.0097009940876169,-0.0134024467869669,-0.0078596594055246,-0.0106771004105803,0.0076595466108913,0.010797337432876,0.0096685888477332,0.0135474234349399,0.0134736678422444,0.0165761730652898
2017-10-13,-0.0002871979425959,RV_SV,-0.0123234259564752,-0.0159306434400696,-0.009585909328814,-0.0131234469715797,-0.0076781148889075,-0.0108052740624984,0.0073020846267097,0.0104608534970403,0.0094143343434027,0.0128878304148719,0.0132984348915071,0.0168430959656176
2017-10-16,-0.0023492480421303,RV_SV,-0.0115496676711145,-0.0164772041926172,-0.0097796528618106,-0.0130389332551053,-0.0081256622487715,-0.0108774920307686,0.0082073093963576,0.0109070943639847,0.0100963918813678,0.0135248034817537,0.0127573550219972,0.0172050505234195
2017-10-17,-0.0047066100257386,RV_SV,-0.0125397637915909,-0.0162104269269436,-0.0097875232316079,-0.0126983472536975,-0.0076609460248838,-0.0108255029822968,0.0073195049879829,0.010481743720648,0.0091896960189344,0.0124725704735491,0.0132417584030024,0.0162288341152018
2017-10-18,0.0017001602245549,RV_SV,-0.0125282693851134,-0.0160483897022954,-0.0097523928171721,-0.0128966862367748,-0.0077794465456927,-0.0106952104136609,0.0072031336850057,0.0105026776573146,0.0092995838896262,0.0127593034451533,0.0132663874736515,0.016263634190536
2017-10-19,0.0058286858057201,RV_SV,-0.0120752954650057,-0.0156686242158223,-0.0094872884515818,-0.0129869969859851,-0.0075865523258619,-0.0107887839805361,0.0072694406595324,0.0103225058402266,0.0091348496822508,0.0126439605645666,0.0131755347545015,0.0160453380362641
2017-10-20,-0.0061642384619644,RV_SV,-0.0122978476008737,-0.016589031075686,-0.009618158338467,-0.0129833209043089,-0.0078788680764947,-0.01080322402705,0.0075225192338699,0.0109287868664171,0.0096592182752501,0.0131448180922957,0.0130661240066694,0.0156310933147454
2017-10-23,-0.0007649711596441,RV_SV,-0.0122739882357435,-0.0151291475499324,-0.0094930404604232,-0.0136729738056886,-0.0079069805123146,-0.0107816509390906,0.0073740864421421,0.0105046923921403,0.0096339211180555,0.0131686873087504,0.0135035372931852,0.0181477672780912
2017-10-24,0.0004356803110603,RV_SV,-0.0122377160866031,-0.0159703917904598,-0.0094215210196305,-0.0126838457346913,-0.0074581038099036,-0.0105903283160241,0.0071652059130336,0.010270221311588,0.0090562930045355,0.0125791240352588,0.0130239389161547,0.015431009578431
2017-10-25,0.0031397799521961,RV_SV,-0.012160930519683,-0.0158842321936137,-0.0092864874765847,-0.0130598656016162,-0.0073898974879179,-0.010367602012245,0.0068237788720379,0.0100656977513363,0.0092950549142133,0.0125799657375994,0.012892639777148,0.0155014106921176
2017-10-26,-0.0087800201300357,RV_SV,-0.0121832020707193,-0.016468697564642,-0.0093130791480584,-0.0124027959433055,-0.0075188369228239,-0.010566159541712,0.0070867210459864,0.0100996660646715,0.009344286825926,0.0126368054819238,0.0127409214677985,0.0146389909331271
2017-10-27,-0.0102104162981519,RV_SV,-0.013499852809224,-0.0174397306331611,-0.0099288077161249,-0.0137251818354383,-0.0089957563148376,-0.0114973636633004,0.0076594042650768,0.01224576820361,0.0104942313411526,0.0137954078162048,0.0146767688480137,0.0176982805850144
2017-10-30,0.0040072442454978,RV_SV,-0.0127230954309305,-0.017305343290876,-0.009946926007721,-0.0129671476697977,-0.0082854066266641,-0.0114657041699796,0.0075636204260807,0.0109267081567862,0.0097648750242055,0.0129843821026531,0.013180180465846,0.0144155655089157
2017-10-31,0.0018130579473746,RV_SV,-0.0128559620080208,-0.0171750029229956,-0.0095916765812288,-0.0132850496514462,-0.0077100122348427,-0.0109032122140477,0.0067907665305528,0.0100129724314763,0.0087977702622354,0.0125207793446055,0.0125787977424046,0.0148453478544564
2017-11-01,-0.0026132231854628,RV_SV,-0.0126510529386139,-0.0179239634981147,-0.0096766267640358,-0.0132383652414598,-0.0078614651798101,-0.0112141755566836,0.0069504707731409,0.0100045915079111,0.0093294734087744,0.0124753942693215,0.0124125718511964,0.0152821722317149
2017-11-02,0.0046436372018332,RV_SV,-0.0131601461941574,-0.0178074271884327,-0.0096394507008038,-0.0128654056760374,-0.0077744225195351,-0.0110874101777366,0.0067781555696009,0.0098302687731773,0.0092649229557258,0.0124833061474631,0.0122147155014409,0.0146623982226834
2017-11-03,-0.0047792124769843,RV_SV,-0.012053743777011,-0.0172444185713837,-0.0096487346180491,-0.0126486092819738,-0.007905217924314,-0.0108056936360086,0.0074121992664342,0.0105399545521959,0.0095234778278225,0.0127942734428834,0.0128725034229911,0.015482164858988
2017-11-06,-0.0026937929786597,RV_SV,-0.0125712484512897,-0.0167299942147235,-0.0096287428479144,-0.0129314521644644,-0.0079972795352375,-0.010889406606418,0.0073098911319313,0.0107382273575374,0.0094939818335773,0.0130715284553976,0.0131127383888901,0.0151709772687518
2017-11-07,-0.0008570691998104,RV_SV,-0.0123469286727652,-0.0160759226260239,-0.0095244152755211,-0.0124346301141586,-0.0076881486033632,-0.0108069770346798,0.0069087176816628,0.0101321152920082,0.0092350634049208,0.0123757277361363,0.0129283226447304,0.0159657672553547
2017-11-08,0.000872174662917,RV_SV,-0.0121286062229703,-0.0162291141702881,-0.0095175119438045,-0.0129790248771884,-0.0077788067922506,-0.0106739072588253,0.0069328855006133,0.0101633199906593,0.0090599777120879,0.0123112415587218,0.0129909255688743,0.0156390378823847
2017-11-09,0.0033499281095035,RV_SV,-0.0122123579471076,-0.0168425178150197,-0.0094500107163457,-0.0124109910746518,-0.0077069986015299,-0.0108711981891174,0.0068894063473282,0.0101718820076588,0.0091095101216106,0.012470341404647,0.0129654839996288,0.0152182513115303
2017-11-10,0.0031929734531217,RV_SV,-0.0122984732706343,-0.0160788640495905,-0.0094011286216019,-0.0129515409180578,-0.0075807447469611,-0.0106022801167902,0.0070115184492776,0.0102103344159637,0.0092251793381859,0.0128570131002661,0.012973392396511,0.0157457921180056
2017-11-13,0.0002593702889798,RV_SV,-0.0117109249898922,-0.0158694593218258,-0.0093605328660992,-0.0129033351081012,-0.0076376558273269,-0.0102117367655875,0.0070754437840401,0.0104304788862846,0.0093145069526363,0.0127050946271119,0.0130424665830989,0.0158270129842631
2017-11-14,0.007779764557259,RV_SV,-0.0117360727318453,-0.0148229673175383,-0.0092485620890145,-0.0129253159579524,-0.0073797282265793,-0.0103077005467145,0.0067942206060048,0.009877783266069,0.0088947629314355,0.0122310413995562,0.0129638963681348,0.0153341792253339
2017-11-16,0.0015448941356597,RV_SV,-0.0112916962132522,-0.016381090622406,-0.0091261398400525,-0.0120905274468489,-0.0074294073948355,-0.0105430158005849,0.0070352489875951,0.0100248251785799,0.009079112863577,0.0121385104648724,0.0127352100630592,0.0155631184638249
2017-11-17,0.0006283247286914,RV_SV,-0.0120864426663423,-0.0152892026299588,-0.0093345888965318,-0.0123055156368104,-0.00770486319915,-0.0108478439097417,0.0071495746859256,0.0103874824296469,0.0093701369830466,0.0127403729608649,0.0132058906547734,0.0152424491607191
2017-11-20,-0.0027880150490046,RV_SV,-0.0116786730361671,-0.0155596058884845,-0.009269092639237,-0.0125505571266766,-0.0076321787256884,-0.0105808183189073,0.0071722578000125,0.0100918660749851,0.0089799128982417,0.0125993855919067,0.0129467051421035,0.015583277010561
2017-11-21,-0.0019639215717016,RV_SV,-0.012137474927833,-0.0159640440647754,-0.0093453164808172,-0.0122691266977693,-0.0076866003267961,-0.0103644741465122,0.0071199085913786,0.0102616074205295,0.0092493732356283,0.0125215340110402,0.0129012827917213,0.0155248734222304
2017-11-22,0.005193226041589,RV_SV,-0.0121579492315754,-0.0162705265291366,-0.0095032669506908,-0.0127851064887208,-0.0078419547640574,-0.010998691330009,0.00703004826243,0.0106496827055918,0.0093122824527206,0.012459987132863,0.0130026162809287,0.0153937547788508
2017-11-23,0.0048202654119499,RV_SV,-0.0118821386857485,-0.0167609406932856,-0.0094144863712246,-0.0129960073244678,-0.0076458496076189,-0.0106021409525688,0.0070534842647963,0.0101971796398014,0.0091312491730563,0.0118387923462751,0.0127409863255339,0.0156891112944378
2017-11-24,0.0076627438346619,RV_SV,-0.0121167143418179,-0.016313490071968,-0.0093740781135948,-0.0127787361533968,-0.0076792310206241,-0.0107004773383083,0.0071505166705841,0.0100922844224593,0.0091224457865007,0.0124679581816442,0.0126929838052372,0.016014937605596
2017-11-27,-0.0012702566745783,RV_SV,-0.0117331140826165,-0.0168848709866542,-0.0093751816150447,-0.0131649826017986,-0.0074786293057802,-0.0104323710748508,0.007216898072285,0.0100794379529619,0.008760478387612,0.012275348246018,0.0127020091207342,0.0159697483573848
2017-11-28,-0.0041721593981019,RV_SV,-0.0120412496069338,-0.016210066263353,-0.0093950594960107,-0.0125862248660656,-0.0075669075363432,-0.0106196289809858,0.0070728348307474,0.0101053225070362,0.009074549879783,0.0123451526581703,0.0128009951056208,0.0156005068423691
2017-11-29,-0.0016737499269828,RV_SV,-0.0121166788935011,-0.0167588737415093,-0.0093973177776111,-0.013072649835745,-0.0076991404520394,-0.0107298572625394,0.0069787868720307,0.010292035754366,0.0094222034114814,0.0126742214838115,0.0130872458394892,0.0154948399916822
2017-11-30,0.006139511320332,RV_SV,-0.0125202108814322,-0.0163591467769237,-0.0094017810582765,-0.0132497956607322,-0.0077040352891104,-0.0108635413370106,0.0069771379186221,0.0103096787698141,0.0091047551608394,0.0124695394795038,0.0130253540389917,0.0149561043138119
2017-12-01,-0.004756463968746,RV_SV,-0.0120646440075699,-0.0176282063517072,-0.0094793977416118,-0.0134321700962834,-0.0076983068853315,-0.0109727152293734,0.0072967614294495,0.0103962485120976,0.00937485723765,0.0124545543337557,0.0126892290060088,0.0156479739253571
2017-12-04,-0.0013767180841036,RV_SV,-0.0123724459801716,-0.0171479760635131,-0.009580996158276,-0.013366154841458,-0.0077886115121527,-0.0108143839898433,0.0070329964281227,0.0105765817439709,0.0091870143302823,0.0125202256663957,0.0128948171509432,0.0151137635220591
2017-12-05,-0.0014229828877487,RV_SV,-0.0123172348101367,-0.0163306829317101,-0.0094928043988737,-0.0133670667225709,-0.0075073862068241,-0.0104865984899662,0.0067940360028913,0.0100739083128111,0.0090098897176972,0.0124402565977624,0.0126786525169279,0.0146492705449968
2017-12-06,-0.003778394012138,RV_SV,-0.0123380064747582,-0.0171356719977815,-0.0094967315377868,-0.013365995690746,-0.0074809250315321,-0.010614688068911,0.0067650037380746,0.0100835752805246,0.0087674932844674,0.0125244546211867,0.0125818116915198,0.015130153067602
2017-12-07,9.54292567737214e-05,RV_SV,-0.0124709528890785,-0.0157531246278554,-0.0094420601728332,-0.0132855691007864,-0.0074704208086638,-0.0106952880289555,0.0068333677410853,0.0101066899191949,0.0089375573967123,0.0117992945987363,0.0128535798301936,0.0148249788963768
2017-12-08,-0.0029412816513751,RV_SV,-0.012103128740606,-0.0168605038197965,-0.0092765951142066,-0.0124002328873429,-0.0073387909070191,-0.0105055951319714,0.006826672014664,0.010043874104543,0.0088089638973881,0.0118286306409577,0.0125890861801992,0.0152948566955412
2017-12-11,0.00340769363729,RV_SV,-0.0117241526423557,-0.0158094890617122,-0.0091466811539224,-0.0124671557347805,-0.0073617656817016,-0.0107957333437035,0.0070633272147079,0.0099849348331314,0.0088614441819242,0.0124177484686094,0.012569487506978,0.0151901211126211
2017-12-12,-0.0055538045300474,RV_SV,-0.0121844624803745,-0.0155101482676875,-0.0092078040123263,-0.012891043588305,-0.0071482022449419,-0.0103484840705132,0.0067240076894004,0.009687185028667,0.0084629363908556,0.0121002176996336,0.0127131849055135,0.0153716707946608
2017-12-13,0.0024161774222044,RV_SV,-0.0118186067353147,-0.0157906891571786,-0.0092105353811288,-0.0131288754886626,-0.0073593081601634,-0.0100044311000056,0.0067302153567194,0.0099932820268315,0.0090847994436428,0.0130863863822255,0.0128822994747333,0.0153646876279016
2017-12-14,0.0016825507353605,RV_SV,-0.0113115550888186,-0.0158349828198504,-0.0092324895235758,-0.0123385291961569,-0.0073119303508541,-0.0104697449867179,0.0071971497050146,0.0101362416925473,0.0090387170386255,0.0121812936360654,0.0126314938548715,0.0158097916659896
2017-12-15,-0.0011830135939527,RV_SV,-0.0121302093035897,-0.0171671076145296,-0.0095868997381179,-0.0125499521607473,-0.0081926625578984,-0.0114418301792214,0.0076970681967242,0.0108559484942014,0.0098331329810345,0.0134192166126524,0.0132794376345435,0.0155666000501532
2017-12-18,0.0040868191931285,RV_SV,-0.0122637064818269,-0.0164727640551024,-0.0094873788284989,-0.0127757449159938,-0.0075974487448113,-0.0107316793147825,0.0067647137243032,0.0100691318872875,0.0090909294836028,0.0126408614973557,0.0128957364588212,0.0152451482396034
2017-12-19,-0.0001862686168166,RV_SV,-0.0118510447707559,-0.0165616362085484,-0.0093779006040533,-0.0130039184245667,-0.0072312757711174,-0.0106459542186124,0.0068405659042483,0.0098250540355722,0.008577914581408,0.0122262364733428,0.0120259482685745,0.0156830546016435
2017-12-20,0.0061917350383403,RV_SV,-0.0125132812231583,-0.0173850153257051,-0.0095665424913359,-0.0125963073753945,-0.0075623018184477,-0.0109437425486247,0.0067361995011977,0.010219849049002,0.0090756752744507,0.0125314276231396,0.0128341466913996,0.0151828682494372
2017-12-21,-0.0018952321645922,RV_SV,-0.0119214268176917,-0.0162924159054084,-0.0093651355588249,-0.0130834143924337,-0.0073300538545998,-0.0107154131091045,0.0069557801646515,0.0100015611640655,0.0089939741823438,0.0120608732308128,0.0122381074263665,0.015367920241742
2017-12-22,-0.0021818543437567,RV_SV,-0.0117345517082199,-0.0156018480050482,-0.0092066332604704,-0.0120688587402892,-0.0073128274195939,-0.0104732088106043,0.0069023112525009,0.0101097139405879,0.0087324549130032,0.01265398469252,0.0126892500723709,0.0157017391338352
2017-12-27,0.005063291287788,RV_SV,-0.011932340215768,-0.0155959722864952,-0.0092862782032643,-0.0131467670833947,-0.0074598981344162,-0.0106095177651912,0.0067953775481903,0.010138020896606,0.0089883092139285,0.0126760517280772,0.0129119596353486,0.0153293097945476
2017-12-28,0.0035686937257717,RV_SV,-0.0117805267589436,-0.0150375968827329,-0.0092255706707728,-0.0125477622349091,-0.0072047689495222,-0.0105535624470339,0.0066842308782572,0.0099806283678126,0.0087500808502639,0.0122188575644762,0.0125738996475507,0.0161805406652376
2017-12-29,0.0060591440774794,RV_SV,-0.0116136709777757,-0.0155268759622215,-0.0090394501098923,-0.0128604336892813,-0.0071571900491727,-0.0102367984128521,0.0067951127148274,0.009853830503187,0.0087888045846191,0.0117918412373177,0.0125800933419032,0.0157967170887382
2018-01-02,0.0029349184657595,RV_SV,-0.0114471679143991,-0.0160516892653654,-0.0090852166966706,-0.0123759039599804,-0.0071200295936351,-0.0101555698582866,0.0067568828004888,0.010019946154739,0.0090209333218648,0.0124090232367221,0.0126049566782593,0.0158152956472974
2018-01-03,-0.0018426713345847,RV_SV,-0.0115137408687608,-0.0156618953296151,-0.0089294124063208,-0.0120897313781586,-0.0071364024576089,-0.0101430580883553,0.006733045452256,0.0098021069611669,0.0089201923582346,0.0121945250395498,0.0128249510889614,0.0150995934992947
2018-01-04,0.0042929162374028,RV_SV,-0.011642805760983,-0.0158104312914748,-0.008951136790626,-0.0127233483692088,-0.0072518693662645,-0.010444490601328,0.0066212795592956,0.0101418164481564,0.0090614822885574,0.0123673384471188,0.0130007166788789,0.0163262118581167
2018-01-05,-0.0032060149521632,RV_SV,-0.0115016281013858,-0.0159150612320481,-0.0089703350342123,-0.0123040925464717,-0.0072893371554108,-0.0104127395438798,0.0067844701354326,0.0101027714642067,0.0088297083869902,0.0120744551367111,0.0127953591076059,0.0145757164530985
2018-01-08,-0.0050663384988665,RV_SV,-0.0117457343580346,-0.0158996764438395,-0.0090871843315436,-0.0126057880810017,-0.0074078606485275,-0.0103829269063783,0.0066589022330324,0.0097707468152215,0.0088242196698474,0.0121989771998564,0.012643420440007,0.0155230663007757
2018-01-09,-0.0038088112934847,RV_SV,-0.0118810705114567,-0.0157636059318081,-0.0090229631415579,-0.0125587605813669,-0.0071452322729358,-0.0101278241053292,0.0063953355460977,0.0097861453935137,0.0084892731234502,0.0123202878244051,0.0121912065166693,0.014772759538241
2018-01-10,0.004432816739867,RV_SV,-0.0118135183512345,-0.0165219572668049,-0.0090716341156506,-0.012505400997391,-0.0072434902177209,-0.010568712214793,0.0067820298065849,0.0101079904147093,0.0086132181238252,0.0124588705521853,0.0124385011561037,0.0157068013248505
2018-01-11,0.005542577916034,RV_SV,-0.0118278223403604,-0.0170983583066065,-0.0092617705260465,-0.0133263845557322,-0.0075676886209359,-0.010536764987711,0.0071384111325825,0.0104182138849016,0.0091960220328209,0.0124847725241461,0.0125268294745409,0.014684145279014
2018-01-12,0.0081414491760611,RV_SV,-0.0110135660637997,-0.019535253149471,-0.0094686512846273,-0.0133061248939713,-0.0078550114879335,-0.0108323564066298,0.0080808596782737,0.0099891003730966,0.0098540518507137,0.0124048144927298,0.0118104834045352,0.0136916432119277
2018-01-15,0.0091896934612592,RV_SV,-0.0122860895348909,-0.0186488181286928,-0.0097512662831773,-0.0138949876561427,-0.0079662780566749,-0.011682689687033,0.0075394111463516,0.0107758236515517,0.0096201263906815,0.012214878437254,0.0121687509400934,0.0138880354428311
2018-01-16,-0.0024969872536213,RV_SV,-0.0129353721743394,-0.0185575441099739,-0.0096560228862431,-0.0139859982258748,-0.0078306008159924,-0.0116593298420673,0.007464135041405,0.0103907305676092,0.0092340828722465,0.0121066860596701,0.0121355726881205,0.0145526521048834
2018-01-17,0.0010726512777072,RV_SV,-0.0144793029143856,-0.0188186119137386,-0.0106369117554867,-0.015472111665958,-0.0087423361986832,-0.0123293798269332,0.0074547379922936,0.0110182682381199,0.0098600557475251,0.0138820574917292,0.0132690174651846,0.0141140695160681
2018-01-18,-0.000308397083088,RV_SV,-0.0138325352217533,-0.0195867158125295,-0.0103018603072972,-0.0150255409511834,-0.0085764554938877,-0.0120506479743256,0.0078354501656165,0.0112444913305064,0.0099478932810973,0.0123634845057707,0.0125142173348181,0.0139739028109028
2018-01-19,-0.0014329446802678,RV_SV,-0.0138172762708417,-0.0184653654288698,-0.0104722233467948,-0.0153375615074148,-0.008449027237903,-0.0115982235086931,0.0075996208361227,0.0108884512754424,0.0097597338786681,0.0128209024402252,0.0125053400787014,0.0139486902931661
2018-01-22,0.0026374000854685,RV_SV,-0.0136970451473182,-0.0188059591423585,-0.0104877913298305,-0.014449210031971,-0.0083857780599222,-0.0119907464618947,0.0076224987647536,0.0109991912216975,0.0095645488819855,0.0128785781985311,0.0125972094531721,0.0134358112215751
2018-01-23,0.0032203982135551,RV_SV,-0.0135042252236024,-0.0183492022026282,-0.0101587106936101,-0.0136703223037427,-0.0077154591960658,-0.0111959150566413,0.007072408437069,0.0098572388953025,0.0089533933888903,0.0124372616219485,0.0122204833993479,0.0141784410635292
2018-01-24,0.0071491404581036,RV_SV,-0.01317035088815,-0.017453739543974,-0.0101654096862671,-0.0135494825756334,-0.0079475581518688,-0.0111913148574679,0.0074185527527014,0.0106625778221286,0.0093778845187628,0.0125641331126824,0.0128682677107786,0.0146800643123199
2018-01-25,0.0098893139492676,RV_SV,-0.0126943902680416,-0.0175900274248974,-0.0101314870163497,-0.0138625746035192,-0.0083260187730078,-0.0112719686607164,0.0081238834276774,0.0110139275371577,0.0101795005579439,0.013042911524573,0.0130960278197822,0.015994632559056
2018-01-26,-0.0058389877113291,RV_SV,-0.0125094164606639,-0.0188712748576124,-0.0107216512192983,-0.0145487613081928,-0.009110786412274,-0.0126351257648212,0.0097009076992727,0.0117361466370991,0.0111765109989274,0.013800232992569,0.0130707746081935,0.0157343229498827
2018-01-29,-0.006055355651087,RV_SV,-0.0163312072145959,-0.0197266025474617,-0.0128120328544373,-0.0152022452630025,-0.0115019572355296,-0.0139096011684956,0.0090100141734933,0.0148128709521275,0.0135058123331492,0.0180789679578435,0.0160005459520804,0.0164599541372953
2018-01-30,0.0043405036500426,RV_SV,-0.0153922966509951,-0.0211370220051035,-0.0114578066381085,-0.0154953314278971,-0.0088563024794915,-0.0118107057096471,0.0076900473945704,0.0107913664415019,0.0101334391225083,0.012593849228537,0.0130616253517973,0.0151497460194907
2018-01-31,0.0036957468638132,RV_SV,-0.0150415486825746,-0.0206670214514587,-0.0117016134762054,-0.0152433817774293,-0.0090658176409686,-0.0130404354689565,0.0084448807877598,0.0111465000191619,0.0103848844329525,0.0130099181144076,0.0126927498170069,0.0143607049597222
2018-02-01,0.0010471226150304,RV_SV,-0.015292266302842,-0.0209294352769097,-0.0114445759475482,-0.0155348037949865,-0.0089331229787922,-0.013321891070081,0.0081040189225401,0.0111132640946747,0.0102080360948662,0.0134827039386684,0.0130365878774368,0.0140920712355529
2018-02-02,-0.0026701213402625,RV_SV,-0.0146223849540896,-0.019708759978172,-0.0115396259939581,-0.0150418438062353,-0.0091367709865267,-0.0126394761940017,0.0086783215079303,0.0116974869331132,0.0106178998022534,0.0136693810784245,0.0134532640425352,0.0160202487056752
2018-02-05,-0.0012833899343829,RV_SV,-0.0141990856294522,-0.0172188096328929,-0.0114470617772826,-0.0145450418471403,-0.0095788968394225,-0.0125491290714968,0.0089379429990725,0.0123066855518739,0.0111872549709999,0.0145472391772996,0.0146754321596727,0.0190397640584906
2018-02-06,-0.0061095833192769,RV_SV,-0.0138220868521709,-0.0176192494267308,-0.0110024589031842,-0.0139655889755656,-0.0087203555320669,-0.0119359654740465,0.0085419847819087,0.0115202812031382,0.0103708784779257,0.0137922692589294,0.0138841015289698,0.0174795836974696
2018-02-07,-0.0041684569105097,RV_SV,-0.0142841871606703,-0.0171755077182824,-0.0116216141669437,-0.0147430327463866,-0.0099174181021043,-0.0126658545593444,0.0094108958194361,0.0129754682747258,0.0116199349232375,0.014999139878739,0.0149819875278495,0.0184449041417781
2018-02-08,-0.0026656229033615,RV_SV,-0.0141753741616624,-0.0173968449534028,-0.0114695927117901,-0.0144736698552259,-0.0092678717873932,-0.0120393100004132,0.00892913924797,0.0119936074380736,0.0108918402663452,0.0144148146606721,0.0140744482740493,0.0174598165796059
2018-02-09,-0.0009608764911463,RV_SV,-0.0143117573372036,-0.0175816057103533,-0.0117507723591941,-0.0149183270257237,-0.00980417443679,-0.0128387220874567,0.009480866319633,0.0128034593860359,0.0116010793995115,0.0147990547600313,0.014298434017237,0.018091273477664
2018-02-12,0.0023363210529276,RV_SV,-0.0142049897087133,-0.0174967177715605,-0.011676147256127,-0.0147439284324079,-0.0095605266613049,-0.0126211341268538,0.0093737879642995,0.0124154853027451,0.0112149281161146,0.0146177692367224,0.0145881877231158,0.0177019312846618
2018-02-13,0.0065799725540594,RV_SV,-0.0142185931994273,-0.0179490441988867,-0.0111224732755403,-0.0144284664567363,-0.0089360797541148,-0.0120953497939381,0.0087131173288399,0.0112378854455005,0.0106010151135582,0.0139508517864807,0.01384622122499,0.017069921837224
2018-02-14,0.0035983973273472,RV_SV,-0.0135378945803294,-0.0171687660826425,-0.0108971219275217,-0.0140169238201002,-0.0089363902123267,-0.0118391518935271,0.0090372869978629,0.0119359538777787,0.0106228916442791,0.0142677176056564,0.0137621092668359,0.0177242463478232
2018-02-15,0.0059927470782523,RV_SV,-0.0142100652395191,-0.0181570397682552,-0.0119783006951319,-0.0153934674532542,-0.010488469775692,-0.0136613432826473,0.0102711378488067,0.01346214923322,0.0124000354438569,0.0156352830761781,0.014605842336001,0.0169494516060501
2018-02-16,-0.0023510165129363,RV_SV,-0.0141595040899749,-0.0181183372302004,-0.0115171065160237,-0.0148920555011226,-0.0095405607033976,-0.0126701013681028,0.0094508234552937,0.0124278487115955,0.0112666293573768,0.014464829434956,0.0141198860871594,0.0176609913404746
2018-02-19,-0.0041316593136701,RV_SV,-0.0144603843561967,-0.0178757652544457,-0.0115027023828446,-0.01472790659911,-0.0093545928930526,-0.0125669802386256,0.0088620155149005,0.0122726950712667,0.0109124917419503,0.0143164649093778,0.0145760355736869,0.0178308491075239
2018-02-20,-0.004489066341954,RV_SV,-0.0144414058453508,-0.0179516907286581,-0.0112007565517134,-0.0144771783813062,-0.0089976384835415,-0.0121232463904591,0.0086633268679555,0.0117206562500305,0.0105578315197759,0.0136862525649033,0.0141295605470728,0.0169008065474893
2018-02-21,-0.0017537977247558,RV_SV,-0.0143892401314185,-0.0169438106796603,-0.011370755239473,-0.0145771132273035,-0.009064432976522,-0.0121749213922198,0.0087448334085957,0.0117526362469345,0.0104986239141184,0.0140350876609122,0.0142637946700915,0.0170682693134912
2018-02-22,0.0002069662408927,RV_SV,-0.0134579471560632,-0.0157722413769784,-0.0108623433234701,-0.0134314583180058,-0.0089305261794196,-0.0121307840186875,0.0088186165548836,0.0117935109080811,0.0106002796222405,0.0145958444154196,0.014871830654737,0.0181073274580673
2018-02-23,-0.0018662726985864,RV_SV,-0.0134586169616917,-0.0161078386555917,-0.0112693149879293,-0.0139066734865233,-0.0095357647910779,-0.0123852523175678,0.0092815180035989,0.012642390409831,0.0113820192337097,0.0151691109319656,0.0149496196119626,0.0174944770653024
2018-02-26,-0.0007320257511923,RV_SV,-0.0134398553036479,-0.0152146302093905,-0.0107073447818301,-0.0136136935355949,-0.0090868718171586,-0.0119002165912019,0.0088937169179403,0.0124065161964071,0.0108310743767149,0.0144543441231368,0.0146902713482544,0.0184583991410539
2018-02-27,-0.0041971089576523,RV_SV,-0.0132048447795993,-0.0157675615454877,-0.0104922184738407,-0.0136081777411018,-0.0086484356100752,-0.011274065067283,0.0086054269755387,0.0116541356323833,0.0103140070279518,0.0138731352191383,0.0143498706554213,0.0176063265045531
2018-02-28,-0.003484791088526,RV_SV,-0.0134292377188217,-0.0156191676015947,-0.0107339869744491,-0.0137070689308625,-0.008890174827657,-0.0117134312263628,0.0084797353299054,0.0118751449108024,0.0106496317526222,0.0146299529250088,0.0146382392842407,0.0172126790327766
2018-03-01,-0.0015796203580378,RV_SV,-0.0134292888738671,-0.0161176989870876,-0.0107151164123604,-0.0138220616518718,-0.0087064315347474,-0.011655503369825,0.0082952064314357,0.0116608321851588,0.0103069251115025,0.0143091975044542,0.0139971119092134,0.0170731196783136
2018-03-02,0.0108225280587452,RV_SV,-0.0128210869563734,-0.0163537515935957,-0.0102516730344685,-0.0132853661052866,-0.0085753988486605,-0.0115640358266876,0.0085217412232098,0.0113472527796124,0.010345692790684,0.0137424375829401,0.01379509131807,0.0170568336301473
2018-03-05,0.0015017943172966,RV_SV,-0.0128461173421829,-0.016870389742717,-0.0104659979019254,-0.0132663241194738,-0.0088231883408774,-0.0119084619582656,0.0092066914597014,0.0120053131488906,0.0108370347604273,0.0137635881368874,0.0135666721629513,0.0169730695149896
2018-03-06,0.0056823045442265,RV_SV,-0.0132110846547648,-0.0169642990521796,-0.0103723229205059,-0.0135689698429135,-0.0085655380930012,-0.0116168164378641,0.0084224150291875,0.011415300601296,0.01048835261316,0.013674159202756,0.0136473060982693,0.0171875568631295
2018-03-07,0.0003991750435546,RV_SV,-0.0128419330638184,-0.0174701213063831,-0.0103628264568452,-0.0143010979760556,-0.0084670095799039,-0.0116274635044339,0.0086312897529552,0.0113733164113216,0.0103853123044174,0.0134374303959917,0.0133851797430523,0.0164752834282945
2018-03-08,-0.0060956751889699,RV_SV,-0.0132151726624164,-0.0167281874028543,-0.0103483817015655,-0.0133518747792678,-0.0085658521255682,-0.0115822802660759,0.0084192884979491,0.0114921896304068,0.0104665589664303,0.0137308097411877,0.0137069437306197,0.0168522196305754
2018-03-09,-0.0006958314299529,RV_SV,-0.013386402785515,-0.0179004461636153,-0.0107230875456599,-0.0141386732256108,-0.0091419363555692,-0.012193211407066,0.0089566757466408,0.01219825490276,0.0108332600741209,0.0140219877940169,0.0137595406788021,0.0172550112572828
2018-03-12,-9.33553327881476e-05,RV_SV,-0.0133914638761648,-0.0167057329268711,-0.0103898157124825,-0.0140009878496808,-0.0085480373512269,-0.011640647182087,0.0082999535556807,0.0114437851886993,0.0103958157019773,0.0136085555344458,0.0136485372442784,0.0169586681748316
2018-03-13,0.0064836704681207,RV_SV,-0.0130648604316802,-0.0165684898209942,-0.009923658669971,-0.0133152786217109,-0.0079626013034588,-0.0109982345985787,0.0078152620509018,0.0107152655094651,0.0098145168586167,0.0130340430395988,0.0131531786577029,0.016872615733585
2018-03-14,-0.0029625044006762,RV_SV,-0.0127350042021083,-0.0168346457974779,-0.0099726661609615,-0.0133942502654783,-0.0082772548806963,-0.0114033282628665,0.0083630760546808,0.0110196739909822,0.0101214656111177,0.0132001826770506,0.013182606490407,0.0163555698888178
2018-03-15,-0.0033588145679747,RV_SV,-0.0133109478129592,-0.0162814540278672,-0.0102166154183361,-0.0134166230678423,-0.0084434284433416,-0.0114680111032438,0.0078773732796642,0.0112832496507711,0.0102932373373807,0.013797003332468,0.0139731026739256,0.0166088851109161
2018-03-16,-0.0032235472675634,RV_SV,-0.0126925417449952,-0.0156091695052269,-0.0098479701481494,-0.0129568697836184,-0.0081710782401222,-0.0112889855421918,0.0078455914688581,0.0109892143866506,0.0100961643946922,0.0138146488422273,0.0137329726361934,0.0167959157520514
2018-03-19,0.0038889129795266,RV_SV,-0.0125564527245494,-0.0151772975322669,-0.0096652873955727,-0.0130989981032034,-0.00807381420893,-0.0107614779027226,0.0077131440787062,0.0111117348097597,0.0097066646608104,0.0136151892317609,0.0135628033214495,0.0172382299407543
2018-03-20,-0.0046811454770359,RV_SV,-0.0120346770884209,-0.0157715404564764,-0.0092585166742859,-0.0131610849014181,-0.0076291516374901,-0.010590909819045,0.0077965772874949,0.0106340921122238,0.0096082766585721,0.0126726453068127,0.0127589046325329,0.0158666341259183
2018-03-21,-0.000183382303714,RV_SV,-0.0124073368715054,-0.0157432589944129,-0.0094633638373951,-0.0125605435902591,-0.0079419968346633,-0.0111778427518808,0.0075642837592055,0.0107958908879651,0.0096375027544734,0.0131355022031318,0.0132965471885973,0.016784433354799
2018-03-22,0.0034440038150736,RV_SV,-0.0121765865469523,-0.0155174402580688,-0.009295002893154,-0.0126311397269234,-0.0077358813266521,-0.0105966131504765,0.0075577568454862,0.0107839135117403,0.009703849096862,0.0128378057751196,0.0132431770503866,0.0162210621996604
2018-03-23,0.0039076642277987,RV_SV,-0.0121106271887754,-0.016506539093267,-0.0096039688851855,-0.0134504596329536,-0.0081804031675567,-0.0115375415860374,0.0080556314993351,0.0111316445162019,0.0102552675583127,0.0136247388017501,0.0132274747932278,0.0161450097538871
2018-03-26,0.0065527202342676,RV_SV,-0.0124439313093503,-0.0162117928247073,-0.0095928288088165,-0.0130811212258829,-0.0080149075491603,-0.0110000728464944,0.0078764353963852,0.0109058358277966,0.0098388959983133,0.0129693682129968,0.0131585154477022,0.0165803111061921
2018-03-27,-0.0025595223322674,RV_SV,-0.0122742254270873,-0.0169956396367552,-0.0093853689875646,-0.0128660681386642,-0.0075632142975184,-0.010501877136401,0.0076020898661938,0.0105373152880741,0.0092336344480931,0.012494620053314,0.0126484840582211,0.0166017597230188
2018-03-28,-0.0047378809402388,RV_SV,-0.0126190452836416,-0.0158414679380581,-0.0095430650112555,-0.0128972240892655,-0.007889029918358,-0.0107980914926393,0.0074368637932681,0.0108666189302249,0.0095701533399351,0.0128776962195902,0.0130427728724413,0.0165155897785609
2018-03-29,-0.0050025116829716,RV_SV,-0.0128005210403518,-0.0163903183325823,-0.009575136590705,-0.0128342599923272,-0.0078885515043667,-0.011001998471951,0.0073202550658165,0.0106218239899097,0.0096371168811454,0.0128629773385749,0.0130958844332434,0.0161868039469073
2018-04-03,-0.0021813280120666,RV_SV,-0.0124652730835603,-0.0159297689985774,-0.0094561300780321,-0.0127800757257896,-0.0078789597876342,-0.0109863943588465,0.007489075935049,0.0107397698833525,0.0097143366981202,0.0130150103285805,0.0131557217342339,0.0165104863857805
2018-04-04,0.0024925582384917,RV_SV,-0.0123986937230375,-0.015781973728274,-0.0093332310599046,-0.0123132143742746,-0.0078201247914614,-0.0108085754812263,0.0074066372197921,0.0104486186985228,0.0094631062124605,0.0127193647902643,0.0131027517556275,0.0158957933858406
2018-04-05,-0.0051323939090839,RV_SV,-0.0121584632060726,-0.0156325678665753,-0.0093455747330329,-0.0125905685304977,-0.0076796606771513,-0.0106998595896183,0.0076063220557437,0.0104808826362327,0.0093780283337149,0.0125462327573977,0.0128373906602489,0.0155287452364771
2018-04-06,0.0036608251407901,RV_SV,-0.0123525557879637,-0.0162789423777485,-0.0092725568701579,-0.0134504215897243,-0.0076611324639309,-0.0106775670612557,0.0072876487571925,0.0105980966319695,0.0093124251650931,0.0124025543407354,0.0128895526049863,0.0165203786688907
2018-04-09,0.0036677666342598,RV_SV,-0.0120318374148981,-0.0163037078013632,-0.009165474792426,-0.0127537756315499,-0.0076217974124711,-0.0105669682642645,0.0075314985510031,0.0106035305730969,0.0094527419431202,0.0124923036301903,0.0125253857343669,0.0160322059486608
2018-04-10,0.0014864493536897,RV_SV,-0.0120070397280254,-0.0161634735145101,-0.0090473751523337,-0.0124972010881765,-0.0073634591549611,-0.0105528068723462,0.0072842225377123,0.0103349111540597,0.0093143278518189,0.012290129271731,0.0123735938343402,0.0148718806332169
2018-04-11,0.0037781535248323,RV_SV,-0.0120273438029826,-0.0167170012739699,-0.0093453036778128,-0.0127113585480625,-0.0078448528396587,-0.0108659090008328,0.0077595816355689,0.0105775201733176,0.0095903981746294,0.0128965026847949,0.0126360845811352,0.0156271861423103
2018-04-12,-0.0053356346145168,RV_SV,-0.0121183261920911,-0.0160720410039156,-0.0090003381265877,-0.0129612444494081,-0.0072513038530456,-0.010452671938626,0.0070291140035281,0.0100375925069716,0.0090249190110969,0.0122284122686299,0.0124833990983495,0.0151722902634746
2018-04-13,0.0002333710458004,RV_SV,-0.0125144757606139,-0.016357921397416,-0.0092446445582129,-0.0122663877183357,-0.0076077731280622,-0.0109351102026657,0.0069302079985433,0.0102183696771867,0.0091364546290237,0.0125134758736661,0.0126667285152981,0.0152914777833185
2018-04-16,0.0042136187742451,RV_SV,-0.0121052238713689,-0.0157067564782127,-0.0089350139908902,-0.012366798720219,-0.0073177052773304,-0.0102441720892044,0.0069569365011544,0.0098957921150458,0.0089702805969837,0.0118185049164092,0.0123724725881948,0.0149641319512446
2018-04-17,-0.0022696250298611,RV_SV,-0.0118224575262021,-0.0163558615037623,-0.008801305919216,-0.0121658775344934,-0.0070313216728866,-0.0101224108920097,0.0069132304934129,0.0098805101071623,0.0088165867479658,0.01254571509038,0.0122071581768291,0.0147656992731675
2018-04-18,0.0028513727132174,RV_SV,-0.0118631984458708,-0.0148671722657597,-0.0087953330977698,-0.011953875084138,-0.0073051618114975,-0.0101792937143941,0.0069859879007827,0.010232960359549,0.0089711461596366,0.0120040599777404,0.0127976123016845,0.0164434837694497
2018-04-19,-0.0035523153679389,RV_SV,-0.0116796659206777,-0.0159779400702153,-0.0087735361980994,-0.0118334570003336,-0.0072310782014223,-0.0099718561899509,0.0068901221789176,0.0099939585167451,0.0089523365439935,0.0125936154109167,0.0124879244517875,0.0167785494042411
2018-04-20,-0.0044154665623125,RV_SV,-0.011800816757856,-0.0157396384995506,-0.0088225440554006,-0.0118538715111427,-0.0073371631204162,-0.0103385873737138,0.0068153591685996,0.0100779686863442,0.0090658808426396,0.012428075546382,0.0125741967981522,0.0157977549724793
2018-04-23,-0.0054537648088002,RV_SV,-0.0118291379219346,-0.0160360246994162,-0.0089333596872849,-0.0121947003054428,-0.0074514394015958,-0.0104029526560839,0.0071740755821174,0.010139895405066,0.0091538446102452,0.0123571621502265,0.0126299351648477,0.016001232258481
2018-04-24,0.0010514280137059,RV_SV,-0.0121137045177819,-0.0161007624747016,-0.0089060539363524,-0.0122996882162182,-0.0073540246151948,-0.0102396387093852,0.006861698599438,0.0101480770017803,0.0090773379519869,0.0126938800805075,0.0125973449204387,0.0164039035565269
2018-04-25,-0.0041938833322185,RV_SV,-0.0120091518785461,-0.0152747566344824,-0.0090012114670812,-0.0125635692237144,-0.0074520124687048,-0.0104363139347602,0.0070839466393404,0.0103366084833172,0.0092074184430209,0.0124089696096482,0.0126144045346609,0.016068396914901
2018-04-26,-0.0051996181419775,RV_SV,-0.0122220374832632,-0.0165215245962065,-0.0090100009232166,-0.0122969890997917,-0.0074439889556396,-0.010413353924796,0.0068093494344681,0.0103642935113997,0.0090947924013096,0.0122761639030753,0.0125087642243172,0.0153438096417394
2018-04-27,-0.0004768515502878,RV_SV,-0.0126183695690333,-0.0170121433869242,-0.0095097713627736,-0.0134701999457273,-0.008113053032309,-0.0111314681750303,0.0074170181831284,0.0108395595530502,0.0098749506030635,0.012767364604004,0.0128378376129566,0.0159367530797204
2018-04-30,-0.0028451874353571,RV_SV,-0.0123691733591375,-0.0170280200182048,-0.0091956674662127,-0.0137065013743644,-0.0075453228249076,-0.0108387137493441,0.0071630597323806,0.0102131934020061,0.009243576789591,0.0124833355703069,0.0122895543521183,0.0147777315781524
2018-05-02,-0.0088183992975199,RV_SV,-0.0120974113386161,-0.0175278089105223,-0.0091211040493277,-0.0125872305327592,-0.0072178508480337,-0.0102210131129344,0.0068412007917316,0.0100812510627658,0.008908382318717,0.0122842856432409,0.0121530271256235,0.0137114860433037
2018-05-03,0.0002673573413869,RV_SV,-0.0127479055174989,-0.0171708086491939,-0.009464418512236,-0.013583848171279,-0.0079061771397747,-0.0110154949282601,0.007122772582741,0.0106219306990143,0.0095133296296041,0.0124667894620204,0.0130603117815169,0.0151923668443854
2018-05-04,-0.0020990052069954,RV_SV,-0.0127542510974277,-0.0189701516629901,-0.009935453768174,-0.0143854352225717,-0.008680337899167,-0.011780834593409,0.0086263522533711,0.0113155058484855,0.0102760369130061,0.0126929421692479,0.0122827315771903,0.0134453781502971
2018-05-07,-0.0015708618882287,RV_SV,-0.0137607802922313,-0.018608108684141,-0.010219933925692,-0.0146728486909425,-0.0085401090051596,-0.0120302714086699,0.0073631179162472,0.0108998632525461,0.0100731286117681,0.0125538025364154,0.0128556825640875,0.0156022526571116
2018-05-08,-0.0053868603335613,RV_SV,-0.0130881874908896,-0.0181126969101911,-0.0096091290109589,-0.0134239383831572,-0.0075337461746582,-0.0112676658380162,0.0069137496482093,0.0101487249224053,0.0091338288260127,0.0119639804701299,0.0122049455820521,0.0122573213979449
2018-05-09,-0.0009129426587168,RV_SV,-0.0136988892405001,-0.0170841747422468,-0.0097705057481344,-0.0135088963382104,-0.0080773202364137,-0.0114552876721675,0.0069934257089483,0.0106153919087565,0.0095448021081002,0.0126317092367445,0.0125709041215589,0.0179011413284234
2018-05-10,0.003817003437426,RV_SV,-0.0130433445236322,-0.0184129284090941,-0.0098724441586269,-0.0139661808443335,-0.0078492820706714,-0.0113002486580681,0.0073760355378931,0.0105222630431239,0.0095688018366271,0.0127125910945051,0.012287690160056,0.0149860829579125
2018-05-11,0.004551632951826,RV_SV,-0.012675324513068,-0.0177966317003501,-0.0097537724855864,-0.0131610463633418,-0.0081811508719008,-0.0113487281898965,0.0078311284078904,0.0110395091162018,0.0098870488158462,0.0128487255062292,0.012660960232277,0.0160265233569885
2018-05-14,0.0019977604985901,RV_SV,-0.0123632893738879,-0.0167827329051021,-0.0093966454613845,-0.0126153051013458,-0.0076628665509558,-0.0107315272518095,0.0074917286278952,0.0102675296439457,0.0093396707334144,0.0123623043687271,0.0124610180825858,0.0153415038142048
2018-05-15,-0.0093586234545714,RV_SV,-0.0126845033950607,-0.0166463516020128,-0.009423732969915,-0.0130512986099747,-0.0075474013837846,-0.0107524003924607,0.0071967035215628,0.0103366775670657,0.0091417545232382,0.0124173598535988,0.0125176141331202,0.0158583112834675
2018-05-16,-0.0064860338412916,RV_SV,-0.0130855631221096,-0.016844870551304,-0.0098325179638987,-0.0130824997394558,-0.0081293268268449,-0.0110510054142349,0.0072545450210789,0.0106962903370884,0.0095729004946906,0.0136929439456554,0.0131482960530613,0.0158247441517122
2018-05-17,0.0008395487282951,RV_SV,-0.0129435820673672,-0.0166075769636936,-0.0100500749320875,-0.0134034514496794,-0.0084948914647036,-0.011584886430328,0.0078227787997681,0.0112688945696347,0.0100464962343645,0.0133473876641385,0.0133371665475455,0.0150171548396284
2018-05-18,-0.0018390214888636,RV_SV,-0.0129011663686873,-0.0169691079188821,-0.0099167624474592,-0.0134362439014711,-0.0083130908351763,-0.0112600636816675,0.0078789208545615,0.0110808469493832,0.0100006971273216,0.0131608742026186,0.0132943215638645,0.0160000123189904
2018-05-21,-0.0006392524574586,RV_SV,-0.0130991698218669,-0.017079875727046,-0.0098824560798581,-0.013453269952583,-0.0080161120027399,-0.0110683456856417,0.0074805335002401,0.0108006554884271,0.0097093273840298,0.0129967542883393,0.0131025495095762,0.0159058105981751
2018-05-22,0.0013799342793563,RV_SV,-0.0129572224857507,-0.0167536271202407,-0.0097523608919617,-0.013242754277834,-0.0079052356819266,-0.0109998512898493,0.00751382798642,0.0101965992888957,0.0095483307033611,0.0128047781553214,0.0128722651998084,0.015771046678096
2018-05-23,-0.0077693783046447,RV_SV,-0.0129007390267002,-0.0169206150000206,-0.0098660902499139,-0.0134730385789684,-0.0080693399404202,-0.0109545237048394,0.0077446473245827,0.0108058706956432,0.0096811278509152,0.0129685626224872,0.0132260335434842,0.0160437794245579
2018-05-24,0.0030655487340275,RV_SV,-0.0139211772239597,-0.0162717881923508,-0.0106992071117777,-0.0133729699712719,-0.0091432726524126,-0.0125084141600287,0.007612568948159,0.0117109734258348,0.0108776611282367,0.014573279675871,0.0144982624144754,0.0161145431267915
2018-05-25,-0.005411610953237,RV_SV,-0.0127992721816748,-0.0168439298859676,-0.0099758415628259,-0.013734589070265,-0.0082475613626288,-0.0115084567232612,0.0081724297695498,0.0111415120401251,0.0100828148304626,0.0135897504475214,0.0132535803704029,0.0168938299923006
2018-05-28,-0.003176800030667,RV_SV,-0.0133935908218073,-0.0165724460984764,-0.0102779407967432,-0.0136977300610028,-0.0085126792080254,-0.0116213294206663,0.0078432507636606,0.0112749950227774,0.0101744803116811,0.014067443426031,0.013657329242276,0.0159850344428791
2018-05-29,-0.0067043117136705,RV_SV,-0.0135163034852132,-0.0167086505249053,-0.0102162777417663,-0.0134336118494488,-0.0082040898040154,-0.0115049266133252,0.0076437919235618,0.0110379731302308,0.0099094504847811,0.0133070732810559,0.0135299982922777,0.0160151957013299
2018-05-30,0.0097460885490764,RV_SV,-0.0137253124750762,-0.0174934150122819,-0.0105190678236777,-0.0143116346022063,-0.0087845397154862,-0.0118828041671563,0.0079967347082336,0.0117378151495645,0.0104508620002423,0.0140292372292662,0.0137847662714269,0.0170308656814694
2018-05-31,0.0004178698342717,RV_SV,-0.0128896328275606,-0.0198650405477272,-0.0104827904989115,-0.0144855296790118,-0.0087980663882018,-0.0116255264256621,0.0094057132130574,0.0120205165505535,0.0106480512295876,0.0133624062631829,0.0128947908178919,0.0160957886704057
2018-06-01,0.0007795568057741,RV_SV,-0.0139684044601478,-0.0192774323919255,-0.0109343504701534,-0.0147761709021072,-0.0092769281562792,-0.0120372432036456,0.0092159480931053,0.0122947084899893,0.0111944480750881,0.0138844267981544,0.0136028778987156,0.0162921740375346
2018-06-04,0.0014760655485921,RV_SV,-0.0143896056170857,-0.0190072228725613,-0.011081469082486,-0.0152270353169118,-0.0090439235347029,-0.0125789085606761,0.0087108618015152,0.0119985307722852,0.0107639690596758,0.0134420396499372,0.0136048260886704,0.0156346243968395
2018-06-05,-0.0019707138284259,RV_SV,-0.0140581613769272,-0.019002648757269,-0.0106915094173937,-0.0144883591968097,-0.0082368976159735,-0.0120222132949207,0.0077969042096038,0.0104740783842891,0.0097785051108674,0.0124862253785707,0.0126917232806065,0.0149017285619058
2018-06-06,0.0089959401323571,RV_SV,-0.01399972461754,-0.0187659085124132,-0.0104928656945089,-0.0138997815430601,-0.0082165035649524,-0.0116368410498523,0.0076781141025948,0.0105879178973222,0.0097915598247843,0.0126670888583033,0.0127996047614008,0.0149842746502717
2018-06-07,0.0031366457700261,RV_SV,-0.0127853709733122,-0.0197850825580912,-0.0105310367750587,-0.0147087492717714,-0.0084959857793649,-0.0119454101840685,0.0092506815670235,0.011994626586235,0.0103215260817918,0.0135467241268002,0.0125719815839945,0.0153624601129546
2018-06-08,-0.0034805794833782,RV_SV,-0.0131655114893511,-0.0169029533776263,-0.0102645554573765,-0.0134169936289719,-0.0081880294173492,-0.0113714395625803,0.0083914581289728,0.0111004147714791,0.0099544095068769,0.0134254054182771,0.0134585018733702,0.0172721770960549
2018-06-11,0.0024092922060929,RV_SV,-0.0131611050170243,-0.0161809544332538,-0.0102513199562784,-0.0134311592239904,-0.0084499010235649,-0.011390895168139,0.0082874244594358,0.0115583490527194,0.0102775567988731,0.0135992323104218,0.013889483211146,0.0167964906455941
2018-06-12,-0.0009112853780192,RV_SV,-0.0129043332195615,-0.0165435725137002,-0.0100518724426617,-0.0131137812860027,-0.0081163715172098,-0.0109082849957637,0.0082977732744073,0.0111735067497641,0.0098336171062249,0.0132391388650172,0.0133730331924574,0.0158434491527727
2018-06-13,-0.000704165635273,RV_SV,-0.0130974079613714,-0.0164946662851529,-0.0101159186808132,-0.0133258745044425,-0.0082436043421906,-0.0112474550776219,0.0082214178128853,0.0112315684006213,0.0101135149587748,0.0135322636942468,0.0135721118218133,0.0162081436966597
2018-06-14,-0.0127196855998216,RV_SV,-0.0128389651587609,-0.0154355015615302,-0.0099037604475586,-0.0125719412504243,-0.0081906398202452,-0.0111593890505291,0.0080472382020073,0.0115273505404,0.0100469928379832,0.0140367944816357,0.0139141713276759,0.0168788276635209
2018-06-15,-0.0015849857669376,RV_SV,-0.0153633894370937,-0.0173685695674255,-0.0113009382044661,-0.01303206254576,-0.010866825049395,-0.0153495481967517,0.0090220343831957,0.0139714158501041,0.0128108236131024,0.0173849946225635,0.0167509889316594,0.0172044974028715
2018-06-18,-0.0008526728363272,RV_SV,-0.014207100551863,-0.0188972443131937,-0.0113124774776963,-0.0154036426301045,-0.0095411201449865,-0.0126219651268382,0.0093252106460129,0.0124608352624385,0.0115379245554975,0.0144235822908906,0.0142099253976839,0.0168830348476692
2018-06-19,-0.0023723575527358,RV_SV,-0.0138879901186643,-0.0183377319155192,-0.0106140129016095,-0.0143860614161688,-0.0081233023552594,-0.011675630115062,0.0084705141292226,0.0109713129508207,0.0097107387924234,0.0128435255397283,0.0130702608930159,0.0155448773966184
2018-06-20,0.0011523746881026,RV_SV,-0.0143497647173775,-0.0188585489533433,-0.011039389827412,-0.014754419041866,-0.0088677721468755,-0.0122861916712519,0.0087602043025717,0.011756764872828,0.0107232990348506,0.0138597006371451,0.0136193416838033,0.0159840554090747
2018-06-21,0.0007287200075834,RV_SV,-0.0144446427267286,-0.018373423854739,-0.0110448074507653,-0.015083089530272,-0.0085440472637121,-0.0122457048106279,0.0086070262269707,0.0115358502348152,0.0103090149452016,0.012888495050456,0.013316718840209,0.015794463459711
2018-06-22,0.0025699927833258,RV_SV,-0.013536543991307,-0.01780504250911,-0.0108689035949853,-0.0146382574787578,-0.0089572789859791,-0.01208643067568,0.009243628604514,0.0119121288927539,0.0107927011038769,0.0136293643568595,0.0136060616763494,0.0171617601017463
2018-06-25,0.0054431440859266,RV_SV,-0.013498345695261,-0.0171108027401932,-0.0106807401455802,-0.0139644417201455,-0.0088986878319932,-0.0120763905556651,0.0088189383950806,0.0119262437016056,0.0107670210007839,0.0139115055564198,0.0140550815773874,0.0172505454228591
2018-06-26,-0.0015341150984542,RV_SV,-0.0135397041647721,-0.0170964887683837,-0.0106309732080817,-0.0139543020602278,-0.0085438760699111,-0.0117773633406913,0.0086154396459201,0.0115737387108769,0.0103199327044761,0.0135197687913763,0.0136178351650038,0.0167833809587966
2018-06-27,-0.0075399383123557,RV_SV,-0.0134154462775331,-0.0164463244396416,-0.0105333602202332,-0.0139179569435526,-0.008531045872213,-0.0116024440285919,0.0085397990938921,0.0115967584372034,0.0103133849290991,0.0136905318747475,0.0138454734281632,0.0167358379655119
2018-06-28,-0.000446697842238,RV_SV,-0.0138242999667022,-0.0165815091072829,-0.0106564478815697,-0.0139236572450647,-0.0089277540821378,-0.0121077751870312,0.0083660053683672,0.0120872807490898,0.010760614071039,0.0142399000770941,0.0144246247473436,0.0178208666682807
2018-06-29,0.0081172452535231,RV_SV,-0.0134093761056407,-0.0167648879083952,-0.0107020950186696,-0.0139735078569082,-0.0091505548893855,-0.0119381877646531,0.0089714653320232,0.0121167160047083,0.0110385200522635,0.0145841829256087,0.014202006735548,0.0172596738149718
2018-07-02,-0.0062303891761778,RV_SV,-0.0129211105793636,-0.0192945957538075,-0.0106879860665387,-0.0149310403157961,-0.0091042864572199,-0.0118369892483431,0.0100309719059713,0.0122931523975434,0.0109886076307204,0.0139993577001,0.0130586632558631,0.0191225070998852
2018-07-03,0.0041621937371862,RV_SV,-0.0138855258379878,-0.0166668176393907,-0.0106484335464807,-0.014151310049406,-0.0083466569918508,-0.0118390907503472,0.0080658979710532,0.0112379041959781,0.0100387672989196,0.0138716979532182,0.0135741297583916,0.0168199275907208
2018-07-04,-0.0010045635501376,RV_SV,-0.0134923608615026,-0.0173840781624528,-0.010467413743467,-0.0143509736187487,-0.0082468791379939,-0.0115534645438009,0.0083519488960159,0.0111707580018049,0.0100096047294717,0.0131997140934642,0.0132042898690656,0.0159288642028945
2018-07-05,0.0047156912219344,RV_SV,-0.0134738047779184,-0.0163956767780517,-0.0103160630461092,-0.0132539050307828,-0.008000376786645,-0.0112754722470391,0.0078557891545267,0.010764664269289,0.0096969041204298,0.0128973945452976,0.0133173976604828,0.0154940171898827
2018-07-06,0.0034737741773882,RV_SV,-0.0127267832487102,-0.0159325956068358,-0.0101150295889066,-0.0133119815958397,-0.0081463757040831,-0.0109970496178652,0.0083972582671677,0.0110380430639441,0.0099604267259154,0.0131217668884371,0.013315846663349,0.0161992671221087
2018-07-09,0.0006409444460982,RV_SV,-0.0122789039656593,-0.0157288943649033,-0.0097745508107256,-0.0122913199864096,-0.0083065980245654,-0.0110606421753422,0.0082976810205277,0.011340102884264,0.0099847773747771,0.0135269110946139,0.0136822176411071,0.017446282093626
2018-07-10,-0.0013654292945029,RV_SV,-0.0126634251145484,-0.015580443154276,-0.0098346772195003,-0.0126674217360175,-0.0081886136198255,-0.0113555061344488,0.0077753352302099,0.011329840999957,0.0099109584142881,0.0137301448745004,0.0138888209922206,0.0170638020459626
2018-07-11,-0.0005181153935406,RV_SV,-0.0124245256781376,-0.0146105058101097,-0.0098288481976237,-0.0127179778265272,-0.0082331046444797,-0.0109350524828412,0.0078742487700106,0.0114242937140911,0.0098226079436888,0.0136768243770104,0.0139021565006477,0.017263976364847
2018-07-12,-0.0026780067215891,RV_SV,-0.0123359072377899,-0.0164714906625525,-0.0099560392598178,-0.0132397451099258,-0.0084076785585146,-0.0113080120619071,0.0084783047626238,0.0115855544211217,0.0100997637081848,0.0134615528491484,0.0135990288969447,0.0175274985618373
2018-07-13,-0.0020678634530369,RV_SV,-0.0125968365017053,-0.0158609688002522,-0.0099456649852233,-0.0132771451919071,-0.0082957656950704,-0.0111273864983065,0.0081084961570904,0.0112814490899222,0.0099720267835953,0.0134892527983199,0.0137111088844208,0.0166053156704262
2018-07-16,0.0038411901008043,RV_SV,-0.0125890109678685,-0.0155054838912568,-0.0099453447695788,-0.0129568475054551,-0.0082976424330033,-0.0112378812166663,0.0080984651086939,0.0111406814917337,0.0099426335253507,0.0133708204304763,0.0140782829776004,0.0174547615293655
2018-07-17,-0.0042055427038477,RV_SV,-0.0123986537994921,-0.0152840791080902,-0.0096661387624029,-0.0123700408577188,-0.0077292709411993,-0.0104641582527069,0.0075681373029637,0.0104731237030931,0.0093462887508799,0.0122076774529606,0.013175025589009,0.015910597729777
2018-07-18,-0.0015102632101078,RV_SV,-0.0125350011464029,-0.0154939175374392,-0.0096644785284098,-0.0127462088933836,-0.0079569373243481,-0.0109214077215256,0.0074334907201873,0.0107715889158139,0.0095787481924353,0.013027895983496,0.0133852631825576,0.0151417656149703
2018-07-19,-0.0035486426596265,RV_SV,-0.0122022725176191,-0.0146352743488437,-0.0094776480174938,-0.012564539863177,-0.0078812088207786,-0.0105589945916202,0.0075582020517873,0.0106570030344093,0.0095857133498893,0.0132751759087373,0.0132811742661999,0.0162413719490553
2018-07-20,0.009003987983853,RV_SV,-0.0122674512823455,-0.0155977862482684,-0.0095469849209599,-0.0122102677414267,-0.008031532854437,-0.0106174992936076,0.0075697961427167,0.0106863540077867,0.0097703951428196,0.0132353966795567,0.0133138788180374,0.0165606548811331
2018-07-23,-0.0005403517971095,RV_SV,-0.0123523103295435,-0.0165763242611749,-0.0098266162778761,-0.0132885908403475,-0.0084113736337898,-0.0115704852042228,0.0085042708452868,0.011219612582149,0.0102712919090104,0.0134158269960403,0.0130100655176339,0.015579130342935
2018-07-24,-0.0016484877097897,RV_SV,-0.0127809091005435,-0.0167878544870561,-0.009617735957706,-0.0130351244113295,-0.0076137038419049,-0.0107620900104065,0.0072986549087034,0.0106489270773703,0.0093241736480015,0.0124875257575032,0.0130185742196194,0.0147187907013653
2018-07-25,-0.0005736522540452,RV_SV,-0.0125958287697415,-0.0157810293927506,-0.009583130458294,-0.0128365557870389,-0.0076530568167048,-0.010748611809529,0.0075867207709898,0.0104168231383955,0.0092554241966959,0.01240845740637,0.0128544613313079,0.0159585537841704
2018-07-26,-0.0018902422437225,RV_SV,-0.0126346955681395,-0.0164923062343337,-0.0095821977855686,-0.0130163165857722,-0.0075970372192942,-0.0107852412627254,0.0073259783223696,0.0103779825663708,0.0092214434058144,0.0126435265047714,0.0127293365545227,0.0155475479178413
2018-07-27,0.0004675352613181,RV_SV,-0.0127883800453508,-0.0166123890627955,-0.0098745688789004,-0.0131592344302314,-0.0080702965107774,-0.0110358406946524,0.0076446697516762,0.0108186747696745,0.0099592579109211,0.0129243897063323,0.0132024171349905,0.0166035268715918
2018-07-30,0.0049109036694371,RV_SV,-0.0121673405559386,-0.0159401106996977,-0.009296116040897,-0.0122912081687938,-0.007489332994766,-0.0104919550411038,0.0072179893157812,0.0103206644866541,0.0091890704295037,0.0123787888332095,0.0124639261429506,0.0156798706391478
2018-07-31,-0.0010246777431443,RV_SV,-0.0119088411512083,-0.0148070832807344,-0.0091023950016995,-0.0119534578105922,-0.0071431404150522,-0.0100755683881376,0.007024808038433,0.009992921857843,0.0086181563394292,0.0118752801446763,0.0125116748824848,0.0145190769496534
2018-08-01,-0.0034317681594624,RV_SV,-0.0120436693843457,-0.0161780419396855,-0.0090777236863923,-0.0123573365301138,-0.0074094136883157,-0.0103548696123627,0.0067950769704114,0.0099618021883678,0.0089204411196799,0.0123160309380506,0.0127531405916428,0.0160422080531322
2018-08-02,-0.0045237574004929,RV_SV,-0.0119614944058808,-0.0153714540789177,-0.0089711857683411,-0.0118629342733372,-0.0072999769913253,-0.0102165391681923,0.0067810818192391,0.0100792675315033,0.0086545194574142,0.0121950554376831,0.0123773455283205,0.0156262350376438
2018-08-03,-0.0014219237142424,RV_SV,-0.0118075947493336,-0.0144761041363198,-0.0088667597375109,-0.0120349479475752,-0.0073511563927012,-0.0100621225548562,0.0068465406371938,0.0102891035430879,0.0088142018366565,0.0125986807220298,0.0125327415231614,0.0157988023952574
2018-08-06,-0.0028110101220968,RV_SV,-0.0117251231811882,-0.0155163648543366,-0.0089481264919068,-0.0124311805412343,-0.0074650073463514,-0.010363505023407,0.0070556663486662,0.010215583075634,0.008952461958883,0.012146468868292,0.0127324506042112,0.0153944426153365
2018-08-07,0.0028843101542526,RV_SV,-0.0116641121612467,-0.0158771911345271,-0.0088395888243964,-0.0122627741277547,-0.0070642337166565,-0.0101511855790409,0.0066303597525856,0.009720801325326,0.0086048791775507,0.0120453389973307,0.0123715521306489,0.0155927431628743
2018-08-08,0.0001034732522565,RV_SV,-0.0115828706005647,-0.0152312856997054,-0.0087583235176152,-0.0114559236638935,-0.0069858344815573,-0.0101203777183888,0.0067009698548839,0.0099680889875646,0.0088074171964061,0.0113239944739081,0.0123684126801769,0.0150364400576231
2018-08-09,-0.0027932195208438,RV_SV,-0.0116751030230633,-0.0158418991758129,-0.008817420872411,-0.0120814719050012,-0.0071373185262567,-0.0102157310104507,0.0067636148963467,0.0097334813228479,0.0087501059148288,0.0123438314001511,0.0124953215973695,0.0151266469208116
2018-08-13,-0.0147071401298983,RV_SV,-0.011656998692257,-0.0153875115137067,-0.0087637763233811,-0.011409267684814,-0.0070788217624618,-0.0099282967128922,0.0066497072989029,0.0099487334511982,0.0087262142417163,0.0119937182837607,0.0125240777049556,0.0154286570488966
2018-08-14,-0.0040202318353966,RV_SV,-0.0115985907643181,-0.0159606091064994,-0.0089036392171717,-0.012556807374788,-0.0074928668474879,-0.0104057669584697,0.0071483773796127,0.0102028511654374,0.0090826013319411,0.0124555208991808,0.0125049905952422,0.0155170546260488
2018-08-15,-0.0017414694463755,RV_SV,-0.0122318604452249,-0.0165777133956812,-0.0092049494584333,-0.0128660891707984,-0.0076113840395551,-0.0107168617058275,0.0068938842062742,0.0101996548019193,0.0092537709843592,0.0123985068178946,0.0126314913606687,0.015221878978769
2018-08-16,0.0049058168046463,RV_SV,-0.0122542702491449,-0.0170235857489144,-0.0091904224902757,-0.0127709042963774,-0.0075572806605506,-0.0105855282847965,0.0072346180264022,0.0103942048043414,0.0092048199371261,0.0121418516969935,0.0124361448693216,0.0145438630015391
2018-08-17,0.0019564842177034,RV_SV,-0.0125873994791386,-0.0176938767418036,-0.0093807006840003,-0.013288608196337,-0.0075629046166444,-0.0108460112748841,0.0073708805258495,0.0103243627069672,0.0091506121004738,0.012183010486215,0.0122370035155697,0.0152365344691676
2018-08-20,0.0025560797372393,RV_SV,-0.0127261726255559,-0.0176972254594579,-0.0093872871681276,-0.0134065011453695,-0.0073276985122421,-0.0108316428536311,0.007099953539434,0.0098971185129899,0.0088209168609352,0.0117980181663342,0.0121175582372989,0.0142741110704703
2018-08-21,0.008240746463638,RV_SV,-0.0126414936533826,-0.017509687061528,-0.0092524970672636,-0.0128161580953249,-0.0070410874127846,-0.0105232492867201,0.0067845770881819,0.0094377734410451,0.0085389413240215,0.0111009955844308,0.0120635740230276,0.0131373410816272
2018-08-22,0.0052709190889701,RV_SV,-0.0122614857356273,-0.0184518367360561,-0.0091456693865028,-0.0134055835356734,-0.0073792006783667,-0.0104615599971727,0.0074859230874656,0.0101739226894119,0.0089751835848634,0.0118032524350563,0.0118960602226107,0.0148206379664774
2018-08-23,-0.0022580341391264,RV_SV,-0.0121723423426391,-0.0168718574068706,-0.0090442639374226,-0.0130448821700868,-0.0073454281277518,-0.0105970276560846,0.007353869706001,0.0099329547907367,0.0088976484730647,0.0119011338187089,0.0119562866310014,0.0145143087508755
2018-08-24,0.0049046178997233,RV_SV,-0.0123479949200304,-0.0173585001840006,-0.0092500190065742,-0.013315921156608,-0.007554693111787,-0.010750886794516,0.007461372783971,0.0102809861367564,0.0092193841052836,0.0122833986726492,0.0122530988861272,0.0146727389965494
2018-08-27,0.0044097411777855,RV_SV,-0.0121979355166475,-0.0186965732206984,-0.0093860589416222,-0.0134213371496299,-0.0076179655032707,-0.011312414304788,0.0077658037531056,0.0102698533553745,0.0092696297542874,0.012036638130733,0.0117882001102634,0.0138565450223908
2018-08-28,0.0036802541201966,RV_SV,-0.0126723907930355,-0.0180322568475677,-0.009177157596496,-0.0130248879353309,-0.007128543005113,-0.0107636627991144,0.0070636105582481,0.0100586978939193,0.0087316457206556,0.0116279024298946,0.0118665402755172,0.0145371333042703
2018-08-29,-0.0017486758613388,RV_SV,-0.0125778946723222,-0.0172095103028007,-0.0091422145074172,-0.0128906855534168,-0.0072482262561141,-0.0105322022660517,0.0070319079507906,0.0098400159747653,0.008738236478829,0.0116123824128342,0.0120722161927397,0.0137166163182959
2018-08-30,-0.0044913669841641,RV_SV,-0.0125808957721483,-0.0165231770060952,-0.0093179620804031,-0.0128020928563736,-0.0073804653064642,-0.0107245206054379,0.0070970263881359,0.0099431993158961,0.00886646832789,0.0120666696973521,0.0118642344484043,0.0147341128404551
2018-08-31,-0.0043175795729297,RV_SV,-0.0127463101377148,-0.0160804083411327,-0.0094820240642896,-0.0128868212995145,-0.0076928799340191,-0.0107809885148624,0.0072374354592821,0.0104710174652409,0.0093837396723621,0.0131142125766786,0.0127834600957197,0.0154021789562129
2018-09-03,0.0020094448483909,RV_SV,-0.0124873096223927,-0.0162011672090317,-0.0095136900146259,-0.0127771548159075,-0.0078898965255105,-0.0106965610790593,0.0073495955635148,0.0104419698088208,0.0093437668948689,0.0128224234729148,0.0129855064030661,0.0153125551332871
2018-09-04,-0.0046496063890642,RV_SV,-0.0122014088227859,-0.0162640338600391,-0.0091673604871794,-0.0126798834616769,-0.0072454060808405,-0.0105307030923778,0.0072196714567594,0.009988178506456,0.0087030581470199,0.0115023151460732,0.0122046375594142,0.0153554686082272
2018-09-05,0.0046151804628956,RV_SV,-0.0125845808105103,-0.0161166275919816,-0.0093367219209601,-0.0132400140973981,-0.0075270339447422,-0.010690731196459,0.0071170656034723,0.0102560974660957,0.0092400053295074,0.0132250831021537,0.0126950697410939,0.0157839504281129
2018-09-06,0.000376469175386,RV_SV,-0.012070740592376,-0.0173305011532869,-0.0094647002036719,-0.0127143989766868,-0.0078127310713151,-0.0108632502943901,0.0078083857009889,0.0102686194161167,0.0095183534200816,0.0123820081024962,0.0124133475296374,0.0152259747362293
2018-09-07,-0.0044924422007451,RV_SV,-0.0125191951704487,-0.0165702478106167,-0.0094935372143652,-0.0132355075669649,-0.0075931252803102,-0.0107155107312635,0.0073940942085729,0.0104172194078645,0.0091575206526719,0.0125051219561992,0.0126204543584745,0.0156931837973846
2018-09-10,0.0028133722691072,RV_SV,-0.0131299574866221,-0.0162119087429964,-0.0098446221104474,-0.0130099140167777,-0.0081061842961466,-0.0108860972280345,0.007554676523986,0.0109599558530408,0.0097449478562818,0.0131622012808242,0.0130449072602286,0.016396404360207
2018-09-11,-0.001120948267056,RV_SV,-0.0125648266407002,-0.0170419820361372,-0.0094665721847754,-0.0131513892777299,-0.0073619177073945,-0.0106343010937717,0.0072782134035148,0.0100685334186004,0.008834160543522,0.0122660816609533,0.0128439253501622,0.0147275296016944
2018-09-12,0.0030172302081461,RV_SV,-0.0126340617327808,-0.0166354037342757,-0.0095443317648485,-0.0131748717293978,-0.0075475756906201,-0.0108380137460929,0.0073202846781004,0.0102623504253512,0.0090374627360588,0.0125156593925269,0.0127748350506958,0.0158926744908924
2018-09-13,0.0039296154544055,RV_SV,-0.0119504199068663,-0.0163245325655417,-0.0094507989147754,-0.0126720529018756,-0.0077179660395882,-0.0107116865439394,0.0076212659650322,0.0106455006593654,0.009199609590943,0.0125414088255435,0.0126402057500884,0.0161036752436149
2018-09-14,-0.0013846558363729,RV_SV,-0.0120778887645902,-0.0164551236579482,-0.0094693346802297,-0.0126795684771599,-0.0077510139446168,-0.010925809444261,0.0077898808752906,0.0105394426334598,0.0092988504105792,0.012769187248296,0.0125884072627005,0.0159228193731332
2018-09-17,0.00250212746998,RV_SV,-0.0124298442598,-0.0159822835815992,-0.0093572328823948,-0.0126793948132236,-0.0075541104314173,-0.0104817096517065,0.0072315533026043,0.0103493771880565,0.0089704972349399,0.0124309518452973,0.0122575364984296,0.0156078080202475
2018-09-18,0.0007229080895545,RV_SV,-0.0121392490473633,-0.0157123484483559,-0.0091649448435756,-0.0118545754623525,-0.0071710830397044,-0.0101118780045835,0.0069696438009409,0.0098900091103934,0.0085791054319143,0.0119034042891892,0.0124813280091786,0.0152782833588026
2018-09-19,-0.0006523052806032,RV_SV,-0.012199864860497,-0.0159928586580656,-0.0092322126848108,-0.0126284005634804,-0.0074932702448713,-0.010469735208472,0.0072585458374178,0.0102714041935254,0.0090395571044315,0.0120113105068003,0.012707420570036,0.0155330610502803
2018-09-20,0.0049000456582546,RV_SV,-0.0124775200882657,-0.0162565363402811,-0.0093529924646415,-0.01266555801773,-0.0077400950932993,-0.0108069740379187,0.0073659610573067,0.0105018798313611,0.0093565291419203,0.0128477104940649,0.0122181476678877,0.0144794661266239
2018-09-21,-0.0003406893882655,RV_SV,-0.0122110851085038,-0.0158854492860116,-0.0093051285418932,-0.0131193460484533,-0.0077495025756734,-0.0108012203066901,0.0074635342797205,0.010604261601621,0.0093364414203887,0.0126639837263268,0.0129143026543898,0.0157254420900821
2018-09-24,0.0028964138342484,RV_SV,-0.0123507611998235,-0.0162971666870811,-0.009260776854014,-0.0126862848799888,-0.0074930156638229,-0.0104918508673776,0.0069941432633002,0.0100258527937422,0.0091006370195434,0.0128642102128432,0.0128573159791303,0.0149111082720903
2018-09-25,-0.0002527298554309,RV_SV,-0.0121016097315728,-0.0167717226914801,-0.0093423963965751,-0.0128909237168376,-0.0074651320175152,-0.0104961524048456,0.0075330470614013,0.0103849934807094,0.0090230300604827,0.0122315665751344,0.012250846781054,0.0154911907866763
2018-09-26,-0.0011136213606013,RV_SV,-0.0124765043665587,-0.0162792464614093,-0.0092748943959686,-0.0129986212970381,-0.0072957925570943,-0.0105862861222705,0.0070622773888052,0.0099393677377446,0.0088245985719342,0.0119368419084875,0.0124241173743878,0.0150490476023225
2018-09-27,-0.0074467214474552,RV_SV,-0.012169866653228,-0.0160207193755476,-0.0090619770261114,-0.0123846960431263,-0.0070454018491471,-0.0101848652718805,0.0067915369356796,0.0096789740600916,0.0085925185841155,0.0119346473537487,0.0123978180799061,0.0144699665636477
2018-09-28,-0.0041389259252091,RV_SV,-0.0134672550051634,-0.016921773060356,-0.0097023965767735,-0.0135418018412944,-0.0084786570697658,-0.0109641564524964,0.0076748725990913,0.0112749602568453,0.0101933028988127,0.0140062059946069,0.013498296422004,0.016534194456976
2018-10-01,-0.0047568309984291,RV_SV,-0.0128899933623006,-0.0164734815881867,-0.0095407473375527,-0.0127887481705243,-0.007603669985432,-0.0108165868832483,0.007199305128701,0.0102780360555159,0.0092035436385353,0.012474996723499,0.0127520051131209,0.0157686760428203
2018-10-02,-0.000661623076293,RV_SV,-0.012609343735392,-0.0167917957911016,-0.0093355366603936,-0.0128849311586332,-0.0073659349342478,-0.0107127511653286,0.007050609994408,0.0099175357772749,0.0087164268786592,0.012026055530652,0.0124977838145476,0.014954178215428
2018-10-03,-0.0030065959761518,RV_SV,-0.0124965934340799,-0.0168528817069166,-0.00930398080778,-0.0127585961255513,-0.0073871629874345,-0.0104643138554243,0.007022900082637,0.0102788391118822,0.0089190526384728,0.0118447840479749,0.0125007241770296,0.0151403053835653
2018-10-04,-0.0015197307357354,RV_SV,-0.0125170025670392,-0.017091370652717,-0.0095320896755977,-0.0130855559395579,-0.0075756925127539,-0.0107291597582062,0.00753520612461,0.0102971038142018,0.0091814686705398,0.012217594544379,0.0121563116038772,0.0144205855373765
2018-10-05,-0.0005324518664354,RV_SV,-0.0124022186043489,-0.0163596489883565,-0.0094757971073723,-0.0131853608029878,-0.0078352445710544,-0.0107151144729366,0.0075319804989771,0.0103221978216132,0.0093825174659517,0.0127714428930361,0.0122723637554887,0.0155713287936395
2018-10-08,-0.0020433328438114,RV_SV,-0.01264297344099,-0.0169266024165722,-0.0094725917209833,-0.0129665297851136,-0.0076992978704036,-0.0107437753199208,0.0073314651610465,0.0105317443533257,0.0092455231955257,0.0122658802012977,0.0124946470880362,0.0150181766925844
2018-10-09,0.0003528220354356,RV_SV,-0.0126918190241216,-0.0164716887654022,-0.0093356906087452,-0.0127083175447954,-0.0072410012113877,-0.0106229421062278,0.0068214104888562,0.0098274631247028,0.008622796873125,0.0120676895711177,0.0124466328148998,0.0151900893788047
2018-10-10,0.0051951327880895,RV_SV,-0.0125883107004657,-0.0166630289159147,-0.0093978107821459,-0.0130442830493863,-0.0074595072120334,-0.0107311506265915,0.0070815921641657,0.0100668484496408,0.0088964412548426,0.0116106612557345,0.0124084743704098,0.0150747222462555
2018-10-11,0.0020644666013801,RV_SV,-0.0122994149408285,-0.0161916706247974,-0.0092290416781385,-0.0127207325696379,-0.0072792889422108,-0.0104310836664067,0.0070836274433328,0.0100936110280666,0.0087742855214141,0.0119971060964373,0.0122086206910284,0.0152138894496239
2018-10-12,-0.0005946659720332,RV_SV,-0.0121649501690471,-0.0166808462217875,-0.0094462319525627,-0.0126400182278252,-0.0078916505652272,-0.01091249979256,0.0077903590355251,0.010820327779807,0.0096536010052691,0.0126641890514671,0.0125234397375104,0.01569530417825
2018-10-15,0.0031444733113238,RV_SV,-0.0124564137414151,-0.0162402338241909,-0.0093179918197131,-0.0125010487716022,-0.0074797068486581,-0.0106629199568383,0.0070014970416301,0.0101786726424839,0.0089248160692289,0.0120550690853937,0.0117524808841223,0.0152617036026086
2018-10-16,-0.0001293847970354,RV_SV,-0.012318353626144,-0.0161404152344401,-0.0091851432800993,-0.0129677476154477,-0.0071803893625345,-0.0103459731843733,0.0067686280375559,0.0098008082121864,0.0085653488326382,0.011472975807893,0.0114213700133048,0.0142745439560208
2018-10-17,-0.0045347140524173,RV_SV,-0.0122061928368312,-0.0162525386503733,-0.0091934012387255,-0.0126439629598131,-0.0073463451384727,-0.0105065901171321,0.0068999212846829,0.0097419810384072,0.0088728441676648,0.0122689341087293,0.011782187624611,0.014883433943927
2018-10-18,-0.0040527850224418,RV_SV,-0.0124250213742335,-0.0164475225767479,-0.0092069929495541,-0.0125918185768652,-0.0074281466447815,-0.010428011633147,0.0068944581377481,0.0099484157370633,0.0088940499667076,0.0122158308179168,0.0124962369463672,0.0155980218793543
2018-10-19,0.001658265243799,RV_SV,-0.0120936865641915,-0.0155981783649439,-0.0091123574962661,-0.0123442942285481,-0.0075370128701781,-0.0102197274739965,0.0070630631850859,0.0102179353294128,0.0089678738570612,0.0125411189467238,0.0119156559730132,0.0159421260861686
2018-10-22,-0.0040080126764627,RV_SV,-0.0116112775928464,-0.015478092992342,-0.0091412013596891,-0.0124122822716476,-0.007554453893385,-0.0105657934964074,0.0073563599873715,0.0102159435659763,0.00916796283676,0.0122645691298009,0.0122515770343107,0.0144213420101139
2018-10-23,0.0011243864453974,RV_SV,-0.0123306305977576,-0.0163009502557099,-0.009125006832018,-0.012606740581097,-0.0073657623469709,-0.0106208207313725,0.0067942344244555,0.01000237590691,0.0087898797636789,0.0126561282049924,0.0123681153551887,0.0157396765245822
2018-10-24,-0.0078798237940691,RV_SV,-0.0119794419738397,-0.0162297024543638,-0.0091565287429701,-0.012318837773624,-0.0074514646305448,-0.010436481695679,0.0071282605780888,0.0101555729701369,0.0089553475908675,0.0121769467289242,0.0116634889960462,0.0150102154782411
2018-10-25,-0.0013684505149745,RV_SV,-0.0125003860108052,-0.0163987086220627,-0.0093360794936552,-0.0126311240592742,-0.0075992524040259,-0.0106504174465652,0.0069217798800736,0.0102059465667864,0.0091135938081445,0.0121637640152964,0.0118737478030952,0.0156030377195327
2018-10-26,0.0012257622457935,RV_SV,-0.0124556396187763,-0.0166539055917714,-0.0092241501828837,-0.0128992237613282,-0.0075344269822462,-0.0105535254085988,0.0069320451371018,0.0102444308570442,0.0089749739587189,0.0125561685919251,0.0117901477475065,0.0150264823533661
2018-10-29,0.0001800033810375,RV_SV,-0.0123034272013197,-0.0156958771619456,-0.0092065929897569,-0.0127286176175186,-0.0074417567336692,-0.0105279847893846,0.0069173306106503,0.0101214618603205,0.0089172883144603,0.012112152615,0.0121411952495973,0.0154442221254689
2018-10-30,-0.0022721738912366,RV_SV,-0.0123723198510564,-0.0162076775201251,-0.0092534314997404,-0.0128929320878555,-0.0075721476610789,-0.0105250310049695,0.0070196372429897,0.0102013547421723,0.0091264064443706,0.0122507446595911,0.0123162448727953,0.0149962965786272
2018-10-31,-0.0028552186585889,RV_SV,-0.0123598110779165,-0.0163370303987319,-0.0091157245622204,-0.0127753441033575,-0.0073099743261883,-0.0103646913294111,0.0067561413318964,0.0098100001365995,0.0086707254939256,0.0118645939028877,0.011512663160197,0.0146450470426087
2018-11-01,0.0057242450484311,RV_SV,-0.0122482257896822,-0.0169803494495392,-0.0090843856163204,-0.0125399885816109,-0.0073261431982457,-0.0104161972819732,0.0068348584250553,0.0098585329511246,0.0087174698098696,0.0118414034538975,0.0115423079148973,0.0148592076628216
2018-11-02,-0.0016553859796794,RV_SV,-0.0119788100924213,-0.0156768440560637,-0.0090497910753995,-0.0124526852914029,-0.0073505969505082,-0.0103747962567472,0.0070394286351423,0.0098952639930538,0.0088389817006125,0.0118908170693836,0.011370636552926,0.0150416665935544
2018-11-05,0.0018571819646242,RV_SV,-0.0125926046016187,-0.0166620937442505,-0.0093486644366834,-0.0129465455416747,-0.0077566320729578,-0.0107087065783477,0.0071181936560707,0.0103824099183904,0.009318949889378,0.0123141880055365,0.0119254325766941,0.0152977438483748
2018-11-06,0.001573488581558,RV_SV,-0.0122578833919113,-0.0158261680980008,-0.0090052179297053,-0.0121191614519003,-0.0070536080705372,-0.009879890928823,0.0064331207414469,0.009486765087174,0.0083636923686947,0.0117441352400526,0.0114093410100471,0.0145865913539494
2018-11-07,0.0046795107031258,RV_SV,-0.0120271589183696,-0.0158664909734478,-0.0089026240594916,-0.0125588918557049,-0.0071079591314025,-0.0101223536784409,0.0066378842999178,0.0095701286441231,0.008402948770651,0.0117602495945718,0.0112451692934768,0.0144577388091949
2018-11-08,-0.003882753724375,RV_SV,-0.0124432971521426,-0.0176057539955003,-0.0096492144607185,-0.0131454740703404,-0.0083748152930858,-0.0111172991755248,0.0079476744788168,0.011388075298868,0.0102805736368815,0.0137560816603281,0.0120455637474061,0.0146787711844606
2018-11-09,-0.0064227311626022,RV_SV,-0.0129797262178894,-0.016573040250075,-0.0095114010936316,-0.0131415967466058,-0.0075374576344019,-0.0108478130648212,0.0068374819009408,0.0101342312441835,0.0090148907042061,0.0120758157505247,0.012048613705201,0.0144247202835933
2018-11-12,-0.0090585839776643,RV_SV,-0.0128332266493327,-0.016864962385849,-0.0093732691507632,-0.012977977793429,-0.0075385719712255,-0.0106917308759844,0.0068388315926726,0.0101269728444696,0.0088686591946121,0.0124582354948075,0.011679977651327,0.015064866476938
2018-11-13,0.0026962837600197,RV_SV,-0.013579324257736,-0.0179056717444723,-0.0096007590107796,-0.0126899963082702,-0.0075579544946133,-0.0110070099145053,0.0066763683087015,0.0099334333207119,0.0088772844110566,0.0120526984076158,0.0119292353369696,0.0144190947539706
2018-11-14,0.002434825386438,RV_SV,-0.0130241151248001,-0.0177370452699,-0.0095726843067517,-0.013234945017396,-0.0075538274492814,-0.0109563871177549,0.0071330353103137,0.0099256492509821,0.0090525146897531,0.0117009874572577,0.0114650436781279,0.0147045028355008
2018-11-15,0.0008419545775636,RV_SV,-0.0120189537508852,-0.0175484772454068,-0.0094925988059403,-0.012934850218006,-0.0078219148601489,-0.0110891968244956,0.007818477927099,0.0102777312721568,0.0095233426378135,0.0122336702355008,0.0114652932207609,0.0144778604326261
2018-11-16,0.0067892241206664,RV_SV,-0.0132974919179054,-0.0185535720309963,-0.0101368598668942,-0.0135792857067862,-0.0087157558201828,-0.0118565734329711,0.0083037734329669,0.0115811347412927,0.0101771226371136,0.0131215344777465,0.0124192059139002,0.016731234760828
2018-11-19,0.0051295069416201,RV_SV,-0.0131792484077956,-0.0184847130390812,-0.0100178880449993,-0.0141202098766778,-0.0079434681239545,-0.0116012791554477,0.0079061619124294,0.0104496608395854,0.0095468557370951,0.012107016570314,0.0115026199427575,0.0149807110784414
2018-11-20,-0.0038074123146651,RV_SV,-0.0131534714842015,-0.0174068927073412,-0.0097887695672118,-0.0135666716896551,-0.0073349705045126,-0.0108881704222415,0.0072077433619259,0.0093813445003789,0.0086796314328219,0.0111865130908631,0.0110772274691177,0.0137678480397977
2018-11-21,-0.001403275123056,RV_SV,-0.0134941914297378,-0.0168283685550143,-0.0098428438331299,-0.0137815135904631,-0.0076735234455354,-0.0109166547377651,0.0069889971538527,0.0100705597888067,0.008999773667073,0.0118557897853839,0.0117499461829205,0.0151982381141784
2018-11-22,0.001098668660195,RV_SV,-0.0131674608282483,-0.0177823444334997,-0.0099192025416283,-0.0134220792448236,-0.0079040025334516,-0.0111504793134011,0.0075717691588024,0.010392379110291,0.0094010291421458,0.0125126443754644,0.0118978387194991,0.0150723054317369
2018-11-23,-0.0055451239953974,RV_SV,-0.0124877539681047,-0.016408494487696,-0.0095130029076159,-0.0126811551019944,-0.0076721058850928,-0.010768653104158,0.0072585930861841,0.0102964002098933,0.0091172595681643,0.0126097415468634,0.0119997564630365,0.0152953855583452
2018-11-26,-0.0003130076756519,RV_SV,-0.0126710317604183,-0.0157505948317835,-0.0096918003353624,-0.0128960081138195,-0.0079008755455216,-0.0107636394719116,0.0069966538666321,0.0106431462730291,0.0092836516780209,0.0125040708531845,0.0126996599160766,0.0166252493707476
2018-11-27,-0.0043481403347626,RV_SV,-0.0122303527485659,-0.0154017654883511,-0.009267655380667,-0.0124318213852904,-0.0074744658817682,-0.0103191996591022,0.0069351627885675,0.0101529543082282,0.0087943407954996,0.0120516765282565,0.0123319459755089,0.0152831512822008
2018-11-28,-0.0013382908215158,RV_SV,-0.012560920690424,-0.0158603074221583,-0.009488920062903,-0.0124953749565,-0.0079026519036863,-0.0106374247279555,0.0073146321914435,0.010436744049179,0.0094726091280672,0.0130115601951757,0.0123351574201471,0.016440351374741
2018-11-29,0.0098006039946343,RV_SV,-0.0123277336082317,-0.0155963771218635,-0.0093289300327966,-0.0123721490439088,-0.0075597334169178,-0.010282947377833,0.0069807319264024,0.010070286812123,0.0090886384925446,0.0121342746993242,0.0123777468771703,0.0157168087903489
2018-11-30,-0.0055106747513735,RV_SV,-0.0109120235252143,-0.0193850814370758,-0.0097864346927272,-0.0131209197220379,-0.0084033505251278,-0.0108896276154993,0.0095507343131501,0.0116297200286215,0.0105127783817333,0.0139343042755776,0.0112453369080387,0.0156991755137151
2018-12-03,0.0020047932063207,RV_SV,-0.0130296807221632,-0.0168008435208169,-0.0096951440042081,-0.0130191988489062,-0.0077953114225545,-0.0108157679191043,0.0072076656263398,0.0102976838383751,0.0091849690958546,0.0121502429209987,0.0121299499681561,0.0158857429739702
2018-12-04,0.0003304379654819,RV_SV,-0.012947255615244,-0.0166745543317761,-0.009803264056579,-0.0130716971966649,-0.0078029293333461,-0.0110360530960557,0.0073880982113739,0.0103692083031631,0.0092076581848794,0.012369534350178,0.0120270613567885,0.0148328388763593
2018-12-05,-0.0007094745999436,RV_SV,-0.012924623043725,-0.016653660196769,-0.0097432060797352,-0.0133142653001214,-0.0077852269476983,-0.0108128568071221,0.0074538838656628,0.0103670127886794,0.0092670210159889,0.0122980320364003,0.0119860057682293,0.0151147320580999
2018-12-06,0.0035159938970381,RV_SV,-0.0130854617186119,-0.0164684887107574,-0.0098429873978911,-0.0134546052933635,-0.0078065733176805,-0.0111465870554412,0.0074160742868304,0.010271902130084,0.0093799788993456,0.0123631161898939,0.0121033750153784,0.0148346652098203
2018-12-07,0.0007267386333322,RV_SV,-0.012195568038128,-0.015577295427743,-0.0095572766166682,-0.0128358885063648,-0.0079343084293177,-0.0107387322678563,0.007629068307141,0.010646305984737,0.0094318683451809,0.0128407926745672,0.0122582258326149,0.0159548876278918
2018-12-10,-0.0013551015489586,RV_SV,-0.0122714072735659,-0.018058577340671,-0.0097965118564888,-0.012914931053199,-0.008247312617509,-0.011499077212645,0.008440539776217,0.0111425313431544,0.0101129288445574,0.0132765650600955,0.0121561899428688,0.0164698479833966
2018-12-11,-0.0046546906774088,RV_SV,-0.0131753570423375,-0.0169992291061228,-0.0097756350786989,-0.0128921434389148,-0.0079579717654513,-0.0110582052009408,0.0073642717858024,0.0107276447198157,0.0093486627603151,0.0130535016469793,0.0123942607199444,0.0158008427479155
2018-12-12,0.0038235907854564,RV_SV,-0.0131326064064315,-0.0166059455008833,-0.0098135309765544,-0.0128917452199765,-0.0079433821238099,-0.0109887060522564,0.0072732118939626,0.0104011997562359,0.0094345661934283,0.0123311857028889,0.0121784999842088,0.0157911118884622
2018-12-13,-0.0016246170424534,RV_SV,-0.0128042332630308,-0.0169362309425139,-0.0098773773684585,-0.0134723432655023,-0.0079859458097738,-0.0112080194479854,0.0077892496341459,0.0106597582495582,0.0095879139553445,0.0127995724558228,0.0120609617567175,0.0149400303964258
2018-12-14,-0.0044249227623686,RV_SV,-0.0139653769308628,-0.0174900280736021,-0.0101702584632962,-0.0134362065888461,-0.0082840818508356,-0.0115433874153135,0.0075560103331925,0.011161616196144,0.0099518765364364,0.0131891460626543,0.0123564494936568,0.0177016538666284
2018-12-17,0.0034594695967148,RV_SV,-0.0132114132879027,-0.0166517286135919,-0.0096620098048574,-0.0129720325001401,-0.0078414511077159,-0.010741563273154,0.0072073563516073,0.0105329544762318,0.0094995377224416,0.0131303256900268,0.012461697355624,0.0159436606683957
2018-12-18,0.0025042824842778,RV_SV,-0.012446072719574,-0.0156771063957358,-0.0092515910537654,-0.0125461032435253,-0.0072484876658949,-0.0102495699980101,0.006884374677099,0.0098210381177417,0.0086956494938831,0.012128917808126,0.0116155689747895,0.0154991146928146
2018-12-19,0.0049526180323337,RV_SV,-0.012278842058459,-0.0156346463484317,-0.0092166575719035,-0.0125379692295459,-0.0072914481497671,-0.0104183967077011,0.0068422202347861,0.0098773905587881,0.0086932310527216,0.0116095149014897,0.0115562203180161,0.0151829845665089
2018-12-20,-0.0004181695837094,RV_SV,-0.0118544657989611,-0.0156001157307321,-0.0091595036306267,-0.0125538879370887,-0.0073737058098426,-0.0103456692390239,0.0071035711215552,0.0101811649862558,0.0089134002234838,0.012121714883051,0.0117830890327949,0.0148861738820379
2018-12-21,-0.0001467291983882,RV_SV,-0.0128676021952531,-0.0159083154624338,-0.0100309594521959,-0.0137825207213298,-0.0086931238186134,-0.0116133800785928,0.0082007862959988,0.0120955268558685,0.01073500400683,0.0147442208023838,0.0131237379792691,0.0173470131179575
2018-12-24,-9.63711868419981e-05,RV_SV,-0.0133551686134268,-0.0169429464495418,-0.0099633919393673,-0.0136581023177691,-0.0084870407468614,-0.0112878498992758,0.007815806128617,0.0112746785671614,0.0101493699164784,0.0131479463755872,0.012542132010365,0.0154503233565411
2018-12-27,-0.0011791084414327,RV_SV,-0.0127658475307816,-0.0165117943726449,-0.009560706336161,-0.0131557555400495,-0.0074048729319346,-0.0109701092805761,0.007091743538859,0.0096027520018099,0.0087992699476503,0.0116602610168284,0.0114907510425854,0.0142552213006668
2018-12-28,0.0033058749837622,RV_SV,-0.0132567266578923,-0.0180701153757491,-0.0100647627567185,-0.0134997511861248,-0.0081157803786051,-0.0114465260672566,0.0078142465519953,0.0107272312660034,0.0097696591213478,0.012655280413498,0.0120105290939717,0.0143036122729649
2018-12-31,-0.0003257232889248,RV_SV,-0.0136742506041967,-0.0185292900863863,-0.0101623413851856,-0.0139237889489324,-0.0081908409524537,-0.0118206344609876,0.007737154893202,0.010614147569623,0.0097394385073169,0.0127339552787259,0.0120760842615259,0.0146397682292606
2019-01-02,-0.0070453497965734,RV_SV,-0.0129214825018338,-0.0164890783565715,-0.0096462530585877,-0.0133296309726348,-0.0076731002469257,-0.0107786465483506,0.0072341449783561,0.0101323343440138,0.00898334685792,0.0120580533741634,0.0120936467921043,0.0161394029668104
2019-01-03,0.0034158759186095,RV_SV,-0.0133218367166688,-0.015929279510541,-0.0098359020309609,-0.012514898103017,-0.0082567701812536,-0.0110630508790323,0.0073720589397695,0.0109872263384189,0.0099374771108054,0.0131611696425764,0.0128914264937823,0.0166797878190944
2019-01-04,0.001572125686,RV_SV,-0.0129585906773505,-0.0177792674055652,-0.0099112289940478,-0.0135158611597213,-0.008193320657293,-0.0113552176987978,0.0078883644352026,0.0108986568776861,0.0099702542059141,0.0126338365621965,0.0122029864882552,0.0150020916875162
2019-01-07,0.0046078296456259,RV_SV,-0.0126822862009959,-0.0180470529285488,-0.0099359152152172,-0.0136236122608942,-0.0080878188773987,-0.01114672340953,0.0080014606857002,0.0107599878553528,0.0098067467291139,0.0126165135818657,0.0119093870189632,0.0148728088817725
2019-01-08,-0.0019144360172652,RV_SV,-0.0127421886087574,-0.0167623261236236,-0.0096241573452276,-0.0131424536717529,-0.0075465487007121,-0.0107302866751973,0.007246029166937,0.0099562622497351,0.0089734137038588,0.0118439291161069,0.011669561747509,0.0156874870325225
2019-01-09,0.0060082221699839,RV_SV,-0.0131209223786714,-0.0170570160596735,-0.0098158428598126,-0.0133004600555622,-0.0078063806715759,-0.0109558718682444,0.0073300737450082,0.0102596642239977,0.0093244976871078,0.0125512830785275,0.0121930972538602,0.0154091617841056
2019-01-10,0.0010767020963501,RV_SV,-0.0123094130501407,-0.01711921933604,-0.009715598142601,-0.0135751407373851,-0.0077097827914958,-0.0108882938154615,0.0077719824342007,0.0105388517496306,0.0092845455020576,0.0127216235173039,0.0117807697544977,0.0146826715592546
2019-01-11,-0.003930354399797,RV_SV,-0.0128916287023496,-0.0168045617451894,-0.0097220682689951,-0.0130027768087915,-0.0080019544217364,-0.0109133297224044,0.0075534628566124,0.0106991630162342,0.0096692939357666,0.0127652164124974,0.0124595902173607,0.0162545846931414
2019-01-14,-0.0008912588585434,RV_SV,-0.0130620394642216,-0.0156833452610065,-0.0097607737174338,-0.0128047420406806,-0.0081914248480659,-0.0109039126304154,0.0074467405073869,0.011000620494197,0.009914762627589,0.0131343000821182,0.0129626192098681,0.0171280969167533
2019-01-15,-0.0024556119770836,RV_SV,-0.0126800624776025,-0.0162227588665124,-0.0094734230969868,-0.0127630619282346,-0.0075027631720022,-0.0105645381921903,0.0071216477974593,0.0101891601159984,0.0090140768223632,0.0121890390739501,0.0121409007027018,0.0153431668286574
2019-01-16,-0.0039196243553209,RV_SV,-0.012898619887783,-0.0163142305103731,-0.009666469112075,-0.012823667886453,-0.0077345296676548,-0.0106984646653275,0.0071004104598234,0.0104333661044956,0.0093495917582941,0.0123667168388997,0.0123464196602344,0.0156400093044804
2019-01-17,-0.0012316097113032,RV_SV,-0.0129559585337336,-0.0162446060009762,-0.0095807390008684,-0.0128805673216752,-0.0078005174421353,-0.0106606523266103,0.0073095204233184,0.0106457678948171,0.009538058031917,0.012671560795029,0.0124991452304006,0.0159553558829694
2019-01-18,-0.001160549368979,RV_SV,-0.0124169328841521,-0.0158658074049908,-0.0093290938127198,-0.0123082226073964,-0.0074931616882971,-0.0104917879856145,0.0069595775149647,0.0100189598994883,0.0089453989099051,0.0122192981484969,0.0121363140025284,0.0149072094239794
2019-01-21,-0.0003145473788172,RV_SV,-0.0121137251595351,-0.014718236244935,-0.0090935386789784,-0.0122558761914527,-0.0073203697456505,-0.0102169161602099,0.0069222657575398,0.0100332918876922,0.0088646829097622,0.0122204672207696,0.0122242204238656,0.0157378060029241
2019-01-22,-0.0005677554666937,RV_SV,-0.0118605736872714,-0.0152391027831159,-0.0090209925420319,-0.011240231795639,-0.0071611891757442,-0.0099816956746034,0.0067635072779736,0.0097894469926085,0.0085106219123366,0.0121760272511933,0.0120947699782376,0.0151392693102429
2019-01-23,0.0019352063954921,RV_SV,-0.0116723923600531,-0.0143835729626432,-0.0089024575867922,-0.0116432087315945,-0.0072273472987585,-0.0097751594624412,0.0068231944886319,0.0097639513591919,0.0085986572626953,0.0121626753093557,0.012009863848024,0.0155943521392783
2019-01-24,-0.0022346181417143,RV_SV,-0.0114732246654016,-0.0138196442996004,-0.0087880062889777,-0.0115980396522536,-0.0073021406880337,-0.0097710182700027,0.0068528730754262,0.0100424259441641,0.0088236040156007,0.012277175378809,0.0123272617028356,0.0154489354403102
2019-01-25,0.0038129944982753,RV_SV,-0.0115308499165907,-0.0141509114786344,-0.008945947885791,-0.0114083648900275,-0.0074433622808283,-0.0099406435091774,0.0070615278080341,0.010580947423757,0.0092492659974527,0.0126143706974755,0.0123480721943377,0.0158569361502827
2019-01-28,0.0034182153252805,RV_SV,-0.0116602013841583,-0.0143122397957107,-0.0088521624636878,-0.0117590192415901,-0.0073201648043671,-0.0099535432530834,0.0069031838457829,0.0102022649190126,0.0090182692847659,0.0123161707955489,0.0119903683715089,0.0152900337826735
2019-01-29,-0.0017941463146983,RV_SV,-0.0117183815450607,-0.0139466226463362,-0.0087549706100255,-0.0117760062656919,-0.0070248114577556,-0.009804028372066,0.0065470557877291,0.0096037196569059,0.0084833543394756,0.0117334695707044,0.0116300941845414,0.0147131081195044
2019-01-30,0.0007924468413639,RV_SV,-0.0119112926692351,-0.0151365638730095,-0.0087106571102248,-0.0117606088985668,-0.0068726488241868,-0.0096192842090017,0.0064069516385056,0.0093252472333155,0.0083594919447736,0.0113351117301616,0.0113399929481673,0.014898344856005
2019-01-31,0.0044060918044792,RV_SV,-0.0117732382569271,-0.0154325144896934,-0.0086669940717335,-0.0117072208862621,-0.0069587800851988,-0.0097708125643346,0.0063405029447766,0.0095015403514291,0.008425776462581,0.0115220131374605,0.0114853684864359,0.0149125813887365
2019-02-01,-0.0005753138234,RV_SV,-0.0110101920081766,-0.0178863190440526,-0.0090641186591606,-0.01209437911281,-0.0076112757031365,-0.0112117512457564,0.0080918833008823,0.0102911367974742,0.0094757383100361,0.0121796048953007,0.0106709082863681,0.0144913588339875
2019-02-04,-0.0034588510232455,RV_SV,-0.0122151665778491,-0.0161111491133116,-0.0089707292036187,-0.0126685916121111,-0.007206423895246,-0.0102139221523349,0.0066084526275942,0.0097367539563614,0.0087765951724034,0.0118317610903253,0.0115638847655342,0.0148081453055471
2019-02-05,-0.0019442990885929,RV_SV,-0.0119932357054053,-0.0151533850311998,-0.0087154644258502,-0.0114978407316011,-0.0066617330537975,-0.0095600030428767,0.006179431273768,0.0090465615330765,0.0080081410817017,0.0110720121782319,0.0109077198848094,0.0140598298379462
2019-02-06,-0.0026092801103253,RV_SV,-0.0118475620520411,-0.0157947466430212,-0.0086655151197377,-0.0117660798043926,-0.0066276873413406,-0.0093986330367463,0.0060062391753362,0.0088666669444489,0.0079557766224809,0.0104299908190907,0.0104936031631937,0.0137520559923466
2019-02-07,-0.0018056799132375,RV_SV,-0.0118156662004597,-0.015463079304339,-0.0085215492392181,-0.0119375771154963,-0.006567655770286,-0.0097411659417624,0.0060294643644863,0.0090555322143129,0.0079266013987582,0.0108098478984912,0.0106552410840237,0.013076625169966
2019-02-08,-0.0024685601882134,RV_SV,-0.0112865692502388,-0.0136721158150697,-0.00825911427345,-0.0110671158096538,-0.00658094198216,-0.0092042815362757,0.0060343364270612,0.0093864676698016,0.0080087569917903,0.0115688871654962,0.0111485647819049,0.0147778135189873
2019-02-11,-0.0046516907241691,RV_SV,-0.0110806328508152,-0.0143066449323076,-0.0081107135262304,-0.0110215300742666,-0.0066242572555366,-0.0091990297451338,0.0058688280616686,0.0090476242152201,0.0079164681239815,0.0118415247647831,0.0109910476151384,0.014943123874904
2019-02-12,0.0020310017025776,RV_SV,-0.0112995335754386,-0.0143895341774217,-0.0082114298162346,-0.0112719312579668,-0.0065800956574492,-0.0092199383622733,0.0058287723850433,0.0092266640300819,0.0080948162299677,0.0114767696824972,0.0104288990665812,0.0165151267741366
2019-02-13,-0.0010781099365883,RV_SV,-0.0110789640109151,-0.0140293880600965,-0.0080031597397514,-0.0109349482674906,-0.00634589416886,-0.0091397495960263,0.0057531384501429,0.0089664591503775,0.0077320526304173,0.0109403814380947,0.0101441191224328,0.0143478324967009
2019-02-14,-0.0009196360662363,RV_SV,-0.0110950468465397,-0.0155504302764554,-0.008187368550696,-0.0118095033217122,-0.006660865640899,-0.0094591190619193,0.0061340093049849,0.0091325691791605,0.0080371052568275,0.0111149355643025,0.0105760540727504,0.0145320313948989
2019-02-15,-0.0011357537345381,RV_SV,-0.0113457450215404,-0.0143474957896697,-0.0083767297737321,-0.0117935079726813,-0.0067703167131481,-0.0097326305706832,0.0063656420724065,0.0094178047861102,0.0082270966540352,0.0117334183221031,0.0099307527705093,0.01517317685041
2019-02-18,0.0038545424937013,RV_SV,-0.0110556294929217,-0.0150953249241587,-0.0083848661620281,-0.011968077107328,-0.0064457471834148,-0.0093731421461691,0.0057726172868521,0.0086512212224424,0.0078494132005761,0.0105644138912453,0.0104486533471639,0.0141055535070645
2019-02-19,0.0023651714842772,RV_SV,-0.0114760364943879,-0.0158796157842765,-0.0082030782044038,-0.0116677104055058,-0.0063209369895837,-0.0093354052299681,0.0057300919800355,0.0086493090088752,0.0075665699724699,0.0105951906090362,0.0104066099971829,0.0125639503557212
2019-02-20,0.0013644386262425,RV_SV,-0.0116006227995518,-0.0147769324257342,-0.0083370123184654,-0.0115548957277559,-0.0065004698728591,-0.0095926250497728,0.0059057245823959,0.0088011869459695,0.0078136903148117,0.0104980191207362,0.0105739681397751,0.0134892263585118
2019-02-21,-0.0001718300120761,RV_SV,-0.0114259093913606,-0.0151952759588988,-0.008313504419167,-0.0118892444960813,-0.0064828958594787,-0.0094933204430945,0.0060241127202248,0.0086609616335023,0.0078930430276334,0.010770604909744,0.0106342733213204,0.0133579733730331
2019-02-22,-0.000665569163319,RV_SV,-0.0114871220144515,-0.0145034409584456,-0.0083265280187124,-0.0113833053470114,-0.0066503073054662,-0.009561440106111,0.0060347426993026,0.0091691092832282,0.0082835795009913,0.0111441901215366,0.0107974762821788,0.0139480647574182
2019-02-25,0.0005642196727336,RV_SV,-0.0114834326025393,-0.0145750779765543,-0.0082664859005454,-0.0114996905931397,-0.0065008493875488,-0.009120262856544,0.0058613692816581,0.0090272531724214,0.0078803345788131,0.0112000402901747,0.0104516417909556,0.0136701317319605
2019-02-26,0.0011010743192392,RV_SV,-0.0111261452583524,-0.0153412615467197,-0.0081499085985684,-0.0108736783273939,-0.0062802501604251,-0.0091068421837141,0.0056741441757606,0.0083762355086453,0.0076849134708998,0.0105570436240785,0.0099842222756141,0.0129881487914939
2019-02-27,0.0020140285165932,RV_SV,-0.0112640369194173,-0.0151082389080596,-0.0080711586153749,-0.0112613952310757,-0.0063285356909998,-0.0093818328235575,0.0057641200164314,0.00877298396179,0.0077745725085306,0.010477267272666,0.0107419533951792,0.0133844423708631
2019-02-28,0.0004260318709919,RV_SV,-0.0112540939355643,-0.0151690876717369,-0.0081524796428979,-0.0115216504705612,-0.0064961016422392,-0.0093999415677119,0.0059286792827359,0.0089942520314806,0.0078378888251661,0.0106559131757452,0.0102923810500614,0.013968241319526
2019-03-01,-2.19557525710234e-06,RV_SV,-0.0112863801247947,-0.0143892380271302,-0.0081980847315066,-0.0113757720084969,-0.0065703510615325,-0.0092846085389525,0.0058324766256898,0.0089300784827692,0.0080379205131399,0.0111069983547867,0.0106697375249861,0.0139759921296383
2019-03-04,-0.0056166625890553,RV_SV,-0.01113465853807,-0.0149288987933133,-0.0081414292648589,-0.0114146147355786,-0.0064335373457551,-0.0092844630738394,0.0058262089833697,0.0090449549081953,0.0078433453818508,0.0106529729324005,0.0098796611566666,0.0143816180542387
2019-03-05,-0.0014317723276868,RV_SV,-0.0113120807190389,-0.0142483473529359,-0.0079730122625542,-0.0116271931400858,-0.0061347674063753,-0.0089720704280688,0.0053756613067043,0.0087902917995759,0.0074852009411243,0.0103166731788386,0.0104552771553817,0.013251135500774
2019-03-06,0.0009503246184043,RV_SV,-0.0113653419007808,-0.0148041501477637,-0.0079408852287266,-0.0113348423760479,-0.0063347708223579,-0.009112746366957,0.0055259913709967,0.0088566056974769,0.00767490580226,0.0102785337796969,0.0097159957690841,0.012744029317803
2019-03-07,-0.0075389720960606,RV_SV,-0.0109934869973022,-0.0150447136841898,-0.0078524442417496,-0.0111455508972712,-0.0061984551395653,-0.0090089702675664,0.005457983059674,0.0084931415100591,0.0076110873444843,0.0106894653856136,0.0097874008835238,0.0132185787805167
2019-03-08,0.0003516025769971,RV_SV,-0.0114164472379194,-0.0133014082235552,-0.0079855750962646,-0.0109580338375089,-0.0065284284633976,-0.0091807349923389,0.0054902948185078,0.0091481257351208,0.0078674282622455,0.0112439711631558,0.010301413098245,0.0150186796134245
2019-03-11,-0.0009727724668919,RV_SV,-0.0111478073477229,-0.0146409278035107,-0.0081138662176426,-0.0112341692718708,-0.0066352917310559,-0.0094717084948886,0.0058234245891916,0.0088574126876404,0.0080137187715679,0.011235985379417,0.0101581629547097,0.0137745903381414
2019-03-12,0.0045352257072396,RV_SV,-0.0112229652752839,-0.0141173340426173,-0.0079797213617609,-0.0110038055910707,-0.0062568964368166,-0.0091500831653418,0.0055330249532034,0.008706510325986,0.0074947589932566,0.0106124231013659,0.0096571443432474,0.0131821370688133
2019-03-13,0.0029089416166144,RV_SV,-0.0105852236924622,-0.0156322368608083,-0.0082115703602819,-0.0118019238050141,-0.0065977650830019,-0.0094996366015992,0.0061452638100603,0.0088573213538274,0.0078796012087101,0.0108980881573753,0.0097366597764009,0.0123683749284511
2019-03-14,-0.0004908713507092,RV_SV,-0.0114047531427264,-0.0154373923566885,-0.0081950291561448,-0.0112399141488698,-0.0064057645922532,-0.0093782978956854,0.0057733238863434,0.0084480512583076,0.0076836155324116,0.0103490934823954,0.0096079334009513,0.0118975395771819
2019-03-15,0.0020370880672137,RV_SV,-0.0114236828313619,-0.015366281144265,-0.0081948268471416,-0.0112408031659165,-0.0064524616267005,-0.0095152063027325,0.0058288861827776,0.0086568467349737,0.0077498899570852,0.0103472485852934,0.0097613671273721,0.0125833729344073
2019-03-18,0.0009309940025474,RV_SV,-0.0113229691762146,-0.0153676521000809,-0.0080276216772727,-0.0112015703873759,-0.0063074453168529,-0.0092668586558239,0.0056998631015798,0.0087500867618136,0.0076330984384187,0.0104328878238572,0.0095647184192758,0.012634889782042
2019-03-19,0.0008067485167746,RV_SV,-0.0104333731317478,-0.0156149646467106,-0.0079715138634796,-0.0108138101550291,-0.0061431387172649,-0.0090680578123512,0.0054278253761081,0.0081393347184182,0.0073848403415619,0.0098773914373859,0.0097933657960515,0.0131842135006896
2019-03-20,0.0005176513722664,RV_SV,-0.0107502000728356,-0.0145092094628499,-0.0078754973514378,-0.0109205731543479,-0.0062509403167981,-0.0088728069410154,0.0055013130069617,0.008425802910955,0.0074894329026698,0.0105566883209001,0.009784124864937,0.0132299402400069
2019-03-21,0.0007462678699398,RV_SV,-0.0099836501164731,-0.0159391423380982,-0.0078190400375517,-0.0106782939835463,-0.0061809426350648,-0.008943764858721,0.0054556669702883,0.008383299796259,0.0074898410177408,0.0104993925061176,0.0097265135490748,0.0131970390040124
2019-03-22,-0.0068761270145088,RV_SV,-0.0108843233113835,-0.0175072526428294,-0.0084856444095406,-0.0136535036061512,-0.0069820117159605,-0.0100262403333481,0.0073708787803906,0.0095196702016116,0.0082939322803484,0.0109157577282553,0.0095107812059959,0.0121746364035326
2019-03-25,0.003443973635951,RV_SV,-0.0126028282136252,-0.0161938458235128,-0.0088653370543791,-0.0123445096206683,-0.0075954607945584,-0.010228177606378,0.0059626468184802,0.0104656799801101,0.0092597085457017,0.0122378725026737,0.0111989335684075,0.0143994004053794
2019-03-26,-0.0037453600155681,RV_SV,-0.0112149378855531,-0.0157901188185855,-0.0082797094012375,-0.0115111669046335,-0.0063483625381441,-0.0097830552835271,0.0056986184079059,0.0083109434263025,0.0074963287996353,0.0099279955240954,0.0091784905939492,0.0114258155087543
2019-03-27,-0.0025432374945338,RV_SV,-0.0113608373177979,-0.0152368056020485,-0.0084593424025327,-0.0123981697225379,-0.006323346572994,-0.0097795716833751,0.0056689537910106,0.0082851605954706,0.0076501110799956,0.0099496577465813,0.0094189754605579,0.01162525614687
2019-03-28,-0.0013430222683434,RV_SV,-0.0115384967475228,-0.0164875688688664,-0.0086368396639588,-0.0124778984618412,-0.0066886846085556,-0.0099662119235378,0.005913800302966,0.0088907863135817,0.0079957218768616,0.0103614069765559,0.0096338317680702,0.0128509894562628
2019-03-29,-0.0006454700470049,RV_SV,-0.0113643983894296,-0.0154051988519421,-0.0085414534108889,-0.0117324601180487,-0.0067968206618697,-0.0099167203246055,0.0059803070171517,0.0088977316671997,0.0081877054258711,0.0105818216228987,0.0101060625763234,0.0130935253329545
2019-04-01,-0.0016846350154281,RV_SV,-0.0109068634647843,-0.0152827808320241,-0.008301112715421,-0.0120600380860534,-0.006689817867709,-0.0095115638986265,0.0060584859374743,0.0092212285986201,0.0082438522434659,0.0110361876683829,0.010209140005048,0.0137035590127882
2019-04-02,-0.0020762689997395,RV_SV,-0.0116276546683902,-0.0150115241945857,-0.0083035595125228,-0.0111958425482683,-0.0064538638505037,-0.0092736930533953,0.0057187494599763,0.0087453078266971,0.0077687506540505,0.0107387126086115,0.0100019411493129,0.0132633912114906
2019-04-03,0.004944688971591,RV_SV,-0.0105374790864974,-0.0142533782308329,-0.0082277768592484,-0.0114895927101563,-0.0063902577336152,-0.0094880483308468,0.0057576570307912,0.0086907644441656,0.0077198541262576,0.0108552090947622,0.0101285579039251,0.0127328498904813
2019-04-04,-0.002279812190586,RV_SV,-0.01049372438306,-0.014803609197263,-0.0082133387445932,-0.0113479030162727,-0.0065169440712075,-0.0092808760456449,0.0059853808204304,0.0086120724573564,0.0078408216366116,0.010353842888067,0.009918766744008,0.0132673310533563
2019-04-05,8.46953308861614e-05,RV_SV,-0.010315682499901,-0.0133275494780717,-0.0080996676869576,-0.011241745996484,-0.0063356486390118,-0.0092188324041323,0.0057487981228372,0.0085801253462615,0.0077543963440178,0.0107766880569202,0.010194272307089,0.0139577835602425
2019-04-08,0.0039348717998256,RV_SV,-0.0110902425966043,-0.0135581240408378,-0.0079987186798689,-0.010705042527352,-0.0064619064416261,-0.0089375088780471,0.0057392183281608,0.0089198970970315,0.0077761557279541,0.011174718584573,0.0103326172967742,0.0140963926898727
2019-04-09,0.0013998256386289,RV_SV,-0.0107312325354677,-0.0143323336812576,-0.0079328744347437,-0.0105000319382559,-0.0062334689737137,-0.0086668440578841,0.0057481139731725,0.0085591611455674,0.0076356092920694,0.0106403245753575,0.0101279647121744,0.014188583490274
2019-04-10,-0.0009714617269535,RV_SV,-0.0102762668608714,-0.0137240665389919,-0.0080026737620803,-0.0112025779947467,-0.0063025719230814,-0.0089894350316344,0.0057098388766098,0.008751957219756,0.007663069554449,0.0108131306095107,0.0100142044513385,0.0139272389290419
2019-04-11,-0.000390625004967,RV_SV,-0.0100203807559674,-0.0142947418605629,-0.0080425530049155,-0.0111518450519055,-0.006510717410081,-0.0090684636091557,0.0056998493683476,0.008773406359617,0.0078028538853016,0.0110993355901792,0.0103605993720236,0.0139034252245192
2019-04-12,0.0037357543197056,RV_SV,-0.010182205559742,-0.0139109281313386,-0.0079441487890369,-0.0107110868290319,-0.0062946922986954,-0.0091491838588693,0.0056332997687422,0.0087080773960882,0.0077155810798065,0.0109138722268476,0.0101050221383521,0.0145421880076744
2019-04-15,-4.42324236939184e-06,RV_SV,-0.0102323697486841,-0.0145185435593747,-0.0080162676191162,-0.0109326895674577,-0.0064149541302823,-0.0090063520500706,0.0057868454937855,0.0087580842334459,0.0077856258545046,0.010569340402898,0.0099250290322667,0.0139414141296852
2019-04-16,-0.0010001549746163,RV_SV,-0.0110208253889947,-0.0142567701672603,-0.0078791139093664,-0.0113842151771533,-0.0061083767805655,-0.0088190116572927,0.0054773488817606,0.008323936355166,0.0075353245093552,0.0104310844606992,0.0099056042037422,0.0139792501631481
2019-04-17,0.0003143157571114,RV_SV,-0.0104467409677073,-0.0139810085675554,-0.0080549261060625,-0.0108324490488448,-0.0063702885955151,-0.009091536484957,0.0055808846657401,0.0088872047722796,0.0078620315533619,0.0107950071480879,0.0102793495976827,0.0147230621836022
2019-04-18,-0.0049252877245507,RV_SV,-0.010285979531398,-0.0140395909703217,-0.0079895616679748,-0.0113065331866132,-0.0063162746758722,-0.0089165979044748,0.0055771624530613,0.0083438696496176,0.0077387957389772,0.0109217668253208,0.0100430609336746,0.014276082135271
2019-04-23,-0.0025252819843961,RV_SV,-0.0106138728581914,-0.0136306637062043,-0.0083143794873473,-0.0118652772884962,-0.0067270218618116,-0.0094378788214761,0.0056405873890447,0.0092241040052398,0.008463733325359,0.0115759048119621,0.0108802283302644,0.0149054954900181
2019-04-24,-0.0018590622337348,RV_SV,-0.0106753727229602,-0.0146195827454362,-0.0080134162762529,-0.0112794102533059,-0.0064380314386664,-0.0090669033839799,0.0056154044055012,0.0088082712328805,0.0078235663809317,0.0108757535323752,0.0102967417287647,0.0136883719773968
2019-04-25,-0.0046415120636813,RV_SV,-0.0105249084296836,-0.0143399837553418,-0.0080529032568813,-0.0114532383511648,-0.0062315543101827,-0.0091197147287411,0.0055360722369877,0.0086498797479508,0.0076984872438752,0.0105404376974143,0.0097728901993274,0.0130366325402139
2019-04-26,0.0012828795673396,RV_SV,-0.0105847810325056,-0.0140484681539925,-0.0079371447411393,-0.011249799408465,-0.00634539416963,-0.0090158302264899,0.0054726948896523,0.0084669040821436,0.0079492288020753,0.0105890428445258,0.0098638338456505,0.0126870204170813
2019-04-29,0.0010752737383424,RV_SV,-0.0111073230531375,-0.0147013697460316,-0.0079212480915784,-0.0113624629702646,-0.0061747117882262,-0.0089988464722262,0.0055406130973575,0.0082891965465022,0.0075378303708886,0.0101350035180795,0.0093887427076264,0.0126588277260753
2019-04-30,0.0031184673036508,RV_SV,-0.010275838340468,-0.0140961736635082,-0.0078387508586925,-0.0108284839397701,-0.0060088201671718,-0.0086888791551668,0.0053576570712746,0.0078751676801185,0.00731447410863,0.0101309555547784,0.009390914632132,0.012496241933392
2019-05-02,-0.001474191862749,RV_SV,-0.0102073903998666,-0.0137403563395167,-0.0078998558267344,-0.0111375577591306,-0.0060362332601349,-0.0090078938510943,0.0054262037058958,0.0082942669911974,0.0073173129873257,0.0099553918691618,0.0095942194278752,0.0123335670267659
2019-05-03,0.0003285308999449,RV_SV,-0.0114794505321325,-0.0143553842217255,-0.0082475254274998,-0.0116936104966032,-0.0068485237615483,-0.009656906643114,0.0055262750279809,0.0097606774721075,0.0085001006976653,0.0114609639325377,0.0105646304218733,0.014270741251323
2019-05-06,0.0007728510770149,RV_SV,-0.0102679665883336,-0.0145203178459279,-0.0077640196307693,-0.0111163089167198,-0.0061822291568613,-0.0088899614994392,0.0055066448684363,0.0084178584023531,0.0074951433714088,0.0101627331282976,0.0092465488168617,0.0125911652987211
2019-05-07,-0.0016715386513319,RV_SV,-0.0099564418852891,-0.0145007557265618,-0.0078264082505408,-0.0114164103546054,-0.0059143545804683,-0.0088126977045832,0.0052683274170854,0.0079569123763537,0.0072782694406004,0.0099239067491755,0.0093293738683534,0.0124197211650874
2019-05-08,0.0024772586369353,RV_SV,-0.0103608408072611,-0.0142163520116163,-0.0078342169073148,-0.0116061465732981,-0.0060884911385508,-0.0088669052308465,0.0053340093512544,0.0084902422633645,0.0074320566889119,0.0100061904181833,0.0094520933039558,0.0118879919042434
2019-05-09,0.0019524595818332,RV_SV,-0.0106415163727413,-0.0150634662919417,-0.007795778702402,-0.011038511953433,-0.0061158051103035,-0.0090413293217795,0.0054739408349762,0.0081066619984525,0.0073731063370339,0.0101074292534512,0.0092046573310288,0.0122667627511073
2019-05-10,0.001190554482756,RV_SV,-0.0103785251792284,-0.015147464954101,-0.0079936809124639,-0.0113422470837337,-0.0062620830223873,-0.0089588428787866,0.0056185827484092,0.0085169290749125,0.0075807339444676,0.0105284836485433,0.0097197007607784,0.0133875686959885
2019-05-13,-0.0007898358553317,RV_SV,-0.009929590131309,-0.014587887651427,-0.0078115966423063,-0.0111263190828455,-0.0061253293433477,-0.0088744082824045,0.0054643344403395,0.0084625422737302,0.0073906080447934,0.0103550789687554,0.0095739753976084,0.0129340622675885
2019-05-14,-0.0022304800543721,RV_SV,-0.0099965729089494,-0.0148036407010404,-0.0077997990424106,-0.0105808166256667,-0.0059057368545546,-0.0088424031316814,0.0053016023513477,0.0079234020493545,0.0073044592161876,0.0102082610044942,0.0094667514077296,0.0126949009485248
2019-05-15,4.01524902405997e-05,RV_SV,-0.0101194794613357,-0.0141450132952689,-0.0078166034390494,-0.0102740261167784,-0.0060294742812252,-0.0089506958684592,0.0053673422242548,0.0084791237519836,0.0074803050548481,0.0103850182307979,0.0097258760691817,0.0137545727276731
2019-05-16,-0.0026468189427427,RV_SV,-0.0103558222897242,-0.0154100041126374,-0.0079184788316298,-0.0110650854246258,-0.006087934288386,-0.0089971802968009,0.0058349820990471,0.0083491668553727,0.0073937387779652,0.0101625076768991,0.0092711133188569,0.0125375952615329
2019-05-17,-0.0011412971744144,RV_SV,-0.0098571043458333,-0.013675283480439,-0.007783877990814,-0.0107104086246808,-0.0060097582509605,-0.0086362720055406,0.0052754611298998,0.0083466313788012,0.0074296045717213,0.0104310888434008,0.0096623236469281,0.0132060128118212
2019-05-20,0.0004141505216491,RV_SV,-0.0097050978993694,-0.0136167732780273,-0.0076954999391771,-0.0100969560492802,-0.006006333824839,-0.0086984540631228,0.0052936966293716,0.0082731579494776,0.0073265870100698,0.0103528838472575,0.0095692037601648,0.0134095277721765
2019-05-21,-0.0010412993668606,RV_SV,-0.0096778445483137,-0.0132365328546599,-0.0076624520732902,-0.0103895430967747,-0.0058322165092695,-0.0085764857544903,0.0052250940150349,0.0081683773306525,0.007253821770699,0.0098698558085629,0.009313986243509,0.0129934492134779
2019-05-22,-0.0001232361822989,RV_SV,-0.0099132120425102,-0.0142853525242032,-0.0077476734921488,-0.0104953091265233,-0.0059764137288764,-0.0088150512565025,0.0056193120507726,0.0082655351376447,0.007303879638212,0.0099290108164561,0.0091830170708092,0.0131305198969804
2019-05-23,0.0012809145509381,RV_SV,-0.0094069209275977,-0.0137030157711278,-0.0075312514207122,-0.0102815897824124,-0.0058323219914369,-0.0089621442257703,0.0052509864579036,0.0082836996529282,0.0072803738897453,0.0102371944674767,0.0095682648269028,0.0130447660729947
2019-05-24,0.0023336711800766,RV_SV,-0.0096306044280395,-0.0141261278430476,-0.0077234619718328,-0.010808282855133,-0.0060785900028997,-0.0086894313120095,0.0055376323942822,0.0083825154731411,0.0074485612291564,0.010423665665335,0.0093782166223668,0.0132966339811499
2019-05-27,-0.0004689792640798,RV_SV,-0.0098384885512654,-0.0145118301854044,-0.0077006501350278,-0.0110629893393446,-0.0059684112963372,-0.0088098085846522,0.0054678929490521,0.0083627548772558,0.0073650381130044,0.010349031350012,0.0094677334595848,0.0131621562639469
2019-05-28,-0.0013724690275392,RV_SV,-0.0094850158308092,-0.0144528179232435,-0.0076022220155856,-0.0106355639673615,-0.005682525204976,-0.0087765479974614,0.0051333813252671,0.0079654719824375,0.0071650800748403,0.0099593511051451,0.0093653814899984,0.0131084880690036
2019-05-29,-0.0036863654223008,RV_SV,-0.009533200405113,-0.0132045209742852,-0.007423295975157,-0.0104632365171545,-0.0058078319051078,-0.0085113052405911,0.0052118276624975,0.0082139174889952,0.0072492897744258,0.0104033807250184,0.0094176220721566,0.0129656900139357
2019-05-30,0.0003254846663728,RV_SV,-0.0105355617356874,-0.0149735302629388,-0.0075647357096722,-0.0105421701195843,-0.0059118245824148,-0.0088149639695008,0.0051732753683936,0.0081793982003284,0.007248542313379,0.0097777740904149,0.009447481566185,0.0122621963221248
2019-05-31,0.0009107938668724,RV_SV,-0.0098802625764689,-0.0132151131476182,-0.007540359064295,-0.0104198065318962,-0.0058650082219195,-0.0085006109662282,0.0051835692628309,0.0081025034492513,0.0071355499494653,0.0102096412775357,0.0094092583448481,0.0132929684563405
2019-06-03,0.0049745114659861,RV_SV,-0.0101396612663683,-0.0148296638187754,-0.0076353779087417,-0.0107737929174468,-0.0060640954191614,-0.0087135882920464,0.0053580057306149,0.0085736871330857,0.0074519775960854,0.0104455218572406,0.0096203185207908,0.0129749194053381
2019-06-04,0.0028384994182484,RV_SV,-0.009593728379601,-0.0137359574990177,-0.0075130702560952,-0.0107448736015873,-0.005740796575809,-0.0085832097770762,0.0051181249409448,0.0078631586896368,0.0070681629310212,0.0095922991288636,0.0089709140155967,0.0129478669102609
2019-06-05,0.0005026925295869,RV_SV,-0.0105255067153695,-0.0146751275848709,-0.0078474345170172,-0.0106131589577288,-0.0061721098553629,-0.0092447653185513,0.0056888314799496,0.0084580592499593,0.0075342298952084,0.0104338036561335,0.0093290176856607,0.0123105765793892
2019-06-06,0.0045748799071469,RV_SV,-0.0104258574593243,-0.0158820669142698,-0.0079477698893145,-0.0112479885351715,-0.0062369558552313,-0.0089632812274636,0.005696046015113,0.0086039082293349,0.0074625207244321,0.0098412662256649,0.009195462930156,0.0123855502211288
2019-06-07,0.0026881142364531,RV_SV,-0.0111959708757693,-0.0166611192224162,-0.0083061865689448,-0.0116582732013158,-0.0064823665187283,-0.0094499870132817,0.0061433528395704,0.0086288175820849,0.0077863966474608,0.0100371532566325,0.009232119691064,0.0115957573580631
2019-06-10,-0.0012458913710005,RV_SV,-0.011221698405929,-0.0169498113586244,-0.008361526779978,-0.0124920531250093,-0.0062649416616029,-0.0097648537675972,0.0062188236542143,0.0082706690137445,0.0073636360940252,0.009272762020558,0.0086786309386121,0.0109628177722528
2019-06-11,0.0004729145991127,RV_SV,-0.0107013130381914,-0.0143490656461504,-0.0081407778762876,-0.0114335123200551,-0.0058706554644115,-0.0090164621403291,0.005241708540508,0.0077579548583247,0.0072230215996184,0.0092814349677328,0.0088892440986426,0.0117026754791615
2019-06-12,-0.0004684938010261,RV_SV,-0.0105895241175292,-0.0151538974768371,-0.0081226771242338,-0.0116689893744638,-0.005990249273418,-0.009498241400651,0.0054923270738711,0.0079193234219463,0.0073260985267158,0.0094119365849037,0.0088864074050642,0.0119016187000563
2019-06-13,-0.0031747393781073,RV_SV,-0.0109295892664107,-0.0156307388003613,-0.0078912124281237,-0.0114356360549626,-0.0060328583112094,-0.009082460330125,0.0054155443962251,0.0080705212485794,0.0073011755845862,0.0098657069322065,0.0091131161106624,0.0117809466672708
2019-06-14,-0.0051398678797031,RV_SV,-0.0104313986647405,-0.0140659395217238,-0.0079251201448287,-0.0108831901368398,-0.0060685189378409,-0.0091783859396557,0.00531882402897,0.0082239075776441,0.0074712772715147,0.0102476075319796,0.0095996100300466,0.0129182020639649
2019-06-17,0.0016034852507668,RV_SV,-0.0095889153098575,-0.0131322351574059,-0.007839180980516,-0.0109714005891679,-0.0061615405189524,-0.0090031007270708,0.0054002355776123,0.0085934625928294,0.007502846801312,0.0105899649106981,0.009938842627701,0.0138528468594721
2019-06-18,-0.0034484445413916,RV_SV,-0.0098313456148917,-0.0143341721588373,-0.0077515409278253,-0.010879163172126,-0.0059363031352358,-0.0086722449903587,0.0053654494453375,0.0079304206812726,0.0072603282676029,0.0099650246668337,0.0094815253514746,0.0128512027309588
2019-06-19,0.0015685437739292,RV_SV,-0.0102461219873539,-0.0133289280369694,-0.0081013112988966,-0.0109971401657059,-0.0065498884323896,-0.0091770482568732,0.0057337477001876,0.0091187109122038,0.0077981079940133,0.0110965448826932,0.0102296262174744,0.0139235395131728
2019-06-20,0.0061942960456537,RV_SV,-0.0101854633538944,-0.0134188890968808,-0.0076910941311969,-0.0104650058562848,-0.0058963703212592,-0.0088123007268555,0.0053826501158869,0.0079894755337432,0.0071552460789886,0.0098382204859571,0.0094799068928179,0.0123002185790448
2019-06-21,0.0040178413238429,RV_SV,-0.0105393852668394,-0.0162037281123761,-0.0080540800330903,-0.0117247672156747,-0.0064129313157728,-0.0092882123765328,0.0063155797097873,0.0089794395243438,0.0076670096210177,0.0103281262553324,0.0095473060985536,0.0130409385161236
2019-06-24,0.0056116005599137,RV_SV,-0.0109780369963438,-0.0158553392203502,-0.008099384339696,-0.0113786798493137,-0.0062441974927691,-0.0092358276578139,0.006022617576911,0.0083975953333752,0.0074933665431728,0.0100606557196672,0.0093937586115912,0.0129085111831578
2019-06-26,-0.0001777674389599,RV_SV,-0.0103594389384754,-0.013772941422305,-0.0080831468620589,-0.0111014195604738,-0.0060504916579567,-0.0089994369905099,0.0056288344866677,0.0082632524215114,0.0072835192664345,0.0097130554637005,0.0093434679240227,0.012346314837538
2019-06-27,-0.0016716809994474,RV_SV,-0.011143968860222,-0.0159588577749684,-0.008158082296675,-0.011562113968287,-0.0066741781318668,-0.0094910651209185,0.0064074428549318,0.0088582000187591,0.0078678192215495,0.0105404730301987,0.00966457865618,0.0125675197502202
2019-06-28,0.0002901634607842,RV_SV,-0.0105215242191344,-0.0146572479847305,-0.0083141178416801,-0.0115468257728823,-0.0062390825896032,-0.0093196122353308,0.0057497104597648,0.0083099712980039,0.0073979021041047,0.0099499437701201,0.0095137021066195,0.0121977771476535
2019-07-01,-0.0059740889760266,RV_SV,-0.0108775982458626,-0.0148606272439402,-0.0080404679531921,-0.0109978367698188,-0.0061364281182745,-0.0091476064955715,0.0057259479028274,0.008622434322519,0.0074880041239616,0.0101453890596119,0.0098835715798934,0.0134026226896961
2019-07-02,-0.0005484929850789,RV_SV,-0.0101614716874006,-0.013438872550714,-0.0081719571800192,-0.0114476087551677,-0.0062863310986671,-0.0089950443441134,0.0057524495069736,0.0089018601500265,0.0076671622602056,0.0104336295197825,0.0101254584338412,0.013548578954781
2019-07-03,-0.0022923268064205,RV_SV,-0.0103703079009333,-0.0145533499569396,-0.0080324884529612,-0.011174874034262,-0.0062341034766826,-0.0091299619082488,0.005866633346521,0.0086535136593746,0.0075828182190859,0.0103800013412115,0.0098297611254797,0.0140127914409162
2019-07-05,-0.0052511414371813,RV_SV,-0.0102345986462704,-0.0147551728923342,-0.0079796392352109,-0.0108479495974339,-0.0063732728332571,-0.0092032411307277,0.0059189889594437,0.0090641732804442,0.0078140690048105,0.0109897640029384,0.0101865387843822,0.014348442789266
2019-07-08,-0.0006488562186168,RV_SV,-0.0106392784686114,-0.0138381217551539,-0.0081722008054526,-0.0105603711775063,-0.0064347199139493,-0.0090664210625952,0.0057718064047306,0.0090356213759116,0.007951534296257,0.0112187911409111,0.0104337811473176,0.0144098008872766
2019-07-09,6.24512100125124e-05,RV_SV,-0.0097989882027859,-0.0127682974013385,-0.0079502851532682,-0.0110637422805388,-0.0060641361210071,-0.0088165477042325,0.0056102533536404,0.0084546923606712,0.0074389451232703,0.0102606090464044,0.0100315628161472,0.0131172741373519
2019-07-10,0.004535114797414,RV_SV,-0.0096933214649178,-0.0137376354532557,-0.0077883958409838,-0.0103031920012547,-0.0060184036401171,-0.008545131907721,0.0055578839767848,0.0086022432568854,0.0073825374171396,0.0101961450037518,0.0097879869540237,0.0133477459359606
2019-07-11,5.7724542937343e-05,RV_SV,-0.0094722925785114,-0.0148422455820025,-0.0080022096175601,-0.0106873233829874,-0.0061210470067491,-0.0089969880144226,0.0060908659605094,0.0085027581310494,0.0073677068296519,0.0100063647403216,0.0093633502809578,0.0124619679541268
2019-07-12,-0.000659590345036,RV_SV,-0.0102374516926807,-0.0130925140993184,-0.0079462110785698,-0.0103129615776478,-0.0061848838580431,-0.0089184976590032,0.0055541809238909,0.0088498471012957,0.0074644840163714,0.0103522688238395,0.0098473699446961,0.0131119082295359
2019-07-15,0.000497509133113,RV_SV,-0.0100591749816312,-0.0142627554802483,-0.0079168386610969,-0.0108768103205552,-0.0060839092615804,-0.0088722644179286,0.0055486077709686,0.0083418404447242,0.0073260500420225,0.0102885902136741,0.0096597597905539,0.0135226512232308
2019-07-16,-0.0042345082839062,RV_SV,-0.0100876509918756,-0.013140919021076,-0.0076704600939946,-0.0107784666211881,-0.0059347453715467,-0.0085790872828847,0.0054115221794102,0.0082962025008119,0.0071938203137304,0.0101332203719773,0.0094515478846278,0.012963583993807
2019-07-17,0.0017511617615438,RV_SV,-0.0102697894040235,-0.0141136389998777,-0.0078078491498891,-0.0104454347474814,-0.0059463921343097,-0.0086666441001808,0.0054363179395035,0.00821017802869,0.0071733730342864,0.0100774334086434,0.0095800356036765,0.013493784792841
2019-07-18,-0.000298327365288,RV_SV,-0.0098382252317505,-0.0135301702869481,-0.0077006134267789,-0.0102275808798273,-0.0058162002498001,-0.0082312961891356,0.005533867384598,0.0081537153854217,0.0071968124751026,0.0098846517603782,0.0095270314886652,0.0128917030798418
2019-07-19,-0.0006281141414133,RV_SV,-0.0102387098483621,-0.0140286740108934,-0.0077908358241338,-0.0105852020836441,-0.0061197637433865,-0.0086948746577211,0.0054727983365287,0.0085089233454212,0.0074164944061144,0.0105733313870743,0.0099313552293234,0.0132845155993232
2019-07-22,-0.0005794620971068,RV_SV,-0.0104443657637647,-0.0137659329041355,-0.0078686492566603,-0.0108220291907647,-0.006254765261064,-0.0089491698749987,0.0056594393135998,0.0089228541819464,0.0076516422553846,0.0107281292416968,0.0100279342860904,0.0146182428907631
2019-07-23,-0.0051810228924934,RV_SV,-0.0102785945780018,-0.0132212782523713,-0.0075400212625904,-0.0100276342122047,-0.0057734471865736,-0.0084739814299485,0.0054155239215376,0.0078486628668619,0.0070333885028383,0.0097768656342615,0.00937011432156,0.0129646502775206
2019-07-24,-0.0013634123294252,RV_SV,-0.0100022646647063,-0.0136113395638974,-0.0076040205875796,-0.010381160865563,-0.0059010109173368,-0.0085912429695398,0.0053725893244349,0.0083760446209124,0.0071253131458929,0.0103544182672074,0.0095108548717172,0.0132696729348685
2019-07-25,0.001273771252238,RV_SV,-0.0101102657010509,-0.0138301892492502,-0.0074704729054521,-0.0106561636172007,-0.0058816533322695,-0.0083993014342913,0.0052904052161182,0.0081346428018327,0.0070329760925806,0.0098201308340493,0.0093462882159841,0.0138577973134919
2019-07-26,-0.0030570836090248,RV_SV,-0.0101403265210895,-0.014712427702918,-0.007703322925608,-0.0111499247062783,-0.0061284757661674,-0.0089948546864466,0.0058139527450783,0.0084122186711517,0.0071998966010182,0.0099141646384635,0.0092237635502166,0.0117491913504394
2019-07-29,0.0019538405908415,RV_SV,-0.0098099236397454,-0.0136061270896413,-0.0076547525590865,-0.0102011084914989,-0.0060088287763527,-0.0085016157728759,0.0054051715525574,0.0083641946829544,0.0071565024312297,0.0100624343670032,0.009451070208807,0.0126932510394647
2019-07-30,0.0004217081034936,RV_SV,-0.0102894243359511,-0.014735781475056,-0.0074929153262738,-0.010413954009992,-0.005632585806791,-0.0083963540807918,0.0052135352647693,0.0077583109194732,0.006733495607844,0.0091253998972275,0.0089738846111337,0.0125251378991061
2019-07-31,-0.001593554299226,RV_SV,-0.0106012516775502,-0.0148671422630387,-0.0074152218753021,-0.0105329183804777,-0.0057542691369342,-0.0085346987893484,0.0052254534846608,0.0079271155972448,0.0068421047044762,0.0094184928982362,0.009043089329693,0.0127954230402933
2019-08-01,-0.0062279385094082,RV_SV,-0.0096935589046813,-0.0128673696312648,-0.0073430971204868,-0.0101888810225448,-0.005666526575595,-0.0083663653259889,0.0051206096691399,0.0080919798313724,0.0065623348560349,0.0095381929147844,0.0090388825504405,0.0123609317939234
2019-08-02,0.0046903343507721,RV_SV,-0.0113043012367223,-0.014924984923649,-0.0086311304901656,-0.011561948209425,-0.0069345676305807,-0.0095634712241915,0.0054550771170291,0.0094859150668836,0.0081693420584577,0.0118959850656868,0.0106056628654609,0.0128612920576074
2019-08-05,0.0075394585580397,RV_SV,-0.0103027173032853,-0.0155760956068775,-0.007880344082312,-0.0109986411855594,-0.0062042027676494,-0.0090938660686791,0.0056735913266074,0.0083966514626778,0.0072055602194503,0.0099606133140267,0.0092389408025681,0.0126301900456212
2019-08-06,-4.01910414223466e-05,RV_SV,-0.0106576179504048,-0.0157856956366101,-0.007870417779447,-0.011326084396596,-0.0060240702317962,-0.009063140538764,0.0057716540438343,0.0081729763752725,0.0069954748987196,0.0094393369450696,0.0087924417234836,0.0113098056728115
2019-08-07,0.0035017170996691,RV_SV,-0.0110939678848474,-0.0160432825229626,-0.0082061624710547,-0.0118557270819198,-0.0062803433313075,-0.0094834438013651,0.0057673620448057,0.0081374116143952,0.0073208211501486,0.0094475992080016,0.0091081671559069,0.0118006896173865
2019-08-08,-0.0025643467563834,RV_SV,-0.0111795121734556,-0.0164550066343876,-0.0083334999683014,-0.0114273156981383,-0.0061787167544324,-0.0093619166972354,0.0057340987792437,0.0080206120490589,0.0071345139532392,0.0094664282750671,0.0089986650974944,0.0121299860641358
2019-08-09,0.0012818813975348,RV_SV,-0.0109462450021122,-0.0163140282452718,-0.0084450469133309,-0.0117031741165091,-0.0065164065043974,-0.0095480638611153,0.0061538894131613,0.0086380467228894,0.0075852375951879,0.0101003380368719,0.0093427174830019,0.0122660739126585
2019-08-12,-0.0009294789235021,RV_SV,-0.0108309416716876,-0.0163962963651903,-0.0081604343444666,-0.0113233146185093,-0.006145416210296,-0.009130498670432,0.0057465584180096,0.00809567875354,0.0072520867889413,0.0094786255133655,0.0092742209159369,0.0119648323133996
2019-08-13,-0.0025275543527752,RV_SV,-0.0107155356283551,-0.0153674514962625,-0.008005351843751,-0.0115448500507464,-0.0060685036529476,-0.0090740317314709,0.0055653518148089,0.0082010958259886,0.0071150719155043,0.0099792185627654,0.0092191833346988,0.0113017441163153
2019-08-14,-0.0034667824134796,RV_SV,-0.0109493237781332,-0.0155095590387401,-0.0081877796497506,-0.0115578601886836,-0.0064875517432213,-0.0091477155676537,0.0057559719415745,0.0086062735860128,0.0076778373736226,0.0106810941533027,0.009905263871994,0.0131554604508457
2019-08-15,-0.0034878477694207,RV_SV,-0.0107632977598544,-0.0141723886994168,-0.0080899770869783,-0.0114214528850492,-0.0063583494607775,-0.0089363233911184,0.0057146330601728,0.0086158989366511,0.0075792497942578,0.0103712481478356,0.0097643952007806,0.0133887064451555
2019-08-16,-0.0013696965830899,RV_SV,-0.0106028242976531,-0.0143896027823216,-0.0080571084821426,-0.0109264286347407,-0.00640818531038,-0.0090724482184731,0.0058411175566734,0.0088016226853903,0.0077910881831415,0.0103184369861761,0.0100080946337303,0.0131217413998134
2019-08-19,0.0005161092688562,RV_SV,-0.0104142057865106,-0.0146040441604054,-0.0080378690981694,-0.0110462984647157,-0.0062811441279361,-0.0092002971155623,0.0060151244489885,0.0086080940173629,0.0076462867063769,0.0102703492128804,0.0096589821619772,0.012736491736261
2019-08-20,-0.0003087320489514,RV_SV,-0.0105045604675069,-0.0141825748714438,-0.0079342621541349,-0.0109769142515492,-0.0060850680927146,-0.0089471786395761,0.005670766649897,0.0081979505446045,0.007149189407449,0.0099018750820002,0.0095754638631816,0.0121699189035144
2019-08-21,0.0004484188803151,RV_SV,-0.0102003746869411,-0.0142601745297822,-0.0078039578813203,-0.0104968927642284,-0.0061128342217227,-0.0087920507586784,0.0056880351804855,0.0082459446232336,0.0073982743364183,0.0100397357322416,0.0096775360681459,0.0136805270320179
2019-08-22,-0.0007549917140516,RV_SV,-0.0100411161694718,-0.0136694666770209,-0.0078417019465592,-0.0108076140073071,-0.0060327348226377,-0.0087382351305245,0.0056279481214062,0.008287285709764,0.0073797670809968,0.0106171504734282,0.0097377374615735,0.0129563934535075
2019-08-23,0.0052438552226586,RV_SV,-0.0099100222397569,-0.0134399148222566,-0.0078449756229874,-0.0107976554962871,-0.0062221614999574,-0.0089579227555958,0.0059234133862169,0.0087497241775371,0.0077517553560661,0.0105544263751525,0.0099422230138177,0.0137569559466068
2019-08-26,-0.0032618100949064,RV_SV,-0.0097015592919544,-0.0138533237101974,-0.0078311557281222,-0.010556201979875,-0.0062656620204581,-0.0087111292973149,0.0062304069803482,0.0086282952091225,0.0076648191878014,0.0103266945686502,0.0097021395094649,0.0132306485074106
2019-08-27,-0.0015041931085251,RV_SV,-0.0102916174906345,-0.0138701375755125,-0.0079563379898744,-0.0107132691300654,-0.006299261337809,-0.0090024757600049,0.0057554445595159,0.0086769201312576,0.0077460214370834,0.010612474083344,0.0100491851889142,0.0133245791154538
2019-08-28,-0.0009333763875093,RV_SV,-0.0102301066811867,-0.0137777305219183,-0.0078211603242162,-0.0107653118973465,-0.0062022775309567,-0.008654789452858,0.0056855220713898,0.0085019663180647,0.0073839173566453,0.0101578824201528,0.0098804841946733,0.0139738758690431
2019-08-29,-0.0022739574043547,RV_SV,-0.0102466333666226,-0.0145652964361142,-0.0078914478473599,-0.010649571580088,-0.0061487380773221,-0.0087965858201257,0.0056726050588507,0.0084779599072131,0.0073310872565674,0.0101560211175346,0.0098071935415067,0.0130137317576089
2019-09-02,-0.0082607857665878,RV_SV,-0.0101022290468522,-0.0137838356990436,-0.0079030888708791,-0.0107312796419151,-0.0062579342554129,-0.0090035831815352,0.005859911537424,0.0087210568288972,0.0074811971440031,0.0104423002293787,0.0098271998775933,0.0133340903121557
2019-09-03,-3.19131233628978e-05,RV_SV,-0.0100363248769207,-0.0134630959689665,-0.0079729361002787,-0.0104992762943429,-0.0061381697174292,-0.0087565788559358,0.0056489064134731,0.0085369763253258,0.0073890887800777,0.0103151986751666,0.0099735861176083,0.0143945733838358
2019-09-04,0.0052201868301946,RV_SV,-0.010070948908341,-0.0137163329602964,-0.0082153728829614,-0.0108444742590293,-0.0065528716684966,-0.009048428159524,0.0060799733593089,0.0089195459401385,0.0079103110078209,0.0108509994370784,0.0100953967248398,0.0122550292565569
2019-09-05,0.0012056767980794,RV_SV,-0.010077578931231,-0.0136398452212018,-0.0079464676666198,-0.0108019868789485,-0.0061279744163802,-0.0089491654011298,0.0058441735299819,0.0082802200414792,0.0072082934083612,0.0099021183456323,0.0093757463893025,0.0126939381714243
2019-09-06,0.0003894945225624,RV_SV,-0.0103350905180523,-0.0149640944695713,-0.00802205727239,-0.0107736431740107,-0.0061936804964113,-0.0088950305209061,0.0056744904385964,0.008417158225428,0.007277434123893,0.0100997169901172,0.009550237945589,0.0111664960201027
2019-09-09,0.0012444594882808,RV_SV,-0.0102475656994064,-0.0143901507002633,-0.007969304337612,-0.0108545244467447,-0.0060423494459172,-0.0087547414535043,0.0055853400826211,0.007993878301165,0.0070653696932099,0.0097684123110073,0.0093899145432208,0.012527463549188
2019-09-10,-0.0012399313743536,RV_SV,-0.0101376978197556,-0.0150643886163609,-0.0079207280268252,-0.0105871506457826,-0.0060799608806154,-0.0087372274467604,0.005744559171849,0.0080144502744395,0.0070379152213523,0.0094111023277917,0.0091288969076774,0.0114527311118638
2019-09-11,-0.003756315972869,RV_SV,-0.0099295490705087,-0.0135278329427967,-0.007799555376814,-0.0106462852566125,-0.0059322649645903,-0.008576160007397,0.005396606549123,0.0078705991273632,0.0068777272632197,0.0099192827869917,0.0092220082897789,0.0130655992509885
2019-09-12,0.0065756106657786,RV_SV,-0.0098126738125456,-0.0131085977268308,-0.0077794082069921,-0.0107707557738424,-0.0059168517235085,-0.0084419887661979,0.0053234162583915,0.0079773173109625,0.0069712612390384,0.0098832003979163,0.0094743255825866,0.0140460745506116
2019-09-13,2.48341474053532e-05,RV_SV,-0.0103808295564884,-0.0172242909973161,-0.008666129549715,-0.0118102164868576,-0.0074636491084067,-0.0100478066618099,0.0069769590997756,0.0098536042983175,0.0090610218226249,0.0117449275991094,0.0103895525023469,0.0144022134150148
2019-09-16,-0.0060960609800339,RV_SV,-0.0111917892228495,-0.0170411946347275,-0.0084596122364849,-0.011723432622169,-0.0065656280175371,-0.009740553136617,0.0059035373327369,0.0084609748502501,0.0073456163629913,0.0098079215119672,0.0091039263174699,0.0116289350970947
2019-09-17,0.0051519295446383,RV_SV,-0.0113494843789389,-0.0157592768381722,-0.0080637239665375,-0.0112335397260139,-0.0063467674136652,-0.0092068930610445,0.0055107129409197,0.0080499475115055,0.006881965314189,0.009713788575138,0.0093439606920506,0.0122955333412116
2019-09-18,-0.0001830568464416,RV_SV,-0.0114315147883682,-0.0176731602098022,-0.0084068338923769,-0.011908331993468,-0.0064808728575493,-0.0094325369237734,0.0058271768352525,0.0080372030050158,0.0069834162673883,0.0091720127341326,0.009068863895584,0.0120639819663713
2019-09-19,-0.0013094942452099,RV_SV,-0.0114207469055527,-0.0166916092439851,-0.0080911858337838,-0.0121539414648404,-0.0062328072903436,-0.0093698032108057,0.005518069282446,0.0078522754860014,0.0066110792728295,0.0091069853621244,0.0090428339967134,0.0116512219816003
2019-09-20,-0.0039865173536279,RV_SV,-0.0103331446694601,-0.0149947384894908,-0.0081456435874862,-0.0110928754306669,-0.0063717140313898,-0.0090540734281971,0.0058556610188522,0.0087354610916884,0.0078121739538754,0.0105809962949954,0.0100465299388752,0.0137238520190483
2019-09-23,-0.0011230821826077,RV_SV,-0.0102231921221493,-0.014148262281563,-0.0079363373647563,-0.0107595817751027,-0.0061327312384897,-0.0088423967470433,0.0057352397002589,0.0084986763166699,0.0074618473880795,0.0101537886828,0.0098454244265521,0.0134605366495561
2019-09-24,0.0007981091377387,RV_SV,-0.0102795246400386,-0.0148956438118862,-0.0079999400305863,-0.010494204631465,-0.0061766390563609,-0.0090185072675256,0.0056952754151959,0.0086489017956733,0.0074748749923592,0.0102254301623797,0.0099961569945644,0.0134754001939032
2019-09-25,-0.0045493299471034,RV_SV,-0.0100746227417283,-0.0143111322330665,-0.0080343558932142,-0.0104189539352861,-0.0058218051247719,-0.0087036056862367,0.0056473629081878,0.0081209480839892,0.0071126867404328,0.0097565898243024,0.0096369884111556,0.012809608874946
2019-09-26,-0.0010371430610705,RV_SV,-0.0100726564180789,-0.0141503140757463,-0.0078827223810411,-0.0106646623195215,-0.0060463708438081,-0.0087076065929772,0.0056647983786958,0.0083239183007084,0.0073298915433277,0.0102070184578356,0.0097981191067512,0.0129338484428535
2019-09-27,0.0003724901236066,RV_SV,-0.0100436687486659,-0.0137364585541723,-0.0078538238115937,-0.0103534739690481,-0.0059995384790054,-0.0087264520398656,0.0057695365472367,0.0083427356286767,0.0074690179576141,0.0103096601817525,0.0098658310485369,0.0133631970631618
2019-09-30,-0.003417022736326,RV_SV,-0.0101400880421155,-0.0132689468863006,-0.0079307224421848,-0.0105827282733237,-0.0060856130210812,-0.0088228005057922,0.0058315802690053,0.0085520407420462,0.0075640864644409,0.0103873778510364,0.0099109629777133,0.0134121809916708
2019-10-01,0.0024523762661452,RV_SV,-0.0098784558050761,-0.013579603147226,-0.0079633388995842,-0.0104754345007076,-0.0060703413110614,-0.0086131315120724,0.0056900533006476,0.0086178359220434,0.0076015861879001,0.0105369990158173,0.0099738351745051,0.0141520203039295
2019-10-02,0.0016840964303533,RV_SV,-0.0100313649135392,-0.0145430579446269,-0.0079891499868846,-0.0110246512785107,-0.0060232219230952,-0.0087221061545661,0.0060781434404169,0.008258082258688,0.0074394489038168,0.0101595161237594,0.009618849644083,0.0127242478318642
2019-10-03,0.0036736762996834,RV_SV,-0.0101101294569677,-0.0138864639622013,-0.00794267946364,-0.0106577780169963,-0.0060026194581674,-0.0086274414946278,0.0058026348153794,0.0083021699068727,0.0073680138006764,0.0098932262847133,0.0096452322943204,0.0126018565178243
2019-10-04,-0.0015434877229076,RV_SV,-0.0100508007727042,-0.0151828823946582,-0.0080611863559429,-0.0113873191932649,-0.0061405191913937,-0.0089739231432649,0.0062800532607794,0.0084817036359088,0.0076491157527383,0.010226517627943,0.009520852171714,0.0126159925995875
2019-10-07,0.0009746323128843,RV_SV,-0.0105407788500576,-0.0142821572792386,-0.0081960741850018,-0.0109371861148557,-0.0064707639329409,-0.0090603394418501,0.0058645898019719,0.0091407548372844,0.0079471028939131,0.0105378533259457,0.0100551580118257,0.0135707104053861
2019-10-08,-0.0031870175497822,RV_SV,-0.010257926523283,-0.0143356276278829,-0.0079486879710299,-0.0107202487010509,-0.005982053676937,-0.0088566263831741,0.0056932321749065,0.0080927961063614,0.0070689637304597,0.0099070130463035,0.0094889432671659,0.0127715913728864
2019-10-09,0.0026360571116509,RV_SV,-0.0102480369163597,-0.0134543678963085,-0.0079545236574027,-0.0110704906270917,-0.00598835680543,-0.0087603183628518,0.0056509486278932,0.0083686159116686,0.0072736592940631,0.0099628912567631,0.0097092264172865,0.0130975885157462
2019-10-10,0.003623480638154,RV_SV,-0.010537232512601,-0.014812820055243,-0.0079390972027836,-0.0104462576929517,-0.0060270781379445,-0.0090066074282716,0.0057369229054108,0.008232412197305,0.0072311299721708,0.010012566562712,0.0096443172807516,0.0128520044298109
2019-10-11,0.0019359246910086,RV_SV,-0.0099614796732327,-0.0140275793669622,-0.0079431446774842,-0.0106955885593703,-0.0060773816173684,-0.0088124444888264,0.005828199984312,0.0083705195035341,0.0074201103056641,0.0103777588099263,0.0097159275968293,0.0129386661493479
2019-10-14,-0.00113752507683,RV_SV,-0.0100396721379922,-0.0147465515947452,-0.0080361882833348,-0.0108334540089235,-0.0062830328615148,-0.0089215849683853,0.0060595029339198,0.0087797259718374,0.0078999695277434,0.010664991011525,0.0101191039202701,0.0121782514763186
2019-10-15,0.0008068245095867,RV_SV,-0.0095419310464277,-0.0133895331505015,-0.0076384636395379,-0.0106621255900572,-0.0057421526181506,-0.0085272207896655,0.0053976835954184,0.0080487979782215,0.0068475569577965,0.0095847847765819,0.0095204262849162,0.0124221497798739
2019-10-16,0.0035594710592234,RV_SV,-0.0098724237880945,-0.0136900312007219,-0.0079294022840386,-0.0113429722367228,-0.006137076081181,-0.0089537388202327,0.0060398415351542,0.0084137601517472,0.0075429436007372,0.0102065609271892,0.0092031593955997,0.0112438219827421
2019-10-17,0.0048776080723231,RV_SV,-0.0103132530828478,-0.0149162065299877,-0.0079650442257234,-0.0110468627765865,-0.0060550902004313,-0.0089931168696548,0.0059212833675638,0.0081795836726143,0.0074334924424896,0.0098517321080111,0.0092020027292879,0.01263024707779
2019-10-18,0.002320098152724,RV_SV,-0.0102929321596826,-0.0147904639116028,-0.0081136647059627,-0.0114218150555449,-0.0061945986233517,-0.0090878904383015,0.006050901841008,0.0082042739573332,0.0074209282032662,0.0094979686703092,0.0090226704635692,0.0117850571330233
2019-10-21,-0.0008834259561839,RV_SV,-0.0107255187082962,-0.0141908235381518,-0.0079415349316009,-0.0111543291384213,-0.006059807283042,-0.0088436585271234,0.0056157707545067,0.008065970614489,0.0070000708734796,0.0096747104404151,0.0091630718744236,0.0118699924912036
2019-10-22,-0.00066420434803,RV_SV,-0.0100406073980629,-0.0145792380439448,-0.0077951618326316,-0.0108537121004495,-0.0058157384869566,-0.0085532341608818,0.0053410747026496,0.0077235718853022,0.0067295864865174,0.0095571498253427,0.0090266146419948,0.0116016106205961
2019-10-23,-0.0018018549147409,RV_SV,-0.0105845845514043,-0.0147638615849978,-0.0078052525902576,-0.0109384036987817,-0.0058484165864013,-0.0086735648144635,0.0053372188800638,0.0079743716646421,0.0068675267042324,0.0093299747813503,0.0092157598061845,0.0120297173893492
2019-10-24,-0.0017645580580552,RV_SV,-0.0112178547902162,-0.0152049318737205,-0.0078024976577919,-0.0109342603297151,-0.0060648750993836,-0.0087062793391646,0.0054555453671717,0.0084239421049778,0.0073623935303517,0.0101972961199891,0.0096754106653573,0.0123779114358269
2019-10-25,-0.0015149605220434,RV_SV,-0.0108686304515577,-0.0151862094100843,-0.0079964352246675,-0.0114043551897242,-0.0063353686145561,-0.0090551722893953,0.0056938020123078,0.0089142702991403,0.0077715418941811,0.0108343838091206,0.0100394327852751,0.013683793627213
2019-10-28,0.0011138997334273,RV_SV,-0.0105215113064218,-0.0137922710353919,-0.0076398832084498,-0.0104925507294115,-0.0057734449803276,-0.0086541965349082,0.0053752512789981,0.0078949196742434,0.0069560176275129,0.0095459838974504,0.0095577878399874,0.012529719247483
2019-10-29,0.0020891591982132,RV_SV,-0.0102367240083322,-0.0145595865612775,-0.0076712592308995,-0.009814135138465,-0.0057065377115918,-0.0083820956039682,0.0052332124119174,0.0078601411817389,0.0067655306368307,0.0096223285249069,0.009274820127116,0.0127563540473095
2019-10-30,0.0005935332035734,RV_SV,-0.0097129380052321,-0.0137989490204678,-0.0076434375022071,-0.0105300747788219,-0.0057412670623211,-0.0085544416666344,0.0052480323157461,0.0080836885628356,0.0068702551736706,0.0096558365104872,0.0091065848794865,0.012155986880885
2019-10-31,0.00287275258949,RV_SV,-0.0094898944737501,-0.0129424287413733,-0.0075821617627704,-0.0104221770356895,-0.0057706852392269,-0.0085644349914868,0.0052640221104569,0.0079555479633221,0.006928128989906,0.0097276964563472,0.0094380957401934,0.0127953297992791
2019-11-01,0.0012206636325639,RV_SV,-0.0107904144699392,-0.0158506498720886,-0.0079362061646106,-0.0112517886047222,-0.006105348258739,-0.0091206776759538,0.0058678809250198,0.0085698146720033,0.0076791367623511,0.0104025775369544,0.0096705736685066,0.0127901469931247
2019-11-04,-0.0012520397674301,RV_SV,-0.009996797108212,-0.0149107737557547,-0.0078164203548766,-0.0101302498556156,-0.0059342095905198,-0.0087090541307084,0.0053020383910143,0.0080713691666654,0.0071159151205457,0.0102252199330593,0.0094473427224469,0.0124336932409388
2019-11-05,-0.0074279204438561,RV_SV,-0.0095572980862087,-0.0137565726849442,-0.0075929532109249,-0.0107442346542281,-0.005678224623637,-0.008485366424366,0.0049737569456952,0.0076443443179315,0.0067466329290105,0.0092945466089272,0.0091940155581533,0.0119424804612128
2019-11-06,0.0001512676571184,RV_SV,-0.0102042289294466,-0.0139123906847838,-0.0076784108772684,-0.0106902257814821,-0.0059141224468305,-0.0086451114120717,0.0051065242887151,0.0080174668434858,0.0069809456272704,0.0100107111667466,0.009203118183592,0.0125179695821223
2019-11-07,-0.0024660311788738,RV_SV,-0.010059809356153,-0.0129132823203602,-0.0076152786864572,-0.0102031276669125,-0.0056466660141395,-0.0081749096352353,0.0050494587195869,0.0075746826306291,0.0065422003220221,0.0089565196368536,0.0088828735503203,0.0122337551592613
2019-11-08,-0.0022475483553219,RV_SV,-0.0097613142843944,-0.0148216380154868,-0.0075217785369227,-0.01038721769208,-0.0057173779421201,-0.0082086014716386,0.0050583289215701,0.0078291012721683,0.0068199578266943,0.009932559812346,0.0092518628230491,0.0129281255570384
2019-11-11,0.0011697180409363,RV_SV,-0.0096485168045507,-0.0127437340660415,-0.0074635290408982,-0.0104321573833843,-0.0056142084939223,-0.0082050536683525,0.0049889444122967,0.0078316705212369,0.0068273374962218,0.0095488475163807,0.0092395397542334,0.0126994751071624
2019-11-13,-0.0022181859442558,RV_SV,-0.0095377828292386,-0.0137467240885266,-0.0073736050362833,-0.0101325670436865,-0.0054505284213395,-0.008149286445788,0.0048693650812461,0.0074442942350121,0.0065027847914689,0.0094196228576462,0.0090707722363921,0.0128387112790747
2019-11-14,-0.0008177506861416,RV_SV,-0.0094077432834003,-0.0134229708969683,-0.0074181906740628,-0.0095933179425424,-0.0055760320075793,-0.0080718681634922,0.0048852558732712,0.0077835821663303,0.0066873121414225,0.0094888843009115,0.009094945930688,0.0131995667246463
2019-11-15,0.0044939004486251,RV_SV,-0.0094526583065605,-0.0119318351026794,-0.007330778751721,-0.0101598600470343,-0.0054209359132184,-0.0080328310248167,0.0049018307162715,0.0078854598495765,0.0066347698442688,0.0096360257659057,0.0091664260579272,0.0130076337584778
2019-11-18,0.0026997643092182,RV_SV,-0.0092433986065747,-0.0132469383684123,-0.0072680067674197,-0.0100756337054858,-0.0053199800741312,-0.0079275505530262,0.0048870493121001,0.0072113373011801,0.0064992105655223,0.0090903155048123,0.0088292032008091,0.0119793369711087
2019-11-19,-2.25617260614375e-06,RV_SV,-0.0100737839568294,-0.0138704931396493,-0.0071172524567555,-0.010242552664697,-0.0051995311934812,-0.0075655893775969,0.0046716833864563,0.0072833148769874,0.0063447839703034,0.0086456600921901,0.0087407084713349,0.0129974617760704
2019-11-21,-0.0004107082066231,RV_SV,-0.0091832406186867,-0.0122247206852341,-0.0070531424447126,-0.0099010491507674,-0.0052051860583064,-0.0078614749914811,0.0045491689571491,0.0071724655967917,0.0062341136691663,0.0086338594247832,0.0085685380405689,0.0119928422867044
2019-11-25,-0.0058585074931883,RV_SV,-0.0091285260537619,-0.0138408750865711,-0.0070769715391708,-0.0097202221893187,-0.0052279572352808,-0.0078437168064047,0.0046251146990256,0.0073177445250746,0.0063077776268317,0.0089769500637338,0.0086438170265242,0.0116873341921372
2019-11-26,8.62701117734649e-05,RV_SV,-0.0091960445075927,-0.0122968146941385,-0.0070045139559903,-0.0095692620281947,-0.0052546641236703,-0.0080245559407182,0.004482391113617,0.0070158051383343,0.006196102550472,0.0084479290064618,0.0085208775812105,0.0119483071033404
2019-11-27,-0.0012402806531973,RV_SV,-0.0091354603244851,-0.0124038924890701,-0.0070014789083685,-0.0097432360501378,-0.005181629104451,-0.0077927469726265,0.0044907317715691,0.0071724028125976,0.0061664086134265,0.0087936997708127,0.0085401917303706,0.0112216577594261
2019-11-28,0.0006816632847458,RV_SV,-0.0092170337971803,-0.0130020714054018,-0.0069668518198102,-0.0091258474274114,-0.005164528776091,-0.0075829125597442,0.0044880617212063,0.0072910678491933,0.0062550735834653,0.0090403464439791,0.0086395191023503,0.0117844050877906
2019-12-02,0.005870299908609,RV_SV,-0.0088660141714383,-0.0128268295232876,-0.006885808457692,-0.0091894758388508,-0.0049893422953477,-0.0076002189952403,0.0043686509453307,0.0070602314458221,0.0060019610265873,0.008797749811135,0.0086737113231792,0.0114341365821697
2019-12-03,0.0010133919816224,RV_SV,-0.0089217703472825,-0.0132175402344024,-0.0069349556832636,-0.0095866319279668,-0.0052371064269268,-0.0078263927396084,0.0047862691566142,0.0071943784807229,0.006017098978971,0.0084653196820447,0.0084302110762174,0.0115693331738509
2019-12-04,0.0005277306801653,RV_SV,-0.0093143297269037,-0.0127293819520393,-0.0070196627115157,-0.0095983259402493,-0.0054198981930927,-0.0079706718837868,0.0046112061953406,0.0074170283206277,0.006287890140443,0.0092320356395128,0.0086832580895266,0.0114852185080236
2019-12-05,0.0004192796566525,RV_SV,-0.0089983768304227,-0.0139925565055553,-0.0070625697822352,-0.0098434125038277,-0.0053741537591635,-0.0080379927836174,0.0046522424586519,0.007479893076712,0.0062515526071979,0.0090740536312616,0.0084308103562396,0.0114429265990979
2019-12-09,-0.0021342943499939,RV_SV,-0.009234659462566,-0.0129900722089471,-0.0070139609961833,-0.0096018060927871,-0.0053261433468845,-0.0079328349948129,0.0047002059598699,0.0073515198508708,0.0061695781929803,0.0093858990489481,0.0084255019276707,0.0115902134225275
2019-12-10,0.0018886087789534,RV_SV,-0.0091546562894586,-0.0132906183763502,-0.006981618151973,-0.009203583797929,-0.0050679279996121,-0.0078869834128284,0.0043792283409791,0.0068824475182271,0.005756621769215,0.0082649555277405,0.0081069106241426,0.0101497225322651
2019-12-11,-0.0004938076843467,RV_SV,-0.0089280683946688,-0.013515031995493,-0.0068764131336589,-0.0103239724083918,-0.005154241516539,-0.0078841862029458,0.0042198538480346,0.0066880149551767,0.0057922045166824,0.0082233960843555,0.0081424593150337,0.0114957352661007
2019-12-12,0.0029412050858104,RV_SV,-0.0088075745503715,-0.014071728539684,-0.0068634964430307,-0.0102302634585991,-0.005138740359474,-0.0078810200264509,0.0044042279666896,0.0069092619419739,0.0058383240019066,0.0087484106246629,0.0082396337392771,0.013260558287142
2019-12-13,0.0016469859729683,RV_SV,-0.0093569651640039,-0.0138997478169445,-0.007921413594568,-0.0102893743407058,-0.0055043121044523,-0.0085262476158142,0.004869671384344,0.0073266385900091,0.006386836492596,0.0087515811943051,0.0082359615369596,0.0117434521059135
2019-12-16,0.0001346946474382,RV_SV,-0.0095184026388314,-0.0167747694832962,-0.0087955150940205,-0.012112578730471,-0.0066400795655164,-0.0096053906858343,0.0060326705569293,0.0089329495121513,0.00790496937242,0.0096441364141355,0.0090772176469484,0.0108343738702498
2019-12-17,0.0016933589626582,RV_SV,-0.0094877950505635,-0.0148843706905416,-0.0077084675633655,-0.0098166110932001,-0.0053586918859528,-0.0085385575155248,0.0045282533964718,0.0068719411998439,0.0057005052905294,0.0077186439745999,0.0083736498870472,0.0110545604571865
2019-12-18,-0.0027085053926137,RV_SV,-0.0101310806757845,-0.0154592710276203,-0.007792629250129,-0.0109483255347523,-0.0053994165332003,-0.0085644635512942,0.0045935277145552,0.0068322468661157,0.0056916933973449,0.0081640242282829,0.0079372725510791,0.0105089348642561
2019-12-19,-0.0009891864748499,RV_SV,-0.0092505784531604,-0.0152863834482539,-0.007733790565505,-0.011091374202441,-0.0053996204753822,-0.0084582661788036,0.0045173477478038,0.0067446312707246,0.0057274425588682,0.0083292259050861,0.008289177659833,0.0098421159764351
2019-12-20,-0.0025539231444732,RV_SV,-0.0097739702748681,-0.014476988172861,-0.0077758431624587,-0.0102325738941553,-0.0055039909738787,-0.0087396592143147,0.0046481391189039,0.0071705245640856,0.005936299826313,0.0081907674706943,0.0081823862710074,0.0110322515833645
2019-12-23,9.01965383181963e-05,RV_SV,-0.0091944177695877,-0.0129863243044894,-0.0071419595459959,-0.0097917797146133,-0.0054822098471259,-0.0078668831604837,0.0045411979611829,0.0072910775752586,0.0062256239715327,0.0089222300699065,0.0086844823470744,0.0120313612663381
2019-12-24,0.0002547612754097,RV_SV,-0.0094062434296881,-0.0143775584337667,-0.0073970867794402,-0.0097182103646628,-0.0053127947335959,-0.0079330545991248,0.0044489182575804,0.0070204197978674,0.0059934301003695,0.0088161737028087,0.0085657278261847,0.0116766151442376
2019-12-27,0.0065451274005405,RV_SV,-0.0087567016997384,-0.0126533437660282,-0.0074423536833443,-0.0098323761211838,-0.0053232918403782,-0.0079365910296116,0.0045274389149397,0.0072181437452816,0.0060592255765645,0.0087792000089922,0.0085695251830863,0.0118280374759177
2019-12-30,0.0034027706588078,RV_SV,-0.0093570711489595,-0.014411305531011,-0.007448073659226,-0.0101937618224878,-0.0055075820118031,-0.0083432674198972,0.0047265922380424,0.0074484559482314,0.0063403362987915,0.0088474611852845,0.0086431642199549,0.0121523938104463
2019-12-31,0.0020067164823126,RV_SV,-0.0089220247576904,-0.0134342155132042,-0.0073876457118496,-0.0104284025234329,-0.0054296788069285,-0.0081542313998253,0.0047227326483499,0.0075755404571404,0.0063365046963272,0.0088873854386415,0.0086936551284786,0.01161799046622
2020-01-02,-0.0020424278983632,RV_SV,-0.0091986570402158,-0.013594838198349,-0.0072422405650388,-0.0102780890437054,-0.0054242896008343,-0.0080840889758314,0.0047756207548883,0.0071866277695777,0.0063878011516008,0.0091008658084622,0.0086664725640655,0.012249751434953
2020-01-03,-0.0033267484916505,RV_SV,-0.0095187040678471,-0.0139328785085299,-0.0072576923071333,-0.0094005237747627,-0.0055335926464456,-0.0081357884784701,0.0047973296435462,0.0073582448896666,0.0065262431921832,0.0090948993588613,0.0086898808279731,0.0110949968503884
2020-01-06,0.0022682188555943,RV_SV,-0.0092607550595163,-0.0129465962727425,-0.0077774514663274,-0.0099614240454931,-0.0056860414631465,-0.0085284792109486,0.0049034290861554,0.0077420283257546,0.0066716141587686,0.0093742390182606,0.0088625704060529,0.0113829645884364
2020-01-07,-0.0042161891782903,RV_SV,-0.0091965716874665,-0.0130455887862467,-0.007267024113888,-0.0098334305935184,-0.0054293120847516,-0.00816746398009,0.0047943388747535,0.0073563073114162,0.0062419508089394,0.0089046427662575,0.0086500004419578,0.011568539772498
2020-01-08,-0.0019697580108357,RV_SV,-0.0089671120152362,-0.0130302786808437,-0.0073558783512594,-0.0094893058477093,-0.0055919125485147,-0.0081385069941206,0.0047732399999389,0.0076985887195667,0.0066494551626395,0.0091887968765506,0.0090260913989422,0.0127590932827893
2020-01-09,-0.0015885126450044,RV_SV,-0.0095890297419897,-0.0136815344876938,-0.0076008884881892,-0.0104172233504708,-0.0057056366096013,-0.008453242149194,0.0050077502731252,0.0075502159745022,0.0067254679460093,0.0089421190557995,0.0091612091483292,0.0125349435866564
2020-01-10,0.0009678080804393,RV_SV,-0.0092659125685243,-0.0147116969010006,-0.0073972175272929,-0.0105229737249001,-0.0056084652199897,-0.0083338727872592,0.0048196334105228,0.0073754681423245,0.0064550347053001,0.0088567459878073,0.0088134997879527,0.0119235381075336
2020-01-13,0.0017891022402551,RV_SV,-0.0094075844722264,-0.0135475216008344,-0.007773436260423,-0.010582928428672,-0.0055970590290013,-0.0084735178550456,0.0049782688532513,0.0074200014980481,0.006461327580757,0.0093520731312773,0.0086760681466274,0.0114323078294561
2020-01-14,-0.0009480952310155,RV_SV,-0.0092137262217517,-0.0149584683309136,-0.0071716785179632,-0.010121592258732,-0.0054732000000238,-0.0082734198135687,0.0047164629280244,0.0072843854099549,0.0063361751206107,0.0092207292106392,0.0087408778373063,0.0120447543360638
2020-01-17,-0.0025521872852996,RV_SV,-0.0092426993466686,-0.0131691057043015,-0.0073935843032429,-0.0098902519614866,-0.0055344189759857,-0.0081196961584254,0.0048070246511922,0.0073728180663497,0.0064559824199254,0.009363685441142,0.0088652808246941,0.0120431280367746
2020-01-20,-0.0009942790323945,RV_SV,-0.0089233031900795,-0.0125211102853434,-0.0072629000795348,-0.0095834525887583,-0.0055289482497148,-0.0081113327785807,0.0047585256207359,0.0074608374984908,0.0065307094364673,0.0094566312512156,0.0090276489678937,0.0118368369920385
2020-01-21,0.0013232330741729,RV_SV,-0.0087942474848991,-0.0126631889043172,-0.0070378465430381,-0.0097582533177626,-0.0053919978411987,-0.0080546114104507,0.0046196613325694,0.0070827173423375,0.0062911413663944,0.0091498580032033,0.0088479775160058,0.0117773730319315
2020-01-22,-0.0019979215640604,RV_SV,-0.0087258294398691,-0.0122175952182827,-0.0070090910324404,-0.0090371716647828,-0.0052727603806002,-0.0077283284277036,0.0045409533846594,0.0069437472443659,0.0061258358715906,0.0085491625659863,0.0085272191950634,0.0109880213942237
2020-01-24,-0.0045519204773825,RV_SV,-0.0086475978705686,-0.0120171731683253,-0.0069780323886907,-0.00936195787276,-0.005278336088767,-0.0078586159726666,0.0044326635098026,0.0071934774303912,0.0061132156774915,0.008668126810181,0.0085859040017383,0.0127633542425055
2020-01-27,-0.0011389548712254,RV_SV,-0.0086306564780742,-0.0134772150604293,-0.0070518071973297,-0.0093230411035651,-0.0052705840462571,-0.007882159553655,0.0044406107878535,0.007129010380759,0.0061571057385626,0.0088316784514012,0.0085757709916219,0.0126564438008746
2020-01-28,-0.0011266173600427,RV_SV,-0.0086298599377687,-0.0113023079529373,-0.0069532412078112,-0.0099130730587158,-0.005227946645686,-0.0074819689923555,0.0043988888493421,0.0075438696973987,0.0061064760055247,0.0089514014957476,0.0085576153196496,0.011570109827746
2020-01-30,0.003210690832403,RV_SV,-0.0085919931356286,-0.0115370061842919,-0.0071023909436939,-0.0094876488486868,-0.0051282587484719,-0.0077754972604666,0.0043720517496736,0.0070165557018513,0.0059738519999702,0.0086510893273698,0.0084373709267899,0.0123737659389552
2020-01-31,0.0040400989578202,RV_SV,-0.0087185731701135,-0.0120033391230601,-0.0067878572474175,-0.0099951130854457,-0.0052781599920879,-0.0080117768918151,0.0045056112769789,0.0070009185047763,0.0060627853579346,0.0086269589475903,0.0083837519054589,0.0117600885278955
2020-02-03,-0.0022113283639233,RV_SV,-0.0088606476719715,-0.0127705051130353,-0.0070373428034813,-0.0098756891872299,-0.0052475301771756,-0.0078244203256661,0.0045263178704097,0.0068958411034115,0.0060470660996551,0.0085562774012911,0.008317523726478,0.0102061709778912
2020-02-04,-0.0015841372369188,RV_SV,-0.0083882716507598,-0.0116323668927395,-0.0070468652348274,-0.00961797809146,-0.0052146580446355,-0.0077755643222213,0.0044365338705092,0.0071828435190798,0.0061048472305624,0.0083929457289084,0.008604219550743,0.0113776393257896
2020-02-05,-0.0032667090443894,RV_SV,-0.0086020630282152,-0.0112439891686953,-0.0069543008347288,-0.0097269421292244,-0.0051764253625753,-0.0078553004370386,0.0044246139283418,0.0069340171227621,0.006055652576002,0.0086726422435192,0.0084643739467107,0.0115987924149066
2020-02-06,-0.0023454457144163,RV_SV,-0.0092575744002875,-0.0116961590000215,-0.007041420496417,-0.0099286262538154,-0.0052059541030619,-0.0079454068830905,0.0044387938245477,0.007136862420787,0.0061124766540033,0.0086397697573078,0.008479383880377,0.0107862039223033
2020-02-10,-0.0048173059222233,RV_SV,-0.0085813324234884,-0.0106119162792039,-0.0068552995615802,-0.0096432803176626,-0.0053327181993985,-0.00788280400927,0.0044838806386438,0.0071595764614177,0.0061703684017374,0.0085972780718826,0.0083522788255007,0.012323098240762
2020-02-11,-0.0006959739107573,RV_SV,-0.0084017533217189,-0.010757489849224,-0.0067965981276886,-0.0093280459600393,-0.005174201818347,-0.0079199479845859,0.0043130811191627,0.0067884903153275,0.0059485107915087,0.0087734750072543,0.0084466413336338,0.0113667742654419
2020-02-12,-0.0019646169070437,RV_SV,-0.008442598404263,-0.0108574388019154,-0.0068160712539426,-0.0098344003747618,-0.0052506369455204,-0.0077319510202326,0.0044086619202399,0.0069654075763164,0.0060087140734354,0.0090162727795598,0.0083788726015417,0.0107791268716399
2020-02-13,-0.00424268773879,RV_SV,-0.0091179540647329,-0.0141239291843185,-0.0069590209890232,-0.0094183541079212,-0.0053014313580619,-0.0079312271159742,0.0044517573877157,0.0068419693172939,0.0061146836434288,0.008571462332541,0.0083982794459451,0.0110694244506953
2020-02-14,-0.0002281660643992,RV_SV,-0.0086217148495377,-0.0121854168342936,-0.0069841697007666,-0.0091018582403607,-0.0053043951667129,-0.0076972047108559,0.0044828410712756,0.0070608576535658,0.0062871195104754,0.0089009305986209,0.0087505531075404,0.0115154033513016
2020-02-17,-0.0015108966180218,RV_SV,-0.0086654617220024,-0.0118349626036888,-0.0071157600425576,-0.0099264426936485,-0.0052575415259716,-0.0079470931018976,0.004429455140214,0.0068479279181807,0.0059727820176176,0.0086822436205859,0.0082186010995299,0.0106402509555669
2020-02-18,-0.0006442666840255,RV_SV,-0.0085078734703502,-0.0121540510163288,-0.0069972241925674,-0.0097457075031566,-0.004974168832959,-0.0075660811715782,0.0040903188711775,0.0067534126693288,0.0056601101331571,0.0082285260501297,0.0079587998260688,0.0106819196843212
2020-02-19,-0.0029031894150052,RV_SV,-0.0086835170307558,-0.0135583751558059,-0.0070377872452712,-0.0095958963190603,-0.0053634337004928,-0.0078707029272538,0.0044799812388517,0.0070028595779693,0.0061179101537642,0.0081316427666293,0.0082761977716287,0.0107849537711054
2020-02-20,0.0010512107256072,RV_SV,-0.0085309961050119,-0.0128623338490982,-0.0070284640133645,-0.0098151051691597,-0.0051823558165772,-0.0077965536771331,0.0042201699231632,0.0068781385856726,0.0058638273773198,0.0082333646234283,0.0081997846466101,0.0105451890845843
2020-02-21,0.0046246834128435,RV_SV,-0.0089455482504292,-0.0126331628516487,-0.0071817438285504,-0.0100248017384996,-0.0053489344693888,-0.0081053338251158,0.0045756292288384,0.0069927842206586,0.006211705803174,0.0087683980079696,0.0083363813391649,0.0104340307428212
2020-02-24,0.0002879020139631,RV_SV,-0.0094917771677755,-0.0149233165547629,-0.0072625853362603,-0.0099921973969799,-0.0055748494244189,-0.0082474904919792,0.0050289114980171,0.0072572433925544,0.0063435117918334,0.0084156360806638,0.0079729273432572,0.0104111870855544
2020-02-25,0.0008263940113619,RV_SV,-0.0090637929866912,-0.0126893121089486,-0.0071824347968857,-0.0103643210162306,-0.0055250335829661,-0.008293541693178,0.004790954343896,0.0070226773987612,0.0061704075527349,0.0084994441124366,0.0080361017073198,0.0100466248234261
2020-02-26,0.0001495526652497,RV_SV,-0.0090926482508646,-0.0143133274518625,-0.0071932919352024,-0.0104271211864319,-0.0054939877054482,-0.0083527672936958,0.0047505137644241,0.0070747746232959,0.0062068724448528,0.0085238665630186,0.008162159776169,0.0102813770025885
2020-02-27,0.0107640611490642,RV_SV,-0.0093240283987614,-0.0136075966029255,-0.0078265225867919,-0.0105744244786487,-0.0059392567890208,-0.0087075972661486,0.0051431732745726,0.0077438833070844,0.0068052120565205,0.0090846501783358,0.0084648325065937,0.0096258668036508
2020-02-28,4.09672830783414e-05,RV_SV,-0.0101589321717144,-0.0153185984404777,-0.00797427521206,-0.0111671978794326,-0.0058870330975906,-0.0088963628558686,0.0055014707041611,0.0077050536287063,0.0067521239429203,0.0090540339136491,0.0085181849904785,0.0103238656598425
2020-03-02,0.0132217486293521,RV_SV,-0.0099624395538234,-0.0158133230735691,-0.0083607894554507,-0.0120754834351906,-0.0068610181687423,-0.0097641777380016,0.0062018508753854,0.0090805810079662,0.0080943186292477,0.010499763366148,0.009612511656463,0.0123397372008216
2020-03-03,0.0043970103091098,RV_SV,-0.0102547374430034,-0.0166861488203381,-0.0086513234748339,-0.0113478550164284,-0.0067346377484857,-0.0098720710136178,0.0063479005857907,0.0088086591466667,0.0077568519917206,0.0098044204902039,0.0106319941331174,0.0120580897998257
2020-03-04,-0.0036830308764119,RV_SV,-0.0125739150976241,-0.0239183615813607,-0.0097040692018355,-0.0135429988244393,-0.0081642246175886,-0.0122472113855841,0.008888951852601,0.0104356800274096,0.0092427705560864,0.0096702557183211,0.0105397694173994,0.0101856932629873
2020-03-05,0.0044072863109265,RV_SV,-0.0113254460172004,-0.0174634566813217,-0.0098797856115695,-0.0149690887067574,-0.0076951320412684,-0.0112229461298055,0.0070778222926966,0.0097661508325768,0.0084622815249298,0.010301172103456,0.0126907802963544,0.0125419510309201
2020-03-06,0.0108676671819186,RV_SV,-0.0123013524601262,-0.0201036901886886,-0.0097792086910969,-0.0162786392914162,-0.0069206109082153,-0.0109111910264202,0.0063987324792977,0.0081937340900348,0.0073834042278927,0.009212742950848,0.0095741217245641,0.0099792446626071
2020-03-09,0.0096765546658101,RV_SV,-0.0118757720277873,-0.0209621065277325,-0.0102290425599178,-0.0138451472384895,-0.008134471687934,-0.011901748494021,0.0080175401862791,0.0104814418197672,0.0093336491475039,0.0114733686999321,0.0132149534544402,0.0125500607374339
2020-03-10,-0.0068600617633164,RV_SV,-0.0175774352080738,-0.0332791001857096,-0.0138096000922766,-0.0208982699351071,-0.0132872355234723,-0.0190785317570181,0.0148755928870317,0.017409704678881,0.0172298316778225,0.0173267746880838,0.0231906057418793,0.0184163773049632
2020-03-11,-0.0054614086285402,RV_SV,-0.0143087174325424,-0.0256606512849165,-0.0131768522316674,-0.0196854397277997,-0.0108918335891282,-0.0151517760987944,0.0110629144541781,0.0137631099406192,0.0130322860962815,0.0156886806892284,0.0190096278110958,0.0152319996374893
2020-03-12,-0.0177514228209512,RV_SV,-0.0165026416749162,-0.0227831631933304,-0.0135217422169602,-0.0133323178333638,-0.0101119350025217,-0.0144087729865191,0.0099740881262791,0.0124957496153701,0.0116280772819357,0.0120823561314547,0.0166448724721657,0.0141173501458158
2020-03-13,-0.0010856967864681,RV_SV,-0.0224987944800935,-0.0364301736173359,-0.0170049550891777,-0.0237357227595341,-0.01608169059355,-0.0241775071403929,0.0157133003542639,0.0206321863963125,0.019386868730074,0.0186103682130607,0.0320652578594088,0.0278094201031143
2020-03-16,0.0060499603067915,RV_SV,-0.0257977775732195,-0.0491859405710892,-0.0219835998363603,-0.0302632658288354,-0.0163158869246282,-0.0249045757096266,0.0160241930121181,0.0184887291760666,0.0183849400664543,0.0176548606866718,0.0261295131412195,0.0230002845074872
2020-03-17,-0.0149764541895574,RV_SV,-0.023234440897347,-0.0279577167067967,-0.0189037755527278,-0.0263768216241084,-0.0148127239815672,-0.021508998074841,0.0142852188852707,0.0171646192325698,0.0168890996437772,0.0171399641815487,0.0237462614386665,0.0213771382130189
2020-03-18,-0.0127201833435145,RV_SV,-0.0223169854079998,-0.030677432343358,-0.0182469885559565,-0.0198206271713403,-0.0146713604151381,-0.0220660927095034,0.0134570047260825,0.0172574980266764,0.0162669910302948,0.0166985583958308,0.0221878404301,0.0184414136324105
2020-03-19,-0.0124049519397454,RV_SV,-0.0230676985627701,-0.0362351529100391,-0.0191436265463102,-0.0199344398572895,-0.015577374245984,-0.0216051648663801,0.0141873095375034,0.0193025842371648,0.0166426652289256,0.0176781545571805,0.0257003672553326,0.0261936383388889
2020-03-20,-0.0015410179144176,RV_SV,-0.0268137202102761,-0.0391838848450951,-0.0247938283591608,-0.0344236749109624,-0.0229514107131509,-0.0292020472969452,0.0240976095166889,0.0310132223951153,0.0298921183441786,0.0316044565084121,0.0460934283576422,0.0422830781019968
2020-03-23,0.0071239407006813,RV_SV,-0.0293473858233287,-0.0425191646655092,-0.0239505400303939,-0.0322789094449794,-0.0210308356024132,-0.0276154585193821,0.0216133110880974,0.0253212374942195,0.0254778268630632,0.0228151899545055,0.0342842993246768,0.0351196039295445
2020-03-24,0.0033566225000248,RV_SV,-0.0296155576193379,-0.0469829836318513,-0.0243477677751319,-0.0337291303169194,-0.0193955639130108,-0.0266441837206732,0.0204503403101828,0.0205950778369021,0.0211769238631631,0.0233866066141186,0.0245742517375898,0.0206606031494823
2020-03-25,0.0036500145122761,RV_SV,-0.0323537174763299,-0.0464924775464014,-0.0256735594859463,-0.0344358191901158,-0.0206750898017402,-0.0278406144610908,0.0212643794011488,0.0228925496628188,0.0235057738114561,0.0281693417952241,0.0254593738492867,0.0256649913070902
2020-03-26,0.0172866318116171,RV_SV,-0.0299626593311758,-0.0421440518228726,-0.0247164791092672,-0.0364400523400014,-0.0181232247530145,-0.0264320027910617,0.0184416236624172,0.0181684074075126,0.0179517280656863,0.019049106884652,0.0180325873073238,0.0150462108387588
2020-03-27,0.0032128996352645,RV_SV,-0.0275904460001129,-0.0278267124133603,-0.0228589892806659,-0.0278652332845349,-0.0186562009492969,-0.0242929857246826,0.0207041448863074,0.0210507624760494,0.0218329450126123,0.0231546010922265,0.0203939891777236,0.0212552081480837
2020-03-30,-0.0038140581879486,RV_SV,-0.0257745026687857,-0.028399030180307,-0.0213047430907064,-0.0270794434314587,-0.0175960592184328,-0.022263683989068,0.0192705393666046,0.0222650837587988,0.0220480106474992,0.024995271799336,0.0225165088077332,0.0287243856507395
2020-03-31,-0.0002519134656529,RV_SV,-0.023420450641344,-0.0230427242437494,-0.0207563383831471,-0.0249010196816031,-0.0170335572043803,-0.0199194623585648,0.0184567142619228,0.0218565848271072,0.021682674803688,0.0277453947791252,0.0230889997376199,0.0279531149856329
2020-04-01,-0.0074224101022477,RV_SV,-0.0228028518466531,-0.0233316466920087,-0.0204088429379087,-0.021660443607109,-0.0182220752027928,-0.0208489421722358,0.0202631508120235,0.0266143422290509,0.0256449507451549,0.0296092868784714,0.0252362670228473,0.0325242881423865
2020-04-02,-0.0064969556218542,RV_SV,-0.0225206077229191,-0.0178564280034634,-0.020110425810416,-0.0208387469478243,-0.0172526430968602,-0.0202450282825303,0.0195900687649173,0.0230327163272124,0.0237212693499189,0.0256114423285686,0.0230799822146513,0.0329123052782035
2020-04-03,-0.0059071853032241,RV_SV,-0.0216030269334081,-0.0233167920576698,-0.0193109315250073,-0.019883780337951,-0.0169862234915911,-0.0187902326821706,0.0197770454868434,0.0254665979748791,0.0244398987510436,0.0281559710506219,0.0258809320874088,0.0356640413167141
2020-04-06,0.0008030613963514,RV_SV,-0.0208610453271368,-0.0240740631260402,-0.01800911464963,-0.0199865646153727,-0.0167092716819427,-0.0196369492277212,0.018984409197199,0.0244878220319577,0.023351633443537,0.0307523200278508,0.0233248095555253,0.0370109391468502
2020-04-07,0.0073089176380052,RV_SV,-0.0209062472804718,-0.0243979554996402,-0.0185691566194123,-0.0196213112712471,-0.0155367863777078,-0.016566814074526,0.018012349804428,0.0228703646759932,0.021970126494783,0.0260826801202673,0.0199533766552369,0.0330869227796126
2020-04-08,-0.0020344904758574,RV_SV,-0.020451439624701,-0.0136551844747329,-0.0178434353945986,-0.0195430017332419,-0.0155108723839631,-0.0180081047495062,0.0181645450005077,0.0228152996884513,0.0230049590998838,0.0277360361514653,0.0213012038678519,0.0355412126637514
2020-04-09,0.0061071063685238,RV_SV,-0.0182613288931242,-0.0162399998464188,-0.0175403552770148,-0.0176834360152677,-0.0153103978680081,-0.0162662197560192,0.0174108508768888,0.0228030635123447,0.0230152089016176,0.0294368236299888,0.0244098684745061,0.0382866239684872
2020-04-14,0.0036300332318238,RV_SV,-0.0179261626123737,-0.0277774165480122,-0.0161641111181868,-0.0179239046339925,-0.0146210337532687,-0.01661668604496,0.0172589204822608,0.0219272227669047,0.02199682138743,0.0251998940411548,0.020046317266421,0.033995089923179
2020-04-15,-0.0056722893975812,RV_SV,-0.0170286918977304,-0.0185745634098855,-0.0157049074892215,-0.0169955952872768,-0.0138448357938366,-0.0161454915267857,0.0159326173107842,0.0216317672459905,0.0210522304175706,0.0227569752960686,0.0188031520508373,0.030458598953471
2020-04-16,-0.0061911161373517,RV_SV,-0.0171816242546605,-0.0163322717711031,-0.0155211647390226,-0.0152883529591538,-0.0134767547094675,-0.0163924528823332,0.0156259469332959,0.0211808833027778,0.0205617536526112,0.0221198151725817,0.0212943275722101,0.0352783511303037
2020-04-17,0.0039058099305962,RV_SV,-0.0162200447210947,-0.0159207754245973,-0.0152865899467555,-0.0158425025693856,-0.0132102426428577,-0.0144513146705974,0.0148820764438233,0.0201900045722033,0.019995184484327,0.0255980688821764,0.0201109257628078,0.0328938661568598
2020-04-20,-0.0009767477377691,RV_SV,-0.0174779160482983,-0.0225052028580762,-0.01413962884019,-0.0165609172974245,-0.0127861198763074,-0.0144432683638414,0.014579707828209,0.0179185575752469,0.019105062523389,0.0250145166472616,0.0200474192927438,0.0285616893232807
2020-04-21,-0.0017144866781927,RV_SV,-0.0158227950363942,-0.0154837526511657,-0.0131247676536302,-0.0144111893826011,-0.0119293548578468,-0.0140308722367326,0.0133268322712713,0.0180345657399833,0.0172098007508064,0.0218992091010067,0.0172431758591533,0.0269353533536569
2020-04-22,-0.0023221154358278,RV_SV,-0.0156505834930399,-0.016238986499268,-0.0138910164229465,-0.0158339542159681,-0.0122595833384811,-0.0142774083169228,0.0134912313931398,0.0178302704996021,0.0174926699902336,0.0220488340511872,0.0177438539501253,0.0268703418623068
2020-04-23,-0.0013884639607077,RV_SV,-0.0143029103412916,-0.0137165878624276,-0.0127544934551122,-0.0144320515863586,-0.0106952374614699,-0.0122627933396066,0.0114671177573639,0.0154921813347954,0.0147282688941304,0.0193639793423656,0.0161114944406945,0.0240777438529226
2020-04-24,-0.0015038397011286,RV_SV,-0.0150876310761338,-0.0203081085048548,-0.0123533948374326,-0.0150604321595674,-0.0108066568654109,-0.0137654603839089,0.0118645288702164,0.0145201101494572,0.0150450149986563,0.0182669287951261,0.015473122363207,0.0205963347239947
2020-04-27,0.0028761429598151,RV_SV,-0.0147010374133345,-0.0178412859114743,-0.0121595617864078,-0.0145825718576555,-0.0106477825905183,-0.0122341677559902,0.0112299444440239,0.0155808165069141,0.0144165345357739,0.0175122953315236,0.0167261354285554,0.0235151893017963
2020-04-28,0.0007085168869171,RV_SV,-0.0139431676306995,-0.017046183438202,-0.0114246738886585,-0.0141234036914441,-0.0093129112692027,-0.0122662168095272,0.0094059653357886,0.0126354464655567,0.0118453300029746,0.0150243460906672,0.0132870498268137,0.0176139794229972
2020-04-29,0.0015076769880663,RV_SV,-0.0138349835474704,-0.0176887232520107,-0.0111927713511021,-0.0140238468339309,-0.0091912921480091,-0.0120732760165842,0.0094796841609219,0.0130170663423113,0.0119746330563402,0.0153281733547836,0.0133851449571405,0.0184782108825955
2020-05-04,0.0053117435573759,RV_SV,-0.0132264818910008,-0.0171154375419621,-0.0108390280094435,-0.0136238087407553,-0.0087665184692096,-0.011630122423342,0.0088542596325298,0.011906861886387,0.0111050738801596,0.0142185259922279,0.0128719756698026,0.0174366864738738
2020-05-05,-0.0061344597885907,RV_SV,-0.0124319204480697,-0.0154249627049263,-0.0104350021869783,-0.0128724602156223,-0.0084553486209897,-0.0109670391631416,0.0082219532585682,0.0116943917289975,0.0107460805371405,0.0146047252052924,0.0137814912663788,0.0178347044028484
2020-05-06,-0.0034989094397674,RV_SV,-0.0120772749205012,-0.0157406592934835,-0.0104576549291869,-0.0127871001503365,-0.0090219981078897,-0.0110044114626387,0.0089810590098329,0.0129911557184411,0.0121749140387288,0.0156106223690418,0.0158579546382046,0.020547620544294
2020-05-07,0.0008024819554233,RV_SV,-0.0120773699280543,-0.0156110328643738,-0.0101215725905399,-0.0127641486019766,-0.0083282935794378,-0.0108186979556586,0.0082375708455175,0.0117299009082742,0.0107257171307077,0.0139951729670202,0.0133579608230024,0.0181076223332626
2020-05-08,0.0035997657491436,RV_SV,-0.0122007900402903,-0.0155430659987318,-0.0099228859870337,-0.0128434373646231,-0.0081145859954231,-0.0109312141718028,0.0081554478999383,0.0110935347284704,0.0104992311165375,0.0137740234851697,0.0125799772044305,0.0167584608825284
2020-05-11,-0.0033408888113214,RV_SV,-0.0122594072447585,-0.0159876440983231,-0.0097242696781665,-0.0128231232375231,-0.0078788259933571,-0.0107644139239454,0.0078506474357102,0.0108506448931967,0.0101325713095603,0.0128915901960325,0.0119747064364125,0.0156147576758522
2020-05-12,0.0042549183057836,RV_SV,-0.0118791440008877,-0.0145642298932925,-0.0095499539116557,-0.0124593788675722,-0.0075710618207138,-0.0103117454501614,0.0073446620292924,0.0102700081288518,0.0093439422793281,0.0124863779616926,0.0116813631917845,0.0154274845702452
2020-05-13,-0.0025184780329546,RV_SV,-0.0120460707449121,-0.016148920315845,-0.0094587039278998,-0.0125815225975826,-0.007763628131424,-0.0104041563063069,0.0078015388550825,0.0108185263392939,0.0101342673622872,0.0129987757837191,0.0120463699987329,0.0156191253683231
2020-05-14,-0.0034458048356564,RV_SV,-0.0115842318955809,-0.0151304693848069,-0.0094124319957304,-0.011887944052816,-0.007704024242046,-0.0101761735142618,0.0074987594290215,0.0109896996569148,0.0099173812472508,0.0130892491482013,0.0128485436072992,0.0168770915476859
2020-05-15,0.0015545087344494,RV_SV,-0.0113666938262893,-0.0149117351438733,-0.0093465571500975,-0.0121101157008459,-0.0076081260293034,-0.010171895729064,0.0073726337074342,0.010614867905128,0.0097342997414836,0.01292164797743,0.0126189306611556,0.0160687587305298
2020-05-18,0.0080873678384299,RV_SV,-0.0115457836753545,-0.0155854806931171,-0.0092317843060898,-0.0123542212967986,-0.0074529662163707,-0.0101597602796458,0.0074328141964023,0.0103570431334325,0.0096257088900752,0.0124236658492267,0.0116394362126324,0.0151027288335534
2020-05-19,0.0030334098728994,RV_SV,-0.0119656126182731,-0.01667768455543,-0.0093417130911374,-0.0129338021432417,-0.0076118213575534,-0.0106066181673314,0.0078859356351153,0.0104671035796757,0.0098502296320023,0.0125804915252726,0.0112848277930327,0.0150410169087934
2020-05-20,0.0039080952685415,RV_SV,-0.0119961742050749,-0.0163714373367838,-0.0093645213103689,-0.0126385111020626,-0.0076337524913191,-0.0104891997774491,0.0076752078537355,0.0106202915097557,0.0097877348690514,0.0127343280480518,0.0119007629191129,0.0151935247221394
2020-05-21,-0.0025238001698321,RV_SV,-0.011275588668998,-0.0153045383914912,-0.0091822870469328,-0.0122683751776718,-0.0073048985937445,-0.0101411339573131,0.0071868291993963,0.0099739953193493,0.0091553656646896,0.0120395518517904,0.0113851497617109,0.0145608026863786
2020-05-22,-0.0053513272527517,RV_SV,-0.0111749025982455,-0.0145380174458015,-0.0092774514669619,-0.0119813729696868,-0.0074995397711254,-0.0101192382467637,0.0071431543944123,0.0105580639706445,0.0094901630362488,0.0125031073330234,0.0127459148359941,0.0161464755349034
2020-05-25,0.0001789926847255,RV_SV,-0.0111425003981461,-0.014404277793227,-0.0090686403608073,-0.0117080104104352,-0.0071578835298527,-0.0098375550351056,0.0068098979099789,0.0098274238179747,0.0088986232469935,0.0121289359366555,0.0116588545604835,0.0151841918042604
2020-05-26,0.0067780900855722,RV_SV,-0.010528096950021,-0.013774441865969,-0.0086835419367924,-0.0117134685611516,-0.0067092518781134,-0.0094594893292179,0.0064624761140849,0.0093374108067379,0.0084855199254815,0.0114585072587449,0.0105555482182494,0.0142176333058277
2020-05-27,-0.0001299155664606,RV_SV,-0.0105841015421561,-0.0142007955230231,-0.0087070836142081,-0.0115084576975677,-0.0069289156884626,-0.0093798856453553,0.0070254943607904,0.0098608249289865,0.0090600245383049,0.011877642466229,0.0106515661392742,0.0147120460332141
2020-05-28,0.0091484390156497,RV_SV,-0.011155496211032,-0.0160983752119484,-0.0094415275463763,-0.0121797087623608,-0.0082137658236643,-0.0111463372990672,0.0084461375591941,0.011649569565957,0.0111362902289915,0.0140433420861041,0.0137770669552886,0.0171603661572768
2020-05-29,0.0034339616821949,RV_SV,-0.0112429017249628,-0.016312335892513,-0.0089915294849051,-0.0122460791229098,-0.007142790116729,-0.0101447261680163,0.0072882861156155,0.0098197907849484,0.0091235165726243,0.0117931586499382,0.0106413569673466,0.0134924799995593
2020-06-01,0.0014282808740836,RV_SV,-0.0114221906169057,-0.0162164621901555,-0.009411471417978,-0.0128529089712793,-0.007789809678721,-0.0107175498687625,0.0077344313981717,0.0108852865854427,0.0099931430882682,0.0126311960580284,0.0128714023780956,0.0154168816298539
2020-06-02,0.0038853817828834,RV_SV,-0.0115962152424362,-0.0157523492250181,-0.0093388694090408,-0.012776917635109,-0.0073214127456923,-0.0104621341185975,0.0069033217471828,0.009546923506884,0.0085890322369615,0.0116474173418175,0.0113355350972261,0.0136789792400126
2020-06-03,0.0071457319974834,RV_SV,-0.011888750962571,-0.0162425032074975,-0.0095482839198886,-0.0128731860372422,-0.0075851503639941,-0.0108783781817132,0.0073725098760503,0.0099634228826801,0.0092082388121782,0.0117143653297045,0.0116142765899965,0.0140914236540592
2020-06-04,0.0066711447292506,RV_SV,-0.0119133731926164,-0.01685017895666,-0.0093716481741001,-0.0130812217349072,-0.0076813355190181,-0.010644983290533,0.0077156542262758,0.0103696586043997,0.0097267663208081,0.0121689884451758,0.0119294481561739,0.0144958203719203
2020-06-05,-0.0022593484031948,RV_SV,-0.0128262653035456,-0.0202682726394791,-0.0099405700818434,-0.0147281873254655,-0.008477762591121,-0.0116782305100257,0.0092919381098737,0.0110207865789623,0.0109556738763461,0.0130140997272842,0.0115628709630304,0.012997625471168
2020-06-09,0.0045708863839531,RV_SV,-0.0124013115586113,-0.0164859348863075,-0.0103020640714731,-0.0137339872680792,-0.008904205772551,-0.0119067697364172,0.0084574651005789,0.0124137912049425,0.0112768638667491,0.0149577384317954,0.016288935196378,0.0197454238088508
2020-06-10,0.0006034724072499,RV_SV,-0.0129306065480409,-0.0171025019555785,-0.0101443925772953,-0.0137168110720468,-0.0081074969113303,-0.0116383811835668,0.0078302879483179,0.0101995157659539,0.0094459989883164,0.0115648394598676,0.0115653066048941,0.0135130975890736
2020-06-11,0.0021158815522525,RV_SV,-0.0128681736833761,-0.0167826824270748,-0.0099729429410749,-0.0135925593368424,-0.0077175619983305,-0.0112096084068219,0.0073049724337673,0.0095196415669881,0.0087706027742389,0.011163394886728,0.0110317885895522,0.0133978525505933
2020-06-12,-0.0111797685918875,RV_SV,-0.0138896900764465,-0.0213654714103758,-0.0110295958602688,-0.0144178857535226,-0.0096260490145526,-0.0133224623177719,0.0098909921428727,0.0127193573347398,0.0123321254788197,0.0141977169043909,0.015194252610745,0.0175325056601416
2020-06-15,0.0015407673581488,RV_SV,-0.0133682478812252,-0.0167801191404458,-0.0112515278084012,-0.0146526452016039,-0.0092617941149734,-0.0129015647191921,0.0088274559516677,0.0123177837453353,0.011345726132659,0.014583297389943,0.0157751424774285,0.0175986817857943
2020-06-16,-0.0010054479251539,RV_SV,-0.0131567991945621,-0.0169496701546743,-0.010374180353499,-0.0137947563912575,-0.0083333679310105,-0.0117761969865355,0.0079458509260968,0.0104621441649546,0.0095292677376543,0.0121751152207028,0.0118035906528567,0.0138223006246849
2020-06-17,-0.0035415355031172,RV_SV,-0.013282771693781,-0.0171420962282414,-0.0109127447246599,-0.0146177573601522,-0.0089960629189797,-0.0123566248919025,0.0087199157693608,0.0119854888719179,0.0109675148404693,0.0133691930744831,0.0144412755112719,0.0167668478377099
2020-06-18,-0.0002563133902117,RV_SV,-0.0135826077914265,-0.0183434208890765,-0.0110875961370158,-0.0149360231672287,-0.0090008178131414,-0.0121963641480067,0.0082868080180061,0.0117047583254644,0.0105442064802456,0.0129989256788891,0.0138707896074919,0.0166095632155573
2020-06-19,-0.002394686861393,RV_SV,-0.012804186597095,-0.01668295756263,-0.0104116654561463,-0.0140000987813989,-0.0084048155069224,-0.0114389095428524,0.0080754178656774,0.0111186046418909,0.0100910162529134,0.013231634460694,0.0131411395761633,0.0162095283277547
2020-06-22,0.0063923741083637,RV_SV,-0.0127717709529017,-0.0177014500237745,-0.0104048535148934,-0.0136703485453215,-0.0085601933874381,-0.0115497575130626,0.0087000624290454,0.0115666548003785,0.0108791551016532,0.0135949669542471,0.0131179306718374,0.0163577532737259
2020-06-23,0.0055219156551841,RV_SV,-0.0125263025936202,-0.01699011527083,-0.010009831789238,-0.0126095425241165,-0.0078478060903069,-0.0111208060408623,0.0078013243494781,0.0102367458369631,0.0094845503876046,0.0122243253939015,0.0109069381114476,0.0140082196482358
2020-06-24,-0.0045920824810277,RV_SV,-0.0122195424603621,-0.0161397933319512,-0.009980489639281,-0.0130990093843014,-0.0080367570961679,-0.0109171837408416,0.0082631471477106,0.0110925586844304,0.0102347954807375,0.0131186950139193,0.0120629165527543,0.0157395605889739
2020-06-25,-0.0045196787115426,RV_SV,-0.0119454698055692,-0.0150432187546391,-0.0099199086305265,-0.0123687979826358,-0.0081965514167062,-0.0107777848777768,0.0080695040523834,0.0117363808827826,0.0106089152424157,0.0140130916655264,0.0138707689732021,0.0173207813498878
2020-06-26,-0.0004702583944764,RV_SV,-0.01192020698249,-0.0149766684471444,-0.0098880058468327,-0.0123984405127319,-0.0080280783829225,-0.0104623757358402,0.0080419710703111,0.0113526329201256,0.0103285498995974,0.0134950343545809,0.0127826052009574,0.0168402439837828
2020-06-29,0.0019331079607117,RV_SV,-0.011532630479718,-0.0151894424356723,-0.0096283542708983,-0.0117793760133079,-0.0078248301853591,-0.0102558932324269,0.0079523280574329,0.011135423354654,0.010368329943271,0.0135670469980351,0.0122218224984591,0.0166885441388576
2020-06-30,9.78922029642587e-05,RV_SV,-0.0114982639007646,-0.0142943918165799,-0.0094384702925228,-0.0117110757265974,-0.0074633128900652,-0.0101388283954641,0.0076644177060267,0.0106544866573863,0.0097997075519219,0.0126657935974784,0.0118257569410141,0.0162328885543568
2020-07-01,0.0018847800743152,RV_SV,-0.0113965993457029,-0.0148919931628895,-0.0095500998850723,-0.011591119888815,-0.0079637252338704,-0.0103841766881054,0.0081237505121967,0.0115269708648849,0.0105341959646411,0.0138058082419027,0.0130037083381463,0.0172508060180956
2020-07-02,-0.0019826722772795,RV_SV,-0.0112887729479758,-0.0145076598194082,-0.0093678815789051,-0.0119104100078206,-0.0075831545262209,-0.0100412845234657,0.007709913083076,0.0109399848868965,0.0098245451649763,0.0133879591779014,0.0120997160243742,0.0158245126573934
2020-07-03,0.0006183397996347,RV_SV,-0.0112555804869082,-0.0141220613133384,-0.0095431263438596,-0.0120517260961034,-0.0080164184253478,-0.0105469610283427,0.0079862310541426,0.0116851761718811,0.0104386376361638,0.0138654146132879,0.0135292327472381,0.0178362550025064
2020-07-06,0.0056142552277346,RV_SV,-0.0110835387409632,-0.0144414021155923,-0.0093013679190616,-0.0115639626365402,-0.0071867353230979,-0.0099887048204263,0.0073988033637784,0.0106779035200044,0.0095554022940581,0.0131979586058423,0.0118259813697654,0.0160745728397411
2020-07-07,-0.0007786129581163,RV_SV,-0.0111729869915515,-0.0142402365330186,-0.0093193049398363,-0.0113072681692417,-0.0074330668967516,-0.0103273193239727,0.0076258830358209,0.0107174471482103,0.009829901173164,0.0129178534719381,0.0117727443376471,0.0164590544082345
2020-07-08,0.0026805668441439,RV_SV,-0.0108909768307981,-0.014214430656986,-0.0091579987586623,-0.0113053482227362,-0.0075267714184905,-0.0098729828447609,0.0073991761945757,0.0109440184658931,0.0098581719317358,0.0129748403330615,0.0127742424536268,0.0172132016546633
2020-07-09,-0.0027248244232617,RV_SV,-0.0108843757643043,-0.0141015852956508,-0.0090952635089211,-0.0117223835775897,-0.0072860721863586,-0.0098409454565484,0.007358872946814,0.0104172483528174,0.0094367989284385,0.0123778179403392,0.0115587004383859,0.0151272521118773
2020-07-10,0.0017245958108362,RV_SV,-0.0109348493028277,-0.0147299901533012,-0.0092744782309087,-0.012080543643932,-0.0076151081493639,-0.0101014075597899,0.0077423892171299,0.0114215561699398,0.0103955395999766,0.0137080552255293,0.0139043107344112,0.018302617339697
2020-07-13,0.0041885339662497,RV_SV,-0.0109028754565415,-0.0144109699926248,-0.0090926378183989,-0.0116653727755877,-0.0072252426293885,-0.009873377242151,0.0071660157811319,0.0101531016615051,0.0092395864846392,0.0122567441171556,0.0113627227474167,0.0148244387890679
2020-07-14,0.0036298079034982,RV_SV,-0.0108196416918621,-0.0144908111463614,-0.0088364234257346,-0.0117652162723125,-0.0069146382669242,-0.009618635079881,0.0068638025672448,0.0095588269873769,0.0087744979423508,0.0115901082676204,0.0107371707018636,0.0136906763101065
2020-07-15,-2.19191293712728e-06,RV_SV,-0.0106448056434415,-0.0150869287717788,-0.0087608929913906,-0.0117733181399174,-0.0069737223774829,-0.0098389906819944,0.0068808697527376,0.0097145714528551,0.0088858031083101,0.0115608554322738,0.0109462347639958,0.0141218777861198
2020-07-16,0.0023382297913795,RV_SV,-0.0107531690343286,-0.0149129418704005,-0.0088345767156182,-0.0115897221136857,-0.0070000543598077,-0.0097228995392981,0.0069720303606368,0.0097876212922919,0.0089819439355811,0.0118085225127102,0.0112562092183437,0.014357277605084
2020-07-17,0.0004416352820304,RV_SV,-0.0103865130374594,-0.0144019830033125,-0.0085733768810502,-0.0110171017376028,-0.0067804546805903,-0.0094854658421891,0.0067750626627267,0.009707444339629,0.0088894310751645,0.0117327834486546,0.0112820029467637,0.0147153673270087
2020-07-20,0.0005069841544929,RV_SV,-0.0103768038161548,-0.0137073605197851,-0.0086106945893647,-0.0111326326096112,-0.0067891350196559,-0.0093404839235651,0.0065808922623208,0.009527192225825,0.0085951699249263,0.0118169626476767,0.0112512693063445,0.0145408792614153
2020-07-21,0.0044077806875567,RV_SV,-0.0106027508451548,-0.0144919280871081,-0.0087974854331376,-0.011558150473713,-0.0070324203540279,-0.0096700745424001,0.0069003946594116,0.009948646165811,0.0090176716497405,0.0117696112133431,0.0118385469488014,0.0146982840476673
2020-07-22,0.0080718101907289,RV_SV,-0.0107589449669906,-0.0152354589899537,-0.0089992066937946,-0.0121872841605349,-0.0074075830717543,-0.0100603043731056,0.0072299572097212,0.0103863535318898,0.0095170747411479,0.0122413735109825,0.012615278854576,0.0158509497635888
2020-07-23,0.0030720534301859,RV_SV,-0.0113301510134536,-0.016622420112019,-0.0092260828075274,-0.0127825518435929,-0.0076360018445492,-0.0104161993291347,0.0076649493206518,0.0102484400318321,0.0097311592321354,0.0123365304920267,0.0120765402244391,0.0142489299291335
2020-07-24,0.0010233566989897,RV_SV,-0.0113339763894284,-0.0158446542462561,-0.0090835297614301,-0.012346253270589,-0.0072042104588247,-0.0101926756964287,0.006906614470515,0.0092694486676252,0.0085797885454125,0.0112212290070628,0.0109451958547879,0.0129958535966948
2020-07-27,0.0099125876876606,RV_SV,-0.0114596206544244,-0.0159820919042324,-0.009316957829719,-0.0125384367917648,-0.0075069089207612,-0.0103871401531674,0.0071069539925825,0.009992638145073,0.0090822895550464,0.0117615288174948,0.0121146487194525,0.0146862089217667
2020-07-28,-0.0015415803822873,RV_SV,-0.0118683314634254,-0.0176923662003217,-0.0093856131703386,-0.0128225599799031,-0.0075432235687111,-0.0107296735726553,0.0076447891491523,0.009940338323326,0.0092513622901442,0.011273082030782,0.0106795851445936,0.0127864325658996
2020-07-29,0.003180627041122,RV_SV,-0.0113310432011896,-0.0153793131121073,-0.0093817401324102,-0.0123920550873889,-0.0075335663678877,-0.0106509230778114,0.0072110348871589,0.0100730679650593,0.0092446053299173,0.0121769674220301,0.0124150075632925,0.015511274255065
2020-07-30,0.0017805588526818,RV_SV,-0.0112744341991828,-0.0158568846863237,-0.0091303648124731,-0.0123890864897328,-0.0071716199982096,-0.010309264628408,0.0070117006489212,0.0096848111744812,0.0087015771024933,0.0113930541521355,0.0108679788637396,0.0133488145159052
2020-07-31,0.0026553916421709,RV_SV,-0.0117750923485383,-0.0170530931692098,-0.0096550202528482,-0.013186429283377,-0.008074305515505,-0.0107423269020332,0.0080170176712605,0.0113209602770846,0.0102478163490832,0.0127193642775564,0.0136058674230445,0.016081026332294
2020-08-03,-0.0061473386566779,RV_SV,-0.0120174354939176,-0.0167810411912991,-0.0098148148639153,-0.0130326508242782,-0.0080887849304468,-0.0109686604900612,0.007920896414235,0.0108854564574823,0.0101080319419089,0.0126514088592853,0.0132897903901541,0.0158990300700926
2020-08-04,0.0013735944613336,RV_SV,-0.0117761048946648,-0.0157921619212917,-0.0096095601715859,-0.0126452506984351,-0.0076892445476753,-0.0106255367503298,0.0073185947418489,0.0104411486844265,0.0093648570404244,0.0122008473586835,0.0126824330216486,0.0149076742838279
2020-08-05,0.0110810779624176,RV_SV,-0.0117267334163267,-0.0164744571893257,-0.0096245868822286,-0.012799892228047,-0.0076790818580528,-0.0106917219768903,0.0074225470404019,0.0103248784804404,0.0093700999414862,0.0121991579096795,0.0121573796069825,0.0147422650910603
2020-08-06,-0.0035429788579655,RV_SV,-0.012252344066305,-0.0173718394889221,-0.0098002351029902,-0.0136549865645816,-0.007890000471252,-0.0110450318027817,0.0079501591013965,0.0103476982313115,0.0096806217435456,0.0119247557319747,0.0113819703177599,0.0135948059043408
2020-08-07,-0.0067055055701247,RV_SV,-0.0119093597491701,-0.0162186590802694,-0.0098317386094129,-0.0126787312250689,-0.0080116768040046,-0.0110308150096847,0.0078466478977024,0.0109275440038963,0.0101745948668107,0.0128581975476894,0.0130772536860541,0.0155397895407839
2020-08-10,-0.0016552478204207,RV_SV,-0.0120697135565428,-0.0160604434428286,-0.0100876664213551,-0.0129193371250827,-0.008484024679974,-0.0113239867541745,0.0083670191965851,0.0121638552503062,0.0109637727625001,0.0137740389948146,0.014867202774582,0.0181721671367409
2020-08-11,0.0006335249710171,RV_SV,-0.0118521004663238,-0.0156437900193507,-0.0095627507211955,-0.0127652790490822,-0.0074133479527271,-0.0105721494461215,0.0071372972008395,0.0098398905681486,0.008886026836178,0.0116664103716535,0.0110792481928574,0.0133134861116726
2020-08-12,0.0027399399753111,RV_SV,-0.0119810670094289,-0.0165621856131352,-0.0098508539007849,-0.0129771110764601,-0.0079615168388726,-0.0109296626265897,0.0079619611110716,0.0108724845016374,0.0101572160100229,0.0127568420289922,0.0126572359721271,0.0153937436884384
2020-08-13,0.0018675960665341,RV_SV,-0.0120604169940823,-0.0167274925692494,-0.0098755663144953,-0.0133664527448337,-0.0079662810992571,-0.0109599912260218,0.008055673597245,0.0107994159384183,0.0099492511831243,0.0126224410622486,0.0119165430973585,0.0148563587610196
2020-08-14,0.0012684830223136,RV_SV,-0.0119599304203213,-0.0160305442589308,-0.0097394562920625,-0.0128503004930758,-0.0078103086993154,-0.0107467437841993,0.0077913642191671,0.0106037619702943,0.0096655578252921,0.0124213634405372,0.0117471098350523,0.0154465423043661
2020-08-17,0.0030630867436845,RV_SV,-0.0114525655177899,-0.0149498826075733,-0.0094634684657708,-0.0122089531980596,-0.0074972238184006,-0.0102867902464208,0.0075565482207435,0.0105925572265274,0.0095554041784209,0.012494835145014,0.0117699424731594,0.0155643343023731
2020-08-18,0.0049502555199698,RV_SV,-0.0113024900891014,-0.0145416487839445,-0.0094015636061639,-0.0122711057652115,-0.0072950047016012,-0.010106470981536,0.0073216088397891,0.0099812431951136,0.0091976766363514,0.0119899485249964,0.0112207033479398,0.0147084296676285
2020-08-19,-0.0025119867652369,RV_SV,-0.0116148984526789,-0.0159318847034114,-0.00949996115521,-0.0126476910822818,-0.0076001011848576,-0.010395336908759,0.0080257531443825,0.0106607953087409,0.009827425852983,0.0124793805780474,0.0116393807888226,0.0148336738961239
2020-08-20,-0.0031757583316106,RV_SV,-0.0108985523513269,-0.0140763905010631,-0.0092575908491819,-0.011798592401495,-0.0072969865989922,-0.0097819621199576,0.0073947013091776,0.0106233936741559,0.0095557168329411,0.012633366969518,0.0118826387462293,0.0159052606969755
2020-08-21,-0.0072860529734993,RV_SV,-0.0116524170506674,-0.0159617724649926,-0.0100455228345533,-0.0128195867108298,-0.0085886839991053,-0.0112977917287263,0.0086125633628177,0.0130038288163204,0.0116348010050354,0.0146431058085961,0.0133660044843027,0.0182005816199587
2020-08-24,0.0024261149968087,RV_SV,-0.011681570075191,-0.015357175723795,-0.0097749611076302,-0.0125207399486763,-0.0079332762589891,-0.0106161605576801,0.0077499214893001,0.0110785679307209,0.010167213535921,0.0131649997648142,0.012864390355252,0.0169978151286948
2020-08-25,0.0012658577875701,RV_SV,-0.0116569933531572,-0.0149356854509705,-0.0094785279106845,-0.0123167956066357,-0.0072119287472362,-0.0100752959760049,0.0072651145633773,0.0098626767396394,0.0090896295474823,0.0119872877156537,0.0113854418816174,0.0143556368788912
2020-08-26,-0.0003956729930751,RV_SV,-0.0114320538538114,-0.0155126448276187,-0.0095047688086615,-0.0124927593944281,-0.00740868115873,-0.0103518629784939,0.007585652183345,0.010335385625985,0.009496399516437,0.0121800165140443,0.0113811112933322,0.0148084959236664
2020-08-28,0.0073525014284513,RV_SV,-0.0115388630226228,-0.0157572313941135,-0.0094106999533989,-0.0122628600239023,-0.0072797888988616,-0.0102143912766935,0.0073377984320884,0.010031331370957,0.0092007745160192,0.0121121774857114,0.0112013221645679,0.0145401980087311
2020-08-31,0.004209561571485,RV_SV,-0.0116341821839815,-0.0164996452969986,-0.0096464801122665,-0.0124683668715835,-0.0080028446866262,-0.0106684294173816,0.008341518903486,0.0115862779569949,0.0105004622808058,0.013400608180669,0.0125707156335545,0.0165706347765251
2020-09-01,-0.0001213427201086,RV_SV,-0.011006530178237,-0.0152512171529281,-0.0091584069167682,-0.0120103469416231,-0.0071352467583046,-0.0099064468555537,0.0074413391978387,0.0101468784142698,0.0092534727638946,0.0121104709986608,0.0111884630493529,0.0148912867145962
2020-09-02,-0.0091893788300432,RV_SV,-0.01180209163549,-0.0152621981566867,-0.0098070302059035,-0.0126941541759959,-0.0082865920997953,-0.0110615846301071,0.0083720936696702,0.0117628189965801,0.0108238943961358,0.0133961672601058,0.013176434558443,0.0170231708685419
2020-09-03,-0.0008196202321991,RV_SV,-0.0118136023680334,-0.0152752163590112,-0.0098520771178893,-0.0128172567557139,-0.008113429541978,-0.0108022697593343,0.0078672182629965,0.0112694252225929,0.0104095223000946,0.0132996257612328,0.0128180527780367,0.0165249582359324
2020-09-04,-0.0008202925606158,RV_SV,-0.0121139319498052,-0.0172862465500526,-0.0098913022010712,-0.0134267678668541,-0.007908393806943,-0.0110011659364228,0.0079497770279746,0.0105584032563529,0.0098787117929755,0.012442211486352,0.0118083844634479,0.0146584590973583
2020-09-07,-0.0001269094587323,RV_SV,-0.0121228934509981,-0.0164876943756912,-0.0099251218860991,-0.0127311879572007,-0.0081268533021414,-0.0109455212803203,0.0080168847260142,0.0112687017266269,0.0103604385043191,0.0132334729685986,0.0128250593706201,0.0159888466004379
2020-09-08,-0.0025606635707522,RV_SV,-0.0111753197855495,-0.0147249441433616,-0.0094470899854426,-0.0129152141836666,-0.0070088957261001,-0.0100941680772268,0.0068944538132959,0.0095246876744135,0.0084896691466867,0.0111816054417236,0.0107593325883161,0.0130763854628911
2020-09-09,0.0017967514998724,RV_SV,-0.0115121770815671,-0.0157222875615822,-0.0094532451722808,-0.0123998550612713,-0.0075300147149269,-0.0104073508482494,0.007534349851601,0.010468234321323,0.0095405791363314,0.0123793807376577,0.0117890760129053,0.0151245695477274
2020-09-10,0.0058488154110696,RV_SV,-0.011256195575016,-0.0159563296714016,-0.0092804336138778,-0.0122047163985701,-0.0074460832726813,-0.0101728638825593,0.007583415238182,0.0101841082842669,0.0093015086309553,0.0120409076946079,0.0113065024887367,0.0147965606365708
2020-09-11,-0.0040468340134625,RV_SV,-0.0118304377503353,-0.0172928896197548,-0.0096466860662971,-0.0130883208810312,-0.0079899006737667,-0.0106378374982644,0.0083249195713735,0.0105089470173431,0.0096043245527538,0.0122404487946839,0.0114127345564943,0.0146846211655611
2020-09-14,0.0035668784632887,RV_SV,-0.0110417843738188,-0.0140838537075829,-0.0092921443207506,-0.0118468990391387,-0.0073496334729714,-0.009942906865113,0.007282020051712,0.0105583386372875,0.0095246752534588,0.0124726687816209,0.011712431166478,0.0158720399634631
2020-09-15,-0.0023568062075832,RV_SV,-0.0111489353185024,-0.0149274384613333,-0.0090602753400265,-0.0118107074799642,-0.0068580541653544,-0.009753887186446,0.0068588467934717,0.0094826201831059,0.0087193928737955,0.0114358369063543,0.0108785704600549,0.0139573798281742
2020-09-16,-0.0008973827643841,RV_SV,-0.0106476740831356,-0.0140942486620726,-0.0090367740445736,-0.0113881204633425,-0.0070545749335117,-0.0095386676249023,0.0069419057201285,0.0099707427806202,0.0090246818579984,0.0118158798966967,0.0112693465601885,0.0147216746897011
2020-09-17,-0.001020827719896,RV_SV,-0.010904953309717,-0.0147427212019628,-0.0090873630756238,-0.0114942654192777,-0.0072002235974295,-0.0097573832957321,0.0071357170291733,0.0103480014491689,0.0092592498703347,0.012182934843984,0.0115538731630172,0.0157485296631466
2020-09-18,0.0028168973228883,RV_SV,-0.0113847492964691,-0.0161470271053776,-0.009648029564658,-0.0117212028270187,-0.0081863239441193,-0.0108280388262912,0.0075338363217613,0.0108953922498633,0.0097160305443917,0.013208264245605,0.0136388405049189,0.0177684561092327
2020-09-21,-0.0100260973694799,RV_SV,-0.0108632671324347,-0.0146252265034989,-0.0090138342917867,-0.012016766151923,-0.0070072170926713,-0.0098109732271109,0.0072497639926904,0.0100692353426265,0.0091307462481535,0.0120451275292149,0.0108338533064159,0.0143459777703549
2020-09-22,-0.0030311682958596,RV_SV,-0.0110213005770269,-0.0134860251873117,-0.0092836716264268,-0.0119951412248795,-0.0074532528363664,-0.0102804426690586,0.0069305420465884,0.0100822792873897,0.0090853133209842,0.0119816791511361,0.0124429740727063,0.0165643698249493
2020-09-23,-0.0021686183455534,RV_SV,-0.0113728461082624,-0.0153367956972611,-0.0094016676821873,-0.0122674618659888,-0.0076202421683434,-0.0103250836329572,0.0072890260727939,0.0102972084304956,0.0092746029176719,0.0122183763580063,0.0121033676598829,0.0154872638822531
2020-09-24,-0.0009596271899624,RV_SV,-0.0114498588834888,-0.0159607271853742,-0.0093043758191605,-0.0122764392749869,-0.0074362897558,-0.0102454786304026,0.0071259369042141,0.0100619346628233,0.0091922312432169,0.0120783972368697,0.0116538991980869,0.0148377908022206
2020-09-25,-0.0041166947246695,RV_SV,-0.0110798672706312,-0.0154812075687966,-0.0092476890597693,-0.012495639978007,-0.0074936614013845,-0.010132699464712,0.0073873356387849,0.0103490467834756,0.009376454999779,0.0123101107076696,0.0114638859714908,0.0149931688853423
2020-09-28,0.0036301033093016,RV_SV,-0.0110232935622353,-0.0150744086753135,-0.0092197170068367,-0.0120804303416288,-0.0072444666796747,-0.010033542044343,0.0071373010331178,0.0101124927481826,0.0091347985166415,0.0118806058519032,0.0114174308829755,0.0147316754898568
2020-09-29,0.0048403560816636,RV_SV,-0.0111259303082685,-0.0145875803937626,-0.0090691863547269,-0.0117626653436263,-0.00702311204714,-0.0097352910877238,0.0070800849009415,0.0099384049264202,0.0090055836036302,0.0119866451291376,0.0112166724994122,0.0147679805196882
2020-09-30,0.0004586495517905,RV_SV,-0.0109966153951362,-0.014773501049352,-0.0090290616422296,-0.0119276911007962,-0.0071555097872511,-0.0098265401871391,0.0072310839275571,0.0100662228078855,0.0091388213578784,0.0120544838905509,0.0110078304116426,0.0143883435891009
2020-10-01,0.0025198829436932,RV_SV,-0.0110147231329689,-0.0147187023282648,-0.0091530901379662,-0.0118412791440249,-0.0073721516682254,-0.0099684512884832,0.0072968175548592,0.010213689537781,0.0092389873870209,0.0121152721018929,0.0114773506171214,0.0151264598000034
2020-10-02,-0.0039050060067623,RV_SV,-0.0109021039485588,-0.0150718302722311,-0.0091215850596639,-0.0118710467234119,-0.0073947980682075,-0.0100966788155268,0.0072787161335088,0.0101966470546474,0.0092575951242055,0.0120367634403158,0.0112528335625795,0.0150521205840398
2020-10-05,0.0067219631360272,RV_SV,-0.010761444724526,-0.014267039278039,-0.0089976597714382,-0.0115622488395668,-0.0071433327472305,-0.009882101839477,0.007005312602667,0.0099515596935139,0.0089533957295638,0.0119125498777644,0.0113206521713641,0.0147758669557178
2020-10-07,-0.0015519563387043,RV_SV,-0.0107872378154106,-0.0143222283645448,-0.0086996207690128,-0.0115110302220202,-0.0066133754846481,-0.0094998842153927,0.0068277196902949,0.0094234293176422,0.0086926657751486,0.01139898072467,0.0107293302645696,0.0143080210669919
2020-10-08,-0.0011735269015057,RV_SV,-0.0110281557777842,-0.0147989500668572,-0.0089334588287507,-0.0115210098040087,-0.0071453990356574,-0.0097301758627336,0.0066329350702822,0.0097887832287002,0.0086915753492493,0.0119301524731723,0.0111793542333915,0.0151321730368193
2020-10-09,0.0056043352137092,RV_SV,-0.0102970097515044,-0.0129016985833354,-0.0086661295687394,-0.0112052096761932,-0.0066917057998391,-0.0092603770142539,0.0065257328669312,0.0094207712545103,0.0084574124166461,0.0114944762597987,0.0108503125344766,0.0147692685466078
2020-10-12,-0.0011535112995009,RV_SV,-0.0101598253214677,-0.0137782599578825,-0.0085042207843441,-0.011214797808464,-0.006546955437383,-0.0092250293323928,0.0067572623777935,0.0095124858122083,0.0085969461315354,0.0113374474889362,0.0100303067616961,0.0135707538093965
2020-10-13,-0.0057833400547378,RV_SV,-0.00958143735926,-0.0126677586855247,-0.0082010735158567,-0.0111911915045728,-0.006310856555053,-0.008865245543013,0.0063923078704168,0.0092188101562526,0.0081897211297364,0.0108288699782252,0.0101592377976186,0.0140689058103391
2020-10-14,0.0014622670720999,RV_SV,-0.0099178567075182,-0.0123219538463569,-0.0083728684211524,-0.0109319398551367,-0.0065497715451555,-0.0089068679896884,0.0061761705909359,0.0093228174438193,0.0081319671331546,0.0114694260321994,0.0106950103019262,0.0148189442558543
2020-10-15,-0.0046261144119216,RV_SV,-0.0093778208041926,-0.0128303539258159,-0.0081803433123825,-0.0109688884996718,-0.0063065544408155,-0.0086818147497621,0.0063230559732026,0.009206669043403,0.0081818086718352,0.0108606399352461,0.0103022859575971,0.0143414672297321
2020-10-16,0.0013922166248412,RV_SV,-0.0096863648581323,-0.0131051297216653,-0.0082632226620413,-0.0108969992325256,-0.0064763022413468,-0.0088662996725353,0.006209079066239,0.0094713282619658,0.0081283712393962,0.0113124660914337,0.0104827873609367,0.0147037597965993
2020-10-19,0.0061223422027282,RV_SV,-0.0096678108001514,-0.0133333076797397,-0.0082179642239268,-0.0109980982990567,-0.0063963270004217,-0.008754416935252,0.006217178890588,0.0092299227506313,0.0081504028831817,0.011055981171918,0.0102596253937018,0.0143288748198756
2020-10-20,0.0029816254147457,RV_SV,-0.0099846152250277,-0.0136637340262349,-0.0081597940752696,-0.0106423600396797,-0.0062335204654139,-0.0088291156986665,0.0064535267700368,0.0091722463406705,0.0082081339322223,0.0109246706646183,0.0100245444353442,0.0137892552268732
2020-10-21,0.0039125777716194,RV_SV,-0.0095516969306277,-0.0133747147903921,-0.0081205908430993,-0.0109653240753212,-0.0062465499538315,-0.0088001470533396,0.0062352019008434,0.0090807523420785,0.0080011406024816,0.0107569728625917,0.0099126054569736,0.01346739673917
2020-10-22,-0.003923150216656,RV_SV,-0.0096655446015828,-0.0135106733337716,-0.0081589159733755,-0.0110280153042511,-0.0063036423749413,-0.0089654677295832,0.0061852553159066,0.0090920638804504,0.0080978999811757,0.0109220256637431,0.0100823327248832,0.0138751156208751
2020-10-23,0.0016606175565392,RV_SV,-0.0093723354642656,-0.0128865344732481,-0.0081608382850622,-0.0109237887359889,-0.0063518194544617,-0.0088603295429495,0.0060288628263503,0.0089558892226987,0.0079131937336144,0.0107988123022526,0.0100934010538599,0.0142386589768821
2020-10-26,-0.0023120957793862,RV_SV,-0.0093856296740935,-0.0128652636919872,-0.0080619938351844,-0.0106593432616863,-0.0062140849286992,-0.0087049709807863,0.0060250350319793,0.0088518646026511,0.0078241273704344,0.0106146911177509,0.0099966814292323,0.0133324849620899
2020-10-27,0.0015476246421196,RV_SV,-0.0091419920747406,-0.0126022878736439,-0.0079588827030758,-0.010782686974572,-0.0060175603913872,-0.0083794938551121,0.0057918572671888,0.0086909661175876,0.0076365786662841,0.0103595704869444,0.0097086353663933,0.0133557915954506
2020-10-28,-0.0070236724555188,RV_SV,-0.0091696519003292,-0.0134009884459204,-0.0079686107229095,-0.0107940733711884,-0.0060861966088025,-0.0086120615267616,0.0058642302681236,0.0085748832884733,0.0076635031292574,0.0104076775585733,0.0097274102925686,0.0134089229684589
2020-10-29,-0.0079843727946844,RV_SV,-0.0095593954303304,-0.012747180134911,-0.0080837211441755,-0.0106171656066446,-0.0063876009359551,-0.0088895182872152,0.005767997716067,0.0086942340806956,0.0076020815056214,0.010482675919655,0.0099257574287566,0.0137601955325472
2020-10-30,-0.0008989709641362,RV_SV,-0.0096857781960926,-0.0138059333396605,-0.0081925397414098,-0.0107687079088392,-0.0066409554986955,-0.0090815549272402,0.0058863653804832,0.0086431471167169,0.0077354356489941,0.0107960524283511,0.0099792954444633,0.0135088291430546
2020-11-02,-0.0009406005074358,RV_SV,-0.0095242258145188,-0.0132461670776561,-0.0080937860310712,-0.0109087390134979,-0.0064296442902719,-0.0090746418215319,0.0059626359607341,0.0086344135726873,0.0077727301856791,0.0103796282057793,0.0098358560232062,0.0132874524220279
2020-11-03,0.008013935062768,RV_SV,-0.0098767007290033,-0.0144672502668103,-0.0079769274459537,-0.0104359779581884,-0.0060109173342496,-0.0088667224827179,0.0057390331283218,0.0085429827737904,0.0075159161215307,0.0098743829844215,0.0094777194219484,0.0117824587946768
2020-11-04,-0.0018816206257697,RV_SV,-0.0094638756063562,-0.0143295994503851,-0.0079248854327907,-0.0111370500375186,-0.0061269711719667,-0.0088857137253569,0.0060353859075706,0.0087765241391964,0.0077219758642951,0.0100412259235944,0.0092763338184156,0.0119025284121326
2020-11-05,0.0099861874295726,RV_SV,-0.0123257614527742,-0.019668717868749,-0.0101805717362921,-0.0131261688718757,-0.0099374774400496,-0.0123099693724376,0.0074512977911351,0.0106563753583388,0.0097698180073386,0.0132042638455545,0.0119273443006634,0.0178946724758687
2020-11-06,0.0040298898952608,RV_SV,-0.0116974134781113,-0.0176036495736521,-0.0093487901289302,-0.0131142197385953,-0.0074465028395181,-0.0105758197307295,0.0072946302371141,0.0096267461850571,0.009047722495624,0.01083757666262,0.0104376857400808,0.0126791526542758
2020-11-09,-0.0037825652804448,RV_SV,-0.0122764956000744,-0.018735897728653,-0.0097987261373526,-0.0128471321582667,-0.0081013557162733,-0.0116364518949778,0.007748926955425,0.0101658775755953,0.0094052661877705,0.01118909282228,0.0110681426818968,0.0134727127196507
2020-11-10,-0.0006448632637682,RV_SV,-0.0127542414928549,-0.0157817539950405,-0.0100654308292955,-0.0140637336720927,-0.0081281400895246,-0.0119164387396223,0.0075636033085168,0.0099561167266258,0.0093105575548672,0.0116124828589919,0.0112379452768507,0.0140756404154624
2020-11-11,-0.0052844875612462,RV_SV,-0.0132667669672247,-0.0182237452482928,-0.0102645188409495,-0.014710098723213,-0.0082520182685536,-0.0113508363394004,0.007556399337715,0.0098289606989147,0.0095032972677997,0.0109388026530637,0.0112184554991492,0.0116106101176964
2020-11-12,0.0044550685301588,RV_SV,-0.0113896818055673,-0.0163566002457068,-0.0094675292738885,-0.0135335589652957,-0.0072951139638379,-0.0103035499481995,0.0067179164812531,0.0092664731938539,0.0088654811745555,0.0116023018821128,0.0110779276750253,0.0128198752358396
2020-11-13,0.0008209590447081,RV_SV,-0.0117825219656599,-0.017161491713721,-0.0091994173021424,-0.0130327774642179,-0.0070466173143998,-0.0101199558766941,0.00677947296159,0.0091731055678525,0.0089802388595902,0.010901343855464,0.0106509162368856,0.0121719284979619
2020-11-16,0.0012555247903312,RV_SV,-0.0110956579244666,-0.0154003246160591,-0.0088600934539583,-0.0117450489208618,-0.0068006745533412,-0.0097049279854612,0.0065042023207676,0.0092948364751885,0.008706432754324,0.0111809751515137,0.0107133611028397,0.0126193544021679
2020-11-17,0.0034477448283266,RV_SV,-0.010219013573973,-0.0143623591038541,-0.0087173635447071,-0.0116234742609634,-0.0067432331158563,-0.0094218483466743,0.0064318126435681,0.009329976858269,0.0085764737591588,0.0111528933555132,0.0106432376570813,0.0141380830861905
2020-11-18,-9.26278738986874e-05,RV_SV,-0.0099433310023261,-0.0136597702625662,-0.0084803718626955,-0.0109203230287726,-0.0066774301559279,-0.0091187520206616,0.0064434606873014,0.0093248072607399,0.0085729592817598,0.011378513251084,0.0105627131862375,0.0141874124046407
2020-11-19,-0.0029707428142732,RV_SV,-0.0096660632131843,-0.0127129991413769,-0.0083711539364843,-0.0105880937103961,-0.0065221225996196,-0.0089142668893109,0.0062262284493777,0.0091860790520668,0.0083657828165862,0.0109804638037854,0.0105607330350418,0.0141472688521052
2020-11-20,0.0012387064594364,RV_SV,-0.0098913975731318,-0.0128694800950675,-0.0083165155043388,-0.0110929278280085,-0.0065587009095338,-0.0090274649903781,0.0062472199242477,0.0092352308133947,0.0083964156777989,0.0111675645805326,0.0105763189335539,0.0147448280318506
2020-11-23,-0.0031874438846529,RV_SV,-0.0095514433795871,-0.0133624388085232,-0.0082979114238196,-0.0110807518311296,-0.0065132440650847,-0.0089994879839315,0.0062457188994068,0.0092561802100536,0.0083423168237021,0.0112350177145588,0.0105236754434044,0.0146861040829981
2020-11-24,0.0048205273504582,RV_SV,-0.009537796303333,-0.0106562598449139,-0.0084201182686101,-0.0107003084319057,-0.0067357540108778,-0.008989021178756,0.0063469829226528,0.0094714666674492,0.008306402811254,0.0110480649272018,0.0107823394844315,0.0149375838050595
2020-11-25,0.0023679700158564,RV_SV,-0.0098670644979023,-0.0146536159412432,-0.0086511306590434,-0.0115499181810494,-0.0070673078407158,-0.0097660708930798,0.0070099788385612,0.0098606914186105,0.0088677286806593,0.011746199461537,0.0107191652104957,0.0148175489649767
2020-11-27,0.0035665910850849,RV_SV,-0.0103900668802131,-0.0144549850188333,-0.0086939382817179,-0.0115956387327598,-0.006952003771815,-0.009505511685804,0.0068442655427227,0.009720077412965,0.0088528598117274,0.0116529769393398,0.0107578596942591,0.0141078344217833
2020-11-30,0.0016207814876596,RV_SV,-0.0102393915785058,-0.0129268053095643,-0.0084779475926003,-0.0108331312985067,-0.0064940121299664,-0.0089794393228916,0.0062330054585286,0.0091520585304793,0.0084179329258055,0.0110843100382164,0.0105541219191017,0.0141838106301328
2020-12-01,0.0056427866820958,RV_SV,-0.0098557230389193,-0.0135458365680768,-0.008544790849318,-0.0107075283832592,-0.0065965999596504,-0.0091755330281867,0.006326755992179,0.0093167817866478,0.0084267369974449,0.0113059201839736,0.0106437297337615,0.0143094131023726
2020-12-02,0.0038884530975586,RV_SV,-0.01019934315362,-0.0144979680637543,-0.0087087313519542,-0.0118167510806948,-0.0069241864440579,-0.0096508490953523,0.0068848870614226,0.0098591653430785,0.0089609948472522,0.0113916456408026,0.010572421697445,0.0140872502600864
2020-12-03,0.0068421151280057,RV_SV,-0.0104551922514813,-0.014555226347739,-0.0088298892714569,-0.011555553333579,-0.007171737811798,-0.0097809382186366,0.0070278564035549,0.0099510871778965,0.0090271339189599,0.0119885988098085,0.0108517100249042,0.0146834313684312
2020-12-04,-0.0017426965998106,RV_SV,-0.0105359385158308,-0.0146037835130265,-0.0087157556323012,-0.0115771889483041,-0.0069501279920112,-0.0095510453279927,0.006900905871793,0.0097091527514548,0.0090218775845769,0.0114082121162729,0.0106690874438313,0.0144375462470991
2020-12-07,-0.0006117953086707,RV_SV,-0.0103890461758198,-0.0147231430444735,-0.008883706605805,-0.0115381796655884,-0.007056267296478,-0.0096770949588091,0.006805202516098,0.0095492234353127,0.0088190291112827,0.0115282449413412,0.0108241859330846,0.0143794057514103
2020-12-08,-0.0015754984431297,RV_SV,-0.0102695731989829,-0.0137806715471586,-0.0085915193741216,-0.0111820218479865,-0.0066675092370608,-0.0093359722169125,0.0063292518140109,0.0091773792499857,0.0083672342096831,0.0108034154446377,0.0102604173566547,0.0133889765701268
2020-12-09,-0.0025603181422459,RV_SV,-0.0101335201126779,-0.0140597464384298,-0.0084232683592766,-0.0114264785238158,-0.0065826573815533,-0.0091403595835796,0.0062415728738806,0.0090538808033173,0.0082167397636201,0.0107254411963151,0.0102301830864613,0.0135659080323467
2020-12-10,0.004170845272844,RV_SV,-0.0098183420413165,-0.0133262732129312,-0.0081972763805263,-0.0108368508779757,-0.0063664942672586,-0.0090735737678544,0.0060182851476754,0.0087493842360202,0.0079907616253408,0.0105891530104966,0.0100194045141828,0.0133095366787931
2020-12-11,-0.0021513879381877,RV_SV,-0.0101475097132721,-0.0152980243928962,-0.0084254318323875,-0.0114225962391857,-0.0068626280705457,-0.0094131888022287,0.0066865829528461,0.009179222551676,0.0084653614166022,0.0108097768403658,0.0099586090556837,0.0131704117212217
2020-12-14,0.0014856329670691,RV_SV,-0.0097038585495452,-0.0132713426578546,-0.0082585552686102,-0.0111232654182314,-0.0065668128510511,-0.0091016401665686,0.006118219771532,0.008842909412498,0.0079125414298349,0.0107189977588926,0.0100408893897961,0.0135055775014534
2020-12-15,0.0023292343728475,RV_SV,-0.0099295057533341,-0.013706096555804,-0.0082105142048546,-0.0105476612461352,-0.0063170078569715,-0.0088275346520004,0.0058818120626251,0.0085134227260473,0.0077785268263871,0.010291167878886,0.0097688416701521,0.0130254463526456
2020-12-16,0.002824451546497,RV_SV,-0.0100616760217791,-0.0141278777054978,-0.0084528581832636,-0.0110904506759871,-0.0065035843309919,-0.0091227993152792,0.0061642050968239,0.008814480650927,0.0079544718292044,0.0103286797478556,0.0099756091157528,0.0129208171352409
2020-12-17,0.0047108602465171,RV_SV,-0.0102775191094822,-0.0159447991133784,-0.0084160132449447,-0.0115337556171846,-0.0066802752408517,-0.0096944726966189,0.0065414205761684,0.0090564766119752,0.0083689418727974,0.0105674626577943,0.0098373698997075,0.0129813707148102
2020-12-18,-0.0008231066714585,RV_SV,-0.0105420492931926,-0.0158544377351342,-0.0087811552795699,-0.0115985751315849,-0.0070539031815349,-0.0097678544044898,0.0068705789206943,0.009475787653756,0.0085839463504784,0.010762006945131,0.0101820977438241,0.0134335589828974
2020-12-21,-0.0019614366290668,RV_SV,-0.0098982424793763,-0.0138673365394496,-0.0083255002760257,-0.0112205283501477,-0.0063887213256111,-0.0091425473150896,0.0059807148059448,0.0085968232850323,0.0079816833189207,0.0103962811105981,0.0100250953711553,0.0126940605992696
2020-12-22,-0.0030921052986366,RV_SV,-0.0104834143353558,-0.0147419042376019,-0.0088533245867057,-0.0118300579398801,-0.007200939485762,-0.009790392352396,0.0067381697855658,0.00943020098623,0.0084721842916296,0.0112746530356671,0.0105702909850718,0.0141065258901551
2020-12-23,0.0009052458688986,RV_SV,-0.0107298925696218,-0.0142876403785535,-0.0087502713455814,-0.0115497049313425,-0.0069500990665556,-0.0096968237769476,0.0065657498401292,0.0091676636078493,0.0084118926621329,0.0105605847836495,0.010478611343636,0.013313575681012
2020-12-24,-0.0001785210459509,RV_SV,-0.0106151098801474,-0.0148237953565501,-0.0088273860506991,-0.0117298706611284,-0.0069744126996175,-0.0097769430447388,0.0066657139656247,0.0092868726297342,0.0086089995088517,0.0110034156700887,0.010459498558085,0.0131886480411547
2020-12-28,0.0026724284574185,RV_SV,-0.0100673400896895,-0.0145874777269033,-0.008520627035587,-0.0111057735015264,-0.006531038078774,-0.0092831700059789,0.0061804424366243,0.0089503273775231,0.0082221590269609,0.0106892309942361,0.0102258644436591,0.0129440005430366
2020-12-29,0.0023999112063497,RV_SV,-0.0100995397857839,-0.0143136642244082,-0.0085013620489493,-0.0114960985347849,-0.0065829569176132,-0.0092351554138726,0.006226942187699,0.0089193716972382,0.0082120446054228,0.0106275930312725,0.0102054754149796,0.0133250379995471
2020-12-30,0.0045997135493905,RV_SV,-0.0099850903398178,-0.0144758690116564,-0.0084166141985008,-0.0112326622200823,-0.0066264853928196,-0.0092605013778577,0.0063017833200459,0.0090606021253228,0.0082482374535927,0.0108131353265707,0.0102545561183628,0.0140676110889543
2021-01-04,-0.0050816865437262,RV_SV,-0.0102280115309497,-0.0146076737218305,-0.0085643904739406,-0.0115845187973188,-0.006826651616756,-0.0096935070114332,0.0067113796189699,0.009405324384112,0.0085955063404115,0.0111370600587096,0.0103058354787988,0.0132545876320884
2021-01-05,0.000354421410763,RV_SV,-0.010015526217446,-0.0142363628789645,-0.0085014666480312,-0.0112027946868291,-0.0065369720454155,-0.0093996778844876,0.006295154970801,0.0090731408426553,0.0083088870045392,0.0107866373181103,0.0103280279241765,0.0134076790028622
2021-01-06,0.0005334321598761,RV_SV,-0.0100182737780081,-0.0145831817181534,-0.0085156689578543,-0.0113194636467053,-0.0065346236655579,-0.0093736452817543,0.0062881072562812,0.0089983692165156,0.0082949539997008,0.0107160159307629,0.0102211492001517,0.0131813556033648
2021-01-07,-0.0018397095066624,RV_SV,-0.0107517938606278,-0.0167634897964013,-0.0089113992663747,-0.0117880487880794,-0.0072864694242177,-0.0100415979472449,0.0071656084416264,0.0098417564671774,0.0089133726744011,0.0114182933547117,0.0105968678050497,0.013908555960627
2021-01-08,-0.0003650844680794,RV_SV,-0.0106158514718123,-0.0148573662728603,-0.0088062805603401,-0.0115704540338682,-0.0070817305872972,-0.0098103948271994,0.006724361020945,0.0094058848758442,0.0086596343681971,0.0110435761202536,0.0105942553273741,0.014054136500812
2021-01-11,-0.0085964758765936,RV_SV,-0.011118101223847,-0.0161938395799764,-0.0093043751254705,-0.0124975788166513,-0.0077032211732003,-0.0105091011746177,0.0074087458752855,0.0101249499723143,0.0091357268099363,0.0118233799745505,0.0110239412107274,0.0139025796419148
2021-01-12,0.0004484480276584,RV_SV,-0.0107657060124508,-0.0146578902266139,-0.0089086016727501,-0.0120396654218583,-0.0069640010615348,-0.0097739076453911,0.0065830216800285,0.009235610535498,0.0086600427946915,0.0107233259036418,0.0106316023901445,0.0133851464548006
2021-01-13,0.0003331201669264,RV_SV,-0.011084852291244,-0.0154922087741693,-0.0090089450697939,-0.0125287155204177,-0.0070614041141581,-0.0099279514509629,0.0066765381593678,0.0093654099573906,0.0087632612625059,0.0110911196436759,0.010657168425694,0.0133536427785381
2021-01-14,-0.0019921473203523,RV_SV,-0.0109188110397849,-0.0150596219568514,-0.0088980266874435,-0.011471314464387,-0.0070759215613327,-0.0098014428890246,0.006675795957825,0.0094258595936272,0.0087040653332162,0.0110536382301361,0.0106983741567456,0.0137229325059538
2021-01-15,-0.0034875669663212,RV_SV,-0.0109024373694409,-0.0152251539717833,-0.0090351167595771,-0.0116774616004042,-0.0072544486295925,-0.009974418766928,0.0068609884620181,0.0095558320626378,0.0087926686369284,0.0114839286023012,0.0109343309359879,0.0141615293061983
2021-01-18,-0.0015350784931989,RV_SV,-0.0106104180722725,-0.0144674114955863,-0.0087035148427657,-0.0115435558207646,-0.0067516892515872,-0.0095581314776153,0.0064742759950571,0.0093061267100413,0.0085315937551823,0.0112177150278252,0.0106012357525302,0.0139150935265124
2021-01-19,0.004371456191847,RV_SV,-0.0103114331742913,-0.0139353278581874,-0.0084127799162398,-0.011280129476591,-0.0063670248055971,-0.0091492678951618,0.0060315023110196,0.0089173437556532,0.0082050021228197,0.0106539748705945,0.0103573040455558,0.013418890419708
2021-01-20,-0.0018260021518001,RV_SV,-0.0101377287025297,-0.0142590129621157,-0.0083771309796373,-0.010642885626068,-0.0064327902544306,-0.009271855723138,0.0062318388440993,0.0089571250998896,0.0083725794390592,0.0107087817825402,0.0102506151998223,0.0135883714887845
2021-01-21,0.0038564764275098,RV_SV,-0.0098088476680197,-0.0141038443794673,-0.008496218306134,-0.0109377747911109,-0.0067135812119944,-0.0092749959016094,0.0063150314803136,0.0092085284680063,0.008311068373881,0.0110185266987107,0.0104883225571074,0.0142486863184307
2021-01-22,0.0016279886018681,RV_SV,-0.0100756795686529,-0.0140799636227675,-0.0084121558112171,-0.0109070014468381,-0.0066486939022666,-0.0092633715789759,0.0064304020315948,0.0091793063640261,0.0084399966356529,0.011174090552484,0.0103826380312151,0.0138624168036168
2021-01-25,-0.0034873815919071,RV_SV,-0.0100486937264912,-0.0140685703783375,-0.0083886703733039,-0.0111821769479541,-0.0064973166083074,-0.0089942494990302,0.0063412710098643,0.0091780966091955,0.008331163676824,0.0108906386159384,0.010263408120135,0.0142259091045507
2021-01-26,0.0031422720778389,RV_SV,-0.0098697150185082,-0.0132479483192461,-0.0082802894304386,-0.0103736270185814,-0.0062520869908084,-0.0088091004002693,0.005932210650853,0.0087763970270939,0.0079858160013155,0.0107082774394632,0.0101548221263713,0.0135006016584763
2021-01-27,-0.0063171924818154,RV_SV,-0.0099988987150065,-0.0132204529362706,-0.008244698925152,-0.0110394944085364,-0.0063456284511345,-0.0089440407763405,0.0060709940497553,0.0089187365381584,0.008104889171721,0.0105214479527884,0.0100187994631056,0.0132679210362553
2021-01-28,0.0025254807032724,RV_SV,-0.009622098455457,-0.0128259799996917,-0.0083885765080965,-0.0107815523162229,-0.0066762477780736,-0.0092806092140443,0.0061523680914044,0.0090981899737653,0.0080457559691323,0.011296900120483,0.0105178361348279,0.0141347480407376
2021-01-29,0.0022166654455507,RV_SV,-0.01031475826359,-0.0148610514824858,-0.0085893826525642,-0.0114874278984867,-0.0069005414267724,-0.0095467338077901,0.0067597119427814,0.0096386741092654,0.0086775708332889,0.0111260547738365,0.0103547805909206,0.0137221311783271
2021-02-01,-0.0052943472633275,RV_SV,-0.0103871316137581,-0.0151348253978453,-0.008510003174849,-0.0113052213399779,-0.0067595813350374,-0.0094842698845539,0.006644753358914,0.0092262008981872,0.0085432990789455,0.0109708785145854,0.0102748624366405,0.0136745444777328
2021-02-02,-0.0047549077174922,RV_SV,-0.0102546993683579,-0.0140338541077431,-0.0083592688701094,-0.0108501684554649,-0.0064264306875213,-0.0092433289945688,0.0059785724042123,0.0088387524040973,0.0080627518123403,0.0107272294491825,0.0102190066463771,0.0134627884168301
2021-02-03,-0.0013790623938797,RV_SV,-0.0101924824681159,-0.014046324365926,-0.0086293687541716,-0.0113283526164369,-0.0068133720599455,-0.0093882214960912,0.0064059592743056,0.009186035807403,0.0082876783691221,0.0112532571121653,0.0104549002038401,0.0135902480571322
2021-02-04,-0.0026740965332406,RV_SV,-0.0101212781412965,-0.0137756557084536,-0.0084154271297022,-0.0112243783043633,-0.0065528445652476,-0.0092567265340533,0.0061742295112428,0.0088512013435207,0.0081983993706283,0.0107415322585875,0.0102349583642879,0.0132387731990702
2021-02-05,0.0038265658364083,RV_SV,-0.0097614886326877,-0.0134976267013096,-0.0083916787194783,-0.0111610330166622,-0.0064221280458376,-0.0091555890114814,0.0061112714067477,0.0089785712963012,0.0081276901481216,0.0107649026127537,0.0100493918690023,0.0134659027042119
2021-02-08,0.0018673404763721,RV_SV,-0.0100366272507211,-0.0144364832281168,-0.0082337259519752,-0.0114393741160597,-0.0063556237047923,-0.0089615435148622,0.0062054468710673,0.0089830967308812,0.0082126339583061,0.0107691731304269,0.0099045612171694,0.0135100374403628
2021-02-09,0.0042037924975681,RV_SV,-0.0094190380958803,-0.0136153116537564,-0.0081500701933203,-0.0109496552913252,-0.0061130794872996,-0.0088017706592181,0.0058079630046292,0.0085377683757865,0.0078490750077441,0.0103089215229252,0.0098932492927125,0.0129272750039456
2021-02-10,0.002744657898055,RV_SV,-0.0093943296992872,-0.0134481579979167,-0.0080029753262702,-0.0106578671957684,-0.0061490167578498,-0.0088665782289882,0.0058882782976073,0.0086896599424934,0.0078345650557837,0.0099638821288493,0.0097218086228447,0.0127914743469795
2021-02-11,-0.0001051075034329,RV_SV,-0.0091607641414116,-0.0131823769582092,-0.0078486932314401,-0.0103775012168157,-0.0060189822782436,-0.0086268663016183,0.0057857546378287,0.00846308360123,0.0076900020980525,0.0099889953143816,0.0096287734844995,0.0132633554919031
2021-02-12,-0.0008371324374573,RV_SV,-0.0088977191683419,-0.0125316683186939,-0.0077412831143254,-0.0101514747779448,-0.0058499030579884,-0.0083817156450461,0.0054903623262432,0.0082400862892011,0.0074713156039024,0.0100148999174328,0.0095427537002792,0.0130958571860288
2021-02-15,0.0009813948138737,RV_SV,-0.0091721625486022,-0.012884988600317,-0.0077129529547911,-0.0099512586271871,-0.0059188489460103,-0.0084804403169514,0.0055074978263401,0.0082792806892101,0.0074801291341945,0.0100381535085116,0.0095356217355301,0.0127911001473752
2021-02-16,-0.0010020226850164,RV_SV,-0.0086692713618252,-0.0122692147292827,-0.0075029369532298,-0.0101140879522119,-0.0056062192052233,-0.0082121905809221,0.0051898936955206,0.0080147148419234,0.0072331570084492,0.0098444086321691,0.0092915602149914,0.0124349968473975
2021-02-17,-0.0071816084324112,RV_SV,-0.0087658480769908,-0.0129061044472888,-0.0076289683040031,-0.0100989596474706,-0.0059413043062497,-0.008389139315763,0.0056124357738731,0.0083342581760527,0.007421069163155,0.010617291519396,0.0093370963935756,0.0131322599687521
2021-02-18,0.0033166975882177,RV_SV,-0.0088508368705039,-0.0127656988839037,-0.0077075020540851,-0.0099430327594855,-0.00607654972323,-0.0084887606855497,0.0056265888041397,0.0083411887380439,0.0074131268489123,0.0103017917737407,0.0095727018753021,0.0136664527468486
2021-02-19,0.0045866332763411,RV_SV,-0.0089276734997206,-0.0134451772589934,-0.0076716998743227,-0.0098148374043057,-0.0059071448260213,-0.0085350546008616,0.005560812878076,0.0083386586843042,0.007409484205139,0.0098630479971358,0.0091834098117487,0.0133446305181159
2021-02-22,0.0008900940543402,RV_SV,-0.0088992403970655,-0.013219086589519,-0.0075951060175827,-0.0106830040714629,-0.0059091156885627,-0.0084438020806613,0.005533565112774,0.0082099682617686,0.007473783753932,0.0098633399774868,0.0093022131861177,0.0126220659763746
2021-02-23,0.0016585696892665,RV_SV,-0.0090231314545939,-0.0130433419730069,-0.0077222196372864,-0.0104809729350543,-0.0060264465922422,-0.0084961364437104,0.0055610105298493,0.0081415325857069,0.0074443753932742,0.0098063598626135,0.0092778369631015,0.0125891479038078
2021-02-24,-0.0030187552139185,RV_SV,-0.009044176226782,-0.0130289095404769,-0.0076369228104277,-0.009952113460571,-0.005809363201669,-0.0083621302364692,0.0054816270158996,0.008048739615254,0.0073201918759531,0.0096593436239938,0.0091782496945436,0.0128949970974927
2021-02-25,0.0082787251180993,RV_SV,-0.0090697262488336,-0.013068613517041,-0.0078439499222514,-0.0106361253505621,-0.0062636979306488,-0.0087455632434212,0.0056900600706641,0.0083825005783541,0.0075603511835674,0.010124108353443,0.0094664990535918,0.0137475166519843
2021-02-26,-0.0069391346675182,RV_SV,-0.0092298469973873,-0.0143519220255802,-0.0079453873996057,-0.0106436933910298,-0.0062649278442884,-0.0087932577657063,0.0060216879250336,0.0085001148430745,0.0076224903382504,0.010004631539426,0.009374313925281,0.012427843077101
2021-03-01,-0.0073547830442022,RV_SV,-0.0098841285081359,-0.0133942740107223,-0.008614915710067,-0.011144240143454,-0.0075107186902892,-0.0096316530805048,0.0068715158954741,0.0095657221463493,0.0083791951727564,0.0112149941238812,0.0103637120019726,0.0169013798365082
2021-03-02,0.0010181748179413,RV_SV,-0.0098798500363211,-0.0131230432222065,-0.0080887175791277,-0.0109301516369771,-0.0062417407305147,-0.0091323459281388,0.0057494696926441,0.0081054337285509,0.007626534326093,0.0096675402697863,0.009446516026295,0.0118748069148735
2021-03-03,0.0009011837191121,RV_SV,-0.0100387408262917,-0.0149941184929299,-0.008278334199289,-0.0117073741323677,-0.0065306397491264,-0.0092928708089567,0.0061170577509444,0.0084937071572689,0.0077970736997978,0.0098629654393562,0.0095932242939393,0.0122807169891425
2021-03-04,-0.0027371371721886,RV_SV,-0.0100654568258792,-0.0153072659583314,-0.008282935461474,-0.0115424799182917,-0.0065614605363464,-0.0093625977556515,0.0060969285430625,0.0084986091353215,0.0077993641194233,0.0100099208313497,0.009573458906576,0.0116157964910514
2021-03-05,-0.0110975721262344,RV_SV,-0.0101167254685367,-0.0141229659054109,-0.0081578437451027,-0.0109652043100173,-0.0062975153664466,-0.0090950573351865,0.0058561214486359,0.0083979724884744,0.0076759918369199,0.009513273496442,0.0095044261763032,0.012339344842793
2021-03-08,-0.0041637665709392,RV_SV,-0.0100207038490223,-0.0140778577323543,-0.0085817664918204,-0.0114845592858575,-0.0072679344191577,-0.0094253651594783,0.0064470414466003,0.0088303334488596,0.0082549109591998,0.0112292728894563,0.0103943782879629,0.014049479036857
2021-03-09,0.0023669946022076,RV_SV,-0.0104806770812819,-0.0141560666806262,-0.0082026009863811,-0.0114782394129495,-0.0062544989116581,-0.008897523889187,0.0057236277243396,0.0080985158613434,0.0076983518855188,0.0096726834368895,0.0095505067163753,0.0122894555573408
2021-03-10,0.0008494033662654,RV_SV,-0.010035424143383,-0.0145945648359489,-0.0082443683077626,-0.0113617056397374,-0.0064065269200831,-0.0092084180299312,0.0060049851592568,0.0082508596174574,0.0078032882498637,0.0099201720595691,0.0093683924163856,0.0117159563803547
2021-03-11,0.0052736724276592,RV_SV,-0.0102868838757514,-0.0144866152494673,-0.0083314052029417,-0.0111756623150783,-0.006541220137113,-0.0093202363396269,0.0061598986574682,0.0085722025685888,0.007891427858153,0.0101073505711354,0.0096356394176037,0.0123245242458064
2021-03-12,-0.0018078571360558,RV_SV,-0.010340133874177,-0.0153773721925065,-0.0084853482444032,-0.0116417592814693,-0.0067918888098339,-0.0096165451093651,0.0064342503287729,0.0088262443319512,0.0080432732852685,0.0100468638320541,0.0098018093395096,0.0128609272835231
2021-03-15,-0.0018174257725248,RV_SV,-0.0101222365313756,-0.0142682082624176,-0.0082594065654931,-0.0111823939737135,-0.0065241351919655,-0.0092506573012498,0.0061469557808842,0.008690594134491,0.0079318756473313,0.0102516800730074,0.0097324586708274,0.0131229158591889
2021-03-16,-0.0017807985117342,RV_SV,-0.0099487013259355,-0.0134955102642786,-0.0082291617439094,-0.0111215233515136,-0.0063316208064679,-0.0091194929715283,0.0057986415962182,0.0084264464588865,0.0078268610622465,0.0101157785691992,0.0097477212988523,0.0127203182038437
2021-03-17,0.0008235934771358,RV_SV,-0.0101615363091609,-0.0133198088245996,-0.0081939395146672,-0.0106440325475659,-0.0063258685988107,-0.0090129249690357,0.0058204805346538,0.0085108498549275,0.0078817837986865,0.0100059831604218,0.0097854299704289,0.012994523215746
2021-03-18,0.0018548015078327,RV_SV,-0.0098365981985486,-0.0137774635090242,-0.0080049747609681,-0.0105502487262382,-0.0061303078496472,-0.0089233316609685,0.005747319805935,0.0083479897195825,0.0077742019109626,0.010496801061742,0.009647096791882,0.0127657408736446
2021-03-19,-0.0014411597220154,RV_SV,-0.0098416501238104,-0.0147710540783301,-0.0083689486016375,-0.0115424858917935,-0.0069357455569788,-0.0095665247259249,0.0067818279103779,0.0094236562754041,0.00831726949572,0.0108366838418435,0.0101166538649526,0.0135576019767987
2021-03-22,0.0019378469125626,RV_SV,-0.0099784241126534,-0.0131739673976631,-0.0081379009616611,-0.0104489660761468,-0.0062901415041104,-0.0089193881683153,0.005929215994093,0.0086634462794823,0.0079171651031128,0.0104213401044269,0.0098378406501245,0.0127769573599796
2021-03-23,-0.0050243340081898,RV_SV,-0.0097978478689114,-0.0135531386581834,-0.0080740159529778,-0.0109817289991776,-0.0062203944668183,-0.0089051077316426,0.0059642052795991,0.0085916742621179,0.0079079680825232,0.0101562121807087,0.0096587801960217,0.0134168249404351
2021-03-24,-0.0035164769404972,RV_SV,-0.0097384437657095,-0.0134564170591117,-0.0081270514931331,-0.0105004344552331,-0.0063542272820388,-0.0090723076724691,0.00583107741921,0.0086039980301741,0.0079496836710941,0.0107476691707491,0.0099540211441206,0.0133631788716517
2021-03-25,-0.0045749125099644,RV_SV,-0.0099662419064715,-0.0136461453222587,-0.0081964847534194,-0.0109793727542088,-0.0064000410852883,-0.0093821522371615,0.0060291970788825,0.0087090863559052,0.0080260922816393,0.0106400297170272,0.0098890738731247,0.0131626827681393
2021-03-26,0.0017371186658548,RV_SV,-0.0096044621670559,-0.0128575858002796,-0.0080814624575837,-0.0107492732311717,-0.006357418713681,-0.0090584241367736,0.0059516311164177,0.0087491183054621,0.0079909599395069,0.0109141471294018,0.0099830674959511,0.0140265575041616
2021-03-29,-0.001586406444188,RV_SV,-0.0094507376551601,-0.0130853779601955,-0.0080563876011723,-0.0102975691238,-0.0062254915673089,-0.0087804504227406,0.00589340115073,0.0085977198470755,0.0078985309739003,0.0104852691192468,0.0098119748511616,0.0133620401380407
2021-03-30,-0.0046464214305993,RV_SV,-0.0096003329417916,-0.0131190505069819,-0.008004767428199,-0.0105422878090813,-0.0062070843440214,-0.0087014999344881,0.0057562759199642,0.008462430458571,0.0078441206630365,0.0103702009036725,0.0096930487713711,0.0129882278585162
2021-03-31,0.0015980468879846,RV_SV,-0.0093971383124375,-0.0130067347626701,-0.0078752048031146,-0.0103414558108233,-0.0060577529063459,-0.008555984685266,0.0056269689143744,0.0083386033056237,0.0076463416341302,0.0104479939141499,0.0093429329217207,0.0127800297810631
2021-04-01,0.0025006073172444,RV_SV,-0.0094124910437942,-0.0131343577082959,-0.0078074836303581,-0.0104133417607467,-0.0060760915466657,-0.0088367154264487,0.0057393839501533,0.0084920791290119,0.0076798495744475,0.0101746630958793,0.0095243072898537,0.0127648063414655
2021-04-06,0.0067222590598848,RV_SV,-0.0094777471965222,-0.0136935333332725,-0.0078065269573747,-0.0104222838370507,-0.0061418374313216,-0.0086561030606647,0.0058817474921744,0.0086112467328735,0.0077016905111104,0.0102045437500372,0.0095117198725437,0.0130459474666376
2021-04-07,0.0032244131172281,RV_SV,-0.0092385375475712,-0.0133464216722844,-0.0077177095647043,-0.0103905878271004,-0.0059787207829104,-0.0085886063277687,0.0057391375783513,0.0083478445417256,0.0076193148529989,0.0101626433044368,0.0092049133843635,0.0134319545642664
2021-04-08,0.0011978163351683,RV_SV,-0.0093768343918232,-0.0140091115450186,-0.007761955009227,-0.0104813692205429,-0.0060927265624768,-0.0088210715072931,0.0058793446073064,0.0083837004798301,0.0076609856861988,0.0101858435536202,0.0094204983858948,0.0132926425824162
2021-04-09,-0.0006218448403441,RV_SV,-0.0092870013054869,-0.01361877178725,-0.0077281010761117,-0.0103607806388221,-0.0059929598126561,-0.0086034434468127,0.0056670878561203,0.0080929948198925,0.0075005452453562,0.0098749723772553,0.0092762839576016,0.0127255601005982
2021-04-12,0.0009137264392818,RV_SV,-0.0092850767214477,-0.0130237607461832,-0.0077265333072018,-0.0102467380945358,-0.0060027510252137,-0.0086357865035256,0.0055619644176866,0.0081348472568695,0.0074734140928893,0.0100072654356397,0.0092211323653345,0.0123844765645448
2021-04-13,0.0026084491590663,RV_SV,-0.0092932450949722,-0.0128106119778105,-0.0075700886120226,-0.0100110186812063,-0.0058156927270341,-0.0084487122823066,0.0054339804386187,0.0080128317941951,0.0073418815053288,0.0098131065917198,0.0091977057634621,0.0125470880747914
2021-04-14,0.0030046912062625,RV_SV,-0.0091902442596268,-0.0134088128501725,-0.0076257852298239,-0.0106922314321463,-0.005982992922457,-0.0086868630887717,0.0057158031836733,0.0081487509242453,0.0074511274643581,0.0097957421099918,0.0092365454915065,0.0125376030631143
2021-04-15,-0.0009420454779278,RV_SV,-0.0092271597443924,-0.0137932947493085,-0.007526591460479,-0.0102561041575299,-0.0057979835253117,-0.0084409294240389,0.0054211126575403,0.0080005608501022,0.0072814896266543,0.0095868705552835,0.0089239720688996,0.011976908486867
2021-04-16,0.0012969100486336,RV_SV,-0.0091589177187797,-0.0128879290453056,-0.0076238079339398,-0.009704693123565,-0.0059155997495238,-0.0084350170050063,0.0054437977949798,0.00812355931501,0.0073192096089379,0.0097725073979021,0.0089944678630506,0.0125492715597646
2021-04-19,0.0041301157884749,RV_SV,-0.0093885082830333,-0.0125829576818088,-0.007519749384341,-0.0098466741934443,-0.0058455833056959,-0.0083868325712398,0.0054243632944915,0.0079928788710742,0.0072838072043663,0.009503814975662,0.0090731920842259,0.0125903140879131
2021-04-20,0.0013168801402918,RV_SV,-0.00913662176551,-0.0139666844728782,-0.0076133277392975,-0.0109999391366261,-0.005955965614162,-0.0084264335012726,0.0057654003749913,0.0082202392547598,0.0074456481027453,0.0096365413209503,0.0090534850082252,0.0120959048374693
2021-04-21,-0.0008908853060501,RV_SV,-0.0091295649565396,-0.0136570682116353,-0.0075776927713254,-0.0104677200933884,-0.005897765060286,-0.0084928100855953,0.0055534990090098,0.0080442814732061,0.0073377307874421,0.0095966230226166,0.0091371069111983,0.0123159791610157
2021-04-22,-0.0018361888135849,RV_SV,-0.0092829278137681,-0.0126147779189541,-0.007593079148565,-0.0099788739928246,-0.0059253177459671,-0.0082929550298528,0.005391843555439,0.007785895197665,0.0072760225167876,0.0095433577748568,0.0091276955306226,0.0120994010878949
2021-04-23,0.0047550812097657,RV_SV,-0.0091721382895282,-0.0136177165976185,-0.0077200770955316,-0.0097239711299172,-0.0060150170888854,-0.008511053046606,0.0054394513349832,0.0079940250193703,0.0073357223940045,0.0099307225266509,0.0090597040060347,0.0120947147339057
2021-04-26,0.0011842112095216,RV_SV,-0.009299764442715,-0.0128268336353062,-0.0075578559179618,-0.0106501327051741,-0.0058054866627755,-0.0083141066469898,0.0053640306164503,0.00780417035911,0.0072197386275309,0.0098618009277645,0.0089829315334012,0.0116105431119664
2021-04-27,-0.000349734650162,RV_SV,-0.0090420684620762,-0.0136861943155695,-0.0075331051841509,-0.0101776521577751,-0.005850039576222,-0.008583930025408,0.0053311496884354,0.007776470930989,0.0072333823239957,0.0097226270119087,0.0091029537368171,0.0128015453533623
2021-04-28,0.0016007415635831,RV_SV,-0.0090902970934971,-0.0123704081320888,-0.0076196061841558,-0.0103218378908743,-0.0057520477022779,-0.0084408240527049,0.0052452619599299,0.0077437700355763,0.0071519168577349,0.0094774973339532,0.0083954726928473,0.0115253545856646
2021-04-29,0.0010182595665218,RV_SV,-0.0090787801080113,-0.0135057473591621,-0.0074456747983762,-0.0097893226824399,-0.0057817741951116,-0.0082341958027922,0.0053324192112715,0.0079069707472465,0.0071675313520279,0.0095913723035571,0.0090291799233759,0.011542867515597
2021-04-30,-0.0066341795646439,RV_SV,-0.009216626267908,-0.0145254283132408,-0.0075675090508748,-0.0098485954561587,-0.0060705451676663,-0.0086388470944391,0.0059263431272403,0.0082813999157126,0.0074387139417336,0.0098541789848811,0.0090099814083162,0.0122886812602213
2021-05-03,0.0023641875169827,RV_SV,-0.0091978193388932,-0.0125085051548349,-0.0076653471932167,-0.0104035968569103,-0.0061102126781542,-0.0082827551806353,0.0053015049734319,0.0079934426459334,0.0072962536321342,0.0095522795872908,0.0092751568431602,0.0134611023652639
2021-05-04,-0.0036659407004542,RV_SV,-0.0091742128570051,-0.0134123036165222,-0.007543888637493,-0.0106572237699537,-0.0057917339180591,-0.0084024628589404,0.0054217432167628,0.0079644042004663,0.0072300672528202,0.0096426554439286,0.0089453238239067,0.0116437854542661
2021-05-05,-0.0010305426666658,RV_SV,-0.0093067666396605,-0.0126644432124077,-0.0077195333883464,-0.0101167118053275,-0.0060868599835984,-0.0087513030690917,0.0053894960802699,0.0080742716652228,0.0073961352388732,0.0097037219962311,0.0091417227219811,0.0127146754445028
2021-05-06,0.003912499819655,RV_SV,-0.0093562325513851,-0.0131586159070618,-0.0075618527968014,-0.0100398367303949,-0.0057417242654301,-0.0084646475494016,0.005167252387699,0.0077682700573839,0.0071749141277058,0.0092974262136675,0.0089999954461426,0.0117447228076924
2021-05-07,0.0095545120294618,RV_SV,-0.0091574071075594,-0.0132321087787003,-0.0074850618044016,-0.0100458186735469,-0.0057846631162715,-0.0084454246036835,0.0053571495074925,0.0079629543293567,0.0072047919076224,0.0097646094046224,0.0089600427759231,0.0119294449042725
2021-05-10,0.000406829815141,RV_SV,-0.0094804481178895,-0.0228917238883492,-0.0080156707008574,-0.0125508302046586,-0.0068286194214052,-0.0094475603343055,0.0080998946421746,0.0103909406580521,0.0088444735339953,0.0105592373205368,0.0090916752424775,0.012336777019663
2021-05-11,-4.72495133900241e-05,RV_SV,-0.0097767795701772,-0.0138229210344832,-0.0079978961502425,-0.0103305919418429,-0.0061867865060292,-0.0090300425655022,0.0056720381113221,0.0082326044452039,0.0075562239856373,0.0098848278124484,0.0094363734217867,0.0117134624903958
2021-05-12,-0.0078993750987828,RV_SV,-0.0099020833631744,-0.0146820373696559,-0.0079402674665083,-0.0108131540028661,-0.0061637539448643,-0.008866930612242,0.0057052648417572,0.0082759026533823,0.0075502729202603,0.0096231647373579,0.0094291868354188,0.0119120683580889
2021-05-13,-0.0003313617340654,RV_SV,-0.0107255733829389,-0.01617847820874,-0.0087003575065192,-0.0123197651189943,-0.0073662467316964,-0.010194012929763,0.0069452685204988,0.0093736165521022,0.008484810615741,0.0111508221248376,0.0102641080240966,0.014096785637219
2021-05-14,0.0058283431577248,RV_SV,-0.0106984017032918,-0.0152266110473251,-0.0084602907419851,-0.0114374563472042,-0.0065671626012954,-0.0097172192181729,0.006014559926483,0.0085656576037106,0.007906249388774,0.0098138935895924,0.0096839497312021,0.0120046705880339
2021-05-17,0.001218372882217,RV_SV,-0.0100081196698037,-0.0143516455902716,-0.0081129485853596,-0.0111088111014293,-0.0061625995464498,-0.0091920902628044,0.0057326497125435,0.0081933118077693,0.0077360625228407,0.0098006091963731,0.0095585550520355,0.0121201042743093
2021-05-18,0.0038880281849428,RV_SV,-0.0098962733693456,-0.0133978131535649,-0.0079976982581888,-0.0111161523261605,-0.0060627076286428,-0.0087667905266967,0.0055184223340382,0.008295456111539,0.0075985392942873,0.0098211769019911,0.0095556192258729,0.0111402333064372
2021-05-19,0.0011323603344044,RV_SV,-0.0096434935869601,-0.0138854755707204,-0.0079389601392172,-0.0108102290969783,-0.0060574532395438,-0.0089340001929375,0.0056050199540433,0.0082153280072477,0.0076440813430101,0.0100879797976033,0.0096162372546702,0.0121550950461492
2021-05-20,0.0007160217321861,RV_SV,-0.009396160839083,-0.0129142857915226,-0.0077562186626067,-0.0100708956475321,-0.0061247166535486,-0.0086681501223944,0.0056385542510459,0.0084140584609185,0.0075984242169175,0.0101441713363118,0.0096121062403538,0.0133075629165242
2021-05-21,-0.0038952053864742,RV_SV,-0.0091906411591171,-0.0138599597894673,-0.0077463152972996,-0.0100269323611219,-0.006152518542803,-0.0087472295983904,0.0057421916681663,0.008414120055882,0.0076687722062419,0.0101844899180816,0.0096455023014364,0.0131292572487756
2021-05-24,0.0026653779290965,RV_SV,-0.0093161171025488,-0.0133494562220677,-0.0078717081084079,-0.0105647134446984,-0.006281912032092,-0.0087966084629406,0.0057332706098805,0.0083385665015531,0.0076180735408361,0.0101886324260667,0.009876111814138,0.0132268828554937
2021-05-25,0.0018860712519794,RV_SV,-0.009776641708569,-0.0132796440268624,-0.0077820166275796,-0.0105118746145177,-0.0060205771357395,-0.0086480255157158,0.0055969269262787,0.0081994168024296,0.0075931757004252,0.0098321216784943,0.0095978975987541,0.0122810151771559
2021-05-26,-0.002377606613508,RV_SV,-0.0095227574991864,-0.0134418541835213,-0.0078388314133615,-0.0106392130149484,-0.0061189815723672,-0.00883019312717,0.0057817736160487,0.0084846428312615,0.0077579672670985,0.0101358150751114,0.0096160763216831,0.013287828768493
2021-05-27,-0.0007849092890082,RV_SV,-0.0094448266149,-0.0128479421587167,-0.0078320455428275,-0.0103722398129733,-0.0060992588501271,-0.0086308100719613,0.005518983032923,0.0082251638905859,0.0075037638915711,0.0099673296337741,0.0096612327347557,0.0130486955534082
2021-05-28,-3.48535995091381e-05,RV_SV,-0.0097506972983689,-0.0129555115261632,-0.0079161869530991,-0.0106375469446336,-0.0062454046512875,-0.0088568783216415,0.0057615912326711,0.0084061873407361,0.0077015283646038,0.0101737975607118,0.0097181814409617,0.0130362009316783
2021-05-31,0.0029275643732737,RV_SV,-0.0094137197349875,-0.0131907862621229,-0.0078619322176012,-0.0102610779886568,-0.0061711123892677,-0.0089513243817983,0.0058101401100705,0.0085993728585614,0.0077821754816013,0.0103067592062412,0.0096934783777955,0.013108522040922
2021-06-01,0.0008949826402729,RV_SV,-0.0095361154180133,-0.0137722860274704,-0.0077329215021098,-0.0104596027555243,-0.0058764311165663,-0.0085158607257673,0.0056351832151239,0.008322095608749,0.007635220374991,0.009797762304045,0.0095454541359188,0.0126564593824623
2021-06-02,-0.002251242354004,RV_SV,-0.0090698644090116,-0.0133395427012412,-0.0076797472497446,-0.0103602784714021,-0.0059311297714676,-0.0086134669509966,0.0055283845015832,0.008209669484619,0.0075011489584682,0.0101617368419757,0.0095469606104947,0.0132095606916174
2021-06-03,-0.0075141435712172,RV_SV,-0.0092510291582555,-0.0121477424868512,-0.0076953613289455,-0.0104546456464171,-0.0059836487059314,-0.0086146328297056,0.0055210419002671,0.008215794405753,0.0075023756217157,0.0099887285312902,0.0095815752344235,0.012964827014285
2021-06-04,0.0042109311645392,RV_SV,-0.0092098739093324,-0.0123623654277686,-0.0077199145385495,-0.0098326935092915,-0.0060826786903548,-0.0084584251585107,0.0055046108886935,0.0082648756847305,0.0074771968476587,0.0101395814352012,0.0095015323288066,0.0128390440721648
2021-06-07,0.0021295766745497,RV_SV,-0.0101829357399166,-0.0155764464011776,-0.0078249461243241,-0.0106934506320519,-0.0061816502679135,-0.0088842148948701,0.006459859014778,0.0091123562360555,0.0083771924757409,0.0109952928116195,0.0095668054561932,0.0135189364218861
2021-06-08,-0.0015752039946202,RV_SV,-0.0093703624592527,-0.0136245450519664,-0.0077540582584555,-0.0101936230272248,-0.0059559499527157,-0.008425537074977,0.005525290308034,0.0082987597661986,0.007597426129594,0.0099988477129954,0.009585903385853,0.0127254796631635
2021-06-09,0.0003653073034359,RV_SV,-0.0092352818483142,-0.0127673105247918,-0.0076145958860979,-0.0098404605096837,-0.0058614070679504,-0.0085014055806951,0.0053215457720911,0.0080081908403113,0.0073239412790682,0.0096935687761137,0.0093435672147502,0.0126333653429752
2021-06-10,-0.0008991421804578,RV_SV,-0.009198391181548,-0.0135463569212561,-0.0075217983787508,-0.0100065285952755,-0.0057590172661805,-0.0085645349120067,0.0052244309484617,0.007878247076593,0.0071642041937952,0.0099304137224223,0.0092657086912666,0.0121294578863224
2021-06-11,-0.0059902374574699,RV_SV,-0.0093991496838122,-0.012802709744869,-0.0076691377628892,-0.0098488201570193,-0.0060585986764534,-0.0086166166389309,0.0055971157262197,0.0082386867417213,0.0074236980330525,0.0101006523915386,0.0093890403625287,0.0127548216106426
2021-06-14,0.0020577816457365,RV_SV,-0.0088702993161433,-0.0121844787794138,-0.0074305667556545,-0.0094662472526312,-0.0057650275436901,-0.0081289358379679,0.0051149923857497,0.0077105887390003,0.0070624175015435,0.0093157627586661,0.0091332116282001,0.0126143800622687
2021-06-15,-0.000447521880874,RV_SV,-0.0090750369112868,-0.0122937878065839,-0.0072772789028539,-0.0098540473952909,-0.0055760947776842,-0.0080297472983634,0.0050857233372087,0.0077472977607087,0.0070429157611011,0.0091886559735781,0.0090482838155458,0.0119799608066314
2021-06-16,-0.0001444046302759,RV_SV,-0.0087449453102653,-0.0117815379741055,-0.007288072454332,-0.009745027778931,-0.0056211687884841,-0.008124956968459,0.0051050344956775,0.007708490234584,0.0070339765509187,0.0094203816414507,0.0090172987835199,0.0126666849183752
2021-06-17,-0.0172340206095619,RV_SV,-0.0087390965713524,-0.0131749677908837,-0.0072564266576895,-0.0095221232813641,-0.0055495599649279,-0.0079025940370473,0.0050312958137249,0.0076507413180435,0.0069842102329642,0.0092038905096521,0.0089555370428948,0.0118427398669248
2021-06-18,-0.0032565477658647,RV_SV,-0.0094362720845482,-0.0134961494099203,-0.0083892771085485,-0.0089052025103135,-0.0076934643600821,-0.009718852482144,0.0060925078789685,0.0098071293078276,0.0075626932966201,0.0111758463676629,0.0093220411301838,0.0124964322774081
2021-06-21,0.0030802216460519,RV_SV,-0.0104790699545884,-0.015235504762277,-0.0081343100215385,-0.011293257353807,-0.0066285787714213,-0.0096916520450287,0.0061197517552691,0.0086112000328457,0.0078818201195229,0.0100727629995546,0.0095858854110769,0.0133423221128979
2021-06-22,0.000104959769017,RV_SV,-0.0107011478184069,-0.0148651874261085,-0.0081115307120603,-0.0117322282823787,-0.0062530826190366,-0.00891281493423,0.0057105767996816,0.0081874838435977,0.0076934306948991,0.0095876203143754,0.0094171937272318,0.0123064290364874
2021-06-23,0.0033529090627642,RV_SV,-0.0107863340890206,-0.0151233635276741,-0.0080875076698,-0.0112721439129154,-0.0061873703574097,-0.0090360554996077,0.0055894807473872,0.0081006353411613,0.0075576032225696,0.0096225224986043,0.009401728639526,0.0111796470187393
2021-06-24,-0.0019433177366388,RV_SV,-0.0110016731526654,-0.0163877409732916,-0.0081819877137872,-0.01222030685814,-0.0062494636953386,-0.0095844672974226,0.0058924291810658,0.0082190120839427,0.0078132274207717,0.0096595979435452,0.0093119894689128,0.0110488295031608
2021-06-25,0.0010810177702749,RV_SV,-0.0104580683260831,-0.0138003981332929,-0.0078367555582889,-0.0109368553346456,-0.0060478920814675,-0.0090027772275388,0.0055092860524143,0.008067404797053,0.0074737608340268,0.0094638328271886,0.0094005716241053,0.0123360992704144
2021-06-28,-0.0002429176939789,RV_SV,-0.0100070964962609,-0.0142581983493594,-0.0076239218229294,-0.0109033567653058,-0.005866082180921,-0.0087347285703226,0.005418761458596,0.0080018262345852,0.0073657937080728,0.0096481990627585,0.0093440891093838,0.0126201693287285
2021-06-29,-0.0025836014488702,RV_SV,-0.0099928681445509,-0.0142124647052127,-0.0076147505553172,-0.0108313434856762,-0.0059007176091895,-0.0085812215799774,0.0054643151501335,0.0080541726451754,0.007355406370174,0.0097092805796427,0.0092084336287779,0.0118864451600078
2021-06-30,-0.00484543779121,RV_SV,-0.0096502234813208,-0.0140299429791222,-0.0075841852659268,-0.0109806707708553,-0.0058739026537376,-0.0086027005742673,0.0053564244795053,0.0078994256620354,0.0073001947407844,0.0095982326227002,0.0093023835774337,0.0119956219817229
2021-07-01,0.0006264706180302,RV_SV,-0.0097119281965357,-0.014774596256032,-0.0077041630338193,-0.0107199828242491,-0.0060522685029265,-0.0086106517141672,0.0054987874963855,0.0081364951302465,0.007387845815704,0.0099698311446011,0.0093931454513053,0.012979064838851
2021-07-02,-0.0007340858746013,RV_SV,-0.0098537248690322,-0.013407500643557,-0.0076250707056943,-0.0102099641485784,-0.0059374119202187,-0.0085145249955584,0.0055449611911349,0.0080545975359891,0.0074294942877254,0.0098488850671487,0.0093745116160924,0.0129124626033093
2021-07-05,0.0016066936358986,RV_SV,-0.0104185975560087,-0.0154952087563837,-0.0077810286049734,-0.0105555398185246,-0.006209796145258,-0.0092504223694073,0.0059989828346076,0.0084314419504999,0.0077854042757326,0.0101719655522564,0.0093167424984199,0.0127009816992688
2021-07-06,-0.0041802462188562,RV_SV,-0.01009406921021,-0.013222209361323,-0.0075963881443189,-0.0105958341198666,-0.0057759057044534,-0.0086794387907264,0.0052924321024665,0.0078310848303266,0.0073166987693009,0.0095722797487778,0.0092391806594379,0.011918320043463
2021-07-07,-0.0011621693015694,RV_SV,-0.0096037206868512,-0.0136059473491158,-0.0077077023797512,-0.0107495583323603,-0.006027432369174,-0.0087822948991368,0.0054253440387242,0.0080413380804782,0.0072471065061297,0.009639932077458,0.0093951243944045,0.0128113101722346
2021-07-08,0.0031172371944716,RV_SV,-0.009827702427614,-0.0133492748363197,-0.007705399290702,-0.0107692570351302,-0.0060285241111564,-0.0086934022683189,0.0054929835031797,0.0079970902097153,0.0073403291521631,0.0098109057486507,0.0093982180616481,0.0125353563387775
2021-07-09,0.0017215194125037,RV_SV,-0.0099993253026386,-0.0153218121779985,-0.0078224274337947,-0.011123405518121,-0.006241104996382,-0.009177135100967,0.0058645470500377,0.0084584786131125,0.0077356290389776,0.0100867463091705,0.0094845369646124,0.0128548818003417
2021-07-12,-0.0002002696268293,RV_SV,-0.0101487427559463,-0.0135444304512671,-0.0076567288284796,-0.0107007918635184,-0.0059105457140565,-0.0085727474848807,0.0054711518189241,0.0081048292075722,0.0073940486030425,0.0097384184674673,0.0094400283946949,0.0123765021897235
2021-07-14,-0.0027255422827011,RV_SV,-0.0100358585347671,-0.0133058656233414,-0.0076960657484415,-0.0106921364982319,-0.0059180078937367,-0.0087207732951901,0.0053879520761182,0.0080263568445242,0.0073538692322173,0.0099169989144777,0.0094147105382698,0.0120800321955651
2021-07-15,-0.0016799792366976,RV_SV,-0.009723422532654,-0.0137958123035728,-0.0076994911569535,-0.0106543672733353,-0.0059962117627547,-0.0088065146057061,0.0054772620397697,0.008210522962146,0.0074439108008377,0.0098714677048464,0.0093154509392543,0.0127747172720899
2021-07-16,0.0002858379995558,RV_SV,-0.0097246407016063,-0.0131706877297014,-0.0076805566334884,-0.0106588816742377,-0.0059208840208261,-0.0086961605636595,0.0053691943358952,0.0080581194149726,0.0072724394955609,0.009734324430514,0.0094625775653656,0.011931489819713
2021-07-19,-0.0003239559067179,RV_SV,-0.0098159588571618,-0.0141905600977267,-0.0075527984780409,-0.0105655622741403,-0.0058099806639398,-0.0084288925089586,0.0052828403216265,0.0079919627516359,0.0073689506222976,0.0097726167258537,0.009369913632035,0.0122920884841796
2021-07-20,-0.0025826931601834,RV_SV,-0.0095726835997799,-0.0139812095226321,-0.007573229470918,-0.0104442576222792,-0.0058706905102761,-0.0087242791211615,0.0053631615081019,0.0080997339117224,0.007393726267638,0.0098778746996281,0.0092743202534332,0.0123853925251507
2021-07-21,0.0019810848991582,RV_SV,-0.0097733261852475,-0.0142402124871126,-0.0075472220766181,-0.0105865420896821,-0.0059728435798193,-0.0087171652270868,0.0054499513866505,0.0080992099725547,0.0074113100190889,0.0098107576801542,0.0092620044968636,0.0129052312119635
2021-07-22,-0.0026352377308822,RV_SV,-0.0092925060073804,-0.0141633052313141,-0.0073940225454881,-0.0103967555276579,-0.0057036881654618,-0.0083260497955648,0.0052760808000451,0.0078746394133924,0.0072042415974664,0.009346641540884,0.0090971582275682,0.0123243359525173
2021-07-23,-0.0005908042973281,RV_SV,-0.0098316906356208,-0.0135083860959372,-0.0076633868492676,-0.0103326041139728,-0.0062126184448432,-0.008878690946172,0.0055980910658656,0.0081750676681617,0.0073851819602491,0.0102176301407484,0.0091711550575737,0.0126459736362041
2021-07-26,0.0042129977736835,RV_SV,-0.0096169865956595,-0.0139441468941378,-0.0075473040318117,-0.0105992835847653,-0.0057637258830964,-0.008663964160306,0.0051655516080274,0.0078186090805973,0.0071957266440737,0.0095062208549788,0.0090687074945962,0.0117237509815968
2021-07-27,0.0017723788561799,RV_SV,-0.0098413225602208,-0.0139869865216445,-0.0075221682076944,-0.0103694575082347,-0.005757617178781,-0.0086528794636907,0.0052857609113867,0.0078199290187877,0.0072907031445604,0.0093493915084597,0.0090833413691934,0.0119214075922078
2021-07-28,-0.001810483529723,RV_SV,-0.0095629014174614,-0.0141201645286925,-0.0075254794716898,-0.0104927908835314,-0.0058419806908072,-0.0083758238329106,0.0052770255925575,0.007786770474534,0.0072282377942041,0.0093384624354636,0.0091153938636789,0.0120182533094025
2021-07-29,0.0064486129837111,RV_SV,-0.0098816467381909,-0.0147249362694142,-0.0075308019275824,-0.0105243592429355,-0.0058273723649959,-0.0086455223995522,0.005229768029229,0.007762298265931,0.0071966512868713,0.0093781794471698,0.0090557786827961,0.0118774887503923
2021-07-30,-0.0018463493539179,RV_SV,-0.0095113452332767,-0.0145989011590433,-0.0074840399420457,-0.0102261291093522,-0.0059986454922837,-0.008741208504474,0.0056798068118614,0.0081067415903718,0.0075472748897433,0.0094111109729274,0.009064477756022,0.0124416514185526
2021-08-02,0.0007583210294028,RV_SV,-0.0091142030376064,-0.0128703195987898,-0.0074714195597494,-0.0101577121276912,-0.0057709187311938,-0.0085530321774538,0.0051861399234831,0.0077315008392062,0.0070549783429303,0.0091905945728825,0.0091723138635091,0.0122061165662712
2021-08-03,-0.0012114816214609,RV_SV,-0.009136148898379,-0.0132742589392453,-0.0074968769669218,-0.0105351315042949,-0.0057309753439019,-0.0085360531258499,0.0053194195782234,0.0079012942925961,0.0072526981035407,0.0093853769766056,0.0089778878496877,0.0114235024728941
2021-08-04,-0.0013712706230718,RV_SV,-0.0087013659249111,-0.0123905663915712,-0.0074247339890065,-0.0101334068377543,-0.0056713760510627,-0.0084934274684695,0.0051319417237102,0.0076908955701319,0.0070926813376167,0.009323880655624,0.0090214793462992,0.0119955161332014
2021-08-05,-0.0004096361685773,RV_SV,-0.0089411536592467,-0.0130696879875336,-0.007504574010851,-0.0101716302278906,-0.0059144789166921,-0.0084538812467226,0.005223103691468,0.0077799805145999,0.0071019403730571,0.0093113001380179,0.0090489086052288,0.0124809706240573
2021-08-06,-0.0065112025062413,RV_SV,-0.0089607954694951,-0.0126548783307923,-0.0074002340889287,-0.0102084717532178,-0.0057059095541961,-0.0083641429178153,0.0051646457996851,0.0078139436680706,0.0070566921299457,0.0094372822861791,0.0090858186895699,0.0122849451176314
2021-08-09,-0.0010485469653694,RV_SV,-0.0088578124493457,-0.01294786219718,-0.0074194697038318,-0.0099391005284564,-0.0058168337855128,-0.0082010715183362,0.0050429183638996,0.0076863432974242,0.0069553456461096,0.0091963028770908,0.0088655862213564,0.0124255560008976
2021-08-10,-0.0023648580495919,RV_SV,-0.0086172899779645,-0.0124112456712002,-0.0073034273364725,-0.0100362792199034,-0.005608013122939,-0.0081212480919961,0.0050159277017052,0.0076497117745926,0.006901321637609,0.0091191645491591,0.0090187204755621,0.0117272563783102
2021-08-11,0.0013791150485456,RV_SV,-0.0085031411198316,-0.0124998066214608,-0.0072547921594296,-0.0100327661171517,-0.0055980306352504,-0.0080191453489014,0.0049560952170925,0.0076049386787259,0.0068515136800361,0.0092202497105353,0.0087645040660923,0.0117917505911884
2021-08-12,-0.0001342043124203,RV_SV,-0.0086779829836304,-0.0130928980488714,-0.0072543669150121,-0.0097133249453045,-0.0056418480318115,-0.0079980132070139,0.0051506809919381,0.0078246261985236,0.0070278178070681,0.0093131703831249,0.0089140220547375,0.011418028569047
2021-08-13,0.005167684644879,RV_SV,-0.0087863565385041,-0.0122620412081269,-0.0071875830728031,-0.0094875847760533,-0.005492672324612,-0.0080298791956665,0.0049269050088766,0.0075824233739153,0.0068450867062095,0.0091863901698976,0.0087366281456475,0.0127208987263469
2021-08-16,-0.0017563960223577,RV_SV,-0.0084462129892434,-0.0130493806707743,-0.0070543506918839,-0.0098519391397379,-0.0054335063863211,-0.0081166473127715,0.005004628312402,0.0075844403213172,0.006894996767588,0.0090220193724114,0.0087304840382937,0.01171638828949
2021-08-17,-0.0053027145470674,RV_SV,-0.0085219046217517,-0.0127967231147103,-0.0070786761334041,-0.0100138297377179,-0.005415186948809,-0.0079371348139989,0.004861819894672,0.0074858759709142,0.0067359328516168,0.0089837815603362,0.0088234257956779,0.0118442989491328
2021-08-18,-0.0009801713628719,RV_SV,-0.0084127866997343,-0.0115902214980564,-0.0071721034662447,-0.0095338909746116,-0.0056603756677458,-0.0080560692149173,0.0049834924842976,0.0076273892185843,0.0067901411228592,0.0091249198040669,0.0089110448970285,0.0126068585280489
2021-08-19,-0.0007010165025951,RV_SV,-0.0084435871736659,-0.0120118033947236,-0.0070921958440976,-0.0097510452944794,-0.0054671256121286,-0.0080230525812795,0.0049080331214973,0.0074614667975775,0.0067204521918676,0.0091798380490598,0.0087037016058879,0.01166496170593
2021-08-20,-0.0002523152071785,RV_SV,-0.0097204753836438,-0.0164314901020145,-0.0073719955057534,-0.0105866200878861,-0.0059903739166443,-0.0088447905903702,0.0058430782303264,0.0083365739571975,0.0075658820084042,0.0098681239907146,0.0092998715049353,0.0116784998575134
2021-08-23,0.0035181086338447,RV_SV,-0.0088773431376789,-0.0136294158444355,-0.0073046757579076,-0.0101309941827953,-0.0056221110782927,-0.0081947413916371,0.005050182216104,0.0075456359088615,0.0069157840731459,0.0090436340456079,0.008231831236927,0.0102397047498799
2021-08-24,0.0012777975918594,RV_SV,-0.0087601059070276,-0.0130694106178213,-0.0073093483698386,-0.0103077112580262,-0.0056034460500037,-0.0082092681329586,0.0050623420423884,0.0075096218052848,0.0069488145221119,0.0089173626876931,0.0086316403760633,0.0101949137365965
2021-08-25,0.0008467058756226,RV_SV,-0.0089029497305326,-0.0133113276935533,-0.0072500862635078,-0.0103156855884937,-0.0056342212692052,-0.0083480211060457,0.004994586413409,0.0075415023824846,0.0068910218051819,0.0089971315844181,0.0086617799152521,0.0100849755821931
2021-08-26,0.0004847248006126,RV_SV,-0.0088767608028013,-0.0138154249823369,-0.0072910057453658,-0.010104661877774,-0.0056399997061983,-0.0083701579596598,0.005106369573241,0.0074605947631916,0.0069599577845752,0.0089877512065675,0.0086320039844132,0.0112683694397078
2021-08-27,0.0026808728569534,RV_SV,-0.0087214060911616,-0.0137687947148469,-0.0072160091764494,-0.0100739144069456,-0.0056002713008966,-0.0083851483434753,0.0050539994583129,0.0074344310095032,0.0068898286871372,0.0090693894748139,0.0081229752636405,0.0131176149914549
2021-08-30,9.1146399197356e-05,RV_SV,-0.009083874052636,-0.0149926147832106,-0.0074570564635325,-0.0107668466628642,-0.0059034627364617,-0.0084224442016718,0.0056181355953914,0.0080919120707946,0.0073365204426369,0.0090773869664503,0.0087427632585798,0.0113381748660275
2021-08-31,0.0004259462799928,RV_SV,-0.0083860779702381,-0.0131567016757217,-0.007058362779123,-0.009905981399121,-0.0054638120318706,-0.0081463135298754,0.0048189340465334,0.0073086904432087,0.0066953988369209,0.0087336883537921,0.0085749008237308,0.0111766255450707
2021-09-01,0.0042516234883048,RV_SV,-0.0084863909037095,-0.0127192961690386,-0.0072657622546954,-0.0099076094004469,-0.005607621409113,-0.0083138488322681,0.0048869736128471,0.0073726926956274,0.0067226518429571,0.0088612558065707,0.0084893860398552,0.0112087293695108
2021-09-02,0.0006200582715973,RV_SV,-0.0087233111835035,-0.0143352140235548,-0.007296995946303,-0.009772232775096,-0.0055453825291346,-0.0082688452903343,0.0051028746801964,0.0074998237561718,0.0068940821212989,0.0087738685109678,0.0085216644496992,0.0109040839319346
2021-09-03,0.002190323021517,RV_SV,-0.0084208910920439,-0.0134695113193609,-0.007162115541365,-0.010143797041978,-0.0054215819435654,-0.0080808798979928,0.0048268089887872,0.00721317079165,0.0067329227608788,0.0087444059786529,0.00853870140966,0.0102573827136329
2021-09-06,-0.0014863692594897,RV_SV,-0.0085713297434791,-0.0147580170021356,-0.0072753498491564,-0.0105326405297391,-0.0059567379023958,-0.0085896390022824,0.0054681317590153,0.0078098760735048,0.0071577973501671,0.0092971051696006,0.0087521411851981,0.0114565248556591
2021-09-07,-0.0014295023845199,RV_SV,-0.0082641918569765,-0.0123528052221323,-0.0070686135015885,-0.009273789132685,-0.0053716784696228,-0.0078565060163271,0.0046904415231543,0.0070764187794552,0.0066462430289547,0.0088888354353745,0.0086023837766768,0.0106068464923557
2021-09-08,-0.0025901112847307,RV_SV,-0.0084967791793969,-0.0130114410173706,-0.0071037387093088,-0.0099149761499848,-0.0055467660549872,-0.0080530035216303,0.0049261356830413,0.0072856647220227,0.0067144919860293,0.008813966145405,0.0083185191451429,0.0118154346335433
2021-09-09,0.0007654782392234,RV_SV,-0.0086642742109929,-0.0127521036509297,-0.0071147781039288,-0.0096456603699815,-0.0055627124475788,-0.0080536868086501,0.0049163099094509,0.0073490642835978,0.0066846832024547,0.0088413677228582,0.008134655373781,0.0108730081189482
2021-09-10,-0.0004735969778313,RV_SV,-0.0089101245517582,-0.013771195240394,-0.0072339507602657,-0.0096026292028566,-0.0057570418704173,-0.008466884739557,0.0052174695792602,0.0074898681695423,0.0069848200664629,0.0092082806705395,0.0086973072460045,0.010458871884786
2021-09-13,-0.001070648055875,RV_SV,-0.0084101028927801,-0.0121619299640869,-0.0071439284477449,-0.0101503739579665,-0.0054167225956894,-0.0080947323483243,0.00488985691158,0.0073367453505791,0.0067168828754838,0.0088020833271125,0.0085318682703892,0.0094076088402701
2021-09-14,0.0011806102036311,RV_SV,-0.0083713140886318,-0.0125398438956228,-0.0071665479437281,-0.0095462124813037,-0.0054355030062409,-0.0078011311838931,0.0048541859988837,0.0071923216621538,0.0066926511673433,0.0088332573912767,0.0086090999906224,0.0122812270747925
2021-09-15,-0.0009837450164866,RV_SV,-0.0091083033627135,-0.0139122026546293,-0.0071870774837385,-0.0101477942657959,-0.0056427690802883,-0.0086773252708737,0.005356296333043,0.007785411661759,0.0071372698630555,0.0090907255960246,0.0086306564660687,0.0106418647354703
2021-09-16,-0.0040700683874298,RV_SV,-0.0086222653534902,-0.0139618417725413,-0.0072516879976466,-0.0099753502380908,-0.0056082535388501,-0.0080543745561096,0.0051092714750511,0.0075731431323321,0.0068775157662938,0.0090213603309802,0.0087086766568128,0.0118569653563518
2021-09-17,-0.0025365169706142,RV_SV,-0.0084452767335589,-0.0129407551907173,-0.0072276918579685,-0.0094276283436113,-0.0055776407976004,-0.0081289424278043,0.0048875797978261,0.007420916700323,0.0066437363799016,0.009163322616825,0.00865993314096,0.0118376049617298
2021-09-20,-0.0003878537882477,RV_SV,-0.0086730272215608,-0.0131176015602692,-0.0071413925288527,-0.0099239720623511,-0.0055987408829332,-0.0081604361770721,0.0049919781900782,0.0074797242622084,0.0068149809750525,0.0092030465367436,0.0086413513371981,0.0110970181283622
2021-09-21,-0.000381607381805,RV_SV,-0.0083109609259877,-0.0120491364443296,-0.0070318817086448,-0.0101032199793305,-0.0054538736179602,-0.0081646785345382,0.0048890792064285,0.0071715729743528,0.0067042028386515,0.0086832115911101,0.0085477248797783,0.0106808260367571
2021-09-23,0.0008291176340615,RV_SV,-0.0084340724963126,-0.0124836422545541,-0.0071791667897545,-0.0097495925171292,-0.0055258658971672,-0.0078817711396909,0.004959876199333,0.0073273090684101,0.0067402384742991,0.0089532630188258,0.008599067621772,0.0118564210106275
2021-09-24,-0.0017421551469585,RV_SV,-0.0099224217789727,-0.0126809671319947,-0.0078314217645408,-0.0118441453355568,-0.006967934414074,-0.0096922900342587,0.0062149771995705,0.008651728806366,0.0077769401932024,0.0101611260000512,0.0090381675525348,0.0121241894602068
2021-09-27,-0.0010591434314259,RV_SV,-0.0093822817223978,-0.0144950321259693,-0.0076110229346355,-0.0103993826586871,-0.005818327156569,-0.0087696957067016,0.0050720725312972,0.0075153819370319,0.0069988503675627,0.0089853298109076,0.0088596737748045,0.0109586629921944
2021-09-28,-0.0018690475012327,RV_SV,-0.0094535413153627,-0.0133300098218129,-0.0075331835098861,-0.0104471219536074,-0.0057436672696449,-0.0085545681272375,0.0050562995026678,0.0075354323386983,0.0069790832915447,0.0087251733645302,0.0088931157089248,0.0106919115739784
2021-09-29,-0.0058477815688332,RV_SV,-0.0090748070244363,-0.0140812803117771,-0.0076182752710861,-0.0107033597517029,-0.0058881901391375,-0.0088026072083697,0.0052658171696756,0.0076709908575495,0.0071149665323236,0.0091885008857242,0.0087465659932884,0.0110835894415277
2021-09-30,-0.0028957372286412,RV_SV,-0.0090807233554363,-0.0147562400066599,-0.0077450754239714,-0.0104947047283837,-0.0060031959460649,-0.0087089085656947,0.0051407355452722,0.0074467639668444,0.0070069459902256,0.0091205495384104,0.0087870928075998,0.012145939902034
2021-10-01,0.0016698996978698,RV_SV,-0.0087614438030401,-0.0131886668987372,-0.0074765332811078,-0.0101928469561304,-0.0058571000112801,-0.0086362196248249,0.0051716628082786,0.0077247899234955,0.0070958255677703,0.0094108149045738,0.0093628144909738,0.013183735837702
2021-10-04,0.002024300907907,RV_SV,-0.0090709297570558,-0.0139440224041103,-0.0074688174199397,-0.0108437486728884,-0.0059656451907636,-0.008536138776078,0.0053561941379718,0.0077966756082076,0.0071491504123224,0.0092557600766445,0.0089873456222242,0.0119065482665116
2021-10-05,-0.0010331735703415,RV_SV,-0.008972729281208,-0.0130373515771392,-0.0074475359290631,-0.0101912962879507,-0.005647288622457,-0.0083631521884368,0.0051110399720946,0.0075039721536867,0.0069749407512729,0.0089613429748927,0.0088767860000412,0.0111345881943966
2021-10-06,-0.0055521805471593,RV_SV,-0.0088576376785672,-0.0130687916345712,-0.0073499526902771,-0.0101151464441251,-0.0057336213665007,-0.0083248949511682,0.0051305319040326,0.0074436462262917,0.0069972663005566,0.0091165072659606,0.0089544963434209,0.0114241882401573
2021-10-07,0.0013698528522587,RV_SV,-0.0088361588897727,-0.0121315461553056,-0.0073096790642033,-0.0098824301664307,-0.0057511567539972,-0.0083331733640456,0.0051060912164815,0.0075598313724039,0.006979621807135,0.00914454038011,0.008939328239397,0.0121518985721094
2021-10-08,0.0010310204015669,RV_SV,-0.0086786554663069,-0.0128456768722582,-0.0073378237247798,-0.0101326683344756,-0.0055983307152518,-0.0082261012031273,0.0051563887530782,0.0076076296413462,0.0069625055742807,0.0091907148192264,0.0090162869163712,0.0111692878058866
2021-10-11,2.16033113563385e-05,RV_SV,-0.0085991509071072,-0.013116914819817,-0.0072086664887672,-0.0097583879115359,-0.005570061762686,-0.0081437088500534,0.0051751092688945,0.0075321592233676,0.006830273070777,0.0091201446254469,0.0088484626940463,0.0114957974136524
2021-10-12,-0.0027841883974275,RV_SV,-0.0084869680177423,-0.0127291556447963,-0.0072189540017393,-0.0097258854644917,-0.0054294545548702,-0.0079463657952948,0.0049691691622601,0.0074244425880839,0.0068423573817958,0.0091347518859125,0.0086602824307025,0.0114659330344718
2021-10-13,0.0023930962189317,RV_SV,-0.0084055552672531,-0.0133151017105032,-0.0070892705276315,-0.0093453231579635,-0.005535030587163,-0.0081399137548198,0.0049688664461146,0.0075018215225936,0.0067968217044132,0.0089152387807223,0.0088765191513365,0.0114718065759535
2021-10-14,0.0019647177667113,RV_SV,-0.0085590277476287,-0.0125201117093308,-0.0071556860867367,-0.0098522231120956,-0.0055868760981883,-0.0080113583154516,0.0051430560639908,0.0078173432078669,0.0069782117470411,0.0092105778042311,0.0088539902946121,0.0121027164314556
2021-10-15,0.0002372320636728,RV_SV,-0.00844105680591,-0.0129386305139896,-0.0071848801959236,-0.0099668664030394,-0.0054751788495909,-0.0080023067605506,0.0050852142935019,0.0074683235565251,0.006927115449346,0.0091623076809649,0.0088127907983311,0.0123613010793136
2021-10-18,0.0013274605219701,RV_SV,-0.0085086700356083,-0.0130795149632754,-0.0070477233675202,-0.0096458150873092,-0.0054620610349511,-0.0079142336348028,0.0049852708171124,0.0073918049325765,0.0068747866343817,0.0089935017326166,0.0084368794062529,0.0112447128080602
2021-10-19,0.0019921911002462,RV_SV,-0.0086755588427492,-0.0125696969284494,-0.0071871641646088,-0.0098405265421688,-0.0054654249049834,-0.0081791461577832,0.0050370137538999,0.0074681154009769,0.0068700014488689,0.0090429910766468,0.0084354147010152,0.0110915669234441
2021-10-20,0.0009452243248302,RV_SV,-0.0085980916043129,-0.0130525494878558,-0.0072793502880236,-0.009484556095451,-0.0055541257326357,-0.0083532325737218,0.0051089045528917,0.00757513825144,0.0068898463301186,0.0092347672354773,0.0083056568484223,0.0125299170521861
2021-10-21,-0.000107366870552,RV_SV,-0.0084444121761563,-0.012176364958869,-0.0071749301873102,-0.0097900377177131,-0.0054604438707482,-0.0080491749854218,0.0049634880317255,0.0074410346150403,0.0067953541118789,0.0091407131495424,0.0087600789790938,0.0109971317703717
2021-10-22,-0.0008292604804129,RV_SV,-0.0084812948849322,-0.0130833210207009,-0.0072010822335273,-0.0096822500524261,-0.005456248629637,-0.0079719929656805,0.0049934146276995,0.0073603513219019,0.0068459992515263,0.0088182792734174,0.0086380326065812,0.011435157639373
2021-10-25,-0.0019038835282434,RV_SV,-0.0088070928397016,-0.0123018284168192,-0.0072269248358783,-0.009816385350855,-0.0055208132105308,-0.0079623466235492,0.0050079612710153,0.0075047178653959,0.0067610571361632,0.0091476956171747,0.0087292067582066,0.0123543435977175
2021-10-26,-0.001696108302349,RV_SV,-0.0085054049347877,-0.0132128397718987,-0.0069874132279816,-0.009409589890936,-0.0053766118879388,-0.0078227580656403,0.004756806788064,0.0072175699376469,0.0065604722728835,0.0086174068383324,0.0084089584667704,0.0118294902476115
2021-10-27,0.0008451810095917,RV_SV,-0.0080966739779014,-0.0118907354041092,-0.00706391996334,-0.0095378072639933,-0.005410613542164,-0.007975998785585,0.0048375588329459,0.0072541989030356,0.0066584837512898,0.0087222656900289,0.0078886884652121,0.0120426948932548
2021-10-28,0.0072238140643846,RV_SV,-0.0083120134361506,-0.0123561345882451,-0.0071434809195076,-0.0095676430187422,-0.0054925805104214,-0.0081552201097264,0.0048046246784007,0.0071705636429884,0.0064211663536664,0.0087381105801559,0.0081080097584028,0.0110395365037714
2021-10-29,-0.0115564435905779,RV_SV,-0.0096898347340936,-0.0167307753376085,-0.0073107622825491,-0.0106741244572328,-0.0060035609278774,-0.0089736096600243,0.0058953761855125,0.0078979186125789,0.0074964105552357,0.0096405570456253,0.0082294885040623,0.0119184684149252
2021-11-01,0.003578037799951,RV_SV,-0.0089001895336351,-0.0125895390684091,-0.0075050343037273,-0.009794882353753,-0.0060475053073872,-0.0086205295358491,0.0050369333915797,0.0075677681023114,0.0067432765491842,0.0087046955535118,0.0088683345165194,0.0133411842652592
2021-11-02,-0.0009148973536495,RV_SV,-0.0093300343662817,-0.0147764182688132,-0.0074522133281303,-0.0108570370045955,-0.0055909391732572,-0.0084357784089522,0.0051348460100874,0.0073689211010522,0.0069953746150809,0.0086332629451583,0.0081652761751334,0.0102359052187137
2021-11-03,0.0002978650865868,RV_SV,-0.0091703758816451,-0.0142963093469972,-0.007493955525224,-0.0106638008968724,-0.0056408275558303,-0.0084628959189733,0.0049930619961399,0.0072123086056148,0.0068603539297874,0.0084807559477353,0.0081930144893231,0.0100817825595046
2021-11-04,-0.0033420337942074,RV_SV,-0.0091133210915024,-0.0142924827850823,-0.0073517865598986,-0.0105444590376037,-0.0055719799447262,-0.0082812974226567,0.0049838913472499,0.0071526244507409,0.0067918714575549,0.0085318782565306,0.0081434563324359,0.0101848300162722
2021-11-05,0.0005866366084437,RV_SV,-0.0096999702072934,-0.014414807831565,-0.0075901022198456,-0.0106859526171869,-0.0060428766780842,-0.0088902394672118,0.0055414280618595,0.0077542355173618,0.0072424173697208,0.0089005106444523,0.0086074364219713,0.0114179111730826
2021-11-08,0.0031675134083693,RV_SV,-0.0092418996480881,-0.0139375568949569,-0.0074787809990684,-0.010663607123291,-0.0058147006989794,-0.0084176396696516,0.0052075279986085,0.0074794917641121,0.0069680873279566,0.0089221841461929,0.0084827212580105,0.0106382136425866
2021-11-09,-0.0003538486470923,RV_SV,-0.0093638511409247,-0.0143247907268421,-0.0074154801406396,-0.0104253610573423,-0.0056126734433565,-0.0084317941242716,0.0051302818518411,0.0074374051646353,0.0069806011947236,0.008751296732153,0.0082698777704165,0.0098146806022719
2021-11-10,-0.0057285911293119,RV_SV,-0.0092684929650785,-0.0141344956807037,-0.0074663602310165,-0.0103124626280898,-0.0057694689196568,-0.0085629900951392,0.0052012345338177,0.0074704011165293,0.0070270802646538,0.0090841898481138,0.0084497950487422,0.0111735327604534
2021-11-11,-0.0041845797321117,RV_SV,-0.009556631794133,-0.0138811540652137,-0.0077287400295287,-0.0107802196976327,-0.0061114702088798,-0.0088980497548381,0.0053999450244779,0.0076334545827373,0.0071324475308937,0.0091661365167443,0.0089224697506658,0.0135194869919693
2021-11-12,-0.0023041987615398,RV_SV,-0.0095235286617022,-0.0138883203223183,-0.0077528781205454,-0.0106751941342371,-0.0061565807467421,-0.0089449739520582,0.0054768037676058,0.0077792211278448,0.0072663609295319,0.0091883994592768,0.0087184991776651,0.0123348257024887
2021-11-15,-0.0020949651977397,RV_SV,-0.0093943333206001,-0.0140625396185004,-0.0076156402736286,-0.0103035012649516,-0.005762623869335,-0.008612392944599,0.0051956410423559,0.0074451095979277,0.0069803142859577,0.009187482542722,0.0082515675832756,0.0111886444913339
2021-11-16,-0.0061505548986117,RV_SV,-0.0091591004384617,-0.0139748474092903,-0.0075116533622056,-0.0106416017311968,-0.0056801402472609,-0.0083434401494071,0.005086326577327,0.0074621273742766,0.0069233659259704,0.00892346947758,0.0083754620542673,0.0097039214400815
2021-11-17,-0.0037426200951201,RV_SV,-0.0095809301452714,-0.0130191368106506,-0.0079628556269104,-0.0109279999884467,-0.0065417071632323,-0.0091885876779129,0.0056749298687855,0.0082616365508013,0.0072477795854161,0.0097216997946176,0.0093846070360287,0.0141774720819514
2021-11-18,0.0035421625666629,RV_SV,-0.0100174659041647,-0.0141428311533653,-0.0081221533116692,-0.0112555298377683,-0.006641381351487,-0.0093486094009667,0.0059244648434205,0.0083536545485714,0.00760721936687,0.0100815171059003,0.0095703815137385,0.0133040298635979
2021-11-19,-0.0026648328631661,RV_SV,-0.0100723550121178,-0.0152633699301754,-0.0079890726006787,-0.0111509472799801,-0.0061511722170434,-0.0092484503118577,0.0057758851531489,0.0081837611905114,0.0075805298596936,0.0092548862364394,0.0088718501706042,0.0112632670709801
2021-11-22,-0.0063086798735858,RV_SV,-0.0105856852811795,-0.0151995838328011,-0.0084105320168487,-0.0116881523397276,-0.0067791464521083,-0.0098139144271553,0.0062095203036601,0.008525823891739,0.0080168830729948,0.0099304863580617,0.0097380420620973,0.0129562244941547
2021-11-23,0.0015703628943332,RV_SV,-0.0108190383346564,-0.0149915134616936,-0.0086366957011723,-0.0120626199874697,-0.0068009944658569,-0.0096907539567189,0.0062391735347533,0.0085308141503614,0.0081364554353682,0.0097725735907682,0.0097338924984186,0.0121507953137453
2021-11-24,-0.0060595857343999,RV_SV,-0.0107152505217689,-0.0171912429007722,-0.008388804174757,-0.0116702667129541,-0.0063478160330962,-0.0094155781257482,0.0059673890776744,0.0082666091163286,0.0078993053850195,0.0097648690544343,0.0092580039117488,0.010883592874253
2021-11-25,0.0012028150442996,RV_SV,-0.010219691451188,-0.0148281497812582,-0.0084477334767054,-0.0117090213662122,-0.0067213899550548,-0.0095197297201067,0.0059906755262994,0.0083369956517253,0.0077925706137535,0.0098869991050493,0.0094246694955681,0.01236110073828
2021-11-26,0.0095243994309627,RV_SV,-0.0097175430580926,-0.016012828253439,-0.0082345755184239,-0.0111529757231273,-0.0061322466716314,-0.0090032069850697,0.0056565946949654,0.0080571863672385,0.0075306664499414,0.0094090793553598,0.0090236017750645,0.0108298638757612
2021-11-29,-0.0044679008140178,RV_SV,-0.0113871152458641,-0.0175602235945054,-0.0084944301918888,-0.0121708973013585,-0.0066989557062163,-0.0098662482514658,0.0066552058175175,0.0089619587093512,0.0085476578548571,0.0102426709316293,0.0094214330087707,0.0124783308206359
2021-11-30,-0.0006126254297968,RV_SV,-0.0101032514496397,-0.013758860896841,-0.0080337885952518,-0.0109829918044882,-0.0061617844005876,-0.0088045850475936,0.0057079176156051,0.0081808352375375,0.0075667714484939,0.0095905525187012,0.0090693652895911,0.0119244580595967
2021-12-01,0.0066411313335294,RV_SV,-0.0102955242015585,-0.0116649911052093,-0.0086000739943873,-0.0113937504221075,-0.0072252792513266,-0.0095918032655708,0.0058570268821255,0.0089328700647094,0.0077120432402853,0.0105215315211073,0.0091946990386449,0.0132952203380739
2021-12-02,-0.0014854990023307,RV_SV,-0.0123258935613992,-0.0187594459266003,-0.0089094949944074,-0.0122593505594785,-0.0073371793277571,-0.0106971956323649,0.0074662730506548,0.0094841519504747,0.0092406577194557,0.0110811844398002,0.0098698341809304,0.0124240707682647
2021-12-03,-0.0034252671030552,RV_SV,-0.0104020236858155,-0.013040118178448,-0.008632710403605,-0.0118844797306812,-0.0066124883575101,-0.009784902348301,0.0060777888935365,0.0085331627905702,0.0079895024350329,0.0100810738841596,0.0097025560826251,0.0117306694473865
2021-12-06,-0.0006385554673786,RV_SV,-0.0110769869860581,-0.0149839121747882,-0.0088534341911052,-0.011914454795418,-0.0069882627958816,-0.009963709784884,0.0065275466498216,0.0089881792583645,0.0083461767260818,0.0103518380185883,0.0098145731440075,0.0128340544359807
2021-12-07,-0.0023248569094131,RV_SV,-0.0104347970824904,-0.0149108896992442,-0.0086163861895681,-0.0115007784571449,-0.0064202195214647,-0.0093589597427831,0.0059494679632871,0.0083506106655221,0.0078136869695627,0.0097048710114061,0.0097237241421528,0.0113926451896158
2021-12-08,0.0077131537468864,RV_SV,-0.0100483968241264,-0.0139524682849663,-0.0084580848865355,-0.0113923478466279,-0.0066014586544675,-0.0092662144436436,0.0061352610757688,0.008537049062289,0.0079303007079329,0.0101502814099255,0.009535456468243,0.0127032557172673
2021-12-09,-0.0043154019580458,RV_SV,-0.0103334530404817,-0.0149748053552642,-0.008238042807248,-0.0112993924971269,-0.0063513103803776,-0.0090512674214078,0.0062938715060122,0.0087954031130309,0.0081602350699611,0.0101976782679794,0.0094185438743289,0.0125180674080421
2021-12-10,0.0015629465382029,RV_SV,-0.0097643401253295,-0.0136310111985344,-0.0079547807064699,-0.010927529459653,-0.0062303743054838,-0.0087790391071436,0.0060336818728269,0.0085819630201401,0.0078181852906539,0.0102518082150975,0.0093464604969906,0.0126120373206797
2021-12-13,-0.0023142955108558,RV_SV,-0.0112726346080245,-0.0179409540940676,-0.0085575661887234,-0.011794013133541,-0.0070594222108577,-0.0098665275552487,0.0071960126501232,0.0096064761647872,0.0089741295531707,0.0109372237616816,0.0096620403760837,0.0129120959314206
2021-12-14,-0.0002417041707952,RV_SV,-0.0095782597568192,-0.013811794543575,-0.0082463185128121,-0.0103399303136072,-0.0062329193266883,-0.0089108560055173,0.0059662039868158,0.0084758330294479,0.0078857490567509,0.0102021737010823,0.0094511161390659,0.0122629205306078
2021-12-15,-0.0018335310366248,RV_SV,-0.0099135402174795,-0.0133913326472479,-0.0082084659487801,-0.011092271160631,-0.0062493863535262,-0.0089675833983983,0.0060965776933344,0.0086483229718065,0.0079474198986444,0.0102554975428491,0.0094467143465302,0.0123148379221755
2021-12-16,0.004853958849737,RV_SV,-0.0091495108273564,-0.012598032989428,-0.0080943005594343,-0.0105579576705975,-0.0061797331701275,-0.0087326318244588,0.0060219656622641,0.0085224182974172,0.0078493660659984,0.0102331809268259,0.0093998983287316,0.0127077636802642
2021-12-17,-0.0029139820803769,RV_SV,-0.0116436541784602,-0.0164726813836481,-0.0087176203168741,-0.0123829712815468,-0.0073382360075822,-0.0103746689227441,0.0075234040346324,0.0099502796625133,0.0092580126007114,0.0113296669098366,0.009889428756641,0.0140494331706028
2021-12-20,0.0013229728260431,RV_SV,-0.00983308290806,-0.0135474386788735,-0.0082311190793863,-0.0108864431834275,-0.0064191095993114,-0.009061511064653,0.0061965093627986,0.0086696518247934,0.0081040616362093,0.0102675173743062,0.0094624569612347,0.0127257113824059
2021-12-21,-0.0022037086189938,RV_SV,-0.0092468751673603,-0.0136306835259898,-0.0081980970215542,-0.0109994100315999,-0.0062500544918547,-0.008926868614126,0.0060167209155254,0.0085257203417701,0.0079693521277145,0.0101275740836042,0.0094461176306195,0.0120931731645766
2021-12-22,0.0051116355927968,RV_SV,-0.0096435780117794,-0.0145608069910835,-0.0081175379988047,-0.0104891917015612,-0.0062620706372712,-0.0088502446441536,0.0060023075688338,0.0085199756951513,0.0077704759979982,0.0100016232673922,0.0093873349977571,0.0122295249300743
2021-12-23,-0.001157734857821,RV_SV,-0.0100876653988718,-0.0140614799707178,-0.0081553275298936,-0.0110323724750468,-0.0062868560748431,-0.0092294035653549,0.0061542858997547,0.0083739658454382,0.0080135331559073,0.0100901298810696,0.0093809378376933,0.0117016524288818
2021-12-24,-0.0001061190922506,RV_SV,-0.0093884609999929,-0.013812279088185,-0.0079743065580802,-0.0107633569618591,-0.0062111710098712,-0.0087581186827662,0.0060580917605331,0.0085452207049737,0.0079237358185986,0.0100689784283013,0.0092028075008989,0.0124771431117214
2021-12-27,0.0009900071965359,RV_SV,-0.008300228589375,-0.0125846401214166,-0.0076887585334359,-0.0101843816850028,-0.0058522895398639,-0.0083477196793547,0.0055728489051424,0.00801532878193,0.0074778652289165,0.0097209381441902,0.0089180160182761,0.012037887252436
2021-12-28,-0.0020341118611162,RV_SV,-0.0082397506214171,-0.0118130385909461,-0.0076532587501503,-0.0100066955240308,-0.0058425838226202,-0.008484300435268,0.0056156776606775,0.0081905486137059,0.0075450018523544,0.0098059395804545,0.0089204289891771,0.0120830948884776
2021-12-29,0.0047692105959405,RV_SV,-0.0082885787031972,-0.0127821240641118,-0.0075864168842723,-0.0100262562952385,-0.0058173433570826,-0.0083421279926586,0.005580723560981,0.0080920212131405,0.0075761053706964,0.0097480078225797,0.0089056296596763,0.0116933764839524
2021-12-30,-0.0016820824747169,RV_SV,-0.0091595821573723,-0.0138122702077248,-0.0077130349369638,-0.0104698414652415,-0.0060282175508925,-0.0087337113776282,0.0059099387169842,0.0083190046000237,0.0076922144505309,0.009976772607003,0.0090143008774875,0.0120437795369635
2021-12-31,0.003629584182282,RV_SV,-0.0092324332002572,-0.0126833936189517,-0.0077625947226152,-0.0104379110051762,-0.006226541267759,-0.0086079584369379,0.0059706375715105,0.0084715833893841,0.0076936800754873,0.0099926377986509,0.0088096701011534,0.0126110360786389
2022-01-03,-0.0070576095749802,RV_SV,-0.0093316026096849,-0.0141336875441271,-0.0079356476644842,-0.0107792703010546,-0.00626730548372,-0.0088859362006278,0.0061156331878936,0.0083665108472175,0.0078433798638275,0.0098709016723714,0.0088712875071688,0.0121228602122244
2022-01-04,0.0015176490418896,RV_SV,-0.009182646340934,-0.0135146573179429,-0.0078910449245072,-0.0104531911895713,-0.0062310108862012,-0.008620273203432,0.0058140463280783,0.0081528837989681,0.0075244320292017,0.0098506998375466,0.009004005381007,0.0125401056842622
2022-01-05,0.0024618291119001,RV_SV,-0.0092659689561656,-0.0128915516129326,-0.007819330941431,-0.0105354181039824,-0.0061237026392685,-0.0088761458594472,0.0057746383919728,0.007919609654451,0.0076389750439786,0.0095702802948256,0.0090114070292304,0.0112600639806893
2022-01-06,-0.0036518604187708,RV_SV,-0.0096790493411332,-0.0142818547607507,-0.007863909899267,-0.0108690556900193,-0.0061648496576723,-0.0087940918782483,0.0058067878147323,0.0080762656561246,0.0074963911939802,0.0096361022835419,0.0089481379656364,0.0113730508942408
2022-01-07,0.0045886327667513,RV_SV,-0.0098441432287642,-0.0141514243992671,-0.0080986158128156,-0.0104570287483699,-0.0066202851616605,-0.0091531079738242,0.0061166812842078,0.0084612652244626,0.0078137947509693,0.0098468344768053,0.0092709444008184,0.0124189195843297
2022-01-10,-0.0025567026965345,RV_SV,-0.0092418642487293,-0.0148337781139785,-0.0080165343412106,-0.0107414565099471,-0.0062631338114114,-0.009092979910122,0.0059437811302604,0.0084054075076793,0.0078298691226331,0.0098572565061452,0.0090564468709089,0.0116939548294254
2022-01-11,0.0019264065907762,RV_SV,-0.0093926010667283,-0.0128210607137064,-0.0079027627244677,-0.0103491176300792,-0.0061054194391888,-0.0087626471103056,0.0056626982843629,0.0079852626264188,0.0073508904887715,0.0095477107207938,0.0089730995441652,0.0116451823695886
2022-01-12,0.007073501337571,RV_SV,-0.0093173920623563,-0.0146006181726406,-0.0078049127887788,-0.0104561848391785,-0.0059741700928364,-0.0086406268467561,0.0055557653703645,0.0080149137459621,0.0072670857347022,0.0093847008473094,0.0088484562941963,0.0111297861476696
2022-01-13,0.0034809930075877,RV_SV,-0.009702680860026,-0.0139036240442583,-0.0079418956211222,-0.0110013928608812,-0.006191238027626,-0.0092056322237333,0.0061111790105459,0.0085325638553167,0.0078936316376726,0.009596778245187,0.0089555452658225,0.0113310131394936
2022-01-14,-0.002404590189022,RV_SV,-0.0091286353461844,-0.0145665277551215,-0.0078081562652986,-0.0107494726694478,-0.0061827790443847,-0.0087894840359107,0.0059106025652351,0.0082420781781527,0.0076401915344116,0.0097664436914416,0.0089133800080812,0.0116197641430317
2022-01-17,-0.0025572549733249,RV_SV,-0.0085588382558609,-0.013343069006188,-0.0077898043193422,-0.0104883414704349,-0.0061776956085983,-0.0087080078473198,0.0057021161025995,0.0081117848712027,0.007360031673592,0.0096689484185943,0.0088325363648479,0.0119086168270579
2022-01-18,-0.0053281409021607,RV_SV,-0.0080620073812332,-0.0124420316865171,-0.0075102396373843,-0.0100761271726552,-0.0057745857926399,-0.0082983223139259,0.0053671495769002,0.0077967497634702,0.0071453044817643,0.0092874802083871,0.0086699352598952,0.0110886736908089
2022-01-19,0.0001454497374553,RV_SV,-0.00918468495299,-0.0134036320479491,-0.0077195824714005,-0.010277950155697,-0.0060681977044487,-0.0083988771812762,0.0056117795783594,0.0079444280144654,0.0072249553809923,0.0095503462174809,0.0087190865792983,0.0119948175992566
2022-01-20,0.000282024053233,RV_SV,-0.0090177074348219,-0.0125517903489115,-0.007710409765431,-0.01032266877734,-0.0059324422921071,-0.0085640743759031,0.0055487642900486,0.0078698251744961,0.00720766769376,0.0093668889055068,0.0087836207604549,0.0114718792408251
2022-01-21,-0.0001762557122429,RV_SV,-0.0092831909521296,-0.014231029658957,-0.0075987169048282,-0.0102197796921905,-0.005941471213537,-0.0084643894271384,0.0055694981548311,0.0079228906946697,0.0073142733530074,0.0095813177881217,0.0086432163801122,0.0115789039056548
2022-01-24,-0.003284031713219,RV_SV,-0.0086506667097454,-0.0140157922973198,-0.0075759101577931,-0.0103725271738444,-0.0058783573743394,-0.0084482540629855,0.0055369338696282,0.0079587461591509,0.0072199041389811,0.0094250423514575,0.0085687190302628,0.0116860706313804
2022-01-25,-0.0030775181873898,RV_SV,-0.0091936030694258,-0.0139329558849773,-0.0075845279559386,-0.0102569400991221,-0.0058898688292624,-0.00842055809565,0.0055132571152413,0.0079562632924388,0.007221027394148,0.0094315045588313,0.0085784402367874,0.0116036376060253
2022-01-26,0.0005630743118654,RV_SV,-0.0086867592969525,-0.0126897047301557,-0.0075536997438645,-0.010021285509437,-0.0059358785340863,-0.0084791686036139,0.0055085294146735,0.0078552278757281,0.0072080931952392,0.0093765857501324,0.0085324623400496,0.0117544477905045
2022-01-27,-0.0116988035037596,RV_SV,-0.008994976707919,-0.0136201861244683,-0.007476028138731,-0.0100204349586601,-0.0057144697215147,-0.0081782203443239,0.0054145354900654,0.0077251550810467,0.0070970809889539,0.0093743496516334,0.0086679012185313,0.0114707310653092
2022-01-28,0.0013623797140826,RV_SV,-0.0094149433017125,-0.0117433570864248,-0.0079458118239643,-0.0101743422909639,-0.006672668543354,-0.0089210487434665,0.0059869185019611,0.0084816561050864,0.0074586827426946,0.0099447711024796,0.0089214082201937,0.0131730590427364
2022-01-31,0.0041384794087881,RV_SV,-0.010362220820764,-0.0154706094700003,-0.0081139709466545,-0.0115887241907812,-0.0065222196666664,-0.0093418494584438,0.0063118872049396,0.0087011445374538,0.0080699988039923,0.0098539847814157,0.0092577578618142,0.0117829364303142
2022-02-01,0.0032549314634323,RV_SV,-0.0099592396728631,-0.0151974684688184,-0.0080007663856977,-0.0109768099049052,-0.0061709259783088,-0.0090596750613113,0.0058518889239952,0.00815012232607,0.007682002138115,0.0095125230933369,0.0090140337561546,0.0115216776844495
2022-02-02,0.0043825089438755,RV_SV,-0.0102119335485122,-0.014951180571102,-0.0081925374526188,-0.0114361644092684,-0.006501754844604,-0.0093968112143776,0.0060688745198402,0.0083361998016353,0.0077375059275094,0.0098249624492662,0.0091383025941238,0.0120590276551229
2022-02-03,0.0106409039449857,RV_SV,-0.010198354781095,-0.0161387143996673,-0.0081073791574836,-0.0113145369401347,-0.0064178434748504,-0.0093010757336134,0.0059566988232843,0.0080411887684908,0.0076320410668291,0.0096216940983899,0.0091748212751122,0.0109284158180425
2022-02-04,0.0021347619843063,RV_SV,-0.0132169931917687,-0.0258449992676669,-0.0091765597419485,-0.0146758446636949,-0.0078726449183696,-0.0115154817229613,0.0081243208666014,0.0108404730723555,0.0099725960683244,0.0115031621013269,0.0099866279755339,0.0128032957811466
2022-02-07,0.0001136095503157,RV_SV,-0.0114135380832441,-0.0169743937212386,-0.0090973401902288,-0.0120002787009893,-0.0076891418893979,-0.0105517285809695,0.0071163673880733,0.0095845052189781,0.0086248704046517,0.0105459672114569,0.0101627720179207,0.0133066870612911
2022-02-08,-0.0021936332220591,RV_SV,-0.0109148852607978,-0.0150665077096468,-0.0087406466136757,-0.0116742399533877,-0.00663495660195,-0.009941795966022,0.0061905216398839,0.0085822706526884,0.0079293408101337,0.0100238084100607,0.0099935427324628,0.0109637896543285
2022-02-09,0.0008819684004165,RV_SV,-0.0106585019465202,-0.012964922644532,-0.0087407998647294,-0.0119016609830562,-0.006751482959033,-0.0096986876415401,0.0062370382622263,0.008347535028972,0.0080171545327662,0.0101103067959271,0.0100406553130918,0.0116906053031547
2022-02-10,0.0033805949541528,RV_SV,-0.0104080747295762,-0.0151225209144562,-0.0087523028188799,-0.011775688933934,-0.006621908603624,-0.0097358159435533,0.0060767514897063,0.0082530509663186,0.0079382929928214,0.0102099582218409,0.0100189522978708,0.0113155769448147
2022-02-11,-0.0056626159482875,RV_SV,-0.0114819883804981,-0.0151444637423157,-0.0090465201491581,-0.0121104619281862,-0.0079768020764042,-0.0105981239076286,0.0074169297693797,0.0097415522498046,0.0088797612794895,0.0115327992541433,0.0105222064768477,0.0147692873021181
2022-02-14,-0.0084682639799427,RV_SV,-0.0110648258046734,-0.0149564504035308,-0.0089783427014355,-0.0116864633478753,-0.0074473382343046,-0.0102040308222674,0.0069521142448202,0.0092247628357145,0.0086087585606378,0.0107627393483937,0.0102316639042477,0.0138193024932809
2022-02-15,0.0043201567550369,RV_SV,-0.0111996490553926,-0.0158124515899174,-0.009006602928632,-0.0120527018684468,-0.0072782040132037,-0.0102071332757088,0.0068475065047796,0.0093045633187266,0.0086868361677833,0.0106889093620632,0.0104291288090478,0.0127935632471825
2022-02-16,0.0008978715766665,RV_SV,-0.0117482207560842,-0.0156426687608808,-0.0090937478308326,-0.0128292606892902,-0.0072243477924902,-0.0103615162771132,0.0070742410590698,0.0095049902925991,0.0090070856336783,0.01091077969892,0.0104993268379072,0.0133827467149158
2022-02-17,0.0003694776332125,RV_SV,-0.0111817980283155,-0.0149198947195912,-0.0088338687942138,-0.0120718258077601,-0.0068653303746238,-0.0099217783037019,0.0064493634172638,0.0088592856955219,0.0084066702582081,0.0099664456962749,0.0105594358675745,0.0117476641640447
2022-02-18,-0.0024878099200073,RV_SV,-0.0110998821187747,-0.0145675856225525,-0.009541680348903,-0.0122767850586716,-0.0081344146212232,-0.0109601974620827,0.0077123770478126,0.0099988951700073,0.0093183772549357,0.0120844027930171,0.0106749311166436,0.0148499756093591
2022-02-21,-0.0004541976984555,RV_SV,-0.0103699266536387,-0.0142794907865665,-0.0087006128048213,-0.0114599367536973,-0.006636953682912,-0.0095768466509391,0.0063336788728642,0.0089574975602515,0.008330278911216,0.0106513254972119,0.0105273814279362,0.0129587876877896
2022-02-22,-6.61625083769879e-05,RV_SV,-0.0106978747586175,-0.0155692624592266,-0.0086726535416057,-0.0117093181311438,-0.0067885167046533,-0.009580923533201,0.0065851511062432,0.0092862838942478,0.0085782536560711,0.010872298308599,0.0103903063169228,0.0127141881185293
2022-02-23,-0.0009664714617184,RV_SV,-0.0111501598360574,-0.0154835024198708,-0.0089736688969905,-0.0118436263885363,-0.0072627470340687,-0.0099589951766482,0.0070506048145439,0.0096279347718582,0.0089753143387747,0.0114678478801258,0.0105800714673287,0.0140977062158454
2022-02-24,-0.0191388389632072,RV_SV,-0.0107833179006491,-0.0149392819298866,-0.0088026238012631,-0.0117914039738873,-0.0069163824477693,-0.0097418286977542,0.0067456533886919,0.0093297475205337,0.008740616941253,0.0110646708746462,0.0106295151687107,0.0131092580696601
2022-02-25,0.0120938416605312,RV_SV,-0.0121749031902968,-0.0169865996100813,-0.0097002103509986,-0.0119747013827063,-0.0086920674802104,-0.0110692762065632,0.008077340926014,0.0109834260015949,0.0095967145661159,0.012618341855924,0.01101532035351,0.0169450288484038
2022-02-28,-0.0011990395773696,RV_SV,-0.0152313474709094,-0.0278932740641862,-0.0106140196796741,-0.0152799179369149,-0.00913782727068,-0.0128086064368549,0.0101769682341216,0.0122968844630906,0.0121142355102535,0.0139610102499536,0.0121516616091558,0.013917706499274
2022-03-01,-0.008144244732307,RV_SV,-0.0146595410714895,-0.0206668701758865,-0.0107439705023551,-0.0148589274813955,-0.0088741778474605,-0.0126145442380737,0.0092994518634379,0.0115431161504875,0.0112286136778111,0.0130654172647404,0.0122629951514796,0.0136090836995876
2022-03-02,-0.0064681720364039,RV_SV,-0.0131083739390387,-0.0179039900914089,-0.010601008377186,-0.0134396996080719,-0.0085639647996032,-0.0118433979948047,0.0081215742406606,0.0105775142164445,0.0101097384484756,0.0120493799546852,0.0125413498768689,0.0143519835517481
2022-03-03,-0.0006077647211348,RV_SV,-0.015043417490881,-0.0195965599991163,-0.0115784873579202,-0.0161743415451638,-0.0098307368511564,-0.0134691471082805,0.0095044826249521,0.0120143809265738,0.0114111784063232,0.0139539640960933,0.0135268331612564,0.015895606927206
2022-03-04,-0.0129842116940443,RV_SV,-0.0152922809051408,-0.0222312018448189,-0.0113199533539775,-0.0159845645731173,-0.0091891436122447,-0.0129514586880781,0.0092757909540267,0.0115620196017248,0.011365539495099,0.0127389271683198,0.0130608116109995,0.0144671202111897
2022-03-07,-0.0039159554480036,RV_SV,-0.0140436618434691,-0.0185843262562077,-0.0115821485959824,-0.0143191773629724,-0.009891445711385,-0.0128308011300755,0.0092172700546217,0.0120531770375611,0.011180464939971,0.013745909322905,0.0137804426072544,0.017075834862985
2022-03-08,-6.20629019201929e-05,RV_SV,-0.0154371852057781,-0.0210780015269932,-0.012217918889735,-0.0172759845632781,-0.0108752112311048,-0.0143311725748781,0.0104080812260523,0.0130442238746708,0.0123625966351843,0.0151942147635434,0.0140584650806002,0.018378902872331
2022-03-09,0.0153449979172934,RV_SV,-0.0166934675680398,-0.0233219653559567,-0.0124265125558577,-0.017679251939113,-0.0111330482161589,-0.0156379665594399,0.0109969086919671,0.0131432803302648,0.0124257103733919,0.0140556622508265,0.0141930357475025,0.0154115783157979
2022-03-10,-0.0022798721725409,RV_SV,-0.0205039535659096,-0.0240763952324887,-0.0131014079691477,-0.0180543316165504,-0.0124077927643746,-0.0168759300235907,0.0126931612883974,0.0151449729556197,0.0149774969354793,0.016093962576313,0.0150156435277568,0.0160798824587051
2022-03-11,-0.0048466665790182,RV_SV,-0.0210881756756646,-0.0328887766658662,-0.0151326906891249,-0.0223264359353195,-0.0135932569745638,-0.0177258296685156,0.0142387936880431,0.0168404739305402,0.0161383960746888,0.0181900461568182,0.016926215348081,0.0193888985520985
2022-03-14,0.0012394878674818,RV_SV,-0.0172114130683532,-0.0276082630464546,-0.0139817333045135,-0.0173337917448177,-0.0110150314753126,-0.0147552137531917,0.0104645334321287,0.0130662388520807,0.0131359103421959,0.0150300431195082,0.0162638056487982,0.0160738044581053
2022-03-15,-0.0005625917634171,RV_SV,-0.0149621308387977,-0.0191325186159921,-0.0130847957192343,-0.0179214568643617,-0.0098203797468132,-0.0140144479900663,0.0092815650432345,0.0121610121097456,0.0121912490252524,0.0144174416058242,0.0148081467969629,0.0140259866659993
2022-03-16,0.0017391387909038,RV_SV,-0.0160559271211978,-0.0243036547202194,-0.0129340735563001,-0.0165590185207831,-0.0104200297351968,-0.0144602799410479,0.0105164896126296,0.0131205516884584,0.0131257782198196,0.014721666088305,0.0147204593135559,0.0158009376697143
2022-03-17,0.0106553656681405,RV_SV,-0.0171806394470259,-0.0261896344526494,-0.0130588022705814,-0.017177937224639,-0.0115221516170485,-0.0152528474280211,0.012242461661384,0.0145926667186612,0.0146176471939432,0.0162278436236029,0.0154806617559542,0.0181323086287795
2022-03-18,-0.0055578451955587,RV_SV,-0.0158463667532595,-0.0209080061764531,-0.0124824818234991,-0.0162003183444359,-0.0104843394773219,-0.0136477842523448,0.0110274861644393,0.0142631704399513,0.0135740042010099,0.016091987083704,0.0150584589270728,0.0184783705417094
2022-03-21,-0.0002783652509512,RV_SV,-0.0139465335633506,-0.0179365851284894,-0.011972018865138,-0.0147695190118285,-0.0090255914912825,-0.0123099648316952,0.0092261902356117,0.0126336001566404,0.0122039766401793,0.0151266911335571,0.014122636174749,0.0171111630249146
2022-03-22,-0.0020981516326518,RV_SV,-0.0139427271435108,-0.0180586476981692,-0.0117091351298304,-0.0147087094049514,-0.0086322167338914,-0.0121326245412934,0.0088020561810055,0.0121101832602236,0.0119433775123326,0.0135882879249905,0.0135201877055179,0.0159435516513164
2022-03-23,-0.0018502947019582,RV_SV,-0.0143399319712843,-0.018412535291454,-0.0117398154723779,-0.0147522743582154,-0.0092337288724529,-0.0124346074327721,0.0096809559768647,0.01319967331956,0.0123984062091802,0.0151302590504093,0.0140983268771526,0.0177685732082537
2022-03-24,0.0004180345620965,RV_SV,-0.0129383721225,-0.0154172634381665,-0.0111736711973678,-0.0135964672657586,-0.0085956517231466,-0.0114108683614029,0.009191069466555,0.0125275707258997,0.0119892730137677,0.015128238750341,0.0136034569312028,0.0184887149466412
2022-03-25,-0.0021397240621641,RV_SV,-0.0129416854049906,-0.0149021728990136,-0.0107939404390415,-0.0135208475451182,-0.0084076364229853,-0.011356955355634,0.0089234658277724,0.0122766263892735,0.0119974965006254,0.0157734182692287,0.0133298612418684,0.0186120451583947
2022-03-28,-0.0005851848223872,RV_SV,-0.0125885068135929,-0.0164555134777744,-0.0107677919299129,-0.0128199898764553,-0.0084409963126706,-0.0109711893666654,0.0090759847734629,0.0125123293682025,0.0119406812389878,0.0153405701360435,0.0131846358162496,0.0176110696941437
2022-03-29,0.0118214615590262,RV_SV,-0.0130390780573094,-0.0162120154757281,-0.0107445363140315,-0.013535676545231,-0.0085984022875638,-0.011141957604324,0.0093137558599389,0.012793361354963,0.0121489617144664,0.0152294644322155,0.0131539369686937,0.0175815918904241
2022-03-30,0.0050472273362947,RV_SV,-0.0191435088656881,-0.0289264190896875,-0.0121529739831379,-0.0169160384810966,-0.0114298041917144,-0.015685576207793,0.0134732347927186,0.0169875708763223,0.015752801898727,0.0180972262686826,0.0147455824835019,0.0196201775471925
2022-03-31,-0.006299502315708,RV_SV,-0.0142847147777251,-0.0199366667283539,-0.0115695627040642,-0.0144384611342984,-0.0091220665857511,-0.0124210082919375,0.0099270169405382,0.0131191611379459,0.0125829495713349,0.0148668579628095,0.0139158404516271,0.0171566119196637
2022-04-01,-0.0043908260866469,RV_SV,-0.0142607816712347,-0.0189111416106738,-0.0117348454311934,-0.0147166052959832,-0.0095391400418809,-0.012656131022863,0.009926797848668,0.0133231613872451,0.0124796728685267,0.0156601677408827,0.01449731908303,0.0180454774285824
2022-04-04,-0.0046694175020975,RV_SV,-0.0138932191083883,-0.0174596406215527,-0.0117004260592802,-0.0145522983245361,-0.0091466536508442,-0.0127093612892096,0.0093777577673636,0.0126843033289402,0.011966392016382,0.0147280110402307,0.0141272987785345,0.0173410761390277
2022-04-05,-0.0065735745409985,RV_SV,-0.0128620326401215,-0.0154995408046481,-0.0111878446271037,-0.0137194918349713,-0.0083834932158721,-0.0114787417166883,0.0083650731466735,0.0118641787147369,0.0112304834210037,0.0138686788703808,0.0132737444172423,0.0148302572771177
2022-04-06,-0.0009344360969154,RV_SV,-0.0125287515503946,-0.0148588256824066,-0.010178656332357,-0.0125558065525997,-0.0080882809234914,-0.0110694441529736,0.0083401633354536,0.0116140525052878,0.0110109758792039,0.0135982894472548,0.0126877601213384,0.0169614512475294
2022-04-07,-0.001102749534297,RV_SV,-0.0120697632440086,-0.0146113008186228,-0.0101191115970764,-0.0125989010709095,-0.0078832414901223,-0.0104892334828055,0.0083127923629515,0.011467229923953,0.0108666495836839,0.0141463515857026,0.0120349036851546,0.0158265623004755
2022-04-08,-0.0022804241410867,RV_SV,-0.0121399191672954,-0.0157265756609624,-0.0100639480959816,-0.0120879307407888,-0.0082530961793168,-0.010456487661294,0.0086463913591633,0.0119048844011933,0.0109271038294887,0.0142709932551838,0.012451936674786,0.0174696389812802
2022-04-11,0.0001862113918476,RV_SV,-0.0118550913219402,-0.0161607159763076,-0.009812064247195,-0.0124438459430406,-0.0077478345557181,-0.0104380457639313,0.0080381886969579,0.0115052556529955,0.0103533741709486,0.0129477143008081,0.0116032057129706,0.0157254263353901
2022-04-12,-0.0021170360209124,RV_SV,-0.0116621250479692,-0.0162004647922777,-0.009384648874222,-0.0117823787299359,-0.0073570004124133,-0.0101376741463824,0.0074395021162341,0.0104246656956732,0.0097450268209616,0.012339438369459,0.0110558026587148,0.0146526616924344
2022-04-13,0.0017675737753714,RV_SV,-0.0120859272128594,-0.0173284158665386,-0.009580964246156,-0.0127761721554743,-0.0076892684619295,-0.0106270466616858,0.007855904144733,0.0108998011928702,0.0100578391973009,0.0125461358383668,0.0113245823186689,0.015085930779056
2022-04-19,-0.007612638875053,RV_SV,-0.0115860363373387,-0.016014028655229,-0.0096274038918684,-0.0125373385041424,-0.0076111500916033,-0.0104133833179217,0.0075810751781653,0.010341928783332,0.0097803951097213,0.0124351082041478,0.0113351617167378,0.0149342036785918
2022-04-20,0.0060454550545964,RV_SV,-0.0118775843248165,-0.0166671710275756,-0.0094040733948037,-0.0127879237533349,-0.0074933347082137,-0.010356704911688,0.0076096227224562,0.010334755894123,0.0098051240799614,0.0124701518565613,0.0110616298972018,0.0144838382732508
2022-04-21,-0.0011868015252081,RV_SV,-0.0118517254884985,-0.0157786696475411,-0.009482237258526,-0.0128555983882486,-0.0077094906007621,-0.0109305014262345,0.0078593891256657,0.0105860174645707,0.0099725867865691,0.0121095940416925,0.01107142118474,0.0144467675433068
2022-04-22,-0.0048910930008128,RV_SV,-0.0121267050153097,-0.0166865261573996,-0.0096056539244088,-0.0128470872274875,-0.007809567701141,-0.0108448039144356,0.0078614917453968,0.0105899200798618,0.009845763292505,0.0122864380229298,0.0112807355717443,0.0147151484697308
2022-04-25,-0.0080169235197201,RV_SV,-0.0117520208193447,-0.0163542549321265,-0.0094947846919681,-0.0125981626432039,-0.0076750657666113,-0.0105625003419174,0.0074864819045753,0.0102324039224027,0.0095282233092522,0.0119138394880738,0.0112002471638484,0.0143798628300061
2022-04-26,-0.0041100885961193,RV_SV,-0.0118378911524142,-0.01543502770862,-0.0097993692285685,-0.0127233299265876,-0.0082440505379019,-0.0106555417094267,0.0077441939980662,0.0104895949100262,0.0095822756312357,0.0126540680350539,0.012036097318335,0.0159567674612487
2022-04-27,-0.0107100174149537,RV_SV,-0.0124461127952857,-0.0168818594796805,-0.0098572684400268,-0.0130279244520014,-0.0078769929840215,-0.0109835369249422,0.0075488478142461,0.0102533575485345,0.0096571573368852,0.0120510747562057,0.0117089205982361,0.0146550168744887
2022-04-29,-0.0043191890635153,RV_SV,-0.0127863219500148,-0.0198653028312121,-0.0102970515941737,-0.0132116013206525,-0.0087207176592211,-0.0115933101614804,0.0083518801671032,0.0112485322648248,0.0101840126952628,0.0127603387751781,0.0124318057098925,0.0163460601309037
2022-05-02,-0.0017567770990387,RV_SV,-0.0143530373245263,-0.0201360497228544,-0.0112748047010417,-0.0149940592664089,-0.0094775384025991,-0.013110456547257,0.0093393797392768,0.0118542397292677,0.0114921224387726,0.0133837183431201,0.0135577682459876,0.0151968370830504
2022-05-03,0.0009903471655349,RV_SV,-0.0137406697332874,-0.0177899090936971,-0.011100130427308,-0.0146133950218785,-0.0086309325162535,-0.0121856532341289,0.00820434732738,0.0107698584009371,0.0104782078475937,0.0123093762684202,0.0127627594418188,0.0145413712303298
2022-05-04,0.0008399573396915,RV_SV,-0.0140623311442374,-0.020221371940242,-0.0110223179198199,-0.0147403756428875,-0.0089932128109542,-0.0124717650252823,0.0087080027186328,0.0113513064405197,0.0109309845436721,0.0124957761058573,0.0131229490477344,0.014080798411581
2022-05-05,-0.0032617465349081,RV_SV,-0.0133204032613242,-0.017836832821118,-0.0107224747764181,-0.0142245421656694,-0.0085148467914613,-0.0120303383533161,0.0081750750189125,0.0106011568185962,0.0104443113752449,0.0122588376366629,0.0124371744601264,0.0139145310935694
2022-05-06,0.0061298365804029,RV_SV,-0.0159936782163272,-0.0213031756550354,-0.0121463332629808,-0.0175032793598354,-0.0121394204876358,-0.0153564962646994,0.0125586151793671,0.0147241186846834,0.0138403863763386,0.0174364264633045,0.0151572687967607,0.0200973846006986
2022-05-09,-0.001329998279151,RV_SV,-0.0173938064976008,-0.023837684274789,-0.0127153172927494,-0.0175256435921228,-0.0119008434930176,-0.0158768004124267,0.012749383213218,0.014675131339179,0.0146350621447179,0.0165850747686659,0.0159303813815945,0.0187964071236083
2022-05-10,-0.0024207776563096,RV_SV,-0.0150944015447793,-0.0200875767630244,-0.012176585983898,-0.0158601885801291,-0.0097267152090858,-0.013659876260775,0.0094114757899075,0.0122060312634936,0.0117871674798452,0.0134620975920024,0.0143514449707685,0.014777380065537
2022-05-11,0.0005577013357326,RV_SV,-0.0152919030503312,-0.0209288312872872,-0.0123602084017208,-0.0158363060677654,-0.0097064779308915,-0.0135394250904124,0.0094579873998606,0.0124564055044847,0.011922191670921,0.0137186064298323,0.0146863529059705,0.0156879239038513
2022-05-12,-0.0155223514260876,RV_SV,-0.015334373683125,-0.0173360137263946,-0.01251822034653,-0.0160284462773676,-0.0099102114217885,-0.0135419783324803,0.0094387787653136,0.0120521280155169,0.0120267732963877,0.013718440319635,0.014531004649787,0.0149055731710016
2022-05-13,0.0034975079251388,RV_SV,-0.0147020346356101,-0.0161966464460826,-0.0126877895271479,-0.015154072783227,-0.0110931380099778,-0.0144019652433512,0.0103501082408696,0.013178329074405,0.0122660752849347,0.0150877303695773,0.0154993288242385,0.0194536806355228
2022-05-16,0.0007920944590691,RV_SV,-0.0144666729038009,-0.0190230863185284,-0.0119148654657492,-0.0150191630622904,-0.0096814140090287,-0.0129396987259293,0.0097022931883377,0.0125560160982909,0.012114851552365,0.0146469183385975,0.0139411269447707,0.0165209921429742
2022-05-17,0.0107961071904153,RV_SV,-0.0141031286846476,-0.0190196457722808,-0.0115145173446796,-0.014776299887577,-0.0091791656198574,-0.012746854271512,0.0091973330981748,0.0118109261758883,0.0117767627009265,0.0142421371430092,0.0137140756674893,0.0161022831166146
2022-05-18,-0.0039312311988282,RV_SV,-0.0155866773582088,-0.0215670249302428,-0.012290402555154,-0.0160013264176118,-0.0098729600286149,-0.0136597903866819,0.0106644934958708,0.0136044094189036,0.0130572370706449,0.0148135026909709,0.013955142974377,0.0159768157901262
2022-05-19,0.0090615783145461,RV_SV,-0.0141234823659146,-0.0167674034559381,-0.0114901936085505,-0.0154386334507005,-0.0095876864310264,-0.0125682447138043,0.0094672515996568,0.0126345655004317,0.0119063139388104,0.0146410495504854,0.0141562331446761,0.0175359086705506
2022-05-20,-0.0026838163165797,RV_SV,-0.0149888939530879,-0.0213497422847404,-0.0117145611817968,-0.0152397931399797,-0.0097045088071489,-0.0130134975273701,0.0106536355811586,0.0135000916543302,0.0132113715295309,0.0150826385414429,0.0140435758740256,0.0175351105720164
2022-05-23,0.0104345987311543,RV_SV,-0.0136225269890857,-0.0167556769984755,-0.0110171783859092,-0.0143591981350588,-0.0091534521780966,-0.0121550609956492,0.0092993626814032,0.0122064763334376,0.0117933593829498,0.0144567666571157,0.0137047800042314,0.0176687589435234
2022-05-24,0.0069026020949825,RV_SV,-0.0139359869878971,-0.0229728000919598,-0.0119489608748967,-0.0159345058964087,-0.0096604883702323,-0.0133499547904177,0.0106644229886239,0.0133411281266606,0.0132658626760885,0.0152384393773348,0.0138822836401141,0.0168679170035527
2022-05-25,-0.0080514265520267,RV_SV,-0.0169644096052396,-0.0217325491801966,-0.012529420009242,-0.0167306049380142,-0.0099801548946631,-0.0133342235342566,0.0113987733277267,0.0147154217423292,0.0138573251907347,0.0158125487667421,0.0143782461449908,0.0175197579478903
2022-05-26,0.0064118222981075,RV_SV,-0.0139587350341582,-0.0186187991246451,-0.0117029570783874,-0.014433464805721,-0.0093855978646743,-0.0123341641568933,0.0096460203174687,0.0130390625644013,0.0120238506820895,0.0148101752052976,0.0140839699694604,0.0177529018869025
2022-05-27,-0.001663309715854,RV_SV,-0.0143892769964029,-0.0218980025279763,-0.0116824993589073,-0.0146777870450311,-0.0092923725267464,-0.0124399531136035,0.0100101514045607,0.0128901864920991,0.0125063637779331,0.014703213783213,0.0138454401579352,0.017258646773444
2022-05-30,0.006810638035916,RV_SV,-0.0143350504798544,-0.0192533413157687,-0.011772276942632,-0.0146398213124629,-0.0094526415865542,-0.0122988263455152,0.0098818834986505,0.0130142834421423,0.0123107808662328,0.0150283499145851,0.0139915417864439,0.0176775433743021
2022-06-01,-0.0127139935752246,RV_SV,-0.013193341443817,-0.0166666945245987,-0.0105755145332503,-0.0141019470945783,-0.0085541942284084,-0.0116256803587167,0.0089082496521463,0.0119909178784322,0.011482907410928,0.0141120240338843,0.0130748884376321,0.01611442455052
2022-06-02,0.0081958085924322,RV_SV,-0.0126642468532997,-0.0171181261119933,-0.0109640827746829,-0.013225897858758,-0.0087804944539463,-0.0116311002837273,0.0089347922976388,0.0122354420789878,0.0112570318993768,0.0142583993848738,0.0134070488778586,0.0181758133710488
2022-06-03,-0.0019633041102568,RV_SV,-0.0134806847743894,-0.0179548661061868,-0.0109584361372645,-0.0141971335260506,-0.0085326958608911,-0.0117695941262705,0.0092635788972965,0.0122118610680405,0.0118158864219035,0.0142475278194399,0.0128091416645915,0.0164150723245306
2022-06-06,-0.0012938757582563,RV_SV,-0.0128534423202447,-0.0169415443418592,-0.0106318847337771,-0.0130774365603846,-0.0082520189375473,-0.0109764952762188,0.0085121910515749,0.0116703311790799,0.0110274381799006,0.0138662266839865,0.0127379863497338,0.017233925312055
2022-06-07,-4.67416402660376e-05,RV_SV,-0.0123609813712785,-0.0155225833117932,-0.0103609080044236,-0.0128308174927871,-0.00795655826721,-0.010789818875155,0.0084604442036365,0.0115081042293658,0.0109375024011152,0.0136798724369557,0.0124011094265841,0.0168418634092905
2022-06-08,0.0041700933629873,RV_SV,-0.0124619113151925,-0.0152594311372102,-0.0101635168002348,-0.0131899712471778,-0.0079400713969709,-0.010806305204003,0.00843558607949,0.0113867743376869,0.0107849882044896,0.013253852078844,0.0121008785574776,0.015992510951127
2022-06-10,-0.0208221804298043,RV_SV,-0.0123910003115829,-0.0177792904452411,-0.009819611197147,-0.0130878691575069,-0.0077543663010073,-0.0108303669060448,0.0082490104205575,0.0111359147215774,0.0105201556390212,0.0128493267609763,0.0116697095938201,0.0159330190455905
2022-06-13,-0.0081652195369367,RV_SV,-0.0129671794582021,-0.0161715618499644,-0.0103228047703664,-0.0131083190353072,-0.0092623861638295,-0.0119273338151843,0.0089278259025702,0.0125828407398801,0.010577308504726,0.0159741153950955,0.0135538951594326,0.020382270595034
2022-06-14,-0.0016905120761224,RV_SV,-0.0133138748814497,-0.0182454245816402,-0.010644215923052,-0.0140130753939281,-0.008693103232577,-0.0115840868825126,0.0086133326900559,0.0115062289240258,0.0107539202413244,0.0132818310618115,0.0126142314830554,0.0161904521678745
2022-06-15,-0.0029634849942146,RV_SV,-0.0137671089691654,-0.0188488209080055,-0.0111080117600472,-0.0143296014325278,-0.0092438468845351,-0.012339438184269,0.0091833823436693,0.0120862123277227,0.0112815300754832,0.0138575903323511,0.0130595090358861,0.0167798992030681
2022-06-16,0.0136743479220319,RV_SV,-0.0155543699560252,-0.0214811593512007,-0.0118024490804656,-0.0153134124720176,-0.0105744591038985,-0.0137771029047085,0.0105205846242893,0.0132565510477923,0.0123586487519346,0.0149048577798333,0.0142487065505417,0.0186980944703311
2022-06-17,-0.0052897706293923,RV_SV,-0.0232369179359465,-0.0359324801301241,-0.0144001878707297,-0.0255987708291326,-0.0142810456170461,-0.0190623798790834,0.0154690511545351,0.0184647517739258,0.0171222252285451,0.0186598364230276,0.0171385759033532,0.0204895247733388
2022-06-20,0.0061275649298936,RV_SV,-0.01784510845546,-0.0217710017288748,-0.0140995435572912,-0.0173974979107963,-0.0119815683367325,-0.0154686288037563,0.0112151138247785,0.0139678969155131,0.0135679732703181,0.015506174145375,0.0160960692930649,0.0175704356837957
2022-06-21,0.0009698252347973,RV_SV,-0.0144549063932938,-0.0264582616492195,-0.0136411219987843,-0.0166693870291107,-0.0105321551417506,-0.0147892993524033,0.0087187384368182,0.0105886498523319,0.0116121062851519,0.0127988839630582,0.0140729044964919,0.0125280862004016
2022-06-22,0.003029086254834,RV_SV,-0.0152047718795104,-0.0229444602507641,-0.0133161896173264,-0.0162998493356435,-0.0104392509750403,-0.0144552526286649,0.0091110817089578,0.0116085286912603,0.0116635681770693,0.0130641053135308,0.0142743377409458,0.0139157552675908
2022-06-23,-0.0074042966146307,RV_SV,-0.0154316345677483,-0.0296198179319341,-0.0128701395186087,-0.0173558039175338,-0.0103958659518669,-0.0144828932812636,0.0099550587969003,0.0126986690315514,0.0124095782941283,0.0141257548383608,0.014359224927398,0.0154073038070358
2022-06-24,0.0034267361464686,RV_SV,-0.0142482422359923,-0.0176164201249444,-0.0117939724499727,-0.0139690281674133,-0.0101650043124791,-0.0130451336815233,0.0099097660231409,0.0130894067420045,0.0119430567318423,0.015834082716552,0.0145955092665818,0.01997372406223
2022-06-27,0.0058731658529378,RV_SV,-0.0142690670390609,-0.0189842493456079,-0.011543354948628,-0.0148588675077968,-0.0092215760467438,-0.0126378817047317,0.0097195561382334,0.0125006816633348,0.0120985935992631,0.0144708173093888,0.0133839718772188,0.0166341509918364
2022-06-28,-0.0062456879623991,RV_SV,-0.0134003477358791,-0.0172480355012783,-0.0114375010100912,-0.0147098240647242,-0.0085710951209743,-0.012069050467618,0.0085889474202056,0.0115064913296849,0.0111703108082952,0.0134314079595606,0.0128159672205681,0.0150877013193815
2022-06-29,-0.0054613670620203,RV_SV,-0.0130181748994017,-0.0177001297140957,-0.0113863930328155,-0.0143725518224193,-0.0088278655144666,-0.0120239536800713,0.0086900214052612,0.011682602582988,0.011082494653283,0.0136846698595852,0.0131668564972136,0.0163805413694782
2022-06-30,-0.0007686487200418,RV_SV,-0.0133085423363953,-0.0179352212561909,-0.011146359999062,-0.0140052667968542,-0.0089143859947709,-0.0120742576025853,0.0090107548716973,0.0120549094802032,0.0112731022501564,0.0141742942466135,0.0132789513384045,0.0167440671146519
2022-07-01,-0.00589666998093,RV_SV,-0.014697701732764,-0.0226010602871955,-0.011083790059869,-0.0148918028839595,-0.0091537420275545,-0.0124960727365347,0.0097240806235181,0.0125897783507148,0.0119172330449919,0.0145684078199429,0.013303166254311,0.0180620060634321
2022-07-04,0.0019414522829079,RV_SV,-0.0138888406370373,-0.0183016440368972,-0.0111484028955485,-0.0138683368106826,-0.009255055195082,-0.0121734514650484,0.0094881789019024,0.0125112635876872,0.0116970977146458,0.0150773966732997,0.0136919025480422,0.0190268855076602
2022-07-05,-0.0167956185607103,RV_SV,-0.0128672881279096,-0.0184277142878606,-0.0111277449726597,-0.0142737149652998,-0.008297777636799,-0.0117235362330495,0.0084543280974494,0.0114756747825857,0.011045170103681,0.0134866403469305,0.0126823593346332,0.0152523590372407
2022-07-06,-0.0081864128716971,RV_SV,-0.0128066977859198,-0.0126216496596516,-0.0116046521366628,-0.0137844649745091,-0.0095142996186729,-0.0126416247751245,0.0090726326629631,0.0128613672099407,0.0111975454332679,0.0151841727249643,0.014206944715929,0.0204339758232089
2022-07-07,-0.001170758716421,RV_SV,-0.0150398684818851,-0.0198450157194083,-0.0120458660573578,-0.0158246875500002,-0.0101280797778676,-0.0131469716434015,0.0102246574353191,0.0133449310153896,0.0124159313913875,0.0156689010032007,0.0144398332065152,0.0191242216343365
2022-07-08,0.0019668784123054,RV_SV,-0.0150962489241433,-0.0202272237237209,-0.0122472229233276,-0.0155228235108045,-0.0100674550547727,-0.0131998644949268,0.0102084835348203,0.0133153826229384,0.0125542487533633,0.0151222879402994,0.0144974950074841,0.0188428265525579
2022-07-11,-0.0091690790871032,RV_SV,-0.017197618144434,-0.0223299957456706,-0.0129171754040346,-0.0164475705235096,-0.0113843004590486,-0.0142126403597148,0.0118653893404233,0.014935454331408,0.0139652996865846,0.0170237972115574,0.0156979570790456,0.0209395748929597
2022-07-12,-0.0016795614761464,RV_SV,-0.0151921007228565,-0.020215533770292,-0.0132884202944051,-0.015912955801233,-0.0102059838897635,-0.013826056584041,0.0096231642078546,0.0128740789165358,0.0124378019307077,0.0150724828020392,0.0147549415936471,0.0167640646677612
2022-07-13,0.0009356429753023,RV_SV,-0.0169082868077855,-0.0208999038123414,-0.0131435407534496,-0.01780455272618,-0.0107736774977574,-0.0146767013530214,0.0108279400508818,0.0139073077500023,0.0133276042246652,0.0157134916820307,0.0149098909878663,0.0171825268040264
2022-07-14,-0.0050359773933051,RV_SV,-0.016802761067943,-0.0198315647808524,-0.0144152311533492,-0.0169281727335758,-0.0136788101695048,-0.0164533551801557,0.0136086937612194,0.0159259808676667,0.0153295499020174,0.0182970307285373,0.0184299448112823,0.0235827081731063
2022-07-15,0.0062309368895258,RV_SV,-0.0179999824246087,-0.0243544597050568,-0.0149022591682783,-0.0180369399646965,-0.0123739954388705,-0.0158972110753169,0.0118911364179993,0.0147242274866639,0.0146541426509311,0.0167218558851615,0.0165569996739358,0.0193383609819978
2022-07-18,0.006938179518834,RV_SV,-0.0178801554569862,-0.0245395517320636,-0.014877896474144,-0.0183373830239178,-0.0123195427356099,-0.0160524952995148,0.0120609167390812,0.0149196105909584,0.0146994044022807,0.0165274398363183,0.0167614292928705,0.0188359278677464
2022-07-19,0.0076964559709091,RV_SV,-0.0172946824353657,-0.0266608442164022,-0.014422288049401,-0.0195994995335129,-0.0111703945082114,-0.0149637507741162,0.0101069924902315,0.0132943974522081,0.0134943097783094,0.0161418889832363,0.0150357352553644,0.0151061015692975
2022-07-20,-0.0023418813704121,RV_SV,-0.0190395486335887,-0.0232453115141246,-0.0148891241501314,-0.0197725073378587,-0.0123929403985698,-0.016652200118759,0.0120472856538802,0.0147159088492762,0.0148770442848501,0.0162635981088487,0.0161587996182067,0.0168986923740246
2022-07-21,-0.0014352159328265,RV_SV,-0.0159556200972639,-0.0190580331141158,-0.0138463491907052,-0.017203803663437,-0.0113897518842623,-0.0147048357766335,0.0108034834813802,0.014251295666291,0.013297894138909,0.0158637170411649,0.0159355370984467,0.018475241193472
2022-07-22,0.0025995084876442,RV_SV,-0.0190385417471175,-0.0257103449174262,-0.0146855672344368,-0.0208368157642145,-0.0136031163032764,-0.0173304026079059,0.0140486256017534,0.0168779949431675,0.0162437289608617,0.0186852311743764,0.0178018872006392,0.0233701943260474
2022-07-25,-0.0016269614280269,RV_SV,-0.0174084738471713,-0.0216763302951762,-0.0149335021015812,-0.0182286863982611,-0.0119920709809296,-0.0160022788934032,0.0119578723816032,0.015227874725394,0.0145313361766826,0.0171618455619146,0.016848017322853,0.0194753874658837
2022-07-26,-0.0093010882954889,RV_SV,-0.0173148131011927,-0.0226550255016822,-0.0146866077509071,-0.0178742342266747,-0.0115202626286584,-0.0149026400322737,0.010732507377626,0.0134535063788021,0.0139495375051516,0.0156704201886235,0.0162832015389714,0.0173235783399518
2022-07-27,-0.0010187480172316,RV_SV,-0.0163422360083375,-0.0171281281517121,-0.0140290549160581,-0.0169669470317804,-0.0113424073565097,-0.0147664097484473,0.0103925977303358,0.0132871146344524,0.0133104584080233,0.0158280225696545,0.016063546481089,0.0188149671067641
2022-07-28,0.0057329931502258,RV_SV,-0.016830590842151,-0.0203380523543404,-0.0143621542223846,-0.0171151439279261,-0.0108547677542662,-0.0147122778444603,0.0105800445058048,0.013716886910189,0.0137229113714151,0.0158462727422381,0.0156685750624723,0.01681171499453
2022-07-29,0.0037441870804159,RV_SV,-0.0199877361037113,-0.0282776896725373,-0.0145929523002426,-0.0193276607394522,-0.0140585740611042,-0.0190597498745047,0.0157102060212335,0.0184075075186576,0.0173271034482159,0.0207753063635671,0.0181586715657469,0.0242782188332612
2022-08-01,0.0065193912811679,RV_SV,-0.0186896281365273,-0.0224477741862237,-0.0145474350257175,-0.0182449953582168,-0.0116616403830417,-0.0154648156088443,0.012864525053011,0.0156635820320252,0.0152866730066588,0.0181555368552824,0.0171091029077254,0.0212861838259838
2022-08-02,-0.0070562198141172,RV_SV,-0.0172322253816734,-0.0233986397079999,-0.0144724658404867,-0.017571124899483,-0.0109082567888473,-0.0155606341022851,0.0114346711138319,0.014829366189344,0.0145726452026541,0.0160625035419137,0.0163638870073461,0.0173426876822816
2022-08-03,-0.0050415957668989,RV_SV,-0.0171783066606758,-0.0227183892330667,-0.0147751352837861,-0.0172620242216682,-0.0115053359001856,-0.0145783395633637,0.0115783569486482,0.0148545079465601,0.0144330963258849,0.0171078560061665,0.0170301844616033,0.0198046734655215
2022-08-04,0.00759324850078,RV_SV,-0.0175067905354478,-0.0224521798904755,-0.0148086480906042,-0.0178204666780092,-0.0113459901005381,-0.0156369425303121,0.0114757362237671,0.0146527629309467,0.0145480986463223,0.0171549653395284,0.0169608468985686,0.0195475202025993
2022-08-05,-0.0051762069432469,RV_SV,-0.0173745196485318,-0.0187120190306069,-0.0136316482903355,-0.0167394419940093,-0.0106088277376595,-0.0150760699466519,0.0113560752912175,0.0148852561239783,0.014435337662979,0.0171971777548187,0.0160378953208886,0.0187311434367175
2022-08-08,0.0036391383291986,RV_SV,-0.0148350634158152,-0.0130404092301369,-0.0134415306326599,-0.0152830043248358,-0.011126815489905,-0.0138227720908864,0.0110009698731703,0.014106255494891,0.0138404990852599,0.0185726120570327,0.0172122529228861,0.0235062712968722
2022-08-09,0.0018549566663352,RV_SV,-0.0158310799595509,-0.0191380170337961,-0.0133304678511404,-0.0170531920712021,-0.0096306090559312,-0.0137004149856336,0.0102877997079831,0.0138206280666926,0.013650389834012,0.0159792996579901,0.0152572589595236,0.0191768050217442
2022-08-10,0.0105404678865777,RV_SV,-0.0150536925127895,-0.0212468229488472,-0.012665550503979,-0.0158175221171015,-0.0093617397066661,-0.0132213511044272,0.0100379210286304,0.0135696891363281,0.0129422246860152,0.0154742326920413,0.0147938549428417,0.0181715270696214
2022-08-11,0.0003579877258116,RV_SV,-0.0203311912810235,-0.0330058359070037,-0.0133138193263109,-0.0188715564016205,-0.0111399228482339,-0.0165617350832963,0.0149400482521742,0.0169303389326013,0.0166146235886113,0.0174497994932158,0.0161096980804832,0.0185900194045147
2022-08-12,-0.0080663809840279,RV_SV,-0.0157051388221203,-0.0189778788371234,-0.0130950293058706,-0.015637213927244,-0.010032808127176,-0.0139019205577834,0.010959943221886,0.0142871741515927,0.013525513032612,0.0162333193781678,0.0154607217932656,0.0190968795478889
2022-08-15,-0.0067491379480268,RV_SV,-0.0143638962341304,-0.0161265721862517,-0.0123095699377241,-0.0155394399575406,-0.009588135176544,-0.0128095800279581,0.0100468730798963,0.0130555911345221,0.0124779419915944,0.0154520664573017,0.0149324240576239,0.0184349808741131
2022-08-16,-0.0011862266494188,RV_SV,-0.0145440857708341,-0.0183586339120142,-0.012215455393844,-0.0148531391791333,-0.0091093682883112,-0.0125178914972918,0.0097470793608184,0.0126835277283835,0.0122169526282069,0.014897767279692,0.0143253905355634,0.0172301006191509
2022-08-17,-0.0011162883346505,RV_SV,-0.0147055915725808,-0.0183056568003528,-0.0125045512220223,-0.0149029057331549,-0.0094082506790244,-0.0126961160982007,0.0098414373082388,0.0133419918884117,0.0124854865116193,0.0147673441451129,0.014465696558752,0.0180911453416447
2022-08-18,-0.0048731261199949,RV_SV,-0.01356913685205,-0.0158731959978571,-0.0114427502944819,-0.0143256659984767,-0.00903781216474,-0.0123777787051342,0.0097920549426436,0.012698185598234,0.0122337301595609,0.0155982978256223,0.0140669616918068,0.0189586744189342
2022-08-19,-0.007484017323574,RV_SV,-0.0141213440259835,-0.0175448773449014,-0.0114944345266117,-0.0150391513098906,-0.0091560502231572,-0.0118459218781877,0.0099702564272585,0.0131991051947434,0.0122910752281479,0.015288872156784,0.0139815784285693,0.0182610209021111
2022-08-22,-0.0102645630297851,RV_SV,-0.0134642716976829,-0.0160515092457506,-0.0113313692649883,-0.0150536235128601,-0.0087479231782897,-0.0117137760544066,0.0091924438205706,0.0126053480583031,0.0116346803790763,0.014350066459372,0.0136139233138306,0.0177101183679448
2022-08-23,0.0039004224879376,RV_SV,-0.0129984842174096,-0.0140313323370592,-0.0109319149520809,-0.0135543499925481,-0.0086075690640569,-0.0112656672282581,0.0087206883019521,0.0118830746321055,0.0110532443536725,0.0142840361701514,0.0133273423624879,0.0173043517962911
2022-08-24,-0.0006393998384892,RV_SV,-0.0146204972799826,-0.0207272435340503,-0.0113266308422434,-0.0154542255659173,-0.0094714217091235,-0.0131191462225393,0.0104258582193957,0.0132921658628847,0.012497905056766,0.0148483717147586,0.0138414183414968,0.0176890894665797
2022-08-25,-0.0010138476383011,RV_SV,-0.0149513394315933,-0.0195996505200126,-0.0116947273315105,-0.0154914169229669,-0.0092604153264767,-0.0125603804933409,0.0104004309357918,0.0126998747332401,0.0123996018984638,0.015294154148045,0.0137324480834858,0.0175066709512616
2022-08-29,0.0040992495350108,RV_SV,-0.0147976935538395,-0.0195806731993935,-0.011936980404543,-0.0151970938361968,-0.0095853662072387,-0.0130073968543484,0.0102228341063356,0.013131501209373,0.0122433897421452,0.0148013313626451,0.0140978719500919,0.0177230926741
2022-08-30,0.0020333587639484,RV_SV,-0.0153996369801789,-0.0225223244491122,-0.0122211326666192,-0.0158663187684943,-0.0094766734240131,-0.0136551299190083,0.0103350373893846,0.0130968312028363,0.0124332654978918,0.0149754438307684,0.0139924492387027,0.0169457477308603
2022-08-31,0.0044618699311531,RV_SV,-0.0155397506524186,-0.0211376937850923,-0.0124552766787073,-0.0159053790844258,-0.0099055330437373,-0.0135790009295988,0.0103201015066999,0.0129071466579915,0.0123823647603202,0.0148435310163774,0.0143615266601702,0.017591635370117
2022-09-01,-0.0114736433311382,RV_SV,-0.0155823816521485,-0.0225782129576453,-0.0122696817438237,-0.0159024932530723,-0.0097962452953805,-0.0136129504446109,0.010458526776514,0.0130681233484628,0.0125611799094706,0.0148220135518675,0.0141568165552628,0.0160974152427795
2022-09-02,0.0081864381882489,RV_SV,-0.0145586875429046,-0.0184411662561307,-0.0124039581272563,-0.0151356160724152,-0.0101995750176369,-0.0136767131648218,0.0097096113808109,0.0126349630181239,0.0119543484150874,0.0145990619254338,0.014613466223185,0.0206228975860899
2022-09-05,-0.0100981479894316,RV_SV,-0.0150896162655333,-0.0232003046631276,-0.012289139280403,-0.0157699103196978,-0.009889477415795,-0.013476501553968,0.0097248277677939,0.0123932903241493,0.0120813809282633,0.0141627674308111,0.0138798028835227,0.0165072839920614
2022-09-06,-0.0017085362910884,RV_SV,-0.0146559217913477,-0.0200508808804938,-0.0118582134672328,-0.0155753231987845,-0.0095173420979697,-0.0130977315798941,0.0088682627165955,0.0116451655962998,0.0112883400512897,0.0135369600294683,0.0133578685559645,0.0148925451426041
2022-09-07,0.002707609023381,RV_SV,-0.0147494148988172,-0.0201024151538591,-0.0118584941409741,-0.0153191233250968,-0.0098553599963774,-0.0130954419936853,0.0096238563163495,0.012439308058215,0.0118059636270779,0.0144734789655369,0.0138449072935801,0.0168713824483592
2022-09-08,0.0014502755425867,RV_SV,-0.0149909386996085,-0.0201562462267822,-0.0116973881042248,-0.0152045287519354,-0.0097394799023203,-0.0132536735416482,0.0098164152996089,0.0125333994121557,0.011919659732589,0.0140425107940395,0.0138630854730082,0.0164678576962535
2022-09-09,0.0091606136932557,RV_SV,-0.0151798042667594,-0.0212017458095089,-0.0124519629468005,-0.01548714428015,-0.0114493825921707,-0.0142544258294903,0.0116489248836369,0.0145178014714653,0.0131171851817028,0.0162316000722638,0.0153043262311998,0.0203850053544383
2022-09-12,0.0079867758514541,RV_SV,-0.0163964346849966,-0.0252431595413361,-0.0127859283573476,-0.0177035992913193,-0.0110475935390961,-0.014450049696667,0.0112866631769758,0.0137510981048474,0.0132363504810547,0.0154796298403637,0.0149181360958754,0.0171985837681648
2022-09-13,-0.0128366491423872,RV_SV,-0.0164966655709276,-0.0230034739516267,-0.0129167418421692,-0.0166944835905543,-0.0111601066965935,-0.014727229601221,0.0106390463512195,0.0132703466258758,0.0128033235159803,0.014886798893958,0.014877090171944,0.0176759308453956
2022-09-14,-0.0002851375808136,RV_SV,-0.0136391319493842,-0.0123795809558754,-0.0150312121051576,-0.0136861238634781,-0.0150956380021625,-0.0137335228448749,0.0119467720105516,0.0170272731497384,0.0131877415845937,0.0181646258152789,0.0196667384099229,0.0220436251562201
2022-09-15,-0.0002977303710722,RV_SV,-0.0175921170129162,-0.0223287520645872,-0.0146464371575459,-0.0180617758932073,-0.0121457675297226,-0.0161693171701636,0.0106004463104413,0.0130907098597502,0.0131157365418604,0.0143815518782354,0.0158663359284064,0.0175883236665694
2022-09-16,0.0021222063404726,RV_SV,-0.016849623008852,-0.0169589748481594,-0.0138715273682285,-0.0191869844660586,-0.0109231114165365,-0.0153387207417449,0.0097814764531205,0.0131296688052329,0.012532102320608,0.015080659421295,0.0149866158227678,0.0154788527268935
2022-09-19,-0.0010042995855105,RV_SV,-0.0169224415387684,-0.0220193486321022,-0.0138786534734341,-0.0177939327119938,-0.0116409991557526,-0.0152376703104758,0.010738393228228,0.0135295381759335,0.0131637769506624,0.0151047339729518,0.0157763531643529,0.0176019185126338
2022-09-20,-0.0008251795233598,RV_SV,-0.015877162751236,-0.0217588332845963,-0.0133230714517642,-0.0166174335960637,-0.0103520696842407,-0.0145406726269697,0.0096763363968903,0.0121601527970646,0.012287044665018,0.0141950558400401,0.0147221320373776,0.0153404103763701
2022-09-21,-0.0115486636521448,RV_SV,-0.0142764841922759,-0.0203761444265566,-0.0119725867431474,-0.0149274296269361,-0.0096259396373758,-0.0129035741681855,0.009803839724084,0.0131231098549361,0.0123600522443054,0.0155036701827182,0.0143929610720825,0.0177141550354084
2022-09-22,-0.0039403571943632,RV_SV,-0.0138384919518314,-0.0164591374723473,-0.0121205150628215,-0.0144630799903242,-0.0100324822337328,-0.0126045530468112,0.0098713629989805,0.0135748958312018,0.0122591637137951,0.0157984298038509,0.0150523038392476,0.0213673225981504
2022-09-23,-0.0125220539200952,RV_SV,-0.0194760067887659,-0.0198971455906094,-0.0142679201982132,-0.0173996540516133,-0.0137742949697758,-0.0153107460453725,0.0156039426967054,0.0182637550320335,0.0164895434948055,0.0200623252172606,0.0184336164196419,0.0271727298707616
2022-09-26,-0.0099124623322564,RV_SV,-0.0165985113825915,-0.0189039192612872,-0.0143073370274434,-0.0162688802589531,-0.0123009823415852,-0.0153032707489783,0.0115276570815318,0.014892704803891,0.0138593988946055,0.0177491198214085,0.017298372799765,0.0224562816302653
2022-09-27,-0.0007121785425839,RV_SV,-0.0198888575164046,-0.0175390094843051,-0.0185811726085761,-0.0231020508628228,-0.0197983434234551,-0.0212206559407953,0.0181004650716377,0.0222188910287996,0.0188147690277188,0.0266379625485855,0.0250664321419008,0.0474139498640848
2022-09-28,0.0067220610988026,RV_SV,-0.0223144285625496,-0.0290521234357674,-0.0189189723485714,-0.0221107659794532,-0.0162770771182931,-0.0209418878797999,0.0142758890172283,0.016473574870612,0.0169277115234771,0.0179815059999385,0.0203872910078354,0.0199442310186528
2022-09-29,0.009612937785308,RV_SV,-0.0257134388296219,-0.0360812255379616,-0.0200957709023084,-0.0277616538588986,-0.0181263797044347,-0.0247877105372706,0.0162764686096929,0.0179491751343488,0.0186581889434164,0.0206963613768207,0.021419904835698,0.0174445499409638
2022-09-30,0.0009562307852547,RV_SV,-0.0251938702935146,-0.0307263653521878,-0.0200675156955601,-0.0244834263273283,-0.0186803665554774,-0.0232389946894708,0.0169179501024668,0.0203082502221965,0.019378175998241,0.0208793086276983,0.02248120302737,0.0213343664988747
2022-10-03,0.0026083620145012,RV_SV,-0.0255643875913291,-0.0401791072498956,-0.0206579063691122,-0.0246334279898972,-0.0182834434188559,-0.0224622117126924,0.0156916369147425,0.0171924762974351,0.0180026296404823,0.0199189980242665,0.0223111900948996,0.0199359799371985
2022-10-04,0.0169985214613038,RV_SV,-0.0231699675943589,-0.0290227578456749,-0.0189062298821541,-0.0221246130231349,-0.0154248159464515,-0.0202119928149781,0.0141102309849491,0.0163921939302807,0.0169303692833023,0.0185800943164887,0.02018613296184,0.0214695497895032
2022-10-05,-0.0111481290238591,RV_SV,-0.02240478512631,-0.0275556156062233,-0.0183280872163543,-0.0217440811986168,-0.0151520148870164,-0.0202260938994443,0.014909102382168,0.0175336911533349,0.0171372654481105,0.019337495190458,0.0197325102773028,0.0190145878766185
2022-10-06,-0.0061920017264209,RV_SV,-0.0196814255855416,-0.0274474440651942,-0.0175378998493274,-0.0201341923142375,-0.0142629268528494,-0.017493488595387,0.0135321789778461,0.016833618133602,0.0158768399045303,0.0185015888321693,0.019980024119971,0.0240569141192809
2022-10-07,-0.0021313180246479,RV_SV,-0.0188178275297821,-0.0236098162171024,-0.0167431904867301,-0.0196811525918126,-0.0133078797957118,-0.017213057789163,0.0135308224172194,0.0171105216317967,0.0160187440176034,0.0203529192014839,0.0195209408314079,0.0241208030928711
2022-10-10,-0.0083158802050207,RV_SV,-0.018857227305307,-0.0233040665756659,-0.0161262613108882,-0.0202896986508658,-0.0132681380383721,-0.0165613082621159,0.0141763882202675,0.0177173647769912,0.0167269689629985,0.0213445023439127,0.0193258109104161,0.0242231116824033
2022-10-11,0.0054576424073559,RV_SV,-0.0187647653102812,-0.0222570954465764,-0.0155933759084868,-0.0181817889322806,-0.0125171003159712,-0.0166899648639432,0.0134880609573272,0.0173899701775932,0.0161210104373541,0.0185501290607826,0.0187213040362137,0.0226871196204346
2022-10-12,-0.0067028842882451,RV_SV,-0.0192028441549226,-0.0250108486328194,-0.0154982961623865,-0.020641958613144,-0.0125394002820913,-0.01674861126799,0.0138523204850594,0.0173040389291868,0.016506785621379,0.0198879414738808,0.0183466957008711,0.0242646017174335
2022-10-13,0.0090601776930398,RV_SV,-0.0183399506023119,-0.0182270026202194,-0.0159070983641483,-0.0185273404963644,-0.0134145807746056,-0.0170105272494972,0.0148981186181018,0.0183733668914524,0.017313662638286,0.0202606081716592,0.0193408976109517,0.023183265762665
2022-10-14,-0.0042194101378901,RV_SV,-0.018518684537185,-0.0159640835635689,-0.0184780168014729,-0.016386422086699,-0.0182827799929566,-0.0181872141302003,0.0175342595827539,0.0220738871149344,0.0185658305847519,0.0228674449135345,0.0243129787420671,0.0375218273343018
2022-10-17,0.0106385340404241,RV_SV,-0.0222108239680712,-0.0303665979108612,-0.018768470299616,-0.0214288030512602,-0.0158312036547385,-0.0191892982349376,0.0159279076928507,0.0191655935348591,0.0183153924103036,0.0208567153742316,0.021458100557031,0.0239989631383918
2022-10-18,-8.6367850891219e-05,RV_SV,-0.021366931684705,-0.0255604571988602,-0.0186353913660191,-0.0215730567009512,-0.0145262600240975,-0.0191784769898824,0.0144301585295863,0.0176997177972942,0.0172303648091253,0.0183989399670964,0.0202161065092374,0.0198706266530706
2022-10-19,-0.0063557646274514,RV_SV,-0.0210176888906791,-0.025258773757598,-0.0185557720908283,-0.0206495055932227,-0.0145654666407652,-0.0181560846697258,0.0139815687466783,0.0174989240136063,0.0170637363478195,0.0195126250874953,0.0205539649193397,0.0211600616599489
2022-10-20,0.0044614177312191,RV_SV,-0.0209700126076514,-0.0245204860753779,-0.017924376362386,-0.0222394149508731,-0.0144582557259292,-0.0189603128082511,0.013642723275069,0.0172994428020273,0.0168840788820216,0.0196038212617496,0.0205467320185206,0.022652965875294
2022-10-24,0.005125514981316,RV_SV,-0.0191680024497275,-0.0220453990233975,-0.0164815362148393,-0.0204340315622029,-0.0133122308637803,-0.0173606537373528,0.0141561976150175,0.0186739312275463,0.0177479846232076,0.0209658375941528,0.0199394295570824,0.0241939372
2022-10-25,0.00855236190751,RV_SV,-0.017945194331545,-0.0226910170008621,-0.0161259138276156,-0.0204403081899262,-0.0128459170261799,-0.0172068403425705,0.0138947769640956,0.0182176386052475,0.0177011532715212,0.0211476585299499,0.0189544496930609,0.0237590324907954
2022-10-26,0.0109611618058882,RV_SV,-0.0176256780368423,-0.0233800550086908,-0.0157439927202588,-0.0200161873642345,-0.0123727891059205,-0.0175487974445821,0.0131830411347187,0.017109020101192,0.0169110833732625,0.0196348091799968,0.018782936343413,0.0237933250351207
2022-10-28,-0.0133893297330429,RV_SV,-0.018296161799924,-0.0240314339707251,-0.0154553245297804,-0.0196962687934784,-0.0123463663214616,-0.0162240099977018,0.0132440435681558,0.0173544450820239,0.0168714681846422,0.0200093031265956,0.0189001386943842,0.0232887476431554
2022-10-31,-0.0049954942692392,RV_SV,-0.017426916996128,-0.0228517572801305,-0.0153201517232657,-0.0185654363294332,-0.0125406479461299,-0.0157897890370794,0.0123151599795273,0.0164051397822204,0.0155499004448222,0.0189843698413954,0.0185121745538908,0.0224612922143162
2022-11-01,-0.0013844791242939,RV_SV,-0.0166729828371747,-0.0184870217892738,-0.0144338338358373,-0.0175706734729134,-0.0117239993817029,-0.0150735154504211,0.0111379576546581,0.0150393753065592,0.0145957880703009,0.0179759260173616,0.0170879788650566,0.0219473585295888
2022-11-02,0.0003975695134279,RV_SV,-0.016062537995856,-0.0180962721051384,-0.0140288946457952,-0.0168868479057953,-0.0113370260704959,-0.0143861896291264,0.0111868761318061,0.0147441435703988,0.0143933228782663,0.0178405247843652,0.017006581403757,0.0221552691182655
2022-11-03,-0.0118580276522251,RV_SV,-0.0156953777467427,-0.0175475683264331,-0.0134793270652023,-0.0151770716665406,-0.0104333559683347,-0.0137985828367099,0.0102698332822611,0.0137388883504251,0.0135570182378018,0.0164873459305317,0.0158922157612641,0.01922882729714
2022-11-04,0.0139319406033251,RV_SV,-0.0158818609787209,-0.0254410570306528,-0.0152870467514776,-0.0209986606178363,-0.0150085810375435,-0.0177327472067373,0.0163007902130585,0.0199991038711633,0.0184895600192116,0.0222394273622262,0.0194514845864657,0.0261024443673192
2022-11-07,0.0106455633970875,RV_SV,-0.0173080223435242,-0.0220758005611627,-0.0151669912355625,-0.0185549121860355,-0.0131981289485947,-0.0170343527467806,0.0137923403430593,0.0170674429214128,0.0166765415556214,0.0181576964001735,0.0179432877938319,0.0214668769284841
2022-11-08,0.0065678244423956,RV_SV,-0.0182144826872184,-0.0215291257028444,-0.0152727193245621,-0.020295047814856,-0.0126770569559963,-0.0163573861922589,0.0121498646802434,0.0154673061208011,0.0150813866627422,0.0177333226002751,0.0174102755742194,0.0190728450041585
2022-11-09,-0.0038716917572443,RV_SV,-0.0181408746066709,-0.0209557880124666,-0.0149528476193312,-0.0200142861622619,-0.0120027396990778,-0.0163706160876876,0.0118555298994266,0.0154089175380101,0.0148402652605754,0.0164304340389543,0.0172252572847362,0.0181867917698136
2022-11-11,0.0293084486357416,RV_SV,-0.018557287569246,-0.0217304815625773,-0.0156689242345865,-0.0193196387823138,-0.0130843269148813,-0.0171469265509042,0.0121575359496226,0.0155400629905737,0.0149194569770648,0.0175582711533494,0.0178902754105021,0.0182803001204747
2022-11-14,0.0003824526882452,RV_SV,-0.0166323455747762,-0.0230804776016708,-0.0149874804016458,-0.0199363802979241,-0.0128995532756469,-0.0167281711843149,0.0137081315181852,0.016930978435283,0.0163498104183745,0.0192454203583168,0.0182235422667601,0.0243367777973745
2022-11-16,0.0071019857222102,RV_SV,-0.0165118622251501,-0.0212335313085042,-0.0144455391380733,-0.0173037940260062,-0.0121457452487404,-0.0154613265569982,0.0119591268687823,0.015938115594161,0.0149197494974318,0.0191226245523713,0.0176501456754566,0.0227932714896848
2022-11-17,-0.0071842733174018,RV_SV,-0.0169219346051236,-0.0234068515448066,-0.0162177958076861,-0.0207287523735875,-0.0154216678637105,-0.0181606215470325,0.0154279368006399,0.0188113546153278,0.0178707552739194,0.0217221808428579,0.0213012977591283,0.0282728384235808
2022-11-18,0.0033248310223426,RV_SV,-0.0184546301920814,-0.0223831939843414,-0.015909830404834,-0.0196781378811981,-0.013410719789036,-0.0171328478496039,0.0124560724892824,0.016565724378871,0.0156317999063894,0.018565145688771,0.0196720322865386,0.0245783960928983
2022-11-21,-0.0120175786474152,RV_SV,-0.0181608249905657,-0.0217640890617853,-0.0150348287460585,-0.0202114458420196,-0.0118082369198438,-0.0160211334816454,0.0117517772601412,0.0158366807670248,0.0147758656662368,0.0180574853464003,0.0181873442792279,0.0212385741343098
2022-11-22,0.004258580836753,RV_SV,-0.0172652201127745,-0.0212843481582244,-0.0140892644577756,-0.0190902894749358,-0.011270764268461,-0.0150149691040567,0.0106865750005117,0.0145329894321291,0.013567834996983,0.0168898396534361,0.017180026893112,0.0210823285888362
2022-11-24,0.012187788289518,RV_SV,-0.0169175565341454,-0.0180034028756598,-0.0137590356518159,-0.0184911925791431,-0.011138712639745,-0.0148662281391698,0.010965997627044,0.0148481961083889,0.0138256072907965,0.0169265888284327,0.0165984635056397,0.0210248345886905
2022-11-25,-0.000254605111252,RV_SV,-0.0147737415084866,-0.0208798637997704,-0.0127468632183431,-0.0159884773471084,-0.01063849423605,-0.0137165485360079,0.0112303361758267,0.0147393105111891,0.0139184432137637,0.0177695187941812,0.0156968011103216,0.0223999065496546
2022-11-28,-0.0009060551294637,RV_SV,-0.0144757062111354,-0.0172529618840771,-0.0121470395688985,-0.0153721272102257,-0.0095698348056981,-0.0128998016456008,0.0104029705555001,0.0134975275970448,0.0129349623938068,0.0160615508814849,0.0147325269475089,0.0208039879833835
2022-11-29,-0.0039075912787485,RV_SV,-0.0141247231627811,-0.0179086803718848,-0.0122787493198721,-0.0153591613940973,-0.0104135626749897,-0.0133296151011701,0.0107539581043114,0.0142989413773346,0.0135524526852893,0.0169661219705175,0.015202195996333,0.02110139294421
2022-11-30,-0.005669234855527,RV_SV,-0.0143631516626781,-0.0182273014315193,-0.0124670115055678,-0.0173281875156409,-0.0110826444487498,-0.0137324216662729,0.0110344581240271,0.0148696954820052,0.0136472390299898,0.0175895618350302,0.0161264097351977,0.0254181065684712
2022-12-01,0.0181644949795583,RV_SV,-0.0148775470963582,-0.0183749129405321,-0.0127206369390968,-0.0153725727322634,-0.0110636418280355,-0.0137583445470977,0.0108888041103228,0.0145668066814814,0.0133417701241044,0.0176198643263775,0.0163422948108278,0.0238027422477405
2022-12-02,-0.0013167563899815,RV_SV,-0.0155959594216992,-0.022131741950058,-0.0140356432815723,-0.019285730760129,-0.0130939933281301,-0.0167248716827503,0.0144194844047067,0.0178354241502377,0.0165605251860814,0.0198206028547651,0.0185875903835856,0.0244527284353313
2022-12-05,0.0049384227439881,RV_SV,-0.0173853897435965,-0.026498576749801,-0.015880060963252,-0.0145414782189077,-0.0155039416923221,-0.0168930776011559,0.0130847562856778,0.018157336971896,0.0156317987697725,0.02278937948225,0.0262026950195719,0.0352340367696857
2022-12-06,-0.0024447331532419,RV_SV,-0.0187143371543911,-0.0198194630433363,-0.0152998390329457,-0.0191181400445303,-0.0126364665596399,-0.0161182047686481,0.012137135685514,0.0155208194313992,0.0145899884664468,0.0184338233900366,0.0185478312189969,0.0225332177472196
2022-12-07,0.0004237378982681,RV_SV,-0.0182943513775151,-0.0201954295520269,-0.0151057664186326,-0.0191701896242763,-0.0122104626937047,-0.0162942156985153,0.0121848142213419,0.0154480594605492,0.014623605529352,0.0196908100672641,0.0183682804393341,0.0219494741128026
2022-12-08,0.0039099015801387,RV_SV,-0.0180488350112976,-0.0211314127644176,-0.0151474092139436,-0.0185552779997219,-0.0123695655614022,-0.0166625437609803,0.0125670379826973,0.0157160630239189,0.0151000553974214,0.018082940686758,0.0181638907282554,0.0210798116135852
2022-12-09,-0.0004149687588075,RV_SV,-0.0166552041862303,-0.019479556052016,-0.0137023528255785,-0.018135379076264,-0.0109802624117785,-0.0151139119313068,0.0113003918827579,0.0147500130953785,0.0136664199315327,0.016857821038014,0.0162137796979678,0.0195220527809318
2022-12-12,-0.0016212133214713,RV_SV,-0.0147072490328565,-0.0188240977706467,-0.0124461257430907,-0.0164196013408755,-0.0104035556207556,-0.0135229146298929,0.0110904775259344,0.0149015349862437,0.013335058560467,0.0169392974139062,0.0157240541134336,0.0216485703310892
2022-12-13,0.0107203841338003,RV_SV,-0.0145586343452146,-0.0196430708619358,-0.0119987931092538,-0.0162208549203864,-0.0096305999947167,-0.0130716217713713,0.0104610938409339,0.0136042109778572,0.0128233135495212,0.0167363214718929,0.0144528234297754,0.019430261816948
2022-12-14,0.0009373139712908,RV_SV,-0.0149015438820245,-0.0273003580439895,-0.0130819800474837,-0.0168563895898167,-0.0115155372035235,-0.0141421727456178,0.0136597366956535,0.0169977360846381,0.0156803723456046,0.0182594009937116,0.0154004395400398,0.0182616737141372
2022-12-15,0.0001220915218348,RV_SV,-0.0147085114482645,-0.0189987178262099,-0.0124589425299275,-0.0147884975080274,-0.0101567498175015,-0.013359004783557,0.0108901887005925,0.0145427807946969,0.0132668070209191,0.0173968457999433,0.0159492857692343,0.0208051471820298
2022-12-16,-0.0030049611487329,RV_SV,-0.0153506882510178,-0.021720560515373,-0.0137539030674192,-0.016639373025263,-0.0126307079812285,-0.0147156338501782,0.0138278930587079,0.0178153135792231,0.0159971406122434,0.0200146052868606,0.0186798374773459,0.0245661307665198
2022-12-19,-0.003458162318752,RV_SV,-0.0161313055511891,-0.018601134984769,-0.0136468208225971,-0.0171522444138311,-0.0116088308147865,-0.014423103727516,0.0115579403828216,0.0155310323173634,0.0139828653900307,0.0181374257718266,0.0174865366191922,0.0221979763656961
2022-12-20,0.0056810101010397,RV_SV,-0.0164917525889584,-0.0205118042978501,-0.0134357752981133,-0.0170311018544617,-0.0107427708641069,-0.0141957048800133,0.010418805298118,0.013606624636381,0.0128146252088364,0.0159321243113808,0.0155954398551055,0.0176268484996754
2022-12-21,-0.0023029154159314,RV_SV,-0.0155689899216413,-0.0209230125813726,-0.0131725870187207,-0.0170821546657983,-0.0111586650323343,-0.0145990356383954,0.0114777144315112,0.0147659608834076,0.0137386491604174,0.0170251227547976,0.016776984042915,0.020444181570104
2022-12-22,-0.0013078936178678,RV_SV,-0.0158464408825999,-0.0215096869546325,-0.0129041794751996,-0.0166898728506856,-0.0105002593454871,-0.0142849240582697,0.0104896808687029,0.0138398982251855,0.0128720038774585,0.0160788861982257,0.0154178854043531,0.0191037160527386
2022-12-23,0.0011194738935336,RV_SV,-0.0143636728118618,-0.0178252666334371,-0.0120553416789929,-0.0156935759400262,-0.0098555628683442,-0.0125694704874942,0.0103387321883041,0.0140371433556466,0.0126352819019132,0.0166070318511161,0.015231719968713,0.0205927764301404
2022-12-27,0.003381440121032,RV_SV,-0.0139302016440726,-0.0171374358432951,-0.0116390001797971,-0.0148729834417766,-0.0093548004412207,-0.0123149152479453,0.0103186418085029,0.0134920781336976,0.0125653729587693,0.0159590577030876,0.0143489028990975,0.0193125763792974
2022-12-28,-0.0028586627957773,RV_SV,-0.0139233106735595,-0.0181675965263028,-0.0112863123330364,-0.0152366880778714,-0.009003452234769,-0.0125128974575902,0.0098515391723573,0.0130073739181879,0.0120948190837215,0.0151857025705105,0.0138010778650965,0.0185587931561604
2022-12-29,0.0045333868226192,RV_SV,-0.0132203575066846,-0.0170949107330459,-0.0106970523921929,-0.0143395661122156,-0.0087157344913932,-0.0113702686959819,0.0095873267100943,0.0128533501471501,0.0117973580936077,0.0153143511256106,0.0136295893953513,0.0186052643013496
