Date,TrueY,Quantile_0.002,Quantile_0.004,Quantile_0.005,Quantile_0.006,Quantile_0.008,Quantile_0.010,Quantile_0.015,Quantile_0.020,Quantile_0.025,Quantile_0.030,Quantile_0.033,Quantile_0.040,Quantile_0.050,Quantile_0.066,Quantile_0.099,Quantile_0.132,Quantile_0.165,Quantile_0.835,Quantile_0.868,Quantile_0.901,Quantile_0.934,Quantile_0.950,Quantile_0.960,Quantile_0.967,Quantile_0.970,Quantile_0.975,Quantile_0.980,Quantile_0.985,Quantile_0.990,Quantile_0.992,Quantile_0.994,Quantile_0.995,Quantile_0.996,Quantile_0.998,ES_0.010,ES_0.025,ES_0.050,ES_0.165,ES_0.835,ES_0.950,ES_0.975,ES_0.990
2016-02-08,0.000255739,-0.020204786,-0.01663711,-0.01653711,-0.01643711,-0.01633711,-0.01623711,-0.014965814,-0.014865814,-0.012380994,-0.012084395,-0.011984395,-0.011586455,-0.009589231,-0.009403337,-0.0084067015,-0.007846892,-0.0074137175,0.005281007,0.0062008277,0.007092314,0.010091353,0.010299105,0.011759758,0.012301832,0.013043063,0.013950722,0.015177016,0.015277016,0.015377016,0.015477016,0.0155770155,0.017079357,0.01744641,0.022372225,-0.017170643,-0.014997368,-0.012872601,-0.009011008,0.008193467,0.013131192,0.015372226,0.017249936
2016-02-09,0.014571752,-0.020262709,-0.017088573,-0.01601094,-0.014929627,-0.014505961,-0.013178941,-0.012941628,-0.011071844,-0.010971844,-0.0105690705,-0.010212262,-0.010112262,-0.008896104,-0.008796104,-0.005738488,-0.0056799897,-0.0051400694,0.0106897,0.010757496,0.011045084,0.011145084,0.011155659,0.011255659,0.011410166,0.012721906,0.012821906,0.012921906,0.013437908,0.013537908,0.0137719335,0.017715981,0.017815981,0.01791598,0.026208846,-0.015993161,-0.012835039,-0.010765644,-0.007113382,0.011009506,0.012318608,0.014107123,0.01783013
2016-02-10,-0.009979599,-0.020213997,-0.018889755,-0.018032417,-0.01746207,-0.01736207,-0.01726207,-0.015296131,-0.015196132,-0.014729817,-0.01398485,-0.01388485,-0.013341891,-0.0110389795,-0.010414242,-0.009091335,-0.0066717,-0.0056676525,0.006991633,0.007091633,0.007666928,0.00916953,0.00926953,0.01171625,0.01312168,0.01322168,0.013707599,0.016597906,0.01759398,0.019062644,0.022775568,0.022875568,0.022975568,0.023075568,0.025385773,-0.018237991,-0.016103314,-0.014164785,-0.009145956,0.008808281,0.013973603,0.01798754,0.022635024
2016-02-11,0.0129506355,-0.020250307,-0.020150308,-0.019949695,-0.019921077,-0.018599171,-0.018499171,-0.018399172,-0.018299172,-0.017474325,-0.016959345,-0.016617324,-0.016517324,-0.016459186,-0.016363451,-0.013312913,-0.012352438,-0.012309421,0.0064093834,0.00715082,0.008165967,0.008824787,0.009767921,0.009888024,0.010680609,0.011110669,0.011986104,0.014010207,0.014110207,0.017601198,0.017701197,0.018365644,0.021603836,0.021703836,0.024391552,-0.019484008,-0.018524308,-0.01734684,-0.014191109,0.008246313,0.012475604,0.01586231,0.019952687
2016-02-12,-0.008659557,-0.020054204,-0.017014347,-0.015831541,-0.015731541,-0.015589779,-0.015489779,-0.01538978,-0.014076693,-0.012437596,-0.012337596,-0.012237596,-0.0121375965,-0.012037597,-0.011536153,-0.007159696,-0.0070770155,-0.0057841064,0.0070887906,0.0082623195,0.00965137,0.009885339,0.009985339,0.010085339,0.012547538,0.014235442,0.014335441,0.014435441,0.018333001,0.019202454,0.023168929,0.0241269,0.0242269,0.0243269,0.0244269,-0.01677593,-0.014645079,-0.013215852,-0.008758914,0.009487072,0.013588803,0.018106649,0.023050416
2016-02-15,-0.009029038,-0.02016862,-0.01733631,-0.017236311,-0.017136311,-0.017036311,-0.016936311,-0.016836312,-0.016736312,-0.015707389,-0.015607389,-0.015507389,-0.014671921,-0.014571921,-0.014471921,-0.014221732,-0.01202328,-0.010921645,0.0052085025,0.0063261995,0.0064261993,0.006526199,0.008041616,0.008141615,0.009764637,0.009864637,0.011229816,0.0117279645,0.014663243,0.015277931,0.016538309,0.016638309,0.01744954,0.018342154,0.025624739,-0.017722772,-0.016690528,-0.01570477,-0.013429193,0.006850348,0.010610752,0.014069697,0.018484289
2016-02-16,-8.300794e-05,-0.020226134,-0.017043365,-0.016822916,-0.01559095,-0.013771767,-0.013671767,-0.013571767,-0.011740371,-0.010865629,-0.010765629,-0.01050369,-0.01040369,-0.01030369,-0.008915539,-0.006472254,-0.0024021359,-0.0018683798,0.00895151,0.00905151,0.009700621,0.010280253,0.010380253,0.011121162,0.011221162,0.011852436,0.011952436,0.012232217,0.014289127,0.015069783,0.015169783,0.017058436,0.017630925,0.019100608,0.026100872,-0.016060796,-0.01333449,-0.01137703,-0.0060324,0.009841012,0.01213117,0.014234898,0.018499896
2016-02-17,-0.0010348122,-0.018406428,-0.017140754,-0.016186783,-0.015723094,-0.0136572085,-0.013395681,-0.013295681,-0.013195681,-0.013095682,-0.012774558,-0.0126471,-0.0125471,-0.0124471,-0.0123471,-0.010739636,-0.009950865,-0.009033606,0.008315899,0.008415899,0.0092509,0.010700936,0.010800936,0.011386766,0.011436068,0.011536068,0.011636068,0.013267935,0.014161868,0.014214226,0.015876323,0.015969519,0.016098736,0.01768285,0.026555697,-0.015664633,-0.013833901,-0.0128720235,-0.010943661,0.00962394,0.012241187,0.013875766,0.018059723
2016-02-18,-0.0027459785,-0.01999269,-0.01642383,-0.016003037,-0.015403851,-0.013741805,-0.013359036,-0.013275592,-0.013175592,-0.012631452,-0.012309885,-0.011948717,-0.011848717,-0.011748717,-0.011648717,-0.009127583,-0.006773897,-0.006257725,0.007414531,0.00880432,0.00890432,0.009754271,0.009854271,0.010192211,0.010450488,0.010550488,0.011168475,0.011991245,0.012986604,0.013330351,0.013957773,0.015267839,0.017392617,0.017645504,0.024521634,-0.015784243,-0.0136889415,-0.012488389,-0.009151327,0.009065586,0.011183714,0.013373857,0.01694462
2016-02-19,0.00045030846,-0.020045308,-0.01687294,-0.015788956,-0.015687397,-0.014882604,-0.014368037,-0.013678632,-0.012837171,-0.012225399,-0.011391803,-0.011291803,-0.011191803,-0.011091803,-0.010991803,-0.008710495,-0.0075133545,-0.0074730315,0.007187279,0.007287279,0.007315846,0.009486339,0.009586339,0.009686339,0.009786339,0.009886338,0.011388644,0.0114886435,0.011588643,0.01289925,0.013737215,0.014569033,0.014914132,0.018199032,0.023665793,-0.016371258,-0.013779638,-0.012176123,-0.009196097,0.008212617,0.010709382,0.012455863,0.016614065
2016-02-22,-0.0071568293,-0.02050073,-0.01725374,-0.0159882,-0.015783748,-0.014729742,-0.014270649,-0.013028647,-0.01152419,-0.010351892,-0.010251892,-0.010151892,-0.010051892,-0.009808494,-0.009014691,-0.0070863087,-0.0066210064,-0.0052636457,0.0069133225,0.008013005,0.008349632,0.010493493,0.01171041,0.01181041,0.01191041,0.01286455,0.013908938,0.014008937,0.014261765,0.014361765,0.014461765,0.014561765,0.01542548,0.016863633,0.023914652,-0.01650772,-0.013032717,-0.011181423,-0.0076275086,0.009135972,0.012951213,0.014393377,0.016832717
2016-02-23,-0.00027210143,-0.020198444,-0.017038716,-0.01676684,-0.01581034,-0.013664939,-0.013102946,-0.011602905,-0.010061117,-0.009077131,-0.0076971706,-0.007597171,-0.007497171,-0.007397171,-0.0072971713,-0.0071971714,-0.0071584014,-0.005281463,0.0062725637,0.0070417863,0.0078316005,0.00827832,0.009031931,0.010675884,0.011445135,0.011545135,0.011645135,0.012133946,0.012233946,0.012333945,0.013843927,0.014026786,0.015697414,0.017180571,0.024554806,-0.015963078,-0.012122187,-0.009151115,-0.0069062756,0.008173881,0.011144168,0.012808877,0.016388007
2016-02-24,0.00015419991,-0.020261806,-0.016936349,-0.01580195,-0.0152363395,-0.013446106,-0.013346106,-0.013244202,-0.011538841,-0.009756833,-0.009449505,-0.008837179,-0.008696445,-0.008277741,-0.008177741,-0.008077742,-0.008075605,-0.007435789,0.0046782284,0.0047782282,0.0059652813,0.0072641494,0.008779623,0.0096903015,0.011134523,0.011194161,0.011294161,0.0119278515,0.012027851,0.013989522,0.014089522,0.014334908,0.015384969,0.016730797,0.023082742,-0.01584534,-0.012737587,-0.0102617275,-0.008120811,0.006764082,0.011116291,0.0129248705,0.016445499
2016-02-25,0.0008522058,-0.020042516,-0.016808802,-0.015784439,-0.01578333,-0.015182835,-0.013829451,-0.013261044,-0.012214167,-0.011006031,-0.010906031,-0.0108060315,-0.010706032,-0.010606032,-0.010506032,-0.010406032,-0.010029865,-0.0075802375,0.0046953484,0.0057735885,0.006084464,0.006184464,0.006188174,0.006635951,0.007230266,0.007330266,0.008131208,0.008867487,0.01130592,0.013368099,0.013654797,0.014469316,0.015939396,0.016898394,0.024417777,-0.016329387,-0.013219026,-0.011652342,-0.00986564,0.005993626,0.008477995,0.011522422,0.016561676
2016-02-26,-0.009908555,-0.019966291,-0.01698032,-0.016186763,-0.015659718,-0.013348685,-0.013099294,-0.011450573,-0.011403514,-0.0103771575,-0.010277158,-0.010177158,-0.010077158,-0.009977158,-0.009877158,-0.0097771585,-0.009677159,-0.008939247,0.0060671787,0.0068524024,0.008227124,0.008519838,0.008619837,0.0096722245,0.009772224,0.009872224,0.009972224,0.010072224,0.0115254875,0.012944955,0.013526406,0.014626847,0.017486649,0.017955603,0.024517624,-0.01581086,-0.01250346,-0.010966856,-0.009689575,0.007887753,0.010236293,0.012400309,0.016714286
2016-02-29,-0.005736671,-0.020208579,-0.017175827,-0.017075827,-0.016043173,-0.015943173,-0.015843173,-0.015743174,-0.014561838,-0.014461838,-0.013767819,-0.013667819,-0.013567819,-0.013467819,-0.01336782,-0.01326782,-0.010651534,-0.008056949,0.002689179,0.003402039,0.003674906,0.0054527256,0.006664612,0.0066775423,0.006777542,0.009496732,0.0095967315,0.010161094,0.013691225,0.013791225,0.01381358,0.014403163,0.015360196,0.016955948,0.02532298,-0.017042786,-0.015537171,-0.014241694,-0.011802388,0.004399278,0.009358241,0.012520094,0.01685738
2016-03-01,-0.00039129125,-0.020189932,-0.017431732,-0.015783885,-0.0155289145,-0.0133658545,-0.013265855,-0.012173281,-0.010887873,-0.00787752,-0.0077775205,-0.0076775206,-0.007577521,-0.007477521,-0.007377521,-0.0072775213,-0.0071603814,-0.004942834,0.0057650344,0.005950753,0.006796415,0.008317002,0.00834853,0.010336352,0.010436351,0.010991295,0.011091295,0.0111912945,0.011373779,0.011827786,0.014279337,0.015257231,0.016062409,0.018090224,0.02118204,-0.015956458,-0.011997683,-0.009397258,-0.0068871556,0.0074531115,0.010539051,0.012309312,0.016127322
2016-03-02,-0.0029026326,-0.020122817,-0.017298764,-0.016163157,-0.01572184,-0.01445098,-0.014380043,-0.01326039,-0.011588853,-0.011506687,-0.010553247,-0.010103573,-0.009504428,-0.009404428,-0.0083281305,-0.008228131,-0.0064410805,-0.0053456347,0.0053017624,0.0054087117,0.006438985,0.0066615054,0.0075161173,0.008285882,0.008871792,0.008971792,0.009071792,0.010896565,0.0110920025,0.013001163,0.013889226,0.013916071,0.016969772,0.017225025,0.02341741,-0.016394889,-0.013379825,-0.0110862,-0.00768931,0.006536551,0.009734304,0.012206259,0.01628978
2016-03-03,0.00957044,-0.02015291,-0.016832117,-0.015925871,-0.014405023,-0.0134049645,-0.013288653,-0.013188654,-0.011924741,-0.01145878,-0.010646999,-0.009666736,-0.009566736,-0.009466737,-0.009366737,-0.009266737,-0.009166737,-0.008139348,0.0045313747,0.0048915073,0.0058325212,0.0070866877,0.008673672,0.009022216,0.009335972,0.010436065,0.011445501,0.011545501,0.011645501,0.013080649,0.01320981,0.014621242,0.015542674,0.016882107,0.022432996,-0.015616733,-0.01315734,-0.010978773,-0.00912126,0.0063356124,0.010551621,0.012651965,0.01604536
2016-03-04,0.0069825174,-0.020193687,-0.017299643,-0.015824351,-0.015757436,-0.0136567475,-0.01308098,-0.011596478,-0.010623879,-0.010407737,-0.010221826,-0.009590553,-0.008796712,-0.008696713,-0.008596713,-0.008496713,-0.008396713,-0.007873676,0.00553763,0.00563763,0.0067591653,0.0075332713,0.0079742465,0.010986148,0.011039495,0.014082269,0.014829534,0.014929534,0.015029534,0.015129534,0.015229533,0.018309979,0.018409979,0.018509978,0.025605585,-0.015997699,-0.012306685,-0.010284022,-0.008590872,0.0073014377,0.012620347,0.015665624,0.018556923
2016-03-07,-0.0022416692,-0.019897208,-0.016640136,-0.015829695,-0.0154800825,-0.0149785075,-0.01483587,-0.014030583,-0.01160359,-0.01010257,-0.009131904,-0.009031904,-0.008931904,-0.008831904,-0.00838687,-0.006301425,-0.0054161255,-0.0045923092,0.010222402,0.010874617,0.011225503,0.012073148,0.012438651,0.012676537,0.012776537,0.01380196,0.014163698,0.014263698,0.014363698,0.014463698,0.014563697,0.015070294,0.015170294,0.016643427,0.023388894,-0.01636636,-0.013280462,-0.010667035,-0.006745727,0.011434441,0.013528909,0.014485016,0.016826002
2016-03-08,0.006644422,-0.020132545,-0.016620658,-0.015993187,-0.015210111,-0.013981443,-0.013005392,-0.012905392,-0.012566155,-0.012012897,-0.010501026,-0.010401026,-0.009350344,-0.009250344,-0.008172354,-0.006262926,-0.0057907365,-0.0056907367,0.007044368,0.007144368,0.0072866958,0.008744906,0.010336172,0.012147125,0.013349683,0.013449683,0.013549683,0.013779454,0.013879454,0.013979454,0.014581518,0.014681518,0.016942376,0.017042376,0.026180277,-0.01579003,-0.013296604,-0.010934653,-0.007263556,0.0087140035,0.012738377,0.014426084,0.017293029
2016-03-09,-0.004561732,-0.019997012,-0.01673264,-0.015612509,-0.015386922,-0.014615767,-0.013834183,-0.013374793,-0.012055199,-0.010646585,-0.0105833765,-0.010124969,-0.009756304,-0.0084298225,-0.0078099743,-0.0077099744,-0.0076099746,-0.0075099748,0.001799143,0.0035224815,0.0043903193,0.004999758,0.0060477005,0.006105825,0.007720712,0.008658693,0.008758693,0.009935452,0.012259716,0.012530074,0.013485861,0.014154572,0.017331442,0.017634625,0.023843018,-0.016113305,-0.013104653,-0.010931777,-0.008152974,0.004486483,0.008655549,0.012163076,0.01632963
2016-03-11,0.013683733,-0.02009709,-0.017363053,-0.016279481,-0.015709108,-0.015551984,-0.015524634,-0.014693581,-0.014548306,-0.0144483065,-0.0131361475,-0.012990377,-0.012183717,-0.012083718,-0.010931348,-0.00958891,-0.009180509,-0.008066879,0.0057586767,0.006445151,0.0065451507,0.006745509,0.008812224,0.00904209,0.00914209,0.009812176,0.009912176,0.010478966,0.012544653,0.012644653,0.01447529,0.014711071,0.016194817,0.017880235,0.024948547,-0.016849175,-0.0150988605,-0.013495306,-0.010151604,0.006927315,0.010158022,0.012355053,0.016931958
2016-03-14,-0.0046800207,-0.02023767,-0.017182684,-0.017082684,-0.015607411,-0.015507411,-0.015241698,-0.013944568,-0.011322844,-0.011222844,-0.011122844,-0.009445012,-0.009345012,-0.009138819,-0.009038819,-0.0076072817,-0.0069803656,-0.005256448,0.00811473,0.00815953,0.008953791,0.01026163,0.01036163,0.011882849,0.015189492,0.016258322,0.016358322,0.017870888,0.017970888,0.018070888,0.01918286,0.021845492,0.021945491,0.022045491,0.023901602,-0.016755376,-0.013762927,-0.011234243,-0.007665585,0.010135835,0.014888915,0.018443296,0.021009268
2016-03-15,0.0004950874,-0.020140635,-0.017324872,-0.015883334,-0.01499747,-0.01414749,-0.013960021,-0.013012814,-0.010932478,-0.008532603,-0.008432603,-0.008213569,-0.00811357,-0.00801357,-0.00791357,-0.0070472774,-0.006710425,-0.0057361554,0.0047522965,0.0060686558,0.0068449522,0.008967029,0.009235794,0.009442507,0.009542507,0.010148657,0.010248656,0.010373548,0.01045244,0.012343811,0.013445087,0.015002834,0.015401204,0.017986625,0.022749057,-0.016114097,-0.01246425,-0.009890449,-0.007124199,0.0072350884,0.010308864,0.011763932,0.016305482
2016-03-18,0.016055765,-0.020167096,-0.01688573,-0.015833814,-0.015696771,-0.013408584,-0.013076195,-0.012160225,-0.010837096,-0.00949355,-0.00939355,-0.00909772,-0.00899772,-0.00889772,-0.007553611,-0.007445417,-0.0067984094,-0.0054901745,0.0060234913,0.006123491,0.006223491,0.0063234908,0.007575313,0.007675313,0.008643777,0.008872989,0.009758606,0.009852619,0.012240931,0.01272051,0.01359086,0.014739722,0.015371409,0.016319893,0.0242763,-0.015846875,-0.012280175,-0.010240456,-0.0072770664,0.0066675483,0.009339349,0.011988815,0.016329456
2016-03-21,-0.0028446114,-0.020095274,-0.016751308,-0.016048603,-0.01566186,-0.013120828,-0.013070148,-0.011004506,-0.008978156,-0.008263195,-0.008226168,-0.0081261685,-0.008097537,-0.007997537,-0.0077540497,-0.0059334175,-0.005577351,-0.0036979273,0.004886091,0.0056109303,0.0056834645,0.00662782,0.00766619,0.0090416325,0.010350427,0.0104504265,0.010550426,0.010650426,0.0114578735,0.012672715,0.01370972,0.013790588,0.015624868,0.016639775,0.024405276,-0.015739884,-0.011472922,-0.00927391,-0.006217783,0.006631747,0.010096278,0.012191261,0.016243616
2016-03-22,-0.00287054,-0.020259688,-0.017064566,-0.015819069,-0.015075847,-0.013169506,-0.0129409935,-0.010920538,-0.010820538,-0.010720538,-0.010620538,-0.009376035,-0.009276035,-0.009176035,-0.007871397,-0.004821328,-0.004512636,-0.002837387,0.005388353,0.006532808,0.0066328077,0.006713073,0.007541758,0.008066293,0.008751086,0.009485319,0.009585319,0.009685319,0.009858176,0.012456675,0.013934481,0.014944341,0.016619867,0.017016653,0.022428775,-0.01570212,-0.012244335,-0.010566828,-0.005883756,0.0068036257,0.009447073,0.011641072,0.016156185
2016-03-23,-0.0046937387,-0.020209316,-0.017160079,-0.016041594,-0.015843347,-0.015743347,-0.015013783,-0.0125437,-0.012126912,-0.010392743,-0.009614952,-0.009514952,-0.009316472,-0.0092164725,-0.009116473,-0.005163841,-0.005063841,-0.0049638413,0.0035504743,0.0048046894,0.0056362273,0.007098207,0.008174609,0.009764016,0.0098640155,0.010599268,0.01115135,0.012075053,0.012175052,0.013137672,0.014109393,0.014176109,0.017312152,0.017412152,0.024892008,-0.016793976,-0.013223747,-0.011057719,-0.0067645893,0.006190723,0.010750123,0.013170255,0.016745467
2016-03-24,-0.0010990549,-0.020208655,-0.017204616,-0.015846446,-0.015743677,-0.013377768,-0.013277768,-0.012105467,-0.008223489,-0.008218512,-0.008118512,-0.008022595,-0.007977074,-0.007881693,-0.007294656,-0.005922646,-0.004924767,-0.004280986,0.005168932,0.005268932,0.0067813727,0.008542162,0.009486726,0.0110678645,0.011696846,0.011796846,0.011896846,0.011996846,0.013968079,0.014068079,0.014168079,0.0148661155,0.014966115,0.017746333,0.025631567,-0.015962496,-0.011534336,-0.009095708,-0.00608913,0.007491649,0.011683272,0.013379192,0.017296035
2016-03-29,0.0035703105,-0.02030164,-0.017468624,-0.016474484,-0.015278482,-0.013323862,-0.012812852,-0.010794456,-0.009511856,-0.008838564,-0.008816327,-0.008407259,-0.008121473,-0.008066421,-0.007333282,-0.005684325,-0.0036797686,-0.0035797686,0.004608966,0.005177754,0.005729786,0.007456202,0.008200402,0.0091483705,0.009970219,0.010196316,0.010313734,0.010432319,0.01147487,0.012074081,0.013136999,0.014708157,0.015197681,0.017336199,0.025597217,-0.015837092,-0.011686442,-0.009465787,-0.005736881,0.0065885847,0.010010297,0.011898537,0.01657053
2016-03-30,0.01127962,-0.020130677,-0.016708683,-0.015878705,-0.015741464,-0.013277228,-0.012877673,-0.010653785,-0.008534359,-0.0068741203,-0.0067237024,-0.0066237026,-0.0065237028,-0.0058274064,-0.005801814,-0.005499255,-0.0034375696,-0.0033375695,0.0044850316,0.0050954437,0.0054924474,0.0070929485,0.0072087613,0.008293001,0.008393001,0.008615464,0.009189715,0.011766019,0.011772087,0.011872087,0.013220462,0.014297803,0.015211904,0.017879447,0.025891233,-0.015747145,-0.010963729,-0.008097368,-0.0049399817,0.0061117746,0.009551066,0.0119623635,0.016632205
2016-03-31,0.0052863015,-0.020181235,-0.016899236,-0.016093582,-0.015765656,-0.015166012,-0.014363208,-0.01142825,-0.009230173,-0.009130173,-0.008015886,-0.0078029656,-0.0077029658,-0.007477439,-0.00589529,-0.005334158,-0.005234158,-0.0031503628,0.0036085872,0.0038066166,0.006030028,0.0061117862,0.0065998817,0.0066998815,0.0067998813,0.006899881,0.006999881,0.0077883727,0.010448786,0.012939048,0.014534058,0.014634058,0.017045086,0.017145086,0.025920818,-0.01647507,-0.012049077,-0.009357935,-0.005483387,0.00527138,0.008185414,0.011044234,0.017034614
2016-04-01,-0.00043030962,-0.020066956,-0.016705729,-0.016156934,-0.015708007,-0.013544434,-0.012763553,-0.010932138,-0.008393403,-0.006809075,-0.006709075,-0.0066090752,-0.0065090754,-0.0064090756,-0.0063090757,-0.005713641,-0.004340816,-0.003075999,0.0031692612,0.0045184474,0.0052684443,0.006785944,0.006885944,0.0069859438,0.0070859436,0.0072026225,0.008469671,0.010067417,0.01306295,0.013666539,0.013756402,0.014413795,0.015162035,0.017264565,0.023935316,-0.015757736,-0.011011021,-0.008156837,-0.005209721,0.0053656083,0.008961694,0.012085723,0.016607326
2016-04-04,7.905034e-05,-0.02026981,-0.017129632,-0.015780218,-0.015680218,-0.014698733,-0.014036275,-0.013049763,-0.010834346,-0.010734346,-0.010590569,-0.009934235,-0.0098342355,-0.008796993,-0.007266479,-0.0068104267,-0.0052409116,-0.0041801427,0.0038071328,0.0059495186,0.0072926497,0.009633086,0.0097330855,0.010749338,0.0110062715,0.011106271,0.013419177,0.013519177,0.013619177,0.014054023,0.014915807,0.015015807,0.015698291,0.01679439,0.026760846,-0.016362933,-0.012886989,-0.010818483,-0.006686439,0.0075377314,0.011832379,0.01406197,0.017508175
2016-04-05,-0.0006743244,-0.020059241,-0.016789993,-0.016055685,-0.015117527,-0.01322912,-0.0128476145,-0.012248499,-0.01026656,-0.0101282,-0.0100282,-0.0099282,-0.009828201,-0.009728201,-0.008572984,-0.005798866,-0.004608933,-0.0031601996,0.006400455,0.0070261965,0.0071261963,0.0077743386,0.009013464,0.010292991,0.010392991,0.010492991,0.011245485,0.011345485,0.011702207,0.012486363,0.0135475425,0.0153094195,0.015935695,0.01723046,0.024804683,-0.0156087,-0.012309311,-0.010539755,-0.006413837,0.007744035,0.010726258,0.012543048,0.016675692
2016-04-06,0.004422036,-0.02029166,-0.017147321,-0.016080182,-0.015639806,-0.013406422,-0.013100989,-0.011527255,-0.009027357,-0.008228151,-0.0070988215,-0.007009164,-0.0064753317,-0.0057687303,-0.0039962633,-0.003202179,-0.0028649042,-0.0026205042,0.0040125074,0.0048427945,0.005779894,0.0060644834,0.0069431714,0.009397229,0.00995,0.01005,0.010141885,0.010277635,0.011759423,0.01251493,0.013567855,0.013819156,0.0149282515,0.017642055,0.024179056,-0.01591724,-0.011592787,-0.008294246,-0.003938603,0.0061299363,0.009836594,0.011924425,0.01634461
2016-04-07,-0.0037213627,-0.02022091,-0.017220788,-0.01587882,-0.015650006,-0.0132372845,-0.012862888,-0.01055078,-0.008138045,-0.006822298,-0.0067710397,-0.00667104,-0.00646273,-0.0062643257,-0.005408408,-0.0053084083,-0.00520233,-0.003321776,0.0029204802,0.0040852623,0.004313378,0.005754863,0.0073839407,0.00975803,0.00985803,0.010073585,0.011415038,0.012124432,0.015882667,0.015982667,0.016082667,0.016182667,0.016914364,0.017311698,0.023813298,-0.015838375,-0.010850566,-0.008099806,-0.0051823924,0.0053864033,0.011064531,0.014463833,0.0178746
2016-04-08,0.0016476113,-0.020263175,-0.017141743,-0.015871583,-0.015702372,-0.015523591,-0.015423591,-0.012346032,-0.009075088,-0.008843771,-0.008743771,-0.0086437715,-0.00602743,-0.0059003783,-0.004605154,-0.0023971363,-0.0022971362,-0.0019459446,0.005660404,0.0065971115,0.0066971113,0.007716727,0.009063566,0.00959285,0.00969285,0.010670892,0.010800168,0.010900168,0.011275192,0.01328317,0.013355607,0.014563523,0.014932364,0.017099138,0.02622526,-0.016810894,-0.012312013,-0.009034052,-0.0039778287,0.007272841,0.0107021285,0.012238213,0.01690534
2016-04-11,0.000561016,-0.020071005,-0.016937332,-0.015950631,-0.014949441,-0.013102991,-0.013093946,-0.011163792,-0.008460562,-0.0061329226,-0.006032923,-0.005932923,-0.005832923,-0.0057329233,-0.0056329235,-0.0055329236,-0.0052780895,-0.004271039,0.0026388764,0.002851513,0.004625934,0.0056653027,0.0073197363,0.008126066,0.008226066,0.008326066,0.008426066,0.008526065,0.012103638,0.01321928,0.013830305,0.014095278,0.01751972,0.017522173,0.022601264,-0.015630942,-0.01096037,-0.007830655,-0.00532958,0.004801539,0.009103443,0.011958954,0.01625366
2016-04-12,-0.0014053244,-0.019860411,-0.0169273,-0.015987916,-0.015173766,-0.0133903,-0.012935805,-0.011184922,-0.008895253,-0.008104537,-0.008004537,-0.007904537,-0.007804537,-0.0077045374,-0.0076045375,-0.0075045377,-0.0070244735,-0.005244817,0.003733357,0.0048537133,0.0056540854,0.006534121,0.0067058755,0.0068058753,0.006905875,0.007118502,0.007218502,0.008253206,0.010590406,0.012526702,0.013846351,0.01459205,0.015300289,0.017547816,0.02360901,-0.015657516,-0.011421686,-0.009068934,-0.0070565804,0.0055362307,0.008282033,0.010777821,0.016424386
2016-04-13,-0.01013229,-0.02009358,-0.016637627,-0.015673866,-0.015573867,-0.014012193,-0.01287315,-0.011681758,-0.010293084,-0.009240116,-0.008618616,-0.008172795,-0.008072795,-0.0079727955,-0.0077341,-0.0073016346,-0.0050001685,-0.0049001686,0.004716934,0.0052095414,0.0055879187,0.0056879185,0.0060125836,0.0065570376,0.0073322007,0.00755904,0.007981858,0.008081858,0.010855185,0.013267526,0.013467624,0.014706285,0.015914192,0.01668182,0.023813872,-0.015838083,-0.011952396,-0.009566088,-0.0066217734,0.0057069026,0.008295609,0.011220125,0.016387425
2016-04-14,-0.0015681372,-0.020207789,-0.017244902,-0.015963065,-0.015099356,-0.013385353,-0.012757021,-0.010877747,-0.009284356,-0.008478465,-0.007434453,-0.0071263774,-0.0070263776,-0.005956206,-0.0051696957,-0.004852273,-0.0041793934,-0.0038594843,0.0045402064,0.0045929532,0.0054343347,0.0064813355,0.0065281442,0.006628144,0.006728144,0.00692007,0.0070200698,0.008705664,0.010676171,0.0126482695,0.013543979,0.014923238,0.015880749,0.017100064,0.02401765,-0.015738884,-0.011472131,-0.008491683,-0.0050374446,0.0055553946,0.008286059,0.010986185,0.01644664
2016-04-15,0.0027708525,-0.020143954,-0.0170641,-0.01580759,-0.015635662,-0.013156098,-0.012914536,-0.010984143,-0.01081798,-0.008772663,-0.008672663,-0.0078763645,-0.007658037,-0.007045725,-0.0061511444,-0.0053818603,-0.0050997958,-0.005060831,0.0041167014,0.00572942,0.005883172,0.00730137,0.0090829125,0.009182912,0.009282912,0.009382912,0.009482912,0.010001757,0.010327059,0.01224239,0.013633949,0.014745617,0.01649425,0.01659425,0.024365893,-0.01578287,-0.0118593825,-0.009421787,-0.0059139994,0.0064627146,0.009978576,0.011709673,0.01631642
2016-04-18,0.0025159249,-0.020261435,-0.016732085,-0.015835056,-0.015294745,-0.013077207,-0.012738757,-0.011619922,-0.009529422,-0.0093693985,-0.0077719926,-0.0076719928,-0.007571993,-0.0066031753,-0.0065031755,-0.0058218148,-0.0057871677,-0.0049436754,0.005460644,0.0067078536,0.007064009,0.0072900024,0.007613635,0.007926981,0.008026981,0.008126981,0.00822698,0.009161833,0.012340838,0.012440838,0.013543472,0.015293301,0.016270075,0.016732633,0.024926241,-0.015620845,-0.0118185105,-0.008843068,-0.0061455653,0.006909898,0.009054054,0.011688112,0.016587297
2016-04-19,0.004674542,-0.02022201,-0.016666815,-0.015855204,-0.015753886,-0.013344204,-0.013048377,-0.011514312,-0.011240363,-0.011140363,-0.010940577,-0.010262409,-0.010162409,-0.01006241,-0.009398232,-0.007587699,-0.007395696,-0.0059741023,0.0042931526,0.006302497,0.0068095843,0.008566523,0.008950343,0.010464385,0.011819663,0.011919663,0.012019663,0.012119663,0.012219663,0.012988205,0.013370316,0.014215386,0.016868457,0.016968457,0.025261348,-0.015807059,-0.012559724,-0.011090827,-0.008123627,0.007558284,0.011288452,0.0132431295,0.016560743
2016-04-20,-0.004109441,-0.020112699,-0.016790178,-0.015830263,-0.014807502,-0.0137325255,-0.012275949,-0.01129789,-0.011210785,-0.010512218,-0.010318829,-0.010218829,-0.010118829,-0.010018829,-0.009918829,-0.0097596925,-0.0093450155,-0.008776728,0.0026492556,0.0046728845,0.00595441,0.0060474854,0.006147485,0.006471769,0.006571769,0.0066717686,0.0067717684,0.007115152,0.010113718,0.012392513,0.013325502,0.014584618,0.015298842,0.018062266,0.024468116,-0.015543771,-0.012225421,-0.010788644,-0.009603819,0.0051791607,0.007759738,0.010338399,0.016566603
2016-04-22,-0.007978445,-0.020157821,-0.017297244,-0.015993746,-0.015893746,-0.015451088,-0.013122228,-0.0115366215,-0.011436622,-0.009471491,-0.009371491,-0.009238512,-0.009138512,-0.008546694,-0.0075278054,-0.00702123,-0.0069212303,-0.0057717822,0.00426912,0.0043691196,0.0058728186,0.006776011,0.0073812995,0.008935206,0.0090352055,0.009135205,0.009235205,0.009335205,0.010709572,0.012938991,0.0131501695,0.013366298,0.015415565,0.01641463,0.022969214,-0.016384427,-0.012312141,-0.010323109,-0.0072961124,0.006064455,0.009545182,0.011526907,0.015767861
2016-04-25,0.0030606466,-0.02012035,-0.017453229,-0.016073281,-0.015859429,-0.013822851,-0.0130900545,-0.011770567,-0.009616311,-0.009085785,-0.0072756833,-0.0071756835,-0.0071117072,-0.0070117074,-0.0069117076,-0.0058803847,-0.005499821,-0.0044642575,0.0026601867,0.0027601868,0.005472611,0.005749099,0.0071861753,0.008183536,0.008283536,0.008383536,0.008483536,0.008583535,0.008683535,0.0124260355,0.013505981,0.013605981,0.015557819,0.017696261,0.0228809,-0.016069183,-0.0119272,-0.008821093,-0.005986371,0.004985124,0.008952564,0.010746892,0.016023032
2016-04-26,0.0038933163,-0.019946478,-0.016496807,-0.015878785,-0.015761357,-0.0136838555,-0.0128925415,-0.010958656,-0.010858656,-0.010758656,-0.010658656,-0.010030712,-0.009930712,-0.009507025,-0.008749562,-0.008119976,-0.007219735,-0.005662932,0.0022288626,0.003512733,0.0055988007,0.0056988006,0.0057988004,0.0060353475,0.0061353473,0.006235347,0.007287914,0.009344105,0.0095297005,0.012496737,0.013465118,0.014295195,0.0156180505,0.016778404,0.023874488,-0.015756208,-0.012269459,-0.010769518,-0.007956584,0.0046349084,0.007982067,0.0108553,0.016181987
2016-04-27,0.00047704446,-0.020202382,-0.016999139,-0.015916862,-0.01590377,-0.014542948,-0.01301219,-0.0103394035,-0.0066732247,-0.006573225,-0.006473225,-0.0063704113,-0.0059006917,-0.005382506,-0.0052825063,-0.0051825065,-0.0050825067,-0.004982507,0.0025417884,0.003494091,0.0048353598,0.006323081,0.006423081,0.008600451,0.009603423,0.009703423,0.009803423,0.012155232,0.012255232,0.012766058,0.013849762,0.015015912,0.01706366,0.01716366,0.024043608,-0.016132087,-0.010502981,-0.0074883676,-0.0053800875,0.005359548,0.009929648,0.012808721,0.0165678
2016-04-28,0.00015896426,-0.0202195,-0.016631465,-0.016480869,-0.015972447,-0.014604972,-0.013118262,-0.01147315,-0.010022402,-0.009922402,-0.007821652,-0.0077216523,-0.0076216524,-0.006853856,-0.0067538563,-0.0063347104,-0.0057369126,-0.0056053754,0.004185413,0.004895146,0.0056385505,0.00639545,0.0074063702,0.0077907424,0.00906362,0.00916362,0.00926362,0.009663927,0.0109071145,0.012883725,0.013468969,0.013859444,0.014833459,0.018092042,0.025563378,-0.016109329,-0.012203418,-0.009087564,-0.0064305016,0.006035636,0.009381677,0.011510369,0.01677351
2016-04-29,0.010230774,-0.019920435,-0.016852459,-0.01614486,-0.015827073,-0.015070552,-0.013813448,-0.01199919,-0.011868116,-0.01101285,-0.010673257,-0.0104891425,-0.009144308,-0.009044308,-0.007849403,-0.006711207,-0.005698226,-0.005598226,0.0031265668,0.004305808,0.0049830866,0.0075639766,0.007839355,0.008701936,0.008774585,0.008874585,0.008974585,0.010092611,0.012676289,0.013325746,0.013425746,0.014960125,0.015060125,0.017784333,0.024204044,-0.016296795,-0.012967694,-0.0109086875,-0.007269241,0.005750804,0.009766847,0.012025872,0.016739998
2016-05-02,0.0065124673,-0.020259429,-0.017143399,-0.016360924,-0.015936946,-0.014768184,-0.013018096,-0.010234855,-0.010134855,-0.010034855,-0.009934856,-0.009834856,-0.00916579,-0.00906579,-0.0078057335,-0.006965903,-0.0064098123,-0.006051382,0.0032130736,0.0043984363,0.0058473162,0.008616914,0.010784688,0.010884688,0.010984688,0.011084688,0.011184688,0.012896601,0.0142644355,0.014364435,0.014464435,0.01878098,0.01888098,0.01898098,0.025586978,-0.01622521,-0.011956717,-0.010263877,-0.0074135377,0.0066120857,0.01200302,0.014318228,0.018435562
2016-05-03,-0.00074275973,-0.020283043,-0.017161805,-0.016050506,-0.015878633,-0.0139455525,-0.013344252,-0.011038744,-0.010396017,-0.010296017,-0.010270355,-0.010170355,-0.009963307,-0.0076600187,-0.007560019,-0.007340639,-0.006524327,-0.0064243274,0.0015039014,0.0024550117,0.0044296496,0.005992342,0.008134017,0.008344325,0.010674263,0.011089364,0.012173867,0.012174717,0.0129587,0.013060381,0.013425627,0.016171213,0.017993456,0.018093456,0.026049467,-0.016122658,-0.012225107,-0.01032679,-0.0076039336,0.0050110333,0.01056056,0.013672223,0.017360028
2016-05-04,-0.00185714,-0.020105911,-0.016910799,-0.01595578,-0.015901932,-0.01489822,-0.014065063,-0.012988502,-0.011472976,-0.011372976,-0.011272976,-0.009880558,-0.009780558,-0.009139844,-0.00859774,-0.008264802,-0.008164803,-0.007509365,0.003790201,0.0056581264,0.0070973225,0.0079330625,0.008033062,0.008133062,0.008659446,0.00913563,0.01006381,0.010105166,0.011069753,0.012972795,0.013198076,0.014276582,0.014905298,0.017152239,0.024203863,-0.016376385,-0.013171059,-0.011146283,-0.008483454,0.0066276314,0.009675943,0.011823364,0.016360711
2016-05-05,-0.0072154687,-0.020293014,-0.01721612,-0.016368052,-0.015788225,-0.015159829,-0.014570552,-0.011972754,-0.011872754,-0.0113686705,-0.010441086,-0.010411607,-0.0094107175,-0.0068998407,-0.0067362953,-0.003901514,-0.003801514,-0.0037015139,0.0050913063,0.005127975,0.0068940693,0.008669835,0.008769834,0.011232481,0.012394262,0.012408757,0.014498099,0.014598099,0.014698098,0.014798098,0.014898098,0.015042984,0.015234245,0.016703574,0.0245915,-0.016605547,-0.013230557,-0.01063899,-0.005710489,0.007635489,0.012361454,0.014765328,0.017206851
2016-05-06,0.0014568975,-0.020311713,-0.017506039,-0.016439674,-0.015936658,-0.014021397,-0.013150798,-0.011843751,-0.00985012,-0.0086331675,-0.008077671,-0.007977671,-0.007877671,-0.0070286836,-0.006344749,-0.005616791,-0.0055690226,-0.0046444554,0.0023859623,0.002987514,0.0047055962,0.0061456044,0.0064422693,0.006966675,0.009806804,0.0099229375,0.011223102,0.011323102,0.011423102,0.013395846,0.013739873,0.014670599,0.017362632,0.018078247,0.026186563,-0.01618532,-0.011983504,-0.009196987,-0.006030538,0.005206296,0.009610166,0.012945557,0.017214226
2016-05-09,-0.001551176,-0.020111479,-0.017003082,-0.016144313,-0.015883237,-0.014741065,-0.0131561775,-0.011480983,-0.01033596,-0.009770102,-0.009670102,-0.009570102,-0.009470102,-0.0092062745,-0.008906866,-0.00853722,-0.006823768,-0.006723768,0.0020154875,0.0030519578,0.004485666,0.004975135,0.0060207583,0.007063701,0.0073815817,0.00765854,0.008192108,0.009975376,0.010360139,0.013022492,0.013241605,0.014480023,0.016039362,0.018363073,0.024123145,-0.016179007,-0.012177507,-0.010367723,-0.008112345,0.004381966,0.008748174,0.011517895,0.016646069
2016-05-10,-0.0014811193,-0.020331053,-0.017400753,-0.016028441,-0.015802957,-0.013941821,-0.013099083,-0.011656709,-0.0103627825,-0.010262783,-0.010162783,-0.010062783,-0.009962783,-0.009862783,-0.008437807,-0.0076721865,-0.007140153,-0.0059228507,0.0041298075,0.0042298073,0.005355079,0.0077046556,0.00784505,0.007869321,0.009896976,0.011099314,0.012194268,0.012294268,0.012394268,0.012481168,0.013300496,0.01495677,0.015592716,0.017798629,0.024113342,-0.016115133,-0.01228196,-0.010690043,-0.007847156,0.006263265,0.010317824,0.012991337,0.016530082
2016-05-11,0.0052103926,-0.020164527,-0.017436221,-0.016116165,-0.015843373,-0.014243934,-0.012754365,-0.011466208,-0.009143013,-0.009043013,-0.008455303,-0.008355303,-0.007959632,-0.007348522,-0.0059105377,-0.0056248624,-0.0055248626,-0.0054248627,0.0037990422,0.004695954,0.005084455,0.006798961,0.008900693,0.009688955,0.010896517,0.010996517,0.011992502,0.012092502,0.012192502,0.013513986,0.013556951,0.014525167,0.017460123,0.017560123,0.025388721,-0.016088484,-0.011704553,-0.009132167,-0.0061680856,0.006254986,0.011038531,0.013450323,0.016908988
2016-05-12,-0.0056276964,-0.019673344,-0.016959,-0.015952492,-0.015891686,-0.0142936595,-0.012856626,-0.01132117,-0.010334859,-0.010234859,-0.010134859,-0.010034859,-0.008592307,-0.008003206,-0.0064909435,-0.0063909437,-0.006290944,-0.0062508723,0.0026728935,0.004844866,0.006164809,0.0073514814,0.0074112844,0.007511284,0.009906444,0.010690535,0.011589221,0.011689221,0.01178922,0.012950872,0.013310775,0.014712762,0.016075986,0.016556764,0.022478428,-0.015934864,-0.012140001,-0.009984371,-0.007091713,0.0061880993,0.010050639,0.012818905,0.01600192
2016-05-16,-0.0046261465,-0.020227162,-0.016762441,-0.016280672,-0.015870022,-0.013750605,-0.013067591,-0.010528144,-0.010428145,-0.010328145,-0.00920376,-0.008214474,-0.00794761,-0.006932191,-0.0064581586,-0.005858637,-0.005758637,-0.0044512656,0.003614522,0.0039959396,0.0064339074,0.0072280206,0.009019207,0.009119207,0.0111110555,0.011211055,0.011311055,0.011411055,0.012719527,0.012819527,0.013432728,0.015088483,0.016971877,0.018596368,0.026263233,-0.015935566,-0.01212654,-0.009515859,-0.006148235,0.006476689,0.010716011,0.013046609,0.017240068
2016-05-17,0.00078096567,-0.020101897,-0.017025108,-0.016276902,-0.015926052,-0.014077403,-0.013760148,-0.011954128,-0.011246255,-0.009460059,-0.009360059,-0.0089959195,-0.008704843,-0.006891921,-0.006008901,-0.00543576,-0.0043524844,-0.0028693094,0.00039856468,0.0016000431,0.002711832,0.004139658,0.0043843933,0.007650377,0.007888021,0.007988021,0.008008304,0.008108304,0.009144292,0.012671281,0.013022915,0.014846123,0.016254848,0.016367268,0.026726004,-0.01617812,-0.0125394985,-0.009992646,-0.0055324747,0.0033476236,0.008160475,0.010837406,0.016726717
2016-05-19,-0.01090915,-0.020240555,-0.01757613,-0.016323036,-0.015993914,-0.014028459,-0.013057953,-0.010408778,-0.008494861,-0.008217702,-0.007908638,-0.007717168,-0.006689156,-0.006283211,-0.0041246368,-0.004024637,-0.003215926,-0.002633287,0.0057650674,0.0058650672,0.0063294386,0.008051191,0.008930782,0.010410202,0.010510202,0.012308143,0.012408143,0.012508143,0.012608143,0.012708142,0.013439387,0.014431023,0.014692287,0.016889563,0.023387302,-0.016179401,-0.011300465,-0.0084867645,-0.004343131,0.007304193,0.011373082,0.0129849715,0.016171083
2016-05-20,-0.00061105477,-0.020265892,-0.019254345,-0.016080609,-0.015980609,-0.014624725,-0.014524725,-0.011696932,-0.007751297,-0.0076409467,-0.0070163338,-0.0063371165,-0.004967731,-0.004867731,-0.0047677313,-0.0046677315,-0.0045677316,-0.004091338,0.001169959,0.002814375,0.0033823203,0.0057475124,0.006335324,0.0074362303,0.010597729,0.010697729,0.010797729,0.010897729,0.011004721,0.011829668,0.013085395,0.013992081,0.014778175,0.01798966,0.02474167,-0.016930059,-0.011538902,-0.007825564,-0.00488633,0.0047423793,0.009439336,0.011861604,0.016327696
2016-05-23,-0.0013304465,-0.020079317,-0.01723899,-0.016190864,-0.015871514,-0.014169243,-0.01307075,-0.010334576,-0.0084888255,-0.00792938,-0.0071820766,-0.0067714793,-0.0063733985,-0.0060039894,-0.0038782752,-0.0034559504,-0.002336629,-0.0013393222,0.0043438696,0.0050721737,0.0058013443,0.008694073,0.009624942,0.010596498,0.010696498,0.011198494,0.011317544,0.0114175435,0.011517543,0.012520304,0.014076299,0.015008843,0.01536502,0.01672837,0.02620936,-0.016085964,-0.011202879,-0.008223808,-0.0035563312,0.0069215917,0.011071557,0.012427591,0.016908634
2016-05-24,-0.004286861,-0.020144887,-0.017014556,-0.01608612,-0.015913801,-0.01417735,-0.013100838,-0.011931135,-0.009642992,-0.009542992,-0.0094429925,-0.009342993,-0.007933802,-0.0063669253,-0.0052660555,-0.003940954,-0.002472489,-0.0014443028,0.0049414295,0.0050932067,0.006403894,0.008098891,0.008661882,0.009702762,0.0098027615,0.010914814,0.011014814,0.011114813,0.011157108,0.012524948,0.013621629,0.014866823,0.014983182,0.016897317,0.02619128,-0.016070288,-0.0120608155,-0.00929751,-0.0044933585,0.006868036,0.010583843,0.012158973,0.0168204
2016-05-25,0.00080056424,-0.020295737,-0.01713465,-0.0165826,-0.015929485,-0.014971873,-0.01310191,-0.010183213,-0.0067189243,-0.0055424096,-0.00544241,-0.00534241,-0.00524241,-0.0051424103,-0.005056011,-0.0042906287,-0.0040830355,-0.0029709784,0.0042152493,0.0050881836,0.0059903073,0.0075560724,0.008245365,0.008345365,0.010247737,0.010347737,0.010447737,0.010547737,0.0106477365,0.013016099,0.013116099,0.0147827165,0.016151236,0.017661238,0.024009539,-0.016286733,-0.010425812,-0.0071296133,-0.0043486124,0.0066195102,0.01010046,0.012162109,0.016517138
2016-05-26,0.0027086395,-0.018628672,-0.01754277,-0.016025843,-0.015894365,-0.013237268,-0.0130410865,-0.010946613,-0.009780019,-0.008611417,-0.007913071,-0.0071575097,-0.007016924,-0.006179887,-0.005473211,-0.0047449586,-0.0033659758,-0.0027106663,0.005070666,0.006138573,0.00659876,0.008028233,0.008833966,0.00930637,0.009485174,0.009585174,0.010219163,0.010319163,0.010419163,0.012574245,0.013540969,0.014630485,0.015530273,0.018203588,0.025928514,-0.015668832,-0.011680995,-0.008786198,-0.0046904646,0.0070642815,0.010123784,0.011812402,0.01697556
2016-05-27,-0.00392207,-0.020135432,-0.017242713,-0.016073227,-0.015931865,-0.014124701,-0.01305667,-0.010087772,-0.007857984,-0.0072618364,-0.005452378,-0.0053523784,-0.0052523785,-0.0051523787,-0.005052379,-0.004952379,-0.004852379,-0.003357902,0.004250913,0.006023453,0.0075178137,0.008255829,0.008374886,0.0084748855,0.008799887,0.008904769,0.009348994,0.009448994,0.009548994,0.012742946,0.01395876,0.014647258,0.01666671,0.01676671,0.02375985,-0.016098278,-0.010867498,-0.0073543577,-0.004713483,0.0069695795,0.009589297,0.011551328,0.016375106
2016-05-30,-0.0001907838,-0.02007817,-0.016581241,-0.01606715,-0.015743712,-0.013776962,-0.01277068,-0.00970532,-0.008251351,-0.006445283,-0.0063452832,-0.0062452834,-0.0061452836,-0.005650141,-0.005550141,-0.003940273,-0.003227769,-0.0029486748,0.0037349495,0.004194889,0.006103209,0.007396279,0.010167211,0.011527442,0.012841435,0.012941435,0.013041435,0.013141435,0.0132414345,0.013341434,0.013441434,0.014588809,0.01605838,0.017035816,0.024460673,-0.015790153,-0.010647957,-0.007832548,-0.0043824282,0.006854153,0.012223791,0.013764824,0.016573634
2016-05-31,-0.0002514413,-0.019699538,-0.016486637,-0.015840817,-0.015680386,-0.014025124,-0.013012017,-0.010471818,-0.0076456587,-0.0071860994,-0.0054770955,-0.0049502593,-0.0048502595,-0.0047502597,-0.00465026,-0.00455026,-0.00445026,-0.004159803,0.004433966,0.005022927,0.006137444,0.007658123,0.007758123,0.008162806,0.009557146,0.010289604,0.010845771,0.010945771,0.011045771,0.013029719,0.013478064,0.014318625,0.016794365,0.017539823,0.024142053,-0.01578074,-0.0108312825,-0.007147058,-0.0045521683,0.0065619214,0.010037204,0.012532279,0.016501656
2016-06-01,0.0026437037,-0.020250617,-0.0169227,-0.016111448,-0.015898488,-0.014068365,-0.013063391,-0.010784214,-0.0069986903,-0.004425188,-0.004325188,-0.0042251884,-0.0041251886,-0.003692764,-0.0034238358,-0.0028342109,-0.0027342108,-0.0021578753,0.0048690066,0.005632113,0.006056266,0.007510904,0.0084005315,0.010521151,0.012246338,0.012933508,0.013033507,0.013133507,0.013233507,0.013333507,0.013433507,0.0146063045,0.015475861,0.016779605,0.022719664,-0.016040713,-0.010276587,-0.006441044,-0.0030750644,0.0072629256,0.011664441,0.013641978,0.016174518
2016-06-02,-0.00068323995,-0.020186853,-0.017087096,-0.016187243,-0.015897632,-0.014203158,-0.013119054,-0.010728215,-0.010556658,-0.008402334,-0.0069410377,-0.006841038,-0.006741038,-0.0066433107,-0.006543311,-0.006443311,-0.005116627,-0.003999235,0.00094825146,0.0012368162,0.002803754,0.0034494593,0.0038858182,0.004935955,0.005035955,0.0053911214,0.005491121,0.0064891665,0.008846711,0.012918729,0.013640893,0.014166202,0.01508327,0.017395113,0.023097724,-0.016098758,-0.0117987,-0.00880022,-0.005788704,0.002694847,0.006724158,0.009765799,0.016243732
2016-06-06,0.017449116,-0.020086285,-0.016925743,-0.016010417,-0.015787324,-0.013894856,-0.012986426,-0.010393507,-0.0076392847,-0.007100813,-0.0068746638,-0.006300045,-0.0062000453,-0.00518565,-0.0050856504,-0.004298336,-0.004198336,-0.0029725276,0.0054376023,0.005537602,0.007506121,0.007606121,0.008460685,0.009505562,0.0114480695,0.011548069,0.013021612,0.013121611,0.013221611,0.013402186,0.013502186,0.014540817,0.014814068,0.018595308,0.025744058,-0.015936127,-0.01082609,-0.007777214,-0.0045709787,0.007507103,0.011207623,0.0135162175,0.01715691
2016-06-07,-0.00027530463,-0.020030208,-0.017238038,-0.016228693,-0.015871147,-0.01379763,-0.0130024245,-0.010141301,-0.008178963,-0.0080789635,-0.007978964,-0.007561635,-0.0074616354,-0.0073616356,-0.0051674927,-0.003787533,-0.0033306563,-0.0024032297,0.0052988427,0.0053879265,0.0057576513,0.006920892,0.0075908364,0.008439742,0.0084425835,0.008542583,0.008642583,0.009404238,0.009504238,0.012898996,0.013891105,0.013991104,0.014677107,0.017988179,0.025329407,-0.01598789,-0.011126069,-0.0087967245,-0.00445011,0.006361579,0.00937528,0.0110254325,0.016819758
2016-06-08,0.0045076455,-0.020238928,-0.016903542,-0.01599673,-0.015805025,-0.01394995,-0.012971255,-0.010967208,-0.008998655,-0.007169671,-0.007069671,-0.006969671,-0.0068696714,-0.0067696716,-0.0066696717,-0.006569672,-0.006469672,-0.005831202,0.0040382682,0.004261078,0.0059516877,0.0064074723,0.0074432474,0.007543247,0.007643247,0.007743247,0.007843247,0.007980706,0.009506384,0.013085456,0.013188612,0.014981441,0.016639065,0.016654652,0.024204092,-0.015973741,-0.011220704,-0.008535785,-0.006501978,0.0056603504,0.00875918,0.011010972,0.01642285
2016-06-09,-0.0063817296,-0.02014866,-0.016644554,-0.015955016,-0.0158768,-0.014021617,-0.013143696,-0.011984252,-0.011702295,-0.011602296,-0.011502296,-0.011267832,-0.010978528,-0.010097491,-0.0076285256,-0.0070082704,-0.0067905975,-0.0062498976,0.002244064,0.002344064,0.0028867447,0.0029867447,0.0035859598,0.0036859598,0.00378596,0.0040112934,0.00542302,0.009009101,0.009409608,0.013024055,0.013205459,0.014631036,0.017260808,0.017360808,0.024118815,-0.015967065,-0.012877512,-0.011484861,-0.0077890246,0.0028495155,0.006663274,0.010825319,0.016468037
2016-06-10,-0.004239548,-0.02026304,-0.017323243,-0.016008724,-0.015220406,-0.0140249785,-0.013086636,-0.011371142,-0.007292235,-0.0071833255,-0.0070833256,-0.006983326,-0.006883326,-0.006783326,-0.0066833263,-0.0065833265,-0.0064833267,-0.005053053,0.004211767,0.0042382125,0.0052235574,0.005323557,0.005423557,0.005523557,0.0056235567,0.0059619374,0.006061937,0.00746252,0.00894243,0.01237046,0.013751698,0.014024078,0.017049395,0.017149394,0.02399531,-0.01598366,-0.010988412,-0.008225771,-0.006357272,0.00492413,0.007348406,0.010377348,0.016258188
2016-06-13,2.8810811e-05,-0.020212017,-0.016850429,-0.016039113,-0.015753837,-0.014264328,-0.013122003,-0.010595972,-0.006740191,-0.0048952852,-0.0047952854,-0.0046952856,-0.0045952857,-0.0043667634,-0.0042667636,-0.002722355,-0.0026935812,-0.002274652,0.00521879,0.0053187897,0.005577134,0.0060395095,0.0061395094,0.006239509,0.006339509,0.006439509,0.0065395087,0.0066395085,0.0068958197,0.012789169,0.013399975,0.013499975,0.014991324,0.018206496,0.02425193,-0.016040523,-0.010278513,-0.006723906,-0.0033305276,0.0056987465,0.0076494412,0.009571066,0.01642951
2016-06-14,-0.0067756167,-0.020149646,-0.01692052,-0.01595788,-0.015852135,-0.013880361,-0.012946822,-0.009681503,-0.008238236,-0.008138237,-0.008125431,-0.008025431,-0.007622915,-0.007522915,-0.007252826,-0.0061950395,-0.004677491,-0.0031548801,0.0042530904,0.0043325354,0.0053919367,0.006073861,0.0061738607,0.0062738606,0.0063738604,0.0064813085,0.0067249686,0.009058406,0.0091584055,0.01256209,0.013645403,0.0148649365,0.017357195,0.017457195,0.021219278,-0.015949897,-0.010992536,-0.008891264,-0.0058611333,0.005285057,0.008109905,0.010972212,0.01594978
2016-06-15,0.0029787421,-0.020129865,-0.01720431,-0.016222978,-0.015928097,-0.014883211,-0.013125051,-0.010539717,-0.007021624,-0.005166052,-0.005100743,-0.0044922074,-0.0043922076,-0.004292208,-0.0027848342,-0.0026848342,-0.0016935914,-0.0015935914,0.0040403153,0.0049016834,0.005435153,0.0054657,0.0055056494,0.005677884,0.005777884,0.0058778836,0.006432813,0.007076479,0.00757336,0.012540988,0.013460429,0.014696583,0.015059469,0.018393578,0.024919145,-0.016254107,-0.010415085,-0.0067863665,-0.0026498116,0.005124147,0.007335777,0.009736622,0.016802143
2016-06-16,-0.0072271316,-0.020178204,-0.017132943,-0.016204033,-0.01586306,-0.013873725,-0.013776864,-0.011084766,-0.008310609,-0.008280216,-0.0072298762,-0.0070800395,-0.0069800396,-0.0062977285,-0.0055994783,-0.005076604,-0.0034150651,-0.0027097145,0.0020717415,0.0020980453,0.002616967,0.0027169671,0.0027805339,0.002880534,0.0032937513,0.0038397585,0.004228226,0.007408615,0.008400488,0.012945833,0.013376519,0.015307317,0.015970374,0.01683658,0.024663454,-0.01616496,-0.011531298,-0.008519024,-0.0047761803,0.0025594947,0.0059710545,0.009790706,0.01662594
2016-06-17,0.008743169,-0.020242227,-0.017311946,-0.016070675,-0.01593626,-0.014717682,-0.014617682,-0.012947384,-0.012024172,-0.009949288,-0.0098492885,-0.009749289,-0.008143817,-0.007922461,-0.0062628845,-0.005999036,-0.003975745,-0.0019314939,0.006236531,0.007033013,0.00817775,0.008962823,0.008963828,0.010545271,0.010830379,0.010930379,0.011030379,0.01208926,0.013856911,0.013956911,0.014056911,0.015072972,0.015782926,0.018565498,0.024983171,-0.016565159,-0.013121841,-0.010511484,-0.0055836895,0.008248099,0.01129713,0.013343277,0.017327093
2016-06-20,0.005548795,-0.020145884,-0.018086642,-0.016079973,-0.015852142,-0.01580651,-0.015631946,-0.013126615,-0.012435139,-0.009395218,-0.008356658,-0.008256658,-0.007818983,-0.005362476,-0.004746358,-0.004071475,-0.0037265583,-0.0036185104,0.0031290613,0.004190424,0.006823184,0.0073422724,0.007914374,0.0080143735,0.008114373,0.008214373,0.009538156,0.011219746,0.011319746,0.0128328055,0.01368084,0.014783347,0.015857227,0.017742505,0.02407152,-0.017104624,-0.01333378,-0.009921039,-0.0048839124,0.005919863,0.009639135,0.012153536,0.016622204
2016-06-21,-0.0049736584,-0.01980648,-0.017182447,-0.015914392,-0.015759397,-0.014057073,-0.013041608,-0.011352109,-0.010293243,-0.009425254,-0.0077973977,-0.0073312693,-0.0066398266,-0.006083035,-0.0054323175,-0.0037919134,-0.003757417,-0.0032030495,0.0052823788,0.005901,0.006888984,0.007830792,0.007895202,0.009225241,0.009325241,0.009425241,0.0107404655,0.010840465,0.011079543,0.012990798,0.013414828,0.014267512,0.014814041,0.01617304,0.023004243,-0.015969401,-0.012005321,-0.008771022,-0.004703193,0.007045679,0.010075389,0.0120930625,0.015970085
2016-06-22,0.0021798506,-0.02025811,-0.017169874,-0.01564746,-0.01554746,-0.014312317,-0.012848289,-0.011024127,-0.010570646,-0.008968872,-0.008868872,-0.008768872,-0.0086688725,-0.0076497123,-0.0075027114,-0.0046988563,-0.004492484,-0.0043133437,0.003680532,0.0037805322,0.005729596,0.008831263,0.009469976,0.0120072495,0.012107249,0.012207249,0.013522667,0.013622667,0.014243085,0.014343085,0.014443085,0.014543084,0.014836257,0.016268473,0.025454339,-0.016027208,-0.0118118785,-0.009721278,-0.0059552537,0.0068258345,0.012330046,0.014113553,0.017010413
2016-06-23,0.007435077,-0.020121258,-0.01710881,-0.015950346,-0.015802136,-0.013945356,-0.012765159,-0.011104806,-0.010042313,-0.009249946,-0.009022678,-0.008159309,-0.008032095,-0.007932095,-0.0073783556,-0.0065728743,-0.0062609687,-0.005913778,0.0048181713,0.0067453166,0.0075456807,0.0093837,0.009756694,0.009856693,0.009956693,0.010419503,0.010729599,0.010829599,0.0109295985,0.013180332,0.013868042,0.01402733,0.01442345,0.016988669,0.02636911,-0.015948543,-0.011822514,-0.009558868,-0.006857057,0.007689913,0.010808565,0.012018517,0.016886696
2016-06-27,-0.031075334,-0.020069547,-0.018648885,-0.017705677,-0.015676213,-0.015664464,-0.014222806,-0.011980204,-0.011880204,-0.011780204,-0.011601372,-0.011477857,-0.010037403,-0.009337761,-0.0066638356,-0.0036108866,-0.0035108866,-0.0034108865,0.006985047,0.007805668,0.010184812,0.011788758,0.012881075,0.014458392,0.015251512,0.015613096,0.01693537,0.017416561,0.01751656,0.01761656,0.021177454,0.021277454,0.021377454,0.021477453,0.024671674,-0.016856384,-0.01351382,-0.011415909,-0.0057348707,0.010403159,0.015597137,0.0181725,0.02124412
2016-06-28,0.002761028,-0.020008689,-0.016660266,-0.016055832,-0.015257159,-0.015157159,-0.014207521,-0.012535305,-0.012435305,-0.010678491,-0.010578491,-0.010493645,-0.010393646,-0.009591961,-0.008118314,-0.0062137665,-0.0045724767,-0.00428844,0.007039748,0.007548126,0.0099363895,0.010036389,0.010136389,0.010876464,0.011669127,0.011769127,0.011869127,0.012590719,0.014505311,0.019931464,0.020031463,0.020131463,0.020231463,0.020331463,0.023867832,-0.01625816,-0.013182489,-0.011441384,-0.006737329,0.009245956,0.013060833,0.015825618,0.020858737
2016-06-29,0.005755697,-0.020191232,-0.016644817,-0.016051339,-0.015864942,-0.0137402285,-0.013625979,-0.013354864,-0.013254864,-0.013043182,-0.012244659,-0.012188613,-0.010674796,-0.009604495,-0.008100964,-0.0071011805,-0.00676805,-0.0053841737,0.0066092997,0.008689393,0.010343766,0.010443766,0.012040287,0.012140287,0.0126280645,0.012728064,0.012828064,0.014486824,0.014586824,0.014686824,0.014786824,0.0148868235,0.018226031,0.018326031,0.023039136,-0.01601344,-0.013866046,-0.011880959,-0.007908596,0.009742858,0.013216456,0.0149629135,0.017145127
2016-06-30,-0.007471666,-0.020039663,-0.01697736,-0.01687736,-0.016644146,-0.015374471,-0.0152954105,-0.012481974,-0.0109194005,-0.0076516345,-0.006126253,-0.0053761434,-0.0045563914,-0.0030067898,-0.0029067898,-0.0028067897,-0.0027067896,-0.0026067896,0.0061542816,0.0062542814,0.0076285806,0.009204394,0.0121867,0.012764894,0.013464495,0.013590485,0.014623198,0.016125841,0.017074158,0.021025667,0.021125667,0.021225667,0.021325666,0.021425666,0.026007585,-0.01686621,-0.012645155,-0.007980849,-0.0032806606,0.008541207,0.015138717,0.018034905,0.02216205
2016-07-01,0.009962579,-0.02004936,-0.01994936,-0.01984936,-0.019556222,-0.019018326,-0.018918326,-0.017613597,-0.017548772,-0.01719514,-0.015514487,-0.014715159,-0.0142184505,-0.013793968,-0.012548549,-0.010972145,-0.009921837,-0.008733645,0.0030751582,0.005681764,0.0057817637,0.0058817635,0.00765157,0.008781868,0.010680183,0.013293597,0.014716282,0.01710984,0.01720984,0.017309839,0.017409839,0.018677762,0.018777762,0.02046582,0.023613779,-0.019498318,-0.01822504,-0.0159988,-0.011378268,0.006220127,0.012829343,0.01702471,0.019495409
2016-07-04,-7.403145e-05,-0.020114323,-0.017319601,-0.016255103,-0.016155103,-0.015292711,-0.015192711,-0.0144440625,-0.012128454,-0.010521442,-0.010408346,-0.010308346,-0.010186385,-0.008523043,-0.008423043,-0.0075046923,-0.0060376045,-0.0059376047,0.003918726,0.0044805226,0.0044883722,0.008183214,0.010883818,0.01306679,0.013357141,0.016487971,0.017611206,0.017711205,0.017811205,0.017911205,0.018011205,0.02090768,0.02100768,0.02110768,0.023744648,-0.01681489,-0.013708355,-0.011287788,-0.007642258,0.0068855947,0.015212198,0.0184105,0.020336483
2016-07-05,-0.005750789,-0.020165399,-0.016955147,-0.015903467,-0.01578605,-0.014145105,-0.013046213,-0.012946214,-0.012846214,-0.012746214,-0.012646214,-0.012546214,-0.012446214,-0.011293345,-0.011193345,-0.0099150855,-0.0068841255,-0.0060734274,0.006880796,0.007207968,0.008131065,0.009919675,0.010003661,0.011818446,0.01196447,0.013057326,0.013157326,0.013478681,0.013578681,0.013678681,0.013778681,0.014845354,0.015709132,0.017790632,0.023504581,-0.016019583,-0.013497664,-0.01245564,-0.00932244,0.0088207945,0.012407359,0.013920501,0.016719585
2016-07-06,-0.00035883184,-0.02022223,-0.017239109,-0.015875408,-0.01585207,-0.014198357,-0.0129425125,-0.011496032,-0.010453365,-0.010353365,-0.009978461,-0.009878461,-0.008904792,-0.008325303,-0.008225303,-0.0072093485,-0.005961104,-0.005861104,0.0050708116,0.0057003223,0.005800322,0.0066723055,0.008397001,0.008442571,0.009392226,0.01007654,0.010176539,0.011757191,0.012326075,0.01654267,0.01664267,0.016742669,0.017464746,0.018591523,0.026074694,-0.016090857,-0.012224136,-0.010120886,-0.0074270642,0.0065271975,0.011043195,0.013653444,0.018918846
2016-07-07,-0.0009959249,-0.01986765,-0.017095873,-0.016238026,-0.01575075,-0.014375175,-0.0142031405,-0.014103141,-0.014003141,-0.013903141,-0.012780628,-0.012680628,-0.011940583,-0.011840583,-0.011740583,-0.011063781,-0.010240543,-0.009206232,0.0045796847,0.006011938,0.007318317,0.0076601943,0.009215387,0.009394572,0.010287524,0.011316915,0.011416915,0.011880026,0.0137156695,0.013815669,0.013856611,0.01455329,0.016177787,0.016958393,0.026374232,-0.01625852,-0.014490117,-0.012953615,-0.010986353,0.0071715317,0.011124514,0.013401213,0.017111639
2016-07-08,-0.0025655136,-0.02008232,-0.016890103,-0.016014105,-0.015863141,-0.014680436,-0.01396846,-0.013100055,-0.013000055,-0.012928793,-0.012221381,-0.012121381,-0.010774525,-0.010674525,-0.010452889,-0.008604605,-0.007949524,-0.006594944,0.0063342713,0.0064880713,0.006688704,0.0067887036,0.006799339,0.007813849,0.008340241,0.009316722,0.009416722,0.010511013,0.0119115645,0.0137921935,0.013892193,0.014143347,0.014857641,0.017917348,0.024142057,-0.016296891,-0.013802293,-0.01212779,-0.0091446685,0.0069279983,0.009646622,0.012097827,0.016777428
2016-07-11,0.0007427301,-0.020119376,-0.017004248,-0.016904248,-0.01584221,-0.015449111,-0.015419561,-0.0138812065,-0.012554854,-0.011955985,-0.010855978,-0.009671434,-0.008812745,-0.008712745,-0.007485124,-0.0059315613,-0.0031875884,-0.0025474716,0.011121927,0.01205852,0.013335405,0.013905435,0.014005435,0.0141054345,0.014205434,0.014305434,0.014405434,0.015129247,0.015229247,0.0184731,0.0185731,0.0186731,0.0187731,0.0188731,0.02569068,-0.016766902,-0.014143171,-0.011271177,-0.0057646357,0.0129253445,0.015203729,0.016402025,0.020056617
2016-07-12,0.0025703846,-0.020133648,-0.01687085,-0.015817905,-0.015748905,-0.014137588,-0.013056516,-0.011257586,-0.011157586,-0.011057586,-0.010957587,-0.010857587,-0.010757587,-0.010657587,-0.0094988225,-0.009456508,-0.007444862,-0.0072092265,0.0067148046,0.007831863,0.00848866,0.010007645,0.010257845,0.0120308865,0.012130886,0.012230886,0.012330886,0.012430886,0.012530886,0.012885072,0.014009521,0.014109521,0.015729858,0.017674908,0.024137344,-0.015989501,-0.012469436,-0.011317373,-0.008893401,0.009034772,0.011967115,0.013181518,0.016563272
2016-07-13,0.0035069329,-0.02023852,-0.017077453,-0.01573747,-0.01563747,-0.014379498,-0.013038498,-0.012595134,-0.011647651,-0.010313758,-0.010213758,-0.010113758,-0.010013758,-0.009443531,-0.009390501,-0.0092905015,-0.009088246,-0.00848217,0.00676632,0.008448579,0.008883254,0.0089832535,0.009606463,0.010040321,0.010841074,0.010941074,0.011682564,0.011782564,0.011882564,0.012887648,0.014945963,0.015045963,0.015145963,0.01691965,0.023952782,-0.016074289,-0.012666503,-0.010871439,-0.009273035,0.008784497,0.011051615,0.012676261,0.0167504
2016-07-14,-0.00038255032,-0.020016711,-0.016516373,-0.016288392,-0.015686834,-0.014688872,-0.013968137,-0.013884873,-0.012375378,-0.010333648,-0.010008319,-0.009908319,-0.009371519,-0.009316027,-0.008259016,-0.007367463,-0.00725123,-0.0068049575,0.0014977497,0.0020227388,0.0029572954,0.00427144,0.0054735416,0.006194587,0.008144811,0.008590896,0.0086908955,0.009924102,0.011850588,0.013292117,0.013392117,0.015050699,0.016072942,0.0169023,0.023851972,-0.016175386,-0.013370085,-0.011007876,-0.007918197,0.0037788071,0.008695048,0.011966129,0.016497841
2016-07-15,-0.00441214,-0.020140393,-0.016943024,-0.016124735,-0.015697923,-0.014070449,-0.01397045,-0.013463559,-0.010906898,-0.010806899,-0.010077306,-0.009712074,-0.009428214,-0.00923475,-0.008741704,-0.008641704,-0.0074825105,-0.006247042,0.0026614885,0.0031311258,0.005918684,0.008699337,0.009023898,0.009913739,0.011750196,0.012955746,0.01301183,0.01311183,0.013709992,0.015287849,0.016057609,0.016157608,0.016257608,0.016743328,0.023856636,-0.016164448,-0.013054508,-0.010723523,-0.008165007,0.006432166,0.012058612,0.014275822,0.017620604
2016-07-18,0.0015496244,-0.020051878,-0.01677682,-0.016140206,-0.015801296,-0.014246391,-0.013459055,-0.012477677,-0.01035001,-0.0102500105,-0.009969949,-0.0098048905,-0.009790836,-0.009690836,-0.008518178,-0.008418178,-0.008318178,-0.006881075,0.003606837,0.0047823405,0.004857873,0.0071151177,0.010934861,0.011144437,0.011164543,0.01203003,0.0121300295,0.012230029,0.012670964,0.012964725,0.014631785,0.015238082,0.015862128,0.01783753,0.0257134,-0.016067088,-0.012535391,-0.010652137,-0.0083881,0.006305342,0.011860816,0.013171576,0.017277105
2016-07-19,-0.005629418,-0.020240556,-0.0171962,-0.01595243,-0.015875155,-0.014664885,-0.013115043,-0.012681985,-0.012581985,-0.012481986,-0.012381986,-0.012281986,-0.012181986,-0.012081986,-0.011981986,-0.009579137,-0.008448336,-0.0073408075,0.0048987144,0.0062746396,0.0073410333,0.010098651,0.012049877,0.012447813,0.013285903,0.013385903,0.013485903,0.014538942,0.014638942,0.014738942,0.014838941,0.014938941,0.015199076,0.017482003,0.023358136,-0.016218368,-0.013362686,-0.012468597,-0.00992645,0.008379789,0.013432296,0.014520362,0.017071392
2016-07-20,-0.0007607127,-0.020085072,-0.016770693,-0.015366468,-0.015266468,-0.013923545,-0.013209183,-0.013109183,-0.0103412755,-0.0080730235,-0.007973024,-0.007873024,-0.0073667164,-0.006917566,-0.006817566,-0.005423431,-0.005323431,-0.005223431,0.0045148837,0.0046148836,0.005221836,0.006541338,0.007373737,0.0077887597,0.008911901,0.009011901,0.009111901,0.009211901,0.01014258,0.013114145,0.0149446875,0.015044687,0.015935678,0.017345838,0.02486445,-0.015850993,-0.012019826,-0.009161552,-0.0061321766,0.0059609683,0.0093000885,0.011503241,0.017062763
2016-07-21,0.00090597715,-0.020018347,-0.016744789,-0.016207173,-0.01574417,-0.014251339,-0.013880219,-0.012317347,-0.012216052,-0.010828308,-0.010728308,-0.010628308,-0.010528308,-0.010286011,-0.010186011,-0.010086011,-0.009936012,-0.009426148,0.003025396,0.0046005333,0.0051518385,0.0068607675,0.007421548,0.007521548,0.010358384,0.010458384,0.010558384,0.010658383,0.011108485,0.013039003,0.0143039785,0.014385923,0.017277407,0.017377406,0.021786159,-0.016127774,-0.013089821,-0.011527779,-0.010052498,0.0059993835,0.009819774,0.012528333,0.016178494
2016-07-22,-0.0043261065,-0.02033032,-0.017108412,-0.016287372,-0.01595144,-0.014212288,-0.014112288,-0.01342389,-0.011953314,-0.009824706,-0.009724706,-0.00906297,-0.00896297,-0.008852839,-0.008752839,-0.008732902,-0.008632902,-0.008532902,0.0020280106,0.0028050754,0.003997836,0.006538668,0.006638668,0.0066393274,0.0074083963,0.007508396,0.0077958945,0.009262062,0.011643689,0.012739067,0.012993001,0.014722593,0.017139621,0.01723962,0.022269938,-0.01634295,-0.013120314,-0.010721223,-0.008742903,0.004555597,0.008557504,0.011716066,0.015992844
2016-07-25,0.0010320494,-0.020218933,-0.01712009,-0.01551802,-0.01541802,-0.014391097,-0.013416931,-0.012586333,-0.010127518,-0.008762677,-0.007392202,-0.0069676214,-0.0068676216,-0.006449746,-0.005980176,-0.0058109383,-0.0049232524,-0.0037418213,0.003456554,0.0040835557,0.0052159866,0.0063045053,0.006404505,0.007592096,0.008072896,0.008617022,0.0088936705,0.009842796,0.01115463,0.0125708915,0.01329275,0.014018565,0.01540254,0.016655613,0.025370218,-0.016113015,-0.0120822955,-0.008850804,-0.0054847617,0.0054266993,0.009005463,0.011572906,0.016381606
2016-07-26,0.00035288508,-0.020304365,-0.01751623,-0.016471196,-0.015889496,-0.013746335,-0.013583814,-0.012802466,-0.012534724,-0.010751669,-0.010651669,-0.0098808585,-0.009687045,-0.008642069,-0.008574868,-0.006796937,-0.0057744733,-0.0057557863,0.0054166075,0.0063555674,0.006455567,0.006555567,0.00887082,0.008970819,0.009070819,0.009364938,0.010326758,0.010426758,0.010920231,0.011856084,0.014270947,0.015194774,0.017392,0.017492,0.022088898,-0.016208049,-0.013228774,-0.011019864,-0.007356585,0.0067708255,0.009897884,0.012184367,0.016180541
2016-07-27,0.00044605063,-0.019938737,-0.01651886,-0.015836589,-0.015668752,-0.0144328745,-0.012898184,-0.011647736,-0.011547736,-0.010936998,-0.010836998,-0.010736998,-0.010190252,-0.008644332,-0.008254512,-0.0061135953,-0.0054001454,-0.0034352283,0.007407222,0.007798071,0.00910291,0.010362395,0.010605159,0.011431792,0.011531792,0.0116317915,0.011997413,0.012097413,0.012197413,0.012784287,0.013919085,0.014273056,0.01597711,0.017699813,0.02383276,-0.015891481,-0.012573448,-0.0108235,-0.006788096,0.009240478,0.011710088,0.013010728,0.016501801
2016-07-28,0.009609885,-0.020154817,-0.016602514,-0.015686344,-0.0155863445,-0.014557642,-0.012980771,-0.011325661,-0.011285048,-0.011185048,-0.010506037,-0.010080017,-0.007737594,-0.006881097,-0.0057845735,-0.003973782,-0.003873782,-0.0027348753,0.0051814304,0.006132909,0.0065698456,0.007862396,0.008776626,0.0091633005,0.0092633,0.0093633,0.0094633,0.011058272,0.011158272,0.011568311,0.013263595,0.014381073,0.014733316,0.01674385,0.02382269,-0.015976418,-0.012492575,-0.009878109,-0.005289406,0.007001976,0.009985962,0.011596294,0.015955904
2016-07-29,0.006737753,-0.02008489,-0.016966855,-0.01604712,-0.0155992545,-0.014206385,-0.012950722,-0.010856734,-0.0077601476,-0.0076601477,-0.007560148,-0.007460148,-0.0073601482,-0.0068173343,-0.0067173345,-0.006585868,-0.0054894863,-0.0048376317,0.0043244227,0.005567878,0.0061187632,0.008782092,0.008882091,0.008982091,0.009082091,0.009182091,0.0095905475,0.010393719,0.010493719,0.01286818,0.016055306,0.016155306,0.017382143,0.017482143,0.021625875,-0.015961621,-0.011054974,-0.0084897,-0.0062180934,0.006775049,0.010061635,0.012145663,0.016837362
2016-08-01,0.0005594356,-0.020146875,-0.017117105,-0.01601602,-0.015853837,-0.014180624,-0.01312515,-0.010812984,-0.008905157,-0.008805158,-0.008510474,-0.008410474,-0.00813324,-0.007483478,-0.0070008524,-0.0069008525,-0.005674314,-0.0046632984,0.002301597,0.0024328446,0.0042284788,0.004677292,0.005009566,0.005109566,0.0052095656,0.0063357498,0.007441402,0.009096026,0.00939262,0.012030139,0.014637152,0.014737152,0.017304603,0.018475063,0.024018485,-0.01608472,-0.011532893,-0.0092315,-0.0065299585,0.0037699554,0.007516209,0.011052958,0.016779598
2016-08-02,0.0043974365,-0.020177146,-0.01661846,-0.016211838,-0.015872415,-0.013694168,-0.013124426,-0.010279299,-0.0084498925,-0.0064918697,-0.00639187,-0.00629187,-0.00619187,-0.005785714,-0.005219147,-0.0051191472,-0.0050191474,-0.0049191476,0.0045001525,0.005470605,0.0070564677,0.0075834724,0.008362092,0.00859882,0.009368531,0.009468531,0.009568531,0.009668531,0.009768531,0.01200706,0.013099392,0.014855358,0.01523844,0.01714207,0.024138965,-0.015897322,-0.010911465,-0.007988755,-0.0053136917,0.006795846,0.009621007,0.011250218,0.016248569
2016-08-03,-0.0048360075,-0.019943785,-0.017042574,-0.016143711,-0.015507297,-0.013722624,-0.013077455,-0.010632161,-0.010532161,-0.010432161,-0.010332162,-0.010232162,-0.009514088,-0.008746681,-0.0061453357,-0.004771137,-0.0046517644,-0.0044591688,0.0020678611,0.0030848298,0.0049546594,0.005275636,0.007350419,0.007450419,0.007550419,0.007929674,0.008403342,0.008503342,0.009729872,0.012849951,0.013349347,0.014292888,0.015711319,0.017087359,0.023432659,-0.015858745,-0.012163529,-0.010440509,-0.006051914,0.004586681,0.008816761,0.011039564,0.01620244
2016-08-04,-0.0033133917,-0.020331439,-0.017337129,-0.016270956,-0.01587148,-0.014414198,-0.013062393,-0.011341667,-0.007912028,-0.007812028,-0.007344885,-0.007244885,-0.005071778,-0.004971778,-0.004871778,-0.0047037397,-0.00460374,-0.00450374,0.0021387185,0.003889917,0.0042429566,0.006869788,0.008310223,0.009370128,0.0094701275,0.009570127,0.009670127,0.009770127,0.009870127,0.011150659,0.013819577,0.014558442,0.016921386,0.017021386,0.022555424,-0.016203327,-0.011279814,-0.007672572,-0.0051855766,0.0053223013,0.009634253,0.011476485,0.015821097
2016-08-08,-0.0050832955,-0.020028686,-0.0168999,-0.015884414,-0.01580127,-0.0148703195,-0.012912083,-0.009868244,-0.008481038,-0.007683472,-0.0069063604,-0.0068063606,-0.005885546,-0.0057855463,-0.004458369,-0.0039757737,-0.003867865,-0.001569513,0.0033448767,0.0041844463,0.0053857714,0.008420142,0.009067723,0.010256307,0.010695419,0.011435517,0.011744881,0.011754453,0.011854453,0.012325682,0.013584181,0.014816706,0.016770996,0.016870996,0.024222132,-0.016102452,-0.01096585,-0.007994114,-0.004135576,0.006406131,0.010967936,0.012890093,0.01636394
2016-08-09,0.0029252637,-0.020317158,-0.017011298,-0.016311103,-0.015885947,-0.0140815405,-0.012824711,-0.0106541775,-0.008528445,-0.0074346797,-0.00733468,-0.00723468,-0.006402328,-0.0056241388,-0.0049811527,-0.004881153,-0.0037187815,-0.0036187815,0.0040243096,0.0040362636,0.0061369,0.008508994,0.008667771,0.010491955,0.011274646,0.01232875,0.01242875,0.01252875,0.01262875,0.01272875,0.013587237,0.014648628,0.014949984,0.016679134,0.026975945,-0.016024131,-0.011150624,-0.008142861,-0.0048869094,0.006796223,0.011349196,0.013052997,0.016923938
2016-08-10,0.0054714233,-0.018828388,-0.017141974,-0.016118957,-0.015740817,-0.0136786215,-0.013118792,-0.011062504,-0.010877859,-0.009162996,-0.008554279,-0.008454279,-0.0073157884,-0.0055573545,-0.0053922613,-0.0046798685,-0.0037800337,-0.0034801485,0.0013501464,0.0024344416,0.0041736765,0.006667025,0.006840898,0.006940898,0.007040898,0.008423326,0.008523325,0.008723884,0.010173656,0.012428281,0.013366938,0.014983504,0.015169944,0.017994188,0.02397133,-0.01570172,-0.012068221,-0.009084815,-0.005157318,0.0043332377,0.008671457,0.011003818,0.016548848
2016-08-11,-0.0001701099,-0.020275196,-0.01709158,-0.016324922,-0.015955945,-0.014453035,-0.012862067,-0.010767375,-0.0071001146,-0.006137673,-0.004226302,-0.004126302,-0.004026302,-0.0039263023,-0.0038263022,-0.003718811,-0.0031754347,-0.00014604541,0.004554699,0.0053233453,0.0053720498,0.0054720496,0.0055720494,0.0056720492,0.006300222,0.006374004,0.0064740037,0.007980644,0.010417942,0.012417895,0.013238438,0.014196808,0.016972376,0.018048374,0.023004452,-0.016127566,-0.010638431,-0.006428218,-0.002998579,0.0054044733,0.0076033277,0.0108525725,0.016181193
2016-08-12,0.00029543551,-0.018718505,-0.017107056,-0.016437432,-0.015942456,-0.013818913,-0.013098883,-0.010390182,-0.010290182,-0.008656443,-0.007047588,-0.006947588,-0.0068475883,-0.004710328,-0.004610328,-0.004207564,-0.0041300952,-0.001554461,0.005056661,0.0057118386,0.0058118384,0.0066642626,0.0067642624,0.007832316,0.008014995,0.008576854,0.008676854,0.009069864,0.009169864,0.012185532,0.013300894,0.014881169,0.015804477,0.0167234,0.023930425,-0.015737163,-0.011774625,-0.008398915,-0.0042900075,0.006251919,0.008885765,0.010981318,0.016204285
2016-08-16,0.009323901,-0.020090299,-0.01688544,-0.015878849,-0.0156587,-0.013977506,-0.01305455,-0.010743798,-0.008120514,-0.007828751,-0.007728751,-0.007628751,-0.00696299,-0.00686299,-0.0067629903,-0.006053195,-0.005315392,-0.004170774,0.0031442202,0.003851426,0.003951426,0.005056342,0.005156342,0.005699204,0.006040685,0.007077799,0.007177799,0.00808245,0.00971539,0.013939034,0.014850265,0.0154503705,0.015945574,0.01846869,0.022173366,-0.0159333,-0.011125292,-0.008545959,-0.00598622,0.00440882,0.007990966,0.01097205,0.016976345
2016-08-17,-0.001220121,-0.0203442,-0.017268475,-0.016089175,-0.015863853,-0.014310076,-0.012677605,-0.010608847,-0.00929915,-0.009138899,-0.009038899,-0.008763743,-0.008663743,-0.008563743,-0.008463743,-0.008363743,-0.007513927,-0.0067653484,0.0033886349,0.003488635,0.0042656963,0.00476237,0.00486237,0.00496237,0.0050623696,0.0054354556,0.0055354554,0.00752784,0.010096204,0.014147785,0.014247784,0.014562519,0.015151953,0.01775165,0.026634296,-0.01609284,-0.011562736,-0.009648628,-0.007974101,0.004193541,0.007387164,0.010491848,0.017468806
2016-08-18,0.0062490245,-0.020162687,-0.016466081,-0.016232776,-0.015720088,-0.013433442,-0.012917843,-0.010855249,-0.009837369,-0.009387719,-0.009125409,-0.008423973,-0.008323973,-0.007214733,-0.00637681,-0.004976171,-0.003305485,-0.0016219096,0.0060418206,0.0061418205,0.00653138,0.0066280477,0.0067280475,0.0067508346,0.0072874133,0.008174881,0.008478867,0.009292037,0.009392037,0.011994635,0.013378772,0.01387876,0.015899891,0.018234313,0.022111818,-0.015740028,-0.01184619,-0.009483865,-0.0049408698,0.0065260963,0.008588087,0.011011493,0.01591966
2016-08-19,-0.0006222652,-0.020266086,-0.017466215,-0.016589796,-0.015621249,-0.014407993,-0.013904705,-0.011102882,-0.011002882,-0.010902883,-0.010802883,-0.009360042,-0.009260043,-0.009160043,-0.009060043,-0.0068206773,-0.005620168,-0.0044815405,0.003809903,0.0044620303,0.00456203,0.005370468,0.0054704677,0.0055704676,0.0059971367,0.0060819215,0.007783074,0.009857567,0.010546269,0.012538786,0.013269798,0.014663084,0.015296551,0.016654978,0.024182202,-0.016333248,-0.012700629,-0.010826112,-0.007068494,0.0048403135,0.007903842,0.011204449,0.01626177
2016-08-22,-0.0011705543,-0.02007826,-0.017361404,-0.01610192,-0.015961597,-0.014076387,-0.0127759315,-0.010438274,-0.007922906,-0.006127291,-0.005460335,-0.005360335,-0.0052603353,-0.0051603355,-0.0050603356,-0.0049806857,-0.004104728,-0.004004728,0.0053546424,0.0055972133,0.0056574536,0.007431178,0.008132674,0.009076991,0.009176991,0.009878299,0.009978299,0.011916294,0.012623035,0.012723035,0.013321458,0.013996394,0.015747441,0.016844556,0.023557998,-0.016050715,-0.010673264,-0.0073159686,-0.0047021625,0.0066434955,0.010345459,0.0125976205,0.016088689
2016-08-23,-0.00052609126,-0.020143555,-0.017282426,-0.016385153,-0.015837952,-0.014027165,-0.012828735,-0.011323332,-0.009223494,-0.009123494,-0.007813002,-0.007713002,-0.0048319,-0.0047319,-0.0046319,-0.0045319004,-0.0037578323,-0.0023937763,0.005398427,0.005498427,0.006491301,0.006591301,0.007098185,0.0071981847,0.0072981846,0.0073981844,0.007498184,0.007598184,0.009023087,0.012528158,0.013914856,0.015366229,0.017337373,0.017437372,0.022411002,-0.016023967,-0.011776841,-0.007885806,-0.004605682,0.0062555284,0.008364179,0.010796997,0.016331524
2016-08-24,-0.0044896486,-0.020132702,-0.016341623,-0.015996028,-0.015212284,-0.013198439,-0.012751492,-0.010627589,-0.009890932,-0.009790932,-0.00866802,-0.008568021,-0.007986333,-0.0055875224,-0.0054875226,-0.00386961,-0.0037696098,-0.0024320753,0.005194771,0.0056735165,0.0057499874,0.0064058597,0.0069767227,0.0070767226,0.00743805,0.00753805,0.00763805,0.0077380496,0.00874153,0.012207335,0.013412853,0.0142454095,0.017339876,0.017439876,0.024497192,-0.015527308,-0.011811394,-0.00897686,-0.0048253676,0.006092437,0.008307377,0.010732968,0.016360532
2016-08-25,0.0016200157,-0.0202956,-0.016048824,-0.01584596,-0.015724018,-0.013317016,-0.012872706,-0.009923014,-0.007592582,-0.0071232133,-0.006948175,-0.006710604,-0.006610604,-0.005769668,-0.005492777,-0.0035428093,-0.0024799758,-0.0011111445,0.0049984897,0.005649988,0.005749988,0.0058499877,0.0060128644,0.0061128642,0.0066943984,0.008360214,0.008460213,0.008560213,0.008996201,0.012739524,0.013350126,0.0140353,0.017109375,0.017209375,0.026634766,-0.015651632,-0.0106714945,-0.007958747,-0.0038674623,0.0057885703,0.008357136,0.011173105,0.01679382
2016-08-29,-0.008352262,-0.020168034,-0.016634846,-0.01599667,-0.015754223,-0.014024574,-0.01269845,-0.010804436,-0.007903125,-0.0076281955,-0.0057061263,-0.0056061265,-0.0052444115,-0.005106768,-0.0046582855,-0.0045582857,-0.0042375326,-0.0019500643,0.0037434036,0.0039207437,0.0045770286,0.0051057152,0.0062681884,0.006368188,0.007963668,0.008363469,0.008463468,0.008563468,0.009295547,0.011861005,0.013480504,0.015057611,0.015716935,0.017329914,0.0230991,-0.015856026,-0.011006175,-0.007331776,-0.004202059,0.0050621117,0.008284864,0.010780084,0.016165627
2016-08-30,-0.0027473436,-0.020271495,-0.016903033,-0.015789194,-0.015575008,-0.013465483,-0.013056506,-0.010884952,-0.008376741,-0.008361556,-0.008119095,-0.004667723,-0.0044118487,-0.0043326723,-0.0042326725,-0.0041326727,-0.0031880003,-0.0022483221,0.0044384827,0.0047577005,0.005181857,0.005879303,0.0061162994,0.008216577,0.009461552,0.010570439,0.010670438,0.010770438,0.010870438,0.012887806,0.014038288,0.01429386,0.016166573,0.016830113,0.02308894,-0.015854305,-0.011293789,-0.007659373,-0.0036938782,0.005943779,0.009712311,0.012273138,0.0162278
2016-08-31,-0.0003991828,-0.01907615,-0.016432863,-0.015853077,-0.015753077,-0.013985571,-0.01282708,-0.011540295,-0.009362259,-0.008448946,-0.008391366,-0.0073560104,-0.006534819,-0.006434819,-0.005865689,-0.0037241278,-0.0026412185,-0.0023456956,0.005190779,0.0055306563,0.007082915,0.0071829148,0.007768757,0.008935043,0.009673279,0.0103410855,0.011851218,0.011951217,0.012051217,0.012098417,0.013560567,0.014839069,0.017053846,0.018081836,0.025945095,-0.015614947,-0.011606331,-0.008710069,-0.0043865484,0.0069321087,0.010218903,0.013001183,0.016904997
2016-09-01,0.004301871,-0.018659048,-0.016386224,-0.015559473,-0.014919015,-0.014018088,-0.01281491,-0.012669398,-0.010044058,-0.009903536,-0.009803536,-0.008846104,-0.008746104,-0.0076405047,-0.0050271773,-0.0030324983,-0.0023333228,-0.0005234922,0.0016998264,0.0017998264,0.002459543,0.0040460653,0.004443152,0.004720827,0.0049806857,0.005140215,0.0063301325,0.0067461818,0.008905563,0.012916731,0.01351752,0.01494885,0.015204876,0.016898235,0.024424689,-0.015359457,-0.012198275,-0.009809823,-0.003952519,0.0029971893,0.0067934217,0.0100206975,0.016541203
2016-09-02,-0.003243713,-0.01909441,-0.01672228,-0.015961735,-0.015735492,-0.013412797,-0.012704394,-0.010923309,-0.009368611,-0.009268611,-0.0074352664,-0.0073352666,-0.0069324914,-0.006183812,-0.0045782495,-0.004129112,-0.0024528075,-0.0013769259,0.0024975094,0.0029048657,0.0035643114,0.005750636,0.0071297744,0.007965744,0.009345534,0.009445534,0.011030556,0.0111305555,0.011230555,0.012720957,0.01382773,0.01564483,0.016844703,0.017001547,0.025647001,-0.015533875,-0.011645332,-0.008524915,-0.003974472,0.004812571,0.009678513,0.012591464,0.016968412
2016-09-05,-0.00061861775,-0.019556839,-0.017090213,-0.016048526,-0.015810817,-0.014028274,-0.013107587,-0.010485855,-0.008057192,-0.007009454,-0.0069094542,-0.0068094544,-0.0067094546,-0.00603245,-0.0059367805,-0.0034186349,-0.0014446406,-0.0009917956,0.0010879383,0.0017304849,0.0017380322,0.0036015103,0.004516537,0.00529283,0.00539283,0.0099694505,0.013066521,0.013166521,0.013266521,0.013626262,0.013726261,0.0148739675,0.014973967,0.018439872,0.023349082,-0.015918747,-0.010941723,-0.008163227,-0.0037202612,0.0027101592,0.00931432,0.0136199575,0.01680309
2016-09-06,0.0076497286,-0.020155244,-0.017217029,-0.016262168,-0.01591283,-0.01394706,-0.012868921,-0.011054122,-0.007954952,-0.0078549525,-0.0077549526,-0.007654953,-0.0075625377,-0.0068581137,-0.0058409735,-0.0050963312,-0.0025689525,-0.0022909974,0.0047999257,0.0050142505,0.0051785978,0.0061938465,0.006848006,0.006948006,0.008479805,0.009019448,0.009119448,0.009219448,0.009319448,0.0129582975,0.0134796705,0.014505651,0.014926664,0.01685346,0.024403362,-0.016020218,-0.011199023,-0.008599895,-0.0046904413,0.0059332848,0.008998642,0.011108661,0.016440088
2016-09-07,9.5669406e-05,-0.020089269,-0.017009402,-0.015956542,-0.015894933,-0.014168986,-0.013068645,-0.011940926,-0.010270417,-0.010170417,-0.009424094,-0.009231402,-0.006964834,-0.0068370486,-0.005985675,-0.0039683008,-0.003025493,-0.0024811493,0.0032582944,0.0041071177,0.0043461947,0.005868692,0.005968692,0.0060686916,0.0061686914,0.0062686913,0.006368691,0.0074207108,0.008467795,0.012917722,0.013575986,0.015305927,0.015717993,0.016876902,0.022755235,-0.016046247,-0.01228139,-0.009313008,-0.004938404,0.004749798,0.0077289017,0.010178583,0.016286355
2016-09-08,0.0017027183,-0.019985545,-0.017125608,-0.016797613,-0.015423475,-0.013523013,-0.012983479,-0.010801739,-0.008784325,-0.008684325,-0.008584325,-0.008484325,-0.008338697,-0.0074208835,-0.0060698185,-0.0059698187,-0.003957291,-0.003857291,0.005192514,0.0057551875,0.0058551873,0.005955187,0.006055187,0.006155187,0.006194664,0.006994239,0.007094239,0.0071942387,0.008955742,0.012423231,0.013450876,0.014059571,0.017460503,0.01852865,0.022470066,-0.015808225,-0.011610297,-0.009222342,-0.005667709,0.005790548,0.0077644167,0.0106255915,0.01618648
2016-09-09,-0.003836316,-0.020034898,-0.01668585,-0.016186312,-0.015135228,-0.013564106,-0.012977196,-0.010753124,-0.00843183,-0.008331831,-0.007925784,-0.007825784,-0.0077257846,-0.0076257847,-0.007525785,-0.00710657,-0.0062410864,-0.006111739,0.0056570787,0.0059613856,0.0062520322,0.006959387,0.007096357,0.0073700985,0.008015972,0.008115971,0.008215971,0.010659887,0.011268268,0.012957098,0.013270437,0.014078531,0.015392464,0.016978178,0.024849016,-0.015679454,-0.011336058,-0.008937275,-0.0069621936,0.006569171,0.009239882,0.011698739,0.016426653
2016-09-12,0.0014125146,-0.020012124,-0.016909314,-0.016197212,-0.015769327,-0.013112704,-0.012760689,-0.009362032,-0.0077142445,-0.0072731148,-0.005901233,-0.005801233,-0.005701233,-0.0055356226,-0.0050250106,-0.0049250107,-0.0044490416,-0.003300453,0.0027414865,0.002756852,0.0033828742,0.0039915545,0.004380169,0.0054703983,0.005570398,0.005670398,0.006126167,0.007828028,0.009140078,0.012518366,0.013293814,0.014276342,0.015787765,0.017526515,0.02363897,-0.015712831,-0.010661459,-0.007522604,-0.0047001494,0.003688633,0.007173472,0.010280081,0.0162508
2016-09-13,0.0011125649,-0.020227514,-0.017095646,-0.016444812,-0.01583549,-0.014774757,-0.0127589805,-0.010819148,-0.009542683,-0.00877629,-0.007721246,-0.0076212464,-0.0075052725,-0.006561322,-0.0046505625,-0.0045505627,-0.0042390637,-0.003553405,0.0051425495,0.005162131,0.005447981,0.0059154807,0.0062436685,0.006611744,0.007009825,0.007112842,0.0076700207,0.009708462,0.010063908,0.012979159,0.013266384,0.015041405,0.015141405,0.018491423,0.024054037,-0.016138477,-0.011668382,-0.008817902,-0.0049229683,0.005735594,0.008531176,0.011112591,0.016766481
2016-09-14,0.0025453388,-0.020102948,-0.016845593,-0.016351987,-0.015831629,-0.013928265,-0.012834651,-0.010853898,-0.008590784,-0.008331861,-0.008139403,-0.008039403,-0.007939403,-0.0065391497,-0.0061350595,-0.0060350597,-0.005906243,-0.004990799,0.0008774764,0.0010152116,0.0014361042,0.0018428123,0.002027553,0.0023034294,0.0024808215,0.0033127826,0.004113958,0.005412266,0.008888231,0.013021293,0.013168108,0.014722198,0.015864493,0.017523933,0.023567174,-0.015908618,-0.011392636,-0.008808678,-0.006221313,0.0015304852,0.0052154646,0.009460049,0.016400542
2016-09-15,-0.0021940256,-0.019516751,-0.016650539,-0.016581854,-0.015914878,-0.013793687,-0.013733321,-0.012111618,-0.010921891,-0.009799299,-0.009699299,-0.007818171,-0.007718171,-0.0074364278,-0.007336428,-0.0071050315,-0.00700429,-0.005808069,0.002764347,0.0029665676,0.004366349,0.0048676664,0.004967666,0.005067666,0.005167666,0.0052676657,0.0053676656,0.0066365097,0.009384012,0.012799784,0.0137209,0.014325989,0.015570212,0.016747488,0.024965046,-0.015921835,-0.0126295965,-0.009901822,-0.0070143985,0.004026519,0.0069478587,0.009951637,0.016511843
2016-09-16,-0.0077620284,-0.020047918,-0.017161353,-0.016094735,-0.015855225,-0.013894176,-0.013087653,-0.0107122855,-0.00762365,-0.005784908,-0.005462577,-0.0053625773,-0.0051029557,-0.005061921,-0.0045845006,-0.0044845007,-0.004266047,-0.004166047,0.0038178982,0.0048583965,0.0049583963,0.0052335784,0.0055803377,0.0056803375,0.0062068705,0.0063068704,0.00640687,0.00650687,0.007860057,0.012269621,0.012810502,0.014401043,0.015612075,0.016680334,0.024305902,-0.016009266,-0.0106606465,-0.0072677517,-0.0045727347,0.0050150277,0.0072688074,0.009731099,0.016093481
2016-09-19,0.00181758,-0.020142796,-0.017075978,-0.016602902,-0.015113839,-0.013830586,-0.0125636365,-0.009930835,-0.006968435,-0.0057622683,-0.0045897486,-0.0044897487,-0.004389749,-0.004289749,-0.0041495464,-0.0040495466,-0.003486986,-0.003386986,0.0038234603,0.0046459977,0.0054282546,0.0055860416,0.0056860414,0.0057860413,0.0059731808,0.006569626,0.0066696256,0.006918228,0.008608163,0.01186143,0.01347786,0.014980995,0.015079015,0.017431976,0.025079878,-0.015745368,-0.010365616,-0.006560263,-0.003912563,0.005091387,0.007364273,0.009827292,0.016566427
2016-09-20,-0.0005972881,-0.020233788,-0.017434105,-0.016904224,-0.016116131,-0.014001338,-0.01243682,-0.011137166,-0.008063001,-0.0064994665,-0.0063994667,-0.006299467,-0.006199467,-0.006099467,-0.0059994673,-0.0059122806,-0.0054782187,-0.005378219,0.0040864325,0.0041988036,0.005555825,0.006030355,0.006105397,0.0063809166,0.0064809164,0.0065809162,0.006680916,0.0066936426,0.008338158,0.012359559,0.01322901,0.014876128,0.015686736,0.016934384,0.023947284,-0.016044436,-0.011008135,-0.007839644,-0.00581353,0.005270466,0.007624086,0.009951802,0.016269272
2016-09-21,-0.0007096033,-0.020181863,-0.017256275,-0.01591847,-0.015406771,-0.013576424,-0.01308863,-0.01062918,-0.008878146,-0.008256485,-0.008218352,-0.008039793,-0.007744882,-0.0068200286,-0.0059385435,-0.0034699594,-0.0032507875,-0.0014765252,0.0041137296,0.0041439566,0.0042895293,0.0054166033,0.005516603,0.005616603,0.0065486417,0.0066486415,0.0067486414,0.006904981,0.007880193,0.012436933,0.0133556,0.014375063,0.014888829,0.016807204,0.023271868,-0.015901994,-0.011354182,-0.008950008,-0.0044351215,0.0049024923,0.007424752,0.009771916,0.016049333
2016-09-22,0.005720668,-0.019985922,-0.01738151,-0.016134595,-0.016104117,-0.013884822,-0.013079043,-0.011219027,-0.009454159,-0.009221391,-0.008196135,-0.007809654,-0.0066978317,-0.006002923,-0.0050184815,-0.003775128,-0.0026351816,-0.0017130708,0.0041065915,0.0049359864,0.0052576186,0.006062464,0.0061624637,0.0073566553,0.008118958,0.008218958,0.008318958,0.008418958,0.008596829,0.012179469,0.013615584,0.014298184,0.01504022,0.018245857,0.022848386,-0.016087081,-0.011821644,-0.008686018,-0.004190303,0.0056963237,0.008467301,0.010510886,0.016237495
2016-09-23,-0.00048549852,-0.018911434,-0.016914295,-0.016763527,-0.015939394,-0.015500002,-0.014824023,-0.012161081,-0.010685404,-0.010349042,-0.010249042,-0.010149042,-0.009648623,-0.009548623,-0.009448623,-0.008701406,-0.006072149,-0.0058219694,0.005957953,0.006105705,0.0069973255,0.0070973253,0.007197325,0.007297325,0.007397325,0.0074973246,0.008319944,0.008419944,0.008519944,0.012823045,0.013844439,0.014956466,0.017023135,0.018126097,0.023590129,-0.01641783,-0.012956615,-0.010991143,-0.008038638,0.006711127,0.008646993,0.011021202,0.016668035
2016-09-26,0.0041125882,-0.0199905,-0.017089056,-0.016327726,-0.015888492,-0.014232796,-0.013045419,-0.010721134,-0.008190267,-0.008165016,-0.008065016,-0.007965016,-0.0076582734,-0.0074965395,-0.0061707464,-0.0049841125,-0.0048758048,-0.0033345043,0.0040698773,0.0050183306,0.006428989,0.0067729577,0.006970591,0.0070705907,0.007192898,0.007292898,0.007296337,0.008065032,0.008927609,0.012259805,0.013658473,0.014816791,0.017564302,0.017664302,0.022454096,-0.016049251,-0.011289912,-0.008891103,-0.0054660365,0.0058966107,0.008331783,0.0108226165,0.016170694
2016-09-27,-0.0054701166,-0.020158254,-0.016639868,-0.016612738,-0.015889242,-0.014227433,-0.0130756665,-0.011339378,-0.009776229,-0.009676229,-0.007977835,-0.007877835,-0.0077778352,-0.0057795057,-0.0050361264,-0.0049361265,-0.004625595,-0.004196035,0.0028844692,0.0029396378,0.003396715,0.003496715,0.0042595607,0.0043595606,0.0044595604,0.00455956,0.00465956,0.00475956,0.009023077,0.012588155,0.013195499,0.015010404,0.016011449,0.016620442,0.023331057,-0.015998092,-0.012096048,-0.008877414,-0.0053343438,0.0034354194,0.006105279,0.00940836,0.016149113
2016-09-28,-0.00067610765,-0.020209832,-0.017339153,-0.01680835,-0.016115356,-0.0142131895,-0.012751912,-0.009941262,-0.008757615,-0.008431418,-0.0069382237,-0.006838224,-0.006738224,-0.0064998562,-0.004839651,-0.0032158361,-0.003115836,-0.003015836,0.002934418,0.0041023693,0.004513836,0.0049825455,0.006270499,0.006370499,0.0072456803,0.00734568,0.00744568,0.0077470904,0.008731941,0.012536534,0.014008537,0.015309612,0.01596297,0.01786181,0.024289817,-0.01612589,-0.011338111,-0.008337166,-0.0042050765,0.00475577,0.008054061,0.010484843,0.016801262
2016-09-29,0.003938644,-0.020242061,-0.016878245,-0.016778246,-0.016067319,-0.013823584,-0.012921108,-0.010920518,-0.009177812,-0.007596497,-0.007496497,-0.0073964973,-0.0072964975,-0.0071964976,-0.0063137244,-0.0047609317,-0.0042842836,-0.0035461625,0.004818918,0.0059248297,0.0063929823,0.0071715266,0.007674753,0.00811167,0.0082116695,0.008734162,0.008834162,0.009971937,0.011784944,0.012888386,0.013402132,0.014903955,0.015337082,0.0169238,0.023636002,-0.015986463,-0.011478837,-0.008817683,-0.00526032,0.0065039853,0.009476182,0.011763303,0.016350854
2016-09-30,-0.0005782404,-0.020291142,-0.01737766,-0.016413394,-0.016174372,-0.013933273,-0.013833273,-0.012244323,-0.011193292,-0.01056783,-0.010273543,-0.010173543,-0.009736123,-0.007939238,-0.0068294853,-0.0060080467,-0.005998586,-0.004969521,0.0015295997,0.002179215,0.002279215,0.0029546593,0.0032492012,0.0041681738,0.004535323,0.0052299346,0.0053299344,0.0060523734,0.008525903,0.012960652,0.013564258,0.014413913,0.017021367,0.01712313,0.024367306,-0.016321944,-0.012850423,-0.010595094,-0.006795836,0.0026956024,0.006332067,0.009978046,0.016485851
2016-10-03,-0.002407737,-0.020137558,-0.017061224,-0.016039949,-0.01593995,-0.014189642,-0.014089642,-0.011697969,-0.008822886,-0.008722886,-0.008622887,-0.008522887,-0.008422887,-0.008322887,-0.008222887,-0.0067736576,-0.0064091007,-0.004933915,0.004085488,0.004185488,0.005703801,0.0058038007,0.0059038005,0.0060038003,0.0061038,0.0062038,0.0063038,0.007326135,0.008622022,0.012232072,0.013530285,0.015123598,0.016107341,0.016438138,0.02329589,-0.016283603,-0.011874666,-0.009656238,-0.0069724894,0.0051764757,0.0075339214,0.010118274,0.016123997
2016-10-04,0.00011372391,-0.020020168,-0.017083429,-0.016722966,-0.016068652,-0.014112217,-0.013117265,-0.01103614,-0.008107286,-0.00628116,-0.00618116,-0.00608116,-0.0059811603,-0.0058811605,-0.0057811607,-0.005681161,-0.005581161,-0.0046826834,0.0035880452,0.0037327798,0.0037794067,0.005201294,0.006314066,0.0066228644,0.006722864,0.006822864,0.006922864,0.0070228637,0.008300545,0.012468041,0.013453601,0.015004892,0.016186992,0.017193398,0.025433537,-0.016080346,-0.011052963,-0.007853607,-0.0055614654,0.004604878,0.007850139,0.01018026,0.016710693
2016-10-05,-0.0015352485,-0.020092078,-0.016837759,-0.01663866,-0.0158397,-0.014000156,-0.013005632,-0.01007202,-0.009711191,-0.007792756,-0.007692756,-0.0075460197,-0.0069824005,-0.0068824007,-0.006782401,-0.006682401,-0.0062075276,-0.0057569332,0.003615199,0.003715199,0.0044374117,0.0045374115,0.0046374113,0.004737411,0.004837411,0.0059978794,0.0060978793,0.006197879,0.0083204955,0.0130893355,0.013970934,0.014405431,0.014707428,0.017731668,0.023534222,-0.015955064,-0.011444052,-0.008854876,-0.0065950565,0.0042285263,0.006931984,0.009682603,0.016546318
2016-10-06,-0.0033867627,-0.01902681,-0.016608946,-0.016059378,-0.015814943,-0.013597101,-0.012807961,-0.010378591,-0.006605667,-0.005542248,-0.005442248,-0.0054150117,-0.0043436894,-0.0042436896,-0.0041436898,-0.00404369,-0.00394369,-0.00384369,0.0024921023,0.003078747,0.004793989,0.0065903226,0.007233029,0.008265994,0.008365993,0.008465993,0.008565993,0.011188195,0.011288195,0.012862787,0.013795252,0.014378723,0.015841756,0.01674426,0.024662357,-0.015571152,-0.010278769,-0.0066886516,-0.0042779543,0.0050642304,0.0096032,0.011949385,0.016488675
2016-10-07,-0.00011652609,-0.019888783,-0.016920874,-0.015923005,-0.015853854,-0.014204189,-0.01282151,-0.010020696,-0.008158644,-0.0075378134,-0.0071469424,-0.0070469426,-0.0069374135,-0.0068374136,-0.006645365,-0.006544928,-0.0060342615,-0.0051907627,0.003804269,0.0039430596,0.0046239025,0.0047219396,0.0054860353,0.005586035,0.0069824005,0.0070824004,0.0071824,0.008794192,0.009120063,0.011483359,0.013316743,0.015152682,0.015252681,0.017635155,0.024176793,-0.01593784,-0.010892333,-0.008380385,-0.006292452,0.004815114,0.007686404,0.0103665395,0.016352948
2016-10-10,9.8599885e-05,-0.020080185,-0.017131098,-0.016213065,-0.015861088,-0.013942388,-0.013033592,-0.010795542,-0.010568429,-0.010468429,-0.010266724,-0.010166724,-0.010066724,-0.009966725,-0.009866725,-0.009766725,-0.009193139,-0.009180972,0.00438885,0.0044217594,0.0056464006,0.0076613203,0.00776132,0.00786132,0.00796132,0.008531919,0.008631919,0.008731918,0.010050562,0.015032408,0.015132408,0.0152324075,0.016767232,0.017538838,0.023971349,-0.01600967,-0.012215811,-0.010780439,-0.009634857,0.00601593,0.009583777,0.011842808,0.017381482
2016-10-11,-0.008605727,-0.019152995,-0.016832672,-0.016202455,-0.016023748,-0.013840089,-0.0129887415,-0.0118018845,-0.0102670025,-0.00846708,-0.00836708,-0.008261614,-0.007475482,-0.007375482,-0.007275482,-0.0071754823,-0.0070754825,-0.0069754827,0.003860784,0.005300078,0.0054614493,0.0064202794,0.0064919395,0.0065919394,0.006691939,0.006791939,0.006891939,0.0069919387,0.008261224,0.012889736,0.013351398,0.014695145,0.015032601,0.018073037,0.024046093,-0.015767649,-0.011945432,-0.009294758,-0.0073527084,0.005546906,0.007951498,0.010013488,0.01661108
2016-10-12,-0.0043807365,-0.01903074,-0.01694768,-0.016285188,-0.015801635,-0.013390707,-0.012756738,-0.010179433,-0.007433536,-0.006213478,-0.0057049613,-0.0056049614,-0.0055049616,-0.0054049618,-0.005016374,-0.0043669487,-0.0036391,-0.003054321,0.0048386054,0.0050664847,0.0051664845,0.0052664843,0.005366484,0.005466484,0.005650296,0.005729977,0.0063106455,0.0072644264,0.008560303,0.011642064,0.013575907,0.015351478,0.015451478,0.016117403,0.023815634,-0.0155855,-0.010573675,-0.007361031,-0.0043363413,0.0051976712,0.007093887,0.009845783,0.016100496
2016-10-13,0.0023263998,-0.020046549,-0.016897378,-0.016159227,-0.015819773,-0.013559304,-0.012378204,-0.010520674,-0.0066146054,-0.006339202,-0.006267884,-0.006167884,-0.006022775,-0.005906691,-0.0049244147,-0.0045016548,-0.0042276722,-0.003463378,0.0032222671,0.003625831,0.0040301876,0.0047652214,0.004865221,0.004965221,0.005065221,0.0051652207,0.0052652205,0.0071575376,0.010348153,0.012659739,0.013884612,0.01418801,0.01651001,0.01661001,0.024022287,-0.015740242,-0.010402383,-0.0074380315,-0.0046570012,0.0041417456,0.0069625876,0.010388132,0.016272932
2016-10-14,-0.0048584784,-0.020349259,-0.017039688,-0.016222984,-0.016038239,-0.013845618,-0.013745618,-0.012913234,-0.012779828,-0.011477677,-0.011377677,-0.0112776775,-0.011177678,-0.011077678,-0.010977678,-0.010178911,-0.00832676,-0.006909989,0.002854463,0.0040349276,0.004131638,0.0050245076,0.0053057745,0.005422407,0.00699341,0.00709341,0.008139676,0.009765654,0.01075899,0.014461425,0.014561425,0.014663011,0.01614766,0.01730732,0.024463873,-0.016203683,-0.0134278685,-0.012031695,-0.0095342025,0.004607789,0.008409734,0.011854681,0.017091412
2016-10-17,0.0013304815,-0.01767024,-0.016938264,-0.016044974,-0.015532293,-0.014178249,-0.013059755,-0.010453928,-0.009068284,-0.008750175,-0.008650175,-0.008550175,-0.008450176,-0.00785575,-0.0064930087,-0.004541843,-0.0044418434,-0.004072586,0.005714722,0.005875253,0.0065489933,0.006648993,0.006748993,0.0068281563,0.0075138444,0.0076138442,0.009121528,0.011808368,0.011908368,0.012422186,0.013208667,0.014860818,0.015919289,0.017245302,0.023489894,-0.015475759,-0.011475423,-0.009416828,-0.005619891,0.006460361,0.009084309,0.012235947,0.016245373
2016-10-18,-0.00028414224,-0.019581564,-0.017161766,-0.016684018,-0.016168905,-0.013224222,-0.0130012855,-0.011690737,-0.009076834,-0.008976834,-0.0073415507,-0.007241551,-0.007141551,-0.005886115,-0.004536119,-0.0043580206,-0.004090933,-0.0032364717,0.004465475,0.004558994,0.0057279207,0.0066933376,0.007089974,0.0071899737,0.0072899736,0.0073899734,0.007489973,0.007589973,0.007904239,0.012105554,0.013265421,0.014655822,0.016870888,0.016970888,0.023660274,-0.015827548,-0.011885942,-0.008489467,-0.0046926187,0.0057471404,0.008273089,0.010392125,0.016131591
2016-10-19,-0.0028321922,-0.017705938,-0.016929703,-0.01650483,-0.015738996,-0.013449534,-0.012931851,-0.01038897,-0.00813615,-0.0069849496,-0.0068849497,-0.00678495,-0.00668495,-0.0050343294,-0.0049343295,-0.0048343297,-0.00473433,-0.0032279473,0.0052375947,0.0053377966,0.006651215,0.0067512146,0.0068512144,0.0069512143,0.007051214,0.007151214,0.0074483855,0.007571568,0.009276637,0.012024633,0.013050364,0.014428897,0.0150271095,0.01775444,0.023688097,-0.015351204,-0.01098935,-0.0079344455,-0.0049031773,0.0062058074,0.008109969,0.010269666,0.016189286
2016-10-21,-0.009120059,-0.019965328,-0.016999826,-0.016049903,-0.015865237,-0.014241575,-0.012950359,-0.011760414,-0.009642634,-0.009542634,-0.009442634,-0.008181604,-0.008081604,-0.007981604,-0.0072145006,-0.0059932014,-0.004961559,-0.0031402765,0.005789949,0.0065297945,0.0066297944,0.0069700796,0.0070700794,0.0071700793,0.007270079,0.007370079,0.007682412,0.0077824118,0.008953878,0.012285567,0.013266601,0.014806761,0.015119521,0.017170653,0.024629924,-0.016004464,-0.011989189,-0.009619767,-0.0058982284,0.0066379397,0.008335643,0.010364758,0.016431902
2016-10-24,0.001972138,-0.019528434,-0.017006798,-0.015964335,-0.015864335,-0.014681101,-0.012716983,-0.01088069,-0.0076842443,-0.0073902113,-0.0071887136,-0.0065613748,-0.0063021905,-0.0051599685,-0.003817982,-0.003717982,-0.003617982,-0.0029561664,0.0031536845,0.0032536846,0.0033536847,0.0040287008,0.0050024358,0.005777816,0.005778804,0.005878804,0.0070709046,0.008309407,0.008409407,0.011962485,0.0132846795,0.014004162,0.015284735,0.017149338,0.024160976,-0.01595953,-0.0109272925,-0.00781042,-0.0041342974,0.0039137118,0.00738619,0.010207388,0.016112328
2016-10-25,0.00017220496,-0.017740259,-0.016920047,-0.01655635,-0.01602616,-0.01364923,-0.012977937,-0.010965548,-0.0070216614,-0.0069216616,-0.0068216617,-0.0060215886,-0.005086532,-0.0042481,-0.004168069,-0.004068069,-0.0039680693,-0.0026331886,0.0044568107,0.0047248006,0.0047877748,0.0059421007,0.0060421005,0.0067460663,0.006846066,0.006946066,0.0070460658,0.007357991,0.00851944,0.012464025,0.013213824,0.0140584735,0.014869012,0.0173096,0.025258707,-0.015462726,-0.010888631,-0.0072311787,-0.004171797,0.005351511,0.00791125,0.010051306,0.016460925
2016-10-26,0.002382567,-0.017704021,-0.016817575,-0.015781738,-0.015376787,-0.014314063,-0.012873593,-0.011191109,-0.009216313,-0.008296437,-0.0076621906,-0.0075621908,-0.006250146,-0.005610162,-0.0052469536,-0.003479241,-0.002209082,-0.0012073797,0.0047358903,0.0054232413,0.005899028,0.0059990278,0.0064815534,0.006905215,0.007756702,0.007856702,0.009013221,0.0091132205,0.009617469,0.012721139,0.013144875,0.014456449,0.016261907,0.016977197,0.024309408,-0.015417209,-0.011471838,-0.008322481,-0.0039409692,0.005962778,0.008615566,0.011345391,0.016321814
2016-10-27,-0.0010564346,-0.017682508,-0.017025022,-0.016670184,-0.01591586,-0.015403806,-0.0131174745,-0.01076047,-0.007986971,-0.007964795,-0.0065915673,-0.0064915675,-0.0063915676,-0.006046704,-0.005871694,-0.0053259684,-0.0052259685,-0.0036783929,0.0041300966,0.004686283,0.004786283,0.0048862826,0.0049862824,0.0050862823,0.005704461,0.005804461,0.00629129,0.00703057,0.008780959,0.01288312,0.013135906,0.013976489,0.01457494,0.016587839,0.025098613,-0.015828934,-0.01129998,-0.008026857,-0.0053187185,0.0048386813,0.007158143,0.009912176,0.016336393
2016-10-28,0.0027727645,-0.017552318,-0.01694172,-0.01647075,-0.015894152,-0.014078124,-0.012328933,-0.010631028,-0.008207977,-0.0075243525,-0.006511031,-0.0064110314,-0.0057871314,-0.0051459894,-0.004962655,-0.0033387057,-0.002785861,-0.0020627999,0.0039210636,0.004095514,0.0043282555,0.004556951,0.005797664,0.005811009,0.008734153,0.0088341525,0.008934152,0.009167977,0.0092679765,0.012711859,0.013485577,0.014787127,0.01620902,0.016833011,0.023585457,-0.015359049,-0.011032608,-0.0075962124,-0.0039122105,0.005127187,0.008464532,0.011258197,0.016280606
2016-10-31,0.0025119674,-0.017366419,-0.016907724,-0.016337132,-0.015938984,-0.013744953,-0.0127083035,-0.010753089,-0.008069588,-0.007969588,-0.00749061,-0.00739061,-0.0071779485,-0.0070779487,-0.006977949,-0.005768651,-0.004883028,-0.004188943,0.0044665197,0.0045665195,0.0050871978,0.005239329,0.005485813,0.0060653887,0.006156222,0.006256222,0.0063155307,0.007706752,0.007806752,0.011956447,0.013114993,0.01462147,0.015560553,0.01586786,0.022395743,-0.015333275,-0.011167539,-0.00850488,-0.0058418363,0.0051031574,0.0074941246,0.009869207,0.015591303
2016-11-01,0.007353375,-0.01782598,-0.017200505,-0.016864866,-0.015967017,-0.014232924,-0.012946582,-0.0113286385,-0.008389939,-0.008126747,-0.008026747,-0.007926747,-0.0077711586,-0.007287502,-0.0069944933,-0.0068944935,-0.006186307,-0.0049745953,0.0020066812,0.0025388815,0.0034121538,0.0035121539,0.003612154,0.003712154,0.003812154,0.003912154,0.0040760124,0.005516425,0.008475207,0.012857835,0.013280758,0.01475936,0.016403899,0.017027635,0.02415056,-0.015634602,-0.011531355,-0.008884386,-0.006595327,0.0030564049,0.0059221447,0.009465875,0.016415229
2016-11-02,0.0069265324,-0.01781472,-0.01699989,-0.01656637,-0.015460704,-0.013800867,-0.013287731,-0.011516572,-0.011416572,-0.008872449,-0.008205945,-0.008105945,-0.007285253,-0.006705924,-0.004685744,-0.003919459,-0.0021476427,-0.0016957504,0.0016402779,0.0024236655,0.0034514281,0.0035514282,0.0036514283,0.0037514283,0.004392435,0.0044924347,0.005267752,0.006519546,0.009569184,0.012644715,0.013431201,0.014797478,0.01549807,0.01778327,0.024965087,-0.015472782,-0.012331938,-0.009380285,-0.004110908,0.003091847,0.0062119104,0.009899853,0.01672435
2016-11-03,-0.002129255,-0.019544465,-0.017126229,-0.016666085,-0.015910016,-0.015596191,-0.013050305,-0.011143783,-0.0075416854,-0.0074416855,-0.00648775,-0.005100546,-0.005000546,-0.0049005463,-0.004162083,-0.004062083,-0.0033460967,-0.0020312958,0.004340883,0.004746017,0.004846017,0.0049460167,0.0050460165,0.0060771955,0.0061771953,0.009597599,0.009697598,0.009797598,0.010301863,0.012456735,0.013625866,0.015175288,0.016067782,0.017358892,0.023599073,-0.016245442,-0.011168709,-0.007396166,-0.003740421,0.0050112256,0.008595029,0.011664314,0.01644317
2016-11-04,0.002297871,-0.017785037,-0.017263005,-0.016723188,-0.015908167,-0.015642919,-0.013099534,-0.010391962,-0.006733961,-0.006140955,-0.006040955,-0.005940955,-0.0058409553,-0.0057409555,-0.0056409556,-0.0055894917,-0.0055542295,-0.004495889,0.0050328714,0.005132871,0.0058897194,0.006395762,0.0064957617,0.0065957615,0.007272204,0.0073722037,0.0074722036,0.0075722034,0.009119808,0.012262675,0.013263856,0.014838176,0.015799237,0.016839428,0.025592173,-0.015939731,-0.010617919,-0.007491273,-0.005444304,0.005944685,0.008059721,0.010445225,0.016559262
2016-11-07,-0.007869747,-0.02016139,-0.016983243,-0.016266456,-0.016117238,-0.015249322,-0.012953524,-0.011356861,-0.0084354365,-0.007943645,-0.007150817,-0.0070508174,-0.0069508175,-0.0068508177,-0.006059894,-0.0045669237,-0.0034273353,-0.0023962324,0.002569837,0.0036363362,0.0039481134,0.0040481132,0.004148113,0.004248113,0.0043481127,0.0044481126,0.0049606888,0.006676627,0.009152431,0.012962709,0.013311718,0.01492553,0.01502553,0.017485877,0.025449894,-0.016292943,-0.011391183,-0.008468282,-0.0047002407,0.0037101023,0.006496735,0.009755597,0.016827147
2016-11-08,0.0011729888,-0.02015435,-0.016917387,-0.016178785,-0.015935237,-0.014208362,-0.013067273,-0.009998727,-0.008264439,-0.006767625,-0.0061608553,-0.005697702,-0.003883673,-0.003783673,-0.003683673,-0.003525562,-0.0022553431,-0.0019729917,0.004179125,0.004279125,0.004379125,0.0064436668,0.008574498,0.008674498,0.008774498,0.008874497,0.008974497,0.010913029,0.011013029,0.012974081,0.013402022,0.014470286,0.017295372,0.01844666,0.026148167,-0.01605652,-0.010855371,-0.007031983,-0.0034270543,0.0056111077,0.01000212,0.012234001,0.017088244
2016-11-10,-0.015292889,-0.019988583,-0.01694275,-0.016653163,-0.015917761,-0.014248103,-0.013095107,-0.010386165,-0.009102819,-0.008956984,-0.008856984,-0.007417593,-0.006998231,-0.006417637,-0.0057095597,-0.0035239388,-0.0034239388,-0.0023115508,0.005712352,0.005812352,0.005927235,0.0060272347,0.0064738467,0.006869901,0.0074528735,0.007559728,0.0076597277,0.009050625,0.009150625,0.01227798,0.013279185,0.0146967,0.016014174,0.01712079,0.026303526,-0.01603846,-0.011638847,-0.008894155,-0.004477316,0.0061864094,0.008446416,0.010830626,0.016735636
2016-11-11,-0.0025678682,-0.020254927,-0.017865526,-0.016828801,-0.015864478,-0.015622579,-0.015244129,-0.012767196,-0.011632157,-0.010530259,-0.009804113,-0.009704113,-0.009604113,-0.008777267,-0.008134835,-0.0070398115,-0.0053064935,-0.0045760055,0.00540685,0.00550685,0.006135495,0.0062354947,0.0072986754,0.00898807,0.009310275,0.009367475,0.009478846,0.009578845,0.010606293,0.01289387,0.013081754,0.013966368,0.01687347,0.017756267,0.021291386,-0.016970327,-0.013400508,-0.011012356,-0.0069522513,0.0065189926,0.009625387,0.011886264,0.015797928
2016-11-14,-0.011926783,-0.019522166,-0.016872527,-0.0164943,-0.015900962,-0.015435855,-0.013903037,-0.011980221,-0.009837252,-0.009362677,-0.00837578,-0.00827578,-0.0067113987,-0.006527275,-0.00455514,-0.0037895984,-0.0024850233,-0.0013693552,0.0055102454,0.005609584,0.0057729864,0.0067925663,0.00836186,0.00846186,0.00856186,0.00866186,0.0093606,0.00965125,0.012392128,0.012492128,0.013526213,0.014915049,0.017067576,0.01772495,0.026301652,-0.01632691,-0.012315498,-0.009070949,-0.0040949793,0.0064494484,0.009525792,0.012192736,0.016991999
2016-11-15,0.0004918375,-0.019174328,-0.017173456,-0.01687621,-0.01616874,-0.014167875,-0.014067875,-0.012974664,-0.010986746,-0.008336784,-0.0082367845,-0.008136785,-0.006548606,-0.006448606,-0.006348606,-0.0062486064,-0.0056962664,-0.004016973,0.0055280756,0.0059447796,0.0060447794,0.006876967,0.008762385,0.009635875,0.009735875,0.009835875,0.010195567,0.010295567,0.010481472,0.012898039,0.013077131,0.014141417,0.015637957,0.017414926,0.026261104,-0.016150456,-0.012648458,-0.009257724,-0.0060894475,0.0068260953,0.010285548,0.01190172,0.016758524
2016-11-16,-0.0051354053,-0.02027494,-0.017192936,-0.016871383,-0.015998473,-0.014656237,-0.013493117,-0.011892746,-0.010355262,-0.010189099,-0.010089099,-0.008345695,-0.008245695,-0.008145696,-0.006628339,-0.0065283393,-0.0049767764,-0.004580308,0.0052376934,0.005925591,0.0070327735,0.0071327733,0.0073725916,0.008472968,0.0085872505,0.00868725,0.010074938,0.011131717,0.011231717,0.013062849,0.013523544,0.014685477,0.017516624,0.017616624,0.026114628,-0.01632314,-0.012560321,-0.0100657735,-0.0062118913,0.006783216,0.009745476,0.012603569,0.017000625
2016-11-17,0.000117113574,-0.02011058,-0.016641065,-0.01620695,-0.015809717,-0.01428988,-0.013460753,-0.011841157,-0.010724194,-0.010025527,-0.008962295,-0.008387138,-0.007189309,-0.0049871136,-0.004887114,-0.0035635899,-0.0022555678,-0.0021555678,0.007109998,0.008202749,0.009912746,0.010532889,0.01311853,0.013993517,0.014093516,0.01509766,0.01519766,0.01529766,0.0153976595,0.015497659,0.015597659,0.01569766,0.01579766,0.017334597,0.025122475,-0.016062398,-0.012451717,-0.009064732,-0.0042497953,0.00997038,0.014601005,0.01543766,0.017850008
2016-11-18,-0.009403241,-0.02033382,-0.017225,-0.016510619,-0.015908191,-0.015769929,-0.014505374,-0.013404131,-0.01165677,-0.010104187,-0.010063978,-0.009440063,-0.009340063,-0.008959641,-0.006744006,-0.005086252,-0.0039742105,-0.0038742104,0.0064885337,0.0101559935,0.010747621,0.011555478,0.012744464,0.013137079,0.013237079,0.015069295,0.015169295,0.015269294,0.015369294,0.015469294,0.015569294,0.015669294,0.015769294,0.016553085,0.02398533,-0.016748462,-0.013236215,-0.010905165,-0.0058237487,0.010436941,0.014337885,0.015409294,0.01744926
2016-11-21,0.004526757,-0.020128781,-0.0169767,-0.015985643,-0.015885644,-0.0141747985,-0.014074799,-0.013974799,-0.013874799,-0.011794678,-0.011694678,-0.011594678,-0.011494678,-0.011394679,-0.011294679,-0.0100793205,-0.0058559673,-0.005318209,0.003490729,0.0046018837,0.005228631,0.007798909,0.011374516,0.011474516,0.013066707,0.014088879,0.014188879,0.014288879,0.014388879,0.014488879,0.0145888785,0.014883108,0.015728328,0.017411727,0.025360415,-0.016248144,-0.013940943,-0.012506726,-0.008828571,0.0068373727,0.013143134,0.01461677,0.017346602
2016-11-22,-0.0035555174,-0.020109091,-0.01689367,-0.01609063,-0.01580604,-0.013574976,-0.0134576075,-0.01140319,-0.010896508,-0.0093909055,-0.009290906,-0.009190906,-0.009101318,-0.007951553,-0.007851553,-0.007772308,-0.0070066843,-0.0069066845,0.0059258826,0.008813577,0.010247247,0.01071517,0.011404575,0.011597995,0.012314299,0.012414299,0.012514299,0.013203003,0.014071533,0.014171533,0.014271533,0.015091302,0.015191302,0.016494798,0.025192842,-0.015968278,-0.012247768,-0.010139578,-0.0077456273,0.009603235,0.012558281,0.013830334,0.0170444
2016-11-23,-0.004887021,-0.019214606,-0.016826708,-0.016150525,-0.015845658,-0.014727838,-0.014033857,-0.011795221,-0.0102989385,-0.010275489,-0.009518552,-0.009412085,-0.008917467,-0.008564248,-0.0063514253,-0.0059483084,-0.0047882632,-0.0040875794,0.0046056462,0.0053222375,0.006851398,0.010096676,0.010196676,0.010535079,0.010635079,0.010735079,0.011121123,0.01137642,0.012267069,0.0135134235,0.013613423,0.014672202,0.015277462,0.017326236,0.024682116,-0.016129734,-0.012510806,-0.010266612,-0.0061175325,0.007502207,0.011271335,0.012711098,0.01676148
2016-11-24,0.00272585,-0.020157188,-0.016608404,-0.016083946,-0.015904281,-0.015009173,-0.014383875,-0.012222717,-0.010756151,-0.008509177,-0.008409177,-0.008309177,-0.008209177,-0.007827521,-0.007247565,-0.0037634256,-0.0036634256,-0.0036215803,0.0049421294,0.0064484943,0.0071508405,0.008914483,0.009014483,0.009114482,0.009214482,0.009314482,0.009564781,0.00966478,0.010841287,0.012646091,0.013365919,0.014548608,0.014956586,0.017629314,0.025682477,-0.016412584,-0.012391174,-0.00991718,-0.0053210347,0.007334086,0.009950863,0.011534705,0.016774481
2016-11-25,0.0040819664,-0.020157736,-0.017019408,-0.01633892,-0.015912553,-0.015910592,-0.014208328,-0.013995525,-0.013115189,-0.012162153,-0.011380345,-0.010296893,-0.0101968935,-0.010096894,-0.009016089,-0.0075984923,-0.005510292,-0.0051283,0.0036450932,0.0049254005,0.0063514933,0.007206438,0.008631313,0.010067126,0.010167126,0.01038673,0.0107543785,0.010854378,0.011667972,0.012438795,0.013092102,0.014568559,0.01615774,0.018339492,0.024297785,-0.016641725,-0.0139640225,-0.01179953,-0.007510013,0.0064591104,0.010475668,0.012374653,0.016547346
2016-11-28,-0.0020436249,-0.019203028,-0.016942075,-0.01611689,-0.015874343,-0.013543991,-0.012993562,-0.011301364,-0.010005266,-0.009674973,-0.00958812,-0.008997485,-0.008897485,-0.008797485,-0.008697486,-0.008094274,-0.0072240965,-0.0069326707,0.0036452534,0.003975722,0.0044736546,0.0048621353,0.005046072,0.005146072,0.0068732738,0.0069732736,0.007872659,0.008942318,0.012248884,0.013256321,0.01364231,0.01530885,0.016559223,0.01688404,0.025069673,-0.0157114,-0.0120184105,-0.010056384,-0.007989203,0.004766008,0.007872811,0.011775881,0.016832238
2016-11-29,0.0033582086,-0.019049307,-0.017163016,-0.015996529,-0.015865315,-0.01567736,-0.01350733,-0.012501587,-0.012401587,-0.010819893,-0.0107198935,-0.010098554,-0.009788962,-0.008472357,-0.007840575,-0.007207832,-0.006586368,-0.005030121,0.007123541,0.007891127,0.008936465,0.009036465,0.009136464,0.009236464,0.009889434,0.009989434,0.010089434,0.010189434,0.011020497,0.01301666,0.013462958,0.014723537,0.015436778,0.016517188,0.025010286,-0.016252466,-0.0130453855,-0.010978026,-0.0073526897,0.008575406,0.010313692,0.01195056,0.016546126
2016-11-30,-0.000956318,-0.019323722,-0.016838336,-0.01616089,-0.01580259,-0.015417254,-0.01484028,-0.01474028,-0.013072528,-0.012972528,-0.011728947,-0.011480654,-0.009073096,-0.0089730965,-0.008838485,-0.007842303,-0.0070029995,-0.0067860424,0.0027911959,0.0041279215,0.0042279214,0.004255507,0.0046310886,0.0050775115,0.005415936,0.0054819556,0.0055819554,0.007247617,0.011116148,0.01217051,0.013612575,0.014175422,0.015391379,0.016534839,0.024406198,-0.016444435,-0.014357301,-0.011537589,-0.008390097,0.0041636964,0.006921737,0.010301521,0.016179908
2016-12-01,0.00038640606,-0.020281594,-0.017128432,-0.016082367,-0.01593033,-0.014831907,-0.014133407,-0.013081251,-0.010723792,-0.009104635,-0.009004635,-0.008904635,-0.008804635,-0.006839335,-0.0059634876,-0.005339162,-0.005239162,-0.004041529,0.004196791,0.0054144794,0.0063895844,0.0072296234,0.0077945744,0.008770828,0.008870828,0.009913804,0.010013804,0.011550394,0.011650394,0.0129396785,0.016109575,0.016209574,0.016309574,0.017784063,0.02495818,-0.016461134,-0.012625091,-0.00990116,-0.005897595,0.006420261,0.010193856,0.0124927685,0.017600214
2016-12-02,0.004538502,-0.019572,-0.017176636,-0.016878756,-0.01662158,-0.01568197,-0.014080851,-0.012136147,-0.01017073,-0.009165849,-0.0077222018,-0.0076240767,-0.0075531392,-0.007289712,-0.0056090974,-0.0040411344,-0.0035861537,-0.002887033,0.006570155,0.0066701546,0.00669692,0.00704764,0.008096027,0.009145259,0.009296753,0.009396753,0.009496753,0.009596753,0.009926133,0.012410756,0.013289686,0.014757299,0.015601671,0.016989283,0.024990808,-0.016626608,-0.012486467,-0.009363326,-0.004749499,0.0072563244,0.00972911,0.011406413,0.016487565
2016-12-05,0.0058990326,-0.019583842,-0.016997986,-0.016009511,-0.015816312,-0.014773138,-0.014673138,-0.013250651,-0.011680105,-0.008919781,-0.008819781,-0.008719781,-0.008619782,-0.0077820783,-0.007646195,-0.0066823233,-0.0060704197,-0.005675694,0.0068765953,0.0076785083,0.008279679,0.010263557,0.010363556,0.010373778,0.011740305,0.011940484,0.012040484,0.012140484,0.012980448,0.014635622,0.016593363,0.016693363,0.016793363,0.016893363,0.023962004,-0.016368885,-0.012906636,-0.010314977,-0.0069588823,0.008967729,0.011890785,0.013718081,0.017755544
2016-12-06,0.0008016182,-0.019772064,-0.01893505,-0.018835051,-0.016714051,-0.014839826,-0.014225426,-0.012478591,-0.0115319,-0.0114319,-0.011078937,-0.010678337,-0.010177764,-0.010077764,-0.009130009,-0.008247056,-0.008147056,-0.008047056,0.005031798,0.005131798,0.005414314,0.006671362,0.008727332,0.009142662,0.0117513,0.0118513,0.011951299,0.013946022,0.014149608,0.019256713,0.020622795,0.02413522,0.02423522,0.02433522,0.024834968,-0.016897285,-0.013700573,-0.011418359,-0.008849902,0.006800114,0.0125848055,0.016707772,0.022636984
2016-12-07,0.0031907745,-0.019921074,-0.016949661,-0.015964668,-0.015864668,-0.015128708,-0.014299496,-0.013659658,-0.012432917,-0.012332917,-0.012089508,-0.011989508,-0.011889508,-0.011789508,-0.0100587895,-0.009106084,-0.00870713,-0.007894505,0.006918257,0.0072991704,0.007953072,0.009078953,0.011852914,0.012988772,0.013266377,0.013749527,0.013785465,0.0138854645,0.013985464,0.014085464,0.014305575,0.014880267,0.0153881945,0.017419523,0.025305435,-0.016432721,-0.013737932,-0.012500187,-0.009551203,0.008903166,0.013312429,0.01422601,0.017199252
2016-12-08,-0.014180256,-0.019519037,-0.017108114,-0.016049933,-0.01590348,-0.014913959,-0.013385796,-0.012380684,-0.011638449,-0.01040926,-0.00994694,-0.00984694,-0.00974694,-0.009327508,-0.009078691,-0.008978691,-0.008490043,-0.007906298,0.006126313,0.0070906966,0.008167657,0.009001945,0.010060081,0.011272671,0.012091649,0.012191649,0.012218365,0.012259191,0.012280297,0.0131436465,0.013717115,0.015171529,0.015429575,0.017193958,0.024936134,-0.016166078,-0.012772826,-0.010809125,-0.008860132,0.008495652,0.0117854485,0.0130662145,0.016832476
2016-12-09,-0.00754585,-0.019481678,-0.019250227,-0.019150227,-0.016806884,-0.016144134,-0.016044134,-0.015508875,-0.015408875,-0.012655666,-0.011520591,-0.011420591,-0.011173673,-0.011073673,-0.010973673,-0.010846263,-0.010818991,-0.008662174,0.006800292,0.006900292,0.008462544,0.009529156,0.0100408755,0.0106155975,0.017519748,0.017619748,0.017719747,0.018082222,0.018182222,0.018282222,0.018382221,0.018482221,0.018582221,0.019063542,0.024866961,-0.017545411,-0.015753556,-0.013044189,-0.010544339,0.009842406,0.014928132,0.018169727,0.019815434
2016-12-12,0.0068979897,-0.020186672,-0.01692807,-0.01594081,-0.01585372,-0.014314716,-0.014214716,-0.014157311,-0.013698314,-0.0129444795,-0.012555072,-0.012455072,-0.010677951,-0.010542141,-0.009504866,-0.006878993,-0.0057117874,-0.0034536677,0.006387021,0.0074094986,0.008002057,0.010183639,0.01084528,0.010906212,0.011110888,0.011686302,0.011782769,0.012821186,0.013963999,0.014451517,0.018099314,0.018287884,0.020359846,0.020459846,0.024843216,-0.01629958,-0.014191126,-0.012337639,-0.0076008765,0.008618621,0.012142099,0.014675863,0.019228356
2016-12-13,0.0029273434,-0.018816782,-0.01681809,-0.016077183,-0.015860727,-0.0141069675,-0.0136829065,-0.012236999,-0.011150138,-0.010361901,-0.009318799,-0.009271804,-0.009171804,-0.009071805,-0.008598312,-0.0062876805,-0.005621536,-0.0053484035,0.0052281665,0.005779744,0.0073236865,0.009078578,0.009178578,0.009215168,0.0100114085,0.01062631,0.011161363,0.011683967,0.012987567,0.013480282,0.013875027,0.014936458,0.015369709,0.015531702,0.024727961,-0.015857095,-0.012701824,-0.010479091,-0.0070255473,0.007484317,0.010836861,0.012936577,0.016510287
2016-12-14,0.001007526,-0.020234492,-0.016959682,-0.01659114,-0.015875025,-0.014481371,-0.014381371,-0.0139114,-0.012618163,-0.012518163,-0.012418163,-0.011051718,-0.010951718,-0.009436133,-0.009163388,-0.007304513,-0.006565578,-0.0063897325,0.006415686,0.006887408,0.008581859,0.008681859,0.008720733,0.008820733,0.009588835,0.009688835,0.0097888345,0.009888834,0.012458664,0.013893248,0.013993247,0.014473747,0.01513315,0.018549116,0.025715051,-0.016386388,-0.014004047,-0.011961109,-0.008094986,0.008031129,0.010202477,0.012232546,0.017324883
2016-12-15,-0.022297885,-0.019151399,-0.017229842,-0.016367529,-0.015955532,-0.0146004995,-0.013023821,-0.012765109,-0.01196314,-0.011208491,-0.011108492,-0.01104038,-0.009743111,-0.009221881,-0.008036619,-0.007501463,-0.006371121,-0.006271121,0.0050702076,0.0065443553,0.0066823694,0.0074534607,0.008622653,0.009410645,0.0105661545,0.011161245,0.011261245,0.011361245,0.0114451125,0.014217259,0.014317259,0.014968134,0.015335269,0.01600954,0.02519766,-0.015992219,-0.013065618,-0.0110120885,-0.007844141,0.0072633093,0.010954609,0.012724025,0.01694197
2016-12-16,-0.0005282037,-0.020188615,-0.01892811,-0.01707794,-0.016454138,-0.016354138,-0.016263401,-0.015501133,-0.015216251,-0.014199168,-0.012197034,-0.012097035,-0.011997035,-0.011897035,-0.011797035,-0.011697035,-0.009649113,-0.0064717364,0.005081609,0.0064662434,0.0077095283,0.0091400165,0.011459591,0.014213794,0.014313794,0.015994916,0.019005192,0.019105192,0.019205192,0.019305192,0.019405192,0.019505192,0.019605191,0.019705191,0.024874981,-0.017637681,-0.015651578,-0.013514151,-0.010342391,0.008542238,0.016015738,0.01924519,0.02055915
2016-12-19,0.0024034726,-0.01994035,-0.016723452,-0.01622895,-0.015817052,-0.015039405,-0.014939405,-0.01417571,-0.014081282,-0.013318965,-0.013218965,-0.013118966,-0.013018966,-0.012918966,-0.012818966,-0.01114733,-0.0091685485,-0.0069484455,0.0072827884,0.0074919,0.008387066,0.0105074905,0.010993712,0.011015082,0.011762668,0.011862668,0.014264979,0.014364979,0.014857043,0.014957042,0.015057042,0.018119883,0.0183009,0.0184009,0.024207817,-0.016491931,-0.014548862,-0.013635516,-0.010640452,0.009086383,0.012638697,0.015348989,0.018148538
2016-12-20,-0.0055689304,-0.020054983,-0.016879745,-0.016269032,-0.015882127,-0.014649809,-0.014476987,-0.012115584,-0.012058394,-0.011958394,-0.0117086265,-0.011310004,-0.011210004,-0.011110004,-0.011010004,-0.009751396,-0.007862006,-0.0065359958,0.005466934,0.008454321,0.00965816,0.011199493,0.011299493,0.011399493,0.012988868,0.013088868,0.013166947,0.0148163,0.01494117,0.01504117,0.015696747,0.015796747,0.015896747,0.016645547,0.024334928,-0.016388731,-0.013375679,-0.012112802,-0.009293881,0.009553555,0.013129065,0.014772467,0.017503027
2016-12-21,0.0053916257,-0.019449415,-0.016831065,-0.015889565,-0.015860556,-0.015551174,-0.014111293,-0.012817208,-0.011524797,-0.011236409,-0.011136409,-0.011036409,-0.010936409,-0.010836409,-0.01073641,-0.010664485,-0.008780361,-0.0076679876,0.006438355,0.006926273,0.009120953,0.010981076,0.011590177,0.012474804,0.012574804,0.012674804,0.012730732,0.012830731,0.012930731,0.014697587,0.015412308,0.015512308,0.015612308,0.016998746,0.02461695,-0.0163607,-0.013115855,-0.011709063,-0.009777131,0.009208292,0.012853621,0.013760418,0.01744758
2016-12-22,0.002412477,-0.019406624,-0.016826224,-0.016151628,-0.015795255,-0.014702459,-0.013933407,-0.012334811,-0.011506003,-0.011377781,-0.010760605,-0.0106606055,-0.010026305,-0.009490133,-0.009390133,-0.009290134,-0.009190134,-0.007410281,0.00292816,0.0037785342,0.005748086,0.008735319,0.009380307,0.0106698945,0.012784589,0.013043546,0.013739772,0.013843448,0.015813584,0.016428,0.020557564,0.020657564,0.020757563,0.020857563,0.02583694,-0.016132792,-0.013060726,-0.011143291,-0.009188257,0.006794938,0.012673038,0.016116474,0.020867527
2016-12-23,0.00041824055,-0.020190584,-0.016891269,-0.016420834,-0.015720643,-0.015620643,-0.014124832,-0.014024832,-0.012908838,-0.012808838,-0.01258037,-0.01248037,-0.012394424,-0.012094009,-0.011994009,-0.010007268,-0.009907268,-0.007161623,0.004758592,0.004911196,0.0068126027,0.00918731,0.00928731,0.00938731,0.010463322,0.010563321,0.010663321,0.010763321,0.012855444,0.013757202,0.013857202,0.014484521,0.015417539,0.017580798,0.025672495,-0.016509594,-0.014057634,-0.012820494,-0.010310108,0.007226604,0.010751693,0.0126913665,0.017070444
2016-12-27,-0.0004469263,-0.019930556,-0.016791752,-0.016413096,-0.015828853,-0.014014918,-0.013409041,-0.013309041,-0.012112099,-0.012012099,-0.01187133,-0.011771331,-0.011671331,-0.010057683,-0.0100111775,-0.0072800075,-0.007150628,-0.005602705,0.00716505,0.0074690897,0.008157079,0.009565891,0.010251565,0.010351565,0.011168725,0.011567436,0.014918566,0.015351373,0.015451373,0.015551372,0.015651373,0.015751373,0.015851373,0.015951373,0.025718162,-0.015995024,-0.013451075,-0.011824297,-0.00836317,0.008705167,0.012614662,0.015424812,0.01772473
2016-12-28,-0.0061986516,-0.020236168,-0.017007409,-0.016020281,-0.015844751,-0.014701879,-0.014601879,-0.014191096,-0.01360531,-0.013066479,-0.013055498,-0.011843372,-0.01134906,-0.009576262,-0.009476262,-0.009376262,-0.0092762625,-0.009211768,0.0053035445,0.0054035443,0.005520051,0.007807585,0.010237255,0.010337255,0.010437255,0.010537255,0.010637254,0.010856523,0.010956523,0.013006592,0.013650693,0.014968076,0.015068076,0.017560257,0.025432764,-0.016478416,-0.0142970085,-0.012437602,-0.0098367855,0.0068943957,0.010994976,0.012104994,0.016923677
2016-12-29,0.009108451,-0.02033301,-0.017218752,-0.016049903,-0.015873987,-0.015481878,-0.013359347,-0.012764568,-0.012166647,-0.009996646,-0.009896646,-0.009796646,-0.009696647,-0.009596647,-0.008519202,-0.0059067495,-0.0054420526,-0.0054213023,0.004852033,0.0053554196,0.005601247,0.0075025596,0.008160004,0.008260004,0.0088579785,0.009622578,0.009749155,0.010707319,0.01084097,0.012017313,0.014067696,0.015104117,0.015204117,0.016438322,0.024837617,-0.016453395,-0.012867424,-0.0109431865,-0.00701719,0.0064338474,0.009753444,0.011703775,0.016493013
2016-12-30,0.0055881273,-0.020132966,-0.017228765,-0.01617918,-0.01588243,-0.014705352,-0.014103524,-0.012956103,-0.011303199,-0.010880746,-0.009677063,-0.009577063,-0.009477063,-0.0094143525,-0.00856367,-0.0064201257,-0.006299672,-0.0062439926,0.00091235014,0.0015681128,0.0041203583,0.0059172153,0.007391254,0.008278602,0.009550879,0.009650879,0.010812095,0.010912095,0.012750617,0.012850617,0.013381294,0.015234419,0.015886916,0.017122393,0.02490868,-0.016410608,-0.01308455,-0.01079504,-0.007420905,0.004413783,0.009816689,0.012642468,0.016699482
2017-01-02,-0.007231756,-0.019551005,-0.01946557,-0.017891591,-0.01702087,-0.016235098,-0.016135098,-0.014699936,-0.014599936,-0.014499936,-0.012868482,-0.012768482,-0.012668482,-0.012560034,-0.010418048,-0.010318048,-0.007579604,-0.0063230274,0.004172633,0.0068245945,0.0071802353,0.0075014443,0.009883629,0.011963123,0.013458493,0.013558493,0.013658493,0.017604893,0.017704893,0.017804893,0.017904893,0.018004892,0.018104892,0.018204892,0.023584535,-0.017681528,-0.0155653,-0.013766406,-0.009481441,0.00782748,0.014163005,0.016975611,0.01910082
2017-01-03,-0.008275764,-0.020157104,-0.0168982,-0.015993133,-0.015821587,-0.014592573,-0.014463505,-0.013863321,-0.012917911,-0.0105601875,-0.010460188,-0.010360188,-0.010260188,-0.010160188,-0.010060188,-0.009820045,-0.008472886,-0.008089525,0.0059553836,0.0060553835,0.006890976,0.009586964,0.010828018,0.011073517,0.011268164,0.011368164,0.011468164,0.011719124,0.011819124,0.014435613,0.014535612,0.014711022,0.015758863,0.016910888,0.025354996,-0.016386595,-0.0135596115,-0.011652395,-0.009360566,0.007951374,0.011884888,0.0130401775,0.017189626
2017-01-04,0.0088008735,-0.019606374,-0.019506374,-0.018787928,-0.017108178,-0.016057651,-0.016016029,-0.01471347,-0.013773327,-0.011223826,-0.011123826,-0.011023826,-0.010923826,-0.010823826,-0.0107238265,-0.010697465,-0.009037306,-0.0076441704,0.0029960643,0.0043771258,0.0048263716,0.0067280633,0.009314218,0.011453527,0.012981524,0.013081524,0.013181523,0.013281523,0.015077501,0.0151775,0.0152775,0.0153775,0.01547652,0.017744716,0.02538415,-0.017658921,-0.014902917,-0.012532165,-0.009825319,0.0063818297,0.012461659,0.014438914,0.017792273
2017-01-05,0.012025619,-0.020152764,-0.01750938,-0.017133174,-0.01649376,-0.015813535,-0.015287533,-0.013700294,-0.01296024,-0.01286024,-0.012760241,-0.012406837,-0.011920468,-0.011820468,-0.010312248,-0.007858336,-0.0056006904,-0.0031073862,0.0020384155,0.002149397,0.0056527876,0.008450516,0.010274264,0.011724875,0.01435425,0.01445425,0.015057877,0.015157877,0.015257876,0.01621301,0.01761322,0.021082493,0.021182492,0.021282492,0.025523284,-0.017051395,-0.014388296,-0.01294979,-0.007857099,0.006529073,0.013564855,0.016573826,0.0203429
2017-01-06,-0.0029940566,-0.020256571,-0.020025989,-0.01738731,-0.01728731,-0.01718731,-0.01708731,-0.015271466,-0.0127717685,-0.012671769,-0.012571769,-0.012471769,-0.012371769,-0.012258312,-0.012158312,-0.0106283715,-0.0074447994,-0.0068070507,0.004343194,0.0054633385,0.0055633383,0.009297654,0.012263604,0.013827333,0.0147044435,0.016588004,0.017079415,0.017179415,0.017279414,0.017379414,0.01796381,0.021597406,0.021697406,0.023306746,0.023989143,-0.018368898,-0.015037924,-0.013412187,-0.009902061,0.007874394,0.015447554,0.018123012,0.020847302
2017-01-09,-0.0015643437,-0.020106696,-0.017475134,-0.016855758,-0.016031738,-0.015689975,-0.01528285,-0.013576489,-0.013476489,-0.012949542,-0.012849542,-0.0127495425,-0.012649543,-0.012549543,-0.012351847,-0.008285163,-0.0051958263,-0.0038400851,0.009427587,0.010225837,0.010970631,0.011801357,0.011901357,0.012001357,0.012101357,0.012201357,0.0123013565,0.012401356,0.012501356,0.012601356,0.013658035,0.014372671,0.015320546,0.01781638,0.022467058,-0.016917277,-0.014428225,-0.013361593,-0.008484492,0.010905353,0.012221357,0.013025194,0.016183099
2017-01-10,0.0036101507,-0.020086896,-0.017142473,-0.016256198,-0.01590544,-0.015266903,-0.014490913,-0.014390913,-0.014290913,-0.014190913,-0.014090913,-0.0139909135,-0.013890914,-0.013790914,-0.01314775,-0.011697653,-0.010463696,-0.008451364,0.005186824,0.007149792,0.007181712,0.0104119945,0.010511994,0.010611994,0.011683014,0.011783014,0.01266566,0.013077335,0.013914433,0.014014433,0.016406847,0.017577698,0.017940056,0.018129097,0.022891201,-0.016578525,-0.01472397,-0.0141109135,-0.011550276,0.008322667,0.011999754,0.014322383,0.017803855
2017-01-11,-0.011296927,-0.020146007,-0.017230652,-0.015983894,-0.01575879,-0.0153846,-0.014801396,-0.014740254,-0.012785701,-0.011272816,-0.011172816,-0.011072816,-0.010793627,-0.010373496,-0.008590175,-0.0073952624,-0.0065610767,-0.0054753562,0.0066254465,0.0073765432,0.00806712,0.008964852,0.009652753,0.011473554,0.011573554,0.011673554,0.011780246,0.011809631,0.013425055,0.013667493,0.015518115,0.015618115,0.015718115,0.017066156,0.022740139,-0.016664289,-0.013916813,-0.011985408,-0.007818937,0.008521503,0.011655398,0.013280109,0.016922005
2017-01-12,0.016874423,-0.019701203,-0.017826708,-0.015995717,-0.015832404,-0.0152775515,-0.012891812,-0.012145261,-0.010447085,-0.009953155,-0.009614462,-0.009514462,-0.009471904,-0.008760538,-0.0080111055,-0.007911106,-0.0071720085,-0.0064108307,0.0043659164,0.0061554792,0.006397135,0.007657001,0.0077329706,0.008320186,0.009954337,0.010054337,0.010154337,0.0102543365,0.011209287,0.012817959,0.0135035915,0.014014805,0.015658645,0.018378641,0.023560096,-0.016305935,-0.012286606,-0.01023716,-0.007803903,0.006905974,0.009835958,0.012018913,0.016455019
2017-01-13,-0.0027519127,-0.02005839,-0.017782157,-0.0164094,-0.016309401,-0.014742283,-0.014737543,-0.01308718,-0.012436145,-0.012119913,-0.011160495,-0.011060495,-0.010960495,-0.010860495,-0.010760495,-0.010660496,-0.009683041,-0.009253696,0.0036740124,0.003863892,0.006282898,0.008457396,0.009538391,0.012458853,0.012558853,0.0134031875,0.013715935,0.013932743,0.014057971,0.016094852,0.019868897,0.02029665,0.020837301,0.020937301,0.023682775,-0.016725954,-0.013758036,-0.012031035,-0.010283644,0.0069674104,0.013085606,0.01572776,0.020176094
2017-01-16,-0.0016250899,-0.02023904,-0.017502192,-0.016473701,-0.016373701,-0.016330136,-0.015860638,-0.015760638,-0.0140215615,-0.013482338,-0.012653198,-0.012141222,-0.010622902,-0.010522902,-0.010469681,-0.010369681,-0.0088926945,-0.0075251292,0.0040585827,0.0050585507,0.0066566435,0.009096968,0.009926861,0.013172002,0.016959872,0.018455906,0.019741572,0.019841572,0.019941572,0.020041572,0.020141572,0.020241572,0.020341571,0.020441571,0.022693677,-0.017261142,-0.015119776,-0.01273624,-0.009879681,0.008366124,0.016287584,0.019981572,0.020711992
2017-01-17,0.008297888,-0.020309767,-0.017498683,-0.01650971,-0.015835524,-0.014770394,-0.01393322,-0.012544695,-0.011450516,-0.010058783,-0.008966285,-0.008893415,-0.008835178,-0.00812047,-0.007443476,-0.0055747377,-0.0050611543,-0.0049611544,0.0066758366,0.0071163964,0.0072163963,0.008565526,0.008769142,0.009448193,0.009816201,0.010658668,0.012370374,0.012470374,0.012861567,0.014729856,0.014829855,0.016400214,0.017733453,0.0177868,0.024013396,-0.016469518,-0.012899386,-0.010261133,-0.0063867876,0.007878071,0.011215247,0.014033126,0.017552024
2017-01-18,8.6488915e-05,-0.020136962,-0.017127955,-0.01642508,-0.015710628,-0.015584351,-0.015484351,-0.015384351,-0.015284351,-0.014448947,-0.012316065,-0.012216065,-0.012151277,-0.011123969,-0.011080442,-0.010980442,-0.008797054,-0.0067321467,0.005840317,0.006785725,0.00846216,0.010499607,0.014628586,0.014951904,0.015051904,0.015151904,0.016454872,0.016639763,0.016815994,0.016915994,0.017015994,0.017115993,0.017215993,0.017315993,0.022202943,-0.016808849,-0.0154054165,-0.013272002,-0.009961231,0.0093279425,0.01565763,0.016808525,0.018113384
2017-01-19,-0.008023802,-0.020012548,-0.017192425,-0.016058931,-0.015756607,-0.01409075,-0.013314725,-0.012568858,-0.010898391,-0.010010079,-0.009910079,-0.009810079,-0.009174321,-0.009074321,-0.008974321,-0.008462521,-0.007141493,-0.0070739347,0.006536106,0.006636106,0.007722021,0.009296093,0.009558276,0.00965004,0.010816859,0.01179882,0.01189882,0.01199882,0.012328248,0.012500486,0.01461431,0.016473202,0.016573202,0.01697499,0.023272693,-0.016073411,-0.012570197,-0.010474367,-0.00829247,0.008201437,0.011101289,0.013059916,0.016767135
2017-01-20,0.0064845844,-0.02022537,-0.01796347,-0.017515063,-0.017199349,-0.01691267,-0.016480705,-0.015999807,-0.015044387,-0.014060588,-0.012189423,-0.010483418,-0.010383418,-0.010283418,-0.010183418,-0.010083418,-0.0099834185,-0.008709634,0.0025565412,0.004018305,0.004924289,0.0067669405,0.0076442813,0.007744281,0.008390396,0.009737501,0.010597488,0.011249964,0.011349964,0.012614794,0.01371865,0.014454194,0.0153826745,0.017026585,0.023165276,-0.017756313,-0.01582011,-0.01287627,-0.009888662,0.005331294,0.009798164,0.0122389775,0.016195899
2017-01-23,0.0064218715,-0.019941917,-0.017358558,-0.01613462,-0.0157665,-0.014929196,-0.014829196,-0.014729196,-0.014629196,-0.0144069,-0.013834938,-0.013734939,-0.013634939,-0.013534939,-0.013434939,-0.013334939,-0.010680186,-0.008247939,0.0042269477,0.004877509,0.006289895,0.008479023,0.0102478955,0.011849616,0.011949616,0.012049615,0.012149615,0.0126180565,0.013469707,0.014149505,0.014792363,0.014892363,0.014992363,0.01719777,0.023076357,-0.016565073,-0.014945822,-0.014092642,-0.011886587,0.0071645984,0.012182938,0.013475848,0.016821671
2017-01-24,0.00045347732,-0.019965423,-0.017341303,-0.015971486,-0.015663244,-0.014496907,-0.014444899,-0.014316602,-0.013864125,-0.01305701,-0.011962979,-0.011862979,-0.011762979,-0.01166298,-0.01156298,-0.011424641,-0.010020078,-0.008481872,0.0009222635,0.0019300415,0.0023451229,0.0049662227,0.0072948416,0.0087689245,0.010436993,0.010536993,0.010636993,0.012234705,0.012334704,0.01387544,0.01397544,0.014987676,0.015087676,0.016850244,0.022460788,-0.016382355,-0.014330824,-0.012739593,-0.01067051,0.0041201287,0.010542181,0.012833904,0.016429918
2017-01-25,-0.0010421417,-0.019790225,-0.017285477,-0.016409025,-0.01567709,-0.013943419,-0.013843419,-0.012918273,-0.011905624,-0.011805624,-0.011705624,-0.010616874,-0.010373309,-0.010273309,-0.01017331,-0.01007331,-0.00997331,-0.009340259,0.0032643122,0.004502775,0.004794847,0.007066794,0.007166794,0.008699314,0.008799314,0.008899313,0.008999313,0.0100307595,0.010610202,0.013516776,0.013616776,0.014579658,0.014852651,0.017149432,0.022333715,-0.016107926,-0.013376392,-0.011620256,-0.010035413,0.005685608,0.009662591,0.01160194,0.01623927
2017-01-26,-0.0065474785,-0.02018827,-0.016843066,-0.01616119,-0.0155789945,-0.014124961,-0.013195701,-0.012608147,-0.011467968,-0.011367968,-0.011267968,-0.011167969,-0.010329821,-0.010229821,-0.0101298215,-0.009628076,-0.008311674,-0.007950285,0.0042431643,0.004324137,0.005587297,0.007810496,0.007910496,0.00872069,0.009632728,0.009732728,0.010365049,0.011952478,0.01310735,0.013376035,0.013878505,0.014444893,0.015954044,0.017276555,0.0234883,-0.015986199,-0.012960196,-0.011298256,-0.009437566,0.006319565,0.010338485,0.012950992,0.016492857
2017-01-27,0.0032090442,-0.019944213,-0.017418366,-0.016009713,-0.015585729,-0.014152807,-0.0132862665,-0.012570664,-0.010737206,-0.010637206,-0.010537206,-0.010437206,-0.010411591,-0.010311591,-0.010211592,-0.00888792,-0.007861029,-0.0062012104,0.0066463063,0.006746306,0.008728358,0.01145209,0.01155209,0.01165209,0.012166597,0.012266597,0.012366597,0.012466596,0.01443546,0.01453546,0.0146354595,0.014735459,0.015363784,0.017045593,0.023237785,-0.016077477,-0.012648212,-0.011056772,-0.008719792,0.009147932,0.012494566,0.01383358,0.01683795
2017-01-30,-0.0016313026,-0.019817468,-0.017151795,-0.016576435,-0.01571307,-0.015504369,-0.014917724,-0.013263431,-0.013163432,-0.013011289,-0.012911289,-0.012811289,-0.012711289,-0.011670719,-0.011237824,-0.008723271,-0.007820844,-0.005322011,0.0068941466,0.007926632,0.008893515,0.010287957,0.010526912,0.010970491,0.012040102,0.012140102,0.0139727425,0.014182334,0.014282334,0.0143823335,0.014482333,0.015335069,0.015574608,0.017294805,0.023717605,-0.016620886,-0.014186462,-0.01307489,-0.009183047,0.009208471,0.012440434,0.014478872,0.017042428
2017-01-31,0.0113034975,-0.020098735,-0.01734669,-0.016014913,-0.01585256,-0.013857049,-0.01317448,-0.012784094,-0.010503473,-0.010403473,-0.010303473,-0.010203473,-0.010103473,-0.010003474,-0.008877226,-0.007593173,-0.0068425382,-0.0051848968,0.0056334212,0.0071280836,0.007941031,0.009982049,0.010082049,0.010749774,0.010849774,0.010949774,0.012528845,0.013826052,0.01517815,0.015278149,0.015378149,0.015478149,0.015612474,0.01751093,0.023860231,-0.016065901,-0.012576086,-0.010817675,-0.0077402615,0.008306872,0.01217716,0.014484733,0.017501121
2017-02-01,-0.0047663073,-0.020171009,-0.017411869,-0.016213067,-0.016113067,-0.014462944,-0.014444855,-0.013674912,-0.0135494815,-0.013013244,-0.012913244,-0.012177575,-0.011792388,-0.010039653,-0.009939653,-0.009839653,-0.009131882,-0.007491425,0.0036065653,0.006122432,0.006222432,0.006322432,0.007830658,0.009467553,0.010865169,0.010884334,0.011769802,0.011869802,0.01315788,0.013710053,0.013810053,0.017917119,0.018017119,0.018117119,0.023770219,-0.016520748,-0.0141791105,-0.012547923,-0.009716038,0.0066278065,0.01075248,0.013704931,0.017464913
2017-02-03,0.002807824,-0.020243209,-0.017346125,-0.016383454,-0.015799807,-0.013907097,-0.013373644,-0.011363226,-0.0111827105,-0.009433864,-0.009333864,-0.009233864,-0.008980393,-0.008943225,-0.008754801,-0.008216684,-0.008121045,-0.0065272693,0.0040997406,0.0045466875,0.004979807,0.0056013404,0.005864874,0.0077467426,0.008609655,0.00899087,0.009644549,0.010264187,0.010915462,0.014371587,0.014471587,0.014950388,0.015602953,0.017017506,0.02306192,-0.016133975,-0.01234738,-0.010362768,-0.008170733,0.0055674464,0.009447652,0.012159748,0.016774599
2017-02-06,-0.0045521767,-0.019772217,-0.017965037,-0.016779438,-0.016697913,-0.016322713,-0.015410185,-0.015310185,-0.015210185,-0.015110185,-0.015010186,-0.014910186,-0.01358557,-0.01348557,-0.011522302,-0.011234937,-0.009218572,-0.0073187123,0.0032957895,0.004251349,0.0056933356,0.0063702264,0.007402768,0.008414313,0.009254164,0.011171802,0.011181703,0.011281703,0.012085029,0.01362407,0.014092164,0.014995207,0.015678803,0.018247621,0.02222688,-0.017233614,-0.015564037,-0.014540339,-0.010840942,0.005772973,0.010378932,0.012770261,0.016637187
2017-02-07,-0.005003371,-0.0200422,-0.01731078,-0.015955953,-0.015604234,-0.013775029,-0.013675029,-0.0133064715,-0.011992189,-0.011892189,-0.011666782,-0.011566782,-0.010138675,-0.010038675,-0.008960417,-0.007583733,-0.0074837334,-0.0074046203,0.004511258,0.0045422744,0.0057948614,0.0074161445,0.008643551,0.008743551,0.00964513,0.010770318,0.011207319,0.011307319,0.012001779,0.012182824,0.012910102,0.014999949,0.015607227,0.016753612,0.023659596,-0.016081456,-0.013364367,-0.011502271,-0.008599857,0.0063819336,0.010329513,0.0124612935,0.016101215
2017-02-08,0.0019819387,-0.020288868,-0.01751276,-0.01648163,-0.015977854,-0.013842751,-0.01289162,-0.01190537,-0.009631502,-0.008449813,-0.0083498135,-0.008249814,-0.008149814,-0.008049814,-0.0076153725,-0.0070022247,-0.006822405,-0.006722405,0.0036275426,0.0041800677,0.004721917,0.0066439635,0.0067439633,0.008065394,0.008278095,0.009093534,0.010006033,0.010106033,0.01014583,0.01280159,0.013296991,0.01472906,0.015431731,0.016634874,0.020770034,-0.016102772,-0.011871988,-0.009414513,-0.0072824443,0.005490317,0.009362103,0.011698244,0.01564651
2017-02-09,-0.004005321,-0.020274362,-0.017244872,-0.016286906,-0.015839728,-0.014211455,-0.012819314,-0.010993916,-0.0091626365,-0.008772047,-0.008258838,-0.008158838,-0.008058839,-0.007958839,-0.0074788462,-0.0061360775,-0.0057085594,-0.0050465195,0.0046468447,0.005704906,0.0064245462,0.0069771213,0.0073712254,0.007822839,0.008778796,0.009828539,0.011068644,0.011680343,0.013584713,0.013684713,0.013784713,0.013884713,0.015172027,0.017255817,0.02149062,-0.016077947,-0.011606963,-0.009251693,-0.006505768,0.006506443,0.010077531,0.013038089,0.016020115
2017-02-10,-0.0037178474,-0.019796293,-0.017101599,-0.016095588,-0.015832102,-0.014249306,-0.012772161,-0.010613953,-0.008192067,-0.0077595087,-0.006586145,-0.0065641147,-0.0063190516,-0.004980908,-0.003042928,-0.0024448168,-0.0020179953,-0.0006257284,0.0076568006,0.008007475,0.008107475,0.008314612,0.009735676,0.009835676,0.009935676,0.010305044,0.011359357,0.011459357,0.012915813,0.013015813,0.013425118,0.015367653,0.015467653,0.01652236,0.021233467,-0.015950292,-0.011086656,-0.0077700666,-0.0029391167,0.008404409,0.010870313,0.012843599,0.015912881
2017-02-13,-0.0019195197,-0.020314466,-0.017304633,-0.016307302,-0.015742524,-0.013676654,-0.013034852,-0.011362051,-0.011262051,-0.009372908,-0.008378143,-0.008278144,-0.0072834636,-0.007183464,-0.0064283567,-0.0059525883,-0.0046868348,-0.0041633137,0.0070065507,0.0071065505,0.0072065503,0.008073633,0.00855754,0.00865754,0.009734164,0.009834164,0.009934164,0.0100341635,0.010255362,0.012565908,0.0126616,0.01471177,0.015883457,0.016888617,0.021044353,-0.016014624,-0.012267833,-0.009428395,-0.005901847,0.00782549,0.009929863,0.01173461,0.01557445
2017-02-14,-0.0037791333,-0.02025995,-0.017326858,-0.016343698,-0.015829759,-0.014023771,-0.012919585,-0.011127447,-0.010840058,-0.0107400585,-0.010640059,-0.010540059,-0.010203538,-0.0072191847,-0.00601529,-0.0058152257,-0.005508527,-0.003847465,0.004588539,0.005776838,0.006388898,0.008230862,0.009576397,0.009908575,0.010008574,0.010070756,0.010170756,0.010366616,0.010466616,0.0126798805,0.013440237,0.014640464,0.015875224,0.01770798,0.020659467,-0.016071985,-0.012394169,-0.010364486,-0.006345314,0.0069987415,0.010520445,0.011911819,0.015825607
2017-02-15,0.00090829533,-0.020193676,-0.017376069,-0.015982483,-0.015585222,-0.014222234,-0.012618683,-0.010752749,-0.008947697,-0.008781117,-0.008269705,-0.008169705,-0.008069705,-0.007969705,-0.007869706,-0.0071581923,-0.006368741,-0.0043311855,0.005202192,0.0066999584,0.0067816335,0.007147331,0.0072473306,0.0075531295,0.0076531293,0.008859052,0.008959052,0.009059052,0.009159052,0.01309863,0.013104643,0.015012127,0.015609548,0.017725151,0.021008652,-0.015999177,-0.011416545,-0.009175099,-0.0067795054,0.0066968487,0.009163439,0.011177067,0.01598984
2017-02-16,0.008925394,-0.019703036,-0.01707143,-0.016086597,-0.015551951,-0.01415845,-0.0130176,-0.011213564,-0.009372331,-0.0077147963,-0.006723771,-0.006623771,-0.006288675,-0.0054819477,-0.005381948,-0.0045233485,-0.0044233487,-0.004323349,0.0044116937,0.0058505237,0.0059505235,0.0068921642,0.006992164,0.008338334,0.00907768,0.009326922,0.009426922,0.009526921,0.009576021,0.01181865,0.013077514,0.014026691,0.015435098,0.01733976,0.020963341,-0.015900493,-0.011480978,-0.008176865,-0.005055153,0.006436517,0.009200599,0.011156723,0.0154451905
2017-02-17,-0.003991515,-0.019305663,-0.016740475,-0.016002174,-0.015621974,-0.014572647,-0.013042736,-0.010954785,-0.010542316,-0.009043617,-0.008943617,-0.0088436175,-0.008743618,-0.008643618,-0.008543618,-0.008443618,-0.008343618,-0.0075882436,0.0010017178,0.0027736444,0.003609837,0.006359753,0.0064479862,0.007568561,0.008151337,0.009704821,0.009804821,0.0099048205,0.01000482,0.012423158,0.013524051,0.01492227,0.01515191,0.017313546,0.02091819,-0.0158567,-0.011917126,-0.009983181,-0.008352543,0.0043792576,0.009209869,0.011457906,0.015820242
2017-02-20,-0.000522423,-0.019492842,-0.016576862,-0.016162012,-0.015822805,-0.0133206025,-0.012882063,-0.010650019,-0.008789036,-0.007605979,-0.00659072,-0.006522926,-0.005175791,-0.00513051,-0.00503051,-0.00493051,-0.004814739,-0.004714739,0.0051305383,0.0053085764,0.0073378035,0.0092091365,0.009856429,0.011090441,0.011385456,0.011485456,0.011901876,0.012001876,0.012101876,0.012201875,0.013316318,0.015014336,0.015221774,0.01760943,0.02085101,-0.015619035,-0.011217821,-0.0077136243,-0.005202685,0.007674302,0.0113272155,0.012685855,0.015798595
2017-02-21,-0.007888254,-0.019747736,-0.017362665,-0.016119078,-0.015905749,-0.014000295,-0.012729864,-0.0111986045,-0.010081748,-0.009799319,-0.0096993195,-0.009392845,-0.0078024957,-0.006902417,-0.005642727,-0.005542727,-0.0054427274,-0.0053427275,0.004399978,0.0044913185,0.005743679,0.0074253557,0.009458166,0.010286892,0.010386892,0.0104868915,0.010586891,0.010686891,0.010786891,0.013031334,0.013338203,0.015259537,0.016327593,0.017492795,0.021072565,-0.01594926,-0.011985722,-0.009443169,-0.006272751,0.0064894445,0.010790035,0.01228392,0.016038887
2017-02-22,0.0010812811,-0.019629003,-0.016681436,-0.0157819,-0.015702795,-0.014117861,-0.01298724,-0.010358698,-0.008384041,-0.0058384445,-0.0057384446,-0.005638445,-0.005538445,-0.005438445,-0.0051561105,-0.00434348,-0.0024795372,-0.002379537,0.0041159736,0.0047210096,0.007021403,0.007749231,0.008569921,0.008669921,0.008742693,0.008956932,0.009056932,0.009156932,0.009256932,0.012648034,0.013309349,0.014751934,0.015658885,0.016817585,0.020943638,-0.015823666,-0.010670064,-0.007617323,-0.003999422,0.006470062,0.009600348,0.011155544,0.015694108
2017-02-23,0.004299312,-0.019751526,-0.017029556,-0.01605656,-0.015717583,-0.014369422,-0.012242866,-0.010030612,-0.009261038,-0.008633892,-0.007728227,-0.007628227,-0.0075282273,-0.0074282275,-0.0073282276,-0.0054237344,-0.0053354306,-0.005136088,0.002274641,0.0052033137,0.0068102293,0.007322698,0.008542494,0.008731286,0.008831286,0.008931286,0.009562735,0.009662735,0.012641173,0.013069694,0.013355555,0.014267087,0.016064608,0.017892573,0.02077543,-0.01582219,-0.011244994,-0.008837717,-0.0061703413,0.0060884333,0.009787499,0.012200189,0.015872067
2017-02-24,-0.0025754757,-0.01969709,-0.017173775,-0.016179852,-0.015667342,-0.014114819,-0.0131159155,-0.010870429,-0.009678621,-0.0083819255,-0.008281926,-0.008181926,-0.008081926,-0.007981926,-0.007881926,-0.0077819265,-0.0076420205,-0.007044259,0.00011164083,0.0017787457,0.0024095331,0.0063803326,0.0068081757,0.0071442216,0.007669541,0.008608601,0.00928943,0.01069581,0.013267322,0.013367322,0.013467322,0.014230124,0.014517401,0.016993772,0.020952445,-0.015953789,-0.011645349,-0.009428063,-0.007706411,0.0036699586,0.009324826,0.012227457,0.015802197
2017-02-27,0.004400281,-0.019715495,-0.016681837,-0.015873166,-0.01576113,-0.01417459,-0.012672373,-0.0109467525,-0.009094022,-0.008514588,-0.0078431005,-0.0077431006,-0.007643101,-0.007543101,-0.0071443585,-0.0060548834,-0.0059748604,-0.0041404758,0.002269074,0.0039292704,0.0049229315,0.0066660675,0.007912748,0.008012747,0.009422699,0.009522699,0.011122593,0.012542289,0.013940849,0.014040849,0.014140849,0.014554071,0.015372793,0.017654467,0.020942222,-0.015801085,-0.01142018,-0.008959139,-0.0062115355,0.005442009,0.010406266,0.013403875,0.016266491
2017-02-28,0.0011723414,-0.019439405,-0.017018164,-0.01589345,-0.015639769,-0.014054548,-0.013059642,-0.011463889,-0.011363889,-0.009055976,-0.008955976,-0.008855976,-0.008621333,-0.0062674,-0.0037714073,-0.002410834,-0.0005152482,-0.00035723075,0.004172252,0.005246438,0.005718617,0.0077941297,0.008257773,0.009061929,0.009747984,0.009847984,0.012059398,0.012159398,0.013115301,0.013215301,0.0133153,0.014473121,0.0155618135,0.016049122,0.020570934,-0.015842305,-0.012167369,-0.009653648,-0.0031821392,0.006535885,0.010508477,0.013222242,0.015524755
2017-03-01,-0.006661514,-0.01951676,-0.016756441,-0.015939226,-0.015340844,-0.014154023,-0.01260019,-0.010782765,-0.009289333,-0.0085572405,-0.0077685644,-0.0076685646,-0.006896972,-0.0063001197,-0.0049627647,-0.004881692,-0.0028095366,-0.0027095366,0.0033891348,0.0045925328,0.0068338485,0.007388146,0.007572825,0.008662787,0.009213535,0.011167568,0.011267568,0.012565659,0.01291555,0.014193371,0.014293371,0.014872599,0.01621891,0.01631891,0.020663796,-0.015673652,-0.01143375,-0.008571036,-0.0046064192,0.0062834397,0.010832442,0.01343221,0.01606841
2017-03-02,-0.0028770582,-0.019656856,-0.01680887,-0.015908953,-0.015701104,-0.013963357,-0.012987839,-0.010585978,-0.008277161,-0.008177161,-0.0074197263,-0.0073197265,-0.0072197267,-0.006930962,-0.0059825624,-0.0042145695,-0.0028316416,-0.0027316415,0.0055499524,0.005639838,0.007969953,0.009122545,0.010452649,0.012664704,0.0127647035,0.012864703,0.012964703,0.0139310695,0.015312218,0.015412218,0.015512218,0.015612218,0.015712218,0.017873904,0.020847064,-0.015823606,-0.011187418,-0.008567083,-0.0046160286,0.008209398,0.013065068,0.014666486,0.017051524
2017-03-03,0.0035589377,-0.019413898,-0.01696483,-0.015995225,-0.015373786,-0.013990663,-0.012900753,-0.010333246,-0.008721397,-0.0077363765,-0.006993687,-0.006893687,-0.006793687,-0.006546902,-0.006446902,-0.0063469023,-0.0057332744,-0.0056332746,0.0044815363,0.006021636,0.0071712094,0.008542767,0.008809948,0.009735316,0.011204071,0.011304071,0.011404071,0.011504071,0.011604071,0.012390284,0.0132774385,0.015013933,0.015501459,0.017196422,0.020535668,-0.015728787,-0.011137399,-0.008391285,-0.006210808,0.0074842437,0.010748738,0.012480792,0.01568275
2017-03-06,0.0033316745,-0.019601364,-0.017137835,-0.016099004,-0.015917284,-0.014228531,-0.013318382,-0.010810575,-0.007558261,-0.007458261,-0.0071126004,-0.0070126005,-0.006408987,-0.0058736703,-0.005388679,-0.005288679,-0.0044730944,-0.004203873,0.0033965718,0.004513255,0.005502127,0.0060362546,0.007339161,0.0075918008,0.0076918006,0.0077732797,0.00787328,0.008294763,0.008900343,0.012829564,0.013591484,0.014578103,0.014686975,0.01781224,0.020781085,-0.016040679,-0.011048896,-0.00805438,-0.005273385,0.005428002,0.008765714,0.010516985,0.015918497
2017-03-07,-0.0017046196,-0.019591952,-0.016507205,-0.016062027,-0.015340483,-0.014215458,-0.012682299,-0.010843916,-0.00859666,-0.008063568,-0.0069160084,-0.0068160086,-0.0067160088,-0.006616009,-0.006365208,-0.006265208,-0.005644087,-0.0055440874,0.005145252,0.0057021454,0.0059013055,0.008301816,0.009566325,0.009756251,0.009919202,0.010909036,0.011009036,0.011109035,0.011419378,0.012142221,0.0132057,0.015025347,0.016622284,0.017821822,0.02102171,-0.01566748,-0.011249694,-0.008305397,-0.00612692,0.0069939434,0.010696574,0.012460391,0.01584336
2017-03-08,-0.0021999918,-0.019712064,-0.016544534,-0.015812311,-0.015360029,-0.013978315,-0.01309199,-0.010489327,-0.009056128,-0.007515852,-0.0056539616,-0.0055539617,-0.00549725,-0.00437875,-0.0036501843,-0.0034063647,-0.0033254665,-0.0028778336,0.005418724,0.0057674972,0.006447027,0.00793789,0.011550453,0.011569021,0.01171661,0.01181661,0.012938202,0.013038202,0.013138202,0.013238202,0.013338202,0.015277205,0.015377205,0.016097289,0.020920323,-0.015737388,-0.011193121,-0.0075356155,-0.0037627623,0.0074575497,0.012242498,0.013546002,0.015774244
2017-03-09,0.002318134,-0.019302296,-0.016707372,-0.015998347,-0.015193621,-0.01350263,-0.012812592,-0.01089248,-0.008428208,-0.0076362654,-0.0073385225,-0.0072503574,-0.006204532,-0.005922252,-0.0043833936,-0.004241304,-0.0038293619,-0.003082261,0.0030283458,0.0043009897,0.006193655,0.0072358837,0.009066966,0.009693402,0.009793402,0.0098934015,0.009993401,0.010093401,0.010193401,0.012799202,0.013367814,0.014599386,0.015859691,0.01717703,0.020855403,-0.015503703,-0.011153579,-0.0081412215,-0.0045573353,0.006110455,0.010309275,0.01178782,0.015759768
2017-03-10,0.0071780584,-0.019501373,-0.017109148,-0.016228637,-0.015923114,-0.013909414,-0.012492596,-0.009256449,-0.008482178,-0.008382178,-0.0071513914,-0.0070513915,-0.006727483,-0.0066274833,-0.0064633465,-0.004521401,-0.0044214013,-0.0039350064,0.0042792624,0.0053018723,0.005932732,0.00945447,0.00955447,0.009716675,0.012097914,0.012197914,0.012297913,0.012397913,0.012497913,0.012781703,0.01346769,0.014962025,0.01592432,0.016172921,0.02088982,-0.015787128,-0.010968408,-0.008296227,-0.0052785096,0.0074132504,0.011329735,0.013179952,0.015654832
2017-03-13,0.0011230095,-0.019682098,-0.016731147,-0.016105356,-0.016020449,-0.014756854,-0.0130350655,-0.010341094,-0.008986582,-0.008886582,-0.008786582,-0.008686583,-0.008586583,-0.008486583,-0.008386583,-0.0056461496,-0.004510084,-0.0044100843,0.0055068545,0.0060516736,0.007551678,0.008609787,0.010806583,0.010906583,0.011800105,0.011900105,0.012000104,0.012100104,0.012200104,0.013720384,0.014721261,0.015190728,0.015382805,0.017239645,0.020791441,-0.016045123,-0.011470936,-0.009576279,-0.0063278964,0.00790402,0.011886751,0.013080699,0.016332692
2017-03-14,-0.0023130402,-0.01959623,-0.01709237,-0.015789239,-0.015248019,-0.014024926,-0.012889681,-0.010920728,-0.010615725,-0.008898259,-0.008798259,-0.0086982595,-0.007065248,-0.0069652484,-0.005036334,-0.0032201905,-0.0024960502,-0.0015508233,0.005598587,0.006649943,0.0070218183,0.008862445,0.010062808,0.010081601,0.010365082,0.010502123,0.011468072,0.011568072,0.012995079,0.013095079,0.013356752,0.014896913,0.015650468,0.01829069,0.020875787,-0.015770245,-0.011822726,-0.009266833,-0.004200332,0.0076995753,0.011061937,0.0129553545,0.016103044
2017-03-15,-0.0012878604,-0.019787023,-0.017207853,-0.015910683,-0.015810683,-0.014112383,-0.012990046,-0.011448316,-0.009777723,-0.00919843,-0.008919563,-0.0075911977,-0.0062014414,-0.0061014416,-0.005892308,-0.0052268277,-0.004044415,-0.003603216,0.005714517,0.0059967497,0.0062816986,0.00917333,0.010376438,0.010717294,0.011844088,0.011944088,0.012044088,0.012144088,0.012244088,0.012647232,0.013144161,0.014876254,0.016067823,0.017533107,0.02088596,-0.015981598,-0.011865039,-0.008798043,-0.0052715926,0.0078020766,0.011565829,0.013029464,0.015817342
2017-03-16,0.009912192,-0.019610947,-0.016355501,-0.016112236,-0.015647855,-0.014157153,-0.012835681,-0.01244234,-0.010203199,-0.008440968,-0.008340968,-0.008240968,-0.0067396946,-0.006082064,-0.004819409,-0.0046111136,-0.0030853122,-0.0019173961,0.005990547,0.006090547,0.0065428764,0.007933661,0.010584496,0.010684496,0.010784496,0.011239636,0.011339636,0.011439635,0.011539635,0.0121004,0.013249387,0.014606753,0.014775053,0.017344387,0.020758333,-0.01572143,-0.012006884,-0.008840321,-0.0045348397,0.0074684257,0.011209732,0.012238872,0.015611852
2017-03-17,0.00045161336,-0.019518437,-0.016719326,-0.016140293,-0.01576614,-0.01357261,-0.013004214,-0.011396609,-0.010335346,-0.009393914,-0.009293914,-0.0085135205,-0.008413521,-0.008313521,-0.008213521,-0.006705784,-0.006605784,-0.006505784,0.0036575196,0.0058140317,0.0076592006,0.009117405,0.009217405,0.010789331,0.010889331,0.010989331,0.011089331,0.01118933,0.012541082,0.01342603,0.01352603,0.013951647,0.01824116,0.01834116,0.020845598,-0.015716147,-0.0120540755,-0.009872103,-0.007308879,0.0074274973,0.011122284,0.0132973865,0.016018093
2017-03-20,0.0010630466,-0.019554054,-0.016852267,-0.016095426,-0.015761795,-0.014208931,-0.012665929,-0.010782602,-0.008000599,-0.006666639,-0.006566639,-0.006466639,-0.006239034,-0.0059230495,-0.0058230497,-0.00572305,-0.00562305,-0.00552305,0.0035609552,0.0038605973,0.0059956163,0.006086571,0.008780633,0.010065937,0.010102186,0.0109469155,0.011046915,0.011146915,0.012864945,0.012964945,0.013307181,0.014155543,0.015906509,0.017527763,0.020865252,-0.015808595,-0.0108422395,-0.00787905,-0.005831768,0.005921185,0.010781069,0.012786046,0.015764136
2017-03-21,0.0051965876,-0.019660408,-0.016668607,-0.016000483,-0.015403961,-0.013830845,-0.012883116,-0.012509447,-0.008014738,-0.007914738,-0.007814738,-0.0075787413,-0.0064731287,-0.0051301,-0.0048006386,-0.003355689,-0.0029573634,-0.0022518062,0.006080174,0.0062706233,0.006686584,0.009174757,0.009469331,0.010725137,0.010999416,0.011099416,0.011199416,0.0112994155,0.011399415,0.012723249,0.013245977,0.014742244,0.015429704,0.017320992,0.021008229,-0.015689386,-0.0114645045,-0.008063165,-0.0041888477,0.007842311,0.011063309,0.01241024,0.015808139
2017-03-22,-0.00081445667,-0.019508451,-0.016578963,-0.01613132,-0.015941665,-0.014141628,-0.013468301,-0.01082814,-0.0077268775,-0.007509164,-0.007409164,-0.0069611906,-0.0064100344,-0.0063100345,-0.0062100347,-0.0058207707,-0.0055052903,-0.005084997,0.0044759866,0.0045759864,0.0065097385,0.006619397,0.009072454,0.010500687,0.010600687,0.010700687,0.010800687,0.011833864,0.013808294,0.014536972,0.014636972,0.015055255,0.016562475,0.016662475,0.021095358,-0.015927803,-0.01113276,-0.0082648825,-0.0059164567,0.006556359,0.011328934,0.013508459,0.016397405
2017-03-23,-0.0012507413,-0.019212225,-0.016423944,-0.016005337,-0.015664833,-0.013917773,-0.012761909,-0.010351308,-0.007907907,-0.0078079067,-0.007707907,-0.007607907,-0.0066139256,-0.006108757,-0.0038219143,-0.0018500317,-0.0016410818,-0.0009088675,0.0053209946,0.0060576187,0.007122811,0.009245693,0.0105452305,0.0111390455,0.01163244,0.0117324395,0.011862052,0.012449538,0.013160085,0.014264371,0.014364371,0.015108827,0.015320294,0.017188422,0.021046108,-0.015596136,-0.010966873,-0.008220081,-0.0031659603,0.007875911,0.012026125,0.013411269,0.01639442
2017-03-24,0.0016326004,-0.019755011,-0.016681945,-0.016143028,-0.015335315,-0.014009381,-0.012922812,-0.009648217,-0.0075915023,-0.0063449997,-0.006245,-0.006145,-0.006045,-0.0051221116,-0.005022112,-0.004731425,-0.003400135,-0.0017539065,0.00579769,0.006608701,0.008389831,0.009355172,0.009499021,0.009750786,0.010924591,0.01154959,0.01164959,0.01174959,0.01184959,0.012291896,0.013164618,0.015206579,0.016509471,0.016609471,0.021015963,-0.015740894,-0.010530112,-0.0075852857,-0.004210516,0.008215196,0.010968177,0.012810027,0.015657704
2017-03-27,0.007112889,-0.019754859,-0.01681557,-0.016050385,-0.01581753,-0.014188263,-0.013091238,-0.011188618,-0.009671318,-0.0095713185,-0.008850484,-0.008750484,-0.0086504845,-0.008142004,-0.0067478768,-0.006647877,-0.0055945455,-0.0025825566,0.0018127615,0.002311953,0.004229368,0.004329368,0.0056965062,0.0073663234,0.007466323,0.007566323,0.0086319,0.0087319,0.0088319,0.012296998,0.013079257,0.014498854,0.015144403,0.017431362,0.020852957,-0.015933491,-0.0119145755,-0.009681106,-0.0060646683,0.004029955,0.00833161,0.01072742,0.015631884
2017-03-28,-0.002809136,-0.019508326,-0.016966539,-0.015838226,-0.015806232,-0.01395906,-0.013130505,-0.010991037,-0.008380123,-0.008280124,-0.008263729,-0.007691184,-0.007591184,-0.0064315028,-0.0052179736,-0.0051673963,-0.0046484517,-0.0040832097,0.0013799277,0.0021769314,0.0034450137,0.003922477,0.0043246504,0.0047485707,0.0048485706,0.0049485704,0.00504857,0.008223297,0.008465175,0.012441209,0.01323501,0.014817149,0.015215848,0.017853094,0.02109877,-0.015874133,-0.011324003,-0.008759408,-0.005361643,0.003154584,0.0069372593,0.00987882,0.015889047
2017-03-29,-0.008823658,-0.01974263,-0.017092854,-0.016049718,-0.01522431,-0.014023214,-0.012568261,-0.012179227,-0.010171032,-0.008474394,-0.0077563766,-0.007656377,-0.007509954,-0.0066550425,-0.005356162,-0.005112868,-0.0036510697,-0.0032770948,0.0038740523,0.0056356033,0.0061689415,0.0067972736,0.009126394,0.009226394,0.009326394,0.009836203,0.009878725,0.010066041,0.010510603,0.012775837,0.013491282,0.014594517,0.015946122,0.016999874,0.020996664,-0.015730252,-0.011888526,-0.008932134,-0.0050107143,0.0063604536,0.010206174,0.011835465,0.015771635
2017-03-30,-0.0027697948,-0.01952548,-0.017027393,-0.015936779,-0.015777137,-0.015218342,-0.013842135,-0.010125615,-0.008435184,-0.0076121823,-0.006323403,-0.0062234034,-0.0061234036,-0.0060234037,-0.005923404,-0.005823404,-0.005723404,-0.0056234044,1.48385625e-05,0.0015441334,0.003692634,0.004911443,0.005288938,0.006073152,0.008609844,0.008709844,0.009902635,0.0100026345,0.010102634,0.013089048,0.013166013,0.014833098,0.015073406,0.017745879,0.020880388,-0.016278097,-0.011190379,-0.0081495065,-0.005863404,0.0037545785,0.008632724,0.011634071,0.015942885
2017-03-31,-0.0027073722,-0.019507222,-0.016851537,-0.016006138,-0.0149702355,-0.01417467,-0.012809401,-0.010696185,-0.007283429,-0.0071834293,-0.0070834295,-0.0069834297,-0.00688343,-0.00678343,-0.00668343,-0.0061448724,-0.0056999456,-0.004158678,0.0031507644,0.0034819595,0.0050139795,0.0051139793,0.005213979,0.0054226276,0.0055226274,0.005622627,0.005722627,0.0077336594,0.009545478,0.012337674,0.013247221,0.014573051,0.016141491,0.017682131,0.021098662,-0.015662614,-0.010795716,-0.008168625,-0.005934071,0.004456662,0.007266114,0.0102961855,0.015787747
2017-04-03,-0.0039575263,-0.019668382,-0.016744858,-0.015926939,-0.0157674,-0.013911766,-0.012477642,-0.010141197,-0.008441173,-0.007779527,-0.0072246054,-0.0061359536,-0.0060359538,-0.005801924,-0.005701924,-0.005218484,-0.0041382886,-0.0025772317,0.0052446355,0.005934666,0.0065185074,0.0069394903,0.007038218,0.0077227424,0.007822743,0.0079227425,0.008022742,0.008122742,0.008855065,0.012863034,0.013218065,0.015340382,0.015440382,0.016241383,0.021092186,-0.01571401,-0.010953296,-0.007996259,-0.0047543766,0.0064920085,0.008733896,0.010660793,0.01575101
2017-04-04,0.0007599355,-0.019689465,-0.01698577,-0.016026398,-0.015669977,-0.013964472,-0.012791979,-0.011045772,-0.010945772,-0.009611583,-0.008901111,-0.008162784,-0.0072947275,-0.0071947277,-0.0069781276,-0.005977455,-0.005812597,-0.0047749667,0.0039422866,0.0040422864,0.0050850553,0.00613451,0.0072317286,0.007675463,0.0077697365,0.008339266,0.008439266,0.008539266,0.0094691,0.013093696,0.013198825,0.015091824,0.015509216,0.016019719,0.020962166,-0.015820334,-0.012084301,-0.009425663,-0.0063411864,0.0053947745,0.008975884,0.0110101085,0.015673246
2017-04-05,-0.00024386698,-0.019453928,-0.016920704,-0.016049536,-0.015481362,-0.013788406,-0.013061395,-0.010430752,-0.008954279,-0.008716516,-0.008456739,-0.008356739,-0.007613545,-0.0069207256,-0.005344618,-0.0050887936,-0.0044450373,-0.0029151123,0.0043777516,0.0056237653,0.005964823,0.0068976306,0.00782968,0.007893916,0.008212831,0.008312831,0.0084128305,0.008481491,0.009031062,0.013038326,0.013146872,0.014874964,0.015185577,0.017161801,0.019912029,-0.015741158,-0.0114424955,-0.009001337,-0.0052300603,0.0062153605,0.009111249,0.010829857,0.0156268
2017-04-06,-0.00093380985,-0.019728146,-0.01704963,-0.016112639,-0.0151346,-0.0140893655,-0.012822506,-0.011032051,-0.009351255,-0.008305222,-0.008205222,-0.0075445245,-0.0072325505,-0.006789472,-0.0057189367,-0.005380258,-0.0043185405,-0.0029938002,0.00391229,0.00401229,0.005198358,0.0061161295,0.0062161293,0.0063952203,0.0071965544,0.0072965543,0.00767569,0.009065558,0.009337494,0.011612638,0.0137768015,0.0149839735,0.015199056,0.01633722,0.019966222,-0.015764851,-0.011524734,-0.008880201,-0.005191212,0.005287125,0.00811722,0.010578087,0.015335372
2017-04-07,-0.0033246758,-0.019609584,-0.01708236,-0.016074542,-0.015660394,-0.013524553,-0.012716387,-0.010903474,-0.007261224,-0.005316966,-0.0051055592,-0.005071083,-0.0049710833,-0.0048710834,-0.0047710836,-0.0046710838,-0.004571084,-0.004118734,0.0039046193,0.0050735343,0.0053655524,0.005465552,0.0059560775,0.0060560773,0.0073034116,0.0075629205,0.0076629203,0.007758903,0.008773667,0.013262279,0.013300499,0.015072682,0.015448604,0.0166231,0.019992966,-0.015718656,-0.010454519,-0.0069850674,-0.0046406137,0.0054225335,0.008119251,0.0105812745,0.015650306
2017-04-10,-0.0009519412,-0.019330243,-0.01628645,-0.015886404,-0.015713101,-0.013843408,-0.012829399,-0.009703735,-0.006720937,-0.005729983,-0.0053129243,-0.0052129244,-0.0051129246,-0.004688113,-0.004588113,-0.0044881133,-0.0043881135,-0.0042881137,0.0024760475,0.002578241,0.004413621,0.0052278875,0.005866253,0.0064159897,0.0068375156,0.0077160196,0.008021983,0.008341089,0.009224507,0.012785733,0.013312097,0.01457135,0.016157513,0.018454906,0.019844167,-0.015600519,-0.010174091,-0.0069328593,-0.0045930757,0.0043066624,0.008225017,0.0109061655,0.015793651
2017-04-11,0.00082475395,-0.019417202,-0.016933868,-0.016395574,-0.015757075,-0.013790761,-0.012777411,-0.010467646,-0.008524961,-0.006966326,-0.0067542945,-0.005917957,-0.005817957,-0.0057179574,-0.0056179576,-0.0055179577,-0.005417958,-0.0045217867,0.0026635334,0.0031132293,0.0037287762,0.0049767783,0.005076778,0.005176778,0.005276778,0.0053767776,0.0062162494,0.0074885073,0.008237481,0.012941865,0.013589016,0.014821774,0.017499931,0.018217308,0.019944863,-0.015735265,-0.011026384,-0.007918516,-0.0053987233,0.003951819,0.007212141,0.010476807,0.015902964
2017-04-12,-0.00026855947,-0.019184811,-0.017073376,-0.015903024,-0.015773263,-0.014214404,-0.013429807,-0.01100147,-0.0095265405,-0.008493202,-0.007813023,-0.0077130236,-0.006818528,-0.0049358364,-0.0048358366,-0.0044988124,-0.0041049216,-0.002361932,0.0014920891,0.0015920891,0.0020942593,0.0021942593,0.0027839956,0.003223435,0.003323435,0.0048253406,0.005871876,0.0066004302,0.00910415,0.012715279,0.013479493,0.014948678,0.017537603,0.017837767,0.020068496,-0.015935132,-0.011670808,-0.0085047465,-0.004702905,0.0021392263,0.006029696,0.010365868,0.015809942
2017-04-13,0.0018102024,-0.019414108,-0.016792662,-0.016019044,-0.015731653,-0.013483715,-0.0126680555,-0.010083912,-0.008338566,-0.0059862523,-0.0058862525,-0.0057862527,-0.0057210266,-0.005142409,-0.005042409,-0.004942409,-0.0038552755,-0.003251686,0.0048385407,0.0049385405,0.0050385403,0.006195595,0.006295595,0.0062974184,0.006322135,0.0069241617,0.0070241615,0.0071241613,0.009084741,0.013041691,0.013480079,0.014884297,0.016338507,0.017911594,0.019965941,-0.015618038,-0.010619166,-0.0075512617,-0.004575607,0.0054666707,0.007936606,0.0105226515,0.01585672
2017-04-18,0.007084458,-0.019277822,-0.017021924,-0.016063375,-0.015812779,-0.013984585,-0.013153533,-0.011403625,-0.010269695,-0.010169695,-0.009360334,-0.009260334,-0.009160334,-0.009060334,-0.0090127215,-0.006177542,-0.0061228042,-0.003991027,0.002647021,0.0032431919,0.0047671394,0.0048671393,0.005039666,0.0064583384,0.0065004206,0.0066166855,0.0067166854,0.00893452,0.0092447875,0.012056412,0.013425107,0.015302097,0.017447816,0.018236995,0.020063816,-0.01585013,-0.012211984,-0.010200846,-0.0069128857,0.0044049826,0.007821125,0.010880044,0.015816886
2017-04-20,0.004838563,-0.019293012,-0.0167327,-0.016088799,-0.01578582,-0.014153121,-0.012980151,-0.010940762,-0.008892794,-0.008792794,-0.0086927945,-0.007587519,-0.006476863,-0.006376863,-0.0052316617,-0.0040959995,-0.0026917793,-0.0025917792,0.0042600343,0.004696982,0.004796982,0.0048969816,0.0049969815,0.0050969813,0.005196981,0.005296981,0.0058730305,0.008488101,0.008588101,0.012977336,0.013447498,0.014741426,0.017380882,0.017485576,0.01995966,-0.015788961,-0.01153906,-0.008683893,-0.004439748,0.004769592,0.0073712757,0.01066149,0.015722299
2017-04-21,-0.0059250384,-0.019007139,-0.01646686,-0.016062291,-0.015500843,-0.013307184,-0.012913358,-0.010713555,-0.008255345,-0.0074730553,-0.0074324077,-0.007332408,-0.007232408,-0.006705457,-0.0050921417,-0.0037735708,-0.002727569,-0.002125144,0.0029111959,0.003079593,0.0032810413,0.0033810413,0.0034810414,0.0041627246,0.004573708,0.0046829255,0.0056930617,0.0077295876,0.009112468,0.012747282,0.013148107,0.015380436,0.017247839,0.018474337,0.019931331,-0.015439076,-0.011083521,-0.008507795,-0.0042101666,0.003445316,0.006560712,0.010506047,0.015936298
2017-04-24,0.0141827585,-0.018951816,-0.016679829,-0.015990913,-0.015545629,-0.013818663,-0.012584508,-0.010566187,-0.006584367,-0.006577677,-0.005681265,-0.005182572,-0.0047844904,-0.0042429217,-0.004142922,-0.0034689645,-0.0024692796,-0.002102749,0.004562602,0.005454346,0.005554346,0.0068531316,0.0069934,0.007449373,0.008985067,0.009085067,0.009215668,0.009315668,0.0094156675,0.012336588,0.01310566,0.015152688,0.016842308,0.017723018,0.020015346,-0.015516089,-0.010460731,-0.0067755105,-0.0034732972,0.006281899,0.009036019,0.011425179,0.01566666
2017-04-25,0.008608348,-0.019233357,-0.016859772,-0.015839988,-0.015155093,-0.014277487,-0.01289562,-0.010300036,-0.007858305,-0.0077583054,-0.0076583056,-0.007189311,-0.006665928,-0.0062197708,-0.006119771,-0.004942451,-0.0048424513,-0.0047424515,0.0046836277,0.004883925,0.004983925,0.0058766115,0.0059766113,0.006076611,0.006176611,0.006276611,0.0063805333,0.0065075085,0.009482774,0.011946915,0.01338579,0.015229436,0.01663237,0.017396403,0.019889915,-0.015684266,-0.010930452,-0.008259586,-0.005567287,0.00532094,0.007356851,0.01019002,0.015569692
2017-04-26,-0.0062486595,-0.01905616,-0.017191676,-0.016066413,-0.015113283,-0.01386502,-0.0129149025,-0.010974061,-0.009153995,-0.007703818,-0.007603818,-0.0075038183,-0.0073612584,-0.005011556,-0.0048955833,-0.0023623279,-0.0016547395,-0.0013175898,0.0041171755,0.0042171753,0.004610898,0.004710898,0.0048108976,0.0049108975,0.005632307,0.0057323067,0.0058323066,0.007114017,0.00862581,0.012715562,0.013302623,0.015070442,0.016762475,0.017976902,0.01993724,-0.01562821,-0.011362637,-0.008409106,-0.0035468116,0.004657691,0.0070567364,0.010210034,0.015800554
2017-04-27,-0.0007982177,-0.019407328,-0.017173234,-0.01610277,-0.015506702,-0.013947575,-0.0130309975,-0.009841194,-0.0066627865,-0.0065851384,-0.0054311655,-0.0053311656,-0.0048332536,-0.0044153663,-0.0036600418,-0.0035600418,-0.003122888,-0.003022888,0.0027209406,0.0028209407,0.0029919257,0.003072827,0.0044712727,0.006027789,0.0061277887,0.0062277885,0.006349947,0.00635235,0.008829581,0.012664635,0.013071257,0.015025362,0.016918628,0.017967243,0.019984398,-0.015813168,-0.010444577,-0.006874714,-0.003739405,0.0035468847,0.0071487674,0.010223028,0.01574258
2017-04-28,0.002819664,-0.01958046,-0.017289331,-0.016033566,-0.015897911,-0.015715757,-0.014182639,-0.012121124,-0.010266908,-0.010166909,-0.009276633,-0.009005535,-0.008520023,-0.007327325,-0.0044236765,-0.003683109,-0.0029180348,-0.0024028511,0.0047960454,0.0050804517,0.0062644836,0.006484052,0.007938088,0.008038088,0.008138088,0.008912449,0.009012449,0.009363902,0.012225738,0.014108128,0.014208128,0.015311759,0.016805246,0.018369295,0.01994349,-0.01653322,-0.012554228,-0.0099147055,-0.0044866414,0.006152624,0.00967213,0.0123030925,0.01638816
2017-05-02,0.0014263343,-0.019467523,-0.017318074,-0.016089056,-0.01570316,-0.014048582,-0.01310535,-0.010366046,-0.009250914,-0.0068382975,-0.0067382976,-0.0063765408,-0.006276541,-0.006176541,-0.00612651,-0.0036916852,-0.003591685,-0.0021547726,0.0027856354,0.0028856355,0.002958898,0.0041726856,0.00567871,0.0057008215,0.0058096084,0.005909608,0.00807543,0.009779927,0.009885807,0.013550798,0.013650798,0.0150607675,0.017088575,0.018317278,0.01988849,-0.015928539,-0.0111299325,-0.008309528,-0.004388239,0.0037224926,0.008123973,0.0116761075,0.016093627
2017-05-03,0.0008452089,-0.019093083,-0.01725938,-0.01610257,-0.015616035,-0.013900585,-0.012781199,-0.0116481595,-0.010781592,-0.010681592,-0.0097621465,-0.009662147,-0.008657773,-0.007174904,-0.0065117814,-0.0044997525,-0.003001578,-0.0028225167,0.0050852294,0.005529117,0.005917635,0.00856254,0.009246628,0.009346628,0.009446627,0.009546627,0.010583786,0.011562939,0.012096191,0.012656956,0.013308707,0.015055652,0.017320951,0.01768992,0.019905543,-0.015730057,-0.0123990225,-0.0098315235,-0.0052995547,0.0069082296,0.010471956,0.012844165,0.015723355
2017-05-04,0.0043270728,-0.019477477,-0.017119696,-0.016009845,-0.015216254,-0.014467355,-0.013012936,-0.0122813275,-0.009350859,-0.009250859,-0.009150859,-0.008759148,-0.008594915,-0.008494915,-0.008394916,-0.008359319,-0.007506155,-0.0071976488,0.0033569692,0.003912968,0.004525865,0.005790709,0.005890709,0.0061066467,0.0062066466,0.0063066464,0.006406646,0.007643529,0.008286781,0.01279094,0.013535433,0.014874425,0.015702283,0.018376265,0.01996266,-0.015858743,-0.011981165,-0.009720897,-0.008043437,0.0047586313,0.007747694,0.010166036,0.015907945
2017-05-05,0.002615934,-0.01938639,-0.017127873,-0.015889894,-0.015620812,-0.013778166,-0.012839109,-0.009571308,-0.007818184,-0.0070715114,-0.0069715115,-0.0068715117,-0.006771512,-0.006727767,-0.0066277673,-0.0065277675,-0.006404954,-0.006304954,0.0031300588,0.0038128924,0.004545552,0.0056527248,0.0068584965,0.0069584963,0.007058496,0.0074990233,0.007799705,0.011204378,0.012861427,0.012951369,0.013434318,0.0153768975,0.016692856,0.018111762,0.020084834,-0.01575047,-0.010638,-0.008225617,-0.0065473905,0.0048399447,0.009094353,0.012301947,0.015991835
2017-05-08,-0.006121388,-0.019349819,-0.017004887,-0.015991973,-0.015647318,-0.013315245,-0.013023918,-0.01072471,-0.0101419855,-0.007886286,-0.007786286,-0.007218628,-0.0071186284,-0.0066019357,-0.005718888,-0.005145655,-0.005045655,-0.004767419,0.001901244,0.0022327525,0.0037753242,0.0038753243,0.0039753243,0.004075324,0.004991449,0.005091449,0.0060276445,0.0070001194,0.008385794,0.012310375,0.013497709,0.015331893,0.017124796,0.017731627,0.02007609,-0.015668238,-0.011553775,-0.008934551,-0.005579249,0.0033552188,0.0064905183,0.010169746,0.015789539
2017-05-09,-0.0049260734,-0.018964361,-0.016804453,-0.015970103,-0.015556339,-0.013667099,-0.012709152,-0.009892342,-0.0066457437,-0.0061926907,-0.004761862,-0.0046012774,-0.0045913304,-0.0044913306,-0.0043913308,-0.004291331,-0.004191331,-0.0040913313,0.0038709843,0.0041347668,0.0044382485,0.0050961697,0.0057702325,0.0060670082,0.006961881,0.007531966,0.008664375,0.008934261,0.0094756475,0.013037325,0.01346112,0.014982584,0.016251566,0.017696269,0.020039381,-0.015540281,-0.010282006,-0.006639884,-0.0043133204,0.00490041,0.008268159,0.011272634,0.015843336
2017-05-10,-0.00018163654,-0.019576216,-0.016888732,-0.015901504,-0.015691519,-0.013834502,-0.012360509,-0.011127225,-0.008875648,-0.0077325515,-0.0077034524,-0.007529295,-0.0063657127,-0.006265713,-0.006165713,-0.0056155464,-0.004616595,-0.0040687085,0.003562211,0.0038337302,0.005477684,0.007243258,0.007343258,0.0074432576,0.0075432574,0.0076432573,0.007743257,0.007843257,0.008715965,0.01256781,0.013338102,0.015366139,0.016165169,0.017552005,0.019912094,-0.015670296,-0.011199487,-0.008314206,-0.005599172,0.0055320286,0.008568168,0.010607092,0.01574723
2017-05-11,-0.00030586772,-0.018958129,-0.017170697,-0.016117914,-0.015071265,-0.013372719,-0.013030089,-0.010242439,-0.007627032,-0.0066866195,-0.0065866197,-0.00648662,-0.00638662,-0.00628662,-0.0061866203,-0.005777378,-0.00513597,-0.005042377,0.004170466,0.004486966,0.0059470567,0.006038964,0.0061389636,0.0062389635,0.0063389633,0.006438963,0.006538963,0.006638963,0.008946815,0.012183367,0.013459496,0.0150951315,0.01697277,0.01707277,0.019899372,-0.01552058,-0.010740818,-0.007983396,-0.0057257935,0.005396483,0.007527844,0.010256176,0.015542028
2017-05-12,0.0052122404,-0.019281996,-0.016663754,-0.015848089,-0.015555615,-0.014118916,-0.013067754,-0.010056773,-0.009956773,-0.007911873,-0.007811873,-0.0077118734,-0.0076118736,-0.0075118737,-0.006955831,-0.0057718307,-0.005434455,-0.0027101117,0.004256987,0.004518943,0.0061046868,0.00704642,0.007726259,0.007811736,0.007911736,0.008011736,0.008111736,0.008211736,0.0083117355,0.012794504,0.013335665,0.014913214,0.015105023,0.018172063,0.020014195,-0.015737606,-0.011368252,-0.00919203,-0.0057168202,0.0059677544,0.008911194,0.0105069475,0.015845928
2017-05-15,0.004848262,-0.019323975,-0.017072469,-0.016124088,-0.015609353,-0.014094897,-0.013022199,-0.01244635,-0.012346351,-0.010771003,-0.010342354,-0.008295108,-0.008195108,-0.008095108,-0.006648098,-0.00627559,-0.0058649983,-0.005212017,0.0015786418,0.0016786418,0.0031264713,0.003959874,0.0054605505,0.0066799396,0.0067799394,0.007397439,0.008086714,0.008123339,0.010418947,0.013006491,0.013367745,0.014894861,0.015420237,0.017607873,0.020034987,-0.015824579,-0.012941998,-0.010400224,-0.0064591626,0.0034247139,0.008133551,0.011011145,0.015782392
2017-05-16,0.008407984,-0.019175928,-0.017215071,-0.015947115,-0.015779907,-0.013078421,-0.0129784215,-0.012714454,-0.01004954,-0.00994954,-0.008092573,-0.007824535,-0.006242565,-0.005841929,-0.005741929,-0.0056419293,-0.005098185,-0.004645747,0.0005398951,0.00082833675,0.0010032614,0.0019991377,0.0022974957,0.0023997119,0.0031972907,0.0043479376,0.0044479375,0.006750502,0.008205005,0.012193186,0.013134955,0.014969041,0.01738679,0.017680788,0.019924099,-0.015645549,-0.012327814,-0.008641006,-0.0057904655,0.0015135843,0.0055977665,0.009796685,0.015580413
2017-05-17,0.0055303746,-0.018818786,-0.017113948,-0.015869092,-0.0154011585,-0.014046054,-0.013034921,-0.010224748,-0.0075098015,-0.0074098017,-0.007309802,-0.007209802,-0.007109802,-0.0064958977,-0.006181438,-0.0046328646,-0.004532865,-0.0033990215,0.0027428835,0.0029496192,0.003312823,0.003353585,0.0038247344,0.0040151374,0.0043561724,0.005213339,0.005256321,0.008947442,0.009027622,0.012913458,0.0130196735,0.015789853,0.018360928,0.018460928,0.01981265,-0.015682975,-0.010809673,-0.0082920445,-0.005191198,0.0033430164,0.006982822,0.010901154,0.015999313
2017-05-18,-0.00028747378,-0.018984899,-0.016952626,-0.016025951,-0.015678056,-0.014233763,-0.012613725,-0.010284785,-0.007913664,-0.0067593413,-0.0066593415,-0.0064244145,-0.0063244146,-0.006224415,-0.006124415,-0.006024415,-0.0056960685,-0.005177549,0.0037604836,0.0046152077,0.0065703364,0.0066703362,0.006770336,0.006870336,0.0069703357,0.007024512,0.007124512,0.0071902205,0.008501659,0.012970744,0.0132697495,0.015313494,0.015483219,0.017887471,0.019691838,-0.015692614,-0.010719493,-0.0079471115,-0.005889372,0.00571734,0.00816523,0.010254071,0.015826661
2017-05-19,0.0053183394,-0.01925034,-0.016719023,-0.015956646,-0.015103926,-0.013857752,-0.013183093,-0.010711713,-0.007447328,-0.006332202,-0.0057727047,-0.005672705,-0.005572705,-0.0054727052,-0.0053839646,-0.0051301387,-0.005030139,-0.004732489,0.003053924,0.0037069255,0.00603273,0.0066696615,0.0067696613,0.006869661,0.006969661,0.007069661,0.0071696606,0.007622408,0.009176858,0.013546078,0.013646077,0.015240949,0.017303823,0.018166928,0.019686598,-0.015622827,-0.010726197,-0.0074897073,-0.0051898872,0.0052865804,0.008375494,0.010963766,0.016057327
2017-05-22,0.004080428,-0.018816123,-0.016233405,-0.016084762,-0.015656305,-0.014186077,-0.012971813,-0.009885194,-0.008336507,-0.0070540337,-0.006954034,-0.006854034,-0.006754034,-0.0066540344,-0.006626834,-0.005740752,-0.004428643,-0.0041400306,0.002880414,0.0031750728,0.0052435356,0.0053435354,0.0054435353,0.005543535,0.005643535,0.005743535,0.0058435346,0.0067216516,0.008260836,0.012525555,0.013252159,0.015909098,0.016009098,0.017960131,0.019759972,-0.015572744,-0.010866461,-0.0083340835,-0.0055580586,0.0044572186,0.007195562,0.009872136,0.015881384
2017-05-23,-0.0033701735,-0.019034715,-0.0168031,-0.015982501,-0.015789267,-0.013758804,-0.012917542,-0.010680122,-0.0077791912,-0.007133848,-0.007033848,-0.0069338484,-0.0068338485,-0.0067338487,-0.0062763775,-0.0061763776,-0.0059134183,-0.0058134184,0.00353385,0.00363385,0.0053797713,0.0062389127,0.007837498,0.007937497,0.008037497,0.008137497,0.008237497,0.008337497,0.00973779,0.013671129,0.013912262,0.015472104,0.017048862,0.017757215,0.019742694,-0.015660685,-0.01089864,-0.008259656,-0.0062226886,0.0053647766,0.0091842245,0.011406555,0.01611108
2017-05-24,-0.0020181732,-0.018982839,-0.017037597,-0.015994865,-0.015330568,-0.013396286,-0.013094199,-0.010359408,-0.008448655,-0.006401971,-0.006301971,-0.0061487867,-0.006048787,-0.005948787,-0.005936626,-0.0052048448,-0.004204238,-0.004104238,0.0025816022,0.0028476403,0.003961927,0.0052247997,0.0074837054,0.007651206,0.010006215,0.010106215,0.010115404,0.010579904,0.010679903,0.012338713,0.013173157,0.015108914,0.01776461,0.017919617,0.019792074,-0.015568298,-0.010859819,-0.00796848,-0.005119747,0.004924437,0.009631949,0.012295706,0.015666496
2017-05-26,-0.00050126325,-0.019638447,-0.01719258,-0.015972173,-0.01563711,-0.013335828,-0.01265543,-0.010499322,-0.008673408,-0.006750231,-0.0056250463,-0.0056152316,-0.00513653,-0.00503653,-0.0049365303,-0.0048365304,-0.0047365306,-0.0046365308,0.0058169616,0.006168793,0.0070760823,0.00949721,0.01130295,0.012258171,0.012358171,0.0127745,0.013207423,0.014265899,0.014365898,0.014465898,0.014565898,0.01524055,0.01798551,0.018062733,0.019797806,-0.01569188,-0.010910113,-0.007425389,-0.0049522705,0.008183444,0.013013484,0.014858125,0.016426578
2017-05-29,0.0009642609,-0.019574678,-0.01720174,-0.01614141,-0.015956143,-0.013544929,-0.012835455,-0.0103583215,-0.008341797,-0.007338579,-0.0061483723,-0.0060483725,-0.0059483727,-0.005848373,-0.005748373,-0.005648373,-0.00510512,-0.0050051203,0.004912595,0.0049155755,0.006219502,0.0068854634,0.0077467035,0.007846704,0.007946704,0.008077781,0.00821781,0.00831781,0.008410379,0.012564272,0.0136515135,0.016122183,0.018054625,0.018154625,0.019705784,-0.01582259,-0.011003112,-0.007824474,-0.0055110715,0.006175968,0.008910654,0.011112979,0.016039675
2017-05-30,0.00025936394,-0.018949823,-0.016975004,-0.01593751,-0.01582287,-0.0133360615,-0.0128143225,-0.01120188,-0.01110188,-0.008388325,-0.0067795594,-0.0066795596,-0.0065795598,-0.00647956,-0.006197919,-0.0050276364,-0.0037839776,-0.0036839775,0.004398362,0.0045117866,0.005099716,0.006096597,0.0070665353,0.007166535,0.007266535,0.007366535,0.0074665346,0.0075665344,0.007851201,0.012343126,0.013149903,0.014725575,0.016586736,0.01809465,0.019682236,-0.015579617,-0.011888783,-0.008750977,-0.0050746137,0.005474599,0.008301853,0.010362826,0.015599099
2017-05-31,0.004786139,-0.019090299,-0.017070891,-0.015905458,-0.015295731,-0.013883464,-0.013113553,-0.009933801,-0.0091425,-0.008024288,-0.0079242885,-0.0078069246,-0.007706925,-0.0071919695,-0.0069072777,-0.0055744024,-0.004110472,-0.004010472,0.002607836,0.002988165,0.0052403063,0.005340306,0.007172749,0.0072249053,0.007324905,0.00796586,0.00806586,0.00816586,0.009646328,0.014686281,0.014786281,0.015200239,0.017074127,0.017937073,0.019790826,-0.015690789,-0.011223921,-0.009015848,-0.00568191,0.004700304,0.00904313,0.011527691,0.01648014
2017-06-01,-0.0020311992,-0.019292766,-0.017068805,-0.015800918,-0.015533444,-0.013378038,-0.012958881,-0.009714146,-0.0073677045,-0.0069292895,-0.0068292897,-0.006192467,-0.0058558225,-0.0057718568,-0.0054448796,-0.0043862667,-0.002853408,-0.002753408,0.003006563,0.0033445791,0.0035062798,0.005556201,0.005656201,0.0057562008,0.0058562006,0.0059562004,0.0060562002,0.007205841,0.0077807344,0.012877726,0.013419808,0.015387452,0.017231034,0.017512226,0.019784547,-0.015646387,-0.010554187,-0.007756711,-0.0043260856,0.004253965,0.0074904338,0.0102303075,0.015796352
2017-06-02,0.005021482,-0.0195838,-0.01715793,-0.016043391,-0.015722895,-0.01363952,-0.012834674,-0.0120859835,-0.010059629,-0.009929936,-0.009354943,-0.009254944,-0.00848454,-0.008250338,-0.0070287725,-0.006058943,-0.004000681,-0.0029145693,0.0048987716,0.0053137806,0.00548123,0.0057484014,0.0063707083,0.006855861,0.0069558606,0.007382999,0.007482999,0.007582999,0.008330403,0.012682762,0.013019534,0.015946211,0.016046211,0.018323587,0.019825308,-0.015787764,-0.012190723,-0.009796825,-0.0058515817,0.0056796083,0.008175066,0.010425074,0.01595948
2017-06-05,-0.0017895408,-0.01935694,-0.016719103,-0.016032062,-0.015315205,-0.013557137,-0.01278741,-0.010763949,-0.008455536,-0.008444212,-0.008344213,-0.008244213,-0.008144213,-0.007646526,-0.0075465264,-0.0056242095,-0.004383244,-0.004325253,0.004743054,0.00572911,0.008170553,0.00898271,0.009191601,0.0092916,0.0093916,0.0094916,0.0095916,0.0096916,0.0097916,0.012995425,0.013298365,0.014974848,0.016563484,0.017841488,0.019782279,-0.015547159,-0.011296635,-0.009075579,-0.0060246894,0.007403405,0.010132366,0.011726742,0.015778482
2017-06-06,0.001447866,-0.019374475,-0.01692725,-0.016056692,-0.015486327,-0.013140072,-0.013051609,-0.010617282,-0.008857484,-0.008757484,-0.008657484,-0.0085574845,-0.007893293,-0.0077932933,-0.0076932935,-0.0065826215,-0.0053554284,-0.0052554286,0.0040939664,0.0041939663,0.004651128,0.0071205227,0.0080617685,0.009372873,0.009472873,0.009572873,0.009672873,0.009772873,0.009872872,0.014042602,0.014142602,0.016059047,0.016159046,0.01794414,0.019806055,-0.0155959455,-0.011468111,-0.009250633,-0.006688851,0.005906491,0.010164598,0.011904053,0.01639889
2017-06-07,-0.0025418168,-0.019399475,-0.016546987,-0.0160268,-0.015566844,-0.013677848,-0.012864273,-0.010837668,-0.008932288,-0.008832288,-0.008732288,-0.008279169,-0.008179169,-0.007468589,-0.0058232797,-0.00507135,-0.00497135,-0.0038199667,0.0044222428,0.0055164667,0.006082452,0.007016077,0.0071369023,0.0072297393,0.0078653265,0.007965326,0.008065326,0.008303031,0.008403031,0.012755426,0.013305905,0.01577873,0.016892668,0.017904187,0.019713905,-0.015611085,-0.011498663,-0.009235322,-0.0055930233,0.006180513,0.008678084,0.010883897,0.01589163
2017-06-08,-0.001848203,-0.019323181,-0.017179592,-0.016072856,-0.015735067,-0.014583676,-0.013671036,-0.012718264,-0.010393457,-0.006974326,-0.005401717,-0.005301717,-0.0052017174,-0.0051017175,-0.005032024,-0.004932024,-0.004832024,-0.0047320244,0.0031166072,0.0032166073,0.0040274146,0.0060220775,0.0062283925,0.0063283923,0.006428392,0.006528392,0.006628392,0.008087599,0.008333956,0.012353037,0.013890647,0.015248573,0.016523344,0.0178617,0.019805271,-0.01609851,-0.011965987,-0.007953929,-0.004965963,0.0045622196,0.007905162,0.010385266,0.015831847
2017-06-09,-0.0024368267,-0.019569056,-0.016911633,-0.016075632,-0.015623378,-0.014064744,-0.012959938,-0.010853597,-0.008347263,-0.008247263,-0.007904244,-0.007804244,-0.007413446,-0.007313446,-0.0072880755,-0.006612148,-0.005839731,-0.0057397312,0.0021204364,0.0028173518,0.0041605905,0.0049758153,0.0063336496,0.0064336495,0.0070187594,0.007118759,0.007218759,0.0074384566,0.00883013,0.013809095,0.013909095,0.015194743,0.017141808,0.017717792,0.01975768,-0.01582575,-0.011296739,-0.008787667,-0.006656786,0.0042185904,0.008226722,0.01088765,0.01607768
2017-06-12,0.0012146926,-0.018784098,-0.016705869,-0.015926326,-0.015780013,-0.01397847,-0.012960051,-0.0108507,-0.008822628,-0.008330144,-0.008230144,-0.007277197,-0.0071771974,-0.0070771975,-0.0069771977,-0.006741305,-0.0052625984,-0.0051625986,0.003847488,0.0049667023,0.006420716,0.0077117835,0.0078117833,0.008696944,0.008969864,0.009069864,0.009169864,0.009421819,0.009820187,0.013979654,0.014079654,0.015197339,0.017358193,0.017887183,0.019795498,-0.0156417,-0.01137797,-0.008853444,-0.0062841796,0.00638331,0.009796013,0.011949943,0.016187865
2017-06-13,-0.00086621067,-0.019314336,-0.017248271,-0.016006734,-0.015503696,-0.014058034,-0.013051999,-0.012201645,-0.010703715,-0.009517303,-0.0074830116,-0.0067339465,-0.0056865746,-0.005464306,-0.0054253885,-0.0053253886,-0.005225389,-0.005125389,0.0038003777,0.004551866,0.0065264017,0.006939206,0.0077031143,0.007803114,0.007903114,0.007987315,0.008619561,0.009131726,0.009163855,0.0117067415,0.013374516,0.015736202,0.017390834,0.018000912,0.019824432,-0.015835267,-0.012296279,-0.008477921,-0.0055671004,0.0059441933,0.008866402,0.011202544,0.015728561
2017-06-16,-2.6801987e-05,-0.019952258,-0.017664263,-0.016857356,-0.015847486,-0.015449734,-0.012822573,-0.010435849,-0.008713681,-0.008613681,-0.0077556246,-0.0070084026,-0.006908403,-0.006354878,-0.0051003788,-0.005000379,-0.004718953,-0.0039804196,0.0031407885,0.00373592,0.0047482136,0.0060857055,0.007303911,0.0074039106,0.007992182,0.008092182,0.008192182,0.008292181,0.009310917,0.012512573,0.013319873,0.015204609,0.01763073,0.017835122,0.019734243,-0.016347263,-0.011488629,-0.008511032,-0.0051617064,0.005140562,0.008720951,0.011187716,0.015721284
2017-06-19,-0.0029794946,-0.020311357,-0.017684184,-0.01663269,-0.016013006,-0.014913665,-0.012946318,-0.012576954,-0.010827786,-0.009214371,-0.009114372,-0.009014372,-0.008269393,-0.008169393,-0.006112422,-0.005792565,-0.0044346303,-0.0023221883,0.0014403923,0.002170651,0.003139506,0.0036720359,0.005008482,0.005659255,0.0061055156,0.0062055155,0.0065469136,0.008291842,0.008572135,0.0122915665,0.013542832,0.014962662,0.01536983,0.017543064,0.019612761,-0.016373705,-0.0124396235,-0.009865453,-0.005535235,0.0033056203,0.0074913325,0.010214457,0.015590576
2017-06-20,-0.0032288455,-0.020257676,-0.017695153,-0.016378932,-0.015898379,-0.014004597,-0.013144888,-0.009390073,-0.0075312555,-0.0056439824,-0.004072268,-0.003972268,-0.0038722681,-0.003772268,-0.003672268,-0.003572268,-0.0034722679,-0.0033722678,0.0030845948,0.0035240194,0.004900753,0.0065985075,0.007950984,0.008050984,0.008515269,0.0093428735,0.009442873,0.009542873,0.009633973,0.012746618,0.013066094,0.014539262,0.016868435,0.01766516,0.019594803,-0.016200138,-0.0104178265,-0.00647859,-0.003612268,0.0053246287,0.0095268665,0.011646954,0.015522388
2017-06-21,0.0017043526,-0.020015141,-0.017595386,-0.016851548,-0.015985845,-0.014433377,-0.013025742,-0.01043076,-0.008535083,-0.0077912067,-0.00715503,-0.00705503,-0.005726005,-0.0055241766,-0.005424177,-0.0045586107,-0.004458611,-0.004358611,0.0031999534,0.0041943844,0.0059999963,0.007898539,0.0095502995,0.009650299,0.009750299,0.010192167,0.010292167,0.010392167,0.0104921665,0.012411038,0.013634864,0.015153919,0.015520511,0.017881166,0.019717459,-0.016211098,-0.011326868,-0.007993207,-0.0051710075,0.0062086345,0.010439194,0.01182161,0.015759688
2017-06-22,0.00039704036,-0.020268114,-0.017409641,-0.016365336,-0.015897539,-0.014809144,-0.012893516,-0.009822008,-0.008838401,-0.006307271,-0.005465433,-0.005182577,-0.0045463834,-0.0039376765,-0.0034331388,-0.0033331388,-0.0032331387,-0.0029489684,0.004300649,0.005125627,0.005275449,0.0056911875,0.006482489,0.0068051,0.0069305995,0.0069682645,0.0070682643,0.0070995,0.008801553,0.012431462,0.013239349,0.014974231,0.015478085,0.018022291,0.019691259,-0.016255591,-0.010845306,-0.0071362825,-0.0036261925,0.005464702,0.0079573635,0.010175773,0.015671719
2017-06-23,0.0044218255,-0.020022443,-0.01737279,-0.016391747,-0.016003137,-0.014787834,-0.012773652,-0.009348999,-0.008867708,-0.006337922,-0.0062379222,-0.0061379224,-0.0057365275,-0.0048308796,-0.00473088,-0.00463088,-0.00453088,-0.0038616168,0.0034111026,0.0038620513,0.0057968707,0.006363832,0.0064638318,0.007215306,0.007315306,0.007415306,0.0075153057,0.0076153055,0.009330025,0.012768434,0.013706347,0.01562795,0.01563522,0.018249273,0.019829387,-0.01619197,-0.010744005,-0.0076893372,-0.004778436,0.0053498326,0.008295637,0.010572858,0.016036278
2017-06-26,-2.0095633e-05,-0.020021617,-0.017384475,-0.016097037,-0.01591108,-0.014478627,-0.012992919,-0.009754538,-0.008194196,-0.0065297787,-0.0057778973,-0.004630198,-0.004350009,-0.0035938001,-0.0034938,-0.002419648,-0.002319648,-0.0008612246,0.004531644,0.004796814,0.005470002,0.0070117735,0.008136184,0.008236184,0.008336184,0.008436183,0.008536183,0.008636183,0.008833182,0.0125081595,0.01315271,0.01547348,0.017197423,0.017984081,0.019795818,-0.016157743,-0.010713694,-0.006981764,-0.0027449036,0.006029283,0.009190579,0.011142226,0.01578285
2017-06-27,0.011548452,-0.0200989,-0.017675607,-0.01659974,-0.015933245,-0.014139474,-0.013045028,-0.009497912,-0.00896117,-0.00810413,-0.008035093,-0.0071581104,-0.005052603,-0.0048160055,-0.004032163,-0.003932163,-0.0026886757,-0.0021263016,0.004193035,0.0048353504,0.0049780193,0.005956146,0.006248402,0.0070409477,0.0071409475,0.0072409473,0.008190355,0.008600843,0.009112406,0.012784476,0.013092956,0.015111994,0.016969638,0.018163165,0.019751662,-0.016178451,-0.011241596,-0.00798198,-0.0039874827,0.0054206992,0.008383123,0.011131545,0.01578085
2017-06-29,0.008247433,-0.020240536,-0.017658398,-0.016385285,-0.01604453,-0.014514589,-0.012837711,-0.009809017,-0.008832284,-0.007006467,-0.006620962,-0.0065209623,-0.006071382,-0.0060581686,-0.005958169,-0.005592933,-0.004584119,-0.0033587588,0.007241663,0.00778335,0.008077839,0.008208653,0.009687825,0.009787825,0.009887825,0.009987825,0.010087824,0.010199661,0.011092244,0.01353938,0.014131659,0.015210896,0.017293872,0.017779324,0.019753706,-0.016259152,-0.010974152,-0.008084102,-0.005202988,0.008239866,0.010640504,0.012442596,0.016082993
2017-06-30,-0.0007993422,-0.020026999,-0.017622698,-0.016889133,-0.015900834,-0.014395352,-0.0125367865,-0.0109506985,-0.008990568,-0.0070813564,-0.0066749384,-0.0065749385,-0.0064749387,-0.006374939,-0.0058582025,-0.005200674,-0.0048314193,-0.0035593167,0.001534817,0.00244347,0.0036431984,0.0037431985,0.0038431985,0.0039431984,0.004064329,0.0053931973,0.005493197,0.0068783863,0.009227229,0.012759131,0.013414363,0.01494424,0.017021911,0.017824713,0.019743312,-0.016096534,-0.011289708,-0.008210434,-0.00520491,0.0030858025,0.0065634223,0.01027597,0.015737152
2017-07-03,-0.0039007457,-0.020090636,-0.017349467,-0.016227335,-0.015994117,-0.014623764,-0.012292078,-0.009585743,-0.009485743,-0.009385743,-0.008293032,-0.007267171,-0.007167171,-0.006849731,-0.0059478935,-0.0035961038,-0.0034961037,-0.0024808478,0.0053751883,0.005475188,0.005575188,0.0065110233,0.007126273,0.007226273,0.007575446,0.008833581,0.0089335805,0.0090295,0.009440507,0.012757816,0.013217575,0.015485272,0.017228818,0.018010544,0.019780213,-0.016070012,-0.011395328,-0.008817551,-0.004557624,0.006102407,0.008994688,0.011478044,0.015850283
2017-07-04,-0.0016597369,-0.020255478,-0.017681228,-0.016261727,-0.015848197,-0.013884447,-0.013142483,-0.010970601,-0.0076193865,-0.007144234,-0.004879269,-0.004779269,-0.0047458396,-0.0043513644,-0.004265636,-0.003396354,-0.002237554,-0.0010117901,0.004984531,0.005084531,0.0051845307,0.005939352,0.007221025,0.007685173,0.007860586,0.009330267,0.009801278,0.009901278,0.010001278,0.0133382315,0.013438231,0.015508619,0.016995609,0.018145297,0.019811595,-0.016162366,-0.011027686,-0.006947668,-0.0031381205,0.005810706,0.009495194,0.0120075345,0.016048394
2017-07-05,-0.0010668548,-0.019925382,-0.017572528,-0.01628868,-0.015861375,-0.01419239,-0.012708523,-0.01235571,-0.0112768775,-0.010247218,-0.010147219,-0.009142152,-0.008976444,-0.0074795308,-0.00691045,-0.0046060653,-0.0035209763,-0.001983949,0.0042632082,0.0044376813,0.004847192,0.005633926,0.00657783,0.007133553,0.0072335526,0.0073335525,0.0073891943,0.00797075,0.00807075,0.012423134,0.013333824,0.015127993,0.017672807,0.01824487,0.019811874,-0.016052041,-0.012575401,-0.010117719,-0.005232719,0.005283112,0.008287764,0.010705328,0.01578834
2017-07-06,0.006265781,-0.020201778,-0.01760651,-0.0160576,-0.015719458,-0.014589421,-0.012797319,-0.012329542,-0.00968744,-0.009316768,-0.00918912,-0.008239938,-0.0063760243,-0.0060352776,-0.005439691,-0.0044395183,-0.0030665381,-0.0027917349,0.004311254,0.0044804905,0.00591544,0.00601544,0.00611544,0.0062154396,0.0063154395,0.0064154393,0.007764918,0.007864918,0.008674128,0.012746965,0.013692873,0.015065658,0.01578201,0.01829732,0.01978144,-0.016182898,-0.012037734,-0.008817036,-0.0047954842,0.0054076132,0.00787164,0.010566588,0.01591685
2017-07-07,-0.00096040213,-0.02005648,-0.017581722,-0.016315175,-0.015667032,-0.014502618,-0.012972887,-0.0106633045,-0.0075705415,-0.0074705416,-0.007370542,-0.007239285,-0.005674354,-0.005574354,-0.0049132477,-0.0044815866,-0.0041262214,-0.0034821597,0.0028859088,0.004122163,0.004222163,0.004322163,0.0044221627,0.0051325844,0.005595204,0.006141559,0.006241559,0.008026485,0.009490514,0.012349907,0.013539361,0.015344729,0.017594812,0.018099247,0.019719357,-0.016156148,-0.01099849,-0.0078325365,-0.0048485002,0.0042295204,0.0072145397,0.0107406555,0.01581052
2017-07-10,-5.0457573e-05,-0.02024739,-0.017817337,-0.016077846,-0.015912566,-0.0154981725,-0.012542774,-0.008782658,-0.0069981785,-0.0068981787,-0.006798179,-0.006701681,-0.005576861,-0.0049404884,-0.0048404885,-0.0047404887,-0.0028486266,-0.0022149817,0.0036035227,0.004873073,0.0053524505,0.0054524504,0.006165394,0.0070298924,0.007319779,0.009799572,0.0104759,0.0111259725,0.011225972,0.0137100825,0.013810082,0.015054903,0.015915262,0.0174999,0.019744113,-0.016403649,-0.010259927,-0.007371296,-0.0042692535,0.0053202556,0.009566182,0.012490638,0.015963817
2017-07-11,0.0030251443,-0.020280363,-0.017892988,-0.01604556,-0.01585876,-0.014761407,-0.013030039,-0.010108945,-0.009370901,-0.0060731256,-0.0053998847,-0.005299885,-0.005199885,-0.005099885,-0.0049998853,-0.0049291085,-0.003925018,-0.0032772752,0.0037306035,0.004749132,0.0048491317,0.0064509166,0.007961419,0.008638767,0.008738766,0.010595125,0.010715497,0.010815497,0.010915496,0.0128722275,0.013378591,0.015070872,0.015503942,0.016738579,0.019656243,-0.016364712,-0.010925714,-0.0076201186,-0.0044862344,0.00570371,0.010176607,0.012164531,0.0155433025
2017-07-12,-0.0016899735,-0.019924957,-0.01753317,-0.016101554,-0.015999442,-0.015129445,-0.012955138,-0.010973641,-0.009050996,-0.00675142,-0.0057877544,-0.0056877546,-0.005587755,-0.0055720704,-0.0050453837,-0.004714931,-0.0040959506,-0.0028446268,0.0046327934,0.004732793,0.0053968127,0.005615169,0.0065371282,0.0067837066,0.0068837064,0.007567241,0.008841463,0.008941463,0.009041463,0.012860467,0.013585841,0.014491636,0.016015863,0.01737833,0.019802721,-0.01630843,-0.01116655,-0.007790743,-0.004477729,0.0054522553,0.008538001,0.0111401435,0.015623799
2017-07-13,-0.0023294848,-0.020145616,-0.017623203,-0.016086547,-0.015572201,-0.014075544,-0.013005121,-0.009861955,-0.0094304485,-0.009330449,-0.007960915,-0.007834678,-0.0077346778,-0.0068171024,-0.0067171026,-0.0062312074,-0.0061419494,-0.0034708811,0.0054271696,0.006289356,0.006949699,0.008259411,0.008648763,0.008748763,0.009755844,0.010819546,0.010919546,0.011019546,0.011119545,0.013358366,0.013405415,0.015221031,0.016960593,0.017855575,0.019691952,-0.016084338,-0.011542904,-0.008989653,-0.0060791634,0.007336296,0.010518997,0.012675519,0.015906468
2017-07-14,0.005911813,-0.02021098,-0.017508734,-0.016244616,-0.01588139,-0.015381608,-0.012881062,-0.00980832,-0.00798509,-0.00788509,-0.007141042,-0.0066916943,-0.006426198,-0.0053072115,-0.0052072117,-0.0043918495,-0.0042918497,-0.00419185,0.003028113,0.003128113,0.0048386278,0.005773778,0.0058758347,0.008509807,0.008609807,0.010256411,0.01035641,0.01045641,0.01055641,0.013851156,0.013951156,0.015157035,0.015597331,0.017266335,0.019786987,-0.016372755,-0.010960836,-0.007948121,-0.004954891,0.0050756875,0.009789924,0.012163544,0.016002532
2017-07-17,0.0015357233,-0.020188907,-0.017717103,-0.016226297,-0.015851334,-0.014597784,-0.012968378,-0.010943848,-0.010843848,-0.010743848,-0.009449215,-0.009349215,-0.009249215,-0.0064479,-0.0058342754,-0.005340761,-0.0037762942,-0.0025977478,0.0021329257,0.0034566198,0.0058666635,0.0059666634,0.006066663,0.006166663,0.006266663,0.0063666627,0.0064447797,0.0065447795,0.007959998,0.012672668,0.01350697,0.015510216,0.017422197,0.01790397,0.019808937,-0.016264701,-0.012345244,-0.009791711,-0.005379659,0.004737907,0.0075634876,0.010208885,0.015880551
2017-07-18,0.009456679,-0.019877605,-0.01755645,-0.016088935,-0.015819117,-0.013831283,-0.012607302,-0.010456575,-0.009307034,-0.008045211,-0.007945212,-0.007845212,-0.0073760524,-0.006268176,-0.0055762203,-0.0046424754,-0.0046220394,-0.00425086,0.003666861,0.0042062914,0.0050318646,0.006362423,0.007844247,0.008200403,0.008466995,0.008566995,0.008666995,0.009036383,0.0091363825,0.012139936,0.01348943,0.015655586,0.015730675,0.017476656,0.019806787,-0.015938353,-0.011301011,-0.008700755,-0.005387361,0.0055468874,0.009157592,0.010942074,0.01571368
2017-07-19,-0.0052325367,-0.020118024,-0.017493898,-0.01613538,-0.015531363,-0.014403211,-0.012552886,-0.010430174,-0.010020936,-0.009920936,-0.009157783,-0.008859538,-0.008191629,-0.006683155,-0.0066458336,-0.0034613623,-0.0029677304,-0.0028116454,0.002233702,0.003969596,0.0051993453,0.0053433906,0.0054433905,0.006124144,0.007849666,0.007949666,0.00807924,0.00817924,0.010100141,0.012526084,0.012979231,0.015227366,0.015410694,0.017693916,0.019799575,-0.016019875,-0.011812063,-0.009321278,-0.004949222,0.00491914,0.0080445055,0.010859081,0.015645234
2017-07-20,0.01000814,-0.02026712,-0.01782716,-0.016302858,-0.015751496,-0.014362171,-0.0122963935,-0.010804424,-0.009808556,-0.009741975,-0.008532318,-0.008432318,-0.008158329,-0.0061652083,-0.005135238,-0.004054762,-0.0032600192,-0.002905331,0.004063158,0.0041631577,0.0045914114,0.006441735,0.007768904,0.009562925,0.0097033335,0.01132489,0.011679461,0.011779461,0.011879461,0.012456705,0.013346309,0.01511488,0.01775229,0.01785229,0.019433107,-0.016100869,-0.011790841,-0.008992161,-0.004757534,0.005792559,0.0105785765,0.013109475,0.015640657
2017-07-21,0.0018099241,-0.020340635,-0.017855726,-0.016051307,-0.015651247,-0.014590568,-0.012886846,-0.009203651,-0.009103651,-0.009003651,-0.0089036515,-0.008803652,-0.008703652,-0.008148509,-0.008048509,-0.0051714745,-0.0033947306,-0.0032947306,0.0058637196,0.0058985106,0.0059985104,0.00609851,0.00619851,0.0076223267,0.0077223266,0.008129291,0.008229291,0.008329291,0.009701482,0.012822854,0.0132454615,0.014316717,0.01560779,0.017933646,0.019807277,-0.016265005,-0.011249821,-0.009549262,-0.0057426193,0.0063163154,0.008620454,0.0109381415,0.01562519
2017-07-24,-0.0010795486,-0.020246854,-0.017821245,-0.016366765,-0.016061919,-0.014266282,-0.013124775,-0.010588043,-0.0084436815,-0.007956666,-0.007856666,-0.0072901878,-0.0068192757,-0.0063663265,-0.0054788245,-0.00315509,-0.0030550899,-0.0025417288,0.003261536,0.003962086,0.0050632334,0.0051632333,0.005263233,0.005363233,0.0054632328,0.0055632326,0.0055728434,0.006057453,0.00920557,0.013063756,0.013130076,0.01461312,0.015324273,0.017475994,0.019774133,-0.016304215,-0.011295986,-0.008522145,-0.004304184,0.0045826645,0.007062181,0.009844779,0.015611415
2017-07-25,0.001090274,-0.020070134,-0.017716318,-0.01620999,-0.015854448,-0.013974326,-0.013874326,-0.011052346,-0.008638295,-0.007481501,-0.007381501,-0.0048557753,-0.004682514,-0.004130486,-0.004030486,-0.0023888925,-0.0014629877,-0.0012800198,0.0042168414,0.00442418,0.0045241797,0.006145921,0.0073022516,0.0074022515,0.007571321,0.007691729,0.008161272,0.008261272,0.008470971,0.012458024,0.013549901,0.0154607715,0.01672947,0.0172143,0.019787086,-0.01629791,-0.011451292,-0.0077414243,-0.0028036325,0.005376489,0.0086231055,0.010816202,0.015694017
2017-07-26,-0.0019281026,-0.01999468,-0.017562807,-0.016122123,-0.01564241,-0.01505974,-0.013115363,-0.0096759,-0.009064459,-0.0075545656,-0.0074388497,-0.0065587237,-0.006458724,-0.0061618895,-0.0060618897,-0.0046433304,-0.0031821725,-0.0024527512,0.004681066,0.004781066,0.004881066,0.005307508,0.005407508,0.005507508,0.0065465905,0.0066465903,0.00674659,0.008040735,0.008117828,0.012725855,0.013957663,0.016704423,0.018553466,0.018594554,0.021100903,-0.016275,-0.011106482,-0.008447858,-0.0045797736,0.0052394597,0.0076656393,0.010836895,0.01661668
2017-07-27,0.0019581327,-0.019525627,-0.017308336,-0.016645683,-0.015846744,-0.014193487,-0.012048657,-0.011170804,-0.008767588,-0.008581878,-0.007571381,-0.007471381,-0.0064910906,-0.006327327,-0.0052862363,-0.0028608697,-0.0027608697,-0.0026199003,0.004668076,0.004768076,0.0052785086,0.0053785085,0.0054785083,0.0061189635,0.0062189633,0.006318963,0.006418963,0.006518963,0.009365252,0.013052718,0.013981258,0.016541151,0.017660461,0.018526835,0.020607442,-0.015784571,-0.011442922,-0.008241208,-0.004199852,0.005262426,0.0074976226,0.010603271,0.01654188
2017-07-28,0.008534793,-0.019934665,-0.017466383,-0.016949276,-0.015876615,-0.015331541,-0.014494029,-0.01193236,-0.011406439,-0.009386398,-0.008990378,-0.008860007,-0.008760007,-0.007686451,-0.004967889,-0.004867889,-0.0042953384,-0.0020611263,0.003793874,0.0038938741,0.0052510737,0.007192765,0.008522958,0.008622957,0.009031463,0.0097203795,0.009820379,0.010643671,0.010933541,0.013524792,0.014340799,0.015595686,0.016872184,0.018615145,0.021098454,-0.016620647,-0.012833701,-0.010267461,-0.00501045,0.0058326097,0.010206952,0.012358914,0.016634975
2017-07-31,0.0059583685,-0.020057332,-0.017598914,-0.016135762,-0.015876258,-0.014215176,-0.012065814,-0.010683141,-0.009827414,-0.008934387,-0.008842504,-0.008819281,-0.0074740183,-0.0073740184,-0.0069494112,-0.0046060435,-0.0025934135,-0.0024934134,0.0026210344,0.0027210345,0.003751524,0.0072032735,0.0073032733,0.007994161,0.008094161,0.009183635,0.009283635,0.010115544,0.012393179,0.01619266,0.01629266,0.016525408,0.01849581,0.018541927,0.020918397,-0.0159627,-0.011529302,-0.009116753,-0.0050923126,0.0048782057,0.010157855,0.013296166,0.01769421
2017-08-01,-0.002256186,-0.01990772,-0.017534988,-0.016208451,-0.01563565,-0.014476668,-0.012194755,-0.012094755,-0.011877577,-0.01090576,-0.0108057605,-0.010705761,-0.009249077,-0.008446184,-0.0071783415,-0.0037043118,-0.0036407863,-0.0011707734,0.00280226,0.0041549364,0.0042549362,0.005466099,0.0055660987,0.0060815043,0.006128683,0.0065870746,0.007729781,0.008603671,0.008934327,0.012995207,0.013625237,0.017004717,0.018638933,0.018738933,0.020689404,-0.015949955,-0.012656259,-0.010514671,-0.0052799946,0.0045613833,0.00796671,0.011380384,0.0166107
2017-08-02,0.005245296,-0.020264454,-0.017911581,-0.016232664,-0.01564446,-0.014196445,-0.014096445,-0.011321747,-0.011098654,-0.0105436025,-0.010443603,-0.009896748,-0.009667745,-0.00866714,-0.0076454175,-0.006179325,-0.006079325,-0.005979325,0.0036119162,0.0036537275,0.0043445225,0.005132028,0.0064897826,0.006492266,0.006953303,0.0070533026,0.0071533024,0.008173214,0.0091588525,0.01542193,0.015777968,0.016437292,0.01834153,0.01844153,0.020727113,-0.016422678,-0.012658623,-0.010794717,-0.007156028,0.004739099,0.0087260995,0.011649766,0.017361168
2017-08-03,0.0015627668,-0.020248355,-0.017849753,-0.016161053,-0.015939828,-0.014325546,-0.013097809,-0.012580102,-0.009806386,-0.009601928,-0.008569573,-0.007903435,-0.0078034354,-0.006442418,-0.0063118776,-0.004813118,-0.004116215,-0.0024350104,0.0033426916,0.0034013481,0.0049512084,0.005247955,0.006390685,0.006490685,0.006638442,0.007493255,0.00803123,0.00813123,0.008366647,0.012378974,0.0142183695,0.016766287,0.018697571,0.01879757,0.021102678,-0.016292257,-0.012249457,-0.009143924,-0.005115931,0.0047163293,0.008176966,0.011121131,0.016652774
2017-08-04,-0.0106463665,-0.020297442,-0.017543303,-0.015996706,-0.015986139,-0.014262036,-0.01293773,-0.01233012,-0.010432328,-0.0099092955,-0.009809296,-0.008842903,-0.008742903,-0.0086429035,-0.008542904,-0.008064612,-0.00741631,-0.007353372,0.0029830334,0.0036063993,0.0049388185,0.0057908464,0.006451833,0.007088861,0.009625649,0.009725649,0.010799656,0.011148859,0.011248859,0.013235677,0.013663239,0.015215655,0.016407412,0.018151732,0.020627903,-0.01620533,-0.012321236,-0.010113033,-0.00804402,0.0053889495,0.0095301755,0.012568092,0.01617884
2017-08-07,0.002880108,-0.020228807,-0.017597761,-0.017402088,-0.016614191,-0.015746592,-0.015646592,-0.014147525,-0.011591551,-0.009917123,-0.008821363,-0.008721363,-0.0078005837,-0.0067221774,-0.005904251,-0.0058135805,-0.0056404104,-0.0054891882,0.0017403213,0.0037812842,0.0045508565,0.006295793,0.006486014,0.0069104237,0.008144036,0.010285033,0.011349343,0.014148867,0.01733711,0.01743711,0.01753711,0.01763711,0.018421419,0.01848951,0.02104755,-0.017166788,-0.013740976,-0.010116453,-0.0063137584,0.0049024583,0.0110534895,0.015738769,0.018429678
2017-08-08,-0.0053334595,-0.019970084,-0.017572451,-0.016310064,-0.016023958,-0.014212035,-0.013679127,-0.010640102,-0.010540103,-0.010440103,-0.010340103,-0.0100661,-0.009966101,-0.006778295,-0.004498329,-0.0029135328,-0.001635589,-0.001362919,0.003358553,0.0041056504,0.00420565,0.0060944995,0.007131784,0.009190257,0.012012898,0.012112898,0.012212898,0.012734513,0.0128271105,0.01292711,0.013215832,0.015732015,0.017009566,0.018388582,0.020708563,-0.016291533,-0.0123219,-0.010260746,-0.0040952945,0.0059554502,0.010819313,0.01354224,0.016194422
2017-08-09,0.0019959342,-0.01965866,-0.017414732,-0.0161355,-0.015735485,-0.014112561,-0.012751271,-0.011865517,-0.0088066505,-0.008706651,-0.008606651,-0.008218392,-0.0074582244,-0.0060314606,-0.0030999295,-0.0010516843,7.888041e-05,0.00045368134,0.005238412,0.0061894,0.0070159133,0.009216073,0.010411554,0.010846812,0.013952412,0.014052412,0.014246089,0.015256054,0.018454397,0.018554397,0.018654397,0.018754397,0.018854396,0.018954396,0.020689098,-0.015934542,-0.011653118,-0.008730851,-0.0023674886,0.008322442,0.013824245,0.017073067,0.019121338
2017-08-10,0.00023830852,-0.0202009,-0.017862117,-0.016216742,-0.015919408,-0.01432467,-0.012691406,-0.011229034,-0.011129034,-0.009699043,-0.009599043,-0.008497902,-0.008375391,-0.006803256,-0.005178664,-0.004555533,-0.004213806,-0.003250374,0.0061596027,0.0062596025,0.0077435654,0.010257745,0.0120605305,0.013296666,0.013923504,0.014023504,0.014123504,0.014643631,0.01742854,0.01752854,0.01762854,0.01772854,0.017828539,0.01848324,0.021228496,-0.0161997,-0.012193051,-0.009719626,-0.0051392554,0.008868804,0.014310574,0.01631055,0.01851947
2017-08-11,0.005057027,-0.020137979,-0.017841121,-0.016053492,-0.015803687,-0.0145730525,-0.013556563,-0.011838711,-0.011743028,-0.009481131,-0.009381131,-0.009323729,-0.009123516,-0.008235243,-0.0072445837,-0.006309596,-0.005900942,-0.005800942,0.0033678631,0.0049588657,0.0071405405,0.0084266355,0.009876465,0.009976465,0.0102524515,0.01129208,0.011711273,0.013162649,0.013262649,0.013362649,0.013882266,0.016738681,0.01832338,0.018390037,0.020388018,-0.016382482,-0.012534586,-0.010407897,-0.006915958,0.0068292706,0.011534062,0.013964521,0.016552329
2017-08-14,-0.0020638618,-0.020061977,-0.01763036,-0.016215509,-0.015766144,-0.014938209,-0.012279385,-0.0097422935,-0.008045443,-0.0079454435,-0.007845444,-0.007745444,-0.007645444,-0.007545444,-0.0050105215,-0.0049556694,-0.0025575634,-0.0024575633,0.0041882577,0.006892062,0.0076972963,0.010577504,0.010724661,0.011696067,0.011871909,0.011971909,0.012361542,0.014967335,0.015067335,0.015167335,0.015267335,0.01629006,0.016692175,0.018523892,0.021052934,-0.016135214,-0.010845615,-0.008672232,-0.004545352,0.008245406,0.012905461,0.014851145,0.017260311
2017-08-15,-0.004268351,-0.020281,-0.017813822,-0.016177487,-0.01598765,-0.01477604,-0.012904837,-0.011559332,-0.010399826,-0.008037413,-0.007348379,-0.0072483793,-0.0071483795,-0.0043942146,-0.0019546389,-0.0015047058,-0.00063554733,-0.00043694724,0.0043527638,0.0051703732,0.006260869,0.008065781,0.010363099,0.0115003595,0.011600359,0.011700359,0.012641308,0.013525017,0.013625016,0.013725016,0.013825016,0.017066741,0.018710943,0.018810943,0.02102478,-0.01635267,-0.011815779,-0.008439127,-0.0023560436,0.0070900293,0.01216277,0.0144454595,0.0168905
2017-08-16,-0.0029055711,-0.020259373,-0.017583812,-0.015884824,-0.015819086,-0.014828281,-0.013025293,-0.009869404,-0.0087690465,-0.007920904,-0.007896336,-0.007731679,-0.0064782696,-0.0063782698,-0.00627827,-0.00617827,-0.0040078163,-0.0032165577,0.0030864617,0.004639785,0.005247373,0.0070286556,0.0071286554,0.008489459,0.0097469175,0.009846917,0.011316978,0.012834446,0.014596379,0.015473839,0.015573839,0.016967079,0.018560348,0.018660348,0.020849872,-0.016303169,-0.011093894,-0.008509443,-0.0054825186,0.0059498386,0.010754663,0.014556398,0.017504996
2017-08-17,0.0028608355,-0.020119766,-0.017506426,-0.015872674,-0.015791802,-0.014404877,-0.012146527,-0.009706273,-0.009606273,-0.00824205,-0.00814205,-0.007798344,-0.006388664,-0.0056661074,-0.0056520905,-0.0055520907,-0.0037996126,-0.0035009836,0.003823332,0.004601575,0.0066899084,0.008243448,0.008341942,0.00947342,0.01166242,0.01176242,0.01186242,0.014257811,0.01499477,0.01509477,0.01519477,0.015329054,0.016294725,0.018560776,0.020932755,-0.01599388,-0.011114759,-0.008389925,-0.0052606245,0.0070041367,0.011786073,0.014500899,0.017022425
2017-08-18,0.0010539484,-0.020258639,-0.017924879,-0.017244844,-0.017144844,-0.014779188,-0.014280145,-0.012743695,-0.012591218,-0.010002894,-0.0099028945,-0.009802895,-0.0097366385,-0.008783035,-0.0073859715,-0.0069184746,-0.0060512903,-0.0059512905,0.005135754,0.005828697,0.007303431,0.007403431,0.007900498,0.009083149,0.010010444,0.010042836,0.012275218,0.015168294,0.015643116,0.015743116,0.015843116,0.016640695,0.018482115,0.018553631,0.0210839,-0.016877538,-0.013372558,-0.011058786,-0.007221984,0.0071363514,0.011587578,0.0154623715,0.017572891
2017-08-21,0.0055113747,-0.02008048,-0.017659923,-0.01628459,-0.015825879,-0.014310166,-0.013041236,-0.011169746,-0.009761855,-0.009661855,-0.009329306,-0.009229306,-0.009136839,-0.00874158,-0.008007722,-0.007161897,-0.0070618973,-0.005062165,0.003644603,0.0043654703,0.0049485043,0.0069903615,0.008830122,0.008930122,0.009691358,0.010203501,0.010303501,0.0122697,0.012971574,0.013071574,0.013961797,0.016654681,0.018685702,0.018785702,0.02081255,-0.016183536,-0.011983857,-0.010002163,-0.0073045976,0.005928059,0.010661004,0.01346041,0.01665726
2017-08-22,-0.0042906096,-0.02017224,-0.017534727,-0.016070724,-0.015838314,-0.014428619,-0.012737994,-0.010450541,-0.010350541,-0.009432724,-0.009332724,-0.009232724,-0.009132724,-0.008551329,-0.0068588923,-0.0057361526,-0.0034373652,-0.0025251473,0.0052184337,0.0053184335,0.0054184333,0.0066325166,0.007915239,0.008843473,0.009432913,0.009532913,0.010757528,0.011424794,0.015027962,0.0151279615,0.015227961,0.016361374,0.016547296,0.018227095,0.020891188,-0.01614238,-0.011808505,-0.010021063,-0.0055580563,0.0064041456,0.010568876,0.013777109,0.017167117
2017-08-23,0.0033399074,-0.020265289,-0.01790518,-0.016388139,-0.015903002,-0.013707666,-0.012498485,-0.010106029,-0.008278875,-0.007946432,-0.0073425686,-0.0064119347,-0.0054017645,-0.0040066307,-0.0031774235,-0.0030774234,-0.0029774234,-0.0028774233,0.0052266615,0.0053266613,0.0063140444,0.007787768,0.009084806,0.010807253,0.010907253,0.011007253,0.011830441,0.014012087,0.014112087,0.014212087,0.014312087,0.01639904,0.016999902,0.018058004,0.020581724,-0.016055923,-0.011043591,-0.007505665,-0.0037043255,0.007112478,0.011824697,0.014233321,0.016712587
2017-08-24,-2.1184062e-05,-0.020124946,-0.017522033,-0.01613936,-0.016027914,-0.015201346,-0.0130187785,-0.012979735,-0.009541628,-0.009441628,-0.009341628,-0.009241628,-0.00894468,-0.0075654094,-0.0074654096,-0.005811443,-0.0057114433,-0.0053165313,0.0029643981,0.004225338,0.0050632646,0.0068162503,0.00691625,0.008387762,0.008487762,0.00871467,0.010483586,0.011517513,0.011617512,0.012821341,0.014023988,0.017421352,0.01863728,0.01873728,0.020900503,-0.016379002,-0.012224225,-0.009682425,-0.006709291,0.005511402,0.009671507,0.013015446,0.016780892
2017-08-28,0.014386075,-0.020163367,-0.017680299,-0.016782258,-0.01591372,-0.014309474,-0.012664451,-0.009740181,-0.008533735,-0.0070104385,-0.0069104386,-0.006810439,-0.006513753,-0.0061733183,-0.006023322,-0.0052344967,-0.0051913345,-0.0050913347,0.004611488,0.005054127,0.006757986,0.009474463,0.009574463,0.009892213,0.011587905,0.011687905,0.013244914,0.013344914,0.013444914,0.013544913,0.013644913,0.016335465,0.018243918,0.018390784,0.020889204,-0.016146261,-0.010946212,-0.008159139,-0.005670185,0.007497194,0.011608882,0.014364715,0.016561056
2017-08-29,0.0044005206,-0.02024467,-0.017757062,-0.0160504,-0.015362209,-0.013813844,-0.012436314,-0.012336314,-0.009079622,-0.008313628,-0.00791551,-0.006841257,-0.006014138,-0.004922576,-0.004822576,-0.004722576,-0.0046225763,-0.004390543,0.0033288503,0.004531122,0.0066345953,0.008006073,0.008507547,0.009059593,0.010703716,0.010803716,0.0112727815,0.011372781,0.012838945,0.012938945,0.013970328,0.017237063,0.018722184,0.018822184,0.02114995,-0.015922818,-0.011643255,-0.008073632,-0.0050799055,0.0066408715,0.010536516,0.013429128,0.016823694
2017-08-30,-0.008208232,-0.02020402,-0.017850704,-0.01589831,-0.01579831,-0.013881539,-0.012773986,-0.009942965,-0.0074014184,-0.0073014186,-0.0072014187,-0.0060914,-0.0060295924,-0.0059295925,-0.005785004,-0.0045176335,-0.0044176336,-0.004317634,0.001386989,0.0014164154,0.0055318954,0.005642518,0.005932978,0.0076565123,0.008272229,0.011590861,0.011690861,0.01179086,0.016751299,0.016851299,0.016951298,0.017051298,0.018339885,0.018439885,0.020832475,-0.016101712,-0.010663619,-0.007867201,-0.005025861,0.004450009,0.010764502,0.01508484,0.018025253
2017-08-31,-0.0028401029,-0.02010743,-0.01763224,-0.016151652,-0.015921947,-0.014937314,-0.014149077,-0.009822908,-0.008531115,-0.008431115,-0.008331115,-0.008289339,-0.007907015,-0.006762457,-0.0066530127,-0.004611332,-0.0036326267,-0.0035326267,0.003962928,0.0054114712,0.0069565503,0.0083039,0.008795892,0.012385878,0.012485878,0.012585877,0.014385635,0.014485635,0.014585635,0.0146856345,0.014785634,0.016791046,0.017304834,0.018301532,0.020953052,-0.016549602,-0.011417174,-0.009136156,-0.0053437874,0.007424145,0.012587783,0.015089475,0.01710338
2017-09-01,-0.0013020466,-0.020260453,-0.01786676,-0.016034303,-0.015909262,-0.014259607,-0.014159607,-0.012179902,-0.010284459,-0.010054427,-0.009954427,-0.009854428,-0.009764177,-0.009502915,-0.009006565,-0.0072415476,-0.0071415477,-0.007041548,0.0034821911,0.0045630224,0.0062756557,0.00813938,0.00823938,0.008893473,0.009043465,0.009590154,0.010325137,0.01324208,0.01334208,0.01344208,0.014148938,0.015396026,0.016339641,0.018014986,0.020897174,-0.016491137,-0.01254254,-0.010733117,-0.008057127,0.0063007427,0.010681434,0.013338204,0.01637984
2017-09-04,0.0032550902,-0.020017466,-0.017516907,-0.016641192,-0.015892081,-0.014612967,-0.014001081,-0.012998238,-0.012383123,-0.0105948225,-0.010494823,-0.010048599,-0.008231697,-0.0077677136,-0.007667714,-0.0052482635,-0.0043959664,-0.0030972755,0.0061661135,0.0062661134,0.009275033,0.0110944295,0.012422022,0.01498665,0.017791605,0.017891604,0.017991604,0.018091604,0.018191604,0.018291604,0.018391604,0.018491603,0.01877065,0.019294284,0.02055973,-0.0164081,-0.013323692,-0.0105756875,-0.0060915635,0.010118659,0.016336698,0.018267414,0.019005764
2017-09-05,-0.00044277546,-0.020184578,-0.017792284,-0.01617236,-0.016022544,-0.015408723,-0.013712937,-0.013590107,-0.012595062,-0.012495062,-0.0123950625,-0.012295063,-0.011002428,-0.0092007965,-0.009100797,-0.007089102,-0.0068041733,-0.006144185,0.0019231875,0.0033787638,0.0034787639,0.0062047597,0.008172306,0.008604993,0.008704993,0.011735152,0.011835152,0.011935152,0.012035152,0.01280045,0.013389055,0.01623756,0.01819731,0.018302117,0.020277994,-0.016624212,-0.0137131065,-0.011781258,-0.008286664,0.0047380934,0.010649611,0.013360644,0.016201435
2017-09-06,0.0025071707,-0.02017309,-0.017816221,-0.016329596,-0.01595125,-0.013914053,-0.013156503,-0.011634187,-0.011353474,-0.011212703,-0.011112703,-0.010442086,-0.010342086,-0.009869475,-0.009014684,-0.008914684,-0.008278264,-0.008178264,0.00063942914,0.0025559638,0.0036915664,0.0037915665,0.0040161577,0.0063313395,0.0064313393,0.0064928345,0.008426731,0.011758831,0.014333592,0.015084794,0.015184794,0.017317446,0.017417446,0.018563118,0.0203928,-0.016202223,-0.012737292,-0.011166848,-0.008965597,0.003421973,0.008736791,0.013404278,0.01730859
2017-09-07,0.007149392,-0.02022445,-0.017634107,-0.016209222,-0.0158139,-0.014365516,-0.013072551,-0.011103098,-0.009393304,-0.009147226,-0.008457952,-0.008357952,-0.008197743,-0.0078092837,-0.007550926,-0.005690919,-0.0049544517,-0.0045670713,0.0037065656,0.0048286333,0.0063419496,0.007993197,0.008401625,0.008577903,0.008677903,0.0096214535,0.009721453,0.0109386975,0.013084838,0.013184838,0.0141742015,0.016522286,0.018226342,0.018443804,0.02091037,-0.016222106,-0.011785081,-0.009386167,-0.0062242644,0.0063096494,0.010144902,0.013031234,0.0166471
2017-09-08,0.0010865987,-0.020310998,-0.017553348,-0.017140757,-0.016509844,-0.014788068,-0.013170738,-0.012296445,-0.011708645,-0.010586863,-0.010297514,-0.010197514,-0.008574567,-0.008474567,-0.0064477697,-0.0055341367,-0.0046084537,-0.00421723,0.003881279,0.0068556056,0.009875134,0.011828826,0.014229395,0.016980125,0.017080124,0.018020889,0.018120889,0.018220888,0.018320888,0.018420888,0.018520888,0.018620888,0.018720888,0.019085068,0.020931879,-0.016466599,-0.01298069,-0.010445206,-0.0062010204,0.009904194,0.017174438,0.018360889,0.019115921
2017-09-11,-0.0063283835,-0.019986665,-0.017548496,-0.017094119,-0.015912678,-0.015531491,-0.013722576,-0.0128205195,-0.010802354,-0.009949328,-0.009849329,-0.009332741,-0.0084926775,-0.00803959,-0.00793959,-0.00783959,-0.0077395905,-0.006401449,0.0042801052,0.004316088,0.0057818843,0.005881884,0.007342949,0.007442949,0.008346479,0.008446479,0.010019364,0.010119364,0.010648475,0.012823942,0.013583544,0.015899144,0.017904812,0.018253181,0.020789813,-0.016540382,-0.012877779,-0.010181306,-0.007850592,0.0057212883,0.009235137,0.012303191,0.016269926
2017-09-12,0.00036353836,-0.020255331,-0.017579919,-0.016252436,-0.015987758,-0.014182925,-0.012800598,-0.011192129,-0.011092129,-0.008979271,-0.008879271,-0.008290223,-0.007712705,-0.0071061864,-0.0050583463,-0.003959618,-0.0039167115,-0.0016667293,0.0047801184,0.005692774,0.005792774,0.00791521,0.008287944,0.009580906,0.010731022,0.011091418,0.011191417,0.013562608,0.017229958,0.017329957,0.017429957,0.017529957,0.018403413,0.018469015,0.020965029,-0.016161304,-0.012063312,-0.009518178,-0.004578326,0.0069823796,0.011970567,0.015543471,0.018344784
2017-09-13,-0.005811522,-0.020305485,-0.017881792,-0.016412687,-0.015951274,-0.01411198,-0.01300888,-0.012908881,-0.0123078255,-0.011846564,-0.011746564,-0.009927551,-0.009827551,-0.009066688,-0.0067612003,-0.0062019518,-0.004555496,-0.0036333073,0.006676016,0.0068331445,0.007151431,0.0076213903,0.009481882,0.010761912,0.012299281,0.012692875,0.013385571,0.014146803,0.014246803,0.014346803,0.014446802,0.01568999,0.01715262,0.018327584,0.020524275,-0.016251883,-0.013296967,-0.011191502,-0.006215901,0.008116253,0.012286055,0.0146557195,0.016667092
2017-09-14,-0.0010468938,-0.020349119,-0.017953353,-0.016310424,-0.015941137,-0.014508413,-0.012823698,-0.009720714,-0.008512932,-0.0072127273,-0.0071127275,-0.0070127277,-0.006912728,-0.006812728,-0.006508698,-0.0058426,-0.004487527,-0.0043875272,0.0057840925,0.0060181334,0.006921764,0.008430835,0.008681707,0.009381215,0.009578989,0.009699092,0.009799092,0.011376795,0.012153998,0.012684321,0.013727155,0.016286856,0.018016543,0.018186778,0.020477671,-0.016315144,-0.010916099,-0.0084349625,-0.0056478158,0.007346763,0.0103646265,0.01280615,0.016272556
2017-09-15,0.006060129,-0.020302903,-0.017905097,-0.01608886,-0.015615236,-0.01424024,-0.012990063,-0.010355573,-0.010228493,-0.008821082,-0.008351178,-0.008251178,-0.007307252,-0.0048633525,-0.0041931113,-0.0025592223,-0.0017100812,-0.0011800946,0.008082583,0.009192544,0.009292544,0.01094929,0.011834694,0.014753984,0.014853984,0.014953984,0.015053984,0.016691012,0.020030662,0.020130662,0.020230662,0.020330662,0.020430662,0.020530662,0.021075761,-0.016210709,-0.011696814,-0.008748068,-0.0035787374,0.010474189,0.015672868,0.018467396,0.020459682
2017-09-18,-0.0015901115,-0.01981586,-0.017392606,-0.01599406,-0.015722679,-0.014117878,-0.012839322,-0.009844268,-0.008937115,-0.0077746413,-0.0076746414,-0.0075746416,-0.007474642,-0.007374642,-0.007274642,-0.0071746423,-0.0069679976,-0.006867998,0.0007381437,0.0024896902,0.0038088576,0.0058184946,0.005839749,0.0068655643,0.00708899,0.007544093,0.008464712,0.010346729,0.013656822,0.015501726,0.015601726,0.016538285,0.018292263,0.018392263,0.020864757,-0.01597767,-0.011077882,-0.008860072,-0.007171984,0.003988835,0.009219572,0.01325245,0.017379751
2017-09-19,0.003398925,-0.020055464,-0.017516393,-0.016239448,-0.015899615,-0.013800706,-0.012893197,-0.012860734,-0.0108747035,-0.010774704,-0.010674704,-0.010574704,-0.010474704,-0.010374704,-0.008851505,-0.006974954,-0.0062534334,-0.0057297624,0.0049776146,0.0059300433,0.0070562502,0.008342383,0.009110823,0.009673924,0.00997705,0.010486546,0.010586546,0.012144725,0.012815325,0.0129952915,0.013021972,0.016634556,0.018212447,0.018355705,0.020547908,-0.016033074,-0.012728557,-0.011058403,-0.007676871,0.007256669,0.010882262,0.013350867,0.016311085
2017-09-21,-0.0028169856,-0.020070707,-0.017669635,-0.016020827,-0.015861291,-0.013731695,-0.013114674,-0.009666116,-0.009034333,-0.008075644,-0.0077123726,-0.0076123727,-0.007512373,-0.007412373,-0.0073965597,-0.0073857387,-0.006764706,-0.0066647064,0.0036028575,0.0045090946,0.0063487752,0.008096537,0.008750045,0.010017505,0.012018207,0.012118207,0.012889105,0.01387381,0.01397381,0.015955081,0.016055081,0.01615508,0.017404944,0.018505558,0.021120287,-0.0160896,-0.011182318,-0.008957225,-0.0071648164,0.006915094,0.012142929,0.014819349,0.017558217
2017-09-22,0.0018231698,-0.020200163,-0.017855735,-0.016968904,-0.016512735,-0.016015675,-0.015350594,-0.015250594,-0.014186789,-0.012748676,-0.010299331,-0.010199331,-0.009134148,-0.009034148,-0.008934149,-0.008497337,-0.0063988916,-0.003909544,0.0011203289,0.0032292313,0.004201782,0.008527831,0.010750114,0.010851875,0.011161843,0.01333795,0.015415901,0.017320897,0.020872483,0.020972483,0.021072483,0.021172483,0.021272482,0.021372482,0.021472482,-0.01718698,-0.014901112,-0.011601003,-0.00758785,0.0056482037,0.014646664,0.019170849,0.021212483
2017-09-25,-0.009781897,-0.02011462,-0.017833548,-0.016176468,-0.015744288,-0.014462865,-0.013025017,-0.010901181,-0.009546318,-0.008254932,-0.007068191,-0.0069681914,-0.0067186183,-0.0066186185,-0.0065186187,-0.0055066715,-0.0054066717,-0.005197961,0.005596321,0.006126665,0.0068095373,0.008152344,0.008448837,0.00975761,0.011747293,0.011847293,0.011947293,0.012720402,0.0151511105,0.01525111,0.01535111,0.016330793,0.017347744,0.018179474,0.021039475,-0.016236067,-0.011580783,-0.008595353,-0.005919623,0.0076864315,0.01160505,0.014483532,0.017230392
2017-09-27,-0.008907556,-0.020278836,-0.017945312,-0.016048603,-0.01582719,-0.014985382,-0.011080634,-0.010980634,-0.009548899,-0.009448899,-0.009348899,-0.009248899,-0.008829158,-0.008729158,-0.007660527,-0.0055851163,-0.003514107,-0.002088076,0.0046606064,0.0060060476,0.006681489,0.007954662,0.008301979,0.010693943,0.012552898,0.012652898,0.012872928,0.015094734,0.015194734,0.015294733,0.015394733,0.01604032,0.018376756,0.018542236,0.021036303,-0.01602347,-0.011421533,-0.00950735,-0.0056193452,0.007571141,0.012407659,0.015366778,0.017261665
2017-09-28,0.0025591878,-0.020164907,-0.017635882,-0.015968604,-0.015837481,-0.01420558,-0.011905848,-0.0100339735,-0.009852256,-0.009052665,-0.00835779,-0.0082577905,-0.008157791,-0.008057791,-0.007957791,-0.0064766984,-0.0062239114,-0.0051600677,0.0038194226,0.004849917,0.005649579,0.006115017,0.006440057,0.0080170585,0.008117058,0.010779572,0.010879572,0.01195208,0.01205208,0.01389478,0.013994779,0.016691381,0.017687786,0.018637225,0.020747397,-0.015949938,-0.011362669,-0.0092662955,-0.006815252,0.0057101985,0.01021671,0.013293261,0.016793111
2017-09-29,0.0030670613,-0.020350134,-0.017878944,-0.016167732,-0.015783077,-0.014836822,-0.0136388065,-0.01017883,-0.009945727,-0.009845727,-0.009745727,-0.0092453305,-0.009145331,-0.009045331,-0.008945331,-0.007728728,-0.0073808916,-0.006382481,0.0030476972,0.004191054,0.0053585414,0.005458541,0.005558541,0.005658541,0.0057585407,0.0076584416,0.0077584414,0.008693341,0.009311344,0.012804394,0.013646872,0.01604304,0.01733177,0.017936712,0.0206103,-0.016497556,-0.011955364,-0.010304185,-0.007936552,0.004762875,0.0080746515,0.011179859,0.016208265
2017-10-02,-0.005817814,-0.020159286,-0.017690634,-0.016041987,-0.015941987,-0.014293678,-0.012523497,-0.010836633,-0.010828775,-0.010486319,-0.00927775,-0.00917775,-0.00907775,-0.00897775,-0.0088777505,-0.008353602,-0.0075815897,-0.006474918,0.0044973283,0.005356192,0.0057447706,0.00613737,0.0064216023,0.0066517135,0.0067517133,0.006885711,0.0069041857,0.008204548,0.010360401,0.012804246,0.014300627,0.017588627,0.01854435,0.01864435,0.021035671,-0.016121816,-0.012143442,-0.010137105,-0.008093121,0.005697475,0.008193565,0.011363545,0.016874705
2017-10-03,0.0012445155,-0.020110935,-0.017599562,-0.016076624,-0.01587287,-0.014698533,-0.012077737,-0.010330607,-0.010230607,-0.00834557,-0.008245571,-0.008145571,-0.008062902,-0.007962902,-0.0065117595,-0.0063142832,-0.0057189777,-0.004844178,0.004426264,0.0049234172,0.0052680518,0.006311769,0.0074238954,0.008387811,0.008543635,0.008643635,0.009117558,0.0092175575,0.009317557,0.012951689,0.013038031,0.016710667,0.017281791,0.018217966,0.020823583,-0.016071927,-0.011412229,-0.009315943,-0.0063069537,0.0058946274,0.009324918,0.011577231,0.016348388
2017-10-04,0.00020195471,-0.020331575,-0.017793084,-0.015869822,-0.015769823,-0.014180126,-0.012903796,-0.012803796,-0.009570586,-0.009470586,-0.009370586,-0.009270586,-0.008249722,-0.008149723,-0.008049723,-0.0062792096,-0.0058797738,-0.0040571354,0.0043210913,0.0056595383,0.0070018843,0.008163769,0.0085450355,0.008771238,0.010022045,0.010122045,0.011616847,0.012547667,0.0136201475,0.013720147,0.013820147,0.01695366,0.017527096,0.01817419,0.020758675,-0.016195681,-0.012123717,-0.009648882,-0.0067072855,0.0070336657,0.010741227,0.01380638,0.016685363
2017-10-05,-0.0047514127,-0.020260723,-0.017891074,-0.016041657,-0.015941657,-0.015313789,-0.012928278,-0.012828278,-0.009834089,-0.008500434,-0.008400435,-0.008300435,-0.008200435,-0.008100435,-0.007742124,-0.0070878384,-0.0068399482,-0.0055483086,0.005360264,0.0061741252,0.007438335,0.008519821,0.009014907,0.010212962,0.010312961,0.011277952,0.011341462,0.011781529,0.01226282,0.012932193,0.013090156,0.017215146,0.018446092,0.018520333,0.020824675,-0.016467104,-0.0120265465,-0.009492734,-0.007103731,0.007561101,0.011043908,0.013352819,0.016516501
2017-10-06,0.00232526,-0.019914065,-0.017566463,-0.016146338,-0.01586022,-0.0139947925,-0.013092553,-0.010394485,-0.009168226,-0.00694487,-0.0068448703,-0.006426043,-0.0057383985,-0.0050897514,-0.0049897516,-0.0042352555,-0.0041352557,-0.0036359509,0.003991203,0.0044596544,0.0058489805,0.008194911,0.009181671,0.009281671,0.009990002,0.010090002,0.011940028,0.012040027,0.012140027,0.012845372,0.013860204,0.016951572,0.018236231,0.01857115,0.020901449,-0.01608562,-0.011149295,-0.00798676,-0.004684451,0.00649695,0.010687748,0.013440338,0.01662595
2017-10-09,0.00085195206,-0.020299943,-0.017708203,-0.016014406,-0.015728636,-0.014103651,-0.012691426,-0.009664522,-0.009070082,-0.0072477604,-0.0071477606,-0.0070477608,-0.0066128294,-0.0065128296,-0.0064128297,-0.00631283,-0.00621283,-0.0058456045,0.0017517051,0.0034116954,0.005106713,0.006719821,0.006819821,0.006919821,0.008024042,0.009064443,0.009736165,0.013648815,0.014633425,0.015271783,0.015371783,0.016337074,0.016437074,0.018314354,0.020738943,-0.01610637,-0.01093764,-0.008406986,-0.006366371,0.0050027953,0.0103449365,0.013945453,0.017206788
2017-10-10,0.0052045463,-0.019852916,-0.01755933,-0.01627414,-0.015796395,-0.014510814,-0.012726322,-0.010034827,-0.0092195235,-0.008132645,-0.008032645,-0.00751583,-0.0055503245,-0.0054503246,-0.005161953,-0.0046710344,-0.0045710346,-0.0033665881,0.0036738166,0.0040193936,0.0057503856,0.007992115,0.008431238,0.009970431,0.010024747,0.010530655,0.010773857,0.015006918,0.015106918,0.015206918,0.015306918,0.016477998,0.016850835,0.018596837,0.021089531,-0.016089156,-0.011277491,-0.008195828,-0.005057288,0.006292091,0.011829233,0.014589089,0.01733564
2017-10-11,0.003655198,-0.020009005,-0.017623078,-0.016030766,-0.015846498,-0.014150076,-0.013068372,-0.011036121,-0.008729264,-0.008136607,-0.008036607,-0.007882116,-0.007148612,-0.0053504906,-0.0045387703,-0.004117111,-0.0024789814,-0.0012289834,0.0032068158,0.0039185905,0.004206828,0.0073038572,0.007403857,0.007674906,0.009351207,0.009451207,0.011657475,0.0155201275,0.016137153,0.016237153,0.016337153,0.016796565,0.018303826,0.018313624,0.020864796,-0.016139407,-0.011400226,-0.008466669,-0.0040491926,0.00559746,0.01125745,0.015571147,0.017709857
2017-10-12,-0.0005931405,-0.020222379,-0.017767817,-0.016133698,-0.01583804,-0.013769356,-0.013038102,-0.011189648,-0.008909908,-0.008809908,-0.008709908,-0.008609909,-0.008509909,-0.007872062,-0.007443466,-0.006595633,-0.0038099957,-0.0028741972,0.0028723436,0.0040627876,0.005192658,0.006358566,0.007088561,0.0077189584,0.008586125,0.009812582,0.013023706,0.013123706,0.013223706,0.013323706,0.0134237055,0.016549392,0.018390788,0.018490788,0.021037223,-0.01612714,-0.011616252,-0.009407978,-0.0058666402,0.005414496,0.010213503,0.0142171215,0.016564962
2017-10-13,-0.00028719794,-0.020275932,-0.017926471,-0.016172465,-0.015907343,-0.013129721,-0.013029722,-0.010233554,-0.009428544,-0.008578397,-0.0074768397,-0.0068453862,-0.0050859395,-0.0049859397,-0.00488594,-0.004462284,-0.0039789444,-0.002607322,0.0040145135,0.0044338405,0.0051951846,0.0055219294,0.007456619,0.008597836,0.008697836,0.008797836,0.008897835,0.008997835,0.009386604,0.013021187,0.014012828,0.0165591,0.018568508,0.018668508,0.020870876,-0.016053837,-0.011488536,-0.008001396,-0.004555975,0.005572661,0.009374263,0.011774394,0.016626501
2017-10-16,-0.0023492482,-0.02018923,-0.017594272,-0.01616205,-0.015768442,-0.014177394,-0.012874868,-0.01035929,-0.008884942,-0.008784942,-0.0086849425,-0.008255711,-0.008155711,-0.008055711,-0.0064936723,-0.005836585,-0.005037412,-0.003393657,0.0052363956,0.006386006,0.008071456,0.009136592,0.011078698,0.011832548,0.011932548,0.012032548,0.0140204355,0.014168746,0.0151229985,0.015222998,0.015322998,0.016396193,0.016942007,0.01826887,0.02086712,-0.016120842,-0.011413218,-0.009331235,-0.0058034076,0.008152599,0.012867108,0.015095438,0.017215636
2017-10-17,-0.00470661,-0.020298488,-0.017960144,-0.016243279,-0.015812593,-0.014196572,-0.012149917,-0.011045341,-0.009416087,-0.0069133537,-0.0060682483,-0.0059682485,-0.005429081,-0.0053290813,-0.005037268,-0.0049372683,-0.0047899494,-0.0040365807,0.0046635596,0.0056945947,0.0074108806,0.009030091,0.010474145,0.010566973,0.010666973,0.011997722,0.012142836,0.012242836,0.012342836,0.012913505,0.013194822,0.016661359,0.018234996,0.01842116,0.021122262,-0.016083542,-0.0111535955,-0.0076784827,-0.004953863,0.0074932193,0.011639036,0.013575402,0.01646262
2017-10-18,0.0017001602,-0.020274188,-0.017724225,-0.016024638,-0.015735,-0.013981301,-0.012949644,-0.0098150885,-0.007822754,-0.00726982,-0.0065110833,-0.0063617234,-0.005412466,-0.004608629,-0.003725534,-0.003625534,-0.003525534,-0.0034255339,0.003963187,0.0040631867,0.0049507916,0.007518438,0.008048805,0.009499512,0.0095995115,0.009699511,0.010055625,0.010155625,0.010255625,0.0129409395,0.01405063,0.016816707,0.018534634,0.018634634,0.021054858,-0.01613287,-0.010776389,-0.0074609146,-0.004132772,0.0060190232,0.0100688785,0.012388489,0.016699553
2017-10-19,0.0058286856,-0.020104432,-0.017721457,-0.01606986,-0.015889477,-0.014267584,-0.012666297,-0.010452664,-0.008908266,-0.008808266,-0.008708267,-0.00855619,-0.0078017698,-0.00770177,-0.0076230434,-0.0061685485,-0.005220855,-0.004447844,0.0025684903,0.0045327866,0.0052834805,0.0053834803,0.00548348,0.0058303606,0.0061222343,0.006222234,0.007422657,0.007522657,0.008164807,0.010783049,0.013839853,0.016396392,0.01831919,0.01841919,0.020913417,-0.01612985,-0.01138107,-0.009157274,-0.006403296,0.0047780946,0.0071683563,0.010442472,0.016070379
2017-10-20,-0.0061642383,-0.020161912,-0.017681958,-0.016023012,-0.015871463,-0.014163691,-0.013274634,-0.009226839,-0.0072842715,-0.0065855086,-0.0064855088,-0.006356257,-0.006256257,-0.005727103,-0.005467117,-0.0041419105,-0.0040851454,-0.0039851456,0.0033257224,0.0040159975,0.0052051474,0.0059811044,0.0060811043,0.006181104,0.006281104,0.0069812033,0.007081203,0.007879676,0.009003588,0.012593126,0.013006489,0.01614929,0.018368848,0.018427994,0.020629387,-0.01623073,-0.010478852,-0.0078055547,-0.0048071155,0.004961815,0.007943243,0.010985288,0.016161257
2017-10-23,-0.00076497113,-0.02013441,-0.01764726,-0.016015157,-0.015783882,-0.014226493,-0.011962965,-0.009764537,-0.0068100123,-0.0056350897,-0.00553509,-0.004811766,-0.0038991985,-0.0037991984,-0.0036991984,-0.0035991983,-0.0034991982,-0.0033991982,0.0032188916,0.003743662,0.00475664,0.0052553774,0.005355377,0.005997132,0.006690386,0.006790386,0.009705607,0.010051615,0.012454974,0.013005251,0.013064935,0.016950067,0.01868656,0.01878656,0.021058807,-0.015951002,-0.010037552,-0.006401293,-0.003801712,0.0047329916,0.008239952,0.012780802,0.016573124
2017-10-24,0.00043568033,-0.019941967,-0.017862132,-0.016077584,-0.016071709,-0.013791718,-0.013036159,-0.009158336,-0.008466325,-0.007465373,-0.0072156307,-0.0067375856,-0.00648451,-0.0055215964,-0.0054215966,-0.0051874295,-0.0038248883,-0.003618788,0.003822052,0.004594269,0.0056941435,0.005696323,0.0069075627,0.007196909,0.0072969086,0.0073969085,0.0074969083,0.009122357,0.009222357,0.013087523,0.013119178,0.016879732,0.018723711,0.018823711,0.021221891,-0.016140739,-0.010840756,-0.008144843,-0.0049580573,0.0054207393,0.008742252,0.011530572,0.016626406
2017-10-25,0.00313978,-0.020090964,-0.017612815,-0.016573986,-0.015513434,-0.014115905,-0.012532413,-0.01076744,-0.008550633,-0.008292247,-0.007813242,-0.0073882802,-0.006420721,-0.0063680927,-0.004906363,-0.0035749925,-0.0020214429,-0.00074052735,0.0045777443,0.0048241424,0.005205367,0.006224878,0.006838438,0.006938438,0.007945283,0.008045283,0.008145283,0.011286728,0.011386728,0.012727083,0.013865078,0.01658485,0.018600903,0.018700903,0.020997165,-0.015973106,-0.011343343,-0.00833702,-0.003726321,0.005755483,0.009167193,0.012429345,0.016575016
2017-10-26,-0.00878002,-0.020140035,-0.017744662,-0.016318142,-0.015615035,-0.014083144,-0.013094062,-0.008914121,-0.007796213,-0.007696213,-0.0061755483,-0.0060755485,-0.005300061,-0.005200061,-0.005100061,-0.003883897,-0.0037095982,-0.0022559753,0.003350803,0.003450803,0.003550803,0.0036345741,0.0037345742,0.003819414,0.0056362515,0.0057362514,0.006921157,0.009116459,0.009216459,0.012682259,0.013025716,0.01635808,0.018216856,0.018316856,0.020912299,-0.016135389,-0.010763751,-0.007513189,-0.004205016,0.003924647,0.0070177913,0.011230638,0.01625904
2017-10-27,-0.010210416,-0.02017297,-0.017780552,-0.016075132,-0.015728993,-0.014813703,-0.014594676,-0.0115898615,-0.0070436196,-0.006165258,-0.004734395,-0.0046343952,-0.0045343954,-0.0044343956,-0.0043343958,-0.004234396,-0.004134396,-0.0027276105,0.002414516,0.002498227,0.0036476676,0.003930016,0.005422699,0.0057141464,0.0062741307,0.0069298972,0.007029897,0.008747258,0.009985677,0.013893573,0.013993572,0.01580293,0.018067008,0.018342288,0.020797852,-0.01661818,-0.011093711,-0.007068296,-0.0040130387,0.0037529115,0.008141515,0.011544684,0.016566044
2017-10-30,0.004007244,-0.020227043,-0.017657978,-0.016146885,-0.015744885,-0.015079522,-0.013692642,-0.012172896,-0.010513432,-0.010042728,-0.009874904,-0.009521097,-0.009288838,-0.008990947,-0.008890947,-0.007507035,-0.006668458,-0.005712862,0.0062775435,0.0063775433,0.006580046,0.006923826,0.008636384,0.008736384,0.009103566,0.009753664,0.009853664,0.009953664,0.0100536635,0.016654497,0.016754497,0.016854497,0.018695228,0.018795228,0.021062955,-0.016480414,-0.012513717,-0.010472153,-0.0076600807,0.007052505,0.010746919,0.013042143,0.018024335
2017-10-31,0.0018130579,-0.020197326,-0.017808244,-0.016165184,-0.015809564,-0.0144557655,-0.01278846,-0.0109625785,-0.010862579,-0.009800334,-0.009364223,-0.008706213,-0.008606213,-0.008506213,-0.0064123683,-0.00616257,-0.0048385873,-0.003306281,0.005662578,0.006476958,0.0065769576,0.0066769575,0.0074220495,0.0075220494,0.00796902,0.009847011,0.009947011,0.010047011,0.010147011,0.013067788,0.014040391,0.016995382,0.018605443,0.018705443,0.020576902,-0.016211871,-0.012115827,-0.010025538,-0.005885204,0.006672494,0.009581182,0.012362853,0.016677182
2017-11-01,-0.0026132232,-0.019909728,-0.017546147,-0.016130803,-0.015901865,-0.014162809,-0.013059166,-0.012959166,-0.0113977725,-0.01101632,-0.010916321,-0.0099891005,-0.009889101,-0.008805392,-0.0081710005,-0.0054382985,-0.003906899,-0.0034598564,0.0029136892,0.0030136893,0.0034654785,0.004225476,0.005839863,0.0059398627,0.0060398625,0.0069329124,0.0073713623,0.008873506,0.0091944365,0.012673017,0.014038711,0.016931042,0.018715652,0.018815652,0.02095624,-0.016115943,-0.012912646,-0.010813551,-0.0061930316,0.0039316393,0.008051832,0.011365595,0.016682932
2017-11-02,0.004643637,-0.019945707,-0.017744686,-0.016357012,-0.015889354,-0.014796457,-0.012367443,-0.012267443,-0.011528913,-0.011428913,-0.010837915,-0.0107379155,-0.00933226,-0.009327416,-0.008637897,-0.006217784,-0.005583524,-0.0042639566,0.004993534,0.005093534,0.005240728,0.0062695565,0.0075332364,0.008813491,0.008913491,0.009013491,0.009113491,0.010427055,0.010527055,0.012946085,0.013355888,0.017226664,0.017622126,0.018560642,0.02109327,-0.01614873,-0.012789944,-0.01067879,-0.007088215,0.0061021685,0.009746672,0.012127163,0.01663651
2017-11-03,-0.0047792126,-0.019980252,-0.0177364,-0.016888654,-0.015822208,-0.014280702,-0.013049758,-0.0104357265,-0.0075519653,-0.007098344,-0.0069711558,-0.006871156,-0.0066419914,-0.0065419916,-0.006441992,-0.0063363924,-0.0060491413,-0.0041251495,0.0017609328,0.0029380778,0.0031863453,0.0037292251,0.0038292252,0.0039292253,0.004349874,0.004622074,0.004867916,0.00720326,0.009278424,0.012656918,0.014217389,0.016260598,0.018399768,0.018499767,0.021067899,-0.016173864,-0.011004889,-0.008151373,-0.0059647663,0.003192891,0.006448141,0.010481257,0.016540516
2017-11-06,-0.002693793,-0.020203967,-0.017866563,-0.016330305,-0.016082153,-0.014811378,-0.014711378,-0.010874034,-0.0070147747,-0.006914775,-0.006814775,-0.006714775,-0.0066147754,-0.0065147756,-0.0064147757,-0.0036687832,-0.00237031,-0.00227031,0.005365182,0.005955632,0.006512284,0.006636298,0.0073885727,0.0074510146,0.008067581,0.008167581,0.010666204,0.0107662035,0.010866203,0.012806126,0.01483806,0.01666942,0.01771131,0.018553382,0.020959003,-0.016735086,-0.011169053,-0.008334096,-0.004287791,0.0065073953,0.0093159,0.012563209,0.0167652
2017-11-07,-0.0008570692,-0.02008685,-0.017854268,-0.016200077,-0.015884379,-0.014419976,-0.014319976,-0.010206283,-0.009585091,-0.009366236,-0.008791237,-0.00772656,-0.0070796493,-0.0069796494,-0.0055718026,-0.0035974619,-0.0022557925,-0.0019697002,0.005869949,0.0066044475,0.0067044473,0.007215149,0.0073151486,0.0077444445,0.007844444,0.007944444,0.008044444,0.008415388,0.008515388,0.012848855,0.014820237,0.016752949,0.018145407,0.018260628,0.020889396,-0.016513089,-0.011935532,-0.00935112,-0.004224263,0.006847687,0.008853656,0.011193897,0.016714413
2017-11-08,0.0008721747,-0.020117667,-0.017677575,-0.016271854,-0.01605967,-0.014225462,-0.013032227,-0.010564345,-0.008883524,-0.008285226,-0.008189618,-0.007926666,-0.007826666,-0.007181702,-0.0057624704,-0.004601018,-0.003993906,-0.0015398858,0.004849345,0.005187159,0.0058669373,0.0067239995,0.006730675,0.007305011,0.008676625,0.008776625,0.008837519,0.008937519,0.009037519,0.012782246,0.014805221,0.016771665,0.018370923,0.018411621,0.020755319,-0.01622252,-0.011407435,-0.009022748,-0.0047647892,0.006260813,0.008906415,0.011593145,0.016705215
2017-11-09,0.0033499282,-0.020286256,-0.017935947,-0.01590826,-0.015837096,-0.015229098,-0.0139819775,-0.012478532,-0.010011906,-0.00864314,-0.008141136,-0.008041136,-0.007941136,-0.007841136,-0.0072317724,-0.0050467323,-0.004752135,-0.003399096,0.0043641995,0.005112522,0.005154071,0.0067800325,0.007071247,0.007890486,0.008543157,0.008643157,0.008743157,0.0088431565,0.008943156,0.012593818,0.013083594,0.01623282,0.01806679,0.018128313,0.020711428,-0.016654074,-0.0122047635,-0.009583458,-0.005694174,0.0059907967,0.009008372,0.011438015,0.016149994
2017-11-10,0.0031929736,-0.019737877,-0.01746305,-0.015995774,-0.01566357,-0.014206703,-0.012721338,-0.010708922,-0.008555034,-0.00792055,-0.0065349964,-0.0064349966,-0.006334997,-0.006234997,-0.0054213777,-0.0042846217,-0.0021506078,-0.0020506077,0.005476404,0.0056780027,0.0062612784,0.0063612782,0.0063632564,0.0064986646,0.0076982453,0.007798245,0.007898245,0.010119019,0.010219019,0.012943074,0.014438232,0.017090164,0.018630633,0.018730633,0.021085594,-0.015958507,-0.011180324,-0.008076273,-0.0040684426,0.0062950416,0.008744451,0.011961998,0.01685754
2017-11-13,0.00025937028,-0.020132704,-0.017742628,-0.016045896,-0.015616364,-0.0143077,-0.013384634,-0.010337309,-0.009442127,-0.008515715,-0.008415715,-0.00727571,-0.006397088,-0.003933921,-0.003833921,-0.0037339209,-0.0028901654,-0.0011706055,0.0035606117,0.0039392365,0.004466632,0.0052260812,0.005326081,0.0058163,0.006662871,0.0072051696,0.0090011135,0.009101113,0.009274171,0.0124891335,0.013067216,0.01694506,0.018419635,0.018582609,0.021227697,-0.016236806,-0.011545137,-0.008314697,-0.0037808646,0.0047710864,0.00798756,0.011657033,0.016462343
2017-11-14,0.0077797645,-0.020091204,-0.01765407,-0.016032388,-0.015905958,-0.0140625695,-0.013194945,-0.009399465,-0.008186371,-0.005854651,-0.0050517954,-0.0049517956,-0.0048517957,-0.004751796,-0.004651796,-0.0042246752,-0.0038451513,-0.0035407734,0.0044434424,0.0045434423,0.0048758085,0.005546748,0.0069038887,0.007167067,0.0072670667,0.008105886,0.008205886,0.008506577,0.009821748,0.012891597,0.013048439,0.016580215,0.018282365,0.018382365,0.02063272,-0.016181748,-0.010533564,-0.0072073406,-0.0042428384,0.005335302,0.008715004,0.011541635,0.016307067
2017-11-16,0.0015448942,-0.019974466,-0.017456245,-0.016019646,-0.015793229,-0.014914079,-0.012865134,-0.011417864,-0.009453067,-0.008395578,-0.0069814683,-0.0068814685,-0.0043787337,-0.004278734,-0.0029141624,-0.0028141623,-0.0017782057,-0.00090680877,0.0027119953,0.0027447776,0.0032261212,0.0037799985,0.003792305,0.0041215788,0.0042215786,0.005958518,0.006353965,0.006453965,0.008907753,0.012260846,0.014944891,0.016713114,0.018417116,0.018511808,0.020936891,-0.01620063,-0.011630258,-0.0075914273,-0.0030589614,0.003336894,0.0065174424,0.010478729,0.016673509
2017-11-17,0.00062832475,-0.020088853,-0.017843021,-0.01617614,-0.015829094,-0.014272847,-0.012931839,-0.010207451,-0.008116495,-0.008016495,-0.007818415,-0.00597645,-0.0057961307,-0.005696131,-0.0045550233,-0.0034087982,-0.003075892,-0.0013946125,0.0059922044,0.0060922042,0.006192204,0.006292204,0.007714578,0.007814578,0.008611707,0.008711707,0.012431998,0.013195904,0.013295904,0.013395904,0.013495903,0.017005434,0.018412583,0.018441623,0.020544821,-0.016193131,-0.011089684,-0.008071802,-0.0036821552,0.0066361045,0.010166535,0.014146459,0.016576737
2017-11-20,-0.002788015,-0.019999282,-0.01753619,-0.015956031,-0.015856031,-0.01413263,-0.013043393,-0.011939102,-0.011015778,-0.010878874,-0.009052617,-0.008673743,-0.007677031,-0.00696278,-0.006313452,-0.0043434757,-0.0031526962,-0.0016255123,0.003197669,0.0038813865,0.004694117,0.0047941166,0.0048941164,0.0049941163,0.0064936336,0.0065936334,0.008141448,0.010529017,0.010629017,0.012708148,0.013153765,0.01654941,0.01664941,0.018396102,0.020592585,-0.016113505,-0.012566635,-0.00955032,-0.004821776,0.0046121846,0.007943806,0.011731409,0.016280001
2017-11-21,-0.0019639216,-0.020137819,-0.017696217,-0.016200129,-0.015598765,-0.01451673,-0.012950629,-0.009088276,-0.008988276,-0.0077757705,-0.00745042,-0.00735042,-0.0072504203,-0.0070732767,-0.006058703,-0.005406434,-0.0029610603,-0.0020742812,0.0034614862,0.004531913,0.004950645,0.0050506447,0.0051506446,0.005316569,0.0054048817,0.0069619506,0.0074199615,0.0083123185,0.008851494,0.012408076,0.012738792,0.016861714,0.018668486,0.018768486,0.021055201,-0.016180031,-0.0110006165,-0.008742604,-0.00477018,0.004679914,0.0076299114,0.011132067,0.016366454
2017-11-22,0.005193226,-0.019910796,-0.017515788,-0.016200542,-0.015889922,-0.014008558,-0.013105904,-0.008659348,-0.0073716715,-0.0068780473,-0.0067780474,-0.0059256423,-0.0058256425,-0.0055054063,-0.004859043,-0.0037053598,-0.0026286677,-0.0025217915,0.004567643,0.0052729924,0.005564421,0.005664421,0.0059159137,0.0066662957,0.0067662955,0.009065975,0.009305142,0.009669075,0.009769075,0.012311536,0.013117766,0.016984684,0.01853644,0.018636439,0.02118064,-0.016086195,-0.010443103,-0.0077173347,-0.0039281007,0.005567155,0.008725759,0.011918252,0.016446214
2017-11-23,0.0048202653,-0.020141946,-0.017725216,-0.015929168,-0.0159157,-0.014301673,-0.0130221285,-0.010314503,-0.008223528,-0.008193449,-0.008011847,-0.007911847,-0.007495635,-0.0065987483,-0.006155484,-0.004291802,-0.002709099,-0.0022008154,0.003512911,0.003855402,0.0052698497,0.0053698495,0.0054698493,0.005569849,0.005669849,0.005769849,0.0077510825,0.008258705,0.008358705,0.011419119,0.014497012,0.016688403,0.01768116,0.018466601,0.020995567,-0.016221333,-0.011136556,-0.008670378,-0.004653809,0.0047355723,0.007297474,0.010693754,0.01641334
2017-11-24,0.007662744,-0.020127784,-0.017677646,-0.016145987,-0.015864722,-0.014034037,-0.013118038,-0.010199649,-0.007837584,-0.007489309,-0.0073893094,-0.0072893095,-0.006611301,-0.005941314,-0.00445873,-0.0031534873,-0.0012853397,0.00021448238,0.002713588,0.0028135881,0.0037336382,0.0050365874,0.005044319,0.0052053095,0.0061743017,0.006444173,0.00843523,0.010408895,0.010508895,0.012518751,0.013066967,0.01706234,0.018624492,0.018724492,0.020973377,-0.016164446,-0.010958115,-0.00817951,-0.0031944767,0.004094341,0.007924289,0.012099253,0.016469184
2017-11-27,-0.0012702567,-0.02012815,-0.017854426,-0.016193204,-0.015681844,-0.014166571,-0.012951309,-0.0102000525,-0.0083502615,-0.008250262,-0.007528931,-0.007428931,-0.0073289312,-0.0061947736,-0.0050757336,-0.0036474196,-0.002161903,-0.0005744664,0.0032945983,0.0033945984,0.0036997523,0.0037997523,0.0040385122,0.0056514004,0.0057514003,0.0058514,0.0063131605,0.007551556,0.008093366,0.012707657,0.013164359,0.015740123,0.01708289,0.018391937,0.020964475,-0.016156461,-0.011189018,-0.008470841,-0.003777691,0.00398802,0.007160105,0.010349726,0.01619371
2017-11-28,-0.0041721594,-0.02018264,-0.01753013,-0.016135825,-0.015432147,-0.013872377,-0.013772377,-0.010827458,-0.008762816,-0.008582095,-0.008482095,-0.008382095,-0.008184612,-0.008084612,-0.0072675287,-0.0056091505,-0.0044743665,-0.0036359283,0.0038019565,0.0042259246,0.0043872427,0.004646206,0.0068308003,0.007017932,0.0071179317,0.007157924,0.007257924,0.010055334,0.010155334,0.012926286,0.013276245,0.016936477,0.018484924,0.018528856,0.020705102,-0.016157934,-0.011616114,-0.009457302,-0.0058738138,0.0048358524,0.008797656,0.011775961,0.016474593
2017-11-29,-0.0016737499,-0.020101797,-0.017607776,-0.016158763,-0.015963687,-0.014131028,-0.012327752,-0.0096138185,-0.0069092754,-0.0049617705,-0.004476688,-0.004376688,-0.004276688,-0.0041766884,-0.0041363784,-0.0037506497,-0.0033180125,-0.0032180124,0.0043027806,0.0044027804,0.004981925,0.006196142,0.006296142,0.007947315,0.009456822,0.009479224,0.0102546215,0.010995958,0.011095958,0.012615832,0.015411744,0.017070085,0.018704444,0.018804444,0.02095908,-0.016026407,-0.009994276,-0.0064334185,-0.003759948,0.00586809,0.009466894,0.012733363,0.016972236
2017-11-30,0.0061395112,-0.020099977,-0.017705685,-0.01597942,-0.015833022,-0.013768616,-0.012917816,-0.010503278,-0.007706368,-0.0063275285,-0.006118564,-0.006018564,-0.0059185643,-0.005414644,-0.0038332394,-0.0033838386,-0.0032838385,-0.0031838384,0.0022242656,0.0027445015,0.00479814,0.0048981397,0.0064140176,0.007866769,0.007966769,0.010085487,0.010185487,0.0102854865,0.010385486,0.012477268,0.014716631,0.016970009,0.018668199,0.018768199,0.021204492,-0.016065022,-0.010686883,-0.0076151914,-0.0039406638,0.004526363,0.009425806,0.012400386,0.016827319
2017-12-01,-0.004756464,-0.02016257,-0.017552938,-0.015992917,-0.015701525,-0.014181989,-0.013055188,-0.009848543,-0.009406064,-0.008340313,-0.008240313,-0.008140313,-0.007496805,-0.0063143433,-0.00618697,-0.005261785,-0.0048759496,-0.004504832,0.0015500507,0.0019497342,0.002935951,0.0037831736,0.0038831737,0.0052685468,0.006908126,0.007008126,0.008794873,0.009602468,0.011072636,0.014831851,0.01609776,0.016946925,0.018555101,0.0186551,0.020697983,-0.016130842,-0.011328605,-0.008902542,-0.00579397,0.0034254075,0.008118833,0.012571385,0.017445924
2017-12-04,-0.001376718,-0.020264314,-0.017932516,-0.015889013,-0.015789013,-0.014019284,-0.011217421,-0.009284293,-0.0072573074,-0.0063642403,-0.0060807033,-0.0060174544,-0.0057689184,-0.0054767523,-0.0051667783,-0.0030992706,-0.0029992706,-0.0028992705,0.0041656657,0.0042656655,0.004981064,0.005114327,0.00689311,0.00699311,0.0075924993,0.007692499,0.007792499,0.0089632915,0.011044152,0.012461195,0.013921136,0.016556483,0.017363684,0.018239005,0.020330291,-0.01584451,-0.010002455,-0.0071602203,-0.004036409,0.005223844,0.00860064,0.011524963,0.016301623
2017-12-05,-0.0014229829,-0.019984242,-0.017540185,-0.016042313,-0.015816558,-0.014047108,-0.012281973,-0.011716731,-0.011413073,-0.009883609,-0.009374238,-0.009274238,-0.009174238,-0.009010058,-0.0055220407,-0.0041868137,-0.0029156934,-0.002304064,0.004606608,0.004831123,0.0055423724,0.00600149,0.007998363,0.00923039,0.0099796215,0.010079621,0.010929845,0.011251491,0.01135149,0.012711378,0.013263494,0.016946375,0.0184766,0.018627306,0.021057831,-0.015934015,-0.012267539,-0.0102507165,-0.00484057,0.006192243,0.010254249,0.01294416,0.016521277
2017-12-06,-0.003778394,-0.019975662,-0.01754318,-0.015992844,-0.015984379,-0.0142476875,-0.012298189,-0.010729552,-0.0096307425,-0.008771974,-0.008080569,-0.007627141,-0.0075271414,-0.0065951683,-0.006183729,-0.0032527219,-0.0023196682,-0.0022196681,0.003821085,0.005051801,0.005151801,0.005764644,0.006810863,0.00683703,0.008131041,0.009005741,0.009456916,0.009556916,0.009656915,0.013080603,0.013180603,0.016757973,0.018462677,0.018529378,0.021099947,-0.016009819,-0.01148466,-0.008826362,-0.0043205856,0.0055840746,0.0090582315,0.012042806,0.0165297
2017-12-07,9.5429255e-05,-0.019921435,-0.017388256,-0.016146401,-0.015767016,-0.013556628,-0.012892278,-0.009347426,-0.008846548,-0.008746549,-0.008253828,-0.0078028194,-0.0072961263,-0.0071961265,-0.006068584,-0.003926632,-0.003826632,-0.0036272567,0.004427299,0.0050951135,0.005611043,0.0073094782,0.007679404,0.008941205,0.010333493,0.0111502,0.011558912,0.011658912,0.011758911,0.0130570065,0.013214899,0.016915334,0.018628422,0.018728422,0.020682314,-0.015905123,-0.01119584,-0.008896981,-0.005050385,0.0065552853,0.010497345,0.013332432,0.016519595
2017-12-08,-0.0029412818,-0.02024674,-0.01781639,-0.016041942,-0.01587412,-0.014095684,-0.013093298,-0.011169475,-0.009940373,-0.008507437,-0.008407437,-0.008307437,-0.008207438,-0.007143078,-0.0056765233,-0.0039398377,-0.0025567543,-0.0025285932,0.0037510227,0.0049351132,0.0054284614,0.006198186,0.006547153,0.008430325,0.008994612,0.0102778,0.0103778,0.0104778,0.0105778,0.012338805,0.013083524,0.016811224,0.018542336,0.018642336,0.020878118,-0.016225247,-0.011750504,-0.009358326,-0.0046018288,0.005861479,0.009614376,0.012462908,0.016350802
2017-12-11,0.0034076937,-0.020245276,-0.017822165,-0.016163517,-0.016043749,-0.014995642,-0.012804871,-0.010960396,-0.00995491,-0.009143034,-0.009043034,-0.008785049,-0.0063755745,-0.0062755747,-0.004783317,-0.0031585994,-0.0019218108,-0.00074221706,0.0023382881,0.0024382882,0.0033064508,0.0034064509,0.003506451,0.0055473545,0.008167156,0.008267156,0.008367156,0.0084671555,0.008567155,0.012812851,0.014400791,0.017286668,0.018563788,0.018663788,0.02105385,-0.01638234,-0.011805346,-0.008890793,-0.0038781986,0.003931327,0.0077201934,0.011355622,0.01684359
2017-12-12,-0.0055538043,-0.01991403,-0.017654337,-0.016177148,-0.015938258,-0.015034791,-0.013136375,-0.010567305,-0.01016269,-0.008771312,-0.008013364,-0.007913364,-0.0071984963,-0.006104077,-0.0060040774,-0.0049344003,-0.0048344005,-0.0038775846,0.002836154,0.0034996036,0.0042773094,0.006121008,0.0064085172,0.007200233,0.008701933,0.010581641,0.010681641,0.010781641,0.010881641,0.011421618,0.014006419,0.017492693,0.018430244,0.018532163,0.02096857,-0.016335558,-0.011762966,-0.008923001,-0.0055127656,0.0050872015,0.0092787305,0.012439357,0.016484294
2017-12-13,0.0024161774,-0.020056294,-0.01755802,-0.016083235,-0.015775649,-0.014673355,-0.012708762,-0.010986433,-0.010196531,-0.007626702,-0.0065508108,-0.006450811,-0.0052426187,-0.004645406,-0.002922567,-0.0023332043,-0.0022332042,-0.0021332041,0.0023264862,0.0027843553,0.0037383125,0.0049100914,0.0069222366,0.0070222365,0.008249601,0.008349601,0.008449601,0.008610661,0.008710661,0.013036624,0.0146806445,0.017042896,0.018431945,0.018531945,0.020759774,-0.016154416,-0.011520332,-0.007868825,-0.0032145982,0.004401769,0.008788272,0.011447897,0.016810376
2017-12-14,0.0016825508,-0.020019136,-0.017713236,-0.016212516,-0.016068025,-0.015202845,-0.012309265,-0.011132049,-0.010529056,-0.010429056,-0.0103290565,-0.009880913,-0.00940847,-0.009048491,-0.0072751273,-0.005889197,-0.004291436,-0.0036604155,0.0013194324,0.002207178,0.003704644,0.00407632,0.0048514134,0.0074112862,0.007927719,0.008027718,0.009240061,0.009334079,0.009434079,0.012621991,0.014920877,0.016728804,0.018310968,0.018410968,0.020998638,-0.016262501,-0.012122388,-0.010324867,-0.006199418,0.0038470589,0.008449298,0.011788236,0.016736254
2017-12-15,-0.0011830135,-0.020068781,-0.017509283,-0.01697561,-0.01687561,-0.015100766,-0.014360099,-0.012427137,-0.011080352,-0.009531761,-0.009431761,-0.009331761,-0.009231761,-0.009131761,-0.008895004,-0.0066649304,-0.00517368,-0.004200835,0.0047119707,0.0054774233,0.005899487,0.005999487,0.0060994867,0.0061994866,0.0062994864,0.006399486,0.006499486,0.006675007,0.008597356,0.013653748,0.01470161,0.016698912,0.018445857,0.018545857,0.021039337,-0.016782908,-0.012874993,-0.010647147,-0.0068532424,0.0056775706,0.007805443,0.01077429,0.016927894
2017-12-18,0.004086819,-0.020120295,-0.017747005,-0.016338754,-0.015817361,-0.0136994235,-0.012092762,-0.00902106,-0.008403741,-0.0070435144,-0.0069435146,-0.0068435147,-0.006743515,-0.006474753,-0.0063585164,-0.003322127,-0.0025532236,-0.0015218849,0.0060667316,0.0061667315,0.0062667313,0.00654153,0.008602427,0.008702427,0.009587453,0.009687453,0.009787452,0.011461004,0.0115610035,0.012918089,0.014739991,0.01647335,0.017889734,0.017989734,0.020506209,-0.01589537,-0.010579966,-0.008131657,-0.0041198535,0.0069258353,0.01027428,0.012723456,0.016525473
2017-12-19,-0.00018626862,-0.020175708,-0.017757252,-0.015887527,-0.015787527,-0.014261128,-0.013133931,-0.009439564,-0.008470162,-0.008096782,-0.007228088,-0.0059572263,-0.0058572264,-0.0057572266,-0.0056220973,-0.0051431013,-0.003446997,-0.0022790008,0.0026181776,0.0027181776,0.003448414,0.0039272243,0.0045005386,0.0046005384,0.0047005382,0.004800538,0.004900538,0.005340241,0.008188012,0.012295526,0.012983373,0.017005943,0.018139726,0.018270168,0.021035118,-0.016223108,-0.011005593,-0.008089327,-0.004489685,0.0034825064,0.0063074767,0.009772809,0.016318027
2017-12-20,0.006191735,-0.020095551,-0.017686881,-0.016013699,-0.015801702,-0.01429252,-0.013028697,-0.0094408,-0.008228401,-0.008128401,-0.008014975,-0.007914975,-0.007195025,-0.0068768496,-0.005869267,-0.0047787903,-0.0031125112,-0.0030125112,0.0037089677,0.0053028576,0.0053657047,0.0054657045,0.0055657043,0.005665704,0.007316821,0.0074168206,0.0075168204,0.0075746397,0.009967463,0.012692329,0.014306015,0.01646565,0.01818723,0.01828723,0.020422308,-0.01618107,-0.010968,-0.00866879,-0.004937611,0.005432011,0.0077830395,0.011187697,0.016434707
2017-12-21,-0.0018952321,-0.02021212,-0.01770163,-0.016273472,-0.01576268,-0.014489711,-0.013124301,-0.009798971,-0.008621978,-0.008617894,-0.007373535,-0.0072735352,-0.0071735354,-0.0058288807,-0.005143468,-0.0026182057,-0.00067502575,-0.00057502574,0.0036896064,0.0037896065,0.0042441385,0.0048601306,0.0049601304,0.005469451,0.0072135977,0.0073135975,0.0074135973,0.0094090765,0.009509076,0.012102405,0.014728233,0.016599433,0.017906059,0.018006058,0.020258928,-0.016258087,-0.011287323,-0.008424446,-0.0032570518,0.004759416,0.007850932,0.011268043,0.016339011
2017-12-22,-0.0021818543,-0.020197581,-0.017596858,-0.016071673,-0.015764723,-0.013399899,-0.0124309845,-0.010753514,-0.008848383,-0.008313027,-0.0074856845,-0.006362307,-0.006262307,-0.0057373955,-0.00402984,-0.0025302258,-0.0014129272,-0.0009094122,0.0049617835,0.005579976,0.005753965,0.005853965,0.0068195565,0.008511729,0.008611728,0.00944475,0.010927732,0.011027732,0.011127732,0.013013324,0.013579763,0.016948717,0.017594106,0.018449923,0.020670136,-0.01587801,-0.011283516,-0.008152951,-0.0030489424,0.0061522834,0.009763418,0.012738125,0.016532373
2017-12-27,0.005063291,-0.020165352,-0.017505053,-0.016113196,-0.015569804,-0.014060759,-0.012569114,-0.01136653,-0.0077924556,-0.007692456,-0.0072477036,-0.0066567636,-0.006632209,-0.005409096,-0.004768389,-0.0042983284,-0.0028686656,-0.0027686656,0.0031072663,0.003269446,0.0039261556,0.004759282,0.0049642846,0.006896192,0.006996192,0.007096192,0.009191873,0.009291872,0.009391872,0.012588369,0.013002303,0.016691742,0.01790449,0.018172713,0.020616362,-0.015974017,-0.01110675,-0.007930116,-0.0042721624,0.0044116685,0.008167381,0.0116736945,0.016214298
2017-12-28,0.0035686938,-0.019943096,-0.017456776,-0.016027719,-0.015661975,-0.014362423,-0.013069953,-0.010813472,-0.008958395,-0.00779204,-0.005316962,-0.005101685,-0.0045147412,-0.0044147414,-0.0043147416,-0.0042147418,-0.0033616922,-0.0030877634,0.003427113,0.0038306126,0.0039306125,0.004813209,0.0066622263,0.007723396,0.008834865,0.009063337,0.0101818815,0.010281881,0.010381881,0.0129906405,0.014820397,0.01684847,0.018600933,0.018700933,0.020838331,-0.016098846,-0.011332316,-0.007254959,-0.0040161246,0.0049672825,0.0093442965,0.012487443,0.016839754
2017-12-29,0.006059144,-0.02008104,-0.017747682,-0.016063236,-0.015573736,-0.014065114,-0.0128954025,-0.010820289,-0.007582938,-0.006225066,-0.005516427,-0.0049327402,-0.0042426563,-0.0041426565,-0.0040426566,-0.003942657,-0.002311313,-0.0013746924,0.004231033,0.004507328,0.0052080858,0.0069158943,0.0072944285,0.0073764804,0.007752922,0.008823285,0.009015598,0.009115598,0.009215598,0.012959856,0.015113115,0.016113767,0.017924147,0.017968765,0.020579657,-0.016072595,-0.010717386,-0.0068760165,-0.003320812,0.0057230527,0.009113929,0.011646159,0.016547034
2018-01-02,0.0029349185,-0.019849518,-0.017432211,-0.01597822,-0.015893845,-0.014109639,-0.012975314,-0.011647933,-0.01035619,-0.007171045,-0.007115649,-0.007015649,-0.0069156494,-0.004984115,-0.004884115,-0.004784115,-0.0043627075,-0.0035023068,0.002512197,0.002612197,0.004450503,0.0051812665,0.0052812663,0.0066029783,0.006702978,0.007790631,0.008241293,0.009037042,0.009137042,0.012585073,0.014678379,0.01679482,0.01689482,0.018079573,0.020740079,-0.016052106,-0.01162574,-0.008469383,-0.004909779,0.0042918283,0.008259398,0.011179054,0.016575584
2018-01-03,-0.0018426713,-0.020190245,-0.017464275,-0.01619629,-0.015808731,-0.014510583,-0.011980077,-0.011571832,-0.009774742,-0.008486137,-0.008325257,-0.006638419,-0.006635098,-0.006008083,-0.0050825155,-0.0038596005,-0.0037679812,-0.0028132945,0.0017707628,0.0022573278,0.004335496,0.005274503,0.005374503,0.0064586494,0.0067078075,0.0068078074,0.006907807,0.007007807,0.008538322,0.0127036,0.012851591,0.017494943,0.018642971,0.018742971,0.020795802,-0.015990783,-0.011601815,-0.008544651,-0.0044323625,0.0040691798,0.0076704733,0.0107601015,0.01651778
2018-01-04,0.004292916,-0.020037316,-0.017657649,-0.017232358,-0.015842972,-0.014710984,-0.013114087,-0.0100248745,-0.008605034,-0.008505034,-0.0083922,-0.0074896123,-0.0070751035,-0.0058378763,-0.002516123,-0.002416123,-0.0016974338,-0.0008960856,0.0014440191,0.003261032,0.004196794,0.0062154825,0.0067038066,0.007622038,0.008149078,0.009972023,0.010072023,0.0101720225,0.010272022,0.010941618,0.013082882,0.016902292,0.018526975,0.018626975,0.020621728,-0.0162726,-0.0114962775,-0.00860486,-0.0030030755,0.004653281,0.009082301,0.011996932,0.016035099
2018-01-05,-0.0032060149,-0.020193612,-0.01781007,-0.016230395,-0.016066197,-0.014436793,-0.011826798,-0.010409786,-0.009664082,-0.0095030265,-0.009364954,-0.009087206,-0.008714522,-0.007484057,-0.0042968094,-0.0039660884,-0.0027287495,-0.0025818257,0.0032980137,0.0035219325,0.005344047,0.00650241,0.0066024098,0.0071147997,0.007944495,0.008044495,0.008353205,0.008453205,0.009447154,0.012489464,0.014727513,0.016675536,0.018417915,0.018452786,0.020691374,-0.016066695,-0.011526817,-0.009410882,-0.004532136,0.0053221798,0.008540874,0.011432189,0.016607335
2018-01-08,-0.0050663385,-0.020292064,-0.01765845,-0.016142644,-0.01581146,-0.013854374,-0.012730979,-0.011112008,-0.009197467,-0.009097467,-0.008997467,-0.0088974675,-0.0085085975,-0.008408598,-0.006174532,-0.0041636606,-0.002963265,-0.0024132503,0.0036802099,0.005014302,0.0060268305,0.0061998283,0.006299828,0.0076315594,0.008933724,0.010183825,0.010283825,0.011933156,0.012033156,0.012937449,0.014771518,0.016688274,0.018461969,0.018561969,0.020450892,-0.016069466,-0.011656113,-0.009568621,-0.0049224356,0.0059709786,0.009797163,0.01312991,0.01668202
2018-01-09,-0.0038088113,-0.020106334,-0.017753944,-0.016179472,-0.015582125,-0.013939174,-0.012901443,-0.010774975,-0.00820593,-0.0073979567,-0.0061499835,-0.0060499837,-0.004026631,-0.003926631,-0.003826631,-0.003726631,-0.0036266309,-0.003544474,0.0030819918,0.0031819919,0.0044389986,0.0050194687,0.0064558554,0.0075358124,0.007930004,0.008030004,0.0090852855,0.009185285,0.009285285,0.012793652,0.013009049,0.016852392,0.01836874,0.01846874,0.020643316,-0.016056603,-0.011091956,-0.0070421235,-0.00415487,0.0047304914,0.008800122,0.01174365,0.01635343
2018-01-10,0.0044328165,-0.019833812,-0.01765914,-0.016131924,-0.015823198,-0.0148596605,-0.013204483,-0.009786771,-0.008852771,-0.008752771,-0.008652771,-0.008552771,-0.00784331,-0.0076142484,-0.006842129,-0.003779687,-0.0028154096,-0.0025595636,0.0032589629,0.005013929,0.0057286886,0.0058286884,0.0060734903,0.0076034954,0.008068496,0.008894095,0.01051927,0.01061927,0.0107192695,0.012871295,0.014802962,0.017111303,0.01859188,0.01869188,0.021107096,-0.016276058,-0.011345744,-0.009233517,-0.004909912,0.005579753,0.009212329,0.012664197,0.016916906
2018-01-11,0.0055425777,-0.020219907,-0.017600015,-0.016943073,-0.016843073,-0.014578621,-0.014214259,-0.013110606,-0.010596934,-0.010496934,-0.010396934,-0.010296934,-0.010196934,-0.009596566,-0.009496566,-0.007575467,-0.0056246873,-0.0054092277,0.0021529396,0.0030679002,0.0053028692,0.0057879235,0.0058879233,0.005987923,0.00827221,0.00837221,0.00946835,0.009568349,0.009668349,0.013031904,0.0136454115,0.016097683,0.017964032,0.018091403,0.02075302,-0.016691174,-0.013072361,-0.011000326,-0.0076805763,0.0049167685,0.0085696615,0.011940197,0.016323883
2018-01-12,0.008141449,-0.019874714,-0.017526193,-0.016103815,-0.015657367,-0.014100189,-0.012757431,-0.01040589,-0.008632052,-0.0067518027,-0.006651803,-0.0065430244,-0.0064430246,-0.006343025,-0.006243025,-0.005511073,-0.0047071776,-0.004607178,0.0031389485,0.003823771,0.0045692935,0.0054458096,0.005527557,0.0065628802,0.00719372,0.00729372,0.0073937196,0.007928017,0.014353894,0.015937492,0.016510956,0.016685842,0.017505754,0.018293174,0.020373648,-0.01598318,-0.010930198,-0.0081654675,-0.005522296,0.0048343083,0.008649933,0.012623775,0.017560223
2018-01-15,0.009189693,-0.020040324,-0.017673507,-0.016058752,-0.015138021,-0.013751252,-0.012326178,-0.011751424,-0.010727783,-0.010342864,-0.0090943575,-0.008994358,-0.0070144315,-0.0069144317,-0.0046843174,-0.00209381,-0.0019938098,-0.0014173115,0.004722192,0.0047930647,0.0048930645,0.0049930643,0.005093064,0.006612891,0.008042896,0.008142896,0.008949653,0.010587916,0.011091103,0.013351807,0.014446892,0.016178427,0.018233484,0.018434448,0.020961886,-0.015785856,-0.012241401,-0.009215436,-0.0038367212,0.0054888567,0.008757715,0.012442793,0.016674694
2018-01-16,-0.0024969873,-0.020155534,-0.01782183,-0.01702849,-0.015923504,-0.014130443,-0.01286125,-0.010177853,-0.008155964,-0.0074515296,-0.00735153,-0.00725153,-0.00715153,-0.0060381023,-0.0059381025,-0.0053631812,-0.0044486746,-0.00366307,0.0032204709,0.003320471,0.003401327,0.003501327,0.003601327,0.0037013271,0.0041883364,0.0043504625,0.0053376793,0.009956799,0.012269091,0.014780997,0.014880997,0.016926112,0.01845291,0.01859513,0.020915886,-0.016178513,-0.011135017,-0.008311676,-0.005332912,0.0035263866,0.0072781825,0.012159495,0.017219825
2018-01-17,0.0010726512,-0.019958438,-0.017584287,-0.016074296,-0.015152548,-0.015052549,-0.013944416,-0.01197109,-0.009605985,-0.007491351,-0.006915895,-0.0056361607,-0.005536161,-0.005436161,-0.0053361612,-0.0052361614,-0.0051361616,-0.0050361617,0.00074884715,0.0024942462,0.0025942463,0.0045164046,0.00648395,0.007258851,0.0074619367,0.010267806,0.010367806,0.010467806,0.012044904,0.014268886,0.014368886,0.016973121,0.017439475,0.018184032,0.020542655,-0.016338449,-0.011817427,-0.008287723,-0.0052761612,0.0035631363,0.009749459,0.012917775,0.016867515
2018-01-18,-0.00030839708,-0.02011835,-0.017685665,-0.016065288,-0.01585008,-0.014934426,-0.013291565,-0.011119826,-0.010268435,-0.010020554,-0.009920554,-0.008741736,-0.008432033,-0.007587685,-0.0071060536,-0.0063407402,-0.0050975946,-0.0050503192,0.0040824325,0.0046533872,0.0049136155,0.007391511,0.008130715,0.008230715,0.008330715,0.008430715,0.008474887,0.009322477,0.010571931,0.013373956,0.014228362,0.016630856,0.018346466,0.018370401,0.02043377,-0.016376017,-0.012153134,-0.009900054,-0.006467289,0.005874332,0.009497715,0.012017943,0.016607469
2018-01-19,-0.0014329447,-0.020344527,-0.017764682,-0.017261948,-0.017066792,-0.014573731,-0.0130226575,-0.012922658,-0.012822658,-0.012722658,-0.011387811,-0.011287811,-0.011187811,-0.00925249,-0.00915249,-0.006692375,-0.006154303,-0.005525957,0.006219389,0.0071877553,0.008308531,0.008408531,0.010392577,0.010492577,0.010592577,0.010692577,0.010792577,0.010892577,0.010992576,0.012590412,0.013524958,0.017176867,0.018324783,0.018424783,0.020585317,-0.016554479,-0.013750516,-0.011534685,-0.0077625876,0.008143356,0.011012144,0.012718585,0.016460467
2018-01-22,0.0026374,-0.020190282,-0.017776346,-0.017046737,-0.01584848,-0.015606006,-0.014108388,-0.011986168,-0.010909806,-0.009230641,-0.008227592,-0.00769547,-0.0068359794,-0.005545059,-0.0053224023,-0.0045916755,-0.0042147464,-0.0032728733,0.005779958,0.0063950093,0.0068767844,0.0084323855,0.010726228,0.012340873,0.013030589,0.013367574,0.013467574,0.013567573,0.013667573,0.013776556,0.0138938045,0.017231869,0.018322775,0.018467277,0.02061519,-0.0167059,-0.012656348,-0.009125365,-0.0050194333,0.008102945,0.012755761,0.014560411,0.01679694
2018-01-23,0.0032203982,-0.020168465,-0.017692138,-0.015995892,-0.015890453,-0.014268992,-0.012909391,-0.011289321,-0.00948047,-0.00938047,-0.008970387,-0.007919571,-0.0078195715,-0.007281899,-0.0048571713,-0.003506797,-0.0033587485,-0.002342587,0.0048160623,0.0050977976,0.0054898066,0.008152115,0.008252115,0.010442981,0.010579463,0.010679463,0.010779463,0.010879463,0.013311762,0.013411762,0.015349956,0.016947562,0.017661026,0.018464359,0.020858703,-0.016185887,-0.011811109,-0.009292344,-0.004396975,0.006827049,0.0107331555,0.013208695,0.017006468
2018-01-24,0.0071491404,-0.020264354,-0.017735504,-0.016247673,-0.0151725905,-0.01397408,-0.012145377,-0.012045377,-0.0092739845,-0.0077959565,-0.0076959566,-0.007595957,-0.0075776502,-0.0072557013,-0.005478252,-0.004028265,-0.0031863644,-0.0017108864,0.006144126,0.0065787733,0.0078020543,0.009150456,0.009250456,0.010089785,0.010189785,0.010568936,0.010668936,0.0129525205,0.01305252,0.01315252,0.01325252,0.017075464,0.018322153,0.018422153,0.021047259,-0.01585838,-0.011501675,-0.008789734,-0.004399945,0.0079730395,0.011202844,0.01362973,0.016589982
2018-01-25,0.009889314,-0.020166606,-0.017739058,-0.01602249,-0.01575052,-0.013788186,-0.012946276,-0.0113481255,-0.011248126,-0.011148126,-0.011048126,-0.010898431,-0.009235956,-0.009129937,-0.007335782,-0.0070067723,-0.0057184733,-0.0056184735,0.0042834026,0.004939189,0.006845502,0.0077572525,0.008763795,0.008863795,0.008963794,0.009063794,0.012808743,0.012908743,0.014232355,0.014332355,0.014432355,0.016934272,0.018222425,0.018357538,0.020584749,-0.01607813,-0.012542628,-0.010721685,-0.0073155863,0.0065578283,0.010786496,0.014500925,0.016928252
2018-01-26,-0.005838988,-0.019944783,-0.01766922,-0.017039973,-0.015752185,-0.014824296,-0.014609278,-0.012967774,-0.012867774,-0.012501445,-0.012401445,-0.012301445,-0.011570828,-0.011470828,-0.010841966,-0.008454308,-0.0070607406,-0.004968292,0.0068341424,0.008042115,0.009942577,0.010042577,0.010142577,0.0107314605,0.013000964,0.013100964,0.013200964,0.014307562,0.016583376,0.016683375,0.016892225,0.018336702,0.018646656,0.019109515,0.020715661,-0.016559953,-0.013997247,-0.012584031,-0.008725351,0.009572475,0.012993189,0.015884388,0.018347496
2018-01-29,-0.0060553555,-0.020186625,-0.017869823,-0.017143939,-0.016968844,-0.016227826,-0.015527163,-0.013713322,-0.012104605,-0.011279396,-0.011109594,-0.009152451,-0.009052451,-0.0074337074,-0.0073337075,-0.0072337077,-0.0069779907,-0.0063553113,0.003928622,0.0047772764,0.006358142,0.0064827427,0.0071816654,0.007281665,0.008407789,0.008968349,0.011678269,0.011778269,0.011951534,0.013976242,0.015715968,0.016924422,0.018053932,0.018992346,0.02088288,-0.017356057,-0.013953686,-0.011045504,-0.0074106334,0.005990915,0.009837238,0.013487649,0.017298372
2018-01-30,0.004340504,-0.020166928,-0.017669817,-0.016100012,-0.015427486,-0.01373576,-0.012813227,-0.00961481,-0.009409158,-0.00868403,-0.00858403,-0.00848403,-0.008357529,-0.008257529,-0.007520863,-0.0065834164,-0.0041413135,-0.0040413137,0.007735056,0.00949563,0.00959563,0.010213699,0.010313699,0.010413699,0.011014591,0.011114591,0.011739216,0.0133893015,0.013489301,0.013589301,0.015302054,0.017180897,0.017774643,0.018262926,0.020587727,-0.015962644,-0.011324247,-0.009484294,-0.0061541875,0.009610921,0.011764118,0.013996352,0.016984582
2018-01-31,0.003695747,-0.020256652,-0.017813334,-0.017257513,-0.01697141,-0.0153158475,-0.014141459,-0.013135803,-0.012863586,-0.011818335,-0.011718336,-0.011618336,-0.011518336,-0.010737448,-0.009026397,-0.006638935,-0.0049066544,-0.004670517,0.0039732936,0.006130476,0.008007165,0.008623631,0.008723631,0.00882363,0.0093986895,0.009498689,0.009598689,0.0105232475,0.014311647,0.014411647,0.014511647,0.017311674,0.018629363,0.018729363,0.02106783,-0.01689974,-0.01384334,-0.012195832,-0.007372168,0.0072266506,0.0103961695,0.013494918,0.01720643
2018-02-01,0.0010471226,-0.020227768,-0.017754866,-0.016186269,-0.015705908,-0.014032262,-0.012276292,-0.010040584,-0.009940584,-0.009840584,-0.009483849,-0.009383849,-0.009283849,-0.009183849,-0.009017262,-0.0059351544,-0.0057964893,-0.0051735616,0.004717629,0.0062548374,0.0074338843,0.008195507,0.009402883,0.009704176,0.01031672,0.010526349,0.010659829,0.01392963,0.014060956,0.014258085,0.01513369,0.017093968,0.017727884,0.018365066,0.02069915,-0.01599942,-0.011656863,-0.010033684,-0.007061263,0.0073837163,0.011564225,0.014127277,0.017109992
2018-02-02,-0.0026701214,-0.02018415,-0.017739698,-0.016129026,-0.015599192,-0.014199442,-0.013885514,-0.01157514,-0.0113579035,-0.010744402,-0.010644402,-0.010447359,-0.010347359,-0.009655779,-0.008483493,-0.0062300484,-0.005320294,-0.0050195493,0.002979647,0.004408525,0.005097054,0.0054294467,0.007463322,0.0076360833,0.008061019,0.008687536,0.008787536,0.010101824,0.011614577,0.012742275,0.014960437,0.017109504,0.017747622,0.01851298,0.020910272,-0.0163216,-0.012738396,-0.011178191,-0.0071001486,0.005195138,0.009326207,0.012198767,0.016847093
2018-02-05,-0.00128339,-0.019956874,-0.017530536,-0.017086698,-0.016210945,-0.015755003,-0.014230854,-0.012379853,-0.0122549,-0.011366441,-0.010103349,-0.009711511,-0.009094604,-0.008304562,-0.008295259,-0.0036015662,-0.0035015661,-0.00126618,0.0059009,0.006189277,0.006439335,0.008667876,0.008767876,0.010047726,0.010509817,0.010609817,0.011732539,0.015081701,0.015181701,0.0152817005,0.015561472,0.017908756,0.018703748,0.018803747,0.021214848,-0.016736843,-0.013463749,-0.010797654,-0.005275217,0.0075414404,0.011957764,0.015196279,0.017754104
2018-02-06,-0.006109583,-0.019999456,-0.017656911,-0.016343018,-0.015579383,-0.01425978,-0.013041484,-0.010423339,-0.009694219,-0.008363311,-0.008263311,-0.0081633115,-0.0074916356,-0.007391636,-0.0063762562,-0.006182619,-0.006082619,-0.005444603,0.005967771,0.006003523,0.0061035226,0.007856296,0.008087527,0.008572972,0.0092436215,0.009343621,0.009443621,0.011407819,0.01238237,0.01248237,0.01489325,0.016698174,0.01795318,0.018339003,0.020457976,-0.016107403,-0.011573074,-0.009176457,-0.006449881,0.007034947,0.0099788625,0.012733872,0.016574156
2018-02-07,-0.004168457,-0.020068524,-0.01765689,-0.017046789,-0.015758248,-0.01509055,-0.0149905505,-0.013416933,-0.010592841,-0.009920391,-0.009820391,-0.009617672,-0.008461817,-0.008111029,-0.0071259527,-0.006024108,-0.004928064,-0.004779703,0.0056943325,0.006048019,0.00676199,0.008030005,0.008737378,0.008837378,0.009998782,0.010098781,0.0115282135,0.011628213,0.012805351,0.013511151,0.015354713,0.017443398,0.017543398,0.018615294,0.020900456,-0.016712952,-0.013193501,-0.010395326,-0.0064951004,0.0073066256,0.01056258,0.013403265,0.017165001
2018-02-08,-0.0026656229,-0.022179354,-0.017910752,-0.016036812,-0.015406301,-0.013758313,-0.013121053,-0.012070614,-0.011603408,-0.009182885,-0.008961281,-0.008861281,-0.008545497,-0.008445498,-0.0077658696,-0.007065499,-0.006546023,-0.006446023,0.0051094624,0.006972148,0.007072148,0.0075917304,0.008536043,0.0086360425,0.008650223,0.009352387,0.010527773,0.013856695,0.013956695,0.014056695,0.015552024,0.017437985,0.018691558,0.018791558,0.021083325,-0.016475154,-0.0124029545,-0.010135347,-0.007336939,0.007079142,0.010887573,0.014217883,0.017384317
2018-02-09,-0.00096087647,-0.022073997,-0.017942403,-0.017399376,-0.017299376,-0.015951026,-0.015851026,-0.015712995,-0.0141469,-0.0140469,-0.011999732,-0.011899732,-0.010960898,-0.0108608985,-0.009804315,-0.008802572,-0.008466683,-0.008027447,0.006700754,0.0071330825,0.008233207,0.009698628,0.00979182,0.011141206,0.011898306,0.011998306,0.012098306,0.013009859,0.013109859,0.013244405,0.01515058,0.01710869,0.018426737,0.018488934,0.02066564,-0.017823566,-0.0154314395,-0.012763892,-0.00940015,0.008732796,0.011837119,0.013977833,0.01693165
2018-02-12,0.0023363212,-0.02168333,-0.017699657,-0.017215585,-0.015538501,-0.013304434,-0.013204434,-0.012211079,-0.012111079,-0.012011079,-0.011911079,-0.011811079,-0.01171108,-0.011244307,-0.010116688,-0.007457402,-0.006806622,-0.0058899103,0.0059811007,0.0065192664,0.007531323,0.009534445,0.010956245,0.011427529,0.011527529,0.012058187,0.012158187,0.012258187,0.012358187,0.01420437,0.015266192,0.017921634,0.018555183,0.018655183,0.020949444,-0.016286071,-0.013350651,-0.012036396,-0.00841634,0.008218733,0.012180904,0.013906822,0.017399365
2018-02-13,0.0065799723,-0.021886693,-0.017868973,-0.016630448,-0.015406645,-0.01410973,-0.013048681,-0.01038132,-0.010067568,-0.008873513,-0.008846636,-0.008665066,-0.0077217445,-0.0076217446,-0.0076030907,-0.006625741,-0.0063373935,-0.004540884,0.004311852,0.0052824137,0.0055990084,0.008067412,0.00834689,0.010393791,0.010461261,0.010869902,0.012273477,0.012373477,0.012473477,0.012665626,0.015566216,0.017414775,0.018584097,0.018684097,0.02100948,-0.016464144,-0.011800306,-0.009461274,-0.0067544347,0.0067443894,0.010929937,0.013674031,0.01706804
2018-02-14,0.0035983974,-0.021680241,-0.017727917,-0.01541661,-0.015119534,-0.013940013,-0.011759932,-0.010624491,-0.009236173,-0.008210953,-0.0081109535,-0.007903039,-0.0078030396,-0.0075985603,-0.0074985605,-0.0060169837,-0.005408788,-0.0048360364,0.004176867,0.004758554,0.004858554,0.006032489,0.007026156,0.008229213,0.008340868,0.010549277,0.010649277,0.012348542,0.013804778,0.015243295,0.01652843,0.016897801,0.018221412,0.018229678,0.020806517,-0.01604553,-0.011049632,-0.008901732,-0.006332682,0.005633467,0.010679296,0.014053461,0.017541144
2018-02-15,0.005992747,-0.021888338,-0.017953916,-0.016325722,-0.015370851,-0.014011669,-0.013025698,-0.01102818,-0.01092818,-0.010702563,-0.009791452,-0.009691453,-0.009591453,-0.009042562,-0.008525782,-0.00830131,-0.006453268,-0.004910296,0.0053627756,0.006443028,0.0078056017,0.008607874,0.011491822,0.0120677715,0.012324411,0.012424411,0.014180067,0.014280067,0.014380067,0.0144800665,0.015322097,0.017320216,0.018411066,0.018422179,0.020787625,-0.016450096,-0.012402068,-0.010475868,-0.0075764223,0.008108738,0.012948828,0.015146268,0.017266437
2018-02-16,-0.0023510165,-0.021967553,-0.017846474,-0.017447839,-0.01736911,-0.017008817,-0.016908817,-0.0146250455,-0.013631156,-0.012711821,-0.011300042,-0.01046168,-0.01036168,-0.009162732,-0.009062733,-0.0067789396,-0.0057143997,-0.005000149,0.0049643847,0.005545639,0.0067187394,0.0088186385,0.009926332,0.010026332,0.010126332,0.01093332,0.011877819,0.0129966745,0.013144876,0.013511462,0.015340807,0.01727743,0.018422559,0.018425934,0.020478433,-0.018220155,-0.015064935,-0.012272885,-0.00740358,0.007234746,0.011478824,0.013990678,0.017006813
2018-02-19,-0.0041316594,-0.021415971,-0.017128345,-0.01621361,-0.016113611,-0.014246323,-0.013871058,-0.009960517,-0.008507163,-0.008437788,-0.008337788,-0.008237788,-0.0072147893,-0.0071147894,-0.0070147896,-0.0069871247,-0.0069109173,-0.006538399,0.005775318,0.0063163238,0.0076263347,0.010271555,0.010779196,0.013074453,0.013174453,0.013274453,0.014515034,0.014615034,0.014715034,0.014815033,0.014915033,0.017256076,0.018377919,0.018477919,0.020742292,-0.016555062,-0.011398028,-0.009009117,-0.007137804,0.008632797,0.013311634,0.01540761,0.01724127
2018-02-20,-0.0044890665,-0.021468244,-0.017916283,-0.0160818,-0.0153768,-0.014044893,-0.012513896,-0.012413897,-0.012313897,-0.011031825,-0.010931825,-0.010117007,-0.010017008,-0.009983738,-0.008764699,-0.0072605438,-0.0057704546,-0.005599201,0.004996599,0.005915236,0.007097847,0.009170398,0.01028714,0.010387139,0.010487139,0.011847854,0.0119478535,0.012151626,0.013449756,0.013549756,0.015208671,0.017219394,0.01836234,0.018591164,0.020714685,-0.016264023,-0.012871064,-0.011152072,-0.0075023817,0.0075334436,0.011644703,0.013892266,0.017056735
2018-02-21,-0.0017537978,-0.022058472,-0.017895395,-0.016107947,-0.015499135,-0.01401215,-0.013263305,-0.0088678645,-0.008260894,-0.007510903,-0.007410903,-0.007310903,-0.006597836,-0.006497836,-0.0063978364,-0.005560821,-0.005460821,-0.0053608213,0.004462422,0.006270822,0.0066049066,0.0074042324,0.009386568,0.0099353315,0.010035331,0.010087513,0.010187513,0.015056739,0.015156738,0.015256738,0.015356738,0.016435808,0.018443322,0.018543322,0.020541903,-0.01654569,-0.010802182,-0.008406155,-0.0060182405,0.006955543,0.011944579,0.014820211,0.0172269
2018-02-22,0.00020696624,-0.021378456,-0.017754147,-0.016084993,-0.015709516,-0.013654417,-0.0135544175,-0.01031147,-0.008591347,-0.008491348,-0.008391348,-0.008291348,-0.008191348,-0.008091348,-0.0077747633,-0.0076296576,-0.006763015,-0.006663015,0.008446713,0.008546713,0.009076452,0.01158616,0.012076708,0.012176707,0.012276707,0.01268496,0.01278496,0.01288496,0.012984959,0.013084959,0.015334085,0.017143417,0.01842937,0.01852937,0.020577807,-0.01641019,-0.011406715,-0.009363961,-0.0074243597,0.00998655,0.012581659,0.014033842,0.016933927
2018-02-23,-0.0018662727,-0.02210613,-0.017957566,-0.016677175,-0.015511989,-0.0142064765,-0.014106477,-0.011485557,-0.01027747,-0.01017747,-0.01007747,-0.00997747,-0.00987747,-0.0097774705,-0.009305438,-0.008388176,-0.008288176,-0.008023623,0.0077155866,0.007987888,0.008507751,0.011731619,0.0154299615,0.015529961,0.015629962,0.016029045,0.016129045,0.016229045,0.016329044,0.016429044,0.016529044,0.016769629,0.018157458,0.018290287,0.021083418,-0.016777728,-0.0125448285,-0.01082327,-0.008796576,0.010314561,0.015929412,0.016654726,0.017820284
2018-02-26,-0.0007320258,-0.021738244,-0.017875053,-0.016062,-0.015689015,-0.0138607565,-0.012692478,-0.009339911,-0.008427151,-0.00791249,-0.006924301,-0.006824301,-0.0067243013,-0.0066243014,-0.0065243016,-0.006424302,-0.006324302,-0.006224302,0.004183168,0.0047786096,0.0062789177,0.0074114637,0.008692655,0.009846615,0.0099466145,0.010046614,0.010095689,0.010463131,0.011467717,0.012743239,0.013049456,0.01745247,0.018344682,0.018367752,0.0204348,-0.01637111,-0.010886806,-0.008278506,-0.0064643016,0.0065197544,0.010358451,0.012622891,0.016409542
2018-02-27,-0.004197109,-0.02217424,-0.017957246,-0.016460445,-0.01564109,-0.014278289,-0.012950931,-0.012850931,-0.012006685,-0.010844481,-0.010744481,-0.0106444815,-0.010544482,-0.010444482,-0.009775887,-0.008265468,-0.008035376,-0.0072754207,0.0042848485,0.0047238665,0.0055425013,0.006689333,0.007618806,0.008461807,0.009370776,0.009470776,0.009570776,0.009670775,0.011626149,0.012949493,0.015291275,0.017412838,0.01856585,0.018606614,0.021234931,-0.01660036,-0.013022694,-0.0113382125,-0.008799327,0.006122265,0.009634332,0.012476608,0.017099028
2018-02-28,-0.0034847911,-0.021591365,-0.017796947,-0.016115198,-0.015858555,-0.01364613,-0.012236498,-0.010528345,-0.008823965,-0.007980458,-0.007880459,-0.007780459,-0.0076543903,-0.0072683045,-0.006669558,-0.0042110686,-0.0035554464,-0.0035543097,0.0040159775,0.0041159773,0.0056745973,0.007904271,0.009899194,0.011590255,0.011690255,0.01200767,0.0135648865,0.0145117175,0.014611717,0.015379138,0.015479138,0.017591158,0.018434107,0.018534107,0.021009648,-0.0162259,-0.011136892,-0.008772723,-0.0051541682,0.0066802157,0.012677595,0.015300313,0.017598638
2018-03-01,-0.0015796204,-0.02157875,-0.017774044,-0.016046891,-0.0155488625,-0.013874399,-0.011493919,-0.010007016,-0.009132518,-0.008477769,-0.008377769,-0.008277769,-0.008177769,-0.006407738,-0.001763394,-0.001663394,-0.0015633941,-0.0014633941,0.003698162,0.0040255385,0.004875588,0.0066518863,0.0069052665,0.0070052664,0.010256462,0.010356462,0.011214282,0.013177524,0.014520474,0.014970237,0.015070237,0.01691705,0.017642535,0.01828261,0.021130018,-0.016053995,-0.011031623,-0.008717944,-0.0029462692,0.0059015276,0.010482952,0.01430501,0.01727403
2018-03-02,0.010822528,-0.022062374,-0.017919458,-0.016656013,-0.014546863,-0.014299539,-0.013076117,-0.010730371,-0.009608598,-0.009453159,-0.009078611,-0.008099801,-0.007999801,-0.007899801,-0.0077998014,-0.007611811,-0.0071656997,-0.0056584734,0.0040815617,0.005639344,0.006378403,0.0064784028,0.0073059215,0.0074059214,0.007505921,0.0076115853,0.007961524,0.009406326,0.010984671,0.012859962,0.015196441,0.01716134,0.017672725,0.018480977,0.02082767,-0.01638087,-0.011904852,-0.009532586,-0.0072671175,0.0060167266,0.008917944,0.0117770415,0.016905278
2018-03-05,0.0015017943,-0.022184188,-0.018065706,-0.017875526,-0.017371869,-0.016881524,-0.016174335,-0.016074335,-0.01490256,-0.013298449,-0.0121178245,-0.011842124,-0.0077176807,-0.0074825743,-0.0045021656,-0.0044021658,-0.004326387,-0.0031713604,0.0035237889,0.0047183484,0.005578301,0.0076470594,0.007747059,0.009212797,0.0100646885,0.011122264,0.012636619,0.0127366185,0.012836618,0.013505061,0.015464987,0.016880676,0.018120907,0.01835061,0.02073746,-0.018135523,-0.015665041,-0.011678995,-0.0056488407,0.0063064373,0.010864759,0.013967166,0.01698776
2018-03-06,0.0056823045,-0.020982036,-0.017731965,-0.016124066,-0.0152107775,-0.013162008,-0.012229315,-0.010575538,-0.010475538,-0.010096739,-0.007934724,-0.007834724,-0.0077347243,-0.006818543,-0.0051172404,-0.004420989,-0.0034144009,-0.0022807962,0.0026656857,0.003750055,0.0038500552,0.00390601,0.006477704,0.007942336,0.0080423355,0.009037783,0.009790424,0.010921209,0.012322818,0.01255039,0.013038814,0.017367909,0.01764263,0.018434798,0.021057034,-0.015863221,-0.01190024,-0.009038569,-0.00461363,0.0044428282,0.009385885,0.012645495,0.016489789
2018-03-07,0.00039917504,-0.02213825,-0.017886408,-0.015929466,-0.015868241,-0.014023904,-0.012317472,-0.0121125365,-0.010743462,-0.010643462,-0.010543462,-0.010443462,-0.009962368,-0.009862368,-0.008806302,-0.0075503485,-0.00652695,-0.005924209,0.0034324583,0.0041921837,0.005695386,0.0069209686,0.0073916973,0.007491697,0.007790999,0.007890999,0.01042071,0.0117672365,0.014859406,0.016570615,0.016670614,0.017605655,0.018720547,0.018820547,0.021075554,-0.016446855,-0.01234928,-0.010685826,-0.007850255,0.005606399,0.010222448,0.014467703,0.018148597
2018-03-08,-0.0060956753,-0.021946346,-0.01793931,-0.016666587,-0.015314596,-0.014145113,-0.012378025,-0.010646578,-0.009787897,-0.008740312,-0.008640313,-0.008540313,-0.008476932,-0.00710269,-0.0069077923,-0.0048912535,-0.004705905,-0.0036302225,0.004811373,0.005570125,0.0056701247,0.007037768,0.007137768,0.008195555,0.0086669065,0.009372862,0.010451381,0.013273647,0.013341434,0.017247675,0.017347675,0.017447675,0.018590836,0.018690836,0.020843865,-0.016344678,-0.01164388,-0.009277171,-0.005735097,0.0063512595,0.0110455025,0.014580995,0.018315544
2018-03-09,-0.00069583143,-0.021581696,-0.017899444,-0.016116172,-0.0155580705,-0.013917026,-0.013096198,-0.012138284,-0.009743141,-0.009643141,-0.00955381,-0.00945381,-0.00935381,-0.00861475,-0.00851475,-0.007903517,-0.007629309,-0.0053722616,0.00628854,0.0072632506,0.008050403,0.008150402,0.009155472,0.009255472,0.009663955,0.010595465,0.010695465,0.013398419,0.013557157,0.013657156,0.015234493,0.017262729,0.018529868,0.018629868,0.021083402,-0.016410487,-0.0121473875,-0.010072341,-0.00777473,0.00788331,0.011212396,0.013967613,0.017173529
2018-03-12,-9.335533e-05,-0.021731906,-0.017891275,-0.01617653,-0.015559817,-0.0141903255,-0.012204229,-0.011596221,-0.011496221,-0.011396221,-0.011296221,-0.010965355,-0.010865355,-0.009764639,-0.008391725,-0.007451906,-0.006896046,-0.005429724,0.006199818,0.006299818,0.007517486,0.008077958,0.0084936675,0.009306161,0.009819514,0.009919514,0.010019514,0.010294094,0.014069765,0.015399295,0.015499295,0.017475737,0.018044325,0.018431699,0.020618962,-0.016315509,-0.012573885,-0.011125333,-0.007826951,0.0075829187,0.0106825465,0.013565399,0.017484996
2018-03-13,0.0064836703,-0.022123208,-0.017917208,-0.016130734,-0.01589983,-0.013912393,-0.013084156,-0.012978023,-0.010298128,-0.010198128,-0.010098129,-0.008777149,-0.008565482,-0.008545013,-0.007846296,-0.0065202746,-0.0064202747,-0.006320275,0.0046694116,0.00489652,0.0053287316,0.0069241007,0.008529368,0.008629368,0.0087293675,0.009684481,0.009784481,0.00988448,0.009997893,0.0128226355,0.015192436,0.017036619,0.01747711,0.018436978,0.02082503,-0.016587358,-0.012537834,-0.010118182,-0.0071768537,0.0061096265,0.009910067,0.011993321,0.016862739
2018-03-14,-0.0029625045,-0.021438956,-0.017829347,-0.015685279,-0.015585279,-0.013512201,-0.013008299,-0.009459961,-0.009359961,-0.009259962,-0.009058397,-0.008869726,-0.008769726,-0.008669727,-0.008384814,-0.008014911,-0.0056755804,-0.0055755805,0.0013376405,0.0032537237,0.004114546,0.0050978027,0.0058671013,0.008170506,0.008377532,0.008477531,0.009720557,0.011429,0.012022942,0.015939487,0.016039487,0.01674187,0.01758321,0.018325144,0.020502064,-0.016274815,-0.011354692,-0.009773223,-0.007304122,0.004436249,0.009976725,0.01333904,0.01750961
2018-03-15,-0.0033588146,-0.022070691,-0.017954925,-0.017368313,-0.015959308,-0.013257005,-0.012073483,-0.009554061,-0.008199103,-0.007214116,-0.007114116,-0.0070141163,-0.0060028234,-0.0059028235,-0.0052619474,-0.0050294874,-0.0043257717,-0.0041499306,0.005712708,0.0074518207,0.0075518205,0.009727427,0.009827427,0.01007497,0.010450681,0.015068716,0.015168716,0.015268716,0.015368716,0.015610124,0.015710125,0.017314449,0.018134486,0.018298984,0.020333724,-0.016263083,-0.010881815,-0.00785847,-0.0051562507,0.008178892,0.013169991,0.015910152,0.01745348
2018-03-16,-0.0032235472,-0.022111021,-0.017970964,-0.016647901,-0.015736546,-0.014147057,-0.010924556,-0.010013266,-0.009913266,-0.009813266,-0.008799997,-0.008432882,-0.008100352,-0.0078073754,-0.006580617,-0.00647814,-0.006017213,-0.0052720793,0.0030868587,0.004081017,0.004381604,0.0070916824,0.008052695,0.008516939,0.010358953,0.010458953,0.010558953,0.010658952,0.011055877,0.012894136,0.01542859,0.017468764,0.018698433,0.018798433,0.020883512,-0.01617803,-0.011462451,-0.009109109,-0.006556186,0.0058000227,0.010116335,0.012773271,0.017094687
2018-03-19,0.003888913,-0.021949751,-0.01786228,-0.016395817,-0.01543956,-0.012986418,-0.011299222,-0.0079974225,-0.007897423,-0.007236528,-0.0071365284,-0.007041516,-0.006753323,-0.0066533233,-0.0065533235,-0.0064533236,-0.005301817,-0.005201817,0.003615178,0.005157641,0.007471982,0.009099364,0.009574224,0.009674224,0.010597008,0.010697008,0.012568184,0.013517918,0.013617918,0.013717918,0.015470397,0.017076155,0.017755134,0.018462699,0.020878002,-0.015907448,-0.010165283,-0.007947965,-0.0061103594,0.0071882345,0.011436258,0.014235415,0.017121036
2018-03-20,-0.0046811453,-0.02101652,-0.017660514,-0.016554609,-0.01573465,-0.013735387,-0.013007267,-0.011419242,-0.008523595,-0.008423595,-0.008323595,-0.008223595,-0.0075898846,-0.0055888407,-0.0054032267,-0.004384482,-0.0038443028,-0.0033149265,0.0019401895,0.003116885,0.0048413086,0.0074446434,0.008764715,0.009738813,0.009838813,0.010579798,0.010915086,0.012402279,0.012502279,0.01275339,0.013060341,0.016845116,0.017864168,0.018588834,0.020967972,-0.016230866,-0.011585662,-0.008606637,-0.005034107,0.0054363674,0.0108477995,0.01328744,0.01644313
2018-03-21,-0.0001833823,-0.021048462,-0.017768892,-0.01610461,-0.015370568,-0.014323419,-0.011592159,-0.01034207,-0.0078015095,-0.0077015096,-0.0069303107,-0.006830311,-0.006730311,-0.005991526,-0.004999168,-0.0038275444,-0.0037275443,-0.0036275443,0.0034741152,0.003948528,0.0056193965,0.008977592,0.009077592,0.010836968,0.010936968,0.011036968,0.011136968,0.016508482,0.016608482,0.016708482,0.016808482,0.017094383,0.017375551,0.018479798,0.020630304,-0.0160207,-0.010708371,-0.0078091635,-0.004602422,0.00659132,0.0128337,0.015667593,0.017944288
2018-03-22,0.0034440039,-0.02125808,-0.017699929,-0.015947212,-0.015401667,-0.013655235,-0.012002696,-0.011902696,-0.011635274,-0.011535274,-0.011435274,-0.011435024,-0.0100344885,-0.009438996,-0.008822669,-0.0066000726,-0.0054115676,-0.0043102056,0.004339279,0.0047223833,0.0053625475,0.007733191,0.009830924,0.010583695,0.012406372,0.012506372,0.0139772985,0.014314263,0.014414263,0.014514263,0.014614263,0.01728048,0.017697938,0.018553969,0.020941515,-0.016003521,-0.01260463,-0.010909346,-0.0073159076,0.0069127544,0.012349904,0.014983605,0.017180895
2018-03-23,0.003907664,-0.022029316,-0.017879482,-0.01603967,-0.015672687,-0.014091843,-0.012410215,-0.010442534,-0.008600692,-0.008500692,-0.008400693,-0.008112838,-0.008012838,-0.00671208,-0.00661208,-0.0065120803,-0.0064120805,-0.005295773,0.004294701,0.0052147205,0.008211344,0.009290149,0.010304125,0.0103304135,0.010759903,0.012983887,0.013083887,0.013578872,0.015272481,0.015372481,0.015472481,0.017742991,0.018596042,0.018696042,0.021028934,-0.01641671,-0.011198761,-0.0088273045,-0.0065889703,0.0075541637,0.012513956,0.015180754,0.017662587
2018-03-26,0.0065527204,-0.022143198,-0.018019607,-0.015705768,-0.015605768,-0.013714833,-0.012638429,-0.008839666,-0.008739666,-0.007996519,-0.007896519,-0.0077965194,-0.0076965196,-0.0074597886,-0.0069693476,-0.0068693478,-0.0058974433,-0.0044243727,0.002069014,0.003628389,0.005195836,0.0062015597,0.0063015595,0.006762916,0.006862916,0.006962916,0.010194827,0.010630077,0.013877537,0.015538594,0.015638594,0.017134963,0.017686008,0.018569458,0.020955687,-0.016424369,-0.0107840095,-0.008886184,-0.006391406,0.004791543,0.009239213,0.013585409,0.01756746
2018-03-27,-0.0025595224,-0.022102682,-0.017809706,-0.016069466,-0.015315762,-0.013196939,-0.012335432,-0.012235432,-0.008884034,-0.007835312,-0.007735312,-0.007635312,-0.0075353123,-0.0074353125,-0.007333443,-0.005579359,-0.0046792584,-0.002573295,0.0032212557,0.0038205795,0.0055725244,0.0075048395,0.008016922,0.008529541,0.009919416,0.010019416,0.010230471,0.011040721,0.011937571,0.012417126,0.015502924,0.017531203,0.0186626,0.0187626,0.021138838,-0.016152104,-0.011471935,-0.00878508,-0.0055601336,0.006007723,0.010004745,0.012857698,0.01707054
2018-03-28,-0.004737881,-0.021636516,-0.017749377,-0.016605169,-0.015928794,-0.013583879,-0.012283868,-0.009449899,-0.0060253977,-0.005681976,-0.0055086403,-0.0053670476,-0.005267048,-0.0044289734,-0.0036777435,-0.0035777434,-0.0034605006,-0.0021335604,0.004859232,0.0049592317,0.005881849,0.009429774,0.009529774,0.011568839,0.011668839,0.011832478,0.011845246,0.011945246,0.012045246,0.012775517,0.013069728,0.016861266,0.017673884,0.018452799,0.020720387,-0.016236488,-0.010009262,-0.006702786,-0.003643319,0.007359785,0.011530371,0.013257027,0.01637594
2018-03-29,-0.0050025117,-0.021371046,-0.017772378,-0.01623567,-0.015425356,-0.013830451,-0.012406775,-0.009810498,-0.005718289,-0.005618289,-0.0055182893,-0.00465759,-0.00455759,-0.00445759,-0.0043575903,-0.0037908324,-0.0036908323,-0.0026923679,0.0033738506,0.0047683003,0.006419277,0.006433044,0.009063296,0.009591072,0.010514403,0.011218768,0.012134292,0.012234292,0.012475092,0.012912302,0.013014979,0.017321521,0.018390303,0.018409392,0.020419363,-0.0161612,-0.009957904,-0.0065317065,-0.0038378425,0.0063017746,0.011003947,0.013629256,0.016415512
2018-04-03,-0.002181328,-0.021430776,-0.017603008,-0.016010651,-0.01562781,-0.013218016,-0.01190838,-0.007403402,-0.005955927,-0.0046242476,-0.0045242477,-0.004424248,-0.004246347,-0.0041463473,-0.0040463475,-0.0036064743,-0.0035064742,-0.0034064741,0.0049788086,0.005449706,0.007121299,0.008467807,0.008500615,0.011016766,0.011116765,0.012866687,0.012966687,0.014404341,0.0145043405,0.01460434,0.01470434,0.01695736,0.017597117,0.01832847,0.02079404,-0.015957598,-0.009180522,-0.00615625,-0.0037980035,0.0074268775,0.01227855,0.014815365,0.01707771
2018-04-04,0.0024925582,-0.0216062,-0.017860198,-0.01611712,-0.015393411,-0.013894452,-0.012975592,-0.010344864,-0.006650994,-0.0065509942,-0.0064073573,-0.004851765,-0.004751765,-0.0046517653,-0.004644113,-0.0045738043,-0.0042809774,-0.003794327,0.0035599119,0.0055051935,0.0071514226,0.010152554,0.010252554,0.010352554,0.010566079,0.010666079,0.010766079,0.012050864,0.012150864,0.012250864,0.014969845,0.0172387,0.017662996,0.01837683,0.020951029,-0.01634597,-0.010527913,-0.0070874942,-0.0044289976,0.0073870323,0.011114582,0.0129763335,0.016757453
2018-04-05,-0.005132394,-0.021008605,-0.017700337,-0.01641271,-0.015821943,-0.014221745,-0.011428332,-0.009726741,-0.008210039,-0.0063230027,-0.0057174372,-0.0056174374,-0.005372957,-0.005272957,-0.0052198786,-0.0046716803,-0.0033777524,-0.002492375,0.0035945745,0.005320069,0.006499422,0.00786902,0.007933075,0.007950252,0.010712073,0.010812073,0.010912073,0.012027426,0.0121274255,0.012895573,0.015261365,0.017548539,0.017672252,0.018517943,0.021035703,-0.016036192,-0.010420166,-0.007200344,-0.004275825,0.006799032,0.01032368,0.01312695,0.017051823
2018-04-06,0.003660825,-0.021378763,-0.017823786,-0.016422158,-0.01547752,-0.013975958,-0.01249157,-0.007238244,-0.0071382443,-0.0069427933,-0.006709584,-0.0059132623,-0.005532833,-0.005461885,-0.004956377,-0.0033330573,-0.0032330572,-0.0031330572,0.0036418603,0.0048672147,0.006566371,0.0066663707,0.0076176017,0.0077176015,0.007817602,0.007917602,0.008017601,0.008117601,0.009044061,0.012417507,0.012920106,0.017185876,0.017630609,0.018677285,0.021180727,-0.01622952,-0.010046601,-0.007466823,-0.004113762,0.005911884,0.008757582,0.0110454755,0.0164763
2018-04-09,0.0036677667,-0.021647464,-0.01777533,-0.016100563,-0.015910959,-0.01374066,-0.012995681,-0.009585761,-0.0066868523,-0.0065868525,-0.0064868527,-0.006316359,-0.0054085674,-0.004975949,-0.0048368224,-0.0038527807,-0.0015008573,-0.0014008573,0.0035170307,0.0036170308,0.00543834,0.0064083873,0.0064705396,0.007050403,0.0071504028,0.0072504026,0.0073504024,0.008163547,0.009726249,0.012689192,0.015133365,0.016995456,0.01762944,0.018497258,0.020965481,-0.01641402,-0.010391141,-0.0073107807,-0.003581535,0.005226238,0.008324817,0.011111766,0.01685615
2018-04-10,0.0014864494,-0.021335496,-0.01760351,-0.015407963,-0.0153503865,-0.0132587245,-0.012998262,-0.010777701,-0.01036997,-0.009690384,-0.007901427,-0.0070414315,-0.0069414317,-0.0064791823,-0.0062609715,-0.004831513,-0.0047476604,-0.0039097387,0.0023576685,0.0028301328,0.004080351,0.005373345,0.005473345,0.005573345,0.0056733447,0.0057733445,0.0058733444,0.0065520224,0.008262691,0.012723696,0.013673485,0.016933937,0.018145123,0.018319452,0.020647664,-0.016109277,-0.011848857,-0.008938055,-0.005358263,0.0040629683,0.0072191507,0.010311375,0.016459648
2018-04-11,0.0037781536,-0.022150757,-0.017826851,-0.01612074,-0.015816772,-0.013527226,-0.013088654,-0.009683197,-0.008775723,-0.00810327,-0.00800327,-0.00790327,-0.0076475665,-0.006769675,-0.006428314,-0.0043828986,-0.0037025926,-0.0036025925,0.0042861747,0.0046582078,0.004721511,0.005746121,0.005846121,0.0065877833,0.006687783,0.006787783,0.006887783,0.0069877827,0.0095145,0.012842676,0.01309118,0.017050223,0.017590377,0.018302698,0.02073326,-0.016482051,-0.011154316,-0.008856977,-0.0052039335,0.0052199597,0.0078104287,0.010764623,0.016404007
2018-04-12,-0.0053356346,-0.021448895,-0.017733157,-0.016075399,-0.015386385,-0.013221792,-0.012702491,-0.0093722725,-0.009296362,-0.009220089,-0.009175061,-0.0088067325,-0.008706733,-0.008606733,-0.007828318,-0.007063976,-0.0047779386,-0.003346261,0.0034990069,0.0042926427,0.005550317,0.005650317,0.0057503167,0.0058503165,0.0061827707,0.0062827705,0.0063827704,0.00648277,0.0119279595,0.012853074,0.013023195,0.016663915,0.018024256,0.018361721,0.02062571,-0.016098544,-0.011333322,-0.009697476,-0.006364645,0.005035011,0.00744385,0.011134165,0.016305525
2018-04-13,0.00023337104,-0.021783188,-0.01768149,-0.016513586,-0.015736548,-0.013319648,-0.011278724,-0.0096978145,-0.009434488,-0.0075169485,-0.0071603204,-0.0070603206,-0.0069603208,-0.006860321,-0.006498918,-0.004515831,-0.0038107147,-0.002706064,0.004872358,0.004972358,0.0055843,0.0056843,0.005828364,0.006637321,0.0067373207,0.0068373205,0.0069373203,0.009633035,0.009733035,0.013023924,0.015423586,0.017428344,0.018538611,0.018601943,0.020895492,-0.015959918,-0.010888313,-0.008338834,-0.0049183695,0.005570127,0.008391993,0.011573185,0.01707466
2018-04-16,0.0042136186,-0.021763412,-0.017745465,-0.017289747,-0.015478765,-0.013614601,-0.0122115705,-0.012063807,-0.010825275,-0.009312664,-0.009212664,-0.008739878,-0.008384303,-0.0075740376,-0.007358902,-0.0066035707,-0.005530886,-0.0050019794,0.004311914,0.004483067,0.0054390896,0.0074640014,0.0076657864,0.0077657863,0.007865787,0.007965786,0.008065786,0.008165786,0.008265786,0.012625822,0.013214282,0.016309509,0.017461115,0.018343354,0.02048457,-0.016162762,-0.012340612,-0.00964157,-0.006647043,0.005912772,0.008837794,0.010916859,0.016195506
2018-04-17,-0.002269625,-0.021426927,-0.017784145,-0.016101556,-0.015794674,-0.014140878,-0.012962569,-0.010220141,-0.00913989,-0.008363598,-0.008263598,-0.008141483,-0.007446864,-0.0072551453,-0.006765342,-0.0066993767,-0.0043407115,-0.0036870795,0.0027858156,0.0028858157,0.0031097662,0.0032097662,0.00401598,0.0041159797,0.004886009,0.005296036,0.0058135935,0.006015413,0.008780915,0.012725147,0.012978529,0.017151281,0.01854033,0.01864033,0.02108586,-0.016421838,-0.0113575505,-0.009013614,-0.005926798,0.0033754345,0.0064337114,0.010375081,0.01651623
2018-04-18,0.0028513728,-0.021783043,-0.017926835,-0.015734836,-0.01556395,-0.013402563,-0.0131018795,-0.0105264615,-0.0077107893,-0.0076107895,-0.007523508,-0.0069736163,-0.0060955677,-0.0049402597,-0.002954763,-0.0028547628,-0.0024917678,-0.0021737646,0.005877775,0.005977775,0.006077775,0.0067635155,0.0073241172,0.008135083,0.009830612,0.009930612,0.0110736545,0.011173654,0.011273654,0.012988247,0.013049714,0.017430868,0.017652703,0.018458826,0.020876309,-0.016355654,-0.010936951,-0.007874401,-0.003489735,0.00690549,0.009910343,0.012832383,0.016560793
2018-04-19,-0.0035523153,-0.021658259,-0.017732216,-0.016038373,-0.015736751,-0.01380984,-0.012989924,-0.009107338,-0.009007338,-0.00796519,-0.007781978,-0.0071496987,-0.007049699,-0.006949699,-0.0067407265,-0.0038114034,-0.0033444078,-0.0022816593,0.0051208464,0.0062781787,0.0063781785,0.0064781783,0.0073907464,0.007490746,0.0103769135,0.010476913,0.010576913,0.010676913,0.010776913,0.012231673,0.013038379,0.017066857,0.017640457,0.018414833,0.020814246,-0.016385397,-0.011021633,-0.008755728,-0.004665579,0.0069264593,0.009653399,0.012380574,0.016313199
2018-04-20,-0.0044154665,-0.021484552,-0.017768735,-0.015665218,-0.015433188,-0.01361154,-0.011009114,-0.010452049,-0.007240062,-0.0071400623,-0.0070400625,-0.006421829,-0.0063218293,-0.0048765703,-0.0047765705,-0.0029278842,-0.0029101549,-0.0013184029,0.005444981,0.005544981,0.0056491722,0.0068928865,0.008041091,0.008378122,0.008539423,0.008639423,0.009851241,0.00995124,0.010714517,0.012736695,0.012995492,0.017400712,0.018470468,0.018570468,0.020784019,-0.015861426,-0.010301301,-0.007297528,-0.003670968,0.006414288,0.009549314,0.012344832,0.016497476
2018-04-23,-0.005453765,-0.021205664,-0.017844468,-0.015669098,-0.01525805,-0.01515805,-0.0148339905,-0.009313346,-0.008900839,-0.008800839,-0.007223101,-0.007123101,-0.007023101,-0.0069231014,-0.0068231015,-0.0054898844,-0.004914543,-0.0040367143,0.0059811743,0.006081174,0.006181174,0.0064894822,0.0072833975,0.008828793,0.010654755,0.010754755,0.010854755,0.010954754,0.011054754,0.012734126,0.012963259,0.01692819,0.018032033,0.01810817,0.020541813,-0.016860044,-0.011503622,-0.0089808265,-0.005677469,0.0070775514,0.010111165,0.012726085,0.016255112
2018-04-24,0.001051428,-0.02134,-0.017777294,-0.016032042,-0.015292977,-0.013407996,-0.013099332,-0.008645803,-0.008214423,-0.007272351,-0.0071723512,-0.0070723514,-0.0069723516,-0.0068723517,-0.006772352,-0.0044188458,-0.004385616,-0.0033192185,0.004286624,0.004337686,0.00455569,0.0046786075,0.006024469,0.0077868984,0.007886899,0.0079868985,0.008877063,0.008977063,0.009749687,0.012811409,0.013075139,0.017375989,0.018660504,0.018760504,0.020692622,-0.01618352,-0.010652791,-0.008466162,-0.005193677,0.0051491014,0.008717348,0.011815145,0.016543133
2018-04-25,-0.0041938834,-0.022088917,-0.01789306,-0.016099298,-0.015783843,-0.0136011,-0.012465823,-0.008684962,-0.0076985923,-0.0069633513,-0.0068633514,-0.0067633516,-0.006663352,-0.0060006506,-0.0059006508,-0.005320544,-0.0051908595,-0.0042429287,0.0051591336,0.0052591334,0.006107627,0.006310237,0.006410237,0.007315783,0.010379182,0.010479182,0.010579182,0.010679182,0.0107791815,0.012687654,0.013045578,0.017199978,0.017708827,0.01838225,0.02115854,-0.016366549,-0.010382405,-0.007938353,-0.0054836674,0.006643063,0.009514408,0.012486805,0.0164948
2018-04-26,-0.005199618,-0.021887122,-0.017814126,-0.01726349,-0.015740432,-0.013652437,-0.012948466,-0.008476058,-0.008376058,-0.0066930414,-0.0065930416,-0.0064930418,-0.006393042,-0.006293042,-0.005138142,-0.004654798,-0.003677658,-0.0034608413,0.004066754,0.004166754,0.004871041,0.004971041,0.005622358,0.0065135015,0.007169589,0.0072695888,0.0073695886,0.00896402,0.009512869,0.01295893,0.01305893,0.01720607,0.017723484,0.018568385,0.021015806,-0.016408516,-0.0107514225,-0.0081207305,-0.004684896,0.005049036,0.00826568,0.011305777,0.016561624
2018-04-27,-0.00047685156,-0.021861583,-0.017824763,-0.016008886,-0.015329255,-0.013892406,-0.011767712,-0.011667713,-0.008117402,-0.008017402,-0.0060194065,-0.0059194067,-0.005819407,-0.0055088797,-0.004273198,-0.003085672,-0.0011315291,-0.0010315292,0.0042478703,0.00434787,0.0052262563,0.00583397,0.0061549908,0.0061926832,0.0070641492,0.007164149,0.007264149,0.008675045,0.008675436,0.013765987,0.013803076,0.017372418,0.018649124,0.018749123,0.020903876,-0.016135145,-0.011115822,-0.007446562,-0.0030882668,0.005344023,0.008390571,0.011405948,0.016918896
2018-04-30,-0.0028451874,-0.0219231,-0.017791552,-0.016086552,-0.015306495,-0.013795166,-0.013030043,-0.009486465,-0.007802047,-0.007239127,-0.0067025716,-0.006660224,-0.006072384,-0.005972384,-0.005872384,-0.0057723843,-0.0056723845,-0.005657404,0.0039172377,0.0042522154,0.004352215,0.004452215,0.004552215,0.0046522147,0.0047522145,0.006314129,0.0065749204,0.007794523,0.011080591,0.016382428,0.016482428,0.017408727,0.017703857,0.018463166,0.020854024,-0.016369272,-0.010728847,-0.007915886,-0.0059269564,0.00434522,0.007939102,0.011907264,0.017918155
2018-05-02,-0.008818399,-0.022081267,-0.017716145,-0.016227802,-0.015815709,-0.013347159,-0.012121833,-0.010208565,-0.009512098,-0.009412098,-0.008874897,-0.008819,-0.008103483,-0.008045265,-0.007346253,-0.0062285145,-0.004244584,-0.0028868364,0.005504874,0.005792292,0.0058922917,0.0064251376,0.0065251375,0.0070537063,0.007153706,0.007253706,0.0077025113,0.00817989,0.009885906,0.01162376,0.012950761,0.017293809,0.017614812,0.018474324,0.020956228,-0.016216423,-0.01149648,-0.009331515,-0.0059050373,0.006153661,0.00812724,0.0110013755,0.016259776
2018-05-03,0.00026735733,-0.021999573,-0.017882911,-0.016014189,-0.0154903,-0.01396461,-0.01221226,-0.008906857,-0.008806857,-0.008405714,-0.0071583474,-0.0070583476,-0.0069583477,-0.006858348,-0.006758348,-0.00671413,-0.0062695118,-0.005592327,0.002740876,0.003493704,0.003593704,0.003693704,0.0051212367,0.0056202356,0.006593628,0.0066936277,0.007654893,0.0103699975,0.011657872,0.017356796,0.017372714,0.017395271,0.018442694,0.018453259,0.020701472,-0.016309932,-0.010869175,-0.008398833,-0.006478533,0.004023123,0.009032379,0.013096452,0.0182559
2018-05-04,-0.0020990053,-0.021884367,-0.017832275,-0.017675137,-0.01738361,-0.015823992,-0.015723992,-0.015623992,-0.014038745,-0.011998768,-0.011898768,-0.011798768,-0.0116987685,-0.011598769,-0.010515564,-0.008004499,-0.007904499,-0.0063424963,0.003964746,0.0040647457,0.0041647456,0.0062982263,0.006398226,0.006498226,0.007368266,0.008431708,0.008531708,0.012791868,0.01320443,0.014716562,0.018617574,0.019131547,0.019494306,0.019931981,0.020750267,-0.01772965,-0.015012127,-0.012991808,-0.008913165,0.005172146,0.009767318,0.013747776,0.018629586
2018-05-07,-0.0015708619,-0.02147188,-0.017603826,-0.017053157,-0.016953157,-0.016360529,-0.015510281,-0.013017131,-0.00968715,-0.00958715,-0.008193457,-0.008093457,-0.007282711,-0.0071827113,-0.0052149226,-0.0042255246,-0.0023952231,-0.0012773419,0.004568483,0.004928652,0.005028652,0.0071608117,0.008468675,0.008568675,0.008575988,0.008783494,0.008944631,0.009627455,0.009727455,0.01383209,0.016541163,0.017463664,0.018623384,0.018625325,0.021158803,-0.017579935,-0.012970974,-0.009571262,-0.0042412938,0.0060525173,0.009856078,0.012151003,0.017524209
2018-05-08,-0.00538686,-0.022022907,-0.017784853,-0.016564425,-0.01562649,-0.013424445,-0.012708747,-0.011532344,-0.011432344,-0.011332344,-0.009764482,-0.009308083,-0.008220987,-0.0073478622,-0.0048698974,-0.004622571,-0.00404737,-0.0027028115,0.005460685,0.005567927,0.0058339434,0.007599649,0.00865161,0.00875161,0.00885161,0.00895161,0.00905161,0.00915161,0.009251609,0.012908622,0.013874365,0.017216027,0.018391142,0.018423177,0.020888902,-0.016313488,-0.01271404,-0.009894884,-0.0051101465,0.0066627627,0.009683013,0.011750919,0.01666222
2018-05-09,-0.00091294263,-0.022197407,-0.017873498,-0.017310644,-0.015183832,-0.0138336625,-0.0128215505,-0.010015952,-0.007895511,-0.0067210714,-0.006002969,-0.0057314024,-0.0050934395,-0.0049934397,-0.0031387394,-0.0016481668,-0.0015303647,-0.00085446256,0.00517836,0.0059196483,0.006612611,0.007037241,0.00822963,0.010340708,0.010440708,0.010540708,0.011247599,0.011347598,0.015509496,0.015609496,0.016124107,0.017447304,0.018597452,0.018697452,0.02073169,-0.01638199,-0.010952947,-0.0073613822,-0.002580627,0.007037713,0.011213629,0.014462328,0.017722009
2018-05-10,0.0038170035,-0.021980882,-0.017825756,-0.01620412,-0.015550206,-0.01315629,-0.012855885,-0.0111170085,-0.011017009,-0.010080281,-0.008508867,-0.007764096,-0.0068617035,-0.0067617036,-0.006661704,-0.0065015033,-0.0044254437,-0.0032533067,0.007058795,0.008817961,0.008917961,0.009017961,0.009581573,0.009681573,0.010959449,0.011059449,0.011159449,0.011259449,0.011413251,0.013202193,0.0140735125,0.017033642,0.017598836,0.018289259,0.020689076,-0.016273804,-0.012254861,-0.009201033,-0.0057212105,0.008954426,0.010956848,0.012926635,0.016657537
2018-05-11,0.004551633,-0.021972645,-0.017929105,-0.01733195,-0.016993595,-0.015158858,-0.015058858,-0.012620648,-0.012520649,-0.010129781,-0.009434382,-0.009010339,-0.0069447905,-0.00685712,-0.0033831005,-0.0018703706,-0.0017703706,-0.0003865087,0.0058050677,0.0059050675,0.0076793823,0.009178788,0.0110895205,0.01118952,0.011348418,0.011448418,0.01223421,0.01233421,0.0140097905,0.01410979,0.015812544,0.017101355,0.01831336,0.018473163,0.020586735,-0.017422613,-0.013532378,-0.01016316,-0.0032841377,0.007983345,0.012034291,0.014200273,0.017216718
2018-05-14,0.0019977605,-0.020802274,-0.017625932,-0.016440768,-0.015553821,-0.013359155,-0.012757991,-0.009425557,-0.008201718,-0.0065534776,-0.006453478,-0.006353478,-0.006253478,-0.0061534783,-0.0060534785,-0.0055217454,-0.0046508764,-0.0030753808,0.00310167,0.0042804456,0.0043804455,0.0062394342,0.008620911,0.008720911,0.010608486,0.010708486,0.010808486,0.010908485,0.011008485,0.012614169,0.013062697,0.017030355,0.01769131,0.018476324,0.021023339,-0.016019834,-0.0106759025,-0.007964028,-0.0051309923,0.0057220967,0.010314592,0.012606187,0.016441377
2018-05-15,-0.009358623,-0.021837791,-0.017904358,-0.015678518,-0.015578518,-0.013124076,-0.0114207715,-0.011320772,-0.009578189,-0.009478189,-0.009378189,-0.0085128695,-0.00841287,-0.007856341,-0.006502593,-0.005402896,-0.004918611,-0.0042240554,0.00519176,0.0062354314,0.007315219,0.0096160425,0.009716042,0.0099474685,0.0113063725,0.011406372,0.011506372,0.011606372,0.011706372,0.012868052,0.013040754,0.016671902,0.016771901,0.018435158,0.020824853,-0.015973102,-0.0114952875,-0.009329272,-0.005912205,0.007932965,0.011108862,0.012891814,0.016368145
2018-05-16,-0.006486034,-0.021151995,-0.01756224,-0.017083801,-0.0151841985,-0.0132270865,-0.012809285,-0.0074897935,-0.0073897936,-0.0064569856,-0.006356986,-0.006313738,-0.006213738,-0.0057002343,-0.0056002345,-0.005293289,-0.0037649123,-0.0025211459,0.005034675,0.006156708,0.0069287373,0.007532076,0.009469683,0.011598771,0.012533524,0.014435382,0.014535381,0.015076176,0.017876904,0.017976904,0.01991786,0.02001786,0.02011786,0.02021786,0.020479161,-0.01598696,-0.010245932,-0.0076940074,-0.004698664,0.007637144,0.013711383,0.017116645,0.019721929
2018-05-17,0.0008395487,-0.021785384,-0.0179108,-0.016437536,-0.016095674,-0.015060423,-0.012956696,-0.012378606,-0.010916189,-0.010816189,-0.010621349,-0.008311301,-0.008211301,-0.0066605574,-0.0046571307,-0.002593843,-0.0021022533,-0.0019550947,0.004602735,0.005697274,0.0066662515,0.008523686,0.00936358,0.010872478,0.0109724775,0.011072477,0.0119266845,0.012784578,0.01387184,0.01397184,0.017036144,0.017531253,0.01858709,0.018703422,0.020714896,-0.016761797,-0.012701044,-0.009873219,-0.003923924,0.0072924853,0.01161299,0.014228406,0.01759151
2018-05-18,-0.0018390215,-0.022063917,-0.017920846,-0.015911244,-0.015131,-0.013077716,-0.01236572,-0.01226572,-0.012165721,-0.012065721,-0.0116439285,-0.011543929,-0.011443929,-0.009971965,-0.009871965,-0.0073789624,-0.006309017,-0.006211882,0.0017338159,0.0027021028,0.0046002334,0.0051166182,0.005900931,0.006955183,0.008397261,0.0084972605,0.008966325,0.009891747,0.0106986435,0.013355222,0.013924293,0.017377758,0.017679555,0.01841751,0.020505995,-0.01611184,-0.012954826,-0.011518253,-0.008263151,0.0045100064,0.008920069,0.012118298,0.016716156
2018-05-21,-0.0006392525,-0.021939091,-0.017668601,-0.015708724,-0.015595191,-0.01337746,-0.011990695,-0.011927216,-0.008249025,-0.008149025,-0.008049025,-0.007949025,-0.007849026,-0.007826511,-0.005870858,-0.005073729,-0.004973729,-0.0048737293,0.004345271,0.0044452706,0.0057200585,0.007156197,0.009348393,0.009780541,0.010829217,0.010929217,0.011132851,0.011232851,0.012985995,0.013085995,0.013185995,0.016680732,0.01790274,0.018677715,0.021064388,-0.016114209,-0.0112049375,-0.008792857,-0.0057482137,0.0064992025,0.010875398,0.013268086,0.016538966
2018-05-22,0.0013799343,-0.021631084,-0.017703632,-0.016244408,-0.015199426,-0.013757377,-0.012514117,-0.011047829,-0.010947829,-0.010847829,-0.010050694,-0.009660999,-0.009560999,-0.006522964,-0.0049284818,-0.0028279612,-0.0027279612,-0.0025248905,0.0053622113,0.0057956805,0.0071164644,0.007861471,0.0090652555,0.009165255,0.01033444,0.011681429,0.011781429,0.011939817,0.012039817,0.012523523,0.013038284,0.016999166,0.017587986,0.01835733,0.020501295,-0.016161127,-0.012320402,-0.009919321,-0.004534059,0.0072940527,0.010875056,0.013174513,0.016283918
2018-05-23,-0.0077693784,-0.021801816,-0.01796532,-0.016652767,-0.0155332135,-0.013725724,-0.012893448,-0.009381824,-0.009281824,-0.0091818245,-0.009081825,-0.008627124,-0.0071087764,-0.0063333414,-0.0049294755,-0.003528341,-0.0025908987,-0.002079218,0.003220753,0.0046677208,0.0050600613,0.0063956506,0.007943425,0.008295681,0.009954333,0.010416485,0.011449814,0.013237491,0.01542411,0.01552411,0.01562411,0.017202662,0.017302662,0.018426975,0.020988172,-0.016383905,-0.0114783365,-0.008939843,-0.0043510115,0.0058597038,0.011083439,0.014587638,0.017553207
2018-05-24,0.0030655488,-0.02151936,-0.017743465,-0.016482765,-0.015630094,-0.013178764,-0.012517255,-0.011218071,-0.010805283,-0.009514662,-0.007326659,-0.007226659,-0.005708391,-0.005608391,-0.005540583,-0.005290117,-0.004585829,-0.0044858293,0.0021192837,0.005026944,0.005614102,0.0069344803,0.00703448,0.010178822,0.011413497,0.012762065,0.013989918,0.014089918,0.014190836,0.014290836,0.014672724,0.01715135,0.018353896,0.018506857,0.020924533,-0.016117787,-0.012107608,-0.008393195,-0.0054258034,0.006221662,0.011671224,0.01498308,0.017109258
2018-05-25,-0.005411611,-0.02158424,-0.017777584,-0.016220381,-0.015536319,-0.01543632,-0.011965514,-0.011569316,-0.010788753,-0.010688753,-0.010588753,-0.008626247,-0.008526247,-0.008426247,-0.008326247,-0.0082262475,-0.007458124,-0.0066240462,0.003539387,0.0037173778,0.0077969073,0.009009729,0.011131347,0.011318097,0.011418097,0.011518097,0.011618096,0.01185717,0.0125926165,0.013780687,0.0151854865,0.017481368,0.017706921,0.01852203,0.02071739,-0.016459996,-0.012246544,-0.010059102,-0.007852182,0.0070962994,0.01192108,0.013511099,0.017137391
2018-05-28,-0.0031768,-0.0221274,-0.017886005,-0.01735162,-0.015311532,-0.013120176,-0.012519978,-0.009618921,-0.009518921,-0.008105751,-0.008005751,-0.007961895,-0.0078618955,-0.004824111,-0.0036689902,0.00021414067,0.00031414066,0.00041414067,0.0036818653,0.0037818654,0.004769598,0.00709984,0.008152132,0.008910437,0.009353902,0.010983479,0.01127047,0.011277713,0.011377713,0.012702678,0.0131199965,0.017320296,0.017420296,0.018588532,0.020956194,-0.016193017,-0.011423038,-0.008546132,-0.0021376926,0.005737414,0.010405288,0.012809774,0.01653754
2018-05-29,-0.006704312,-0.022183098,-0.017815463,-0.015948318,-0.0154276,-0.013153842,-0.013053842,-0.012953842,-0.0091194445,-0.009019445,-0.008450782,-0.008350782,-0.007401912,-0.0054469174,-0.0033383027,-0.00047385858,-0.00037385858,-0.00037191535,0.005242878,0.005528778,0.0070466152,0.008140773,0.010378982,0.011359793,0.011981552,0.012081551,0.013553776,0.013670793,0.013770793,0.013870792,0.015707145,0.017505432,0.017686533,0.01866193,0.021182185,-0.016326768,-0.012018979,-0.00869458,-0.0025817435,0.0075881192,0.012272382,0.014510537,0.017385498
2018-05-30,0.009746089,-0.021442786,-0.017761912,-0.017346349,-0.017024698,-0.016962225,-0.016862225,-0.01598605,-0.01588605,-0.011455524,-0.009542291,-0.0095151,-0.0094151,-0.0074927546,-0.0054274937,-0.0043120547,-0.0030162362,-0.002132109,0.003992397,0.0040923967,0.0051095244,0.006060151,0.007343169,0.008860452,0.010336006,0.010761387,0.013243618,0.013343618,0.01797575,0.01807575,0.01817575,0.018275749,0.018375749,0.018402476,0.020303523,-0.018010769,-0.015507239,-0.011839684,-0.0048805987,0.005918095,0.011676875,0.016202897,0.01864665
2018-05-31,0.00041786983,-0.022110032,-0.017583782,-0.017281732,-0.01565745,-0.01535313,-0.015186282,-0.015086282,-0.013741072,-0.01198293,-0.011081898,-0.010981898,-0.010881898,-0.010781898,-0.010681898,-0.009524576,-0.007864388,-0.0052589327,0.0039358973,0.0057900664,0.0065188883,0.0072159315,0.0076548876,0.009729293,0.011450294,0.011550294,0.011650294,0.011750294,0.012840974,0.013021143,0.013938072,0.016961884,0.01722156,0.018346963,0.02022504,-0.017178135,-0.01465566,-0.012334609,-0.008862339,0.0069822157,0.010741182,0.013296853,0.016498622
2018-06-01,0.0007795568,-0.02109354,-0.017596697,-0.017496698,-0.016969329,-0.016064528,-0.015964529,-0.015864529,-0.015764529,-0.015664529,-0.01279576,-0.012174379,-0.012074379,-0.011974379,-0.011856012,-0.00971238,-0.008866921,-0.0069013843,0.00482015,0.006896532,0.0076032453,0.009273492,0.009373492,0.009473491,0.010160339,0.010260339,0.010872944,0.014329969,0.014429969,0.014799363,0.01598873,0.019089285,0.019189285,0.02009566,0.0207975,-0.017537724,-0.016150963,-0.013714716,-0.009902215,0.007750752,0.011647331,0.014724307,0.018154107
2018-06-04,0.0014760656,-0.020973131,-0.017647991,-0.015961565,-0.015359345,-0.014553501,-0.014011236,-0.013911236,-0.013495011,-0.013395011,-0.012411402,-0.012311402,-0.011304728,-0.011204728,-0.009184353,-0.008691193,-0.008173009,-0.007031812,0.0072938246,0.008150835,0.008494541,0.008852269,0.009219451,0.01009066,0.01019066,0.01029066,0.01039066,0.010548675,0.011007629,0.013680268,0.014318021,0.017223809,0.017344402,0.018473566,0.020977527,-0.016509041,-0.014154811,-0.01248542,-0.009078354,0.008596426,0.010765943,0.012594327,0.016934637
2018-06-05,-0.0019707137,-0.021900581,-0.017899381,-0.015856232,-0.015689693,-0.013793668,-0.013717827,-0.009990365,-0.009207704,-0.009107704,-0.009007704,-0.008907705,-0.008807705,-0.008707705,-0.008607705,-0.008507705,-0.007950807,-0.0066020205,0.0055845208,0.0066719577,0.0067719575,0.0068719573,0.007483052,0.008929482,0.009029482,0.009175588,0.009275588,0.009311782,0.010731756,0.012664966,0.013003602,0.017153677,0.017253676,0.018520553,0.021035109,-0.01660023,-0.011575966,-0.009889728,-0.008115189,0.006985975,0.009512974,0.011847554,0.016475582
2018-06-06,0.00899594,-0.02194598,-0.017848078,-0.015571434,-0.015471434,-0.014302621,-0.012810036,-0.012710036,-0.012610036,-0.012510036,-0.011406282,-0.011306282,-0.009339067,-0.008933549,-0.008920434,-0.007142683,-0.007042683,-0.0069426834,0.0064058113,0.006586033,0.009616275,0.009716275,0.009986781,0.00999866,0.011403838,0.011503838,0.011603838,0.011703838,0.0118038375,0.012586982,0.013067421,0.017077494,0.017463136,0.018472075,0.02095381,-0.016475629,-0.013242316,-0.011019794,-0.008270953,0.008745646,0.01115602,0.0130323265,0.016431557
2018-06-07,0.0031366458,-0.02126817,-0.017732136,-0.017246567,-0.016965054,-0.016676897,-0.015209566,-0.015109566,-0.013861375,-0.011082942,-0.010119837,-0.010019837,-0.009919837,-0.008565682,-0.008465682,-0.005326143,-0.005226143,-0.0051261433,0.0051427134,0.005831605,0.0060622683,0.00838179,0.008481789,0.008677697,0.009857156,0.009957156,0.012302478,0.012402478,0.0125024775,0.014634421,0.014911392,0.017127603,0.017246129,0.018489296,0.020857917,-0.017570365,-0.014502004,-0.011535259,-0.0068327906,0.0070551066,0.010830708,0.013817596,0.017204124
2018-06-08,-0.0034805795,-0.021637639,-0.01771263,-0.015617462,-0.015165838,-0.013382473,-0.012845222,-0.010216007,-0.010116007,-0.010016007,-0.009943982,-0.009305035,-0.008793042,-0.0076540434,-0.0075540436,-0.007521858,-0.006919407,-0.005217049,0.0061360393,0.006778478,0.006878478,0.008218072,0.008318072,0.009792613,0.009892613,0.0099926125,0.01050854,0.010744842,0.01124557,0.012694272,0.012950783,0.017550198,0.017657511,0.018591462,0.020826485,-0.01614876,-0.01176214,-0.009870459,-0.0073034787,0.007580736,0.010308483,0.012570147,0.01652264
2018-06-11,0.0024092922,-0.022128992,-0.017964255,-0.015677318,-0.015477765,-0.013136651,-0.0130716115,-0.01066737,-0.009452558,-0.008644846,-0.0076356702,-0.0075356704,-0.0074356706,-0.0073356708,-0.007235671,-0.007135671,-0.0070356713,-0.006981953,0.004081434,0.0044025443,0.005094664,0.0063923295,0.0074712816,0.009178615,0.010173631,0.010273631,0.011442608,0.012424281,0.016692158,0.016792158,0.016892157,0.017230008,0.017330008,0.018551996,0.020663653,-0.016355854,-0.011502741,-0.0089862365,-0.0071849274,0.0060289204,0.011227992,0.014936241,0.018025994
2018-06-12,-0.0009112854,-0.021730289,-0.017714132,-0.01615771,-0.015949396,-0.013587946,-0.013487946,-0.013356926,-0.010826009,-0.0107260095,-0.01062601,-0.01052601,-0.01042601,-0.01032601,-0.01022601,-0.009220471,-0.008555014,-0.0045136614,0.003309236,0.003434421,0.0046891184,0.0062557277,0.0074874447,0.008398756,0.009349729,0.009449729,0.00986131,0.00996131,0.01030523,0.012881402,0.01302743,0.017351534,0.017451534,0.01847948,0.020906596,-0.016493943,-0.01291092,-0.011138397,-0.008608233,0.0054076463,0.009635729,0.012092156,0.016529288
2018-06-13,-0.0007041656,-0.022041686,-0.017681446,-0.015819509,-0.0154298255,-0.013132405,-0.011318485,-0.010176952,-0.010008287,-0.0092827575,-0.009230917,-0.008737662,-0.0078114388,-0.0072436673,-0.005393293,-0.0049574366,-0.0047158035,-0.0035823628,0.0061111916,0.006310912,0.007674605,0.009120139,0.010457882,0.011001222,0.011460832,0.01171379,0.01181379,0.011913789,0.013187336,0.013287336,0.013387335,0.017253835,0.0174817,0.018561717,0.020959621,-0.01592077,-0.011321198,-0.00912256,-0.0054773116,0.008135537,0.011674804,0.01353679,0.016689967
2018-06-14,-0.012719685,-0.02177158,-0.017857512,-0.01575318,-0.015455224,-0.013527606,-0.012361566,-0.008414585,-0.006861994,-0.006761994,-0.0066619944,-0.0065619946,-0.0064619947,-0.006361995,-0.006261995,-0.006161995,-0.0060619954,-0.0060393885,0.004769654,0.005464638,0.0057808505,0.008073565,0.008135474,0.010095193,0.010195193,0.010636297,0.010736297,0.010836297,0.011311279,0.016523013,0.016623013,0.016826494,0.017331637,0.01834954,0.020635508,-0.016194697,-0.010030664,-0.0077419085,-0.0062174737,0.0068567796,0.011245255,0.013347705,0.017791513
2018-06-15,-0.0015849858,-0.02195843,-0.018472381,-0.01816002,-0.0174447,-0.016667593,-0.016567593,-0.016467594,-0.012924649,-0.012824649,-0.012724649,-0.011466683,-0.009659583,-0.0085573485,-0.008252151,-0.0073395655,-0.006953086,-0.005266345,0.0044934857,0.005096822,0.005196822,0.005323521,0.006993479,0.0070684534,0.0072888983,0.008992045,0.010958513,0.011058513,0.012204276,0.01456787,0.014676964,0.018282523,0.019713327,0.019813327,0.021199526,-0.018222138,-0.0153889,-0.012086764,-0.007855566,0.0054799095,0.009736072,0.0137005,0.017708043
2018-06-18,-0.00085267285,-0.02129013,-0.01842447,-0.018076135,-0.017976135,-0.015447992,-0.014601892,-0.014501892,-0.014401892,-0.012737169,-0.012637169,-0.010925081,-0.010388976,-0.0075392197,-0.00743922,-0.0068601454,-0.006349421,-0.004764065,0.009289838,0.010039157,0.010646483,0.012414347,0.012944594,0.013044594,0.013144594,0.0132445935,0.013344593,0.013444593,0.013544593,0.013731963,0.016030945,0.01731236,0.01813222,0.01901634,0.020445716,-0.017548125,-0.0148637965,-0.01191383,-0.007267587,0.011106884,0.013282068,0.014439592,0.017307466
2018-06-19,-0.0023723575,-0.021303296,-0.017677614,-0.015479792,-0.015059137,-0.013255612,-0.012932227,-0.012832227,-0.012732227,-0.0126322275,-0.012273901,-0.010641743,-0.010541744,-0.009193291,-0.007427701,-0.006857352,-0.0057816743,-0.0046761017,0.0023274454,0.0033271061,0.0040172786,0.0046525593,0.0077560097,0.0078560095,0.007956009,0.008639155,0.009745421,0.010363405,0.0104634045,0.013076395,0.013176395,0.017399015,0.017500183,0.018625993,0.02099124,-0.016045578,-0.01332174,-0.011534678,-0.0070769144,0.0044560796,0.009538194,0.012229761,0.016653808
2018-06-20,0.0011523747,-0.021880412,-0.017533166,-0.01564156,-0.015444483,-0.013232681,-0.013132681,-0.010255863,-0.009137665,-0.0090936795,-0.008613832,-0.007957711,-0.0074785217,-0.007378522,-0.007278522,-0.0071185282,-0.0062112333,-0.0061112335,0.0039970977,0.005669465,0.0073818527,0.009243821,0.009640264,0.009740264,0.009840264,0.009940264,0.010040264,0.012318112,0.013666121,0.013766121,0.014012574,0.01703921,0.017328417,0.018432103,0.020698465,-0.016244683,-0.011452289,-0.009148244,-0.006935446,0.0072264997,0.0110810045,0.013423806,0.016789693
2018-06-21,0.00072872,-0.021806134,-0.01780107,-0.0160465,-0.0159465,-0.013790106,-0.013690107,-0.009648565,-0.009548565,-0.009448566,-0.009348566,-0.009248566,-0.009148566,-0.009048566,-0.008948566,-0.008691998,-0.008054792,-0.0068608276,0.006163182,0.0077580735,0.008871766,0.009145534,0.009646255,0.009746254,0.010026012,0.010126011,0.010226011,0.011324387,0.012574928,0.013498858,0.015095661,0.016501805,0.017466525,0.018414699,0.020759935,-0.016606783,-0.0116764605,-0.010156875,-0.00836095,0.008392913,0.010868353,0.0130181415,0.016854191
2018-06-22,0.0025699928,-0.022061097,-0.01767047,-0.01757047,-0.017545009,-0.016304083,-0.015601963,-0.014767711,-0.013554416,-0.013132847,-0.011448734,-0.011348735,-0.01094493,-0.009740804,-0.007634924,-0.005241689,-0.004780839,-0.0046808394,0.0027982811,0.004030714,0.0048131277,0.006211832,0.006311832,0.006411832,0.0072446875,0.007940903,0.008754751,0.010797112,0.012164989,0.013126367,0.013611816,0.01687624,0.017420623,0.018483518,0.020752203,-0.017836522,-0.014925482,-0.01225817,-0.006737405,0.0050197286,0.008917609,0.012452768,0.016570028
2018-06-25,0.005443144,-0.022100883,-0.017960697,-0.016054347,-0.015765628,-0.01403825,-0.013151193,-0.010615126,-0.010515126,-0.009748536,-0.009648536,-0.0095485365,-0.009051663,-0.008951663,-0.008091852,-0.0048945597,-0.004573269,-0.0030342035,0.0038581248,0.0048227008,0.005848618,0.005948618,0.0062574376,0.0064371987,0.0065371986,0.0074656405,0.009731475,0.0111027565,0.013912996,0.01603215,0.016531065,0.016631065,0.016731065,0.018506393,0.020601034,-0.01660333,-0.012016865,-0.010263637,-0.0060284836,0.005403052,0.009459036,0.013502088,0.017660342
2018-06-26,-0.001534115,-0.021432398,-0.017890593,-0.016114729,-0.015481995,-0.014031834,-0.012989117,-0.010309457,-0.009712296,-0.009612296,-0.009395927,-0.009377199,-0.009301566,-0.008378062,-0.008184265,-0.007438143,-0.007338143,-0.00655044,0.0024026036,0.0030916259,0.0036274935,0.0037274936,0.0040632305,0.0044586826,0.0060472623,0.006675975,0.009360964,0.011248703,0.012533653,0.01591402,0.016675815,0.016775815,0.016857088,0.018256575,0.020484313,-0.01636519,-0.011747578,-0.009955394,-0.007777638,0.0037792958,0.008472122,0.013182884,0.017621307
2018-06-27,-0.007539938,-0.021925472,-0.017693382,-0.015700048,-0.01553823,-0.013848967,-0.013104881,-0.013004881,-0.012795261,-0.010255733,-0.010090694,-0.0095319515,-0.008453238,-0.0076135257,-0.006199729,-0.0047475365,-0.0045343973,-0.0039096824,0.0058602937,0.0059313937,0.0060313935,0.008828445,0.008928445,0.009028445,0.009128445,0.009228445,0.0093284445,0.011475943,0.011740552,0.01265467,0.013063316,0.01731318,0.01741318,0.018534414,0.021009853,-0.016422186,-0.012972161,-0.0104115205,-0.005784659,0.0071559944,0.01026319,0.012522558,0.016515087
2018-06-28,-0.00044669784,-0.022134343,-0.017655715,-0.015993435,-0.015672373,-0.013866362,-0.012080681,-0.008923274,-0.008823275,-0.008723275,-0.0087169865,-0.008695431,-0.007493144,-0.0055028014,-0.0054028016,-0.00300624,-0.0014681685,-0.0013681685,0.0030775021,0.0043539545,0.0044539543,0.0054679173,0.0060576936,0.00631125,0.0076966947,0.008046829,0.009650337,0.01140825,0.015356494,0.018711418,0.018811418,0.018911418,0.019011417,0.019111417,0.020953108,-0.016281893,-0.010908788,-0.008523378,-0.0039881617,0.005010004,0.010107088,0.014827582,0.019299755
2018-06-29,0.0081172455,-0.02154145,-0.017502366,-0.017095948,-0.016995948,-0.014866738,-0.014083301,-0.013983301,-0.013694518,-0.012796285,-0.012773917,-0.012673917,-0.011051127,-0.009475131,-0.009375131,-0.00725449,-0.0061236974,-0.005738029,0.005154444,0.0052544437,0.0061851703,0.0065792236,0.007863399,0.0079633985,0.008688928,0.008788927,0.008887178,0.010268047,0.011000529,0.013553825,0.013937754,0.01715565,0.017644998,0.018254746,0.020745471,-0.01699796,-0.01433067,-0.012215598,-0.008233054,0.006372442,0.009687519,0.012270915,0.016729489
2018-07-02,-0.0062303892,-0.021803211,-0.017913947,-0.016309408,-0.015636398,-0.013879647,-0.013036895,-0.011964287,-0.011179865,-0.009174142,-0.008274719,-0.008174719,-0.0068518324,-0.0067518326,-0.0066518327,-0.0044902517,-0.004110273,-0.003357131,0.0042629614,0.006382593,0.006482593,0.006784255,0.006884255,0.007226811,0.0084833745,0.008754394,0.009124536,0.0112918215,0.011934523,0.013831421,0.014515647,0.016947955,0.017088283,0.018208237,0.020561203,-0.01645402,-0.012332919,-0.009219029,-0.0053568417,0.0064791553,0.00959774,0.012654116,0.016812893
2018-07-03,0.0041621937,-0.02198744,-0.017628957,-0.015738806,-0.015581355,-0.014477405,-0.011867778,-0.011767779,-0.0115429135,-0.011491503,-0.011180136,-0.011004718,-0.0098879095,-0.009140751,-0.007521739,-0.0046886443,-0.0045886445,-0.0037953327,0.002811569,0.0033905574,0.0041390043,0.0056828093,0.006523145,0.006632358,0.0067323577,0.0068323575,0.009908838,0.010008838,0.0114346035,0.012878899,0.012957651,0.016715191,0.017302584,0.018251112,0.020560691,-0.016308587,-0.0124817565,-0.010723898,-0.0063198158,0.0045512593,0.00857512,0.012306753,0.016272709
2018-07-04,-0.0010045635,-0.021245833,-0.017413467,-0.016050167,-0.015184829,-0.014326022,-0.011471848,-0.0104585225,-0.009687755,-0.009370451,-0.0087477565,-0.008647757,-0.008547757,-0.008447757,-0.007759831,-0.006122162,-0.0055096685,-0.005122547,0.0032403097,0.0035909167,0.0044399933,0.004539993,0.0055660238,0.0056660236,0.006128889,0.006228889,0.007255102,0.010131467,0.010479071,0.012240521,0.013062729,0.016513586,0.017268915,0.01812535,0.020782687,-0.015928399,-0.011407749,-0.009380575,-0.0066323937,0.0043880204,0.0079665845,0.011475015,0.016144974
2018-07-05,0.0047156913,-0.021541875,-0.017614396,-0.016013814,-0.015613066,-0.014233536,-0.013091687,-0.012991687,-0.012891687,-0.012791688,-0.012691688,-0.012288981,-0.012188981,-0.010655959,-0.008382665,-0.0060871276,-0.0055951714,-0.0040805424,0.006666808,0.0077513806,0.007963077,0.008063077,0.008163077,0.008183352,0.008434335,0.008977247,0.008981574,0.009059118,0.010401328,0.012600202,0.012864874,0.016456764,0.017524078,0.018598976,0.020968348,-0.016418913,-0.013556113,-0.012304001,-0.0072868974,0.007775736,0.0093966,0.011713261,0.016297832
2018-07-06,0.003473774,-0.021763453,-0.017827278,-0.01582607,-0.015495107,-0.014253066,-0.012303437,-0.012203437,-0.012103437,-0.01144397,-0.010973651,-0.010873651,-0.010773651,-0.009051868,-0.008242011,-0.005241159,-0.0035922648,-0.0032955422,0.0056369985,0.0059819045,0.0071377414,0.008401445,0.008434006,0.009093612,0.00959988,0.011337428,0.011437428,0.011615684,0.011715684,0.012781106,0.013019629,0.017239284,0.017598972,0.01865468,0.021104792,-0.016328467,-0.012776071,-0.011041209,-0.006248926,0.0073515936,0.010652368,0.013029775,0.016559897
2018-07-09,0.00064094446,-0.0220233,-0.017830843,-0.015543431,-0.015443431,-0.014131676,-0.012304497,-0.010128584,-0.00853793,-0.0078119827,-0.007711983,-0.007611983,-0.007511983,-0.0074119833,-0.0067686895,-0.0066686897,-0.005557617,-0.0036878984,0.0036488702,0.0051750457,0.0062822984,0.007337829,0.007437829,0.0075378288,0.0076378286,0.010154117,0.010254117,0.015131084,0.015231084,0.016357118,0.016408915,0.017247325,0.017419945,0.018586194,0.02098582,-0.016346749,-0.010865285,-0.008695675,-0.006058975,0.0060163746,0.011323595,0.01487867,0.017917074
2018-07-10,-0.0013654293,-0.022110982,-0.017738529,-0.016557798,-0.015594431,-0.014772906,-0.013311899,-0.011749618,-0.009294578,-0.009194578,-0.009094578,-0.008423557,-0.008323557,-0.008223557,-0.008123557,-0.007416011,-0.0065448335,-0.00541573,0.0055472823,0.007557029,0.009030474,0.0102222515,0.010322251,0.011492012,0.011592012,0.011692012,0.011792012,0.013154636,0.01392408,0.01402408,0.01412408,0.016567858,0.017064795,0.018286938,0.020634284,-0.01670575,-0.012021694,-0.009649633,-0.007184738,0.008789809,0.012136998,0.01399192,0.016727448
2018-07-11,-0.0005181154,-0.021257095,-0.017428195,-0.01569238,-0.0155923795,-0.013680813,-0.012913536,-0.009142804,-0.009042804,-0.008702903,-0.008602903,-0.008229465,-0.008129465,-0.008029466,-0.007929466,-0.007493261,-0.0069242823,-0.005752818,0.0054072673,0.0062320363,0.008071133,0.008881101,0.009907579,0.01016692,0.01188136,0.012472385,0.013358438,0.01695894,0.01705894,0.01715894,0.01725894,0.01735894,0.017580988,0.01860463,0.020816416,-0.016174404,-0.011098886,-0.009343634,-0.0072658584,0.00809458,0.013332953,0.01642325,0.018239575
2018-07-12,-0.0026780067,-0.021642903,-0.017633893,-0.015800891,-0.01567215,-0.014025694,-0.013059262,-0.009473001,-0.009373001,-0.009273001,-0.009173001,-0.009073001,-0.0089730015,-0.008873002,-0.008773002,-0.008673002,-0.0072672255,-0.0067856335,0.0037394103,0.004606537,0.0059723346,0.007031497,0.007807837,0.007907837,0.0080078365,0.00837074,0.011834768,0.017479861,0.017579861,0.01767986,0.01777986,0.01787986,0.01797986,0.01843161,0.020866457,-0.01640678,-0.011395832,-0.009890254,-0.008114373,0.005871523,0.011849227,0.016510842,0.018527528
2018-07-13,-0.0020678635,-0.022004072,-0.01772343,-0.016254922,-0.015607866,-0.014289761,-0.013209293,-0.010650175,-0.010267293,-0.010167293,-0.010082756,-0.010028525,-0.009191404,-0.008916195,-0.008816195,-0.008647556,-0.0077402084,-0.0059185005,0.004935196,0.005580457,0.0061645336,0.0062645334,0.0065410887,0.008132646,0.008232646,0.0083326455,0.008432645,0.008529182,0.011048,0.0128565505,0.013060816,0.01680284,0.017661823,0.018607698,0.020931732,-0.016566884,-0.012109796,-0.010333387,-0.008230197,0.0062354733,0.008878423,0.01170564,0.016451929
2018-07-16,0.0038411901,-0.021575306,-0.017635716,-0.015712041,-0.015549689,-0.01300904,-0.012290244,-0.010273801,-0.009942868,-0.009842868,-0.009139671,-0.009039671,-0.008939671,-0.0088396715,-0.008739672,-0.008493622,-0.008158606,-0.0060907607,0.006822283,0.007107887,0.007207887,0.008748016,0.008865188,0.008965188,0.009065188,0.009165187,0.009265187,0.009365187,0.010641753,0.012787031,0.012810627,0.017047662,0.017147662,0.018099742,0.020580962,-0.016011998,-0.011612365,-0.009830425,-0.008104466,0.0077902526,0.009829556,0.011841364,0.016265204
2018-07-17,-0.0042055426,-0.021907773,-0.017564293,-0.015703259,-0.015603259,-0.014169457,-0.011161661,-0.010149189,-0.010049189,-0.00994919,-0.007388198,-0.007288198,-0.007188198,-0.006992815,-0.006892815,-0.006519325,-0.0061741704,-0.0060266703,0.0022292293,0.0031484726,0.0049105347,0.005012812,0.006420049,0.0065200487,0.0066200485,0.0070695244,0.007439891,0.008659003,0.012196189,0.012296189,0.012936022,0.016392333,0.01716463,0.01846563,0.02065349,-0.016081288,-0.011402498,-0.008556013,-0.006580236,0.0043842196,0.008192962,0.011551181,0.016148735
2018-07-18,-0.0015102632,-0.021352999,-0.017527768,-0.016172584,-0.015597345,-0.014131623,-0.013054754,-0.010080413,-0.0071993545,-0.0065269824,-0.006245847,-0.006145847,-0.0056202933,-0.0055202935,-0.005274111,-0.005174111,-0.0050741113,-0.0049741114,0.0043808655,0.0044808653,0.0057646437,0.0063713356,0.007906976,0.008967549,0.009067548,0.009772788,0.012399716,0.012499716,0.012599716,0.012699716,0.015075204,0.016597776,0.016653692,0.017859967,0.020672191,-0.016332898,-0.010606818,-0.0075281085,-0.0053284587,0.0060130516,0.010369349,0.013370511,0.01658097
2018-07-19,-0.0035486426,-0.021972954,-0.01786243,-0.016234929,-0.015682839,-0.0140111325,-0.012875151,-0.011152902,-0.011052902,-0.010669677,-0.010212324,-0.008695553,-0.008595553,-0.008172707,-0.007978805,-0.006899948,-0.005103273,-0.005003273,0.0046796063,0.006070868,0.0074590594,0.007685917,0.0078349225,0.008403729,0.008529203,0.008629203,0.012490638,0.013515195,0.013615195,0.013715195,0.013815194,0.017217457,0.017317457,0.018470163,0.020746166,-0.016480902,-0.012397112,-0.010181727,-0.0067361705,0.006884931,0.010419649,0.014130736,0.016792834
2018-07-20,0.009003988,-0.021560062,-0.01756733,-0.015783891,-0.01534105,-0.014292854,-0.012561431,-0.008908234,-0.0078107594,-0.0077107595,-0.0076107597,-0.00751076,-0.00741076,-0.00731076,-0.0072107604,-0.0071107605,-0.0070107607,-0.0061516506,0.0019926552,0.00368073,0.0068513984,0.0069527277,0.0070111603,0.007613318,0.010116995,0.010216995,0.012721377,0.012821377,0.013617204,0.013996721,0.01652079,0.017147265,0.01745629,0.018471412,0.021018157,-0.016264547,-0.010555016,-0.008540894,-0.0069989385,0.0059189014,0.010331914,0.014122593,0.017430868
2018-07-23,-0.0005403518,-0.021562276,-0.017010782,-0.016016457,-0.015238204,-0.0134821525,-0.012830501,-0.011641826,-0.011541826,-0.0069916532,-0.0068916534,-0.0067916536,-0.0066916537,-0.0063621956,-0.0060051316,-0.005600122,-0.005016648,-0.0050000227,0.0027435347,0.003274595,0.004899147,0.0066820025,0.0074819243,0.008858142,0.012183653,0.012283653,0.012383653,0.012686896,0.013203746,0.0134327235,0.016844671,0.016944671,0.01740418,0.01857854,0.020863045,-0.016024783,-0.011804453,-0.0088635655,-0.005682715,0.0059565865,0.010948667,0.01382224,0.017332729
2018-07-24,-0.0016484878,-0.021383245,-0.017658813,-0.016259793,-0.015851963,-0.0143088745,-0.012315911,-0.011094181,-0.009445681,-0.009345681,-0.00921667,-0.0088905655,-0.0073802327,-0.0068362793,-0.005571402,-0.0054714023,-0.005268224,-0.0044722664,0.0026002896,0.0028571673,0.0032969278,0.0059763235,0.007866668,0.008075532,0.008844871,0.008944871,0.010117009,0.01038757,0.011626419,0.012703405,0.013030297,0.016607406,0.017615892,0.018688248,0.021186754,-0.016303763,-0.01169225,-0.009038955,-0.005934772,0.0047151158,0.009595608,0.012490058,0.01644322
2018-07-25,-0.0005736523,-0.02129678,-0.01785981,-0.016154377,-0.015277115,-0.014194207,-0.012890507,-0.010055672,-0.008961664,-0.007970122,-0.007870122,-0.007770122,-0.007670122,-0.0075701224,-0.0074701225,-0.0073701227,-0.007270123,-0.005697793,0.0027069708,0.0046144775,0.0061039217,0.007048041,0.007646789,0.0077467887,0.0078467885,0.00818571,0.009758762,0.010489223,0.012406799,0.012506799,0.0130023025,0.016293058,0.017429432,0.01856013,0.020674266,-0.016303685,-0.011206469,-0.008992507,-0.007115657,0.0056640403,0.009315061,0.012518203,0.016207311
2018-07-26,-0.0018902422,-0.022063732,-0.017672256,-0.016144594,-0.015768375,-0.013971412,-0.011995208,-0.010854012,-0.0107540125,-0.010243234,-0.010143234,-0.010043235,-0.009943235,-0.009843235,-0.009014582,-0.0083426405,-0.0067906743,-0.0057460647,0.0042650946,0.0048130904,0.006450097,0.0076735,0.010192953,0.010292953,0.010411504,0.010511504,0.010991802,0.011091802,0.011191802,0.012887633,0.0129627865,0.017316807,0.017421907,0.018462554,0.020556021,-0.016294196,-0.011998212,-0.010535785,-0.00798744,0.0067226575,0.010995369,0.012716989,0.016437162
2018-07-27,0.00046753525,-0.022771157,-0.018059216,-0.016590348,-0.016042385,-0.014872687,-0.0129710855,-0.009827667,-0.0076854224,-0.0075854226,-0.007485423,-0.007146773,-0.00685984,-0.006407503,-0.006307503,-0.0062075034,-0.0061075035,-0.0060075037,0.0029928824,0.004170513,0.0048944224,0.007419789,0.009879163,0.011145106,0.011677543,0.013174786,0.013497573,0.013597573,0.016834116,0.016934115,0.017034115,0.017134115,0.017165545,0.01793065,0.020724587,-0.016943306,-0.010931989,-0.008281855,-0.0063553574,0.0062310295,0.012946149,0.015605785,0.017951516
2018-07-30,0.0049109035,-0.022160783,-0.017271977,-0.016044877,-0.01569857,-0.013946326,-0.012654414,-0.010780574,-0.010680574,-0.007537621,-0.0074376212,-0.0073376214,-0.0072376216,-0.0071376218,-0.0067726965,-0.0051576337,-0.0048490767,-0.003740722,0.004276533,0.005513029,0.0075085373,0.009069765,0.009169765,0.0114852,0.0115852,0.0116852,0.0117852,0.012022779,0.012122779,0.012340018,0.013002484,0.017210694,0.01739101,0.01843947,0.020856664,-0.016346414,-0.011539613,-0.00902957,-0.00557155,0.007590613,0.011340592,0.013132358,0.016369866
2018-07-31,-0.0010246778,-0.0233597,-0.017910874,-0.017389767,-0.015940556,-0.014400483,-0.012138233,-0.010256108,-0.008342757,-0.007413962,-0.0062491638,-0.006149164,-0.006049164,-0.0056696814,-0.0051214015,-0.0047505274,-0.0041708606,-0.003811023,0.0034144153,0.004582615,0.005913627,0.0060136267,0.0069562206,0.0070562204,0.0071562203,0.00725622,0.009029689,0.009129689,0.009229689,0.011816311,0.013050549,0.016764881,0.017603781,0.018666416,0.021193314,-0.016749969,-0.011108166,-0.007689799,-0.004800595,0.0054161004,0.008442933,0.011361832,0.016298294
2018-08-01,-0.0034317682,-0.02265867,-0.017495345,-0.017026706,-0.015509031,-0.014749773,-0.012801494,-0.009139747,-0.0070462488,-0.0066228467,-0.005951681,-0.0058516813,-0.0057516815,-0.0056516817,-0.005551682,-0.005451682,-0.005351682,-0.0052516824,0.004049803,0.0045746895,0.0046346304,0.0049418644,0.006732969,0.007815897,0.007915897,0.008015897,0.008115897,0.0094309505,0.00953095,0.011621435,0.013037359,0.016322305,0.01758713,0.018453294,0.020693652,-0.016642863,-0.010527408,-0.0074405572,-0.0054916823,0.0052233767,0.008723429,0.011257273,0.016025608
2018-08-02,-0.0045237574,-0.022908036,-0.017774804,-0.017085273,-0.015617104,-0.014844794,-0.012662176,-0.008148116,-0.008048116,-0.007948116,-0.007813814,-0.0077138143,-0.0076138144,-0.0066119754,-0.0060922396,-0.0057767197,-0.004856582,-0.004756582,0.0023626431,0.0033266186,0.0045484854,0.0051971907,0.0066857035,0.0067857034,0.006885703,0.006985703,0.007085703,0.0071857027,0.0075310445,0.012005267,0.012997241,0.016565578,0.01729008,0.018446313,0.020667579,-0.016761383,-0.010778359,-0.008549979,-0.0058391877,0.004464128,0.007929616,0.010219559,0.016136397
2018-08-03,-0.0014219237,-0.022684421,-0.017616166,-0.017335897,-0.016311144,-0.014858966,-0.01250125,-0.009959431,-0.007989857,-0.0078898575,-0.007209111,-0.004870559,-0.0047705593,-0.004550909,-0.0042208973,-0.0041208975,-0.0040208977,-0.003920898,0.003962881,0.0040628808,0.0041628806,0.0042628804,0.0053689037,0.0068518906,0.0069518904,0.0070518903,0.0072971866,0.007734971,0.007834971,0.012975657,0.012989886,0.016178247,0.01655137,0.018484795,0.02104827,-0.01679439,-0.01113526,-0.007404337,-0.00423083,0.004680683,0.0079966625,0.01047883,0.016335372
2018-08-06,-0.0028110102,-0.022811957,-0.017712532,-0.016394962,-0.0161287,-0.012914406,-0.012568931,-0.009652344,-0.009552344,-0.0073313443,-0.0072313445,-0.0071313446,-0.007031345,-0.006931345,-0.006783038,-0.006683038,-0.0065830383,-0.0057488238,0.0042821295,0.0043821293,0.0047139456,0.006014182,0.008007723,0.008107723,0.008207723,0.008307722,0.008781912,0.009289092,0.009389092,0.011609552,0.013006258,0.016474264,0.016574264,0.018290184,0.021059176,-0.016427305,-0.011099985,-0.008663062,-0.0065858564,0.005520022,0.009064363,0.011128781,0.016087886
2018-08-07,0.0028843102,-0.023001533,-0.017652813,-0.01711481,-0.016003912,-0.014875189,-0.013135345,-0.010930804,-0.010030579,-0.0073079597,-0.0066156182,-0.0065156184,-0.0064156186,-0.0063156188,-0.006215619,-0.006115619,-0.0059901695,-0.0054950807,0.0034675647,0.004154668,0.004395025,0.0055845175,0.0060274587,0.0065923356,0.0066923355,0.0067923353,0.006892335,0.006992335,0.007653501,0.01280096,0.012956557,0.015793031,0.017285377,0.01836262,0.020602493,-0.016933758,-0.011703899,-0.008502556,-0.0060664215,0.004858822,0.007841085,0.010324901,0.016103132
2018-08-08,0.000103473256,-0.023447933,-0.017467597,-0.017215673,-0.015911026,-0.013542644,-0.013126456,-0.011636266,-0.008242499,-0.008142499,-0.008042499,-0.0079425,-0.0078425,-0.0077999453,-0.0077041024,-0.006226712,-0.0049236794,-0.0033208746,0.0017070594,0.0018722808,0.0021069674,0.0027369205,0.003684775,0.0044432147,0.005242365,0.0059909406,0.006149188,0.0071197688,0.0073145158,0.012871071,0.013080507,0.017279435,0.017441567,0.018520648,0.020931669,-0.016699132,-0.011672678,-0.00901078,-0.0060235737,0.0027331184,0.006821954,0.010179223,0.016536664
2018-08-09,-0.0027932194,-0.023171801,-0.017389914,-0.015796961,-0.015188055,-0.014561246,-0.012970252,-0.009923789,-0.007576909,-0.007476909,-0.0073769093,-0.0072769094,-0.006629757,-0.0060479604,-0.0059479605,-0.0044199955,-0.0038896934,-0.0020068556,0.0047250376,0.004832335,0.0053343344,0.006026964,0.00761971,0.0076828967,0.0077828965,0.008282253,0.008382252,0.008482252,0.008582252,0.01227487,0.01304501,0.016519677,0.017556204,0.018545622,0.020804653,-0.016656253,-0.010748963,-0.008120358,-0.004708283,0.005740314,0.008868396,0.011055566,0.016237965
2018-08-13,-0.01470714,-0.022697577,-0.017621288,-0.01692853,-0.015878651,-0.01465586,-0.01262298,-0.008936238,-0.008836238,-0.0058826236,-0.005713156,-0.005613156,-0.0055131563,-0.0043074857,-0.0021463602,-0.0020463602,-0.0019463602,-0.0018463603,0.0056458185,0.005740376,0.0067615956,0.0068615954,0.0069615953,0.008014039,0.008493369,0.008593369,0.008693369,0.008793369,0.008893369,0.012890579,0.012994839,0.01701326,0.017543877,0.018607182,0.021082873,-0.016695272,-0.010641322,-0.007398603,-0.0027197194,0.0067005516,0.00905059,0.011362912,0.016517747
2018-08-14,-0.004020232,-0.022512816,-0.0179872,-0.017229745,-0.015902916,-0.0146272145,-0.013137643,-0.008755828,-0.0078081405,-0.006577506,-0.0064775064,-0.0063775065,-0.0058206734,-0.0055933706,-0.005493371,-0.005393371,-0.0047796154,-0.0044144043,0.0031990823,0.0032990824,0.0037549415,0.0051142094,0.005165883,0.0054492815,0.0077735945,0.007873595,0.008137433,0.01071851,0.010877878,0.015244887,0.016567087,0.017378937,0.017582543,0.018610835,0.021098388,-0.016833557,-0.010701773,-0.0077674664,-0.005291654,0.0046281824,0.008890431,0.01251225,0.017780026
2018-08-15,-0.0017414695,-0.022999613,-0.01755359,-0.016726065,-0.01516017,-0.013942397,-0.011872587,-0.008208557,-0.006814043,-0.0066010854,-0.00582302,-0.0056235828,-0.0054381206,-0.0053381207,-0.005238121,-0.005138121,-0.0050381212,-0.0045095645,0.0042522294,0.0045552705,0.0053736237,0.0055939653,0.005693965,0.0072536254,0.0073536253,0.008332436,0.010587804,0.010687804,0.013159103,0.018812433,0.018912433,0.019012433,0.019112432,0.019212432,0.021098278,-0.016305672,-0.010044468,-0.007057178,-0.0051095025,0.005425743,0.010156053,0.014471916,0.0194096
2018-08-16,0.0049058166,-0.023612374,-0.017463917,-0.017160052,-0.015665324,-0.014648056,-0.013427304,-0.009591766,-0.008217767,-0.008117767,-0.007938105,-0.007838105,-0.007738105,-0.007257425,-0.0071574254,-0.0070574256,-0.0053375,-0.004329705,0.0017895235,0.0018895235,0.0019895234,0.0032770357,0.004191336,0.0043964228,0.005905783,0.006212451,0.007232562,0.009211273,0.011269913,0.015269416,0.017938325,0.018038325,0.018138325,0.018328127,0.021210304,-0.016963394,-0.011302931,-0.008915742,-0.0063440325,0.0029702778,0.00785618,0.012224299,0.0181569
2018-08-17,0.0019564843,-0.022203388,-0.017023766,-0.016956134,-0.015875764,-0.014893899,-0.013227978,-0.012251959,-0.009530534,-0.009027454,-0.009013523,-0.008568102,-0.008090784,-0.007990784,-0.007890784,-0.0077907844,-0.007564047,-0.0072165173,0.0010887388,0.0020436426,0.0031448118,0.003923313,0.005692205,0.0074515557,0.0075515555,0.0076515554,0.007751555,0.009753648,0.010318362,0.013586249,0.014184904,0.016600853,0.017428707,0.01853394,0.021012317,-0.016644958,-0.012198811,-0.00957072,-0.0078060464,0.0035504126,0.008827043,0.011767704,0.016783651
2018-08-20,0.0025560798,-0.023445446,-0.017974028,-0.016692122,-0.015937285,-0.01456889,-0.013199549,-0.01311106,-0.011859582,-0.010298595,-0.008807296,-0.008359094,-0.008259094,-0.0078060604,-0.0058479416,-0.004593677,-0.0041627744,-0.0035855814,0.002683195,0.002783195,0.0028831952,0.0032760382,0.0053089415,0.0053658243,0.006589234,0.0066892337,0.0067892335,0.006916893,0.009157309,0.012057872,0.013005697,0.016569078,0.01763573,0.018551413,0.020868491,-0.017025039,-0.013032181,-0.009986317,-0.0053098137,0.0036429714,0.007267753,0.010511408,0.01621051
2018-08-21,0.008240746,-0.023458002,-0.017716486,-0.01720994,-0.015951062,-0.014590828,-0.013022222,-0.012794058,-0.012269443,-0.010458769,-0.010358769,-0.01025877,-0.01015877,-0.00995689,-0.00985689,-0.009269048,-0.008280971,-0.007066836,0.0039299987,0.005077299,0.005479057,0.0055790567,0.0063822423,0.006482242,0.006582242,0.006682242,0.0067822416,0.0068822415,0.007631462,0.01277022,0.01302974,0.017401002,0.017849302,0.018661954,0.021071268,-0.01694772,-0.013150886,-0.011153218,-0.0089465035,0.00532953,0.007839838,0.010383094,0.016586836
2018-08-22,0.0052709193,-0.023101257,-0.017470963,-0.016515441,-0.015607109,-0.0142184775,-0.012234988,-0.010394775,-0.006588731,-0.006488731,-0.0063887313,-0.0062887315,-0.0061887316,-0.006088732,-0.005988732,-0.005888732,-0.0057887323,-0.0056887325,0.002681859,0.0027818591,0.0028818592,0.004191802,0.004841876,0.006029662,0.006129662,0.006229662,0.0065982016,0.0068725958,0.008549453,0.012058487,0.012814737,0.017159097,0.017387582,0.018513335,0.020872911,-0.01652656,-0.010444534,-0.0074979826,-0.005928732,0.0037334084,0.0072064563,0.010293265,0.016283713
2018-08-23,-0.0022580342,-0.022584682,-0.017773094,-0.017209852,-0.015876738,-0.013541214,-0.012635246,-0.010817711,-0.010717711,-0.009194344,-0.009094344,-0.008994345,-0.008866977,-0.008662393,-0.0077836816,-0.006852747,-0.0059748176,-0.0051900386,0.0018397649,0.0031659198,0.003506583,0.0043713665,0.0053275907,0.006083223,0.008123822,0.008223821,0.008323821,0.009248418,0.012488507,0.01478429,0.017560078,0.017660078,0.017760077,0.018143157,0.020846592,-0.016482195,-0.012114974,-0.009995335,-0.0069591254,0.0042014914,0.008733468,0.012521023,0.017798837
2018-08-24,0.004904618,-0.023382481,-0.017424308,-0.016332325,-0.015973678,-0.014400913,-0.012225122,-0.00932579,-0.008071143,-0.0066555995,-0.0065555996,-0.0064556,-0.0063556,-0.0062556,-0.0061556003,-0.0060556005,-0.0059556006,-0.0058448995,0.0013167778,0.0018815772,0.001992212,0.003402935,0.0038234086,0.0039234087,0.004698879,0.005287888,0.006968256,0.008350392,0.012473792,0.016845038,0.017456364,0.017556364,0.017656364,0.018678987,0.021193933,-0.016681302,-0.010521996,-0.007892613,-0.00609346,0.0026584764,0.007646027,0.012458769,0.018346136
2018-08-27,0.004409741,-0.023545498,-0.017984238,-0.017397953,-0.01576947,-0.014786997,-0.012305379,-0.01198298,-0.0077062543,-0.0076062544,-0.0075062546,-0.0074062548,-0.0071810824,-0.0066547194,-0.004466622,-0.0020887172,-0.0015357691,-0.0014357691,0.0043798443,0.004501639,0.005112628,0.006121467,0.0065998933,0.0075074933,0.009653584,0.009864345,0.010382627,0.01085256,0.012915163,0.01709395,0.017612454,0.017712453,0.017812453,0.01849259,0.020914622,-0.016878316,-0.011399764,-0.008270738,-0.0033866265,0.005953832,0.010383649,0.013811352,0.018365216
2018-08-28,0.003680254,-0.023063652,-0.01758567,-0.01615438,-0.016150456,-0.014210542,-0.01312201,-0.009980463,-0.009880464,-0.009780464,-0.009318187,-0.009218187,-0.007567036,-0.0064814324,-0.00468629,-0.00078488304,-0.0006558918,-0.00039724575,0.0034205797,0.0037356436,0.0038356436,0.005575372,0.0058259736,0.0067349323,0.006834932,0.006934932,0.007034932,0.007537432,0.008098982,0.010338826,0.013105939,0.016171101,0.016273756,0.0185838,0.021125995,-0.016826466,-0.011783557,-0.009273826,-0.0031484994,0.004680434,0.0074744197,0.009856785,0.015865132
2018-08-29,-0.0017486758,-0.021998366,-0.017321886,-0.016517079,-0.01573114,-0.014234857,-0.0130509725,-0.00995347,-0.009441799,-0.00880383,-0.00870383,-0.00860383,-0.00850383,-0.00840383,-0.007926863,-0.007826863,-0.007726863,-0.007626863,0.0026909967,0.003457942,0.003557942,0.0036579422,0.0051255883,0.005225588,0.006285467,0.006385467,0.0067650108,0.0068650106,0.008373442,0.011775317,0.012503052,0.016712839,0.017581994,0.01844384,0.020509377,-0.016467445,-0.011553431,-0.009620853,-0.0079422565,0.0039300583,0.0070753945,0.010272155,0.015988884
2018-08-30,-0.004491367,-0.023664527,-0.017608946,-0.016540544,-0.015947439,-0.014120259,-0.012447861,-0.010194866,-0.009176005,-0.009076005,-0.008413107,-0.008386152,-0.008286152,-0.008186152,-0.008086152,-0.0072464477,-0.007217506,-0.0063620587,0.0037972475,0.0047738873,0.004873887,0.0049457,0.0050457,0.0051456997,0.0052456995,0.0053456994,0.0055599418,0.005737525,0.0070594675,0.012852855,0.013113341,0.016811598,0.017427554,0.018363107,0.020786023,-0.016757807,-0.0114870565,-0.009301855,-0.007459663,0.0047272844,0.0068254964,0.009727469,0.016385386
2018-08-31,-0.00431758,-0.022222662,-0.01741696,-0.016419008,-0.015932156,-0.014728978,-0.012178851,-0.009327889,-0.0068167723,-0.0061399303,-0.0050877836,-0.0045644157,-0.004464416,-0.004364416,-0.003224953,-0.0017857354,-0.0005647089,-0.0004647089,0.0030201029,0.003937446,0.004037446,0.0046142377,0.004971981,0.005549085,0.0072970884,0.009218608,0.009318608,0.009418608,0.011578257,0.011678257,0.013245422,0.016414419,0.01754666,0.018510362,0.020733278,-0.01649592,-0.01017649,-0.006582448,-0.0021209044,0.004581264,0.008167307,0.011908079,0.016116347
2018-09-03,0.0020094449,-0.022700865,-0.017476646,-0.01710034,-0.015948877,-0.0139444275,-0.012717641,-0.009308513,-0.005996546,-0.0059288386,-0.0056060585,-0.0048353076,-0.004735308,-0.004635308,-0.004535308,-0.0044353083,-0.0037265162,-0.0035176582,0.0042676358,0.0042967577,0.005577656,0.0061410097,0.0062410096,0.007209631,0.0074952636,0.0075952634,0.0076952633,0.007795263,0.009656946,0.012343143,0.013034528,0.016132966,0.017506057,0.0185217,0.02050649,-0.01655769,-0.010210375,-0.0067381724,-0.00421002,0.005555664,0.008236862,0.010999334,0.016107764
2018-09-04,-0.0046496065,-0.021750329,-0.016986512,-0.016805615,-0.015486419,-0.014385455,-0.012981525,-0.00947373,-0.007421435,-0.007321435,-0.007221435,-0.00720055,-0.0071376553,-0.0061127213,-0.0051578004,-0.0042534363,-0.0034655486,-0.0033655486,0.003057331,0.0032312414,0.003936048,0.004569506,0.005870605,0.0068004397,0.0069004395,0.0070004393,0.007100439,0.0071032704,0.007207459,0.012392385,0.013068453,0.016440134,0.01717401,0.018417269,0.02074271,-0.01631805,-0.010800748,-0.008174954,-0.004688577,0.004338913,0.007833427,0.010195512,0.016212191
2018-09-05,0.0046151807,-0.021886647,-0.017453562,-0.015965333,-0.015611243,-0.014984366,-0.013126046,-0.008495661,-0.0068650935,-0.0067136153,-0.0059773778,-0.005626669,-0.0049106036,-0.004810604,-0.004710604,-0.00454947,-0.00444947,-0.00434947,0.0049400846,0.0050400845,0.005890442,0.0060720528,0.008352493,0.008452493,0.008552493,0.008652492,0.008752492,0.008852492,0.008952492,0.0104696285,0.012910087,0.016173614,0.01733064,0.018580351,0.02099922,-0.016612371,-0.010233151,-0.0071379454,-0.0047371364,0.0060990313,0.00895592,0.010871549,0.01582658
2018-09-06,0.00037646916,-0.022209706,-0.017332641,-0.016937329,-0.015877463,-0.014498855,-0.013058481,-0.009927013,-0.009827013,-0.007818732,-0.0077187326,-0.0060626674,-0.0059626675,-0.005665962,-0.0055659623,-0.0054659625,-0.0053659626,-0.0049708495,0.0029733034,0.0045583937,0.006590587,0.008989031,0.009251686,0.011355383,0.011455383,0.011555383,0.012250137,0.015433993,0.015533993,0.015676891,0.015776891,0.015922718,0.017271006,0.018463228,0.020839984,-0.016595429,-0.011513713,-0.008446571,-0.0054862807,0.00691334,0.012654667,0.015233204,0.01733594
2018-09-07,-0.004492442,-0.022268144,-0.017191775,-0.0167114,-0.01576496,-0.014011137,-0.011588804,-0.009058929,-0.007943826,-0.007787057,-0.006638325,-0.006538325,-0.006438325,-0.0060993736,-0.0059993737,-0.005899374,-0.005865593,-0.005107016,0.0040475195,0.0053293225,0.006080099,0.00659984,0.00797844,0.00807844,0.010114873,0.010214873,0.011286574,0.01263159,0.012935073,0.013035073,0.013054166,0.016730253,0.017437993,0.01791875,0.020885453,-0.016164964,-0.010618004,-0.0077417316,-0.0058819363,0.0064343303,0.010387683,0.01346526,0.01632474
2018-09-10,0.0028133723,-0.022912018,-0.017479826,-0.016474267,-0.015454165,-0.014637226,-0.011354706,-0.0073576067,-0.0067791785,-0.006685917,-0.006373182,-0.0063657197,-0.00626572,-0.005874589,-0.0035372407,-0.0034372406,-0.0031978965,-0.0026890447,0.0033054037,0.0042249192,0.005550231,0.0075349845,0.00893622,0.01001386,0.012480547,0.012580547,0.012680546,0.012875092,0.012975092,0.013203325,0.013535769,0.016695984,0.017530216,0.018607724,0.02095086,-0.016367588,-0.009730334,-0.007329475,-0.0038454283,0.0066192173,0.011521809,0.013852854,0.016598733
2018-09-11,-0.0011209482,-0.023168068,-0.01768932,-0.01659516,-0.015955765,-0.014640879,-0.01315997,-0.009013067,-0.008431388,-0.008328867,-0.007866428,-0.0077664284,-0.0076664286,-0.006203741,-0.0055876747,-0.0051439162,-0.0035069,-0.0028239188,0.0040815445,0.0056587746,0.0060683615,0.0065064863,0.0077466816,0.009216551,0.01030219,0.01040219,0.0107164,0.0108164,0.0109164,0.014251776,0.014351776,0.01727772,0.01750058,0.017641425,0.020987608,-0.016922798,-0.011105691,-0.0086655915,-0.004965768,0.0065234713,0.01048672,0.012840311,0.016902061
2018-09-12,0.0030172302,-0.022466006,-0.017484726,-0.01627029,-0.01567402,-0.01448863,-0.013091263,-0.0101717515,-0.009035931,-0.0089735575,-0.0079052225,-0.0078052226,-0.007705223,-0.0072820326,-0.007182033,-0.005469074,-0.004156769,-0.0032455758,0.003946851,0.0056988816,0.006617693,0.0076308125,0.0098113725,0.009911372,0.011824,0.0119239995,0.012023999,0.013861287,0.013961287,0.014061287,0.014161287,0.016021296,0.017499948,0.01832419,0.02067483,-0.016640928,-0.011508559,-0.009003934,-0.0055717346,0.0071436474,0.011913864,0.014281562,0.01664858
2018-09-13,0.0039296155,-0.023590121,-0.018190315,-0.01708584,-0.016037839,-0.014515136,-0.012204635,-0.009418549,-0.009318549,-0.007774822,-0.007482445,-0.006979136,-0.006879136,-0.0057984437,-0.0050989105,-0.0049989107,-0.00284062,-0.0027764284,0.0041922564,0.004292256,0.0054798485,0.0060651414,0.006407034,0.006952161,0.010362517,0.010507699,0.010607699,0.012816202,0.012916202,0.013016202,0.013157588,0.015976386,0.01730716,0.018449474,0.020940393,-0.016907608,-0.01116048,-0.008336642,-0.0045388015,0.006078404,0.00993986,0.013332693,0.01630801
2018-09-14,-0.0013846558,-0.023537396,-0.018160785,-0.016407331,-0.016018368,-0.01383196,-0.01279909,-0.0103398645,-0.010239865,-0.010139865,-0.008847728,-0.008747729,-0.008647729,-0.008547729,-0.007967023,-0.0067873434,-0.0050533516,-0.0048348727,0.0023716483,0.0035871894,0.0043891743,0.006376222,0.00810717,0.00820717,0.009537485,0.011098365,0.012060235,0.013659317,0.015778609,0.015806155,0.016614867,0.016714867,0.016814867,0.018514283,0.020618215,-0.016869519,-0.011985203,-0.009816428,-0.0066780644,0.0052523436,0.011375636,0.014823836,0.017653678
2018-09-17,0.0025021276,-0.022075364,-0.017272055,-0.016224025,-0.015811196,-0.014829299,-0.012256825,-0.01072582,-0.00801502,-0.00791502,-0.00781502,-0.0077150203,-0.006802034,-0.0049151545,-0.0035216382,-0.0034216382,-0.003293605,-0.0032293617,0.0053434367,0.0054434366,0.0066092107,0.008149507,0.009778464,0.012799955,0.012899955,0.012999955,0.013099954,0.014436614,0.0156973,0.0157973,0.0158973,0.017408995,0.017508995,0.01853707,0.020890547,-0.016448949,-0.011027342,-0.007960811,-0.0042362525,0.0076891095,0.013162458,0.015308032,0.017706241
2018-09-18,0.00072290807,-0.02260906,-0.017547134,-0.01679596,-0.016046029,-0.014772123,-0.012246118,-0.009494123,-0.008161913,-0.0064820447,-0.006382045,-0.006282045,-0.005864158,-0.004727916,-0.004627916,-0.004527916,-0.004159669,-0.0025876549,0.0028177367,0.003144081,0.0040823906,0.005459574,0.006987544,0.008170943,0.009277836,0.009377836,0.009957469,0.011136108,0.011236108,0.012924416,0.013042691,0.015961444,0.017532153,0.018618686,0.021169936,-0.016644094,-0.010636032,-0.0074764295,-0.00443704,0.0049563237,0.009719369,0.012557251,0.016343435
2018-09-19,-0.00065230526,-0.02334315,-0.016961819,-0.016861819,-0.015420997,-0.014237672,-0.012822895,-0.008650253,-0.0072179325,-0.006352912,-0.0062529123,-0.0061529125,-0.0060529127,-0.005952913,-0.005852913,-0.005583757,-0.003922597,-0.0034008198,0.005580996,0.006196399,0.007326453,0.008236824,0.0097859865,0.009885986,0.009985986,0.010085986,0.010185986,0.010285986,0.0103859855,0.01239648,0.012982686,0.016029982,0.01722176,0.018453032,0.020547003,-0.016557306,-0.010381162,-0.007659913,-0.0049826,0.0074653313,0.0104880845,0.01209524,0.016081836
2018-09-20,0.0049000457,-0.023110373,-0.017500289,-0.016973596,-0.015859634,-0.015190762,-0.013025718,-0.012520842,-0.007991855,-0.007891855,-0.0075279614,-0.0069248006,-0.0067679673,-0.0066679674,-0.0065679676,-0.006239071,-0.0052626412,-0.0047214082,0.005037143,0.006055831,0.0075988895,0.009525636,0.009625636,0.011129147,0.011215225,0.011315225,0.013572328,0.013672328,0.014411325,0.014511324,0.014611324,0.01645258,0.01655258,0.018530121,0.02076068,-0.016937356,-0.011680773,-0.008396293,-0.005943178,0.007886546,0.012050733,0.014543978,0.016973207
2018-09-21,-0.00034068938,-0.022894107,-0.017718391,-0.01633536,-0.01595696,-0.014455817,-0.013051209,-0.009510969,-0.007789764,-0.006912677,-0.006443872,-0.0063438723,-0.005968224,-0.005668123,-0.005187543,-0.0045694755,-0.0033648065,-0.0032648065,0.0041591534,0.0055351313,0.0070005506,0.007994051,0.00883436,0.010290506,0.011597207,0.013206101,0.013306101,0.013406101,0.0135061005,0.0136061,0.0137061,0.017163686,0.017618438,0.01846325,0.020977095,-0.016815297,-0.010719996,-0.0077842386,-0.0045461007,0.0072572185,0.011868634,0.014288569,0.016783247
2018-09-24,0.002896414,-0.022862278,-0.01776169,-0.01628361,-0.015646169,-0.013984781,-0.011820614,-0.009732125,-0.0096321255,-0.008878322,-0.007982214,-0.007882214,-0.0077822143,-0.0075306688,-0.005385189,-0.0050342004,-0.0033178148,-0.0032178147,0.0044500846,0.005773222,0.0060395957,0.007483764,0.008962271,0.009062271,0.00916227,0.00926227,0.010347596,0.010726319,0.0108263185,0.012514277,0.013221924,0.016367147,0.016543686,0.018384138,0.021001164,-0.016415108,-0.011269359,-0.008949568,-0.0049674464,0.006581787,0.010105481,0.01219164,0.016297732
2018-09-25,-0.00025272986,-0.022767156,-0.01760226,-0.016986908,-0.015750118,-0.013699636,-0.012327921,-0.011791911,-0.008431548,-0.008331548,-0.008231549,-0.008131549,-0.008031549,-0.007931549,-0.00767354,-0.0074067223,-0.0058702137,-0.0046224697,0.0039938483,0.0040273545,0.0048271366,0.0061737252,0.008750897,0.008850897,0.0099743,0.0100743,0.0101743,0.0105826,0.013972079,0.017638657,0.017738657,0.017838657,0.017938657,0.018554376,0.020982582,-0.016429419,-0.0115739675,-0.008990823,-0.006740899,0.0057992735,0.01117947,0.014061259,0.018550586
2018-09-26,-0.0011136214,-0.023086268,-0.017397616,-0.016867816,-0.015750146,-0.014195938,-0.011939293,-0.010970539,-0.010266853,-0.010166853,-0.009009112,-0.008909112,-0.008809112,-0.008685799,-0.00731762,-0.0053390707,-0.0044127894,-0.003601791,0.0050331126,0.0055999863,0.006781643,0.0072582373,0.0077235173,0.007823518,0.007923517,0.00838467,0.00848467,0.00858467,0.00868467,0.01274404,0.013021771,0.017331993,0.017513528,0.018553764,0.02095869,-0.016473852,-0.012042271,-0.009742034,-0.0059160767,0.006519299,0.009052083,0.011202315,0.016522052
2018-09-27,-0.0074467217,-0.023164354,-0.018158851,-0.016515326,-0.015694154,-0.014557278,-0.01310972,-0.009333095,-0.0077712513,-0.0069061103,-0.0068922127,-0.006447699,-0.006347699,-0.0062476993,-0.004972197,-0.0038902764,-0.0037902764,-0.0036902763,0.0046731625,0.004930991,0.005293895,0.006638414,0.0069576767,0.0070576766,0.0071576764,0.007257676,0.007357676,0.008263602,0.008363602,0.012386663,0.012929622,0.015877161,0.017493073,0.01793852,0.021136165,-0.016936872,-0.010727101,-0.008073716,-0.004558145,0.0057388274,0.008384658,0.010772923,0.016053626
2018-09-28,-0.004138926,-0.023303332,-0.017441275,-0.01680046,-0.016775835,-0.014929894,-0.0148298945,-0.012970849,-0.009544471,-0.009444471,-0.007306225,-0.0072062253,-0.0071062255,-0.005587547,-0.0054875473,-0.004635275,-0.00360825,-0.0019887725,0.0044248663,0.004524866,0.005661648,0.008658952,0.00957687,0.00967687,0.00977687,0.00987687,0.012968581,0.013068581,0.0150201535,0.015120153,0.018546643,0.018646643,0.018696928,0.0197479,0.020691399,-0.017456045,-0.012718027,-0.008874873,-0.0045852144,0.00660944,0.011463868,0.014974879,0.018550549
2018-10-01,-0.004756831,-0.023037381,-0.017429966,-0.016570907,-0.01581516,-0.014095757,-0.013042763,-0.010010241,-0.008154234,-0.007290824,-0.0065357583,-0.0064357584,-0.006317284,-0.006217284,-0.0049392255,-0.0048392257,-0.004739226,-0.0046644076,0.0025456138,0.0034744844,0.004322989,0.0045286287,0.0061617554,0.0075900606,0.008090135,0.008190135,0.008290134,0.008390134,0.0089018,0.009773156,0.013175311,0.017123463,0.017223462,0.018301511,0.020787468,-0.016684204,-0.011013793,-0.008053465,-0.0051235682,0.0045923702,0.008021047,0.010515737,0.015832182
2018-10-02,-0.0006616231,-0.022986373,-0.017492471,-0.01627862,-0.015759205,-0.014516624,-0.01253512,-0.009369862,-0.007992384,-0.0062448145,-0.0061448147,-0.0053756223,-0.0045281593,-0.0044281594,-0.0043845274,-0.0042845276,-0.0040957415,-0.0031215677,0.004573549,0.005589061,0.0066212313,0.00824224,0.009191746,0.009291746,0.009420556,0.009520556,0.009620556,0.0097205555,0.009820555,0.013091745,0.013143498,0.016174668,0.017748412,0.018589437,0.020951279,-0.01665796,-0.010484161,-0.007125728,-0.0042523975,0.0068893274,0.01016327,0.012000365,0.016390126
2018-10-03,-0.003006596,-0.0222526,-0.016801393,-0.016701393,-0.015846135,-0.014218168,-0.012115822,-0.009272862,-0.008537415,-0.0072377897,-0.00713779,-0.0067779245,-0.0066779247,-0.006577925,-0.006477925,-0.006377925,-0.005852754,-0.005352312,0.0047040074,0.005028082,0.005992436,0.006940445,0.0070404448,0.0071404446,0.0072404444,0.0073404443,0.007440444,0.007540444,0.0076404437,0.012337189,0.012941157,0.016607765,0.017569553,0.018538583,0.020991484,-0.016246825,-0.010773057,-0.008209376,-0.006167768,0.005981083,0.008279793,0.010505615,0.016283236
2018-10-04,-0.0015197308,-0.02278747,-0.017359229,-0.016469192,-0.015532124,-0.0148995565,-0.013042721,-0.00926533,-0.0073175984,-0.0072175986,-0.007117599,-0.007017599,-0.006917599,-0.0068175993,-0.0065832324,-0.0061103795,-0.0046574357,-0.004259382,0.0016141955,0.002526464,0.0040468643,0.0060075778,0.006623729,0.007028971,0.007876643,0.007976643,0.008827326,0.008927326,0.009027326,0.012047878,0.013047407,0.01671672,0.017150573,0.018504834,0.02050495,-0.01672422,-0.010662488,-0.008242624,-0.005725606,0.004414349,0.008520909,0.011196086,0.016164359
2018-10-05,-0.00053245184,-0.023156669,-0.01736654,-0.016117621,-0.015647214,-0.014470752,-0.013089299,-0.007958136,-0.007221047,-0.007121047,-0.007021047,-0.0065198024,-0.0064198026,-0.0063198027,-0.006219803,-0.0059295227,-0.0034431384,-0.0026629516,0.0022981197,0.002826504,0.0033350217,0.0037096625,0.0042298157,0.006504826,0.008013648,0.008215135,0.010343701,0.012951593,0.016120635,0.016220635,0.016320635,0.017275276,0.017646851,0.018585162,0.020791415,-0.016746094,-0.01030143,-0.0080142,-0.004955043,0.0040365914,0.009624401,0.0146566825,0.017838623
2018-10-08,-0.002043333,-0.022600159,-0.016851962,-0.01631548,-0.015841749,-0.014591482,-0.012423863,-0.011107781,-0.009677498,-0.009641971,-0.008323396,-0.008223396,-0.008123396,-0.007971481,-0.007871482,-0.0070742755,-0.0069742757,-0.00529838,0.0045805355,0.007001483,0.0080630155,0.010146327,0.0119410725,0.012169515,0.012518387,0.012618387,0.012718387,0.015202763,0.01742739,0.01752739,0.01762739,0.01772739,0.01782739,0.018530106,0.020911576,-0.016461844,-0.011833319,-0.0093039265,-0.007088362,0.00846195,0.013891825,0.016140664,0.01846477
2018-10-09,0.00035282204,-0.022681775,-0.017382337,-0.016268656,-0.0154127395,-0.014633831,-0.012504018,-0.007959862,-0.007859862,-0.006588065,-0.006291955,-0.005990635,-0.0042916015,-0.0038925956,-0.003143343,-0.0030433428,-0.0029433428,-0.0028433427,0.005143367,0.0054871617,0.0055871615,0.0070251813,0.009262636,0.009399399,0.009499399,0.009599399,0.009699399,0.0097993985,0.0104261665,0.012672182,0.012772182,0.016104594,0.016233476,0.01834345,0.020461302,-0.01652294,-0.010236093,-0.0069680065,-0.003592801,0.006548454,0.010146603,0.011766124,0.016070742
2018-10-10,0.005195133,-0.023120422,-0.017652571,-0.016404271,-0.016052146,-0.014980814,-0.012159065,-0.010502068,-0.0104020685,-0.00951408,-0.0094140805,-0.009314081,-0.008779648,-0.008679648,-0.008579648,-0.0070321807,-0.0067870873,-0.005695859,0.0046132207,0.0052476176,0.005920152,0.0070809657,0.008151623,0.008251623,0.008351623,0.008451623,0.008551623,0.008651623,0.008751622,0.012664896,0.012972586,0.017146835,0.017569834,0.018627642,0.020875065,-0.016793003,-0.011796311,-0.009886902,-0.0074817715,0.0062427158,0.0092342775,0.011237919,0.016457405
2018-10-11,0.0020644667,-0.02331262,-0.017615905,-0.016474409,-0.015718846,-0.014344036,-0.012892994,-0.0102645615,-0.008453606,-0.008353606,-0.008253606,-0.008153606,-0.007447254,-0.0066929446,-0.0062773987,-0.005494489,-0.004169472,-0.0033111484,0.002905357,0.0037669586,0.0043258662,0.004636794,0.0053598406,0.006402685,0.0065026847,0.0066026845,0.0067026843,0.0068044034,0.007873695,0.012662373,0.013045259,0.015799787,0.01762583,0.018384384,0.02043136,-0.01677688,-0.011287835,-0.008748081,-0.005481223,0.004427532,0.007566397,0.010333797,0.016064633
2018-10-12,-0.000594666,-0.023184123,-0.01747302,-0.016226374,-0.015466363,-0.014602326,-0.012929183,-0.009497954,-0.0074063013,-0.0069505894,-0.006850515,-0.0054638204,-0.00531953,-0.0052195303,-0.0051195305,-0.004966147,-0.003156543,-0.0022749007,0.004824047,0.0059142574,0.0068171225,0.010526709,0.011851087,0.011951087,0.012595192,0.0137724755,0.014051672,0.015321123,0.015421123,0.015521123,0.015621123,0.015991867,0.017379157,0.018428847,0.020248171,-0.016731003,-0.01060208,-0.007545012,-0.0041961884,0.008135466,0.013683379,0.01553884,0.017162228
2018-10-15,0.0031444733,-0.023340773,-0.017418431,-0.017148057,-0.015935995,-0.014588622,-0.013146343,-0.009076308,-0.008636925,-0.008536926,-0.008436926,-0.008320922,-0.007967148,-0.007642707,-0.0060181106,-0.0054629473,-0.00322212,-0.0027736009,0.0051011853,0.006292853,0.006651805,0.006919449,0.007490533,0.0090321805,0.009431016,0.0095310155,0.009631015,0.009731015,0.009831015,0.010714923,0.013062433,0.015890958,0.016987355,0.017745685,0.020640302,-0.016886031,-0.011308911,-0.00916601,-0.00515954,0.006879261,0.009299933,0.011379065,0.015610861
2018-10-16,-0.0001293848,-0.023650782,-0.017461684,-0.016385293,-0.015978519,-0.0142122125,-0.013164783,-0.01045198,-0.009704712,-0.0089223115,-0.0089176195,-0.00881762,-0.0074135186,-0.007313519,-0.007213519,-0.00618834,-0.005262136,-0.004041583,0.00474577,0.0058406694,0.0066032554,0.006703255,0.0086493185,0.008757319,0.008857319,0.008957319,0.009057319,0.009157319,0.009257318,0.011812683,0.013008751,0.015504363,0.015948897,0.017843762,0.02042729,-0.016893595,-0.011725816,-0.00930283,-0.0063046394,0.006550054,0.0094667915,0.011046708,0.015719369
2018-10-17,-0.004534714,-0.022643808,-0.01754193,-0.016283497,-0.015330151,-0.013953972,-0.0132631445,-0.009305581,-0.009205582,-0.0075568478,-0.007456848,-0.007356848,-0.0072568483,-0.0071568484,-0.0070568486,-0.005602648,-0.0046171146,-0.0033327374,0.003054415,0.0038632296,0.0056178425,0.0062197875,0.008166676,0.008305858,0.009278579,0.0093785785,0.009478578,0.009578578,0.009896024,0.012429917,0.012941265,0.01565223,0.0170495,0.018113682,0.021006435,-0.016546601,-0.011122931,-0.008867854,-0.0055932393,0.005606771,0.009571922,0.011686519,0.016028706
2018-10-18,-0.004052785,-0.02301909,-0.016917726,-0.016108897,-0.01566699,-0.014199665,-0.01318122,-0.008151093,-0.006043823,-0.005943823,-0.005409808,-0.005379529,-0.00529349,-0.0048584547,-0.0035699448,-0.0034699447,-0.003011423,-0.0028087616,0.0063292985,0.007925307,0.008051094,0.009171481,0.010053535,0.0102882525,0.010388252,0.010488252,0.010588252,0.010688252,0.010788252,0.012760491,0.01304607,0.015638577,0.016925668,0.017300341,0.0210394,-0.01659694,-0.009885771,-0.0069573587,-0.0036479204,0.008373086,0.010855757,0.012350182,0.015956976
2018-10-19,0.0016582652,-0.023011575,-0.017057898,-0.016235726,-0.01549576,-0.014701007,-0.012368022,-0.009041951,-0.007389545,-0.006309768,-0.0062097684,-0.0061097685,-0.0060097687,-0.005854021,-0.004967326,-0.0041744113,-0.0035166028,-0.0034166027,0.0040174867,0.0058634863,0.0066513224,0.0074589103,0.008839224,0.010035424,0.010135423,0.010235423,0.010335423,0.011287037,0.011387037,0.01225821,0.012960765,0.015475948,0.016108863,0.017478663,0.02050769,-0.016526852,-0.010269003,-0.0075662257,-0.0044369423,0.0068253255,0.010531063,0.012275314,0.015736256
2018-10-22,-0.004008013,-0.023645865,-0.0174196,-0.017072408,-0.015873171,-0.014338297,-0.012770539,-0.008957299,-0.008235812,-0.0075516854,-0.0074516856,-0.007351686,-0.0068502743,-0.005274769,-0.005174769,-0.004096069,-0.0026545115,-0.0025545114,0.0050275023,0.005030719,0.0061641666,0.007513537,0.007613537,0.009945004,0.010045004,0.010145004,0.010245004,0.012142149,0.012242149,0.012714263,0.013068416,0.01565785,0.017199116,0.017299116,0.02059352,-0.016809495,-0.010917549,-0.008116616,-0.0043663094,0.0067561856,0.010511992,0.012908536,0.015866634
2018-10-23,0.0011243864,-0.022422908,-0.018271867,-0.016163547,-0.01555877,-0.014820024,-0.012920737,-0.008255575,-0.008185708,-0.0077107847,-0.0049692513,-0.0048692515,-0.00398234,-0.0035547465,-0.002708153,-0.002608153,-0.002508153,-0.002408153,0.0052716443,0.0058689313,0.006034613,0.009418289,0.009518289,0.010322534,0.010422533,0.010522533,0.010622533,0.010722533,0.010822533,0.012605469,0.013020513,0.015580386,0.016970998,0.018032312,0.02071507,-0.016798861,-0.01064727,-0.006722557,-0.0030203727,0.0074032024,0.010738271,0.012348813,0.01599075
2018-10-24,-0.007879823,-0.023614371,-0.01722322,-0.01712322,-0.015708966,-0.014404889,-0.012811143,-0.0077730003,-0.007473512,-0.0068878853,-0.0067878854,-0.006493343,-0.00566484,-0.004784302,-0.0046491413,-0.0042297766,-0.0041297767,-0.003294171,0.0041857213,0.0048864326,0.005419266,0.005622203,0.00674095,0.006892625,0.00813282,0.00823282,0.00833282,0.0084328195,0.008532819,0.012026505,0.012553071,0.015423625,0.016382305,0.017609693,0.020514814,-0.016752519,-0.010413753,-0.0075043365,-0.0045592417,0.0056492887,0.008465144,0.010741453,0.01562554
2018-10-25,-0.0013684505,-0.022541117,-0.017358806,-0.016174464,-0.015064707,-0.014190111,-0.012840904,-0.01022281,-0.0068514603,-0.005578909,-0.005317745,-0.005216934,-0.0051377458,-0.005037746,-0.004937746,-0.0048377463,-0.004253459,-0.0041534593,0.004584991,0.0056845034,0.0058786375,0.0059786374,0.006015064,0.006115064,0.006215064,0.007911132,0.008011132,0.008290528,0.008390528,0.012465753,0.0130601525,0.015538383,0.016861487,0.017849825,0.020480946,-0.016399128,-0.010333709,-0.0070371204,-0.004679869,0.0056683663,0.008159509,0.010803886,0.01587901
2018-10-26,0.0012257623,-0.023028333,-0.017453209,-0.016419321,-0.016060157,-0.014538993,-0.011684375,-0.010870458,-0.009287149,-0.008768973,-0.0056672385,-0.0054252944,-0.0045573195,-0.0044573196,-0.00435732,-0.00425732,-0.00415732,-0.0040573203,0.005273063,0.005694175,0.007248452,0.0073484518,0.009908224,0.010008224,0.010108224,0.010333568,0.010433568,0.0105335675,0.01177586,0.015755812,0.016559364,0.016659364,0.016911628,0.017967043,0.021049006,-0.016553015,-0.011406055,-0.00713068,-0.004450915,0.0071344734,0.011307878,0.013082087,0.017598119
2018-10-29,0.00018000338,-0.023076031,-0.01749968,-0.016300105,-0.015971273,-0.013613927,-0.012906919,-0.010573243,-0.010509708,-0.007998117,-0.007898117,-0.0064676194,-0.0063676196,-0.0053913854,-0.0053670118,-0.004468882,-0.0035206228,-0.0027554245,0.0052945777,0.0069286632,0.007284377,0.008218009,0.009120311,0.0097419685,0.009841968,0.009941968,0.010041968,0.010141968,0.010241968,0.011186429,0.013089127,0.015628725,0.01703271,0.017425667,0.020973045,-0.016613567,-0.011657619,-0.008614751,-0.004515912,0.0075135184,0.0100265285,0.011729008,0.015660599
2018-10-30,-0.002272174,-0.023211423,-0.01719707,-0.016277073,-0.01584771,-0.013759095,-0.013151259,-0.008508032,-0.008408032,-0.0083080325,-0.008208033,-0.008108033,-0.008008033,-0.007908033,-0.0078080334,-0.0061354344,-0.005072103,-0.0043480606,0.0039414996,0.0051074303,0.0058469856,0.006147998,0.00651176,0.00661176,0.006944091,0.007044091,0.008456022,0.008556021,0.0088013215,0.012610018,0.012851462,0.015874049,0.017398976,0.017450241,0.020716516,-0.016633311,-0.010930486,-0.009136679,-0.0062943324,0.005597601,0.00826673,0.0111644715,0.01590046
2018-10-31,-0.0028552187,-0.021944612,-0.016948193,-0.01569186,-0.015455847,-0.01425409,-0.012952353,-0.011548404,-0.00876641,-0.008581973,-0.008119737,-0.008019737,-0.007919737,-0.0077960137,-0.0071314294,-0.0070314296,-0.0062697222,-0.0059002857,0.0041226964,0.0050096014,0.0056376923,0.0058799284,0.006435131,0.006535131,0.006635131,0.0067351307,0.0068351305,0.0081296135,0.008443861,0.012174247,0.013053036,0.0155972075,0.016801551,0.01751303,0.020738678,-0.01631102,-0.011508199,-0.00911085,-0.0068705208,0.0054570097,0.008001851,0.010476882,0.01581524
2018-11-01,0.005724245,-0.023216182,-0.017451009,-0.015882326,-0.015782326,-0.014484524,-0.013214307,-0.01016094,-0.009319805,-0.008038412,-0.007938412,-0.007838412,-0.0077384124,-0.0076384125,-0.0075384127,-0.0063700546,-0.005686923,-0.004120471,0.0049651098,0.006283931,0.0068583163,0.006958316,0.0071536046,0.0072536045,0.0073536043,0.007453604,0.007553604,0.007653604,0.0077438513,0.012694749,0.012961854,0.015100273,0.01589589,0.016953446,0.020941094,-0.01682967,-0.011323159,-0.009169869,-0.006310855,0.0064838557,0.008441834,0.01030834,0.015730282
2018-11-02,-0.001655386,-0.022958882,-0.01737544,-0.016399065,-0.015513336,-0.013825466,-0.011822313,-0.008760131,-0.007058226,-0.006200624,-0.0061006243,-0.0060006245,-0.0059006247,-0.005800625,-0.003978328,-0.0037775098,-0.0026545457,-0.0025545456,0.0032718792,0.0033718792,0.0036465211,0.0059696175,0.00616171,0.0062617096,0.0063617094,0.0068518203,0.00695182,0.00705182,0.008668656,0.012338987,0.013012133,0.014933935,0.015914613,0.017327093,0.020501573,-0.016299088,-0.010048072,-0.0073364824,-0.0037931106,0.0045243213,0.0077332095,0.010185179,0.015622744
2018-11-05,0.001857182,-0.023022858,-0.017358897,-0.016245067,-0.015896395,-0.013674109,-0.011738604,-0.0075836936,-0.0062700654,-0.004870792,-0.004770792,-0.0046707923,-0.0045707924,-0.004227487,-0.004127487,-0.0040274872,-0.0039274874,-0.003276309,0.004663334,0.0046786806,0.0047786804,0.004877482,0.0051302975,0.00614504,0.00624504,0.0063450397,0.0064450395,0.0065450394,0.00830872,0.012986277,0.013123178,0.016158184,0.016258184,0.017057627,0.020729315,-0.016338173,-0.009341644,-0.006315548,-0.0040059127,0.0050486433,0.0074303388,0.010108652,0.016010916
2018-11-06,0.0015734886,-0.023333574,-0.017531667,-0.017103106,-0.015219354,-0.013263301,-0.011980323,-0.008129136,-0.008029136,-0.007929136,-0.007552664,-0.007452664,-0.007352664,-0.0072526643,-0.0070203394,-0.0069203395,-0.0066601215,-0.0045948196,0.0034244251,0.0046149185,0.004714028,0.0068994085,0.0070328466,0.0072835316,0.0073835314,0.0074835313,0.007583531,0.007683531,0.007916318,0.011495453,0.01306134,0.015661873,0.017174646,0.0180167,0.02102215,-0.016265644,-0.010634167,-0.008433491,-0.0065296567,0.005407262,0.008195778,0.010370696,0.015851503
2018-11-07,0.004679511,-0.02210471,-0.017411854,-0.016021779,-0.01569903,-0.014333204,-0.013150692,-0.010291125,-0.009490811,-0.009390811,-0.009290812,-0.009253098,-0.008004873,-0.00772808,-0.00762808,-0.007296166,-0.005225251,-0.0048579685,0.00308671,0.0031082353,0.0038236987,0.0048381435,0.0062925625,0.006531068,0.006819033,0.006919033,0.007791563,0.007891563,0.008729784,0.012466665,0.012816816,0.015534016,0.016068177,0.016968476,0.021065403,-0.016539898,-0.011669044,-0.009533053,-0.0068521127,0.004335164,0.008020178,0.01058955,0.015770275
2018-11-08,-0.0038827537,-0.022451904,-0.017331183,-0.016478777,-0.01589881,-0.015427242,-0.012657849,-0.012557849,-0.012457849,-0.011433376,-0.010580864,-0.010480864,-0.009163894,-0.00874766,-0.00864766,-0.00854766,-0.006412434,-0.00508285,0.0025811624,0.0037321441,0.0044066138,0.006474544,0.007722476,0.007822476,0.007922476,0.008022476,0.01036058,0.0132331485,0.013333148,0.015073062,0.016833393,0.018670183,0.018770183,0.018870182,0.020661449,-0.016753396,-0.01311714,-0.010721624,-0.007834294,0.0050233877,0.010374728,0.014154024,0.018021654
2018-11-09,-0.006422731,-0.022460887,-0.017316772,-0.016406113,-0.015364167,-0.013656346,-0.012727354,-0.009127208,-0.0070339674,-0.0061276443,-0.0060276445,-0.005079367,-0.004522914,-0.004219723,-0.0035935498,-0.0016520591,-0.0015520592,-0.0014520593,0.0041395803,0.0044617546,0.0046642306,0.00579152,0.007241457,0.0073414566,0.007820795,0.008011918,0.008111917,0.008211917,0.008311917,0.011481256,0.01306741,0.015156891,0.016874421,0.017395783,0.020519517,-0.016305106,-0.010284456,-0.0069063203,-0.002665819,0.005375576,0.008457601,0.010598285,0.015524173
2018-11-12,-0.0090585835,-0.023100104,-0.01735466,-0.016125394,-0.016022814,-0.014282466,-0.010989107,-0.0076730163,-0.0072492915,-0.0068707196,-0.006286255,-0.0061862553,-0.0056485552,-0.005060583,-0.0037994953,-0.0036994952,-0.0035994952,-0.0035848718,0.0029504858,0.004904614,0.0049313353,0.005031335,0.0067058965,0.006770151,0.008153993,0.008253993,0.008893451,0.008993451,0.010122858,0.01580626,0.01590626,0.01600626,0.01610626,0.016774777,0.020867988,-0.016349832,-0.009781505,-0.007046758,-0.0041739224,0.0051943525,0.009305949,0.011984455,0.017072309
2018-11-13,0.0026962839,-0.023001982,-0.017416188,-0.01632389,-0.015907811,-0.013720633,-0.012806669,-0.009296613,-0.007595191,-0.007495191,-0.007395191,-0.0072951913,-0.0069468566,-0.005434205,-0.0047805235,-0.0024764223,-0.0013561667,-0.0012561667,0.0056325323,0.005915567,0.0065089217,0.007683528,0.007871715,0.010758015,0.010858015,0.010958015,0.011058015,0.011158015,0.01202325,0.016648438,0.016748438,0.01851913,0.01861913,0.019944113,0.020384684,-0.016570657,-0.010703511,-0.008035623,-0.0034328941,0.0073197125,0.011478839,0.01390137,0.01844896
2018-11-14,0.0024348253,-0.022518812,-0.017448762,-0.01686479,-0.015522274,-0.014072297,-0.012824524,-0.012463159,-0.009086613,-0.009060577,-0.0076239617,-0.0075981985,-0.0071145166,-0.007103618,-0.006699846,-0.0057051065,-0.004434951,-0.004417402,0.004454438,0.004934073,0.0064273523,0.007899283,0.009965368,0.010065367,0.010165367,0.010265367,0.010365367,0.011735781,0.015513518,0.015613518,0.016787548,0.016887547,0.016924923,0.017761618,0.020986546,-0.016477335,-0.012059933,-0.008750646,-0.0057711015,0.006776103,0.011529081,0.014030622,0.017607355
2018-11-15,0.0008419546,-0.022397738,-0.016701952,-0.016601952,-0.015947036,-0.01402632,-0.013051467,-0.011247511,-0.008138077,-0.0080380775,-0.0064419294,-0.0061911056,-0.0061636535,-0.0050857523,-0.0049857525,-0.004560084,-0.0044600843,-0.0038788745,0.0051613483,0.0062912023,0.007710767,0.008714538,0.010711806,0.010920527,0.011879122,0.01205166,0.013546008,0.0136460075,0.014895607,0.014995607,0.015095606,0.015578641,0.017233262,0.01783033,0.020853058,-0.016424904,-0.011415416,-0.007776176,-0.00481518,0.007951396,0.012465121,0.014863297,0.016870648
2018-11-16,0.006789224,-0.022134587,-0.017376643,-0.017002037,-0.015720338,-0.015334882,-0.014045958,-0.013945959,-0.013845959,-0.012988543,-0.011779665,-0.011679665,-0.011579665,-0.0114796655,-0.010055062,-0.009174338,-0.008445595,-0.0053377063,0.006169719,0.006316349,0.008065403,0.008711632,0.009723363,0.009785956,0.011180509,0.012603828,0.012676478,0.016961554,0.017061554,0.017161554,0.017694412,0.017772177,0.01957347,0.01967347,0.020706585,-0.016922481,-0.014365691,-0.012546184,-0.008938474,0.008088723,0.0132472515,0.016686922,0.01860164
2018-11-19,0.005129507,-0.023051394,-0.017039169,-0.015827607,-0.015727608,-0.01372368,-0.0132309105,-0.011054535,-0.010954536,-0.01059033,-0.008329905,-0.008229905,-0.008129905,-0.008029905,-0.007929905,-0.0061966702,-0.0042601437,-0.0038742071,0.0034364518,0.0038382048,0.005329918,0.005429918,0.005529918,0.0056299176,0.0057299174,0.0076572145,0.010202402,0.0126548335,0.012754833,0.0138517935,0.013951793,0.016143028,0.01700893,0.017465673,0.021103185,-0.016554553,-0.012331584,-0.009735033,-0.006098166,0.004752882,0.009064736,0.013294558,0.016503096
2018-11-20,-0.0038074122,-0.02211026,-0.017415252,-0.01587692,-0.015776921,-0.014388427,-0.012926664,-0.011225709,-0.011125709,-0.010494797,-0.008950836,-0.008687528,-0.008630912,-0.0065971664,-0.006239666,-0.004935458,-0.004055671,-0.0033696797,0.0021223063,0.002702842,0.002802842,0.0051799593,0.005279959,0.006273151,0.0063731507,0.0064731506,0.009105607,0.010191362,0.012506436,0.012606435,0.012857576,0.015576723,0.017187815,0.01774303,0.02073117,-0.016523505,-0.01232996,-0.009646257,-0.0054576006,0.0038362201,0.008164812,0.012319531,0.015902987
2018-11-21,-0.0014032752,-0.022547731,-0.017385565,-0.01707897,-0.01489897,-0.013918924,-0.012983979,-0.011052306,-0.010952306,-0.010852306,-0.009049024,-0.008301026,-0.008201026,-0.00711496,-0.005872358,-0.0036821452,-0.0022578165,-0.0021578164,0.0050967936,0.0056537725,0.0067180875,0.007403203,0.0075032027,0.0076032025,0.008676539,0.010140339,0.012019216,0.012119216,0.012219216,0.012319216,0.013113347,0.015665552,0.017217522,0.017486786,0.020763978,-0.016347034,-0.012583974,-0.009660259,-0.0044542328,0.006709679,0.009937035,0.0131788775,0.015869776
2018-11-22,0.0010986687,-0.022817913,-0.016976781,-0.016399391,-0.015795598,-0.014210611,-0.013302359,-0.013202359,-0.013102359,-0.010391321,-0.010361897,-0.01006265,-0.010010024,-0.009910024,-0.009183805,-0.007617134,-0.0068293605,-0.0058421777,0.0034177587,0.004160605,0.0049042366,0.006472099,0.0066802646,0.0078157345,0.007884496,0.007984496,0.009555136,0.011169513,0.011269513,0.013517032,0.016454563,0.016554562,0.017058006,0.018034324,0.021027476,-0.016620653,-0.013279557,-0.011337332,-0.0079070255,0.0053678392,0.009433408,0.012513841,0.017117592
2018-11-23,-0.005545124,-0.022775084,-0.0174717,-0.016058704,-0.015168682,-0.014130096,-0.012985698,-0.009194602,-0.009094602,-0.008994603,-0.008894603,-0.008794603,-0.008694603,-0.007947068,-0.007847068,-0.006686649,-0.006140261,-0.0056303055,0.0037735228,0.004702573,0.004897991,0.0060053244,0.0061053243,0.006205324,0.0071971724,0.007859393,0.009825051,0.009925051,0.0100250505,0.0115815345,0.012692149,0.015337045,0.016043574,0.017590884,0.020154862,-0.016506251,-0.011265641,-0.009523315,-0.007019777,0.0053153164,0.008335325,0.011480052,0.0154712945
2018-11-26,-0.00031300768,-0.023436857,-0.017128777,-0.01591741,-0.015546087,-0.013879614,-0.01210147,-0.0076612337,-0.006417804,-0.006317804,-0.0043342286,-0.004019553,-0.0032792732,-0.003179273,-0.003079273,-0.002979273,-0.002879273,-0.0027792729,0.004541339,0.005661403,0.0068286685,0.007135249,0.007887653,0.009420307,0.011276093,0.011376093,0.011476093,0.011576093,0.015723385,0.015823385,0.017060898,0.017435826,0.018666022,0.018766021,0.020817662,-0.016418561,-0.009683144,-0.0058624097,-0.0031473287,0.0070885504,0.011216706,0.014652995,0.017980758
2018-11-27,-0.00434814,-0.023047876,-0.017010774,-0.015859343,-0.015525024,-0.01428424,-0.012135935,-0.009889626,-0.009497766,-0.009397767,-0.007568568,-0.007468568,-0.0069280504,-0.0067341365,-0.0064833285,-0.0053695156,-0.0050853845,-0.0032337566,0.003991128,0.0046601426,0.0061718565,0.008028705,0.0081287045,0.009255749,0.009355749,0.009455749,0.009555749,0.01041853,0.0126065435,0.012706543,0.0130398,0.015290739,0.017009687,0.017568361,0.020738047,-0.01640077,-0.011356087,-0.008572891,-0.0055281105,0.0064415163,0.009993056,0.01245941,0.015868697
2018-11-28,-0.0013382909,-0.022094905,-0.01726236,-0.01650921,-0.015000562,-0.014209606,-0.012915451,-0.0075935116,-0.0059679407,-0.005867941,-0.0048611644,-0.0044895266,-0.004389527,-0.004289527,-0.0036572232,-0.0035572231,-0.003457223,-0.003357223,0.0031159462,0.0037019707,0.00502352,0.006977689,0.007077689,0.0071776886,0.007424052,0.012388112,0.012488112,0.012853068,0.012953068,0.013695962,0.013795962,0.015378118,0.016813342,0.017536104,0.02105053,-0.016296577,-0.009770811,-0.006484722,-0.0037036836,0.005248635,0.010638503,0.01376071,0.016291335
2018-11-29,0.009800604,-0.022865131,-0.017434489,-0.015836105,-0.015472528,-0.014386596,-0.011523974,-0.009306173,-0.009107092,-0.00833997,-0.007799572,-0.0071156174,-0.00709525,-0.005134841,-0.005034841,-0.0043270434,-0.0042270436,-0.004144285,0.0038838517,0.004713318,0.005720614,0.008160192,0.0085280575,0.008628057,0.009499096,0.009599096,0.011987499,0.015578531,0.01567853,0.01577853,0.01587853,0.01597853,0.017068181,0.017550806,0.02080013,-0.016336543,-0.010822663,-0.008132146,-0.0049697664,0.0063954135,0.011622454,0.015218255,0.017197305
2018-11-30,-0.005510675,-0.022027008,-0.017413113,-0.016346619,-0.015529447,-0.015361817,-0.014519994,-0.012702244,-0.0126022445,-0.0114338985,-0.010070737,-0.009765947,-0.009665947,-0.0074497433,-0.0073497435,-0.007280676,-0.006818372,-0.006718372,0.0026380592,0.004752876,0.0057976516,0.0066234134,0.0072916625,0.0082822405,0.008896455,0.008972653,0.009925469,0.010902746,0.012656024,0.013233704,0.013644988,0.016277092,0.016377091,0.017631317,0.021172808,-0.016970275,-0.013521001,-0.010861733,-0.007586622,0.0057416908,0.009736601,0.012619006,0.016391981
2018-12-03,0.0020047931,-0.023327135,-0.016805187,-0.016112717,-0.015049598,-0.013214943,-0.013044435,-0.010878989,-0.010826171,-0.010230188,-0.008539647,-0.008439647,-0.007604462,-0.0075454316,-0.00659294,-0.005790741,-0.0056907414,-0.0055907415,0.0034941118,0.004314275,0.0045194835,0.007500724,0.008437892,0.008537892,0.008637892,0.008737892,0.008837892,0.009594478,0.010683236,0.0126100145,0.013301999,0.015191693,0.017160324,0.017609328,0.020759705,-0.01628826,-0.0122185005,-0.00951203,-0.0064209625,0.0056932974,0.009583633,0.01177719,0.015894547
2018-12-04,0.00033043796,-0.023411943,-0.017476691,-0.016286612,-0.015292253,-0.014311218,-0.011069599,-0.010625502,-0.00999137,-0.00989137,-0.00933218,-0.008974845,-0.007779082,-0.0077382145,-0.005611586,-0.0049251947,-0.0036721614,-0.0035721613,0.005294946,0.0053097913,0.0063091586,0.006920667,0.009305088,0.009513453,0.0096134525,0.009713452,0.009827811,0.010218808,0.010984551,0.012367697,0.013078254,0.015883083,0.017303927,0.017735131,0.021152193,-0.016312342,-0.011572891,-0.009182089,-0.0053511895,0.0066896034,0.0102237,0.012140559,0.016043272
2018-12-05,-0.0007094746,-0.023193987,-0.017409284,-0.015738644,-0.0151851475,-0.014224514,-0.013113116,-0.008315617,-0.0072806044,-0.0071806046,-0.007080605,-0.006963486,-0.006914386,-0.006814386,-0.005861347,-0.0037476446,-0.0035011324,-0.0031035973,0.0031999196,0.00389054,0.0055552344,0.006252543,0.0071995193,0.007299519,0.007399519,0.008515283,0.008615283,0.008715283,0.01236864,0.01246864,0.012941673,0.015288426,0.016921539,0.017492268,0.020589272,-0.016625209,-0.010325717,-0.00824062,-0.004635441,0.005259551,0.008839649,0.011817877,0.015756056
2018-12-06,0.003515994,-0.021965215,-0.017397944,-0.01578724,-0.01568724,-0.014114491,-0.012711417,-0.0116099855,-0.010638399,-0.010538399,-0.009363519,-0.009188709,-0.0087305745,-0.0070153973,-0.0056447405,-0.003869335,-0.0038070325,-0.0037070324,0.005810318,0.005882442,0.006196705,0.0076588476,0.009351761,0.009451761,0.009551761,0.009651761,0.00975176,0.010336285,0.010647929,0.012184566,0.012992193,0.015414267,0.016902175,0.017382924,0.020741343,-0.016375262,-0.012257088,-0.009691861,-0.00524337,0.0070200143,0.010195227,0.011964544,0.015743058
2018-12-07,0.00072673865,-0.022560284,-0.016999012,-0.015897762,-0.015020345,-0.014142057,-0.01288122,-0.008100527,-0.007867375,-0.0077673756,-0.007651527,-0.006362054,-0.006259959,-0.0061599594,-0.0061287396,-0.0059443116,-0.005235676,-0.004785242,0.0031315514,0.0043626386,0.0044626384,0.0045626382,0.006523363,0.0066233627,0.006702356,0.006802356,0.0071112,0.00825093,0.011556679,0.012517036,0.013022399,0.015049662,0.017040167,0.017951146,0.02064705,-0.016320582,-0.010502852,-0.008164008,-0.005691205,0.0046443646,0.008143409,0.011295202,0.015837459
2018-12-10,-0.0013551016,-0.02279434,-0.017478576,-0.015973767,-0.015337732,-0.01403733,-0.012855635,-0.010226681,-0.010126681,-0.010026681,-0.009926681,-0.006612821,-0.006512821,-0.0064128214,-0.006341698,-0.0062416983,-0.0061416985,-0.004511041,0.004239008,0.0054636146,0.0056788214,0.008025342,0.010144517,0.01132161,0.01142161,0.0115216095,0.011621609,0.011721609,0.011821609,0.01415025,0.01425025,0.015203323,0.01676833,0.01751683,0.020916414,-0.016500723,-0.011841889,-0.009166928,-0.005969791,0.006965679,0.011771919,0.013216682,0.016407412
2018-12-11,-0.0046546906,-0.02318152,-0.01685547,-0.015664365,-0.015564365,-0.014250803,-0.012912248,-0.009022088,-0.008922088,-0.008822088,-0.008722088,-0.0086220885,-0.008522089,-0.008422089,-0.005692417,-0.003858211,-0.003758211,-0.0036582109,0.0050879605,0.0053945654,0.006333086,0.0071383943,0.007957799,0.008057799,0.008631295,0.008731294,0.008831294,0.010257516,0.010357516,0.012976224,0.013214689,0.016037073,0.016117029,0.017490225,0.020987818,-0.016552882,-0.011068575,-0.009500121,-0.0051178276,0.00651706,0.009596126,0.011707915,0.016141204
2018-12-12,0.0038235907,-0.023021398,-0.016831547,-0.016064761,-0.015026342,-0.013287468,-0.0108717065,-0.00851998,-0.0076031643,-0.0075031645,-0.0074031646,-0.007303165,-0.007203165,-0.0068647335,-0.0067647337,-0.006664734,-0.0057794536,-0.0056794537,0.004554754,0.004686638,0.0059217755,0.0065549263,0.008496433,0.009419299,0.009420196,0.0095420005,0.009642,0.0105175795,0.012270416,0.012370416,0.01324515,0.015516789,0.017089374,0.017189374,0.02077757,-0.015807692,-0.010112556,-0.007989187,-0.0064383084,0.006227658,0.010069145,0.012377957,0.015819859
2018-12-13,-0.001624617,-0.023086004,-0.01665244,-0.016056418,-0.015563177,-0.013878567,-0.012371151,-0.011322609,-0.011222609,-0.008738793,-0.008171829,-0.00807183,-0.0068555484,-0.006713249,-0.005576019,-0.004153255,-0.003873032,-0.003773032,0.0016931903,0.0022849771,0.0025537848,0.004651966,0.0062214225,0.0063214223,0.00784315,0.00794315,0.009903438,0.010003438,0.011544778,0.014756057,0.016344097,0.016444096,0.016544096,0.01795984,0.02116575,-0.016310269,-0.011942317,-0.009066877,-0.0050894334,0.0038054138,0.009049098,0.012550361,0.017333968
2018-12-14,-0.0044249226,-0.02331745,-0.017010232,-0.016120853,-0.015684603,-0.014357729,-0.012948839,-0.01035216,-0.007218463,-0.0058304667,-0.005730467,-0.0056118555,-0.0054722195,-0.0031274548,-0.0030274547,-0.0028239042,-0.0018666335,-0.0017666336,0.0035413043,0.0035763467,0.0045473003,0.0076884576,0.00970664,0.010009016,0.010531372,0.011064495,0.011164495,0.012946785,0.014629081,0.015507879,0.015607879,0.017261425,0.017361425,0.01748413,0.020393996,-0.016663771,-0.010494156,-0.0068994886,-0.0030192963,0.0059769563,0.011846962,0.014321933,0.017251063
2018-12-17,0.0034594696,-0.023082606,-0.017539706,-0.01586219,-0.015315814,-0.012579245,-0.012432376,-0.007622112,-0.0069967243,-0.0068967245,-0.005549227,-0.005449227,-0.0051718736,-0.005071874,-0.0040017823,-0.0039017822,-0.0028177483,-0.0027177483,0.004196472,0.0057255765,0.00645131,0.0074562985,0.007897529,0.007997529,0.009189262,0.009289262,0.009385529,0.012940374,0.013040374,0.015376466,0.016537495,0.017640315,0.017740315,0.017840315,0.020424688,-0.016189951,-0.009962025,-0.007044415,-0.0037776574,0.006603784,0.010700231,0.013696613,0.017563855
2018-12-18,0.0025042824,-0.022265038,-0.016828336,-0.015922155,-0.015350786,-0.012203697,-0.012103697,-0.009203524,-0.0091035245,-0.009003525,-0.008903525,-0.007963064,-0.0064771282,-0.0063771284,-0.0049954914,-0.0034584242,-0.002747941,-0.002647941,0.0026958908,0.0035521998,0.004372867,0.005748346,0.0066652596,0.00785413,0.00795413,0.009889189,0.009989189,0.010089189,0.010622796,0.012492974,0.01300514,0.015063219,0.016842734,0.01740762,0.020339392,-0.015750311,-0.011067285,-0.0085930005,-0.0043625725,0.0048646866,0.009398148,0.012007376,0.015661668
2018-12-19,0.004952618,-0.023130659,-0.017227512,-0.01612253,-0.015640907,-0.014204365,-0.01234958,-0.008766786,-0.008666786,-0.00796934,-0.0070325243,-0.006411881,-0.005633489,-0.0039614714,-0.0038614713,-0.0023540503,-0.0014407131,-0.0011292176,0.005790681,0.0066069537,0.0067069535,0.0068069533,0.0072084907,0.008485226,0.009826822,0.009918511,0.0108543085,0.010983977,0.011715219,0.012579816,0.012961636,0.015496011,0.017043205,0.017655227,0.020866295,-0.016510604,-0.0107750045,-0.00752877,-0.0030394667,0.0071476726,0.009835204,0.0126353055,0.015911797
2018-12-20,-0.00041816957,-0.022402091,-0.017296819,-0.016059317,-0.015755683,-0.014199289,-0.012148509,-0.009326748,-0.008343868,-0.007220958,-0.0063899118,-0.0054636844,-0.005294383,-0.0049961493,-0.004049048,-0.0035286066,-0.003160927,-0.0023128672,0.005138649,0.0060717664,0.006348536,0.008983319,0.0090833185,0.009911052,0.012878265,0.012978265,0.013078265,0.013178265,0.0133916885,0.013491688,0.013591688,0.015806185,0.016005408,0.018006222,0.020987287,-0.016360478,-0.010619881,-0.007434564,-0.0037030266,0.007884107,0.011728518,0.013829065,0.016376615
2018-12-21,-0.0001467292,-0.023047836,-0.017371852,-0.016134884,-0.015213475,-0.014923417,-0.013420598,-0.011419555,-0.010129552,-0.008944596,-0.008458547,-0.007262072,-0.0055724173,-0.004507191,-0.004446581,-0.004346581,-0.004126631,-0.0033258798,0.0032359897,0.00426677,0.00436677,0.006483899,0.008453153,0.010595348,0.012260428,0.0123604275,0.012460427,0.01334947,0.01344947,0.013578086,0.015420848,0.017257856,0.017357856,0.017656216,0.020547792,-0.016795436,-0.012009838,-0.00841766,-0.004701549,0.006122771,0.011667297,0.014039062,0.01689216
2018-12-24,-9.637119e-05,-0.022355061,-0.01648367,-0.015416026,-0.015090893,-0.014990893,-0.011810676,-0.009959244,-0.009859244,-0.009417823,-0.008237888,-0.008137888,-0.008037888,-0.006587436,-0.006487436,-0.0056408755,-0.005053503,-0.004104177,0.0049470747,0.006540952,0.0072446456,0.009571636,0.009671636,0.009771636,0.0100585185,0.010158518,0.010766474,0.011408002,0.012604039,0.013413894,0.013538921,0.015777858,0.017188141,0.017760642,0.020828102,-0.016146239,-0.011292602,-0.008906627,-0.0058847764,0.0076725646,0.010884738,0.01307611,0.016263884
2018-12-27,-0.0011791084,-0.022976931,-0.017499302,-0.01568153,-0.015165623,-0.014056086,-0.012285217,-0.0116075305,-0.010836237,-0.010211404,-0.009250009,-0.009239609,-0.0058482178,-0.005748218,-0.005648218,-0.0031286173,-0.0023662047,-0.0016513619,0.0028889603,0.0044963853,0.005928132,0.007564805,0.0077548483,0.007854848,0.008571784,0.00983754,0.011971569,0.012576641,0.01267664,0.01277664,0.012959981,0.013092299,0.016757855,0.017085828,0.020996809,-0.01639663,-0.012124384,-0.008793579,-0.0044068024,0.005890013,0.010160103,0.01335187,0.01538231
2018-12-28,0.003305875,-0.02249183,-0.017425627,-0.015864436,-0.015679875,-0.014199389,-0.012649967,-0.009761835,-0.009661836,-0.009561836,-0.009356384,-0.009333592,-0.009233592,-0.009204039,-0.008807805,-0.0064982274,-0.005587446,-0.005487446,0.002970726,0.004300305,0.0048656655,0.007241374,0.0073413737,0.0074413735,0.0075413734,0.009135961,0.00923596,0.010089712,0.010486525,0.01390366,0.015359288,0.015477639,0.015999647,0.017527625,0.020786447,-0.016489338,-0.011499982,-0.010021163,-0.0071429037,0.0053838887,0.009582416,0.0119431,0.016610932
2018-12-31,-0.0003257233,-0.023460869,-0.016245661,-0.015949562,-0.015751367,-0.013938127,-0.012797655,-0.012681154,-0.011987024,-0.010830852,-0.009685849,-0.009585849,-0.007998935,-0.007497829,-0.0073328963,-0.0068031712,-0.0064825076,-0.0058759996,0.0025477847,0.0031060164,0.0032864972,0.0073118918,0.007865946,0.007934438,0.00854168,0.009303715,0.009403715,0.011417791,0.0132437255,0.014405629,0.01593738,0.01603738,0.016949344,0.017049344,0.020272594,-0.016438738,-0.012849249,-0.009993458,-0.0072160847,0.004958774,0.010185504,0.013084042,0.016740466
2019-01-02,-0.0070453496,-0.02195135,-0.017329589,-0.015568878,-0.014917238,-0.014070338,-0.012233182,-0.012133182,-0.011453185,-0.01030847,-0.009293298,-0.009256632,-0.007643311,-0.0056432663,-0.0050895116,-0.004182069,-0.0040820693,-0.0036000842,0.004526187,0.0049727005,0.0050727003,0.007554832,0.0076548317,0.008540553,0.008640553,0.008740553,0.0088405525,0.011539869,0.011639869,0.012087783,0.012989609,0.016131477,0.017183993,0.017461425,0.021018788,-0.016100338,-0.01233938,-0.009253249,-0.0052420734,0.006153395,0.009712718,0.012258414,0.015937816
2019-01-03,0.0034158758,-0.023170875,-0.016403163,-0.016194884,-0.01549019,-0.014556824,-0.0117724035,-0.009054267,-0.007986972,-0.0072756354,-0.0071756355,-0.0070756357,-0.006975636,-0.006875636,-0.006775636,-0.0066756364,-0.0065756366,-0.0064756367,0.0012368336,0.0022405612,0.0023116965,0.003535571,0.0054662623,0.005603471,0.006975157,0.007075157,0.009274158,0.01307602,0.013239604,0.015348084,0.015448084,0.016020754,0.018218627,0.018318627,0.02063738,-0.01627869,-0.010456832,-0.008157256,-0.006715636,0.0032599638,0.009313799,0.013831298,0.017154586
2019-01-04,0.0015721257,-0.023083737,-0.017475098,-0.01672069,-0.016390894,-0.015888419,-0.014170118,-0.014070118,-0.013075666,-0.011718243,-0.009792159,-0.0096921595,-0.009143525,-0.009043525,-0.008230521,-0.0073307464,-0.0065276604,-0.004616437,0.0027542324,0.004181317,0.004281317,0.004896494,0.0061421823,0.0067347777,0.0088028265,0.008902826,0.009002826,0.009102826,0.011775888,0.01596532,0.01606532,0.01616532,0.017430492,0.017785918,0.020944098,-0.017401654,-0.013950966,-0.011044999,-0.007279505,0.0049832375,0.009369587,0.01265547,0.017385196
2019-01-07,0.0046078297,-0.023290116,-0.016345149,-0.016077427,-0.015914664,-0.014183836,-0.013777964,-0.009350977,-0.009250977,-0.009150977,-0.009050977,-0.008950978,-0.007565219,-0.007465219,-0.007059225,-0.005550939,-0.005058088,-0.004958088,0.002233529,0.0024301228,0.003558643,0.004949472,0.006249386,0.0067678927,0.007870642,0.008495225,0.009608059,0.009708059,0.011051711,0.015204495,0.015304495,0.015460459,0.0169904,0.017592266,0.020880856,-0.016702345,-0.011521664,-0.009422071,-0.0063154637,0.004208482,0.009285012,0.012512545,0.016888514
2019-01-08,-0.001914436,-0.023093715,-0.016764164,-0.0160464,-0.015694367,-0.014226416,-0.012285636,-0.011130389,-0.011030389,-0.010930389,-0.009962236,-0.009862236,-0.009762236,-0.009435106,-0.009335106,-0.007488617,-0.0072679585,-0.0066550104,0.0029135118,0.0036758052,0.00460732,0.005420584,0.0066461703,0.00674617,0.007539979,0.007639979,0.007829849,0.00807611,0.011011514,0.0116649205,0.013025821,0.015565365,0.01695667,0.017063377,0.021001816,-0.01641286,-0.012284639,-0.010495121,-0.008121786,0.00483144,0.00815467,0.011107813,0.01566426
2019-01-09,0.0060082222,-0.02230277,-0.017052267,-0.016099654,-0.015261384,-0.012876881,-0.011554029,-0.009917915,-0.009834472,-0.008505791,-0.0078045055,-0.00640883,-0.0060193194,-0.0059193196,-0.0037263345,-0.003509704,-0.003409704,-0.003309704,0.0053684725,0.0054684724,0.005568472,0.0073376237,0.007519776,0.007619776,0.0077197757,0.007852944,0.009356371,0.009456371,0.011008628,0.012369121,0.0133118555,0.01577255,0.016083559,0.017207978,0.020588657,-0.015809465,-0.011182372,-0.008226329,-0.004072855,0.006292564,0.008963598,0.011654811,0.015850034
2019-01-10,0.0010767021,-0.022692975,-0.017386323,-0.01587362,-0.01577362,-0.013560746,-0.012551806,-0.011349692,-0.010247327,-0.009553685,-0.009347501,-0.0072884546,-0.0071884547,-0.006631325,-0.0030994767,-0.0018926254,-0.0017926254,-0.0016926255,0.004220397,0.004320397,0.00531562,0.00541562,0.006364721,0.0072458787,0.008181756,0.009041067,0.010135904,0.010235904,0.011321187,0.012737223,0.014349184,0.015228539,0.016973415,0.017581124,0.02084658,-0.016393095,-0.0119152265,-0.0091932835,-0.0031531614,0.0054907585,0.009124959,0.012280727,0.01614853
2019-01-11,-0.0039303545,-0.023349097,-0.017279359,-0.016307237,-0.015717022,-0.013146598,-0.0121161835,-0.010675622,-0.008984638,-0.008884639,-0.008784639,-0.008684639,-0.0081537925,-0.00782555,-0.0078080245,-0.0071463054,-0.007002994,-0.006993832,0.0026889856,0.003136372,0.004688613,0.0067024543,0.0068245064,0.0069245063,0.0078668585,0.007966858,0.008066858,0.0107432585,0.011751041,0.0145674385,0.015490263,0.015590263,0.017224146,0.017432868,0.020801246,-0.016321652,-0.0113936635,-0.00917296,-0.007527159,0.005016657,0.009405314,0.012470548,0.016776416
2019-01-14,-0.0008912589,-0.022782745,-0.016817654,-0.01562532,-0.014546327,-0.013812624,-0.012409682,-0.00880691,-0.00675577,-0.005267891,-0.00418769,-0.0040876903,-0.0039876904,-0.0035314579,-0.0034314578,-0.0033314577,-0.0032314577,-0.0031314576,0.0030107442,0.0042181443,0.0062691905,0.0072118663,0.0074658417,0.00891306,0.010662368,0.010762367,0.010792902,0.012992151,0.01441014,0.019103454,0.019203454,0.019303454,0.019403454,0.019950673,0.021020474,-0.016073806,-0.009773115,-0.0061744587,-0.0034427042,0.0062744627,0.011847375,0.01534042,0.019716302
2019-01-15,-0.002455612,-0.02229258,-0.017156892,-0.01629333,-0.015204322,-0.0139487535,-0.011305513,-0.009145128,-0.009045128,-0.008945128,-0.00847383,-0.0077301385,-0.0075282254,-0.0070252083,-0.0066997255,-0.0059348047,-0.005700821,-0.005600821,0.0041321632,0.004232163,0.0056042243,0.007079563,0.007179563,0.0072795628,0.007937035,0.008037034,0.008137034,0.009221568,0.010696701,0.011829042,0.013603003,0.015129748,0.016646614,0.017431565,0.020722602,-0.01598161,-0.010946846,-0.008675581,-0.0063332627,0.0057970295,0.008709354,0.011306192,0.015743192
2019-01-16,-0.0039196243,-0.022587193,-0.016694658,-0.015733141,-0.01494473,-0.011979984,-0.0113635715,-0.009635888,-0.009535888,-0.0073067243,-0.007161354,-0.0050397506,-0.004939751,-0.0047001024,-0.0031312865,-0.0030312864,-0.0029312863,-0.0024562322,0.0028165535,0.004105419,0.0042054188,0.007635849,0.00828973,0.00838973,0.008416462,0.008825721,0.008925721,0.013369588,0.013469588,0.015843222,0.01616602,0.018494608,0.018594608,0.018694608,0.020778485,-0.015514028,-0.010715043,-0.007540134,-0.0033179685,0.005435941,0.010943597,0.014040545,0.01799539
2019-01-17,-0.0012316097,-0.02346694,-0.017673384,-0.015679825,-0.015146453,-0.012944441,-0.012844441,-0.0069769206,-0.006876921,-0.006776921,-0.0061564106,-0.0060564107,-0.0056588105,-0.0047353767,-0.004635377,-0.0038538426,-0.0025895885,-0.0024248343,0.0038048944,0.004224996,0.0046095736,0.0073924293,0.008246734,0.008346734,0.0084467335,0.008546733,0.008646733,0.008746733,0.011766723,0.012605822,0.013039039,0.015871344,0.01661845,0.016683333,0.020621097,-0.016415132,-0.009831006,-0.007254392,-0.0039120107,0.0056957253,0.009298551,0.011676892,0.015764128
2019-01-18,-0.0011605493,-0.022686195,-0.017213993,-0.016006509,-0.015276666,-0.013955963,-0.012825466,-0.007499111,-0.006306604,-0.006206604,-0.0061066044,-0.004681411,-0.0039895736,-0.0031838396,-0.002710891,-0.002610891,-0.0025108908,-0.0024108908,0.0034523811,0.0048497734,0.005446216,0.006208878,0.006609089,0.007063341,0.008613116,0.008713116,0.008813116,0.008913116,0.010459038,0.01310466,0.01320466,0.015491917,0.017232243,0.017769514,0.02085099,-0.016391655,-0.009768859,-0.006482417,-0.002984995,0.005714073,0.008880665,0.011704436,0.016084349
2019-01-21,-0.0003145474,-0.022592532,-0.016714323,-0.015769247,-0.015354558,-0.012555564,-0.012253298,-0.009612359,-0.009189661,-0.0074930456,-0.007393046,-0.00721572,-0.0060579716,-0.0049688546,-0.0026245157,-0.0020405944,-0.0012169249,-0.0011169249,0.0056548733,0.005754873,0.0072211395,0.009761386,0.009861385,0.0105827525,0.012467324,0.012567324,0.012586897,0.013344668,0.013444668,0.0135446675,0.013644667,0.0154870795,0.015676886,0.017610842,0.020721301,-0.015894055,-0.010863522,-0.007972566,-0.002842936,0.008171919,0.011980159,0.013719557,0.016201712
2019-01-22,-0.0005677555,-0.02337242,-0.017376855,-0.015948089,-0.015539338,-0.012739724,-0.012511397,-0.008831615,-0.00697079,-0.0060935887,-0.005993589,-0.0051160096,-0.00501601,-0.00491601,-0.00481601,-0.0044400687,-0.0036583636,-0.0032078777,0.003911487,0.0053698164,0.006390162,0.00813735,0.009113555,0.011310211,0.013878491,0.013978491,0.01407849,0.014698967,0.014798967,0.014898967,0.014998967,0.015489961,0.017293125,0.017426075,0.020934397,-0.016307946,-0.010071096,-0.0070815594,-0.0042476663,0.007537461,0.012800038,0.015153703,0.016749673
2019-01-23,0.0019352064,-0.022808412,-0.01711491,-0.016348155,-0.015599367,-0.01423679,-0.011493407,-0.008598091,-0.0060636653,-0.005582909,-0.0054710438,-0.005371044,-0.0049540945,-0.0048540947,-0.0048439815,-0.0024732288,-0.0023732288,-0.0012852927,0.0035466352,0.0040009874,0.006882355,0.0074130367,0.010766513,0.010866513,0.010966512,0.012837765,0.013239782,0.015164673,0.015264673,0.015364673,0.015464673,0.015564673,0.016747672,0.017455997,0.020843223,-0.016250577,-0.009617245,-0.006567261,-0.003269355,0.006561905,0.013000026,0.015156294,0.016938647
2019-01-24,-0.0022346182,-0.02224588,-0.017458938,-0.015963964,-0.015445962,-0.013783744,-0.011924421,-0.009627245,-0.007209687,-0.007109687,-0.005052106,-0.004952106,-0.0040275883,-0.003807479,-0.0023198964,-0.0018625733,-0.0016272063,-0.00011009708,0.0054437686,0.0064591374,0.0065591373,0.008282621,0.00950403,0.01038227,0.010584681,0.010945591,0.011810942,0.011910941,0.013385924,0.013485923,0.013585923,0.01565192,0.017276881,0.017484063,0.020820519,-0.016171789,-0.010367001,-0.006404257,-0.002174376,0.007465869,0.011245752,0.0135741215,0.01620567
2019-01-25,0.0038129946,-0.022481319,-0.016309183,-0.015870955,-0.015551406,-0.014762784,-0.012390097,-0.007976574,-0.007876574,-0.006760813,-0.0063726343,-0.0050995075,-0.0049995077,-0.003868477,-0.003729377,-0.0036293769,-0.002729134,-0.0026038396,0.005569792,0.0056697917,0.0066228206,0.0067228205,0.00790749,0.008586671,0.010504697,0.010837167,0.010937166,0.012332539,0.013581974,0.014377211,0.015695402,0.015795402,0.01744829,0.017633948,0.02082563,-0.016298959,-0.010175003,-0.0071014576,-0.0035582471,0.007017984,0.010808216,0.013735436,0.01686552
2019-01-28,0.0034182153,-0.023389313,-0.016273309,-0.01571139,-0.015564963,-0.014195157,-0.012582451,-0.007805391,-0.006081383,-0.0059813834,-0.0058813835,-0.0057813837,-0.005681384,-0.005581384,-0.005481384,-0.0054500927,-0.004083346,-0.0028755083,0.0051532728,0.0053586746,0.0066128657,0.0071575213,0.00850133,0.0095207775,0.009620777,0.009720777,0.009820777,0.009920777,0.010020777,0.012674807,0.013068477,0.016084336,0.017211553,0.017519783,0.021067103,-0.01640104,-0.009632399,-0.0071615973,-0.0047343434,0.006780622,0.010067694,0.011929737,0.016082902
2019-01-29,-0.0017941463,-0.022610199,-0.017054923,-0.015538749,-0.0151378345,-0.01278295,-0.01153603,-0.008779554,-0.00870924,-0.00862978,-0.007258452,-0.007158452,-0.0070584523,-0.007019548,-0.0065962956,-0.005502238,-0.0032287964,-0.0031287964,0.0040899115,0.0045315274,0.0046315272,0.004731527,0.0052056764,0.0056561762,0.0058328467,0.0059328466,0.006793131,0.007287897,0.008595727,0.010940885,0.012887515,0.0154462615,0.01677349,0.01687349,0.020423781,-0.015824387,-0.010638671,-0.008316344,-0.005122916,0.004763468,0.007004696,0.010078226,0.015314387
2019-01-30,0.00079244684,-0.023483701,-0.017524803,-0.016482439,-0.0155229,-0.0138463415,-0.012224691,-0.012124691,-0.009258004,-0.009158004,-0.008180217,-0.008080217,-0.007980217,-0.007880217,-0.007807424,-0.0070998413,-0.006228996,-0.006128996,0.0035779325,0.0036779325,0.0039850664,0.0059575043,0.006057504,0.006157504,0.007501423,0.0076014227,0.0077014226,0.009143613,0.009243613,0.012729177,0.012984575,0.014861783,0.015587151,0.016927857,0.020854231,-0.016520487,-0.011849565,-0.009104669,-0.007069095,0.004939972,0.008337844,0.010880996,0.015671525
2019-01-31,0.0044060918,-0.022743808,-0.016551279,-0.015389705,-0.0151684815,-0.013640429,-0.01288759,-0.009467195,-0.008551384,-0.0084513845,-0.008351385,-0.00797544,-0.0071654115,-0.006573798,-0.0052195485,-0.0041573346,-0.0040573347,-0.0027945363,0.003926281,0.0040262807,0.004029254,0.0053806067,0.0066651893,0.006765189,0.00770624,0.008922159,0.009526279,0.009628547,0.010544307,0.011470703,0.013475936,0.015383988,0.015737683,0.017476704,0.020775573,-0.016198318,-0.010949452,-0.008705914,-0.0048408387,0.0050137322,0.008690357,0.011381504,0.01571658
2019-02-01,-0.0005753138,-0.022517689,-0.016713925,-0.015966851,-0.0152959805,-0.012760793,-0.01269574,-0.010810273,-0.007361794,-0.0069933967,-0.00697787,-0.0040799906,-0.0039799907,-0.0038799907,-0.0037799906,-0.0036799905,-0.003574603,-0.003474603,0.0029490525,0.0042311796,0.0043311794,0.0044311793,0.004531179,0.0056193233,0.005719323,0.0069318726,0.0070318724,0.01162228,0.01172228,0.014991112,0.015461789,0.015561789,0.01626876,0.016890233,0.020526765,-0.015996825,-0.01076561,-0.006979077,-0.0037178355,0.0043323827,0.008739153,0.012327261,0.016686339
2019-02-04,-0.003458851,-0.022045095,-0.017014679,-0.0156568,-0.014736883,-0.012921323,-0.011541751,-0.0073658773,-0.006789208,-0.0059380815,-0.0058380817,-0.005738082,-0.005415652,-0.005315652,-0.004591071,-0.004491071,-0.0044388287,-0.004338829,0.0036302756,0.0037302757,0.004431203,0.0063350955,0.0064350953,0.006600669,0.006700669,0.006800669,0.0076473025,0.010005104,0.010251912,0.011697625,0.013108187,0.015128776,0.016920956,0.017664172,0.02062713,-0.015651945,-0.0094583435,-0.006980069,-0.0047195763,0.0049655037,0.008307832,0.01130458,0.01564518
2019-02-05,-0.0019442991,-0.022622691,-0.017251018,-0.01561324,-0.015245932,-0.013597356,-0.012346613,-0.011506617,-0.008231032,-0.007851134,-0.007751134,-0.007003301,-0.006903301,-0.006803301,-0.0067033013,-0.0066033015,-0.0065033017,-0.0054477206,0.004004057,0.004306625,0.0067108157,0.008205029,0.00894308,0.00904308,0.00914308,0.009243079,0.01060022,0.01070022,0.01080022,0.0123077575,0.012986529,0.015542477,0.01744218,0.01754218,0.020676801,-0.016212722,-0.0111097265,-0.008407077,-0.006452185,0.0064739212,0.010047443,0.01237012,0.015811149
2019-02-06,-0.0026092802,-0.02311256,-0.016143166,-0.01558373,-0.015082662,-0.013299897,-0.012982268,-0.010012586,-0.009912586,-0.008021943,-0.007928093,-0.007828093,-0.0077280933,-0.006284329,-0.0061843293,-0.005169409,-0.0046277647,-0.0035959422,0.003190147,0.0036266034,0.0051920568,0.0064545996,0.007944599,0.008619592,0.009536703,0.010666683,0.010810254,0.011712778,0.011812778,0.012664822,0.012837742,0.015900567,0.017152818,0.017606046,0.021153953,-0.01612411,-0.011302623,-0.008967074,-0.0054811076,0.0056000217,0.010321694,0.01283069,0.016032625
2019-02-07,-0.0018056799,-0.023082454,-0.01726869,-0.015988812,-0.015357807,-0.012922478,-0.012779901,-0.010262589,-0.00957154,-0.008667884,-0.008485361,-0.008385361,-0.008285361,-0.0081853615,-0.007993598,-0.0072207777,-0.007120778,-0.005966625,0.0030910405,0.0037102567,0.005333955,0.0071314434,0.009286195,0.009386195,0.009548984,0.009648983,0.0104501005,0.0105501,0.0106501,0.011422312,0.013013629,0.015443318,0.015750164,0.017152956,0.020441497,-0.016282266,-0.011454145,-0.009461505,-0.0073374277,0.005763136,0.010058758,0.011764554,0.0154947415
2019-02-08,-0.0024685601,-0.02321417,-0.016407166,-0.016307166,-0.015321187,-0.013179864,-0.0123259425,-0.011300695,-0.009474286,-0.009374286,-0.00881599,-0.007214765,-0.0071147652,-0.0037831434,-0.0036831433,-0.0024487933,-0.0023487932,-0.0022487931,0.0036525386,0.0037525387,0.0053145364,0.006137776,0.008968436,0.009068436,0.009279617,0.009379617,0.009479617,0.009579617,0.009834288,0.012389479,0.013039709,0.0149642145,0.015745621,0.016312253,0.020233776,-0.016089667,-0.011756475,-0.008302825,-0.0035888576,0.005627401,0.009877117,0.011405724,0.015387887
2019-02-11,-0.004651691,-0.022666983,-0.016309245,-0.015927454,-0.015289382,-0.013040017,-0.011995531,-0.011114096,-0.007602733,-0.006322708,-0.005003141,-0.004903141,-0.0045241867,-0.004424187,-0.004324187,-0.004224187,-0.0041241874,-0.0025413008,0.0022539967,0.0031745103,0.0042792116,0.0074623055,0.008134442,0.008665059,0.008765059,0.008865058,0.008965058,0.009065058,0.009165058,0.01272116,0.013071673,0.015322189,0.016160203,0.016775014,0.020148057,-0.015860232,-0.0105925035,-0.0067099556,-0.0040234006,0.005187017,0.009490157,0.011215309,0.01560762
2019-02-12,0.0020310017,-0.02257019,-0.0173708,-0.015710367,-0.015227102,-0.013711759,-0.012192866,-0.009532503,-0.0075606178,-0.007150337,-0.0043741716,-0.004274172,-0.0021788876,-0.0020788875,-0.0014344297,-0.0005783718,7.830997e-06,0.000107830994,0.002036553,0.0028986607,0.0037400734,0.006604493,0.0073591815,0.0074591814,0.007559181,0.007659181,0.0083188405,0.00841884,0.00851884,0.011550838,0.012998973,0.015249459,0.01597202,0.016533531,0.020175148,-0.016214544,-0.0104293395,-0.0056770863,-0.0012342623,0.004567792,0.008489445,0.0105558755,0.015301591
2019-02-13,-0.00107811,-0.02312101,-0.017176464,-0.015947793,-0.015240685,-0.014167132,-0.0124932425,-0.01040753,-0.009386249,-0.0070814784,-0.006551846,-0.0061205034,-0.0060205036,-0.0055465912,-0.004233602,-0.003366967,-0.0020911614,-0.0019409192,0.002052494,0.0022210518,0.0029737228,0.004001615,0.0055155205,0.0056155203,0.00571552,0.00581552,0.00591552,0.0059633567,0.010667868,0.01162326,0.013045516,0.014880956,0.016220428,0.01733373,0.020383712,-0.016439706,-0.011063258,-0.0079996865,-0.0035506305,0.0033928808,0.006906636,0.010078086,0.015453434
2019-02-14,-0.00091963605,-0.022873148,-0.01681129,-0.016092645,-0.015603095,-0.013611495,-0.013076703,-0.009977853,-0.009877853,-0.009777853,-0.009677853,-0.009577854,-0.007217333,-0.0041568764,-0.0034895316,-0.0018290047,-0.00032056708,0.000112883645,0.0016633631,0.002299562,0.0023995622,0.002486123,0.004307785,0.0056450474,0.006879459,0.006979459,0.007079459,0.0075319083,0.009504788,0.011505096,0.012767349,0.014964445,0.015780438,0.01644917,0.020457976,-0.016395146,-0.011760582,-0.008801324,-0.0030208146,0.003145614,0.0071938587,0.010280338,0.015228806
2019-02-15,-0.0011357537,-0.022029867,-0.01616455,-0.016054742,-0.015370248,-0.013722971,-0.012669881,-0.009584652,-0.00937168,-0.008297534,-0.008197534,-0.008130219,-0.0065027256,-0.006402726,-0.0060187313,-0.0036969625,-0.0035969624,-0.002772123,0.0018886679,0.0032895517,0.0033895518,0.004108377,0.0042083766,0.0054773516,0.006757677,0.008165591,0.009816347,0.0099163465,0.010016346,0.011573718,0.012941763,0.015255039,0.015729707,0.017242072,0.020278342,-0.015991503,-0.011195698,-0.0086289095,-0.0048429994,0.0038867649,0.007868277,0.0114104925,0.015458186
2019-02-18,0.0038545425,-0.022828722,-0.017178765,-0.015808778,-0.015472311,-0.013754988,-0.012051852,-0.009938993,-0.009838993,-0.009738993,-0.009638993,-0.009538993,-0.008813127,-0.004941485,-0.0041788253,-0.0021959075,-0.001500832,-0.0014008321,0.0032314626,0.0034570706,0.0040987046,0.0041722143,0.004272214,0.0044834684,0.0045478735,0.007817223,0.007917223,0.010088938,0.010188938,0.012347291,0.012896623,0.0141371135,0.015656881,0.017081121,0.020164283,-0.016257327,-0.011475521,-0.00905689,-0.0037630782,0.0039014653,0.007801827,0.011239855,0.0153252855
2019-02-19,0.0023651714,-0.023244753,-0.016308034,-0.015882576,-0.015622613,-0.01372565,-0.012523338,-0.010912136,-0.009205485,-0.008645549,-0.00854555,-0.00778957,-0.00768957,-0.0075895702,-0.0074895704,-0.005365442,-0.004488314,-0.0044057937,0.000999539,0.001099539,0.0023463864,0.0024463865,0.002784213,0.0044387267,0.0055888444,0.0056888442,0.005788844,0.005888844,0.007946967,0.011228029,0.0124902325,0.015303509,0.015685523,0.01714781,0.020028505,-0.016284877,-0.011433817,-0.009110702,-0.005907738,0.002496139,0.0060057314,0.009307641,0.015239617
2019-02-20,0.0013644387,-0.023138577,-0.016068073,-0.015656272,-0.015223928,-0.013960819,-0.013114658,-0.0109999785,-0.010590985,-0.010490986,-0.010390986,-0.01019309,-0.00852534,-0.006212311,-0.006112311,-0.0029508895,-0.0025899603,-0.0010903336,0.004746874,0.0048468737,0.005505892,0.005605892,0.0057058916,0.0058058915,0.0058719493,0.005971949,0.006071949,0.008726672,0.008826672,0.011218881,0.013021402,0.014619162,0.01552305,0.017173976,0.020018134,-0.016301211,-0.012170576,-0.009766856,-0.004587317,0.005315496,0.0074858577,0.010073445,0.015210311
2019-02-21,-0.00017183002,-0.023620738,-0.0163384,-0.015624716,-0.015374561,-0.013642982,-0.012979949,-0.009434593,-0.009334593,-0.009234593,-0.009134593,-0.009034594,-0.008934594,-0.00750473,-0.0061728847,-0.0035173816,-0.0029343197,-0.0021629848,0.0012841091,0.0013133164,0.0016457014,0.0017457013,0.0018457012,0.0038402565,0.0058968375,0.0059968373,0.006096837,0.007686269,0.0077412436,0.011556747,0.0129545415,0.014200582,0.015589528,0.01645419,0.020051958,-0.016391326,-0.011321689,-0.009577692,-0.004764433,0.0023771331,0.006185162,0.009734126,0.015043604
2019-02-22,-0.00066556915,-0.022919942,-0.01752928,-0.015909087,-0.015857622,-0.013418222,-0.012359169,-0.012030222,-0.011564795,-0.010723695,-0.010623695,-0.00987394,-0.008368325,-0.007192838,-0.005281399,-0.0046878923,-0.0029869322,-0.0017404757,0.004671865,0.0056845024,0.006102701,0.0074923756,0.007620242,0.008760538,0.008860538,0.009034512,0.009134511,0.009234511,0.010135813,0.011783102,0.012869818,0.015018427,0.015982505,0.017238414,0.020263286,-0.016416848,-0.012517393,-0.010021765,-0.004914128,0.006562397,0.009286581,0.011254089,0.01543461
2019-02-25,0.00056421966,-0.023456782,-0.01641152,-0.01631152,-0.015673367,-0.013459708,-0.012231758,-0.011485073,-0.011385073,-0.010692858,-0.010592858,-0.0104928585,-0.0079024965,-0.0071129426,-0.0060639647,-0.0036883366,-0.0027185269,-0.0026185268,0.003708307,0.0041500735,0.0069052023,0.0071234265,0.009246352,0.009346352,0.009554401,0.009654401,0.010546353,0.010646353,0.010746352,0.012063458,0.012987815,0.014362948,0.016259333,0.016313786,0.020287367,-0.016246628,-0.012421256,-0.009845026,-0.0051164427,0.0062882816,0.010191383,0.01205237,0.015203074
2019-02-26,0.0011010743,-0.023547728,-0.01731715,-0.015866568,-0.015381485,-0.013026051,-0.011393234,-0.009675594,-0.008554899,-0.0073986948,-0.007298695,-0.007198695,-0.006283817,-0.0058085085,-0.0048333714,-0.003207804,-0.0023235395,-0.0010415886,0.002061629,0.0031617954,0.0035176456,0.0035897307,0.0041788467,0.0042788466,0.004791036,0.0048910356,0.005988566,0.007271015,0.007371015,0.012212723,0.012857554,0.015657622,0.015757622,0.01638675,0.020374639,-0.01613313,-0.010577798,-0.007867831,-0.0037209995,0.0034243674,0.0065664933,0.009720189,0.015497858
2019-02-27,0.0020140286,-0.02298313,-0.017349388,-0.015696159,-0.015474535,-0.012774184,-0.010822364,-0.0098050395,-0.009554147,-0.009454147,-0.009354147,-0.008457504,-0.0060992544,-0.004828295,-0.003251323,-0.001126409,-0.0005986993,-0.0004986993,0.0034729245,0.004149134,0.0042491336,0.0043491335,0.0044491333,0.0046481085,0.005289163,0.0061151567,0.0062151565,0.0063151564,0.009400597,0.012514486,0.013101672,0.014583039,0.017460452,0.017560452,0.020448988,-0.01588072,-0.011066372,-0.008131641,-0.002786527,0.0043018977,0.0068084085,0.01038117,0.015641728
2019-02-28,0.00042603188,-0.023225334,-0.01645564,-0.01635564,-0.015020737,-0.014380543,-0.0129804835,-0.0101014385,-0.010001439,-0.009901439,-0.009801439,-0.009701439,-0.00797218,-0.0055283005,-0.0041484884,-0.0026898386,-0.0011140652,-0.00037338748,0.0023930357,0.0026370422,0.0039227023,0.004022702,0.004122702,0.004222702,0.0043227016,0.006808634,0.0069086337,0.007323228,0.00922469,0.012171457,0.01299251,0.015399656,0.015848035,0.0169021,0.019791588,-0.016412547,-0.011868088,-0.009256768,-0.003605444,0.0034596368,0.006929745,0.010295208,0.015451463
2019-03-01,-2.1955752e-06,-0.02342661,-0.016398376,-0.016224962,-0.015559365,-0.013161651,-0.0113012595,-0.009892851,-0.0084137935,-0.008313794,-0.007291042,-0.006538857,-0.0054098293,-0.0026156206,-0.0022059872,-0.0014646396,-2.116288e-05,7.883712e-05,0.0025289804,0.0026985079,0.0038197038,0.0039866907,0.0045441487,0.0046441485,0.008186393,0.008339361,0.008439361,0.008539361,0.008639361,0.013094295,0.013194295,0.014961645,0.015695084,0.01728292,0.020338565,-0.015969452,-0.010829331,-0.007006309,-0.002030362,0.0042440556,0.007832263,0.010881493,0.015774343
2019-03-04,-0.0056166626,-0.023593143,-0.016473223,-0.016031358,-0.015306146,-0.013312278,-0.011596529,-0.011533291,-0.010131742,-0.009536613,-0.008625491,-0.008525491,-0.0071467995,-0.0040616333,-0.0037658634,-0.0023057142,-0.0012982562,-0.00049204164,0.0040204884,0.005115314,0.0052153138,0.0058844276,0.005981369,0.006081369,0.0075511425,0.0076511423,0.007751142,0.007851142,0.00890356,0.011068561,0.0129930815,0.015391517,0.015600605,0.017126814,0.020267952,-0.016056264,-0.011765907,-0.008312439,-0.0032774732,0.0055573373,0.007726717,0.010235002,0.015369585
2019-03-05,-0.0014317724,-0.022921447,-0.01629597,-0.015824612,-0.014812442,-0.013470117,-0.0122127095,-0.0091565065,-0.008199313,-0.0075161722,-0.004516729,-0.0031629105,-0.0030629104,-0.0029629103,-0.0028629103,-0.0027832873,-0.0026832873,-0.00236711,0.0016704905,0.002612934,0.0033392294,0.0046323747,0.005478686,0.005578686,0.0064188275,0.008363607,0.008463607,0.008563607,0.00963568,0.013081089,0.0131810885,0.0154766375,0.015760573,0.017387476,0.020318905,-0.015942538,-0.010581863,-0.0061909147,-0.0027719012,0.0037347712,0.0082131345,0.011100911,0.01588904
2019-03-06,0.00095032464,-0.022880208,-0.017168349,-0.016187059,-0.015496497,-0.012078824,-0.011978825,-0.008485683,-0.008385683,-0.008285684,-0.008185684,-0.006789927,-0.005843514,-0.0036727448,-0.003128223,-0.0007753384,-0.0006753384,-0.0005753384,0.0025494506,0.0026494507,0.002750656,0.004064887,0.0041648867,0.004401868,0.0073831375,0.0074831373,0.007583137,0.007683137,0.007888653,0.011579119,0.012966598,0.015433319,0.015636731,0.016740339,0.0203913,-0.01592054,-0.010664587,-0.00761329,-0.002388833,0.0038795162,0.007062429,0.010074155,0.015422136
2019-03-07,-0.007538972,-0.023433933,-0.016420186,-0.016397035,-0.015430186,-0.013067335,-0.012372542,-0.011093747,-0.009131715,-0.008240049,-0.008140049,-0.008040049,-0.007940049,-0.007168768,-0.005593804,-0.0031235195,-0.0028237049,-0.0018133207,0.003568449,0.0039046062,0.0047538676,0.0048538675,0.0049538673,0.0063578463,0.006457846,0.006557846,0.006657846,0.0067578456,0.009190467,0.012506592,0.012606592,0.01511114,0.015692342,0.01726728,0.020159712,-0.016144836,-0.011447017,-0.008950625,-0.0042788796,0.004707727,0.0074267997,0.010161018,0.015530263
2019-03-08,0.0003516026,-0.022869319,-0.016282821,-0.016096517,-0.015687535,-0.014311575,-0.012470067,-0.009172143,-0.007470547,-0.0073705474,-0.006822459,-0.006609332,-0.0021301724,-0.0009407076,-0.00039677622,0.0027731995,0.0028731995,0.0029731996,0.0030731997,0.0031731997,0.0032731998,0.00395451,0.0051976074,0.0053522633,0.008979088,0.0090790875,0.009179087,0.009279087,0.010207274,0.0150798755,0.01971105,0.01981105,0.019911049,0.020011049,0.020435812,-0.016324263,-0.010515964,-0.005966791,0.00032269806,0.004490639,0.008797584,0.012731275,0.019009765
2019-03-11,-0.0009727725,-0.022497727,-0.017394282,-0.01573138,-0.01561094,-0.0131721385,-0.011450235,-0.009566089,-0.009228866,-0.008590168,-0.007476566,-0.007291026,-0.006686061,-0.0042025642,-0.0030648208,-0.0021796592,-0.0011120903,-0.0011048311,0.0027603249,0.0038226824,0.0039226823,0.004022682,0.004122682,0.0061332057,0.008415104,0.008515104,0.008615104,0.009078372,0.009178372,0.012340542,0.012957707,0.015434112,0.015879294,0.017219791,0.020280274,-0.016025065,-0.010913348,-0.007808858,-0.0029504853,0.004588695,0.008037982,0.011018338,0.015646484
2019-03-12,0.0045352257,-0.021836895,-0.016072322,-0.015924174,-0.014976579,-0.012782133,-0.012682133,-0.0125821335,-0.009760519,-0.008278023,-0.008178024,-0.007856865,-0.0070643285,-0.005692299,-0.0052990667,-0.0038293926,-0.0027901675,-0.0026482719,0.0024885137,0.0025885138,0.0033675362,0.0041050143,0.004205014,0.004305014,0.0054260655,0.0054733953,0.005573395,0.006137997,0.006839512,0.012010345,0.012647298,0.014870108,0.01638869,0.017133057,0.020086203,-0.015670013,-0.011845397,-0.008675461,-0.0044847527,0.0035951291,0.006426353,0.009389987,0.015349403
2019-03-13,0.0029089416,-0.021646343,-0.017017704,-0.015804224,-0.015047936,-0.013432601,-0.012451155,-0.009509608,-0.009409608,-0.0093096085,-0.009209609,-0.00875865,-0.008429457,-0.005463161,-0.0044088317,-0.0041847536,-0.0020335764,-0.0013888984,0.0014863325,0.0019822887,0.0024488682,0.0025488683,0.0026488684,0.0037540053,0.0050398894,0.0054734154,0.005573415,0.0059759654,0.0076495255,0.011204245,0.012782022,0.0153080635,0.015794607,0.01718668,0.020115392,-0.015919149,-0.01129684,-0.008992599,-0.004154942,0.0027012494,0.0058112997,0.009239552,0.01531928
2019-03-14,-0.0004908714,-0.022850184,-0.01662275,-0.016067605,-0.015292422,-0.013834794,-0.013033259,-0.011392006,-0.0095962845,-0.009496285,-0.009396285,-0.009296285,-0.009196285,-0.008176915,-0.007024668,-0.0046918653,-0.0026530044,-0.0025530043,0.0008879877,0.0009879877,0.0025314728,0.002631473,0.002731473,0.003118103,0.0054068062,0.0057600685,0.0058600684,0.005960068,0.008900635,0.011272786,0.01259818,0.015919594,0.016019594,0.016709877,0.020426046,-0.016326683,-0.011917088,-0.009879806,-0.005243765,0.0024891454,0.0057684993,0.0096026305,0.015385297
2019-03-15,0.0020370882,-0.023345813,-0.016275272,-0.016147166,-0.015289558,-0.0136634745,-0.012889496,-0.009837871,-0.009737872,-0.009637872,-0.009537872,-0.009437872,-0.007864887,-0.007764887,-0.0063562966,-0.0038504875,-0.002479651,-0.002379651,0.003065208,0.0033264845,0.0034380627,0.0035380628,0.0036380629,0.003738063,0.0056777485,0.0057777483,0.005877748,0.007095559,0.007825926,0.011570973,0.012870476,0.015039925,0.015421401,0.017125586,0.020198818,-0.016292723,-0.011650056,-0.009559003,-0.0049007917,0.003809113,0.006364082,0.009558322,0.015361157
2019-03-18,0.000930994,-0.022015046,-0.016246308,-0.015820848,-0.015077235,-0.013656995,-0.011902053,-0.010495587,-0.009851633,-0.008590096,-0.008490096,-0.008390096,-0.007819438,-0.0064057764,-0.005048216,-0.0025013387,-0.0014866343,-0.0010259725,0.0039445283,0.004044528,0.00485834,0.00495834,0.0050540254,0.0058609606,0.0059609604,0.0060609602,0.00616096,0.00626096,0.007857426,0.011293386,0.012834853,0.01498364,0.015894482,0.016590685,0.020464981,-0.015779529,-0.011332044,-0.008893799,-0.0036904514,0.004753339,0.0069060586,0.009493443,0.015233509
2019-03-19,0.0008067485,-0.02311983,-0.016399238,-0.015922973,-0.015525084,-0.014615915,-0.012779465,-0.010366114,-0.008790124,-0.008690124,-0.008590125,-0.0070165354,-0.0069165356,-0.0056593358,-0.005559336,-0.003541555,-0.0027185248,-0.0019143806,0.0033337772,0.003484028,0.0039509954,0.003998883,0.005382405,0.0068014287,0.007929906,0.008029906,0.008129906,0.008229906,0.008329906,0.012436549,0.01292247,0.015377569,0.015584612,0.01714887,0.020310884,-0.016487906,-0.01130976,-0.008547117,-0.0041500665,0.004539518,0.008176039,0.010542175,0.01563927
2019-03-20,0.0005176514,-0.02246888,-0.016268356,-0.016168356,-0.015814092,-0.0131941065,-0.012311376,-0.010229878,-0.00950599,-0.0066457996,-0.006583982,-0.006046843,-0.0058956514,-0.0055143093,-0.004272033,-0.0028053026,-0.0018928082,-0.0017928083,0.0009957326,0.0016006985,0.0031633412,0.003890494,0.005035038,0.005135038,0.0052350378,0.0053350376,0.0054350374,0.0062793833,0.00765287,0.011255603,0.0128597915,0.014585178,0.015580138,0.016609872,0.020028017,-0.016011361,-0.01097228,-0.007962262,-0.003361959,0.0029770606,0.0066080196,0.009240607,0.015067692
2019-03-21,0.00074626785,-0.022581616,-0.017345548,-0.015889147,-0.015165208,-0.014293832,-0.012559186,-0.009713143,-0.005948711,-0.0058487114,-0.0057487115,-0.0056487117,-0.0049772304,-0.0034285607,-0.0023406388,-0.0022406387,-0.0012299032,-0.0011299032,0.0033719218,0.004221239,0.004789141,0.004889141,0.0049891407,0.005287389,0.0053873886,0.0054873885,0.0055873883,0.005687388,0.007623054,0.011645874,0.012986403,0.015511123,0.015765937,0.017221214,0.020333385,-0.016389078,-0.00999178,-0.00653248,-0.002517959,0.0045317663,0.0066194357,0.0092619285,0.0155396
2019-03-22,-0.006876127,-0.022399524,-0.016949236,-0.015933072,-0.01547547,-0.014131664,-0.012782547,-0.009195088,-0.008298478,-0.008129056,-0.0074724713,-0.0073766457,-0.007276646,-0.0066637266,-0.0046551735,-0.0025847484,-0.0017045547,-0.0016045547,0.0030413573,0.005616184,0.0057161837,0.0058161835,0.0059161833,0.006016183,0.006116183,0.0068526957,0.0069526955,0.009571212,0.009671212,0.01292402,0.015320961,0.015420961,0.01589382,0.017259909,0.020261776,-0.016347688,-0.010867648,-0.008498774,-0.003585135,0.0052612186,0.008256059,0.011002592,0.016237523
2019-03-25,0.0034439736,-0.023459708,-0.017085118,-0.016158683,-0.015196867,-0.013721402,-0.011809125,-0.011709125,-0.0086436,-0.0085436,-0.006692824,-0.006592824,-0.004994147,-0.004894147,-0.0047941473,-0.0046941475,-0.0041929106,-0.0030578158,0.0022817212,0.0040613245,0.0041613244,0.0042016357,0.006688731,0.0075898906,0.007910323,0.009268874,0.009368874,0.011371983,0.016982079,0.017082078,0.017182078,0.017472262,0.017572261,0.019518994,0.020282201,-0.016254444,-0.011372827,-0.007406769,-0.0046663685,0.004523266,0.010400312,0.0144754555,0.018307522
2019-03-26,-0.00374536,-0.022792537,-0.01716751,-0.015649758,-0.015389506,-0.013493043,-0.01249473,-0.01004804,-0.0087790815,-0.008094884,-0.007994885,-0.007245554,-0.0064277453,-0.0063277455,-0.0058992077,-0.004087389,-0.003143451,-0.002405108,0.0024627978,0.0029191459,0.0031382642,0.0032382642,0.0033382643,0.0034382644,0.0035382644,0.0038406525,0.0039500794,0.0057693245,0.008241287,0.011047783,0.012831878,0.015693704,0.016116643,0.017199172,0.020112567,-0.016267467,-0.011013299,-0.008404838,-0.004556142,0.0030593474,0.005486858,0.009025024,0.01537702
2019-03-27,-0.0025432375,-0.023347376,-0.016238403,-0.015958784,-0.0149440905,-0.01310795,-0.012084568,-0.008791435,-0.008691435,-0.008591435,-0.0080161,-0.0079161,-0.007102572,-0.007002572,-0.0069025722,-0.005387605,-0.0052876053,-0.0034419121,0.003710042,0.005039875,0.0054053487,0.0055053486,0.0056053484,0.005705348,0.006802895,0.006902895,0.0070028948,0.0071028946,0.0076490706,0.011869272,0.013091945,0.015501551,0.015652243,0.017278273,0.020388622,-0.015944477,-0.010823531,-0.00857945,-0.0057871593,0.0052927015,0.007437152,0.009855276,0.015625933
2019-03-28,-0.0013430222,-0.023503002,-0.017232576,-0.015691591,-0.015466955,-0.013790772,-0.012384397,-0.008932055,-0.008832055,-0.008732055,-0.0086320555,-0.00860984,-0.008072371,-0.0067785922,-0.0058015096,-0.004607132,-0.004168268,-0.004068268,0.003164387,0.0037918026,0.003998276,0.006153233,0.0064542103,0.007992996,0.00799706,0.00809706,0.00819706,0.00829706,0.009051569,0.013310464,0.013667091,0.01516341,0.015905118,0.017220339,0.019966375,-0.01647554,-0.01091443,-0.008939894,-0.0054510036,0.005020952,0.008830358,0.010952254,0.015865535
2019-03-29,-0.00064547005,-0.022381697,-0.016244564,-0.015819896,-0.015044736,-0.013114205,-0.01279698,-0.009110645,-0.0076918863,-0.0075918864,-0.0074918866,-0.006648285,-0.0059606144,-0.0043851975,-0.0030991558,-0.0024322642,-0.0022717975,-0.0021717974,0.0043665436,0.0049667745,0.0071822726,0.008309666,0.008409666,0.008994183,0.010703406,0.010803406,0.010903406,0.011003406,0.013605662,0.0137056615,0.013805661,0.015023864,0.015921019,0.017294196,0.020444117,-0.015916437,-0.010602259,-0.007665313,-0.00332466,0.007105733,0.010583264,0.01302783,0.016054701
2019-04-01,-0.0016846351,-0.022855286,-0.016202554,-0.015902316,-0.014962297,-0.01291388,-0.012538389,-0.009312143,-0.009212143,-0.009112143,-0.009012143,-0.007870846,-0.0077708466,-0.006378173,-0.00422627,-0.0023678776,-0.0023545965,-0.0022545964,0.00395848,0.005132266,0.0052322657,0.0061015342,0.006424964,0.0074481475,0.008196417,0.009413498,0.009513498,0.009613498,0.009713498,0.010855247,0.012667658,0.014775119,0.015679829,0.016285917,0.020361543,-0.015894482,-0.011215426,-0.008982339,-0.0038148374,0.0057241926,0.008751071,0.011075114,0.014989098
2019-04-02,-0.002076269,-0.023424009,-0.01639257,-0.016031405,-0.015645526,-0.01324276,-0.012230431,-0.012130431,-0.012030431,-0.01144367,-0.01134367,-0.01124367,-0.008563088,-0.0074804,-0.007147743,-0.0044493945,-0.0037257413,-0.0034158488,0.0034005977,0.004613859,0.005365872,0.006885398,0.006985398,0.0072466405,0.008305869,0.008381755,0.008481755,0.008581755,0.009237299,0.013086981,0.013186981,0.014653571,0.015727652,0.016654702,0.020322602,-0.01618706,-0.0127732735,-0.010329603,-0.0059964797,0.0057143196,0.008856506,0.011023087,0.015580967
2019-04-03,0.004944689,-0.022869917,-0.017460963,-0.01619027,-0.014706947,-0.013889657,-0.01222365,-0.010935617,-0.010835617,-0.008754587,-0.008654587,-0.008554587,-0.0082690045,-0.006618843,-0.005873016,-0.0021219552,-0.0020240943,-0.0019240944,0.0029123016,0.0044875126,0.0045875125,0.005684185,0.006460424,0.0065173134,0.008393837,0.008665389,0.009849332,0.009949332,0.010049332,0.011098146,0.013145804,0.014751608,0.015642269,0.016158106,0.02017943,-0.016230227,-0.011787948,-0.00932034,-0.0040995493,0.0052130697,0.008538121,0.011317682,0.015066618
2019-04-04,-0.0022798122,-0.022646828,-0.016832454,-0.015716119,-0.014722853,-0.0142564345,-0.011884628,-0.011784628,-0.008406005,-0.008306005,-0.008206005,-0.008106005,-0.007414199,-0.006009077,-0.004188417,-0.0036483337,-0.0025357076,-0.0017446055,0.0023386208,0.002438621,0.003112224,0.003212224,0.0051444755,0.006266447,0.0063664466,0.009386883,0.009486883,0.009586883,0.009686883,0.012415849,0.01299435,0.01511279,0.015766663,0.017274126,0.020387834,-0.016068641,-0.011219477,-0.008383984,-0.004044614,0.003493627,0.008560107,0.0113886325,0.01563699
2019-04-05,8.469533e-05,-0.022070806,-0.017127622,-0.015698088,-0.0150343925,-0.013682892,-0.011638001,-0.00863535,-0.00853535,-0.006124333,-0.006024333,-0.0059243334,-0.0049498673,-0.0025299639,-0.0024299638,-0.0020666246,-0.0019666245,-0.0016972856,0.0032887787,0.0045046713,0.004716911,0.007576734,0.007625787,0.007725787,0.008495718,0.008766487,0.0088566225,0.008956622,0.010341293,0.012612787,0.012821155,0.014661636,0.015587862,0.016919514,0.02030859,-0.015910741,-0.010126224,-0.0067355027,-0.0028169665,0.0057165627,0.0091374945,0.011271037,0.015464736
2019-04-08,0.003934872,-0.022755349,-0.01624389,-0.015808849,-0.015558774,-0.013412937,-0.010944269,-0.009049371,-0.008949371,-0.00818541,-0.0077637103,-0.006633821,-0.0053943004,-0.0028190056,-0.0016865403,-0.001340937,-0.000223833,-0.00012383302,0.0040561273,0.0040630596,0.004818837,0.0060885986,0.007272599,0.007338978,0.0077206907,0.008639373,0.008739373,0.008839373,0.009411926,0.011974892,0.013008254,0.0148423305,0.01582797,0.017312316,0.020392485,-0.015783044,-0.010587454,-0.0071741315,-0.002001793,0.0053494624,0.008813043,0.010958706,0.015506056
2019-04-09,0.0013998257,-0.02205975,-0.01620672,-0.016124625,-0.01508548,-0.013243629,-0.012821226,-0.011179704,-0.010701974,-0.007227024,-0.0071270242,-0.0052844402,-0.0051844404,-0.0050844406,-0.0049844407,-0.0039405823,-0.003151404,-0.0030995305,-0.00030086,0.0018638938,0.0019638939,0.004235506,0.005750422,0.0071150037,0.007695531,0.007795531,0.008149477,0.008249477,0.009985821,0.011711688,0.0135685885,0.01462323,0.01577133,0.017335173,0.02005709,-0.015883362,-0.011610911,-0.008183821,-0.0040920796,0.003091593,0.008124424,0.010773558,0.015459153
2019-04-10,-0.0009714617,-0.02166239,-0.016060932,-0.015781227,-0.015435566,-0.013225473,-0.012696109,-0.010050276,-0.009126336,-0.007904321,-0.007804321,-0.0066071395,-0.0049565407,-0.004446489,-0.0030285825,-0.0017389662,-0.0012351596,-0.0010121115,0.0022924545,0.0029237475,0.0039471188,0.0040471186,0.004342874,0.004442874,0.0045428737,0.0046428735,0.0047428734,0.0059501175,0.0063901064,0.0117466,0.013095007,0.015301802,0.015710525,0.016585141,0.0203957,-0.015816094,-0.011111653,-0.0078059593,-0.0027243919,0.0035506624,0.0062250677,0.008908045,0.01542485
2019-04-11,-0.000390625,-0.02344616,-0.016202224,-0.016102225,-0.015575385,-0.013478775,-0.011782466,-0.008979053,-0.008974071,-0.008874071,-0.0072177993,-0.0071177995,-0.0052812444,-0.0038992835,-0.0019975733,-0.001170116,-0.0010701161,-0.00062844035,0.0019164648,0.0020041706,0.002781996,0.004246454,0.004346454,0.004436617,0.0045366166,0.0047702105,0.0051948377,0.0052948375,0.009044844,0.0112360725,0.01266721,0.0154515635,0.01573467,0.017318716,0.02026646,-0.016097002,-0.010942377,-0.007430973,-0.002396809,0.0030971405,0.006016838,0.009301053,0.0153880045
2019-04-12,0.0037357544,-0.023166714,-0.016390268,-0.016258243,-0.014783195,-0.01305635,-0.0120189395,-0.011444365,-0.011038838,-0.007957161,-0.007857162,-0.0073754317,-0.0059359483,-0.0044441097,-0.00434411,-0.0039088847,-0.0034502996,-0.0025152254,0.0031143397,0.0041094106,0.0046761134,0.005188485,0.005288485,0.005388485,0.0054884846,0.0055884845,0.0056884843,0.005788484,0.009045142,0.013018765,0.013118315,0.015309632,0.015909463,0.01740822,0.020396216,-0.015883094,-0.011743509,-0.008258999,-0.0043187905,0.004515367,0.0070145405,0.009890067,0.01585023
2019-04-15,-4.4232424e-06,-0.022881547,-0.016333602,-0.015894465,-0.0150165735,-0.013743982,-0.01352317,-0.010347876,-0.010247876,-0.010147876,-0.010047876,-0.009947876,-0.00871974,-0.00594221,-0.00481782,-0.0031316525,-0.0018117512,-0.0011532081,0.0016822829,0.0026767638,0.0027767639,0.0035626255,0.0043932544,0.0065135336,0.0066135335,0.0067135333,0.006813533,0.006913533,0.0069934847,0.011609338,0.012543318,0.014474705,0.015502914,0.01697965,0.02022919,-0.016299775,-0.012032253,-0.009696174,-0.0041724616,0.003462394,0.007228638,0.00956656,0.015167239
2019-04-16,-0.001000155,-0.022932582,-0.016127482,-0.015986592,-0.0147606535,-0.013965019,-0.012600246,-0.0089400755,-0.008760027,-0.008684367,-0.008167182,-0.0067522824,-0.0066522826,-0.005719179,-0.005619179,-0.005004255,-0.0047206134,-0.0038192968,0.0015341252,0.0022340082,0.0034786225,0.0043587745,0.0044587743,0.004558774,0.004658774,0.004758774,0.004867637,0.004967637,0.009162904,0.012107938,0.013245318,0.015525377,0.0156091675,0.016236188,0.02014509,-0.016077196,-0.010994261,-0.0083797835,-0.0051831254,0.0032528609,0.0061703795,0.009343056,0.015451983
2019-04-17,0.00031431575,-0.022232745,-0.016079254,-0.016006012,-0.014975426,-0.013459999,-0.012107068,-0.008957807,-0.008921108,-0.0072305934,-0.0071305935,-0.006014692,-0.004936327,-0.0027230529,-0.0017931572,-0.0007281248,-0.0006281248,-0.0005281248,0.0020030166,0.0021030167,0.0025253168,0.0034384078,0.004180067,0.004280067,0.00681938,0.00691938,0.0070193796,0.0071193795,0.009797215,0.012190654,0.012797267,0.014858652,0.015946813,0.016769994,0.019951366,-0.015770897,-0.010644518,-0.00716363,-0.0019384448,0.0033778276,0.00693791,0.010414688,0.015313586
2019-04-18,-0.004925288,-0.022607295,-0.016562654,-0.015833018,-0.015056436,-0.013568463,-0.012088635,-0.008619696,-0.008519696,-0.0075115385,-0.0070646848,-0.0066080573,-0.0065080575,-0.0040107667,-0.001781031,-0.0016810311,-0.0015810311,-0.0014810312,0.002558711,0.0034902445,0.0045850226,0.0051861545,0.0061026504,0.0063114413,0.0066595054,0.0067595053,0.006859505,0.008168507,0.008268507,0.009660048,0.01407637,0.015316834,0.015744526,0.017211935,0.020214565,-0.015976697,-0.010514517,-0.007638368,-0.0026264363,0.0044959276,0.0074004307,0.009740219,0.01529595
2019-04-23,-0.002525282,-0.022987433,-0.016704235,-0.016173584,-0.015332581,-0.012856175,-0.012641509,-0.0090880785,-0.00647152,-0.006173118,-0.0054612258,-0.005361226,-0.003669634,-0.0032757137,-0.0012455764,0.00014082954,0.00024082954,0.00034082955,0.0021478776,0.0023592326,0.0024592327,0.0025592328,0.0026592328,0.002716099,0.0051235994,0.0052235993,0.005323599,0.006326167,0.0097968,0.013723127,0.017409444,0.017509444,0.018443037,0.019838898,0.0201987,-0.016104387,-0.0101095615,-0.0063039204,-0.0011768627,0.002929835,0.006129645,0.010722546,0.017735923
2019-04-24,-0.0018590622,-0.022110468,-0.016178984,-0.015829159,-0.014772746,-0.013188319,-0.012412364,-0.009210024,-0.007571942,-0.0068080104,-0.0052747442,-0.0030666508,-0.0029666508,-0.002802066,-0.0016485708,-0.0016415446,-0.0009886042,-0.00088860415,0.0020111431,0.0023927034,0.0026633183,0.0037742532,0.003840948,0.005397575,0.0057822703,0.006951907,0.007051907,0.007151907,0.0072519067,0.012000956,0.013024323,0.015293903,0.015721606,0.017291652,0.020130707,-0.015732575,-0.0103663,-0.006205553,-0.001646795,0.0033247378,0.0070686587,0.009835656,0.015548308
2019-04-25,-0.004641512,-0.021570534,-0.016038073,-0.015777929,-0.015299234,-0.013564718,-0.012002389,-0.009413248,-0.009313248,-0.008606331,-0.0076668966,-0.0075668967,-0.0061320215,-0.0021757432,-0.0015023409,-0.0004438206,-0.0004396848,-0.0003396848,0.0038651193,0.0040721633,0.0047866045,0.005108239,0.005208239,0.005308239,0.0054082386,0.0055082384,0.0056082383,0.007355707,0.007455707,0.011416735,0.013029279,0.014869175,0.015986905,0.016475394,0.02013962,-0.015694989,-0.011022629,-0.0074580596,-0.0020584855,0.004648073,0.006959432,0.009564659,0.015186042
2019-04-26,0.0012828796,-0.023236882,-0.016645323,-0.01582213,-0.015360562,-0.013506743,-0.01216322,-0.0074475934,-0.0073475935,-0.0072475937,-0.007147594,-0.007047594,-0.005643557,-0.0052611153,-0.0032158296,-0.0012079395,0.000118992844,0.00021899285,0.0018042917,0.0021246055,0.0037311923,0.0038311924,0.0046008457,0.004824541,0.005060925,0.005160925,0.007130982,0.0072309817,0.0073309815,0.011584606,0.01309163,0.0148888575,0.015776608,0.016305385,0.02011032,-0.016182546,-0.010005626,-0.0075126155,-0.0022266754,0.0033104413,0.0066803796,0.009810831,0.0151961595
2019-04-29,0.0010752737,-0.022422506,-0.016154034,-0.01587518,-0.015343247,-0.013390758,-0.012836906,-0.011011443,-0.010187395,-0.010087395,-0.009987395,-0.009887395,-0.008110986,-0.0072285337,-0.0048728324,-0.0044755554,-0.0029024407,-0.0025965162,0.00108068,0.0019167068,0.0020167069,0.002116707,0.002216707,0.0024655657,0.00489074,0.0067350953,0.006835095,0.006935095,0.008247033,0.011273997,0.012974346,0.0149791865,0.015826711,0.017026814,0.020128397,-0.01602949,-0.011999664,-0.009670244,-0.004946948,0.0024043082,0.005925292,0.009823586,0.015276548
2019-04-30,0.0031184673,-0.02258021,-0.016113022,-0.016052928,-0.015199726,-0.013497284,-0.013035877,-0.009960207,-0.0070299795,-0.0069299797,-0.00682998,-0.0060556256,-0.005955626,-0.0057753497,-0.00458766,-0.0030719298,-0.0021479512,-0.001991621,0.0017572683,0.0018572683,0.0019572682,0.0030438905,0.0038298136,0.00617143,0.0064791664,0.0065791663,0.006679166,0.006779166,0.006850667,0.012401607,0.012650169,0.014043159,0.015630843,0.017238123,0.020260576,-0.016085222,-0.010601794,-0.0077253627,-0.0035709576,0.0030189722,0.007152237,0.009668289,0.015318727
2019-05-02,-0.0014741919,-0.022457315,-0.016182797,-0.016160768,-0.015425088,-0.014200383,-0.012916895,-0.009813423,-0.009728877,-0.008529259,-0.008326445,-0.008226445,-0.008010636,-0.004791156,-0.0038069144,-0.0023725918,-0.00076119637,-0.00066119636,0.0034283625,0.0035283626,0.0036283627,0.0037283627,0.0038283628,0.0050262013,0.005126201,0.005226201,0.0075497176,0.0076497174,0.007749717,0.011544305,0.013824564,0.01567053,0.016030602,0.01644091,0.020246191,-0.016236495,-0.011429844,-0.008754802,-0.003165669,0.0038879304,0.006654958,0.010104812,0.015545299
2019-05-03,0.0003285309,-0.022174995,-0.015986826,-0.015877292,-0.015097969,-0.013177009,-0.011428611,-0.009417583,-0.008485598,-0.008385598,-0.008285598,-0.008185598,-0.006030994,-0.005930994,-0.0058309943,-0.0057309945,-0.0046506,-0.0045506,0.0005677631,0.0015793005,0.0016793004,0.0017793004,0.0018793003,0.0047459085,0.005466788,0.007639954,0.009254082,0.009354082,0.013080138,0.016095981,0.01773436,0.01783436,0.01840228,0.019915085,0.020248713,-0.015573082,-0.010718936,-0.008032359,-0.0057897577,0.0022144904,0.007943045,0.013237312,0.0183657
2019-05-06,0.00077285105,-0.022563664,-0.017406357,-0.01590253,-0.0149904145,-0.013612413,-0.012589508,-0.009668754,-0.009568755,-0.009468755,-0.008464862,-0.008364862,-0.0075270245,-0.0054539437,-0.0053561954,-0.0031367068,-0.0018647264,-0.0015395874,0.0019875905,0.0020875905,0.0021875906,0.0022875906,0.0023875907,0.0024875908,0.0038108744,0.004211032,0.0051267184,0.00585077,0.0075966762,0.012415202,0.012820244,0.014851258,0.016668571,0.016768571,0.020319982,-0.016232472,-0.011439661,-0.008720818,-0.0040524155,0.0024722472,0.005470437,0.009531587,0.015435052
2019-05-07,-0.0016715387,-0.022798587,-0.016285762,-0.016285663,-0.015250114,-0.013086662,-0.011781432,-0.01069409,-0.009218634,-0.0064190533,-0.0063190535,-0.0062190536,-0.006119054,-0.005484084,-0.0053840843,-0.003665915,-0.0028310635,-0.0023131531,0.0021360363,0.002648148,0.0037316487,0.0037795955,0.0038795955,0.0039795954,0.005823262,0.005923262,0.0060232617,0.0061232615,0.006608027,0.010677871,0.012632278,0.015156333,0.015603772,0.016462486,0.020314492,-0.015840512,-0.010879775,-0.0077844514,-0.004082654,0.0036237382,0.006116717,0.009007239,0.015048692
2019-05-08,0.0024772587,-0.02191746,-0.016121808,-0.01590202,-0.015189832,-0.012822558,-0.011773994,-0.009649113,-0.008864673,-0.0075351372,-0.006949899,-0.006849899,-0.005216844,-0.0045974036,-0.002499009,-0.0017088196,-0.0012750626,-0.0011750626,0.0022996343,0.002621012,0.002721012,0.0028210122,0.0029210122,0.0029560996,0.0061176154,0.006217615,0.006317615,0.006417615,0.0080343485,0.012852601,0.013144474,0.014914351,0.015826132,0.017367871,0.020468893,-0.01556513,-0.010744987,-0.0074805627,-0.0027015705,0.0033160571,0.006272989,0.009889662,0.015749637
2019-05-09,0.0019524596,-0.02265944,-0.016218686,-0.015808143,-0.014950134,-0.013801321,-0.012687648,-0.010869355,-0.009562919,-0.009338806,-0.009238807,-0.009138807,-0.009038807,-0.0069121663,-0.005589434,-0.0045716967,-0.0025793943,-0.001783562,0.0014631636,0.002253594,0.0023535942,0.0024535942,0.0025535943,0.0034348436,0.004722003,0.0050928215,0.0051928214,0.007855032,0.0079550315,0.011779022,0.013017807,0.015427618,0.016056845,0.016491761,0.020391922,-0.016063446,-0.011653374,-0.0094880685,-0.0047325785,0.00264919,0.0061430624,0.00976775,0.015421626
2019-05-10,0.0011905545,-0.02354747,-0.016270023,-0.015940614,-0.015077918,-0.013919896,-0.013246501,-0.013236213,-0.011907425,-0.011807425,-0.00876447,-0.00866447,-0.0061993627,-0.006099363,-0.0030603677,-0.0029603676,-0.0014595649,-0.001359565,0.0043285666,0.004791127,0.004891127,0.0050797956,0.005631246,0.007155372,0.008400102,0.008500102,0.008600102,0.008700102,0.0088001015,0.0117858425,0.0128816655,0.015520623,0.015757319,0.01711153,0.020138064,-0.016412362,-0.013227636,-0.009243424,-0.003500867,0.0054981434,0.0083545325,0.010728693,0.015487546
2019-05-13,-0.0007898359,-0.02291691,-0.016228465,-0.016135518,-0.015617669,-0.01337266,-0.0114240935,-0.011416794,-0.008855879,-0.0087558795,-0.00865588,-0.0073785926,-0.006695115,-0.0035299757,-0.0014803426,-0.000908127,-0.000109953566,-9.953568e-06,0.0028503148,0.0029895967,0.0030895968,0.0031895968,0.0044288216,0.005826615,0.0059266146,0.0060266145,0.0061266143,0.0075260634,0.007626063,0.012005575,0.01233206,0.013574567,0.015894996,0.016513657,0.019984081,-0.015911961,-0.011317633,-0.007832189,-0.0019773939,0.003609144,0.0071627377,0.009835862,0.014881988
2019-05-14,-0.00223048,-0.022776915,-0.016572673,-0.015522993,-0.015079922,-0.013503128,-0.012384864,-0.011164285,-0.009549726,-0.008651014,-0.006469412,-0.006369412,-0.006269412,-0.0044754148,-0.004168478,-0.002820648,-0.0012249136,-0.0011249137,0.0042915326,0.0046670167,0.0047670165,0.005381319,0.005481319,0.0072762235,0.0073762233,0.007476223,0.007576223,0.007676223,0.008040408,0.011373517,0.013995192,0.014095192,0.015533014,0.017185735,0.020200329,-0.0160635,-0.011454577,-0.007829766,-0.0031416728,0.005296622,0.0078567015,0.010039877,0.015369992
2019-05-15,4.015249e-05,-0.02312208,-0.016332015,-0.015899431,-0.01539392,-0.012575209,-0.010757795,-0.0072651673,-0.0071651675,-0.005823205,-0.0057232054,-0.0056232056,-0.0040273936,-0.001937378,-0.00064721034,-0.00054721034,-0.00023646794,-0.00013646795,0.002765954,0.002865954,0.0029659541,0.0031443955,0.003970943,0.0053274296,0.0063233236,0.0074464185,0.0075464183,0.007646418,0.009408939,0.012003992,0.012840332,0.014547703,0.01559737,0.016393494,0.019805962,-0.015636204,-0.009382153,-0.005922188,-0.0014381123,0.0036131162,0.0072790408,0.010440627,0.015118296
2019-05-16,-0.002646819,-0.02278927,-0.016249137,-0.015893672,-0.015177224,-0.014117796,-0.012036806,-0.009757465,-0.008292464,-0.008192464,-0.007684434,-0.007584434,-0.005634076,-0.005534076,-0.004411884,-0.0029705702,-0.0022609613,-0.0021609613,0.0038437147,0.004231945,0.004299778,0.004399778,0.0044997777,0.005498493,0.0059206355,0.0062911115,0.0063911113,0.006491111,0.008640688,0.010854024,0.013944395,0.0150162205,0.015644183,0.01650411,0.020203663,-0.016074046,-0.010834574,-0.007836372,-0.003877762,0.0045391703,0.0067269043,0.009604223,0.0153044835
2019-05-17,-0.0011412972,-0.022922315,-0.01716782,-0.015504233,-0.015376523,-0.013778433,-0.010828249,-0.008977808,-0.0075416826,-0.0062090303,-0.0055296,-0.0052642813,-0.0040236423,-0.0033951437,-0.0032951436,-0.001921822,-0.001821822,-0.0017218221,0.0011168544,0.0012168543,0.0012420209,0.0017478984,0.0035716307,0.0040131616,0.004457777,0.0045577767,0.0046577766,0.0067580333,0.009185422,0.012948108,0.013048108,0.015206382,0.015850538,0.016461806,0.020095466,-0.01601467,-0.0098122,-0.0062636635,-0.0028049783,0.001956281,0.006369742,0.009879975,0.015551974
2019-05-20,0.00041415053,-0.02289496,-0.016234856,-0.015767151,-0.014694839,-0.01331954,-0.012457877,-0.011112251,-0.00937653,-0.00927653,-0.00917653,-0.007884845,-0.0074301055,-0.006359094,-0.005982873,-0.004690469,-0.0035872126,-0.0029934805,0.0014132387,0.0021478834,0.0028757018,0.003619365,0.003719365,0.0055726985,0.0056726984,0.005919173,0.0060191727,0.008533976,0.008633976,0.011212221,0.012814853,0.01472006,0.015838409,0.016980682,0.019977344,-0.015920416,-0.011598068,-0.008960027,-0.005027776,0.0031457774,0.006991487,0.01004755,0.015141033
2019-05-21,-0.0010412993,-0.02231594,-0.01625457,-0.016151836,-0.015358993,-0.01327418,-0.011978322,-0.010525443,-0.008576545,-0.008476545,-0.0069752797,-0.0061553456,-0.0060553458,-0.0047266358,-0.004120684,-0.0031717832,-0.0028175637,-0.0017534798,0.0021556742,0.0035904197,0.0036904197,0.0037904198,0.0038904198,0.0042626625,0.004306248,0.0044062478,0.004957783,0.005057783,0.007963526,0.011318621,0.013135994,0.0142856585,0.015855651,0.016267149,0.01987191,-0.0158364,-0.011141738,-0.0076624253,-0.0036037713,0.0035066362,0.0057871467,0.009030673,0.014975866
2019-05-22,-0.00012323618,-0.023258295,-0.016363967,-0.015676845,-0.0154484585,-0.013605617,-0.012529826,-0.009853269,-0.008299031,-0.006953276,-0.0068135816,-0.0067135817,-0.006138265,-0.0060107997,-0.004746431,-0.003581052,-0.0017922592,-0.0015195505,0.00055476784,0.0007962698,0.001261762,0.002817465,0.0029527682,0.0038689938,0.005033132,0.005133132,0.0067444174,0.007382949,0.009780708,0.0103982985,0.013121617,0.014670309,0.015947886,0.017096542,0.02010764,-0.016241234,-0.0106624495,-0.0079583,-0.003670575,0.0020926793,0.0059472285,0.010050852,0.015078882
2019-05-23,0.0012809145,-0.022816125,-0.01615437,-0.015490614,-0.01505254,-0.013566085,-0.012764277,-0.010697937,-0.008571301,-0.007125085,-0.005875994,-0.005091542,-0.004991542,-0.0048915423,-0.0043117134,-0.003333781,-0.0021401858,-0.0020401857,0.0019260853,0.0025425027,0.003319443,0.003419443,0.003519443,0.0035687073,0.0040163402,0.00411634,0.0045258035,0.0063341185,0.0069380957,0.013184619,0.013284619,0.015519147,0.016055506,0.016527018,0.02037762,-0.016070679,-0.0109298425,-0.0074189315,-0.0033834814,0.0030447629,0.0061446456,0.009407628,0.015778605
2019-05-24,0.002333671,-0.022269962,-0.016140655,-0.016052676,-0.015155042,-0.013476703,-0.012363051,-0.011395245,-0.010023643,-0.009742239,-0.009642239,-0.009542239,-0.005502668,-0.00495433,-0.0038670658,-0.0026121838,-0.0013300669,-0.0010834534,0.0010377862,0.0013073258,0.0022378585,0.0030920233,0.0031920234,0.0032920234,0.003308389,0.0035872262,0.0036872262,0.0037872263,0.007045316,0.012092113,0.012709412,0.013815487,0.015613516,0.01715135,0.020181641,-0.015881082,-0.011915371,-0.008497186,-0.0036870018,0.0021966766,0.005190122,0.0084450785,0.015190001
2019-05-27,-0.00046897927,-0.02348097,-0.0174801,-0.015871137,-0.015256621,-0.013537594,-0.012816688,-0.009793539,-0.009693539,-0.008462184,-0.008362184,-0.008228063,-0.007113248,-0.004698212,-0.0026564118,-0.0011391734,-0.0010391735,-0.00093917345,0.00072748907,0.0019812635,0.0020812636,0.0021812636,0.0035364463,0.004675439,0.0053450493,0.005445049,0.005545049,0.007734776,0.008615425,0.011737226,0.013127973,0.015730504,0.015815381,0.017297508,0.020172788,-0.016514394,-0.011327418,-0.008536774,-0.002800399,0.0024632658,0.0066257874,0.009889571,0.0156132
2019-05-28,-0.001372469,-0.0231801,-0.016685838,-0.015326912,-0.015295762,-0.013552678,-0.013452678,-0.0110220555,-0.010922056,-0.008245688,-0.007840038,-0.007602753,-0.0073974137,-0.007314812,-0.0059662545,-0.005558088,-0.0044895904,-0.0034273448,0.0010467786,0.002795897,0.002895897,0.0034650785,0.0035650786,0.0036650787,0.0036803014,0.0037803014,0.0038803015,0.0040703514,0.008967436,0.012093996,0.013839322,0.014291632,0.01560733,0.017202964,0.0202255,-0.01643341,-0.011793877,-0.0093853995,-0.005408806,0.0027767904,0.005434961,0.008923883,0.015530683
2019-05-29,-0.0036863654,-0.022712989,-0.016862236,-0.015431385,-0.014355746,-0.013021336,-0.011427144,-0.011327144,-0.009810332,-0.007658502,-0.006903885,-0.006803885,-0.005808239,-0.004955912,-0.004855912,-0.00428893,-0.003814756,-0.0030195257,0.0022613064,0.0035691296,0.0037751524,0.0038751524,0.0046384307,0.0047384305,0.0048384303,0.00493843,0.00503843,0.005061754,0.0051619983,0.011988717,0.0140285455,0.014859726,0.015905501,0.017194245,0.020047128,-0.015675891,-0.011130901,-0.007781102,-0.004556602,0.0036638342,0.006273153,0.00863128,0.015623672
2019-05-30,0.00032548467,-0.023033747,-0.016313225,-0.0155323995,-0.01453775,-0.013303496,-0.0116323065,-0.008794851,-0.006153566,-0.0039729467,-0.0038729466,-0.0037729465,-0.0030122644,-0.0029122643,-0.0022589096,-0.0021589096,-0.001094906,-0.0009127437,0.002154316,0.0021971392,0.0028825693,0.0029825694,0.0031212124,0.003365309,0.0038056332,0.0039056332,0.0040056333,0.004321427,0.009612945,0.012726564,0.012826564,0.015285975,0.015821083,0.01638636,0.020266324,-0.015764106,-0.009217214,-0.0055166697,-0.0020396833,0.0028044456,0.005488029,0.00929753,0.015498358
2019-05-31,0.00091079384,-0.023258554,-0.016743457,-0.015765173,-0.015439089,-0.014226048,-0.012507357,-0.011889104,-0.01054609,-0.009123491,-0.009023491,-0.008923491,-0.008172261,-0.008072261,-0.0062628174,-0.0047423705,-0.0030540589,-0.002479752,0.0020326774,0.0029683067,0.003537681,0.0040087253,0.004384388,0.004484388,0.004584388,0.0046843877,0.0047843875,0.0048843874,0.0076098046,0.012779456,0.012970018,0.014113018,0.016131343,0.016709732,0.02044644,-0.0164349,-0.011966243,-0.0096642915,-0.0050924984,0.0034263558,0.006243401,0.009237876,0.015403733
2019-06-03,0.0049745115,-0.023499597,-0.016228843,-0.015808374,-0.014705916,-0.012433509,-0.0123335095,-0.0108178,-0.009891019,-0.009791019,-0.00969102,-0.00959102,-0.007156993,-0.0053220554,-0.004465361,-0.0034492868,-0.0028909424,-0.0019750735,0.0017499038,0.0023823522,0.003329945,0.003950543,0.0040505426,0.0041776826,0.0045107035,0.0046107033,0.004710703,0.004810703,0.006697537,0.012714173,0.013062497,0.01487653,0.015954562,0.017297072,0.02038637,-0.015840273,-0.0117283445,-0.008878918,-0.0044743367,0.0031846897,0.006072761,0.008977535,0.015667329
2019-06-04,0.0028384994,-0.023420367,-0.016433345,-0.016299646,-0.015138995,-0.01338454,-0.013170327,-0.011987113,-0.009633707,-0.0071808794,-0.0070808795,-0.006613526,-0.006014502,-0.0054162075,-0.0043237666,-0.0029260558,-0.0028712782,-0.0018768841,0.0024064388,0.003444886,0.0035448861,0.003596124,0.003809887,0.0044294926,0.00446145,0.00456145,0.0046614497,0.0047614495,0.008304837,0.012206372,0.013051839,0.014917676,0.015902387,0.017143628,0.020160362,-0.016309515,-0.011654334,-0.008263124,-0.0037223021,0.0034907567,0.00595373,0.009167299,0.0154959755
2019-06-05,0.00050269254,-0.022006951,-0.015857218,-0.015826916,-0.015242167,-0.013296657,-0.011783357,-0.010394888,-0.010294888,-0.010194888,-0.0100948885,-0.009609127,-0.008618128,-0.008492677,-0.006000407,-0.0045218067,-0.0029391495,-0.0028391494,0.0010828659,0.0011828658,0.0012828658,0.0030644774,0.0032300884,0.007559928,0.007659928,0.007759928,0.007859928,0.007959927,0.01036797,0.013755985,0.014710218,0.014956949,0.015927002,0.017166506,0.020176435,-0.01563727,-0.011698988,-0.009856788,-0.005181928,0.0028546005,0.008053171,0.011174163,0.01615322
2019-06-06,0.00457488,-0.022542752,-0.016108198,-0.015480451,-0.015215986,-0.013370459,-0.013205685,-0.009361101,-0.0092611015,-0.009161102,-0.009061102,-0.008961102,-0.008861102,-0.007931236,-0.00738881,-0.0055312635,-0.003581338,-0.003481338,0.0010246217,0.0014831674,0.0015831674,0.0016831673,0.0017831672,0.0024777912,0.0063535385,0.0064535383,0.006553538,0.006653538,0.006753538,0.011672203,0.012493036,0.013340463,0.015658634,0.016263448,0.02029625,-0.016088616,-0.011293888,-0.009664046,-0.0057887705,0.0024255323,0.005808047,0.00945829,0.01481308
2019-06-07,0.0026881143,-0.022798007,-0.016281875,-0.015541842,-0.014306887,-0.013556179,-0.012904453,-0.008783854,-0.008683854,-0.008291776,-0.008191776,-0.008091777,-0.007289263,-0.006538363,-0.00569624,-0.0033343928,-0.0032343927,-0.0031343927,0.002062992,0.0024472221,0.0025472222,0.0026472223,0.0027472223,0.0034896159,0.0037973544,0.0041456176,0.0042456174,0.0046277246,0.008246535,0.011386495,0.012924126,0.015170559,0.015582701,0.016740846,0.020305969,-0.015969481,-0.010841156,-0.008721542,-0.004698239,0.0027004026,0.005279335,0.008817814,0.015305599
2019-06-10,-0.0012458913,-0.02289562,-0.016190734,-0.015844144,-0.014170733,-0.012967491,-0.011330309,-0.0112303095,-0.01113031,-0.01103031,-0.010966168,-0.010766483,-0.007130751,-0.006533717,-0.0032907077,-0.003119249,-0.0030192488,-0.0029192488,0.0026723463,0.0032673688,0.0033673688,0.003467369,0.003567369,0.003667369,0.003767369,0.004099182,0.0047875545,0.0048875543,0.008157857,0.011732927,0.01296469,0.013959072,0.015519858,0.0171529,0.020043893,-0.015510976,-0.012113077,-0.009418251,-0.0046229875,0.0033083644,0.0055908803,0.00901715,0.015170696
2019-06-11,0.0004729146,-0.02348873,-0.016385658,-0.016118784,-0.015130556,-0.013337893,-0.012999301,-0.009955761,-0.009855761,-0.009057755,-0.008772229,-0.008672229,-0.007667683,-0.006129648,-0.0060296482,-0.0055103498,-0.0053136265,-0.004028803,0.0028555277,0.0031689194,0.0034294282,0.0036738184,0.0037738185,0.0038738186,0.0047194157,0.0048194155,0.0049194153,0.005019415,0.007975217,0.012084305,0.014068396,0.014101882,0.015687209,0.017348448,0.02041269,-0.016268428,-0.011597471,-0.009084924,-0.0059109316,0.0035694218,0.0059141545,0.009137112,0.015603145
2019-06-12,-0.0004684938,-0.023538813,-0.016174883,-0.016074883,-0.015465696,-0.013501309,-0.012470798,-0.009955105,-0.008504476,-0.008404477,-0.008304477,-0.008290688,-0.00814855,-0.005718371,-0.0052730474,-0.003212514,-0.003112514,-0.0027742463,0.0037721165,0.0038721166,0.0044330293,0.004533029,0.004633029,0.004733029,0.0048330287,0.0049330285,0.0050330283,0.005133028,0.007150525,0.011339759,0.013143499,0.014017087,0.0155947395,0.01717187,0.020116424,-0.0162303,-0.011081947,-0.008629334,-0.004532602,0.0042886636,0.0061543747,0.008850216,0.0151577275
2019-06-13,-0.0031747394,-0.023478176,-0.017284071,-0.015973799,-0.014856988,-0.013189634,-0.01292978,-0.009589449,-0.009489449,-0.009389449,-0.009022492,-0.008922492,-0.0071229246,-0.0070229247,-0.0064438228,-0.004894363,-0.0047943634,-0.0041106474,0.0034078741,0.004120423,0.0062098163,0.006309816,0.006409816,0.006509816,0.0066098156,0.0067098155,0.0068098153,0.006909815,0.0069278525,0.0113028735,0.01252409,0.014871496,0.016026372,0.016495615,0.020331722,-0.01634773,-0.011474385,-0.009117514,-0.005833138,0.005331549,0.0075684274,0.009595345,0.01510516
2019-06-14,-0.005139868,-0.02317464,-0.016388994,-0.0154871745,-0.015387175,-0.0132200355,-0.011549719,-0.008165231,-0.008065231,-0.0065777074,-0.0064777075,-0.00449012,-0.00439012,-0.0025790993,-0.002569371,-0.0012728994,0.0001762689,0.0002762689,0.0019441125,0.0023264424,0.0031167062,0.0032167062,0.0033167063,0.004264222,0.0055377176,0.0056377174,0.0057377173,0.005837717,0.008946824,0.012429841,0.014024,0.014206513,0.015604801,0.017218942,0.020027991,-0.015944112,-0.009969013,-0.0066123754,-0.0015759704,0.003228337,0.006297241,0.00971138,0.015581459
2019-06-17,0.0016034852,-0.022108868,-0.016119618,-0.01579268,-0.015544592,-0.013276209,-0.011977509,-0.011014763,-0.009744824,-0.008540794,-0.008440794,-0.007990083,-0.0046393536,-0.0020558194,-0.0018829779,-0.00085548544,-0.00019619153,-9.619153e-05,0.00084203936,0.0011935154,0.0035382498,0.0036382498,0.00373825,0.0047116503,0.005590477,0.005599946,0.0056999456,0.0059361765,0.010306208,0.012304979,0.013083657,0.015695037,0.01599936,0.017182961,0.02023944,-0.01580536,-0.011414113,-0.0073716594,-0.0022041858,0.0029605064,0.0064582005,0.010049334,0.015701216
2019-06-18,-0.0034484447,-0.022540705,-0.016809734,-0.015635433,-0.014410681,-0.014214333,-0.012806393,-0.011754198,-0.011250706,-0.009268708,-0.009168708,-0.008251571,-0.007739576,-0.007639576,-0.0065576043,-0.0045893053,-0.0027929426,-0.001725503,0.0022072885,0.0035280918,0.004842445,0.0049424446,0.0055455617,0.0056455615,0.0056964452,0.005796445,0.005896445,0.008540685,0.008742153,0.011152587,0.01307526,0.015535384,0.0159493,0.016368823,0.02029379,-0.01615637,-0.012143088,-0.009720991,-0.0047833854,0.004243343,0.007336168,0.010056233,0.01528517
2019-06-19,0.0015685437,-0.022898404,-0.016073823,-0.01584604,-0.014649916,-0.013249475,-0.011958649,-0.00777111,-0.0076711103,-0.0075711105,-0.006492366,-0.0063923663,-0.0051704566,-0.0018807697,-0.00030811992,0.00053814554,0.00063814555,0.0016260709,0.0027329696,0.003655404,0.004874611,0.0049746106,0.0050746105,0.0051175305,0.0059524667,0.006626684,0.006726684,0.00766335,0.014920946,0.017018085,0.017118085,0.018368011,0.018478189,0.01933833,0.020206887,-0.015766053,-0.010163604,-0.0066346703,-0.0007796248,0.0044380124,0.008300053,0.01296145,0.018409882
2019-06-20,0.006194296,-0.02339079,-0.016239014,-0.015973842,-0.015042013,-0.0138396,-0.0127252005,-0.011374738,-0.00907662,-0.008593604,-0.008576935,-0.007247383,-0.005965499,-0.0058654994,-0.0057654995,-0.0033079113,-0.002238081,-0.0017990677,0.003837392,0.004510381,0.0059327884,0.006032788,0.006132788,0.0071849287,0.007859973,0.007959973,0.008059973,0.008159973,0.008259973,0.012961688,0.01309012,0.014803667,0.01565858,0.016311126,0.020105826,-0.016247323,-0.0115488,-0.008441951,-0.0040715886,0.0056346646,0.00847987,0.010620037,0.015454484
2019-06-21,0.0040178415,-0.02313725,-0.01611862,-0.015866322,-0.014944225,-0.013543401,-0.012606937,-0.009277147,-0.009177147,-0.009077148,-0.008977148,-0.008877148,-0.008777148,-0.008677148,-0.006325587,-0.004723104,-0.0022326114,-0.0021326113,0.0014746367,0.001955337,0.002055337,0.002155337,0.0022512882,0.0032180413,0.004734074,0.0052120374,0.005312037,0.007253661,0.008457873,0.012221738,0.012930566,0.013844133,0.01561342,0.016523562,0.020222753,-0.016070087,-0.01120094,-0.009643106,-0.004858212,0.0024749443,0.006031353,0.009771747,0.01514855
2019-06-24,0.0056116004,-0.02320686,-0.016374355,-0.01599908,-0.015277038,-0.013662943,-0.01283238,-0.010008415,-0.009908415,-0.008716831,-0.008616831,-0.008516831,-0.0084168315,-0.0073957117,-0.0055798674,-0.0047201132,-0.0042255754,-0.003520717,0.0017324503,0.0018735399,0.0030913372,0.0031913372,0.0032913373,0.0038906117,0.0046273335,0.004972,0.005072,0.005311875,0.00790776,0.010954313,0.012629972,0.0150453625,0.015709223,0.01692821,0.020302959,-0.016270716,-0.011493024,-0.009434034,-0.0053126207,0.0029031995,0.0056840274,0.008991035,0.015172163
2019-06-26,-0.00017776743,-0.02302574,-0.016319692,-0.015735338,-0.015415636,-0.013184474,-0.012698584,-0.01069237,-0.009468932,-0.009368932,-0.00913768,-0.00903768,-0.007790208,-0.006281607,-0.005595508,-0.0020214904,-0.0019076309,-0.001807631,0.0028183127,0.0036813868,0.004368821,0.004468821,0.004568821,0.0046688206,0.0047688205,0.0048688203,0.00496882,0.00506882,0.0070291217,0.011569457,0.012866555,0.013427499,0.01544621,0.016197784,0.019786682,-0.016128827,-0.0115928305,-0.009075401,-0.0040739877,0.0040212325,0.006148948,0.008816486,0.014769596
2019-06-27,-0.001671681,-0.02275415,-0.017280795,-0.015628397,-0.014491391,-0.012739912,-0.012357776,-0.0088625355,-0.008762536,-0.008662536,-0.008562536,-0.008462536,-0.008362536,-0.00584119,-0.0050442633,-0.004605824,-0.0032051683,-0.002572886,0.0011837931,0.002545675,0.0038886052,0.0052480544,0.0058185146,0.008639408,0.009063252,0.009722631,0.011475677,0.0115756765,0.011675676,0.013394907,0.014049815,0.016975155,0.017075155,0.01731989,0.020379527,-0.015924804,-0.010854756,-0.008777315,-0.0047781356,0.004385876,0.009830227,0.013039419,0.016423859
2019-06-28,0.00029016347,-0.022246772,-0.01619194,-0.015266928,-0.014921645,-0.0128270695,-0.0122081125,-0.0119769685,-0.009649075,-0.009549075,-0.008628919,-0.007942166,-0.006071459,-0.0049252557,-0.004825256,-0.002911422,-0.0015184866,-0.0014184867,0.0037738949,0.0066221417,0.0072695464,0.0084248865,0.008524886,0.008624886,0.008724886,0.009780604,0.009880604,0.01059911,0.01069911,0.0110782785,0.012998194,0.014533841,0.015801206,0.016679898,0.020149037,-0.015679108,-0.011730032,-0.008296564,-0.0037231636,0.0069630714,0.009721553,0.011611662,0.0150878485
2019-07-01,-0.005974089,-0.02139972,-0.015981453,-0.015604794,-0.015155211,-0.013182703,-0.012529356,-0.012389973,-0.012289973,-0.010359053,-0.010259053,-0.010159053,-0.008426092,-0.007562501,-0.006421971,-0.0035309454,-0.0018308088,-0.0009975443,0.003104239,0.005166305,0.005644492,0.0075803273,0.007680327,0.007780327,0.009025768,0.009125768,0.0100927055,0.010192705,0.010292705,0.012610011,0.0130632855,0.014331649,0.015726479,0.01730382,0.020327259,-0.015649687,-0.01263463,-0.010213395,-0.0045880647,0.006104226,0.009477828,0.01178292,0.015527206
2019-07-02,-0.000548493,-0.022943517,-0.01737836,-0.01585731,-0.015587377,-0.013020056,-0.0115145715,-0.008367126,-0.008267126,-0.007978344,-0.0068249633,-0.0050009373,-0.0037237804,-0.0018916832,-0.0016692406,-0.0010198493,-0.0009198493,-0.00065058854,0.0017592779,0.0032023725,0.0044870665,0.0050036227,0.0051036226,0.0071358895,0.007725684,0.007825684,0.009523743,0.009623743,0.0097237425,0.011360821,0.013917608,0.014789692,0.015663447,0.01728194,0.02019474,-0.016088776,-0.010396895,-0.0064444244,-0.0018520929,0.004435605,0.008209952,0.011179099,0.01550896
2019-07-03,-0.002292327,-0.021914644,-0.016138557,-0.015378563,-0.01487125,-0.01401921,-0.012577001,-0.009087634,-0.008987634,-0.008887635,-0.008391339,-0.0075291535,-0.0068807495,-0.0067807497,-0.0052372273,-0.0030757484,-0.0021775328,-0.0014662761,0.0024712717,0.0030838428,0.0038952,0.0039952,0.0061951526,0.007017304,0.007117304,0.007589218,0.008898773,0.008998773,0.009098773,0.011596775,0.012467669,0.014793642,0.015691796,0.01656409,0.019982338,-0.015904132,-0.010983693,-0.0087234955,-0.0038971878,0.004112564,0.008279445,0.010856977,0.015080902
2019-07-05,-0.0052511413,-0.02304971,-0.016246816,-0.015570555,-0.0146473665,-0.013294611,-0.013194611,-0.011006162,-0.0106896255,-0.010313259,-0.010150693,-0.008799999,-0.007089284,-0.005060732,-0.0027680062,-0.0026293762,-0.0019580256,-0.0013609667,0.0026713242,0.0040025404,0.0054768934,0.0058782855,0.0064538843,0.009614721,0.009714721,0.009814721,0.00991472,0.01001472,0.01011472,0.0128659895,0.012906918,0.014119935,0.015846696,0.01736758,0.020446938,-0.016086623,-0.012154842,-0.00923699,-0.0035032749,0.005548753,0.009752807,0.01175137,0.015541473
2019-07-08,-0.0006488562,-0.023380997,-0.016597541,-0.015848456,-0.015081869,-0.013077382,-0.011466047,-0.008857575,-0.008646967,-0.008459089,-0.006145444,-0.006045444,-0.0041023553,-0.0040023555,-0.003561809,-0.0014848254,-0.0013848254,-0.0010835491,0.0024457944,0.004232719,0.005248282,0.0068498366,0.008735553,0.009904525,0.010839304,0.013586414,0.013765425,0.01464931,0.01474931,0.01484931,0.01631353,0.01641353,0.01651353,0.016822655,0.020431895,-0.015920768,-0.010655627,-0.006872633,-0.0027120905,0.0059231874,0.012345022,0.014905376,0.016966183
2019-07-09,6.245121e-05,-0.02243616,-0.01736651,-0.01582109,-0.0147702675,-0.013329779,-0.012683734,-0.009743497,-0.008116147,-0.008016147,-0.006750529,-0.0066505293,-0.006558681,-0.0047611436,-0.0038322848,-0.0024781916,-0.002335023,-0.001352357,0.003507921,0.004142363,0.0054956293,0.007657673,0.008757299,0.0088867275,0.008986727,0.009215302,0.010056767,0.0101567665,0.010256766,0.012366147,0.013091018,0.014749684,0.015821775,0.016451597,0.020372126,-0.01611729,-0.010876124,-0.0077740466,-0.003329677,0.0059580626,0.009876448,0.011731644,0.015406114
2019-07-10,0.004535115,-0.021881584,-0.017348131,-0.015843365,-0.014697287,-0.012972278,-0.012208637,-0.00948112,-0.008897975,-0.0055869096,-0.0054869098,-0.00538691,-0.00528691,-0.0052552717,-0.0038128684,-0.0024207768,-0.0023207767,-0.0013919908,0.001195388,0.0020804515,0.002672309,0.0034257367,0.004694688,0.004714066,0.004814066,0.004914066,0.0050140657,0.005696525,0.01006878,0.011197784,0.013041583,0.013572616,0.015973177,0.016740115,0.020263897,-0.015821582,-0.010403601,-0.007427141,-0.0030666646,0.0028375904,0.0062434254,0.009590066,0.014963199
2019-07-11,5.7724545e-05,-0.022658952,-0.015772289,-0.015672289,-0.014967795,-0.013049,-0.012266509,-0.0118582435,-0.01098587,-0.009176293,-0.00844864,-0.00834864,-0.0065245987,-0.0059214486,-0.0038769494,-0.0013347755,-0.0012347755,-0.00078326045,0.0032193398,0.003388762,0.003488762,0.0041928724,0.0043790503,0.0060887267,0.006512428,0.0065195626,0.0066195624,0.0067690173,0.008559558,0.01179065,0.013065072,0.013592011,0.015617768,0.017183451,0.020174492,-0.01574291,-0.011991841,-0.008829413,-0.00311568,0.004160433,0.007109401,0.009871311,0.015161136
2019-07-12,-0.00065959035,-0.021935299,-0.015849343,-0.01458187,-0.014296846,-0.012961812,-0.01228834,-0.009802274,-0.009702275,-0.008578532,-0.006999202,-0.0060952357,-0.004307362,-0.0029816038,-0.0017814334,-0.0017543291,-0.00066624035,-0.00056624034,0.002011985,0.0025666473,0.0026666473,0.002871858,0.0036733728,0.004676284,0.0047762836,0.006479883,0.006579883,0.00746759,0.0075675896,0.011461894,0.012972624,0.014367626,0.015767226,0.01652828,0.020322207,-0.015466328,-0.010990659,-0.0072557563,-0.002172696,0.0029786844,0.0067518046,0.009768836,0.015130525
2019-07-15,0.00049750914,-0.022585412,-0.015882365,-0.015654407,-0.014908303,-0.013038509,-0.012303055,-0.011017957,-0.010825447,-0.008626573,-0.007662533,-0.006161717,-0.0054760943,-0.0028524315,-0.0022636293,-0.0012445918,-0.00068173266,-0.00057799916,0.001375491,0.002125226,0.0032006965,0.0041925,0.0042924997,0.0048696753,0.004969675,0.0051156757,0.0052156756,0.005505956,0.007514179,0.011487907,0.013051809,0.014317602,0.015889745,0.01640148,0.020458272,-0.015743528,-0.011685488,-0.007823912,-0.002185934,0.0031727175,0.0062543424,0.009122692,0.015143414
2019-07-16,-0.004234508,-0.022477685,-0.015741535,-0.0155271785,-0.0148907965,-0.01296248,-0.012082842,-0.010116491,-0.008969042,-0.006898383,-0.0067983833,-0.0066983835,-0.0065983837,-0.006498384,-0.005073664,-0.004973664,-0.0046699713,-0.0038069966,0.0012414645,0.0023113496,0.002701372,0.0030736413,0.004228146,0.0051606465,0.005796085,0.005896085,0.005996085,0.009197126,0.009297126,0.011617534,0.012834658,0.013976741,0.01574393,0.01734358,0.019908156,-0.015631068,-0.010718787,-0.008189407,-0.0050445357,0.0030247825,0.007219908,0.010370361,0.015136135
2019-07-17,0.0017511618,-0.022581195,-0.015381028,-0.015281468,-0.014454367,-0.012947994,-0.011402312,-0.008063376,-0.006847256,-0.0055612256,-0.0054612258,-0.005361226,-0.005223964,-0.0036785975,-0.0033553005,-0.0027800598,-0.0026800598,-0.002575262,0.000903018,0.0017139729,0.0025356882,0.0026356883,0.0029266698,0.0035033976,0.0035384505,0.0051383395,0.0052383393,0.0064129727,0.008764568,0.011293696,0.012452912,0.014851156,0.015644107,0.016395096,0.020120865,-0.015353379,-0.009431127,-0.0065226713,-0.0033503815,0.0022653635,0.0058550155,0.009470737,0.015022744
2019-07-18,-0.00029832736,-0.023494221,-0.015913527,-0.015541425,-0.01503932,-0.013818879,-0.012469358,-0.010201403,-0.009688504,-0.008302418,-0.008202418,-0.007590314,-0.0056522917,-0.005552292,-0.0052206423,-0.004086632,-0.003057117,-0.0019747172,0.0025993264,0.0030736683,0.004211785,0.0043117846,0.004430055,0.0049696555,0.0050696554,0.005169655,0.005269655,0.008286254,0.008386253,0.012176213,0.012495193,0.01492647,0.015733903,0.016451646,0.020131083,-0.016147062,-0.011240621,-0.008312972,-0.0043858844,0.0038532442,0.0070063667,0.0099704545,0.015236122
2019-07-19,-0.00062811415,-0.02305162,-0.01583584,-0.015724918,-0.0149855,-0.012808551,-0.011440695,-0.00856495,-0.0073932204,-0.0059537534,-0.004818178,-0.0032528222,-0.0026626613,-0.0025626612,-0.0024626611,-0.0023827243,-0.0021702617,-0.0017368153,0.0017833513,0.0026046352,0.003913356,0.004255487,0.004355487,0.004455487,0.0045565846,0.0046565845,0.0047565843,0.005033644,0.009639071,0.012684819,0.012987142,0.0149071105,0.015597096,0.01727,0.020204807,-0.015624441,-0.009815507,-0.005775483,-0.002401057,0.0034226826,0.006237204,0.009542244,0.015610775
2019-07-22,-0.0005794621,-0.023423916,-0.015851343,-0.01558693,-0.015134029,-0.0127942,-0.011993235,-0.011893235,-0.008874892,-0.00772238,-0.007453485,-0.0063119596,-0.005140004,-0.0042073093,-0.0017417778,-0.0016417778,-0.00084838853,-0.0007483885,0.0017861077,0.0034765094,0.0035765094,0.0036765095,0.004013695,0.0061617894,0.0062617892,0.006361789,0.006384689,0.0069781593,0.007974937,0.011993186,0.013162855,0.015260966,0.015714591,0.01725452,0.020361088,-0.015839344,-0.011214135,-0.007533786,-0.0022584584,0.0037554852,0.0071017235,0.009809112,0.015606523
2019-07-23,-0.005181023,-0.022103012,-0.015784698,-0.01514725,-0.014964254,-0.012940056,-0.011685939,-0.010349139,-0.008610862,-0.0061791665,-0.0060791667,-0.006052608,-0.005499238,-0.004589128,-0.004249608,-0.0027121934,-0.002297906,-0.0018535147,0.0017537228,0.0025835866,0.003758718,0.004645683,0.0047456827,0.0053679617,0.0068590227,0.0069590225,0.0070590223,0.007623543,0.007723543,0.011627607,0.012773709,0.015011301,0.015933301,0.01729318,0.020428244,-0.015495591,-0.010394471,-0.0072928667,-0.003433166,0.0039201463,0.007264763,0.009993403,0.015426809
2019-07-24,-0.0013634124,-0.023328833,-0.015901422,-0.015647674,-0.0153753515,-0.012176285,-0.011548638,-0.010508191,-0.008014164,-0.0061887973,-0.0058554853,-0.0052694874,-0.0045416253,-0.0038761098,-0.0037761098,-0.0029949327,-0.0024714172,-0.0017188612,0.0026320447,0.0027320448,0.0036866572,0.003863945,0.00559751,0.0056975097,0.0066966135,0.0067966133,0.006896613,0.006996613,0.008762841,0.011268486,0.012853138,0.015545266,0.016008737,0.017412687,0.020395583,-0.015666107,-0.010381493,-0.0067672045,-0.0032461614,0.003922261,0.0072713466,0.009986659,0.015495032
2019-07-25,0.0012737713,-0.021740278,-0.016613068,-0.015592788,-0.014206827,-0.012470602,-0.011501697,-0.009281467,-0.007234936,-0.005418634,-0.005318634,-0.005004481,-0.0042597894,-0.0034175313,-0.0014427337,-0.0013427337,-0.0012427338,-0.0011427338,0.0027881877,0.003058244,0.0031303896,0.0036274495,0.0060161855,0.0061161853,0.0062792995,0.0063792993,0.006479299,0.006579299,0.009332087,0.011927652,0.012356448,0.013413616,0.015608496,0.016282717,0.020104038,-0.015306495,-0.009805905,-0.0063465177,-0.0020350832,0.0037767137,0.007403724,0.009985367,0.014816893
2019-07-26,-0.0030570836,-0.023017764,-0.015752377,-0.0150177395,-0.014319475,-0.013189081,-0.01194431,-0.009791145,-0.008095408,-0.007668814,-0.0075688143,-0.0071263113,-0.006876321,-0.0030550489,-0.0029550488,-0.0011108248,-0.0010108248,-0.0006433535,0.0014624789,0.0015748811,0.0016748811,0.0022675039,0.0032852811,0.0057709473,0.006221453,0.006321453,0.006421453,0.0065214527,0.0073922644,0.011857982,0.0127757285,0.014882643,0.015792703,0.016104704,0.020043332,-0.0156446,-0.010503484,-0.007507981,-0.0025692726,0.0026402394,0.0067514232,0.00959717,0.015132877
2019-07-29,0.0019538405,-0.023144336,-0.015845759,-0.015553507,-0.01452365,-0.011674788,-0.011574788,-0.010455932,-0.0079159355,-0.006021761,-0.005921761,-0.004835627,-0.004735627,-0.0024508352,-0.0015875044,-0.00039708777,-0.00029708777,-0.00019708776,0.000329225,0.001145042,0.0019877942,0.0020877942,0.0038144353,0.0053509087,0.0064092455,0.0065092454,0.006609245,0.006709245,0.008869851,0.011491946,0.012259319,0.015100478,0.015841935,0.016195666,0.020065708,-0.015352664,-0.010304385,-0.00651979,-0.0014628789,0.0023918203,0.0067751566,0.009904444,0.015022623
2019-07-30,0.0004217081,-0.022491923,-0.01634591,-0.015454853,-0.014868931,-0.012859263,-0.012211366,-0.009276747,-0.009176747,-0.009076747,-0.008819774,-0.008719774,-0.008619774,-0.006476263,-0.005999635,-0.0039551323,-0.0028899664,-0.0024008,0.0019689933,0.0020689934,0.0028934544,0.0039281882,0.004028188,0.006313912,0.006413912,0.0072728447,0.0073728445,0.00770132,0.008323795,0.010858283,0.0131023815,0.013359478,0.015803942,0.016851226,0.02026789,-0.015755478,-0.0110392915,-0.009060785,-0.0047930614,0.0034547083,0.00723491,0.010012036,0.014887852
2019-07-31,-0.0015935543,-0.023063738,-0.01584758,-0.014421012,-0.0134158,-0.012909487,-0.011779101,-0.010210952,-0.009329983,-0.008727734,-0.0072495774,-0.0066293394,-0.0065522483,-0.0047462685,-0.003621851,-0.0023430793,-0.0013892122,-0.0012892123,0.0018475251,0.0019718222,0.0025037266,0.003178051,0.0048716553,0.004971655,0.006339725,0.006439725,0.006539725,0.0073174993,0.0076084156,0.011705913,0.012998479,0.014610137,0.015451153,0.01651909,0.020444226,-0.015403139,-0.0108937565,-0.0079314355,-0.003054539,0.00316817,0.007061289,0.009724541,0.01525557
2019-08-01,-0.0062279385,-0.023353042,-0.015884997,-0.0150999855,-0.014778082,-0.013240255,-0.012647802,-0.009788159,-0.0070455954,-0.0059558363,-0.0058558364,-0.0057558366,-0.005655837,-0.005555837,-0.0044936663,-0.0030862053,-0.0026901935,-0.0025972268,0.0015517824,0.0016517823,0.0021503544,0.0024515989,0.0042181234,0.004318123,0.004418123,0.004518123,0.0046181227,0.0047181225,0.009293342,0.011299647,0.013255801,0.015197716,0.015608556,0.016574904,0.020352937,-0.015980836,-0.010107475,-0.0073521817,-0.0037246258,0.002444728,0.005814428,0.009107558,0.015336201
2019-08-02,0.004690334,-0.022602918,-0.015664756,-0.0155647565,-0.014288817,-0.013068318,-0.011812782,-0.009233961,-0.009133961,-0.009033961,-0.008933961,-0.008587735,-0.0064239996,-0.0062697204,-0.0048709526,-0.0045185676,-0.0028440861,-0.002744086,0.0019053392,0.0019882077,0.0020882078,0.0021882078,0.0022882079,0.0030108544,0.0041116425,0.005807214,0.005907214,0.00871118,0.011492979,0.013433273,0.017099034,0.0172575,0.018646693,0.018944956,0.020240601,-0.015487517,-0.010955883,-0.008514885,-0.0047130855,0.002456321,0.006650146,0.011638267,0.017395074
2019-08-05,0.0075394586,-0.02355507,-0.015882064,-0.015100806,-0.014536849,-0.013255799,-0.011712018,-0.009556341,-0.009456341,-0.009217202,-0.00808689,-0.007411899,-0.007311899,-0.0072118994,-0.0059979707,-0.0045926324,-0.0035327915,-0.0029676752,-0.0003419778,0.0018144149,0.0019144148,0.0020144149,0.002114415,0.0031792894,0.005065071,0.0054727034,0.005572703,0.0056404574,0.0071629058,0.011498067,0.012677672,0.0137615185,0.01573781,0.016424142,0.020259706,-0.01578836,-0.011008542,-0.00875581,-0.004900594,0.0020932674,0.0055809864,0.009122388,0.014924221
2019-08-06,-4.019104e-05,-0.022398604,-0.015755432,-0.014242687,-0.014142687,-0.012901929,-0.0127954325,-0.008474346,-0.008374346,-0.008274347,-0.007946616,-0.007846616,-0.0077466164,-0.004888906,-0.0024896953,-0.0014166388,-0.0013166389,-0.001216639,0.0018203326,0.0023527173,0.0035048344,0.0049637267,0.0050637266,0.0051637264,0.005263726,0.006305588,0.006405588,0.00924935,0.00934935,0.011952599,0.012227397,0.014621894,0.015947046,0.016645925,0.02028552,-0.015598817,-0.010432231,-0.0083503835,-0.0028572457,0.003581067,0.0075469976,0.010580787,0.015146667
2019-08-07,0.003501717,-0.022889296,-0.01618599,-0.015711978,-0.014076003,-0.013976003,-0.0123569565,-0.009117661,-0.008250247,-0.008150247,-0.007881697,-0.007405555,-0.00682044,-0.006637733,-0.0043662046,-0.0033577122,-0.0030504065,-0.0029504064,0.003364495,0.0039680074,0.004224525,0.0043245247,0.0044245245,0.0045245243,0.004624524,0.004724524,0.004824524,0.0060408837,0.00794448,0.012569607,0.012669607,0.014749272,0.0158577,0.016841127,0.019931862,-0.01589685,-0.010717418,-0.008389415,-0.004226057,0.0041012154,0.0064568124,0.009447439,0.015352296
2019-08-08,-0.0025643467,-0.022791142,-0.015415333,-0.015410444,-0.015342339,-0.01296117,-0.012147433,-0.011523584,-0.011423584,-0.010527878,-0.010427878,-0.009910097,-0.008924047,-0.007998108,-0.007067005,-0.00522108,-0.0042647077,-0.004164708,0.0032500408,0.003947246,0.0040472457,0.0041472455,0.0042472454,0.004347245,0.004691875,0.004791875,0.0048918747,0.0049918746,0.007185632,0.011071506,0.01220169,0.0148247,0.015749225,0.016334899,0.020060465,-0.015731484,-0.012206586,-0.010184211,-0.00612552,0.0040167305,0.0058899494,0.008778023,0.014898652
2019-08-09,0.0012818814,-0.023371011,-0.015833607,-0.01563555,-0.015133976,-0.01344781,-0.012387808,-0.010113159,-0.009539821,-0.009008038,-0.008908038,-0.008339778,-0.0077453866,-0.0060216174,-0.005537812,-0.0054378123,-0.004624745,-0.0037971674,0.0011714333,0.0021274532,0.0022274533,0.0023274533,0.0024274534,0.0025274535,0.003837751,0.003937751,0.0039982577,0.0062323404,0.008649015,0.013084245,0.013184245,0.014251558,0.015506619,0.016512295,0.020376112,-0.016034843,-0.011336875,-0.008920534,-0.005547463,0.0023383088,0.005641849,0.009494095,0.015481693
2019-08-12,-0.0009294789,-0.022370493,-0.015803475,-0.015669134,-0.015249463,-0.012994247,-0.012089908,-0.0099969115,-0.009896912,-0.009484289,-0.007187837,-0.007087837,-0.0068103136,-0.0050751097,-0.00497511,-0.003442498,-0.0024622444,-0.0023828368,0.0029369902,0.004275107,0.006031392,0.006131392,0.006231392,0.006557601,0.006644883,0.007763337,0.007863337,0.007963337,0.008063337,0.011056855,0.012303998,0.014915146,0.015837874,0.016247056,0.01998528,-0.015701517,-0.01142743,-0.008212016,-0.0040701055,0.0052039525,0.007914504,0.010156948,0.014901668
2019-08-13,-0.0025275543,-0.023382306,-0.015897349,-0.015498937,-0.015109001,-0.012975124,-0.012247462,-0.011878516,-0.009574489,-0.009474489,-0.009474014,-0.009374014,-0.009274014,-0.008014047,-0.0075183967,-0.0046514315,-0.004078902,-0.0038375254,0.003853027,0.0051143924,0.005214392,0.005314392,0.005414392,0.0055143917,0.0056143915,0.0057143914,0.005814391,0.008492954,0.008592954,0.0110117,0.012844278,0.015292148,0.015687177,0.017263928,0.020267861,-0.015922248,-0.011734778,-0.009716805,-0.005892054,0.005022119,0.0072295656,0.009919835,0.015335983
2019-08-14,-0.0034667824,-0.023002177,-0.015838,-0.015701603,-0.015072139,-0.012952719,-0.011369079,-0.0086902,-0.0079045,-0.0078045,-0.0077045,-0.0074227727,-0.0058371346,-0.0056414595,-0.0052081086,-0.0019362494,-0.0018362495,-0.0017362495,0.0030660492,0.0036733625,0.0037733626,0.0038733627,0.0042559495,0.0043559493,0.0053318674,0.005431867,0.005531867,0.007528217,0.007628217,0.011579405,0.012718071,0.014959721,0.015431793,0.016466629,0.020334287,-0.015646825,-0.010293976,-0.007691334,-0.003627926,0.0039436007,0.0066302777,0.009539899,0.015211622
2019-08-15,-0.0034878477,-0.023166234,-0.015787158,-0.015334554,-0.014485817,-0.012909736,-0.011610903,-0.009644323,-0.009544323,-0.008454438,-0.007989493,-0.007889493,-0.0055396687,-0.005439669,-0.0048130024,-0.0024544243,-0.001498531,-0.001398531,0.004497544,0.0045975437,0.0046975436,0.0047975434,0.004897543,0.004997543,0.005097543,0.0051975427,0.0052975425,0.006184078,0.0066553485,0.011400688,0.012581479,0.014398071,0.0155939115,0.01626941,0.020383552,-0.01559197,-0.010917708,-0.008024812,-0.0036107965,0.0047375434,0.0065354793,0.009026313,0.015006641
2019-08-16,-0.0013696966,-0.022437787,-0.016527742,-0.01541924,-0.014386846,-0.012647932,-0.012385186,-0.008169753,-0.0075405533,-0.0068356222,-0.006431232,-0.0063312324,-0.0055592237,-0.003755646,-0.003655646,-0.0030477012,-0.0029477011,-0.0023987775,0.0033694478,0.0036271515,0.0047970247,0.005086911,0.0051869107,0.0067768325,0.007117973,0.007217973,0.008982372,0.009082371,0.009182371,0.011785189,0.012352691,0.01350478,0.015817365,0.016220191,0.019853987,-0.015677098,-0.010070072,-0.007134368,-0.003676212,0.0047997017,0.008009856,0.010969934,0.014743368
2019-08-19,0.0005161093,-0.02274532,-0.015848525,-0.015580834,-0.015352126,-0.013210488,-0.012345435,-0.009697462,-0.009597463,-0.0094939405,-0.009393941,-0.009228905,-0.008045659,-0.006812202,-0.005449003,-0.004078383,-0.0035157024,-0.0031459325,0.0017296276,0.0028703809,0.0029969723,0.0030969724,0.00404112,0.004595546,0.0066000503,0.0072529432,0.0077490266,0.008930588,0.009030588,0.011323317,0.012908776,0.013670459,0.015920987,0.016995763,0.020348087,-0.015900379,-0.0113430265,-0.009238941,-0.0050835847,0.003458801,0.0072287032,0.010590902,0.015049281
2019-08-20,-0.00030873204,-0.02322394,-0.015795868,-0.014948059,-0.014035312,-0.013108556,-0.012131724,-0.010558802,-0.009142179,-0.009042179,-0.008975895,-0.008875895,-0.008775895,-0.008675896,-0.007150524,-0.005363527,-0.0046833176,-0.003857896,0.0032734438,0.0044438704,0.005148763,0.0064384136,0.0065384135,0.006797758,0.007005343,0.008537153,0.008657364,0.008757364,0.008857364,0.01115868,0.012108091,0.0130550135,0.015749605,0.016467448,0.019937852,-0.01565908,-0.011164589,-0.009540318,-0.005986232,0.005261967,0.008357873,0.0106360745,0.014545416
2019-08-21,0.00044841887,-0.023468774,-0.015844945,-0.015700385,-0.0143854795,-0.0130272,-0.012156196,-0.009952294,-0.009405391,-0.009305391,-0.008934062,-0.008834062,-0.007562678,-0.0046261265,-0.0045261267,-0.0015304248,-0.001228936,-0.0011289361,0.0044478546,0.004492754,0.0046271915,0.0049875486,0.0050875484,0.005187548,0.005287548,0.005387548,0.0054875477,0.005747471,0.005813712,0.012721719,0.012821719,0.0135727795,0.015957609,0.017246755,0.020308672,-0.015776519,-0.0113039315,-0.00853689,-0.003449697,0.0047685793,0.0068263663,0.009145612,0.015334329
2019-08-22,-0.0007549917,-0.022283444,-0.016077898,-0.014485977,-0.014144001,-0.012917451,-0.011514681,-0.011414682,-0.009237893,-0.008894583,-0.007796257,-0.007717283,-0.0050981273,-0.0049981275,-0.0049372492,-0.003558761,-0.0024617019,-0.0017306574,0.0022221913,0.0033688166,0.0042858766,0.0043858765,0.006015321,0.0061153206,0.008023205,0.008123205,0.008223205,0.008323205,0.0084232045,0.01118839,0.013381201,0.015284243,0.015722672,0.016920129,0.01986877,-0.015387495,-0.0111095635,-0.007729017,-0.0040811305,0.0044571934,0.007953088,0.010376135,0.015328546
2019-08-23,0.005243855,-0.02333879,-0.017100712,-0.015695678,-0.014567802,-0.01308759,-0.011938586,-0.009892069,-0.0091094505,-0.009009451,-0.007892487,-0.007792487,-0.005315715,-0.0037899986,-0.0027101163,-0.0018174384,-0.0016098164,-0.0010990152,0.0026249837,0.0037965777,0.0040047145,0.006287398,0.0071087675,0.008292064,0.00902817,0.00912817,0.0091313645,0.009466447,0.009566447,0.011460246,0.01285777,0.014317879,0.015713166,0.017345218,0.020379608,-0.016006697,-0.011129047,-0.007609247,-0.0030057747,0.005148369,0.009091139,0.011067534,0.015272145
2019-08-26,-0.0032618102,-0.022519406,-0.015603467,-0.015091159,-0.014009968,-0.01303172,-0.011978918,-0.009054365,-0.008954365,-0.007532202,-0.0074322023,-0.0073322025,-0.0054705376,-0.004831418,-0.0028940043,-0.0021727895,-0.001960292,-0.001860292,0.002915768,0.003015768,0.0044237208,0.005172848,0.0065286076,0.006563447,0.00854443,0.009478912,0.009578912,0.009678911,0.009778911,0.011431588,0.012792573,0.013504401,0.015568272,0.016395539,0.020373065,-0.015428695,-0.010522202,-0.007733488,-0.0032439162,0.004814507,0.008736293,0.011207318,0.014899433
2019-08-27,-0.0015041931,-0.02363723,-0.01618721,-0.015525464,-0.015327006,-0.012650845,-0.011879707,-0.010339091,-0.007880785,-0.0058012516,-0.004896352,-0.0045262743,-0.0031692607,-0.0019485608,-0.0012158987,0.0003946398,0.0004195183,0.0005195183,0.002637956,0.004049367,0.004095582,0.0047739935,0.0068054907,0.007859444,0.009216289,0.0097747985,0.009874798,0.009974798,0.010074798,0.011071553,0.012918488,0.015158612,0.015949825,0.017242368,0.020339845,-0.0159364,-0.010285259,-0.005954933,-0.00088169926,0.0049546375,0.009097217,0.011389154,0.015346174
2019-08-28,-0.0009333764,-0.022967115,-0.016205184,-0.015715357,-0.01413911,-0.012510653,-0.01235376,-0.009614702,-0.006587061,-0.0062552616,-0.0042218766,-0.004121877,-0.004021877,-0.0033913678,-0.0025675853,-0.001934243,-0.001666467,-0.0013880018,0.0049062823,0.005768546,0.006268959,0.00750387,0.007944664,0.009342206,0.009442206,0.009542205,0.010792109,0.010892109,0.010992109,0.01162189,0.012689875,0.0135841975,0.015953913,0.017075738,0.02033453,-0.015635164,-0.010105228,-0.0061151884,-0.0023356348,0.006777973,0.009868614,0.012050426,0.015061247
2019-08-29,-0.0022739575,-0.02272883,-0.015770858,-0.015358424,-0.01510862,-0.0127592,-0.011823418,-0.00930657,-0.008934887,-0.0066446634,-0.0056480924,-0.0055119833,-0.0037446513,-0.0036446513,-0.0026218763,-0.0019045223,-0.0016045176,-0.0015045176,0.00433017,0.0048851254,0.0062402855,0.006629296,0.007983737,0.008845852,0.008945852,0.009045851,0.010307956,0.010407955,0.010507955,0.011339606,0.012548738,0.013466873,0.015522889,0.016705574,0.020257868,-0.015638184,-0.010413593,-0.0067591397,-0.0026294834,0.006206146,0.0095246,0.011617272,0.014863732
2019-09-02,-0.008260786,-0.021841416,-0.016552377,-0.015013769,-0.014898795,-0.0131617095,-0.011681692,-0.008775407,-0.008601564,-0.0077161347,-0.007616135,-0.007393903,-0.0073883953,-0.004852648,-0.0033167822,-0.0021789435,-0.0013480878,-0.0009056853,0.0040789368,0.0043251356,0.0047400296,0.005342694,0.006245464,0.0077948985,0.008740212,0.008840212,0.0089402115,0.009040211,0.009140211,0.011489673,0.012974267,0.014548466,0.015777579,0.017540222,0.02022618,-0.015627198,-0.010357713,-0.008028086,-0.0030286803,0.005445401,0.008682092,0.010877578,0.015355761
2019-09-03,-3.1913125e-05,-0.022902379,-0.015786266,-0.014646168,-0.014546168,-0.012809909,-0.012225651,-0.009513256,-0.009413256,-0.007553693,-0.0074669803,-0.0061791735,-0.0060791736,-0.0057840766,-0.0051075923,-0.00421839,-0.003964967,-0.0034843022,0.0020785683,0.0036382396,0.004642834,0.0056689447,0.00815948,0.00825948,0.008286852,0.009158593,0.0092585925,0.009358592,0.009458592,0.010890128,0.013106065,0.015006745,0.015767643,0.016314121,0.020106556,-0.015654074,-0.010670405,-0.008193827,-0.0045908852,0.004863088,0.009165254,0.010946709,0.015084723
2019-09-04,0.005220187,-0.022737475,-0.01581498,-0.0152464,-0.01506929,-0.01299511,-0.012255313,-0.009413762,-0.008393118,-0.007619155,-0.0075191553,-0.0074191554,-0.0059287916,-0.005260695,-0.003016126,-0.0024898981,-0.001284144,-0.001184144,0.004033262,0.004378599,0.004478599,0.004578599,0.0046982765,0.006971744,0.0076637017,0.0082227485,0.008322748,0.008422748,0.00873981,0.01143627,0.012836158,0.0147200385,0.015849637,0.016326169,0.020401245,-0.015774433,-0.010585549,-0.007871415,-0.0030786935,0.005026552,0.007950357,0.010554242,0.015143976
2019-09-05,0.0012056768,-0.022593997,-0.015810523,-0.0150543265,-0.014476524,-0.012967942,-0.012240328,-0.009658889,-0.009458234,-0.009358234,-0.009258234,-0.009158234,-0.0048350757,-0.004735076,-0.00273057,-0.0014889294,-3.6662634e-05,-1.6033991e-06,0.001469819,0.0015135263,0.0016135263,0.0017186437,0.0028468578,0.0041768323,0.006632202,0.0067322017,0.0068322015,0.0069322013,0.009209381,0.010952102,0.012615871,0.014940794,0.01535742,0.01641851,0.020304129,-0.015617862,-0.011154002,-0.008105389,-0.0026832,0.0025895434,0.006328039,0.009856661,0.015046281
2019-09-06,0.00038949453,-0.022202495,-0.015748432,-0.015178889,-0.014133562,-0.013066508,-0.012248362,-0.01047513,-0.008804734,-0.007456801,-0.007105337,-0.0066757235,-0.0043860213,-0.0035095052,-0.0007020085,-0.00018757502,-8.757502e-05,1.2424978e-05,0.0024474584,0.0026705978,0.0035123655,0.0044643776,0.0045643775,0.004934109,0.0060393894,0.006113486,0.0062134857,0.0075547793,0.0086212,0.011369867,0.012252081,0.014628893,0.01580381,0.016332977,0.019961022,-0.015479872,-0.010832784,-0.007210792,-0.0015280914,0.003826838,0.006907324,0.009912629,0.014908968
2019-09-09,0.0012444595,-0.0228617,-0.016325768,-0.015471184,-0.014280319,-0.012868532,-0.012176673,-0.010143997,-0.008602407,-0.008440612,-0.007895477,-0.00769965,-0.0057712817,-0.005671282,-0.0038512698,-0.0032084628,-0.0031084628,-0.0023416665,0.0018892329,0.0030269308,0.003126931,0.003226931,0.003326931,0.0057021654,0.0058021653,0.005902165,0.006002165,0.0061021647,0.006337041,0.011515934,0.0127427615,0.014853488,0.015814682,0.017164655,0.02031045,-0.0157026,-0.010966974,-0.008023424,-0.0040419023,0.0034144383,0.0065098717,0.009154397,0.015317458
2019-09-10,-0.0012399313,-0.022982378,-0.015764406,-0.015451978,-0.013944844,-0.012869707,-0.01215209,-0.011256483,-0.009746927,-0.007829656,-0.007729656,-0.0076296562,-0.0075296564,-0.0056634825,-0.005160036,-0.0035977405,-0.0034977405,-0.0020522717,-6.42508e-05,3.5749195e-05,0.0011417462,0.0012417461,0.001678464,0.0030514358,0.0040621418,0.0044325707,0.0051725814,0.00561968,0.008066558,0.011381075,0.0141126,0.0142126,0.01599268,0.017269755,0.020215007,-0.015542686,-0.011287427,-0.008564362,-0.004387489,0.0012834265,0.005232645,0.009246515,0.0154382065
2019-09-11,-0.003756316,-0.023240771,-0.015868811,-0.015547658,-0.015238567,-0.013738317,-0.011733369,-0.009372197,-0.008768266,-0.008668266,-0.0071141627,-0.007014163,-0.006914163,-0.006814163,-0.0030700583,-0.0026077013,-0.0017460086,-0.0013522843,0.0029022687,0.0032764892,0.004537455,0.0046374546,0.004893554,0.006754976,0.006854976,0.006954976,0.0070549757,0.0071549756,0.009855274,0.011305871,0.013478875,0.015136813,0.015689872,0.017517364,0.020436414,-0.015963968,-0.0108179515,-0.008268825,-0.0031580434,0.004441729,0.0074128704,0.010212194,0.015575068
2019-09-12,0.0065756105,-0.022322819,-0.016268967,-0.015392174,-0.014447974,-0.012897663,-0.010400203,-0.010364105,-0.00801504,-0.0045423578,-0.004442358,-0.004342358,-0.0037169198,-0.0036169197,-0.002768873,-0.0013379026,-0.0012379027,-0.0011379027,0.0020482226,0.0021482226,0.002760259,0.0038068786,0.0039068786,0.0050180512,0.005118051,0.0058923014,0.0059923013,0.006611365,0.008479251,0.011219883,0.0135136945,0.014476993,0.01573959,0.016849848,0.020435592,-0.015267526,-0.009742776,-0.006038288,-0.0021649878,0.0031763266,0.0065296963,0.009608478,0.015299203
2019-09-13,2.4834148e-05,-0.023616,-0.015861155,-0.015761156,-0.015661156,-0.015447144,-0.014942075,-0.01316004,-0.01306004,-0.012500291,-0.01051279,-0.01041279,-0.009703087,-0.00800374,-0.006252926,-0.005329701,-0.003986719,-0.0031098137,0.0059930515,0.006416365,0.0073920335,0.0074920333,0.007592033,0.007692033,0.007792033,0.007892033,0.007992033,0.009499607,0.010680702,0.013260842,0.014880268,0.014980268,0.018370474,0.018470474,0.020194966,-0.017105507,-0.01388472,-0.011244346,-0.0058183903,0.0070171035,0.009187309,0.011960732,0.016357364
2019-09-16,-0.006096061,-0.02297894,-0.01577869,-0.01563793,-0.014553,-0.0128257945,-0.011455704,-0.011107058,-0.011007058,-0.010907059,-0.010582014,-0.010482014,-0.010173704,-0.008160968,-0.006877216,-0.005067355,-0.004425434,-0.004062837,0.0037291509,0.004048275,0.0041482747,0.0044801454,0.0045801452,0.004680145,0.004780145,0.0048801447,0.0049801446,0.0070763007,0.00837353,0.011442332,0.012419087,0.01494865,0.015902458,0.016292615,0.02029609,-0.015518425,-0.012022962,-0.01027589,-0.0061829714,0.0042371983,0.0065318136,0.009554954,0.015079754
2019-09-17,0.0051519293,-0.023230253,-0.0158419,-0.01563126,-0.015239066,-0.01314394,-0.012486032,-0.009088025,-0.0064755483,-0.0063755484,-0.0062755486,-0.0053933505,-0.003631994,-0.0035319938,-0.0034319938,-0.0033319937,-0.0033287865,-0.002081179,0.0033995416,0.0034995417,0.0042806263,0.004380626,0.004480626,0.004580626,0.0046806256,0.0047806255,0.0048806253,0.0072784605,0.007496146,0.010416343,0.012923553,0.014265182,0.015453247,0.016350074,0.019991074,-0.015988238,-0.010011283,-0.0064802235,-0.0035134605,0.0040481924,0.006307336,0.009104964,0.014789244
2019-09-18,-0.00018305685,-0.023430685,-0.01586116,-0.015069831,-0.014056805,-0.012859648,-0.0122367,-0.011181467,-0.011081467,-0.010981468,-0.010881468,-0.01082617,-0.010067624,-0.008418524,-0.007620015,-0.0061425203,-0.0043828953,-0.0030440243,0.0001583446,0.0013439634,0.0016572326,0.0019301138,0.0020301137,0.0030356664,0.0038310122,0.003931012,0.004031012,0.0041310117,0.0074741547,0.011860003,0.012499776,0.013753195,0.015872372,0.01719383,0.020335954,-0.015688999,-0.012110187,-0.010537157,-0.006403125,0.0017841334,0.004997561,0.008673711,0.01512855
2019-09-19,-0.0013094943,-0.023181867,-0.015790962,-0.015310137,-0.013903318,-0.0129785985,-0.012156877,-0.010762626,-0.010534731,-0.009499163,-0.008882514,-0.008333181,-0.0073473644,-0.007130603,-0.005876616,-0.0047010384,-0.0046010385,-0.0036896784,0.004321528,0.0049215714,0.0051287706,0.0069636586,0.0070636584,0.0071636583,0.007263658,0.007363658,0.0074636578,0.0075636576,0.0076636574,0.011470002,0.013559025,0.014132516,0.015384492,0.016416894,0.02018264,-0.015602323,-0.011652706,-0.009210418,-0.0054403106,0.0057198377,0.008124927,0.009909093,0.015152214
2019-09-20,-0.0039865174,-0.023195224,-0.016572105,-0.015362728,-0.014318848,-0.012903279,-0.011484626,-0.007882237,-0.0077699483,-0.0076699485,-0.007326634,-0.0072266343,-0.0052362303,-0.0051362305,-0.0035489579,-0.0026588046,-0.0025588046,-0.0024588045,0.0032668118,0.003366812,0.0043544956,0.0052856077,0.0053856075,0.0056417934,0.005741793,0.0074516786,0.0076818233,0.008055574,0.009206039,0.011631858,0.012282063,0.015186965,0.015818529,0.016407194,0.020365132,-0.015694816,-0.010033898,-0.007390734,-0.0036904016,0.004403104,0.0076333024,0.010478765,0.015174642
2019-09-23,-0.0011230821,-0.023184171,-0.016728539,-0.015329356,-0.013625952,-0.0131021645,-0.010769578,-0.007946574,-0.007846574,-0.0073373057,-0.0070823547,-0.0046022674,-0.0028332712,-0.0007107602,-0.0006107602,0.00026758207,0.00036758208,0.00046758208,0.0043901815,0.0044901813,0.005790944,0.0063438243,0.006443824,0.008971155,0.009442592,0.009542592,0.009642592,0.0097425915,0.009842591,0.011837564,0.013654683,0.014904519,0.015752252,0.016433029,0.020471625,-0.015482081,-0.009845877,-0.0058485074,-0.00082205626,0.006091545,0.009307546,0.011363518,0.015460284
2019-09-24,0.00079810916,-0.022236617,-0.015669482,-0.015461537,-0.015046939,-0.012863263,-0.010988362,-0.009027458,-0.008927458,-0.008529857,-0.007909722,-0.0074711503,-0.0036766187,-0.0035766186,-0.0035573752,-0.0017006644,-0.0016884046,-0.0013262896,0.0036338742,0.0042182654,0.004515725,0.004615725,0.004715725,0.0048157247,0.006437293,0.0065372926,0.008670414,0.008770414,0.009580976,0.011371314,0.013523411,0.013984031,0.015185432,0.016484143,0.020389812,-0.015360932,-0.010586934,-0.007015756,-0.0031487767,0.0046841768,0.007242094,0.01071571,0.015150542
2019-09-25,-0.00454933,-0.02234463,-0.01555974,-0.014024449,-0.013924449,-0.013038326,-0.012079915,-0.009528569,-0.007581008,-0.0070505547,-0.006877906,-0.006588583,-0.006488583,-0.006388583,-0.0062885834,-0.0034111494,-0.0023536382,-0.0019011417,0.003396791,0.003815935,0.0051561887,0.0062959916,0.0064906483,0.008425626,0.008525626,0.008625626,0.008725625,0.008825625,0.008925625,0.011567359,0.012512751,0.015064205,0.01591127,0.01636467,0.02020108,-0.015389413,-0.010052899,-0.0078831995,-0.004108619,0.0054381066,0.008786977,0.010791101,0.015142013
2019-09-26,-0.001037143,-0.023322044,-0.015869435,-0.01564713,-0.015090273,-0.012834311,-0.011682032,-0.011340116,-0.010820966,-0.008037816,-0.007937816,-0.007837816,-0.0067546945,-0.0060172286,-0.0046924497,-0.002699539,-0.0015223933,-0.00037671893,0.004764498,0.004864498,0.006736606,0.0068366057,0.0069366056,0.0070366054,0.007136605,0.007236605,0.007336605,0.0074366047,0.008710494,0.010847213,0.0131148035,0.014845796,0.015355103,0.016360188,0.020072643,-0.015759619,-0.011505611,-0.008642547,-0.0034257837,0.006067763,0.007898727,0.009937204,0.015048129
2019-09-27,0.00037249012,-0.0227132,-0.016077716,-0.015416856,-0.014118666,-0.013059567,-0.011709645,-0.011609646,-0.011509646,-0.011409646,-0.010076068,-0.0099760685,-0.009172349,-0.0076702484,-0.0055143377,-0.0021515235,-0.0015495094,-0.0013294016,0.0024363266,0.002804631,0.0041596266,0.0042596264,0.0060748663,0.007996183,0.008096183,0.008196183,0.008296182,0.008396182,0.008496182,0.011306968,0.012589261,0.014938696,0.015580425,0.017239219,0.020282118,-0.01553576,-0.012331088,-0.010027592,-0.004104168,0.0043512783,0.008394076,0.010415187,0.015271252
2019-09-30,-0.0034170228,-0.023312192,-0.016140144,-0.015666135,-0.014580781,-0.013110851,-0.011326741,-0.0111455675,-0.011045568,-0.010548438,-0.010448438,-0.010348438,-0.00904187,-0.005729518,-0.005150269,-0.0025459954,-0.0024459953,-0.0015501494,0.0053013973,0.006015252,0.006792969,0.008991424,0.010746129,0.010846129,0.0109461285,0.011046128,0.011146128,0.011246128,0.011346128,0.011928427,0.012960405,0.01520056,0.01530056,0.016469082,0.020398505,-0.015694141,-0.01194649,-0.009518428,-0.0044081695,0.0076094344,0.011162588,0.012193474,0.015391396
2019-10-01,0.0024523763,-0.022973845,-0.015789898,-0.015460103,-0.015173077,-0.013116348,-0.011247148,-0.0089486595,-0.0061274357,-0.005559489,-0.0054594893,-0.0035710868,-0.0019115395,-0.0010856437,-0.0009856437,0.0011242015,0.0012242014,0.0013242014,0.0038782414,0.004257977,0.0053098667,0.0054098666,0.007266928,0.00810636,0.008414038,0.008514038,0.008774039,0.008874039,0.009629731,0.011347623,0.01288843,0.014594705,0.015863042,0.017175205,0.020220393,-0.015660062,-0.009468568,-0.005166251,-0.00017682533,0.0054539978,0.008821798,0.010897694,0.015245271
2019-10-02,0.0016840964,-0.0217955,-0.015691796,-0.015457312,-0.013531431,-0.013289219,-0.012156776,-0.00927284,-0.00917284,-0.00907284,-0.007010998,-0.0062235235,-0.0053722486,-0.0037718562,-0.0019572137,-0.0011512106,-0.00013519613,8.2437735e-05,0.002406149,0.002506149,0.0040163603,0.006103387,0.006582637,0.007992109,0.008271961,0.00837196,0.008382111,0.008485791,0.008585791,0.011429417,0.013029653,0.0148478905,0.015954664,0.016608473,0.020464128,-0.015292945,-0.011026521,-0.007496944,-0.0018769413,0.004660801,0.008572383,0.010567555,0.015275912
2019-10-03,0.0036736764,-0.023369655,-0.015876792,-0.01571072,-0.014311347,-0.012883927,-0.011926456,-0.0098504955,-0.009750496,-0.007955041,-0.007058116,-0.006494109,-0.006370623,-0.004810572,-0.0030254638,-0.0015576914,-0.0009482323,-0.0005118315,0.003816768,0.004300798,0.0055754613,0.005978863,0.0065678605,0.0066678603,0.008319218,0.008419218,0.008422521,0.008522521,0.009529643,0.011298918,0.012002431,0.01484233,0.015802829,0.016415479,0.020113144,-0.015673636,-0.011038641,-0.007983253,-0.0025074657,0.005598222,0.008295275,0.010715286,0.01493446
2019-10-04,-0.0015434878,-0.023178246,-0.015772535,-0.015660213,-0.01445498,-0.013113785,-0.011517569,-0.009652539,-0.0084243305,-0.008144386,-0.008044386,-0.007944386,-0.00697876,-0.00641408,-0.0049849334,-0.0038450763,-0.0037288936,-0.0036288935,0.0029643578,0.0031092917,0.004304884,0.004618994,0.0052616037,0.006463898,0.006970881,0.007985336,0.010429069,0.010529069,0.010629069,0.011324285,0.012550089,0.014344345,0.0155366445,0.016239425,0.020464716,-0.015607422,-0.010679808,-0.008275825,-0.0048264368,0.004393682,0.008312838,0.011689628,0.014984572
2019-10-07,0.00097463233,-0.022514377,-0.016136074,-0.015489722,-0.015020952,-0.012862758,-0.009733117,-0.008424058,-0.007968287,-0.007767618,-0.0075217807,-0.007421781,-0.0060719647,-0.0054598995,-0.003663324,-0.0032858765,-0.0031858764,-0.0029890856,0.0045923977,0.005071123,0.005935549,0.0060355486,0.0061355485,0.007412237,0.007512237,0.008834394,0.0089343935,0.009034393,0.009134393,0.010839595,0.012554933,0.013435501,0.015524557,0.016407495,0.0203384,-0.015253454,-0.009876561,-0.00735101,-0.0041091884,0.0058293706,0.008451234,0.010693466,0.014715185
2019-10-08,-0.0031870175,-0.022717537,-0.015814213,-0.0154331485,-0.014352344,-0.012989015,-0.012571084,-0.009207184,-0.007468514,-0.0073685143,-0.0072685145,-0.0071685147,-0.007068515,-0.006968515,-0.005739917,-0.0040826485,-0.0031333917,-0.0030333917,0.0033058734,0.00481243,0.0062208534,0.0063208533,0.0064856918,0.0067743547,0.0072013154,0.008133118,0.008234128,0.009125575,0.009225575,0.010914123,0.013230897,0.014545131,0.015600446,0.017203774,0.020277206,-0.015688838,-0.010409689,-0.008269029,-0.0046315724,0.005572265,0.008286573,0.01061997,0.015234226
2019-10-09,0.002636057,-0.023225846,-0.01663678,-0.014991581,-0.014262193,-0.012948392,-0.012625866,-0.008293334,-0.007390787,-0.0053052655,-0.0048823208,-0.004782321,-0.0044652927,-0.0032492655,-0.0031492654,-0.0030492654,-0.0029492653,-0.0028492652,0.0024954355,0.0025954356,0.004340336,0.004349371,0.005923591,0.0066366205,0.0067366203,0.008856579,0.009570339,0.010154348,0.010254348,0.011064382,0.012970966,0.014665555,0.0155329555,0.016343005,0.020083163,-0.015939815,-0.009721367,-0.0065227062,-0.0033558763,0.00410344,0.008527105,0.011315274,0.0150254145
2019-10-10,0.0036234807,-0.022927787,-0.016437652,-0.014784481,-0.014123735,-0.012885285,-0.012438165,-0.009730917,-0.0086830035,-0.0071969735,-0.0070969737,-0.0068347864,-0.0056717643,-0.0054280343,-0.0037081083,-0.0013685897,-0.0012442729,-0.0005959402,0.0032763993,0.0038002552,0.005152129,0.0051541636,0.006771765,0.006871765,0.007316066,0.0077561135,0.00853611,0.008606036,0.008706036,0.011015522,0.01286696,0.01495929,0.016341181,0.017489182,0.020285051,-0.015762527,-0.010566708,-0.007863589,-0.0027503395,0.0049398025,0.00820424,0.010640977,0.015323201
2019-10-11,0.0019359246,-0.022705812,-0.016430715,-0.015205805,-0.014954269,-0.01247921,-0.0123514915,-0.010046618,-0.009946618,-0.009846618,-0.009746619,-0.009643015,-0.006307355,-0.0053984453,-0.0036368165,-0.0006693424,-0.0005693424,-8.3918685e-06,0.0025333178,0.0039645685,0.004406883,0.0044992045,0.0076801353,0.008677608,0.008777608,0.0092012985,0.009558761,0.00965876,0.00975876,0.010496694,0.012849364,0.013144336,0.015494428,0.017474718,0.020354183,-0.015784299,-0.01147943,-0.008750105,-0.0029053818,0.004836316,0.0091429,0.010993481,0.014863859
2019-10-14,-0.0011375251,-0.022715254,-0.015930405,-0.014562979,-0.014219723,-0.013121046,-0.011577637,-0.009784664,-0.008638492,-0.008540304,-0.0072251814,-0.007068339,-0.006968339,-0.0042224,-0.0041224,-0.0026599318,-0.002653693,-0.002553693,0.002591996,0.003510481,0.0038415333,0.005740306,0.007857246,0.009698229,0.009897808,0.010532387,0.010632386,0.010732386,0.010832386,0.011399318,0.013066754,0.0151312975,0.01562254,0.01723843,0.020387506,-0.015512814,-0.010620816,-0.00772641,-0.0038116113,0.0051164245,0.0100439135,0.011843803,0.0154446615
2019-10-15,0.00080682454,-0.023115603,-0.015833413,-0.014656117,-0.01415998,-0.013116023,-0.011352751,-0.010832526,-0.009000412,-0.0065233293,-0.006352464,-0.0059037223,-0.0058555026,-0.0051010223,-0.0037365158,-0.0036365157,-0.002345585,-0.002075834,0.0021756713,0.0022756713,0.0025939066,0.0037503582,0.0054108356,0.0055108354,0.0056108353,0.005710835,0.005810835,0.0059108348,0.008587931,0.011604727,0.012164578,0.01298804,0.015184356,0.017171435,0.020170586,-0.015515554,-0.010473028,-0.0075324303,-0.0035396344,0.0032812885,0.0068296134,0.009419736,0.014819873
2019-10-16,0.003559471,-0.023035584,-0.015252555,-0.014663775,-0.014161108,-0.013177134,-0.012734084,-0.010088042,-0.009906981,-0.0062847864,-0.0061847866,-0.0060847867,-0.005984787,-0.0032348495,-0.0027821586,-0.0019358788,-0.00080711104,-0.00070711103,0.0019453317,0.002013758,0.0029529773,0.0045322836,0.0046322835,0.0047322833,0.004832283,0.004932283,0.0049731717,0.007873192,0.007973192,0.011207195,0.012455743,0.014905887,0.0153425215,0.016136328,0.020244855,-0.015672093,-0.010735534,-0.0076090978,-0.0024634092,0.0032553268,0.0066754473,0.009473855,0.014990002
2019-10-17,0.0048776083,-0.023439836,-0.01582234,-0.01572234,-0.014190162,-0.012929298,-0.012675352,-0.009567545,-0.009467545,-0.009367545,-0.009267545,-0.0091675455,-0.007733051,-0.0063231234,-0.00516219,-0.0043610525,-0.0036357208,-0.003186764,0.0018901152,0.0021121516,0.0029353194,0.0030353195,0.0031353196,0.0032353196,0.004207539,0.0043075387,0.0044075386,0.0053316583,0.007966484,0.012714627,0.012852041,0.014909129,0.015506035,0.016268028,0.020325746,-0.015811397,-0.011360066,-0.009093324,-0.0051026545,0.0028360889,0.005744892,0.009185268,0.015413913
2019-10-18,0.0023200982,-0.023052325,-0.016624032,-0.0148512935,-0.014180658,-0.012616232,-0.0123914685,-0.009500864,-0.007093943,-0.0069939434,-0.0068939435,-0.0067939437,-0.006693944,-0.005899559,-0.0043214452,-0.0026814863,-0.0020518294,-0.0014677095,0.0029821298,0.0030821299,0.00318213,0.003916474,0.004016474,0.0041164737,0.0042164735,0.0043164734,0.004416473,0.00722149,0.00851011,0.010924227,0.013734532,0.016642042,0.016742041,0.016842041,0.020202447,-0.015772942,-0.010166302,-0.0077945716,-0.0034632827,0.0034758672,0.0061190277,0.009562868,0.015669057
2019-10-21,-0.00088342594,-0.022483366,-0.015660938,-0.015418388,-0.015119495,-0.012950271,-0.011542121,-0.00999232,-0.00989232,-0.00979232,-0.009692321,-0.009592321,-0.009492321,-0.0085462015,-0.0066506523,-0.004590271,-0.0033687814,-0.0032075425,0.002466454,0.003580869,0.003680869,0.003780869,0.0038808691,0.003980869,0.0040480676,0.0041766413,0.004276641,0.0058304486,0.008818733,0.011466922,0.012846697,0.014921007,0.01548221,0.016240222,0.020211378,-0.015551237,-0.011327494,-0.009833057,-0.0054819137,0.0035114256,0.00586715,0.0091749905,0.015137245
2019-10-22,-0.00066420436,-0.022722939,-0.015747635,-0.015670544,-0.014562198,-0.013312706,-0.012103323,-0.012003323,-0.010853033,-0.010753033,-0.0092375185,-0.008711098,-0.008611098,-0.008152626,-0.0069032335,-0.0057466067,-0.0050958167,-0.004676682,0.0028017983,0.0037072005,0.0038133767,0.0040075476,0.0041075475,0.0042075473,0.004307547,0.005021891,0.005121891,0.0066350973,0.008143714,0.011215088,0.013034377,0.015468836,0.015657827,0.017481634,0.020444065,-0.015689759,-0.012276651,-0.0097915195,-0.006226687,0.0037274943,0.0062374347,0.009354724,0.0155288
2019-10-23,-0.0018018549,-0.023703123,-0.01616246,-0.015683401,-0.013871567,-0.013135847,-0.012857194,-0.01269027,-0.009032762,-0.006605225,-0.0065052253,-0.0064052255,-0.006202742,-0.005735318,-0.004719546,-0.0033489615,-0.0032489614,-0.0024125304,0.0019286544,0.0019816163,0.0032948537,0.0035230867,0.0050793802,0.00517938,0.00527938,0.0053793797,0.0054793796,0.0055793794,0.00733867,0.010480745,0.012549292,0.013432655,0.01502586,0.017173253,0.01993494,-0.015946038,-0.01137377,-0.008066649,-0.004027045,0.0032015182,0.006339653,0.008780806,0.014714177
2019-10-24,-0.001764558,-0.021441592,-0.01554669,-0.01544669,-0.014568436,-0.013073809,-0.011343165,-0.009340811,-0.0066147307,-0.006514731,-0.006414731,-0.006038219,-0.0059382194,-0.0044185994,-0.004001171,-0.00097607356,-0.00087607355,-0.00077607355,0.004442297,0.0048767854,0.0052063027,0.0053063026,0.0054063024,0.005506302,0.007145767,0.007245767,0.0073457668,0.0074457666,0.008924668,0.011548137,0.012749367,0.014604509,0.015847838,0.016752914,0.020282807,-0.015194739,-0.009852026,-0.0069458894,-0.0025335222,0.0053954907,0.007430455,0.010222435,0.015187547
2019-10-25,-0.0015149605,-0.023228139,-0.016050085,-0.015815174,-0.014460526,-0.012796433,-0.01204792,-0.008160049,-0.00794563,-0.0060776295,-0.004728979,-0.0033055171,-0.0018475343,-0.001390151,-3.807345e-05,0.0019006053,0.0020006052,0.0021006053,0.003314569,0.0039158757,0.0040158755,0.0045305016,0.0051636253,0.008106945,0.008206945,0.008306945,0.008406945,0.012035972,0.013432209,0.015096839,0.015196838,0.015296838,0.015420149,0.017380394,0.020343821,-0.015716622,-0.010009281,-0.005592043,0.000531645,0.004796753,0.009742065,0.012878423,0.016662946
2019-10-28,0.0011138998,-0.023155257,-0.015688868,-0.0153215835,-0.014290612,-0.013008086,-0.011709772,-0.009035151,-0.0066763386,-0.006576339,-0.0063428204,-0.0055255364,-0.0054255365,-0.0053255367,-0.0040256837,-0.0018693631,-0.0017693632,-0.0011007723,0.0018553282,0.0019514302,0.0029541568,0.0035385664,0.004244906,0.0045125154,0.00566603,0.00576603,0.0058660298,0.006138423,0.00758658,0.011300202,0.012532849,0.014368548,0.016784482,0.0176335,0.020376613,-0.015570519,-0.009863837,-0.007096001,-0.0028581438,0.0031931023,0.0063924156,0.009535143,0.015242343
2019-10-29,0.002089159,-0.023149593,-0.016360197,-0.015480771,-0.014610917,-0.013050054,-0.012209059,-0.010924484,-0.009976082,-0.008473961,-0.008373961,-0.0061935005,-0.0060935006,-0.005993501,-0.0058372202,-0.00447528,-0.0025302514,-0.0017725313,0.0027348697,0.0030195983,0.0037993386,0.0051758154,0.0052758153,0.005919318,0.006102137,0.006136781,0.006236781,0.007496899,0.0100921355,0.011086059,0.013317773,0.014438716,0.015830025,0.016190441,0.020352501,-0.015875963,-0.011412871,-0.008529221,-0.004161757,0.004166352,0.0071829744,0.01014838,0.015077099
2019-10-30,0.0005935332,-0.022985324,-0.016420385,-0.015544987,-0.015072305,-0.013603898,-0.012099877,-0.0097873295,-0.008909885,-0.007698066,-0.0071845087,-0.007084509,-0.0062575373,-0.0062399535,-0.003996192,-0.003896192,-0.0023677917,-0.0013149779,0.00053545745,0.0014772292,0.0020122407,0.0034000974,0.0040577375,0.0064898147,0.0065898146,0.0066898144,0.006789814,0.006889814,0.0071297684,0.010837245,0.012790784,0.013050258,0.015805995,0.016334321,0.020337073,-0.016036358,-0.010808029,-0.008138353,-0.0037319325,0.002802968,0.0069928854,0.009490527,0.014669937
2019-10-31,0.0028727525,-0.022674153,-0.016554197,-0.015448492,-0.01461756,-0.012715058,-0.012185026,-0.0100814765,-0.007446626,-0.0073466264,-0.0072466265,-0.005929124,-0.0058291242,-0.0054980754,-0.0040560276,-0.0027575386,-0.0026082261,-0.0024318763,0.0025246027,0.0042459005,0.0045780903,0.00467809,0.00477809,0.0048780898,0.0049780896,0.0050780894,0.0051780893,0.005257629,0.008360946,0.011589074,0.012750083,0.015239795,0.015776716,0.016922047,0.020393442,-0.015749197,-0.010501649,-0.0076410957,-0.0035565584,0.004200955,0.006316194,0.00923249,0.01537889
2019-11-01,0.0012206637,-0.022495093,-0.016347047,-0.0151094105,-0.014457944,-0.013043742,-0.0123147825,-0.012214783,-0.010042158,-0.0076103746,-0.0075103748,-0.006709035,-0.005925815,-0.0058258153,-0.003963718,-0.003569189,-0.0029640163,-0.0028640162,0.001165469,0.0012002164,0.0023622294,0.0038175099,0.0071132663,0.007213266,0.008070317,0.008170317,0.008270317,0.008370317,0.010441274,0.01098065,0.01565589,0.01575589,0.01585589,0.01759561,0.02016911,-0.015731722,-0.011458302,-0.008323789,-0.004013995,0.0033231482,0.008369563,0.010783689,0.016031431
2019-11-04,-0.0012520398,-0.023034275,-0.016238265,-0.015645016,-0.01493181,-0.013086628,-0.0121977255,-0.011416913,-0.008103044,-0.0067141233,-0.0066141235,-0.0065141236,-0.006395244,-0.005343639,-0.004591814,-0.0028515793,-0.0027515793,-0.0026676937,0.001859689,0.0025783668,0.0026783668,0.003423663,0.0049173837,0.0053723995,0.0054723993,0.005572399,0.005672399,0.006024281,0.008950415,0.011245217,0.012280615,0.01411817,0.015171628,0.01707562,0.02007203,-0.01589774,-0.010815364,-0.007730755,-0.0038753576,0.0032024973,0.0066263364,0.009412788,0.014958331
2019-11-05,-0.0074279206,-0.023028832,-0.016201286,-0.015531767,-0.01423231,-0.013186917,-0.012295182,-0.009173004,-0.0062086396,-0.0061086398,-0.0055761714,-0.0047131316,-0.0046131318,-0.0039643934,-0.0031006779,-0.0024220152,-0.0017857004,-0.0016857005,0.0035098004,0.0036098005,0.0039113243,0.004011324,0.00520585,0.00530585,0.0053213905,0.005369675,0.0070154094,0.010999469,0.011099469,0.01140296,0.012508224,0.01485953,0.01641666,0.017630568,0.020169385,-0.015788907,-0.0098634465,-0.006531504,-0.0027414453,0.004072728,0.0076567605,0.011386794,0.015314134
2019-11-06,0.00015126765,-0.02163181,-0.015862864,-0.015243658,-0.014741202,-0.01300822,-0.0089869825,-0.008538474,-0.0084384745,-0.00734237,-0.006101305,-0.005146699,-0.0026645944,-0.0018310188,-0.00051676,-0.00041675998,-5.8461646e-06,0.00023190479,0.0036359413,0.0049411645,0.0050411643,0.005141164,0.005241164,0.005341164,0.0054411637,0.0055411635,0.0069602747,0.0070602745,0.009130055,0.011700494,0.012880859,0.014976065,0.015752604,0.016174164,0.020005653,-0.014846215,-0.0097099915,-0.005604475,-0.0011708321,0.0048401193,0.0069768517,0.01012074,0.015147448
2019-11-07,-0.0024660311,-0.023455799,-0.01578831,-0.015595817,-0.015026094,-0.013297676,-0.011948308,-0.011790535,-0.008763785,-0.008663785,-0.008563785,-0.008463785,-0.008363785,-0.007366411,-0.0056285723,-0.0037457757,-0.0020288934,-0.0019288935,0.004562381,0.0049131303,0.0049870485,0.0051639136,0.0052639134,0.0053639133,0.005463913,0.0060516363,0.006151636,0.006251636,0.009348603,0.012511963,0.012611963,0.01440502,0.014747725,0.01618097,0.020158531,-0.015903238,-0.011352445,-0.009001215,-0.0043591843,0.0050180773,0.007088612,0.009802313,0.0151736885
2019-11-08,-0.0022475484,-0.021827849,-0.01637688,-0.015008781,-0.014398115,-0.012965878,-0.012136517,-0.011301201,-0.0072298385,-0.0071298387,-0.0059774383,-0.0058774385,-0.004540983,-0.0045141564,-0.0044141565,-0.0036136366,-0.0033816868,-0.0024435369,0.0029510378,0.0039335615,0.0045275157,0.0050790464,0.005190582,0.005290582,0.0053905817,0.0054905815,0.0055905813,0.005690581,0.008102035,0.011415918,0.011540575,0.014364716,0.015309527,0.01623288,0.019878885,-0.015541049,-0.010561235,-0.006879787,-0.003946091,0.004376349,0.006615649,0.009221729,0.014686595
2019-11-11,0.001169718,-0.020918602,-0.015527204,-0.0151114585,-0.01359291,-0.012930998,-0.011499962,-0.009749032,-0.008151822,-0.0061669275,-0.0049462714,-0.0043708817,-0.003264702,-0.0031647019,-0.0019785387,-0.0018785388,-0.0017785388,-0.0014839849,0.0029659413,0.004399863,0.004877213,0.0049772128,0.0054718764,0.005571876,0.005671876,0.005771876,0.0058718757,0.0059718755,0.010037499,0.011105471,0.012560289,0.014670973,0.015415298,0.016783588,0.020373967,-0.014893936,-0.010135841,-0.0062054917,-0.0022980967,0.0045784214,0.006778595,0.009680403,0.015098858
2019-11-13,-0.002218186,-0.022029787,-0.015436914,-0.0151149435,-0.014097761,-0.0131125795,-0.012032441,-0.010887451,-0.006827262,-0.006622296,-0.006522296,-0.0063859946,-0.00595783,-0.005761179,-0.0056281923,-0.004028985,-0.0029636966,-0.0022911292,0.0018080383,0.002386586,0.002486586,0.0028373695,0.0043416014,0.004441601,0.004541601,0.004641601,0.0047416007,0.006609859,0.0066166995,0.011713923,0.01271606,0.014738134,0.015787393,0.017677741,0.020416038,-0.015341896,-0.010296879,-0.007420202,-0.0042596,0.002812036,0.0063497173,0.009093895,0.015452379
2019-11-14,-0.0008177507,-0.02136259,-0.01575252,-0.015086864,-0.014365434,-0.013096879,-0.012027354,-0.010038005,-0.008512027,-0.0072042034,-0.0071042036,-0.00687391,-0.0067166574,-0.0066611795,-0.0065450417,-0.005518706,-0.0044272207,-0.0035593037,0.0012058071,0.0016619554,0.0022956284,0.0025946011,0.0038158176,0.0039158175,0.0040158173,0.004115817,0.004215817,0.004260532,0.0067129815,0.010920694,0.012738022,0.014601445,0.01575678,0.017497143,0.020218633,-0.015320955,-0.010573691,-0.008204284,-0.0053848363,0.002354762,0.0054057357,0.00837336,0.015195188
2019-11-15,0.0044939006,-0.022544265,-0.015678706,-0.014912418,-0.014284417,-0.0127351945,-0.01197575,-0.009678682,-0.0077933343,-0.006343918,-0.005534625,-0.005479971,-0.005148234,-0.0048903762,-0.004832395,-0.0026437265,-0.0025341094,-0.0019152464,0.0011150979,0.0020645263,0.0023386704,0.0027898075,0.0028898076,0.0033865294,0.0034865295,0.00487266,0.00497266,0.00507266,0.00735159,0.012372054,0.012582098,0.012936744,0.015367608,0.017571853,0.02040574,-0.015443666,-0.01014082,-0.007068464,-0.0034810896,0.0023589265,0.0057187425,0.009027314,0.015173698
2019-11-18,0.0026997642,-0.023528032,-0.015889589,-0.015040382,-0.014890613,-0.013051957,-0.012650933,-0.010277788,-0.006849464,-0.006707103,-0.0064475583,-0.0063475585,-0.0062475586,-0.006147559,-0.006047559,-0.0047625555,-0.0031644967,-0.0027420265,0.00079748326,0.0012010987,0.0021235163,0.0022235163,0.0025148285,0.0037764942,0.004195431,0.0045110877,0.0047823973,0.004882397,0.008552363,0.011476868,0.012977914,0.013476001,0.01503153,0.017770266,0.020394057,-0.016002227,-0.010305135,-0.0076686144,-0.0046128393,0.002108209,0.005432335,0.00894511,0.015219021
2019-11-19,-2.2561726e-06,-0.02328642,-0.015846422,-0.015589572,-0.0146254,-0.013286803,-0.01175771,-0.01096775,-0.0091256695,-0.006571097,-0.006334183,-0.006234183,-0.006134183,-0.0059987986,-0.0056228987,-0.0052438537,-0.0035606062,-0.0033759214,0.0017998233,0.0023670692,0.0026574566,0.0036492816,0.0037492816,0.0038492817,0.004064385,0.0041643847,0.004180227,0.005774852,0.008449453,0.010412891,0.012451996,0.014776249,0.015758103,0.01743671,0.02033816,-0.01576055,-0.01080236,-0.007870109,-0.0048074923,0.002907603,0.005590138,0.008915106,0.015083201
2019-11-21,-0.00041070822,-0.022396183,-0.015762744,-0.015403353,-0.014732421,-0.013241792,-0.012378491,-0.007991421,-0.0076109287,-0.007510929,-0.006796872,-0.0047540013,-0.0044887457,-0.004388746,-0.004288746,-0.003921032,-0.0031676176,-0.003157726,0.0013959269,0.0021240362,0.0031429443,0.0031735366,0.0035775884,0.004062196,0.0041621956,0.0042621954,0.0047514513,0.00696312,0.0075010764,0.011444748,0.012790799,0.014285284,0.015115223,0.016345289,0.02013702,-0.015702326,-0.010179025,-0.0071327565,-0.0038578245,0.0027997277,0.00606197,0.0091551235,0.015000628
2019-11-25,-0.0058585075,-0.022408394,-0.01578157,-0.015553328,-0.014563631,-0.013394302,-0.012281053,-0.009720027,-0.00856907,-0.007473681,-0.0073736813,-0.006968962,-0.0055604344,-0.0054604346,-0.004884597,-0.00409369,-0.003309117,-0.0031088293,0.001369649,0.001766181,0.0025561138,0.0026561138,0.0033848851,0.0034848852,0.004136271,0.0042362707,0.0045067957,0.006306514,0.0064929877,0.011608335,0.012523101,0.01523617,0.015839316,0.016694449,0.020448843,-0.01568579,-0.010719432,-0.007848935,-0.004473039,0.0024968656,0.0058041783,0.00895079,0.015302179
2019-11-26,8.627011e-05,-0.023069967,-0.015701968,-0.015211016,-0.014121879,-0.012927337,-0.012288069,-0.009493944,-0.006934389,-0.006834389,-0.0054072817,-0.005307282,-0.005123978,-0.0045932936,-0.004493294,-0.0041887932,-0.0037103347,-0.0034720304,0.0013459449,0.0014466598,0.002107378,0.003068812,0.0038923596,0.0038947728,0.0039947727,0.004493441,0.004593441,0.00636493,0.006890513,0.011270078,0.011916054,0.013585627,0.015768068,0.017447729,0.02034746,-0.015621844,-0.010152361,-0.0068694027,-0.0042343466,0.0023927134,0.0059831166,0.008977406,0.014913389
2019-11-27,-0.0012402807,-0.02245854,-0.01581602,-0.015336939,-0.014244497,-0.012630986,-0.0124220075,-0.010450432,-0.008752092,-0.0071218833,-0.006606037,-0.0059705395,-0.0056514284,-0.0050205495,-0.004898712,-0.003930547,-0.003247023,-0.003147023,0.0010273982,0.0018961182,0.0029410063,0.0031045715,0.003983776,0.0043524136,0.0044524134,0.0045524132,0.004652413,0.005735019,0.0091438675,0.011053852,0.012883658,0.013362769,0.015755221,0.017188707,0.020472372,-0.015514409,-0.010816671,-0.007690423,-0.004238769,0.0026843015,0.005935495,0.009268074,0.014992272
2019-11-28,0.0006816633,-0.022252336,-0.015694601,-0.015339505,-0.014194199,-0.012744441,-0.011978308,-0.010877734,-0.0067767655,-0.0059074233,-0.0058074235,-0.005669948,-0.005076729,-0.0049767294,-0.004354617,-0.0038089745,-0.0032128408,-0.0031128407,0.0010694409,0.0017957739,0.0020656483,0.0027510128,0.003556741,0.0035618846,0.0036618847,0.0037618848,0.0038618848,0.0056751217,0.008200124,0.011340156,0.012982513,0.014194552,0.015527438,0.016018935,0.019538209,-0.015372777,-0.010175947,-0.0069231912,-0.004031844,0.002268752,0.0055791577,0.008920945,0.014814873
2019-12-02,0.0058703,-0.021701677,-0.015725302,-0.0152820265,-0.013043495,-0.01286447,-0.01271763,-0.011874142,-0.010274824,-0.009947713,-0.008553069,-0.0065755555,-0.0064755557,-0.006375556,-0.006275556,-0.0042932807,-0.0041602002,-0.0036290037,0.0020779362,0.0023389466,0.00285797,0.003343981,0.0035908073,0.003953194,0.004332933,0.004432933,0.004532933,0.004975579,0.007233851,0.01110888,0.012794826,0.013213052,0.015601839,0.016185367,0.019533155,-0.015210515,-0.012019267,-0.008879327,-0.004986719,0.0029903534,0.005612279,0.008690616,0.014567057
2019-12-03,0.001013392,-0.022172054,-0.0155151775,-0.014564617,-0.013803311,-0.012616818,-0.011230892,-0.010127513,-0.0071364404,-0.006968427,-0.0064056674,-0.0063056676,-0.0062056677,-0.004584942,-0.004484942,-0.0042990884,-0.0041441475,-0.0024928863,-0.00076422875,-7.558144e-05,2.4418558e-05,0.00074480765,0.0015496041,0.0025449353,0.003525747,0.0038806319,0.003980632,0.004858405,0.010321102,0.011080221,0.011543618,0.014509032,0.015313712,0.015977256,0.0194158,-0.01506765,-0.010005578,-0.007112722,-0.0043453462,0.0006910326,0.0047827596,0.009110814,0.014505185
2019-12-04,0.0005277307,-0.021588989,-0.015992625,-0.015542163,-0.014885987,-0.01263631,-0.010959625,-0.00978525,-0.007855227,-0.0069871177,-0.0066871275,-0.0065871277,-0.006257522,-0.006157522,-0.00578765,-0.0049885716,-0.0045011514,-0.0043702535,0.0015660261,0.0019332006,0.003000034,0.00376957,0.003781921,0.0040302784,0.0041302782,0.004230278,0.004330278,0.0054868255,0.007798014,0.011416556,0.012449543,0.01421978,0.01431978,0.015854768,0.019420711,-0.015212707,-0.010225877,-0.007583405,-0.005246951,0.002879822,0.005789172,0.008670291,0.014672272
2019-12-05,0.00041927965,-0.022234015,-0.015960157,-0.015669117,-0.014724193,-0.013047103,-0.012281409,-0.008827594,-0.0067511615,-0.0066917795,-0.0065917796,-0.00649178,-0.00639178,-0.005982887,-0.005031104,-0.0039989366,-0.0038989366,-0.0034115354,0.0016329257,0.0017329257,0.0028792035,0.0029792036,0.0034406662,0.0037766295,0.004572207,0.004672207,0.004772207,0.005239083,0.0074289637,0.0111510735,0.012289938,0.014144282,0.015452358,0.016386587,0.019480322,-0.015649375,-0.010044212,-0.0075998036,-0.0045664585,0.0027592932,0.005655932,0.008808737,0.014690441
2019-12-09,-0.0021342942,-0.023231415,-0.016058952,-0.015407508,-0.014705212,-0.013021548,-0.011656643,-0.009368391,-0.0068387426,-0.006738743,-0.006675715,-0.0059536044,-0.0055806492,-0.005097787,-0.0048439354,-0.004090732,-0.0035140435,-0.0033899264,0.0012930313,0.0015883375,0.0019388783,0.002827422,0.0030450656,0.0031450656,0.0036418354,0.0038378946,0.0040562297,0.0058515286,0.008043495,0.010925659,0.012333758,0.014195321,0.014820611,0.01556478,0.019554952,-0.015734755,-0.010002005,-0.0071699074,-0.0043584486,0.0022579008,0.005361043,0.008739504,0.014514895
2019-12-10,0.0018886088,-0.021901334,-0.016119491,-0.0156403,-0.01454553,-0.013020429,-0.012591106,-0.011084136,-0.007991663,-0.007891663,-0.0061314274,-0.0057338527,-0.005633853,-0.005533853,-0.0054338532,-0.004681203,-0.0038801352,-0.0035293654,0.001857777,0.0020657536,0.0026388362,0.003310188,0.0039356807,0.0040356806,0.0042439774,0.004343977,0.004443977,0.004908845,0.0077640265,0.011130707,0.01277363,0.01449282,0.015841866,0.016082888,0.019547015,-0.015635578,-0.011039773,-0.007576381,-0.004651682,0.0028233065,0.005670978,0.008817884,0.014805412
2019-12-11,-0.00049380766,-0.022762986,-0.01576374,-0.0155559,-0.014430785,-0.012802134,-0.011299206,-0.009696993,-0.00918969,-0.0067000864,-0.0066000866,-0.0065000867,-0.006400087,-0.006300087,-0.0062000873,-0.0048017562,-0.0036126787,-0.0035126787,0.002191264,0.002514993,0.0033979837,0.003941687,0.0044226493,0.004522649,0.004622649,0.0047226488,0.0048226486,0.0050171292,0.009042324,0.011142992,0.012450775,0.013271164,0.014107849,0.016120821,0.019534176,-0.015411769,-0.010488375,-0.007957831,-0.0049254573,0.0033337153,0.0059656138,0.008826589,0.014503986
2019-12-12,0.0029412052,-0.023404973,-0.016079364,-0.015730714,-0.014907557,-0.012220837,-0.012120837,-0.011635984,-0.01049936,-0.010182012,-0.010172602,-0.008861407,-0.008674454,-0.008605776,-0.0064287363,-0.0054063024,-0.004293424,-0.003914347,0.0021425688,0.0023041063,0.003275859,0.0032939168,0.0037345882,0.004137347,0.0043437933,0.004443793,0.004543793,0.0062199445,0.0071750493,0.01135921,0.012263311,0.014484124,0.015398532,0.01608818,0.019556245,-0.015746713,-0.012033781,-0.010014606,-0.0057808436,0.0030720488,0.0059789764,0.008939305,0.014750214
2019-12-13,0.001646986,-0.021073382,-0.01578128,-0.01530662,-0.013267583,-0.012777199,-0.011722976,-0.009983542,-0.009117339,-0.007925127,-0.0072590527,-0.0062044985,-0.0059916317,-0.00565138,-0.003070646,-0.0025165146,-0.002079924,-0.0013640164,0.0013328498,0.0014328498,0.0015328497,0.003034713,0.0039068153,0.004006815,0.004106815,0.0050014714,0.005101471,0.005286255,0.0063608815,0.010916972,0.011637432,0.014324238,0.015848825,0.016655138,0.019574778,-0.014924484,-0.010811122,-0.007948476,-0.0030471198,0.0022880156,0.0058236658,0.00870288,0.01462171
2019-12-16,0.00013469465,-0.022646187,-0.015676847,-0.01518898,-0.014423149,-0.013153249,-0.012312308,-0.010121574,-0.007421887,-0.007321887,-0.0072218874,-0.0071218875,-0.006307098,-0.0062070983,-0.005274628,-0.0034288848,-0.0024015985,-0.0023015984,0.002764305,0.0028643052,0.0029643052,0.002977457,0.003077457,0.003177457,0.005313453,0.0054134526,0.0055134525,0.007842532,0.010453176,0.010902672,0.011950996,0.015173511,0.015714016,0.016405817,0.01953581,-0.015642349,-0.010473328,-0.007894056,-0.0041057193,0.0033767647,0.0060827145,0.01008517,0.014793761
2019-12-17,0.001693359,-0.02206386,-0.015761252,-0.015343283,-0.015172727,-0.013156439,-0.011374204,-0.010769878,-0.00861147,-0.008511471,-0.008411471,-0.008311471,-0.0074855075,-0.0073855077,-0.0051984503,-0.0045638722,-0.0039441194,-0.0037343558,0.0034441822,0.0038586925,0.004093208,0.004307039,0.004407039,0.0049647973,0.005064797,0.0052077444,0.0053077443,0.005407744,0.008346303,0.010830664,0.012138086,0.013214487,0.0150933685,0.01606185,0.019473145,-0.015505697,-0.010922061,-0.008653632,-0.0051504537,0.0041535837,0.006163598,0.008997165,0.014343646
2019-12-18,-0.0027085054,-0.02249626,-0.015804762,-0.015505338,-0.01317596,-0.0131089315,-0.012572792,-0.0107266335,-0.008339302,-0.008239302,-0.0071365396,-0.0070365397,-0.00611692,-0.0060169203,-0.00537381,-0.0038840051,-0.003784005,-0.003684005,0.0028183525,0.0033188735,0.004295359,0.004769907,0.0057061072,0.005806107,0.005906107,0.0060061067,0.0061061066,0.008052495,0.009529606,0.011167493,0.012595725,0.014476723,0.015750002,0.01664526,0.019547844,-0.015431741,-0.011076674,-0.008036494,-0.004752473,0.0042217197,0.007347662,0.010121141,0.014886608
2019-12-19,-0.0009891865,-0.022761485,-0.015819548,-0.01491975,-0.014306705,-0.0133420285,-0.012289536,-0.009250825,-0.009150825,-0.008615813,-0.00829751,-0.008197511,-0.008097511,-0.007886544,-0.0071991268,-0.005775669,-0.005239681,-0.0051795775,0.004024696,0.005860193,0.005960193,0.006060193,0.006101998,0.0065434137,0.0066434136,0.0067434134,0.008021118,0.008396457,0.010103651,0.010533496,0.012288564,0.0142998835,0.01483605,0.015921699,0.019522894,-0.01570386,-0.01084535,-0.009144385,-0.006318313,0.0057097375,0.0076637557,0.010378154,0.014513308
2019-12-20,-0.002553923,-0.023180272,-0.015749533,-0.015483093,-0.015116132,-0.012287388,-0.011450409,-0.010909804,-0.010809804,-0.0107098045,-0.010609805,-0.010167805,-0.007641278,-0.0074679716,-0.004548392,-0.0040693106,-0.0037039127,-0.00316757,0.0028934346,0.0029591855,0.0030591856,0.0031591856,0.0035204787,0.0036204788,0.004955286,0.005055286,0.005155286,0.0061073652,0.008537902,0.0113073755,0.012556761,0.013082147,0.014548768,0.015926259,0.019321136,-0.015556747,-0.011872583,-0.009595854,-0.0051313983,0.0034052555,0.005922197,0.009131339,0.014438735
2019-12-23,9.019654e-05,-0.021469934,-0.01566923,-0.015579179,-0.014340166,-0.012812536,-0.011610814,-0.009681642,-0.0047932775,-0.0046932776,-0.004593278,-0.0040422385,-0.002703389,-0.0024302234,-0.0023302233,-0.0019480269,-0.001848027,-0.001748027,0.0017414796,0.0022054978,0.003719758,0.004112751,0.004205881,0.004305881,0.0048554884,0.0050748554,0.0051748552,0.006171019,0.007861936,0.010807507,0.012067368,0.015027975,0.01548671,0.016152076,0.01906682,-0.015180536,-0.0092716385,-0.0052261963,-0.0023833085,0.0033269948,0.0061130286,0.0091004055,0.01462435
2019-12-24,0.00025476128,-0.021425312,-0.015677266,-0.015230529,-0.014532298,-0.0128808655,-0.011915582,-0.011470409,-0.010986509,-0.009506135,-0.008576272,-0.007846884,-0.0077468846,-0.007646885,-0.006946317,-0.005446055,-0.004044098,-0.003944098,0.0022634787,0.0022917178,0.003690564,0.0037393314,0.0038587798,0.004332038,0.004432038,0.004532038,0.0046320376,0.0065265507,0.0066265506,0.010795243,0.013214995,0.014278155,0.015522246,0.015622246,0.019375004,-0.015286265,-0.0118218325,-0.009374427,-0.0056454903,0.0032834257,0.0060089296,0.008820525,0.014657128
2019-12-27,0.0065451274,-0.020666754,-0.016037099,-0.015262885,-0.014397245,-0.012555541,-0.01177552,-0.010032512,-0.008447702,-0.006714236,-0.006614236,-0.00594573,-0.0058138752,-0.0050219265,-0.0049219267,-0.0042757983,-0.0038589358,-0.0038192254,0.0016694255,0.002099802,0.0029089078,0.0035976116,0.0036976116,0.004155479,0.0042554787,0.0043554786,0.0044554784,0.004931139,0.007843196,0.010794651,0.011757766,0.0145144025,0.014614402,0.016032789,0.019520115,-0.015086432,-0.010446571,-0.007534652,-0.0045643235,0.002906245,0.005586872,0.008527773,0.014523944
2019-12-30,0.0034027707,-0.022463802,-0.015644137,-0.015074431,-0.014552469,-0.0129100345,-0.012386578,-0.009611829,-0.006912608,-0.0061006234,-0.0060006236,-0.0059006237,-0.005800624,-0.0050513595,-0.004587695,-0.0044117975,-0.0032211386,-0.0026331162,0.0008285106,0.0010981057,0.0018650664,0.0021876374,0.0022876374,0.0044282703,0.00452827,0.00462827,0.0047282698,0.0048282696,0.0084035685,0.0108411545,0.012192495,0.0137574095,0.015424179,0.015784774,0.019427655,-0.0155914035,-0.010017214,-0.0072303587,-0.004150874,0.002101518,0.00540272,0.008845088,0.014400696
2019-12-31,0.0020067166,-0.021912687,-0.016267229,-0.015608073,-0.014667216,-0.012994586,-0.01151212,-0.01141212,-0.010048478,-0.008080453,-0.0074779917,-0.007377992,-0.006513075,-0.006413075,-0.0063130753,-0.0053693135,-0.0038859132,-0.0032014335,0.0017754569,0.0022709814,0.0029460837,0.0036533345,0.0037533345,0.004098004,0.004198004,0.004298004,0.0044503068,0.0055084717,0.008623487,0.010732878,0.0126959905,0.014024303,0.015101484,0.015325436,0.019401003,-0.015470767,-0.011332249,-0.008392948,-0.0052295453,0.002968772,0.0056781387,0.008883325,0.014435923
2020-01-02,-0.002042428,-0.021804586,-0.01624759,-0.015396571,-0.0143716475,-0.0127735585,-0.012075504,-0.009392395,-0.008507476,-0.007972996,-0.0072725634,-0.0071725636,-0.007020728,-0.0064842417,-0.0059470567,-0.0040868274,-0.003437601,-0.0032477812,0.0007738422,0.0012162502,0.0014636599,0.0016644325,0.0017644324,0.0022685872,0.0035243884,0.0036243885,0.004374231,0.006799658,0.0068996577,0.011421679,0.013074644,0.0135282,0.015684817,0.016207702,0.019473568,-0.015454577,-0.010668988,-0.008272102,-0.004778366,0.0017285146,0.005175749,0.009036009,0.014741158
2020-01-03,-0.0033267485,-0.022050869,-0.015647165,-0.0144548165,-0.0143551035,-0.012227532,-0.011242952,-0.0077074054,-0.0076074055,-0.0065618595,-0.0064618597,-0.00636186,-0.00626186,-0.00616186,-0.0060618604,-0.004322401,-0.003916455,-0.0034640925,9.5549054e-05,0.00052840833,0.0017654336,0.0024193348,0.002519335,0.0033234614,0.0038896247,0.003989625,0.0041968296,0.004282636,0.007313663,0.011208165,0.012961745,0.013845674,0.014271254,0.016071716,0.019549925,-0.015104724,-0.009514888,-0.0075471876,-0.0048253336,0.0017396702,0.005064645,0.00825451,0.014727446
2020-01-06,0.002268219,-0.022700718,-0.015737751,-0.015457759,-0.014592983,-0.012867421,-0.011450863,-0.009751139,-0.008438851,-0.006974172,-0.0069246492,-0.0068246494,-0.0046938825,-0.0035710484,-0.0027650862,-0.0026845278,-0.0026211774,-0.0020231295,0.0023895483,0.0031931922,0.004212787,0.0043127867,0.0044127866,0.005136963,0.006074095,0.006174095,0.006274095,0.007275012,0.007275948,0.010523126,0.012314891,0.014517701,0.015797727,0.016306266,0.019565018,-0.015469948,-0.0104145575,-0.0070158592,-0.003383714,0.004036482,0.0067043966,0.009429181,0.0146454
2020-01-07,-0.004216189,-0.021560736,-0.01573352,-0.015644522,-0.01472033,-0.012397818,-0.012143082,-0.010910408,-0.0068214056,-0.0066793934,-0.0065793935,-0.0064793937,-0.0062164096,-0.00611641,-0.00601641,-0.0042659207,-0.0035245963,-0.003188251,0.00087847345,0.0009784735,0.0013923183,0.0018924156,0.0033896773,0.0034896773,0.0035896774,0.0040184846,0.0041184844,0.0052494444,0.0063390518,0.010992614,0.0128276255,0.013196926,0.01423373,0.016549937,0.019534022,-0.015311097,-0.010439763,-0.0075753396,-0.004694914,0.0017462717,0.00542798,0.008186665,0.014620225
2020-01-08,-0.001969758,-0.021885918,-0.015690962,-0.015546761,-0.014403162,-0.013041262,-0.011996827,-0.009855379,-0.008793443,-0.0073108147,-0.004497201,-0.0043972014,-0.0042972015,-0.0042948914,-0.0016216331,-0.0015216331,-0.00014526365,-4.5263652e-05,0.0013616114,0.0014616114,0.001570155,0.0027173616,0.0028173616,0.0029173617,0.0030173617,0.0030785908,0.0043736543,0.004473654,0.007918304,0.012291416,0.013004687,0.014102815,0.015554942,0.01588715,0.019442046,-0.015403626,-0.010700645,-0.0067759133,-0.001546199,0.0020256203,0.0051156767,0.008922394,0.014945622
2020-01-09,-0.0015885127,-0.021370318,-0.016129185,-0.015645573,-0.014441692,-0.012869774,-0.011371123,-0.00911086,-0.008515294,-0.008415294,-0.0073993504,-0.0072993506,-0.0064740055,-0.0063740057,-0.0051310575,-0.0029955083,-0.002132913,-0.0018219533,0.0016636477,0.002597971,0.003605206,0.003705206,0.0038052062,0.0044491272,0.004549127,0.005254657,0.0057869265,0.0072601577,0.0073601576,0.010942702,0.012975406,0.0134363705,0.014976335,0.016464058,0.01955708,-0.015236418,-0.010611628,-0.008026756,-0.0038761564,0.0032242313,0.00634237,0.009265255,0.014675123
2020-01-10,0.00096780807,-0.021384332,-0.015674513,-0.015580456,-0.013563324,-0.012383038,-0.01137728,-0.01127728,-0.008437448,-0.0064377263,-0.0063377265,-0.0062377267,-0.0059162034,-0.005532846,-0.0043809833,-0.0042809835,-0.003791235,-0.0032975299,0.0021309587,0.0022309588,0.0029789533,0.003173378,0.003917626,0.004017626,0.0044193803,0.00509148,0.0051120943,0.0059969416,0.006954,0.010268193,0.012128731,0.014523248,0.015453259,0.016018506,0.01953966,-0.014876497,-0.010622038,-0.0075203003,-0.0043976917,0.002986726,0.0058583734,0.008756897,0.014495668
2020-01-13,0.0017891022,-0.02247145,-0.015737794,-0.015375456,-0.014471219,-0.012817051,-0.011816169,-0.010914196,-0.00737675,-0.00727675,-0.0071767503,-0.0070767505,-0.006066296,-0.0043953755,-0.004351855,-0.0026169473,-0.0025169472,-0.0018758121,0.0003216895,0.00066445966,0.0008420545,0.001789036,0.0038776898,0.0053382786,0.0054382784,0.0055382783,0.005638278,0.005738278,0.008293467,0.011477728,0.012461913,0.013492568,0.015492984,0.01643925,0.019457245,-0.015462737,-0.010551864,-0.0073662684,-0.0036876625,0.0018111035,0.00639405,0.009328147,0.014665741
2020-01-14,-0.0009480952,-0.022221148,-0.015820129,-0.015492195,-0.014796682,-0.012904733,-0.012099615,-0.011480435,-0.010179802,-0.008762604,-0.008662604,-0.008562604,-0.00807644,-0.00797644,-0.0069317715,-0.004501839,-0.003488197,-0.0026257648,0.002464255,0.0027457564,0.0033379442,0.0034919998,0.0053993375,0.0059690624,0.00776088,0.00786088,0.00796088,0.00806088,0.008958691,0.010569595,0.012389067,0.014037693,0.015179665,0.015897056,0.019503817,-0.015568462,-0.011602931,-0.00939898,-0.0052220356,0.003960167,0.0075719506,0.010145942,0.014479446
2020-01-17,-0.0025521873,-0.023199541,-0.015846027,-0.015421807,-0.013708569,-0.01297512,-0.012147111,-0.01201976,-0.007885687,-0.007785687,-0.0076856874,-0.0075856876,-0.0074856877,-0.007385688,-0.007080268,-0.0042626476,-0.0027871574,-0.002718274,0.0026223783,0.0027223784,0.003754035,0.0038540352,0.004095527,0.0041955267,0.0042955265,0.0043379897,0.004373923,0.0068075913,0.008835566,0.011267354,0.012430096,0.014409842,0.015056729,0.015744668,0.01941527,-0.015575275,-0.011052011,-0.008517972,-0.004886807,0.003449671,0.0061407974,0.009268233,0.014653446
2020-01-20,-0.000994279,-0.020978086,-0.015680969,-0.015249266,-0.014379552,-0.01262707,-0.011483512,-0.00768327,-0.0068437364,-0.006303226,-0.006168267,-0.004190615,-0.0038798132,-0.0037798132,-0.0036798131,-0.0034024029,-0.0024516657,-0.0022690226,0.0018471079,0.0033394578,0.0037362836,0.003991892,0.0040899464,0.004189946,0.004289946,0.004389946,0.0044899457,0.0062843943,0.008295933,0.01245708,0.013691618,0.013816226,0.014257923,0.016280085,0.019570533,-0.015029837,-0.009512602,-0.0064310282,-0.0031987038,0.0034409375,0.0062822625,0.009157056,0.015163109
2020-01-21,0.0013232331,-0.022794772,-0.01576252,-0.015671242,-0.014387423,-0.012891947,-0.011357258,-0.008574155,-0.0070475703,-0.006175774,-0.0060757743,-0.0059757745,-0.004636141,-0.004536141,-0.0042678122,-0.003313978,-0.0025051325,-0.0022404098,0.0014954268,0.0020560955,0.0026787638,0.0027787639,0.0040847063,0.004184706,0.004284706,0.004384706,0.0044847056,0.004706108,0.0073090373,0.010591336,0.01233215,0.014097894,0.015452155,0.016364533,0.019537413,-0.015438783,-0.0097652,-0.0067305774,-0.0036606216,0.0026587513,0.005590312,0.008508668,0.014584665
2020-01-22,-0.0019979216,-0.022333933,-0.015765887,-0.015379132,-0.01431273,-0.012897977,-0.0119227115,-0.010726987,-0.009232781,-0.008453097,-0.0071041877,-0.007004188,-0.006492509,-0.0058870907,-0.0057807732,-0.004347619,-0.0038745909,-0.003659968,0.0011705826,0.0018763025,0.00211158,0.0029475144,0.0042039077,0.0043039075,0.0044039073,0.004503907,0.004603907,0.006556877,0.008228635,0.01144343,0.012465014,0.014400844,0.014904271,0.015951999,0.019475961,-0.015446648,-0.011142942,-0.008127856,-0.004933428,0.0025019776,0.006202406,0.009147424,0.01474745
2020-01-24,-0.0045519206,-0.022501867,-0.015641844,-0.0152510535,-0.014170106,-0.0127423,-0.012080364,-0.009556933,-0.007618686,-0.0075186864,-0.0060974075,-0.005597333,-0.005497333,-0.0053973333,-0.005324778,-0.0050634234,-0.004994852,-0.004278048,0.0022602386,0.0024486943,0.0031824105,0.0038409415,0.0038719338,0.003971934,0.0040719337,0.0041719335,0.0042719333,0.004695611,0.0076595484,0.010722746,0.012680472,0.01305699,0.013872792,0.016064227,0.019535005,-0.015427297,-0.010405144,-0.0073382244,-0.005051687,0.0031608436,0.005486832,0.008244527,0.014411887
2020-01-27,-0.0011389549,-0.022833655,-0.0158337,-0.015699541,-0.014818109,-0.012863956,-0.012449488,-0.009056893,-0.00815748,-0.007528492,-0.0066625066,-0.005927097,-0.005827097,-0.005456295,-0.005356295,-0.005256295,-0.0047095865,-0.004277639,0.0018141015,0.002403577,0.0035531996,0.0036531996,0.004559274,0.0046592737,0.0047592735,0.0048592733,0.004959273,0.0051321555,0.0064934837,0.011418691,0.012309254,0.013382706,0.015927622,0.01610719,0.01952807,-0.015759781,-0.010578379,-0.0077105733,-0.0051053828,0.00323667,0.0061257337,0.008786244,0.014549183
2020-01-28,-0.0011266173,-0.022891585,-0.015785906,-0.015671337,-0.014383713,-0.012976322,-0.012149377,-0.009136882,-0.008757986,-0.0068319067,-0.006417945,-0.0062980945,-0.0061980947,-0.006088463,-0.0056659845,-0.0056192894,-0.0052158297,-0.0044304444,0.0017530427,0.002441677,0.0032813905,0.0037672038,0.0038679042,0.003967904,0.004122463,0.004222463,0.0043224627,0.004621525,0.005394556,0.01067119,0.0122124925,0.013088887,0.014994121,0.016075095,0.019542353,-0.01563738,-0.010509497,-0.007922374,-0.0054459283,0.0030731554,0.0054701967,0.008000771,0.014318002
2020-01-30,0.0032106908,-0.023335118,-0.015834339,-0.01557145,-0.0139501905,-0.01300757,-0.012518464,-0.007859784,-0.007584379,-0.005928972,-0.0050766338,-0.004976634,-0.004876634,-0.004747735,-0.0046697874,-0.004234527,-0.0036615294,-0.0033888964,0.0011236089,0.0016494851,0.0022358513,0.002735339,0.0028353392,0.0037839278,0.0038839278,0.003983928,0.0040839277,0.0058373674,0.0074396264,0.009990681,0.01236015,0.013640431,0.015741646,0.016204279,0.019520782,-0.015729135,-0.009892609,-0.006960769,-0.004186275,0.0023256424,0.005286249,0.00861865,0.0143432645
2020-01-31,0.0040400987,-0.02127528,-0.015737215,-0.014649331,-0.0144107,-0.012862816,-0.01225585,-0.0097064255,-0.007131472,-0.0070314724,-0.0069314726,-0.0065697157,-0.006469716,-0.0056790216,-0.0048342915,-0.0043021576,-0.003562789,-0.0031262708,0.0010408647,0.0018184987,0.0020124705,0.0028612711,0.003172985,0.003244509,0.004437451,0.0045374506,0.0046374504,0.007284644,0.007384644,0.011479455,0.012908163,0.014296871,0.015177561,0.01601026,0.01949365,-0.015308373,-0.01015491,-0.007693507,-0.004479045,0.0024341112,0.0059438087,0.009192752,0.014837679
2020-02-03,-0.0022113284,-0.023035124,-0.015840095,-0.015526053,-0.014035114,-0.012823578,-0.012667183,-0.010911237,-0.010661206,-0.010256798,-0.00766468,-0.00756468,-0.0075376383,-0.006926758,-0.0068267584,-0.005325467,-0.0043845437,-0.0030447303,-0.0012600931,-0.00015923998,-5.923998e-05,4.0760016e-05,0.0013480204,0.0029829764,0.0031833283,0.0032833284,0.004157258,0.0050796205,0.008769403,0.0113968095,0.012372898,0.014103528,0.015425122,0.016048772,0.01946409,-0.015680218,-0.012004496,-0.009091494,-0.0054292358,0.00034910307,0.0048181512,0.008965643,0.014677219
2020-02-04,-0.0015841372,-0.0233197,-0.015840393,-0.0154409455,-0.014828473,-0.013033112,-0.0123751685,-0.010018158,-0.00918364,-0.0075328555,-0.005621052,-0.005521052,-0.0048158406,-0.004715841,-0.004615841,-0.004515841,-0.0044158413,-0.0043158415,0.0009994877,0.0011499884,0.0018372786,0.0019372785,0.002224362,0.0028641107,0.003581638,0.003681638,0.003781638,0.0038816382,0.0070137414,0.011036535,0.0130261555,0.013594407,0.0136944065,0.015936565,0.01955899,-0.015879368,-0.010910153,-0.0073423088,-0.004676883,0.0019011343,0.0047376566,0.007881591,0.014630531
2020-02-05,-0.0032667092,-0.021027694,-0.015781209,-0.015707124,-0.013816149,-0.013027945,-0.012317283,-0.009776623,-0.008560098,-0.0067687025,-0.005290382,-0.0051903822,-0.004773037,-0.004741831,-0.004422496,-0.0040443814,-0.0032784492,-0.003178449,0.0008832111,0.002036359,0.0025021946,0.0026021947,0.002805405,0.0030885048,0.0032526343,0.00408036,0.0041803597,0.00520333,0.006656982,0.010769523,0.012959608,0.013162691,0.014931477,0.01634096,0.019553654,-0.015194056,-0.010625967,-0.0071365265,-0.004022832,0.0022553187,0.0051894244,0.008348335,0.014557287
2020-02-06,-0.0023454458,-0.021032454,-0.015686281,-0.015109968,-0.014123174,-0.012888661,-0.0124595305,-0.009128713,-0.0063153785,-0.0062153786,-0.003752569,-0.0035804245,-0.0021072142,-0.0020072141,-0.0019072142,-0.0018072142,-0.0017072143,-0.0016072143,0.0016056779,0.0026466185,0.0030583697,0.0031583698,0.0037883557,0.0038883558,0.0041806228,0.0042806226,0.0043806224,0.0064320867,0.008578746,0.010724479,0.012061481,0.0133633055,0.014887505,0.01632967,0.01950993,-0.01523802,-0.009845794,-0.005328381,-0.0021218562,0.002929932,0.00582278,0.009000688,0.014397773
2020-02-10,-0.004817306,-0.021471651,-0.015712986,-0.015599071,-0.014655373,-0.0124850655,-0.011286459,-0.009284653,-0.008877779,-0.0087777795,-0.0063107093,-0.0062818914,-0.0061818915,-0.005717655,-0.0056176553,-0.0053326706,-0.004854052,-0.0041175704,0.001776375,0.002057991,0.003533357,0.0036333571,0.0037333572,0.004418469,0.004518469,0.0046184687,0.0047184685,0.0048184684,0.006640293,0.011232729,0.012501927,0.013339422,0.014969142,0.016254649,0.019466612,-0.0151223065,-0.010765148,-0.007674899,-0.005240768,0.0031039098,0.005764299,0.0084758205,0.014559068
2020-02-11,-0.0006959739,-0.02288397,-0.015798926,-0.015428173,-0.01435254,-0.013036672,-0.012223596,-0.009354318,-0.008808945,-0.008034297,-0.0070712306,-0.0063428883,-0.0057828957,-0.005682896,-0.005590505,-0.005512009,-0.004519199,-0.0036541712,0.0021018025,0.0028691583,0.0037851916,0.0038851916,0.003923317,0.004023317,0.0043199677,0.0044199675,0.0045199674,0.0053097405,0.007202711,0.010999302,0.011917993,0.013818825,0.013885579,0.015757032,0.019175757,-0.015659142,-0.0107698655,-0.007913913,-0.0051237545,0.0033922624,0.005735129,0.00838346,0.014333782
2020-02-12,-0.0019646168,-0.021268077,-0.015606494,-0.01520748,-0.014262053,-0.012890281,-0.012162556,-0.009320345,-0.007796079,-0.0067985044,-0.0060230237,-0.005301916,-0.0047518066,-0.004524699,-0.0036118499,-0.0035118498,-0.0032657923,-0.002795764,0.001480151,0.002208254,0.0024868753,0.0026755237,0.0035283288,0.003628329,0.003728329,0.0038711492,0.003971149,0.0061735413,0.006701797,0.011225172,0.012736915,0.013425985,0.015452949,0.015894938,0.019549571,-0.015237892,-0.010256993,-0.0070516327,-0.003697434,0.0025158268,0.0056853043,0.008704921,0.0145665165
2020-02-13,-0.004242688,-0.022235256,-0.015681142,-0.015302793,-0.014667352,-0.012966743,-0.012620345,-0.007872857,-0.0077728573,-0.0076531647,-0.0073240316,-0.0072240317,-0.006050605,-0.0060379202,-0.00600835,-0.005686515,-0.0052593383,-0.004573351,0.0018752175,0.0025799319,0.0034472784,0.0035472785,0.003912607,0.004012607,0.004112607,0.0042126067,0.0043126065,0.004356676,0.0065388842,0.010815141,0.0124946255,0.0142042935,0.014820663,0.016491981,0.019549077,-0.015634168,-0.010244403,-0.007961152,-0.005750317,0.0031124626,0.0054619275,0.008168794,0.014711024
2020-02-14,-0.00022816607,-0.021942211,-0.015686803,-0.0154065825,-0.014525091,-0.012851817,-0.011505032,-0.0090018185,-0.0058520827,-0.0041262903,-0.0040262905,-0.0039262907,-0.0035072067,-0.0025669478,-0.0024669478,-0.0023669477,-0.0022669476,-0.0021669476,0.0020253938,0.0028231149,0.002923115,0.0038661698,0.00396617,0.0040661697,0.0041661696,0.0045616855,0.0046616853,0.004761685,0.005814805,0.011529186,0.012734867,0.013455828,0.015030493,0.016263908,0.01942748,-0.0153021915,-0.009178361,-0.005491512,-0.0026388164,0.0031607926,0.005776979,0.008359571,0.014682253
2020-02-17,-0.0015108966,-0.022466645,-0.015758047,-0.015678268,-0.014840916,-0.012966918,-0.012501943,-0.00867924,-0.008635012,-0.0073025045,-0.006360639,-0.006260639,-0.0046681734,-0.004351639,-0.0040416582,-0.0035173516,-0.003037087,-0.0029370869,0.0012897728,0.0013897727,0.0016486057,0.0034701675,0.0035701676,0.0036701676,0.0037701677,0.0038701678,0.0039701676,0.0064218184,0.008698891,0.011469676,0.012402365,0.01333851,0.01571858,0.01643685,0.019540293,-0.015706893,-0.010559393,-0.0073034815,-0.0039587645,0.0023136972,0.0058004,0.0092558265,0.014637539
2020-02-18,-0.00064426666,-0.021559034,-0.015777176,-0.015642045,-0.014130293,-0.012906786,-0.012106369,-0.010067245,-0.0076271356,-0.0058363224,-0.0057363226,-0.0047143577,-0.004614358,-0.004493404,-0.003879128,-0.003779128,-0.0037205087,-0.0033492849,0.001297283,0.0013972829,0.0022416206,0.0026809366,0.003506803,0.003606803,0.003706803,0.0038068031,0.0042072074,0.0055791386,0.008422438,0.011113679,0.012191448,0.013457008,0.015064663,0.016550178,0.019519659,-0.015295932,-0.010255824,-0.006915518,-0.0038884815,0.0022647853,0.005522645,0.0088774245,0.014566394
2020-02-19,-0.0029031895,-0.022059727,-0.016170103,-0.015287024,-0.014333359,-0.012692835,-0.012322525,-0.008420792,-0.008320793,-0.0057018236,-0.005601824,-0.003898175,-0.0035723823,-0.002986144,-0.0029750797,-0.0016027503,-0.0015027503,-0.0013572207,0.0017348645,0.0025140394,0.0034404865,0.0035404866,0.0036472878,0.003946887,0.0040468867,0.0041569714,0.004256971,0.0059965323,0.0068720886,0.010364633,0.012469518,0.0144306095,0.015444518,0.016203146,0.01951389,-0.015515709,-0.010010592,-0.006560734,-0.0022671954,0.0030553527,0.0056224624,0.008586949,0.01459636
2020-02-20,0.0010512107,-0.022390671,-0.015795296,-0.015314077,-0.014226407,-0.013012438,-0.012378064,-0.009438108,-0.0062850816,-0.006089622,-0.00570295,-0.0053705294,-0.0050821267,-0.004982127,-0.004882127,-0.004782127,-0.004111799,-0.0031144302,0.0022550623,0.0023550624,0.0035106023,0.0037363255,0.0038363256,0.0041394588,0.0042394586,0.0043394584,0.0044394583,0.0045895954,0.0074773706,0.010905843,0.012905173,0.0131677175,0.0154408105,0.015902547,0.019215332,-0.015560575,-0.00990099,-0.0068860697,-0.0044522025,0.003219302,0.0055621364,0.008570616,0.014419322
2020-02-21,0.0046246834,-0.022498477,-0.01572795,-0.015280001,-0.014456665,-0.012905779,-0.012118544,-0.010411085,-0.010393815,-0.007761316,-0.0072001605,-0.0071001607,-0.006330951,-0.006133007,-0.006033007,-0.0050226785,-0.004592291,-0.0033148855,0.0020648318,0.0025900363,0.0026900363,0.0044195573,0.004519557,0.004619557,0.004719557,0.0048195566,0.0049195564,0.0050195563,0.007856737,0.010522731,0.012593252,0.014328845,0.014682419,0.016265722,0.019117914,-0.015541485,-0.011192952,-0.008435296,-0.0052126045,0.0032968037,0.0059001916,0.0086002,0.014565693
2020-02-24,0.00028790202,-0.022783127,-0.015833097,-0.0154272625,-0.01448739,-0.013045873,-0.01223885,-0.009910468,-0.009810468,-0.009710468,-0.007964228,-0.007889906,-0.00438622,-0.0039713616,-0.0034245516,-0.0018439384,-0.0012717255,-0.00095404655,0.00077437947,0.00091570365,0.0016344424,0.0025312325,0.0026312326,0.0045057028,0.0050386204,0.0051386203,0.00523862,0.0073080086,0.009103449,0.010214289,0.012811107,0.014098535,0.014267738,0.01604382,0.01748662,-0.015677666,-0.011419503,-0.0076742256,-0.0030768334,0.0021788757,0.0059595704,0.009226421,0.014130874
2020-02-25,0.000826394,-0.022891704,-0.015842708,-0.015615643,-0.014927262,-0.013023788,-0.01249229,-0.009672888,-0.007536901,-0.0074369013,-0.0073369015,-0.0059583085,-0.0047762403,-0.0034890366,-0.0023538158,-0.0022538158,-0.0017615156,-0.0016615157,0.0011803347,0.0014292366,0.0022056731,0.002752782,0.0028527821,0.003356617,0.004384378,0.0049476773,0.005047677,0.0063787517,0.008284996,0.010725245,0.012929426,0.013074761,0.014140708,0.016065916,0.019536313,-0.01583555,-0.010550925,-0.007126274,-0.002797794,0.002390481,0.0056522144,0.008915475,0.014466333
2020-02-26,0.00014955267,-0.02305214,-0.015819572,-0.015715178,-0.014790686,-0.012839938,-0.012165917,-0.010105097,-0.010005097,-0.009078168,-0.0074109584,-0.0073109586,-0.0054776063,-0.0041114097,-0.003897435,-0.003056849,-0.0024321494,-0.0023321493,0.0012053244,0.0022084091,0.002521797,0.002940356,0.0048225136,0.0051656025,0.0074034682,0.007503468,0.007603468,0.0077034677,0.009973019,0.010421681,0.01276932,0.014467092,0.0153479995,0.01592045,0.019543082,-0.01573365,-0.011413891,-0.007834198,-0.0038059086,0.003255871,0.0071233464,0.010209927,0.014624326
2020-02-27,0.0107640615,-0.0233589,-0.015885195,-0.015577728,-0.0147123765,-0.013065982,-0.012525827,-0.009076511,-0.008976511,-0.008585126,-0.008485126,-0.0076704905,-0.006983153,-0.0061526815,-0.004780182,-0.0046801823,-0.0045977123,-0.0044977125,0.004072266,0.004172266,0.004272266,0.0043722657,0.0044722655,0.0045722653,0.0065910392,0.006691039,0.006791039,0.008870043,0.009456885,0.011350655,0.015354212,0.016482824,0.016582824,0.016682824,0.019561108,-0.015909657,-0.01094834,-0.00862466,-0.0052452562,0.0046960204,0.0071912534,0.010610289,0.015886325
2020-02-28,4.0967283e-05,-0.022369048,-0.015849115,-0.015375569,-0.014519175,-0.012597426,-0.012456574,-0.008275344,-0.008175344,-0.008075344,-0.007975345,-0.007875345,-0.007775345,-0.006563312,-0.0051172217,-0.004507036,-0.0031790151,-0.003079015,0.0030521639,0.0032425441,0.0033425442,0.0034425443,0.0035425443,0.0036425444,0.0037425444,0.004571812,0.007025368,0.007125368,0.0071509993,0.011551127,0.013426383,0.016013244,0.017073177,0.017173177,0.019561294,-0.015558268,-0.0104716355,-0.008589184,-0.0047515268,0.003364468,0.006086679,0.009985208,0.015545046
2020-03-02,0.013221748,-0.02018908,-0.015608396,-0.015054447,-0.014272919,-0.012313574,-0.012006119,-0.011322164,-0.011222164,-0.009271503,-0.009171504,-0.008490868,-0.0076315007,-0.007420085,-0.006488159,-0.005854095,-0.0038184305,-0.0032250953,0.0033054687,0.0035795958,0.0056393533,0.005739353,0.005839353,0.005939353,0.006133168,0.006233168,0.0063331677,0.00673544,0.0068354397,0.010614289,0.013597983,0.014725974,0.015043414,0.015998045,0.017790772,-0.014878018,-0.011775279,-0.009490275,-0.0055753295,0.004879388,0.0070723207,0.00911235,0.014545413
2020-03-03,0.0043970104,-0.021115856,-0.016177809,-0.015838452,-0.015738452,-0.014687488,-0.012225077,-0.012125077,-0.012025077,-0.011925077,-0.011825077,-0.011725077,-0.011625078,-0.010262604,-0.0075159045,-0.0059174877,-0.0058402293,-0.0049865874,0.0050898595,0.0051898593,0.005289859,0.005389859,0.005489859,0.0055898586,0.0056898585,0.0057898583,0.005889858,0.0076861014,0.010576986,0.011528212,0.013230712,0.014037327,0.01467692,0.016049672,0.019503215,-0.015988935,-0.012827751,-0.011592583,-0.007197057,0.0053298594,0.0072167777,0.010071616,0.014869827
2020-03-04,-0.0036830308,-0.022354614,-0.015737675,-0.015221595,-0.015121595,-0.0128730405,-0.012177785,-0.012077785,-0.011977785,-0.011877785,-0.011777786,-0.0113800885,-0.011280089,-0.010130984,-0.00766453,-0.006567518,-0.0059945425,-0.004878061,0.010958172,0.011058172,0.011158172,0.011258172,0.011358172,0.013137192,0.013169694,0.013269694,0.013369693,0.013469693,0.013569693,0.013669693,0.013769693,0.014218132,0.015576966,0.016730094,0.01912129,-0.015652943,-0.012666548,-0.0114688855,-0.007296948,0.011520476,0.012980889,0.013931148,0.01550178
2020-03-05,0.004407286,-0.021400725,-0.01882078,-0.018736294,-0.01783169,-0.015970815,-0.015474471,-0.015374471,-0.015274472,-0.0110897105,-0.010139333,-0.010039333,-0.0092842635,-0.0084134,-0.007382337,-0.006534819,-0.0054723853,-0.0053723855,0.0049806954,0.0050806953,0.0058821244,0.006157653,0.006257653,0.0063576526,0.006701725,0.006801725,0.0069017247,0.007187033,0.008621255,0.01190415,0.014052238,0.014788383,0.015498395,0.015900098,0.019180419,-0.017899696,-0.015189883,-0.011717187,-0.006960252,0.005760579,0.007701643,0.010022512,0.015165058
2020-03-06,0.010867667,-0.021886388,-0.016191442,-0.015630277,-0.014573164,-0.014473164,-0.014373165,-0.014051264,-0.010103848,-0.010003848,-0.009903848,-0.009803848,-0.0097038485,-0.00853329,-0.007484741,-0.00687666,-0.006247052,-0.0057266,0.0044731093,0.0049305805,0.005192688,0.008739965,0.008853405,0.009039629,0.009139629,0.009239629,0.009339629,0.009439629,0.010008017,0.0112514,0.013189168,0.013718597,0.014630816,0.016028168,0.019310405,-0.016299466,-0.0128324805,-0.0105236005,-0.00722778,0.006495194,0.009564739,0.010933898,0.0146995485
2020-03-09,0.009676554,-0.02203521,-0.018990304,-0.018634975,-0.018534975,-0.018434975,-0.016611189,-0.011601173,-0.0115011735,-0.010565657,-0.008689642,-0.0051543033,-0.004675961,-0.0041668266,-0.0034954164,-0.0012029792,-0.0009871435,0.0005111307,0.0038570678,0.005266906,0.005366906,0.005466906,0.0058751074,0.006516981,0.007062068,0.007656614,0.00847026,0.008570259,0.0100007,0.011121538,0.013225652,0.014068838,0.015025716,0.016268522,0.019547297,-0.01892133,-0.013782834,-0.009128959,-0.0020657424,0.005403971,0.0079481,0.010637695,0.01484637
2020-03-10,-0.0068600615,-0.022936545,-0.016197838,-0.016097838,-0.015997838,-0.015897838,-0.015797839,-0.015697839,-0.015597839,-0.015497839,-0.015397839,-0.015297839,-0.014519398,-0.014419398,-0.013922043,-0.012414859,-0.010548147,-0.008822007,0.0048763244,0.005813217,0.0074969074,0.007596907,0.0097823,0.0098823,0.0099823,0.01173126,0.0119172,0.013143271,0.013608901,0.014783139,0.01655835,0.016658349,0.016758349,0.017036634,0.019521208,-0.017365579,-0.015737839,-0.015146462,-0.012200979,0.007153131,0.0118644545,0.014042172,0.016911535
2020-03-11,-0.0054614088,-0.020371944,-0.015635123,-0.015439609,-0.015339609,-0.015239609,-0.01513961,-0.01503961,-0.0135555705,-0.013455571,-0.013355571,-0.013255571,-0.013021899,-0.011711713,-0.01149672,-0.008392611,-0.0069373786,-0.0067951567,0.0029408787,0.0030408788,0.0037320447,0.0038320448,0.0046320106,0.0061023613,0.010235581,0.01033558,0.010799634,0.01091572,0.011480087,0.013835276,0.016041206,0.016757676,0.016857676,0.016957676,0.019500656,-0.016345179,-0.014525993,-0.013356874,-0.009375487,0.004756286,0.009164189,0.012777679,0.0166185
2020-03-12,-0.017751424,-0.023029594,-0.015631974,-0.015531974,-0.015431974,-0.015331974,-0.015231974,-0.014885795,-0.014565728,-0.011853888,-0.0111590205,-0.011059021,-0.010866633,-0.01033623,-0.009330295,-0.007782738,-0.0052684797,-0.0043762624,0.005846042,0.005946042,0.008529668,0.008629668,0.008729667,0.009689873,0.01007647,0.011357429,0.011457429,0.015098413,0.015198413,0.018384311,0.018484311,0.018584311,0.01868431,0.01878431,0.019489985,-0.016931498,-0.014413873,-0.012431918,-0.007563359,0.0078055784,0.012651938,0.015764575,0.018745447
2020-03-13,-0.0010856967,-0.020800639,-0.015538013,-0.015438013,-0.015338013,-0.015238013,-0.015019853,-0.014557235,-0.014457235,-0.0144366855,-0.014336686,-0.014236686,-0.014136686,-0.014036686,-0.013908917,-0.010265112,-0.009502881,-0.0083064865,0.004417061,0.0071660597,0.008248378,0.008905054,0.009835466,0.011367854,0.01338807,0.013777332,0.014393965,0.016202094,0.016444165,0.016544165,0.017254915,0.017321588,0.019770283,0.019870283,0.019970283,-0.016386906,-0.014781805,-0.01439743,-0.011244016,0.008424925,0.013545382,0.016670933,0.018192247
2020-03-16,0.0060499604,-0.023053408,-0.018985689,-0.018947382,-0.018298673,-0.018106254,-0.01750882,-0.016169492,-0.016069492,-0.014912779,-0.014232922,-0.012977804,-0.012763822,-0.012754706,-0.011536125,-0.011338927,-0.009146555,-0.00873133,0.0024746677,0.0032236902,0.0056528933,0.005955848,0.006525934,0.008961912,0.011193002,0.013579077,0.013855339,0.014430832,0.017527798,0.017627798,0.017727798,0.017827798,0.017927798,0.018027797,0.01936575,-0.019190568,-0.016721591,-0.014665952,-0.010746148,0.00570002,0.012225111,0.016273912,0.018115388
2020-03-17,-0.014976454,-0.02209586,-0.015453512,-0.015377091,-0.015277091,-0.015177092,-0.015077092,-0.014977092,-0.014877092,-0.014777092,-0.013777072,-0.013748367,-0.013367018,-0.012799653,-0.011665165,-0.00864622,-0.006197368,-0.0058550825,0.005269485,0.005768728,0.008933824,0.009033823,0.009133823,0.010337564,0.0130406935,0.013140693,0.0135273365,0.014586192,0.016668268,0.017999655,0.02011595,0.020215949,0.020315949,0.020415949,0.020515949,-0.016616128,-0.015017092,-0.013979584,-0.00922244,0.008409311,0.013039586,0.01661948,0.01985269
2020-03-18,-0.0127201835,-0.023084605,-0.015684443,-0.015468731,-0.015368731,-0.015268731,-0.015168731,-0.015068731,-0.014968731,-0.014868732,-0.014768732,-0.014404681,-0.014304681,-0.014204681,-0.014104681,-0.011134876,-0.008956609,-0.007734643,0.002084876,0.0039341925,0.0071764123,0.007276412,0.01003592,0.010990771,0.01240536,0.013630891,0.014951573,0.016376058,0.017536355,0.017636355,0.019169228,0.020109048,0.020209048,0.020309048,0.020409048,-0.016915048,-0.015108732,-0.014683111,-0.011267098,0.0065754503,0.013733998,0.017341876,0.019526545
2020-03-19,-0.012404952,-0.023232706,-0.015728727,-0.015686024,-0.015586024,-0.015486024,-0.0153860245,-0.015286025,-0.015186025,-0.015086025,-0.014986025,-0.014649521,-0.014549521,-0.014449521,-0.014349521,-0.011080131,-0.008222513,-0.007079463,0.001877013,0.00399975,0.006831154,0.006931154,0.00938645,0.012118053,0.012536656,0.013519308,0.014710259,0.015972951,0.016176265,0.018186005,0.019463766,0.019740505,0.021428943,0.021528943,0.021628942,-0.017083902,-0.015326023,-0.014911423,-0.01107623,0.0064351456,0.013836552,0.017294884,0.020109633
2020-03-20,-0.0015410179,-0.022155983,-0.015614221,-0.015514221,-0.015414221,-0.015314221,-0.015214222,-0.015114222,-0.015014222,-0.014914222,-0.014814222,-0.013815369,-0.01371537,-0.01361537,-0.012225403,-0.01000549,-0.0065051247,-0.006405125,0.00525003,0.0066808616,0.008703342,0.009969246,0.0119328825,0.014030392,0.014611721,0.01522511,0.016796138,0.016896138,0.01763953,0.017721377,0.01917809,0.019859757,0.021030908,0.021130908,0.021230908,-0.016742574,-0.015154222,-0.014474681,-0.0097913025,0.00904304,0.015161181,0.018016819,0.019824209
2020-03-23,0.0071239406,-0.023204844,-0.016024357,-0.015842613,-0.015742613,-0.015642613,-0.015542613,-0.0154426135,-0.015342614,-0.015242614,-0.014337825,-0.014237825,-0.014137825,-0.012841011,-0.011996603,-0.007827848,-0.0044447687,-0.004010292,0.004697122,0.007446966,0.009355072,0.009455072,0.010991458,0.013572383,0.013672383,0.015703792,0.016464626,0.017331459,0.017431458,0.01847012,0.018824754,0.020676643,0.020776642,0.021009607,0.021109607,-0.017231409,-0.015482614,-0.014440377,-0.008503467,0.008925323,0.015213842,0.018094862,0.020018145
2020-03-24,0.0033566225,-0.02164518,-0.015545116,-0.015435396,-0.015335396,-0.015235396,-0.015135396,-0.015035396,-0.014935397,-0.014068963,-0.012825429,-0.01272543,-0.01205625,-0.01195625,-0.011281878,-0.010038005,-0.007801114,-0.0075693466,0.008555954,0.011166694,0.012259274,0.012959598,0.015100906,0.0152009055,0.015728474,0.015828473,0.015928473,0.017073326,0.017173326,0.017273325,0.017373325,0.017473325,0.017573325,0.017673325,0.018493058,-0.016579296,-0.014922109,-0.013381744,-0.009883155,0.012133999,0.016095389,0.017004356,0.01765727
2020-03-25,0.0036500145,-0.021666199,-0.016986417,-0.016886417,-0.016786417,-0.016686417,-0.016586417,-0.015817476,-0.015717477,-0.015617477,-0.013642955,-0.013542955,-0.013359186,-0.013259186,-0.012407708,-0.010080857,-0.008067981,-0.007963705,0.0052829585,0.0065190634,0.007766508,0.010346356,0.0123906,0.013429945,0.014330019,0.014622779,0.014835806,0.014935805,0.015280985,0.015380985,0.016804643,0.016904643,0.017004643,0.017104642,0.018148426,-0.017742373,-0.016125053,-0.014513044,-0.010412641,0.008848981,0.014152023,0.015487644,0.01686867
2020-03-26,0.017286632,-0.021209499,-0.015804023,-0.015525819,-0.015425819,-0.015325819,-0.015225819,-0.013227416,-0.013127416,-0.011168421,-0.01086119,-0.009032103,-0.008932103,-0.008832104,-0.008732104,-0.008132481,-0.0069006192,-0.0068951873,0.010043722,0.01031093,0.010366906,0.012758339,0.013849047,0.014617023,0.015056763,0.015156763,0.015594869,0.01569487,0.01653665,0.017304104,0.017404104,0.017504103,0.017604103,0.017704103,0.019516757,-0.016598197,-0.013654979,-0.011395727,-0.007938499,0.011707332,0.01532436,0.016546918,0.017886635
2020-03-27,0.0032128997,-0.02349769,-0.015708657,-0.015608657,-0.015508657,-0.0154086575,-0.015308658,-0.015208658,-0.015108658,-0.015008658,-0.013782062,-0.01226871,-0.012125425,-0.012025425,-0.01088311,-0.008667261,-0.007937561,-0.007823693,0.00843179,0.0106791025,0.0124964295,0.013492123,0.014428503,0.014778048,0.015742093,0.015842093,0.015988456,0.016400136,0.017265586,0.017365586,0.017465586,0.017565586,0.017665586,0.01786713,0.019552218,-0.017086465,-0.015248656,-0.013670045,-0.009516067,0.012168308,0.015762875,0.01693707,0.017963221
2020-03-30,-0.0038140581,-0.022140408,-0.01568169,-0.01558169,-0.01548169,-0.01538169,-0.01528169,-0.01518169,-0.015081691,-0.014981691,-0.014881691,-0.014421588,-0.014186115,-0.013023751,-0.010254633,-0.008595846,-0.006136711,-0.0060367114,0.0037365877,0.004759678,0.0064790295,0.007845311,0.009779336,0.012156788,0.013142755,0.0141902445,0.014290244,0.014449474,0.0147277955,0.015793169,0.017114872,0.017214872,0.017314872,0.017414872,0.019436233,-0.016793434,-0.015221691,-0.014490987,-0.009089097,0.0071926727,0.013273803,0.015315111,0.017394803
2020-03-31,-0.00025191347,-0.021143666,-0.015453646,-0.015131954,-0.015031954,-0.014931954,-0.014468904,-0.013190464,-0.011961087,-0.011377426,-0.007202854,-0.007102854,-0.0070028543,-0.0060594277,-0.0055156755,-0.0037206744,-0.001982881,3.9275514e-05,0.0090369135,0.010032718,0.011509873,0.012900701,0.014663218,0.016397677,0.016497677,0.018444028,0.018544028,0.020148959,0.020248959,0.020348959,0.020448959,0.020548958,0.020884322,0.020984322,0.021084322,-0.016206024,-0.013225967,-0.009339025,-0.003656562,0.011995576,0.01800057,0.020035045,0.020683104
2020-04-01,-0.00742241,-0.022215402,-0.015590199,-0.015233347,-0.015133347,-0.0150333475,-0.014933348,-0.014833348,-0.014733348,-0.014633348,-0.013863085,-0.013763085,-0.013663085,-0.013563085,-0.0125991935,-0.010130856,-0.008344628,-0.007263946,0.0044256262,0.006394368,0.008249246,0.009680199,0.012285569,0.014081081,0.014181081,0.01508057,0.015656328,0.017251639,0.017358588,0.018345533,0.018445533,0.019045793,0.019766182,0.019866182,0.019966181,-0.01658113,-0.014873348,-0.01415119,-0.010420342,0.008586104,0.015408879,0.017675655,0.019133845
2020-04-02,-0.0064969556,-0.022587867,-0.015695803,-0.015414376,-0.014751898,-0.014651898,-0.014551898,-0.014451899,-0.014351899,-0.01173983,-0.011390285,-0.008914009,-0.008082763,-0.007982763,-0.0071715857,-0.0044368575,-0.0043368577,-0.0036419851,0.007896853,0.0090860315,0.009904247,0.0125413,0.013088449,0.016100539,0.016200539,0.016469706,0.017411968,0.017511968,0.017611967,0.017711967,0.017811967,0.018350849,0.018450849,0.018550849,0.019537318,-0.016447874,-0.014101979,-0.011271922,-0.005700259,0.011125794,0.016176526,0.017739743,0.018392589
2020-04-03,-0.0059071854,-0.023276856,-0.015720125,-0.015539444,-0.015439444,-0.015339444,-0.015239445,-0.015139445,-0.015039445,-0.0147343185,-0.014634319,-0.014534319,-0.014232072,-0.012745822,-0.011169449,-0.008401878,-0.005544701,-0.0054447013,0.0040865815,0.0071684597,0.011049009,0.012392919,0.012762207,0.014751643,0.014851643,0.014907932,0.016263165,0.016363164,0.016463164,0.016563164,0.016672293,0.016772293,0.016872292,0.016972292,0.019582815,-0.017003063,-0.015138419,-0.01437822,-0.00901901,0.009909722,0.015069622,0.016504992,0.017312571
2020-04-06,0.0008030614,-0.022087146,-0.015887696,-0.01577196,-0.015671961,-0.014601819,-0.014501819,-0.012606741,-0.011939641,-0.010817207,-0.010743116,-0.010527742,-0.010427742,-0.008438838,-0.00706885,-0.0047207647,-0.0025244285,-0.0019854114,0.009333004,0.010991341,0.015010118,0.016844962,0.01892749,0.019080158,0.019180158,0.019280158,0.019380158,0.019480158,0.019580157,0.019802418,0.020725701,0.0208257,0.0209257,0.0210257,0.0211257,-0.016550088,-0.013127474,-0.011210231,-0.0053654397,0.014271917,0.019314077,0.019833717,0.020701045
2020-04-07,0.0073089176,-0.021884544,-0.018922552,-0.017107248,-0.017007248,-0.016158985,-0.016058985,-0.0152480295,-0.01514803,-0.014013179,-0.011592246,-0.010578195,-0.009532789,-0.0071485196,-0.0044058594,-0.003998339,-0.003898339,-0.003798339,0.005979542,0.0068574166,0.009190866,0.010948059,0.013285784,0.013930032,0.014858061,0.014958061,0.015058061,0.015158061,0.015258061,0.015358061,0.01545806,0.01555806,0.016273646,0.016373646,0.018206764,-0.018006463,-0.015515095,-0.011896113,-0.0053358143,0.009566789,0.014537999,0.015421177,0.016190916
2020-04-08,-0.0020344905,-0.022095647,-0.018941734,-0.018789174,-0.015578796,-0.015478796,-0.0153787965,-0.015278797,-0.01433021,-0.013484812,-0.0133848125,-0.01166299,-0.011139346,-0.008670169,-0.005565535,-0.004064208,-0.0028059203,-0.00076123275,0.0076163723,0.008707929,0.009820509,0.013437521,0.013537521,0.014680212,0.014780212,0.014880212,0.014980212,0.015080212,0.0151802115,0.015280211,0.015380211,0.015693868,0.015793867,0.016266432,0.019002631,-0.017494753,-0.015452358,-0.012580666,-0.0049719773,0.010872508,0.014691673,0.015262942,0.016324671
2020-04-09,0.0061071063,-0.021628052,-0.018806323,-0.017297775,-0.017197775,-0.01622614,-0.015640354,-0.015540354,-0.015440354,-0.015340354,-0.014150016,-0.014050016,-0.013950016,-0.011885472,-0.008334567,-0.0075122826,-0.007036064,-0.004784869,0.0057117944,0.006521419,0.00821823,0.012086131,0.0121861305,0.01228613,0.013288867,0.013388867,0.013459345,0.014226928,0.01545946,0.01555946,0.016143505,0.018125186,0.018498888,0.018933177,0.019006168,-0.01789973,-0.015851839,-0.0142132435,-0.00834356,0.009165288,0.013529504,0.015440817,0.017553499
2020-04-14,0.0036300332,-0.02316593,-0.015830182,-0.015390103,-0.015290103,-0.015017231,-0.0137068555,-0.013606856,-0.01314067,-0.01304067,-0.012123858,-0.009539961,-0.009439961,-0.0074355234,-0.0073355236,-0.007235524,-0.00552329,-0.0049774377,0.008457571,0.011573194,0.011773697,0.014140066,0.014240066,0.014513701,0.014613701,0.014713701,0.014813701,0.0149137005,0.0150137,0.0151137,0.0152137,0.0152760185,0.01612271,0.01622271,0.01778081,-0.01660206,-0.013777031,-0.011169374,-0.006922347,0.012111646,0.014698973,0.015195502,0.015921388
2020-04-15,-0.0056722895,-0.021891171,-0.015806567,-0.015479783,-0.015379783,-0.014667363,-0.0121919755,-0.011352921,-0.011188534,-0.009201835,-0.008031807,-0.007931807,-0.007831807,-0.0077318074,-0.006493104,-0.005197236,-0.00360926,-0.0029983174,0.005492016,0.006555036,0.006713695,0.008524346,0.011720907,0.011878916,0.011978916,0.0136566,0.013669969,0.013769968,0.014412799,0.014512799,0.014865026,0.015292879,0.015392879,0.015397672,0.019093325,-0.015987372,-0.011883008,-0.009395187,-0.005245945,0.007852802,0.013107838,0.014351683,0.01583234
2020-04-16,-0.0061911163,-0.02158252,-0.017119218,-0.015901467,-0.015608892,-0.013054288,-0.012954288,-0.012854288,-0.012469288,-0.010024478,-0.009924478,-0.009296356,-0.008034694,-0.007583351,-0.006292105,-0.004446181,-0.003262231,-0.0031622308,0.0047186487,0.008968735,0.010584317,0.011470716,0.011949257,0.013924991,0.014024991,0.01412499,0.014848502,0.014948502,0.015048502,0.015148502,0.015248502,0.0153485015,0.015546065,0.016291006,0.019038027,-0.016063841,-0.012840761,-0.010193219,-0.0052918205,0.009953482,0.014019248,0.015108014,0.016214909
2020-04-17,0.00390581,-0.02261454,-0.018410118,-0.015414724,-0.015314724,-0.014281992,-0.013940028,-0.013840028,-0.013003874,-0.012903874,-0.010329768,-0.010229768,-0.010129768,-0.00815197,-0.0062751686,-0.0025450387,-0.0017429579,-0.0012395659,0.0052887797,0.008363952,0.01038193,0.010481929,0.013881129,0.014388608,0.014488608,0.015278086,0.016595917,0.016695917,0.016795916,0.017212749,0.01742403,0.017704446,0.018649906,0.018707115,0.019231433,-0.01691228,-0.013820505,-0.0111110825,-0.0044064997,0.0098010395,0.0154912975,0.01719008,0.018055955
2020-04-20,-0.0009767477,-0.022377102,-0.01570519,-0.015279875,-0.015179875,-0.013175482,-0.013075482,-0.011997857,-0.011259879,-0.011124969,-0.01102497,-0.01092497,-0.01082497,-0.01076384,-0.006805158,-0.005269424,-0.0044737384,-0.004137428,0.008385575,0.008485575,0.008952152,0.012857164,0.012957164,0.013350638,0.013450637,0.013550637,0.013650637,0.013790385,0.013890385,0.0139903845,0.014004548,0.014741914,0.014841914,0.016019188,0.0195778,-0.015902627,-0.012547612,-0.011389828,-0.006322144,0.010426221,0.013527842,0.014032741,0.015666766
2020-04-21,-0.0017144866,-0.02363612,-0.01580472,-0.015529156,-0.015429156,-0.013466221,-0.013133296,-0.011584077,-0.011484077,-0.011384077,-0.010790183,-0.008483859,-0.008383859,-0.008283859,-0.005485309,-0.003916178,-0.0032657802,-0.003162324,0.009306189,0.0094061885,0.009506188,0.010525952,0.011837078,0.013655708,0.013740835,0.013840835,0.013940834,0.014040834,0.014140834,0.014240834,0.014340834,0.014440834,0.0148577,0.016033258,0.017807415,-0.016293902,-0.012622936,-0.010415055,-0.00486269,0.01049707,0.013523059,0.014244208,0.015372636
2020-04-22,-0.0023221155,-0.021972757,-0.015760854,-0.015660854,-0.0144935325,-0.014393533,-0.013707878,-0.0130231185,-0.01161505,-0.011045884,-0.010756492,-0.009149272,-0.009049272,-0.00685218,-0.0067832796,-0.006002116,-0.00481676,-0.004154326,0.0055686054,0.0069727567,0.009074058,0.011920792,0.012020792,0.0122026075,0.012438734,0.012538734,0.012638734,0.012728465,0.012828465,0.013243257,0.014782009,0.015627474,0.015727473,0.016115593,0.01769231,-0.016065711,-0.013010557,-0.010396173,-0.0061811507,0.009194989,0.01254677,0.0134332795,0.015492129
2020-04-23,-0.001388464,-0.022591714,-0.015776645,-0.015465252,-0.0145520205,-0.0130659,-0.012653484,-0.012507706,-0.010221035,-0.008493916,-0.008393916,-0.0082939165,-0.008193917,-0.008093917,-0.005559978,-0.0052334704,-0.0052178935,-0.0037759684,0.0039869426,0.004170219,0.006113231,0.007975946,0.008749654,0.008849653,0.009587814,0.009687814,0.010992796,0.011500985,0.011600985,0.011710052,0.012957476,0.015048284,0.015991485,0.016091485,0.017729195,-0.015727952,-0.0118682785,-0.009511254,-0.0056162453,0.0063668303,0.010099632,0.01235926,0.014707299
2020-04-24,-0.0015038397,-0.022177981,-0.015788916,-0.015428302,-0.014577953,-0.013092157,-0.012992158,-0.011164871,-0.010925436,-0.009873417,-0.009865179,-0.008525178,-0.008425178,-0.0080803875,-0.0066657537,-0.006565754,-0.0057260534,-0.0048984927,0.008730344,0.009745151,0.010929317,0.011029317,0.011129317,0.011708676,0.011956403,0.012191574,0.012291574,0.0125099,0.0126099,0.0127099,0.0144991735,0.015182462,0.015707955,0.01614792,0.019071998,-0.015725832,-0.012076837,-0.010057668,-0.006476246,0.010478106,0.012049874,0.0131658465,0.015522291
2020-04-27,0.002876143,-0.021994082,-0.01573774,-0.0154718645,-0.015178822,-0.014851898,-0.013876908,-0.010004921,-0.009904921,-0.009804921,-0.009704921,-0.009604922,-0.009504922,-0.009404922,-0.009304922,-0.009190814,-0.00817264,-0.007291541,0.0068286485,0.0073014675,0.008551364,0.008621673,0.009765125,0.009865125,0.011020816,0.011120816,0.01151639,0.01161639,0.01171639,0.012136683,0.015163708,0.015263707,0.01616638,0.01626638,0.019273166,-0.016327891,-0.011812707,-0.010479319,-0.008712968,0.008464794,0.010900827,0.012630446,0.015620729
2020-04-28,0.00070851686,-0.02291887,-0.01561204,-0.015338754,-0.014377012,-0.013134226,-0.011052658,-0.009059353,-0.008959353,-0.008859353,-0.008759353,-0.0086593535,-0.008559354,-0.008459354,-0.008359354,-0.006566582,-0.004805102,-0.0043788147,0.0035734233,0.004800866,0.0066305157,0.006800643,0.0071712136,0.008493317,0.009047873,0.0097107,0.011005451,0.011252916,0.011352916,0.012750133,0.014986997,0.015086996,0.015126562,0.016048562,0.017733475,-0.015418962,-0.010653893,-0.009158014,-0.0065538413,0.006170664,0.009875657,0.012297596,0.015321232
2020-04-29,0.001507677,-0.021910677,-0.015681751,-0.015581751,-0.014803945,-0.013284821,-0.012170109,-0.010551142,-0.00923337,-0.008885556,-0.008344625,-0.0078241695,-0.0076319766,-0.0071613556,-0.0056611826,-0.0045299884,-0.0044299886,-0.0043299887,0.0053365836,0.0061214133,0.0076113134,0.010555633,0.011185781,0.011748369,0.011848369,0.0119483685,0.012048368,0.0121442415,0.012244241,0.012344241,0.013786733,0.015226827,0.015498428,0.01581789,0.017740957,-0.015570261,-0.011284386,-0.008908288,-0.0053550634,0.008294662,0.011874201,0.012855904,0.014983329
2020-05-04,0.0053117434,-0.023384675,-0.015854696,-0.015543309,-0.014858854,-0.013448872,-0.012644955,-0.009932213,-0.009600484,-0.009494927,-0.009394927,-0.009271043,-0.0091710435,-0.008805974,-0.008705975,-0.007138437,-0.0065289196,-0.006258275,0.005888784,0.007809479,0.010404889,0.010925257,0.0110252565,0.011976764,0.012092562,0.012552091,0.012937341,0.0131971575,0.013668771,0.013768771,0.013868771,0.01396877,0.014883609,0.01548209,0.018991943,-0.01603841,-0.011443177,-0.009923477,-0.00758053,0.009424195,0.012504009,0.01369113,0.015216069
2020-05-05,-0.0061344597,-0.022437012,-0.015755374,-0.015343668,-0.0142645305,-0.013285257,-0.0124715725,-0.011405026,-0.0111379605,-0.008371931,-0.008271931,-0.008171931,-0.008071931,-0.007971931,-0.006429845,-0.0050143744,-0.004177961,-0.0036674263,0.0058791023,0.0073496327,0.009634173,0.009788905,0.0098633235,0.011556998,0.012432583,0.014340697,0.014440697,0.0145406965,0.014640696,0.014740696,0.014840696,0.014940696,0.015586323,0.016502323,0.017847609,-0.01564275,-0.011746031,-0.009585065,-0.0054923077,0.009016879,0.013008483,0.0147898225,0.015774405
2020-05-06,-0.0034989095,-0.02253672,-0.015789442,-0.015343848,-0.015243848,-0.014137312,-0.014085184,-0.010735763,-0.010635763,-0.009609823,-0.009509823,-0.009409823,-0.009134872,-0.008293508,-0.0068827537,-0.0067132153,-0.00603276,-0.0056633763,0.0047624237,0.006394935,0.006429797,0.0086961305,0.008928997,0.009496488,0.01240031,0.012500309,0.013823174,0.016864149,0.018393269,0.019288117,0.019388117,0.019488117,0.019588117,0.019688116,0.020098945,-0.0163585,-0.012082076,-0.01033183,-0.006940386,0.007736719,0.013415612,0.017591367,0.019590283
2020-05-07,0.00080248195,-0.021130938,-0.015710091,-0.015291017,-0.014348951,-0.013179506,-0.011333257,-0.007557508,-0.007033623,-0.0056060776,-0.0049096905,-0.0048096906,-0.004709691,-0.004609691,-0.004509691,-0.004230562,-0.0041335644,-0.0033469007,0.0029129304,0.0033479773,0.0034479774,0.005057611,0.005987834,0.0067458446,0.009978461,0.010078461,0.010820365,0.010920364,0.011020364,0.011708531,0.014149753,0.014641309,0.015521938,0.0160665,0.017794482,-0.015140548,-0.009364297,-0.00651919,-0.004206082,0.0049489914,0.009088207,0.011998313,0.014872114
2020-05-08,0.0035997657,-0.022699554,-0.015787678,-0.015191329,-0.014271719,-0.012972413,-0.01266189,-0.009736091,-0.009636091,-0.009313321,-0.008721264,-0.008621264,-0.008521264,-0.0075634005,-0.0067592855,-0.005226993,-0.0039174557,-0.0038174556,0.0046678465,0.005583032,0.005683032,0.0064307395,0.0070668333,0.008008207,0.008706378,0.008806378,0.0089063775,0.009884885,0.009984884,0.012119701,0.01317535,0.013551848,0.014693385,0.01595701,0.01913894,-0.01567865,-0.011307744,-0.009420782,-0.0056684907,0.0062142056,0.0091772005,0.011117848,0.01478857
2020-05-11,-0.0033408888,-0.022949757,-0.01576505,-0.015053857,-0.014262465,-0.013024246,-0.012654252,-0.008691413,-0.00837637,-0.008335697,-0.008132798,-0.008032798,-0.007932798,-0.007151338,-0.007051338,-0.0060735606,-0.005112096,-0.004802415,0.0029999244,0.003175743,0.004106835,0.004206835,0.0058202497,0.0059202495,0.0070189685,0.007089044,0.0077611655,0.009572351,0.01038668,0.012023684,0.01328283,0.014215747,0.01482772,0.01611543,0.017843386,-0.015731154,-0.010622318,-0.008849511,-0.0062144413,0.0043016607,0.008085115,0.01091432,0.014696215
2020-05-12,0.004254918,-0.022716597,-0.015688566,-0.015300133,-0.014096883,-0.013089557,-0.01221822,-0.011339583,-0.011239584,-0.011139584,-0.011039584,-0.010939584,-0.010839584,-0.010739584,-0.010639585,-0.009428606,-0.008579652,-0.006825802,0.004699897,0.005294324,0.0058721793,0.007561053,0.007859131,0.008185817,0.009564762,0.009664762,0.009764762,0.0098647615,0.009964761,0.011658203,0.01224723,0.013271693,0.015471458,0.01611501,0.01743065,-0.015561965,-0.012247421,-0.0112153115,-0.009282646,0.006598443,0.009446535,0.011344789,0.0141445575
2020-05-13,-0.002518478,-0.021457326,-0.01572779,-0.015291762,-0.014581153,-0.013169561,-0.012705781,-0.00858293,-0.00848293,-0.008239873,-0.008139873,-0.007819832,-0.0077198325,-0.0076198326,-0.007519833,-0.0071947174,-0.0062695635,-0.0052365297,0.0034403515,0.0040340493,0.0040857634,0.0053954977,0.0059182183,0.0062635103,0.007143511,0.008457035,0.010986869,0.011086869,0.011186869,0.011921016,0.012847821,0.013581072,0.015455536,0.016200192,0.017698722,-0.015528321,-0.010660655,-0.00893365,-0.0068080956,0.0048198346,0.008729329,0.012127431,0.014449765
2020-05-14,-0.0034458048,-0.022487508,-0.015776038,-0.015357617,-0.0143962735,-0.013017473,-0.01250105,-0.009685343,-0.0077295816,-0.006205568,-0.0061055683,-0.0057796026,-0.0056796027,-0.005579603,-0.005479603,-0.0053796032,-0.0052796034,-0.004776183,0.0033007625,0.004502781,0.004602781,0.005289361,0.006684518,0.0075868065,0.0076868064,0.008613529,0.0109163625,0.011016362,0.011646584,0.0117465835,0.01390287,0.015984567,0.016084567,0.016223403,0.01766854,-0.015635667,-0.0102958325,-0.0075190812,-0.0053389193,0.0050764987,0.00912956,0.012282091,0.015105193
2020-05-15,0.0015545087,-0.021936957,-0.01562339,-0.015287925,-0.014070778,-0.013091466,-0.012556034,-0.008114102,-0.0080141025,-0.007914103,-0.004894202,-0.0047942023,-0.0046942024,-0.0045942026,-0.004494203,-0.004394203,-0.004294203,-0.0041942033,0.0026710662,0.0030286012,0.0031666448,0.005946321,0.0062557054,0.007093913,0.0071982727,0.007628655,0.010609176,0.010709176,0.010809176,0.011602305,0.013309999,0.014350798,0.015489146,0.015936406,0.019271547,-0.015455726,-0.010377253,-0.006950549,-0.004434203,0.004402181,0.008657951,0.011843796,0.014894212
2020-05-18,0.008087368,-0.022578735,-0.015740154,-0.015263228,-0.014325759,-0.013112863,-0.012719385,-0.010487687,-0.009205262,-0.007334768,-0.007234768,-0.007134768,-0.006959219,-0.006163791,-0.006063791,-0.005963791,-0.0058637913,-0.0057637915,0.0017157769,0.002933711,0.003033711,0.004277216,0.005900021,0.006921083,0.0075163245,0.007716123,0.008484072,0.0097801555,0.009880155,0.011783549,0.013266402,0.014119628,0.01512409,0.015976671,0.017809486,-0.015695378,-0.011002067,-0.008456485,-0.006157987,0.003895348,0.008420186,0.011010404,0.014591147
2020-05-19,0.0030334098,-0.02179287,-0.015750691,-0.015424483,-0.014356629,-0.013491284,-0.012674023,-0.012468126,-0.0090828715,-0.00898046,-0.008880461,-0.008780461,-0.008367918,-0.006405457,-0.006305457,-0.0062054573,-0.0061054574,-0.005954526,0.0040804814,0.0048969607,0.0063277483,0.00870349,0.009186957,0.009286957,0.009386957,0.010326229,0.010567139,0.012611473,0.012711473,0.012811473,0.013337951,0.014204295,0.015514828,0.016240316,0.019427361,-0.0156131,-0.011725993,-0.009082146,-0.0066702715,0.0066791275,0.010844618,0.012843276,0.015204279
2020-05-20,0.0039080954,-0.022835284,-0.015785674,-0.014927659,-0.014808271,-0.013461804,-0.0124865975,-0.009328142,-0.008614433,-0.0069376724,-0.0068376726,-0.0067376727,-0.006637673,-0.006537673,-0.0064376732,-0.0063376734,-0.0062376736,-0.0061376737,0.0023664657,0.0029108268,0.0031883137,0.0048417794,0.005723509,0.005823509,0.0063333316,0.007882275,0.008766021,0.0088660205,0.0105340425,0.011738394,0.013180009,0.015459518,0.015559518,0.016178712,0.019453868,-0.015875526,-0.010458901,-0.008222809,-0.0063776732,0.0039281435,0.008006741,0.011092799,0.0152021
2020-05-21,-0.0025238001,-0.021891704,-0.015550451,-0.014824911,-0.01430945,-0.012912368,-0.01178329,-0.009253941,-0.009153941,-0.009053941,-0.008953941,-0.008853941,-0.008753941,-0.008653942,-0.008553942,-0.0074269106,-0.006578967,-0.0063215178,0.0023563516,0.0031344988,0.003632715,0.0055841124,0.005845293,0.0059452928,0.0069707143,0.007070714,0.007170714,0.0076554725,0.008844992,0.011527769,0.012647083,0.0141343465,0.015590927,0.015912777,0.019071987,-0.015289453,-0.0108140055,-0.00945981,-0.007547056,0.004335678,0.007608908,0.010157975,0.014658792
2020-05-22,-0.0053513274,-0.021871636,-0.015515948,-0.014843112,-0.014231944,-0.012935023,-0.011942955,-0.009260883,-0.008478827,-0.008309797,-0.00808192,-0.007660315,-0.0073335445,-0.0070617693,-0.0069973855,-0.0068973857,-0.006151175,-0.0049446085,0.0010243715,0.0014628367,0.0025768292,0.006156219,0.0065956465,0.008700973,0.008722725,0.008822725,0.008922725,0.009022725,0.013252755,0.017352758,0.017452758,0.017552758,0.017652757,0.017752757,0.019023707,-0.015299501,-0.010567116,-0.008579803,-0.006530174,0.0039885966,0.010098966,0.013240744,0.017826948
2020-05-25,0.00017899269,-0.022805218,-0.015352151,-0.014569171,-0.013519326,-0.012227833,-0.012107036,-0.009464744,-0.009364744,-0.0071656476,-0.006016288,-0.005916288,-0.0058695422,-0.0055359467,-0.005435947,-0.0052030473,-0.0046656113,-0.004367719,0.0021492727,0.0022682373,0.0031133133,0.0039718854,0.0051181237,0.0061872867,0.0068001393,0.0070056343,0.007105634,0.007205634,0.009183639,0.01227186,0.012918524,0.013663524,0.014933782,0.015907452,0.017901568,-0.015202314,-0.010534269,-0.0077787116,-0.005117723,0.0036605697,0.0075577074,0.010140109,0.014532586
2020-05-26,0.0067780903,-0.021188682,-0.015468134,-0.014424059,-0.0137281325,-0.012838649,-0.011578203,-0.009743961,-0.008987031,-0.006094998,-0.0059949984,-0.0058949986,-0.0057949987,-0.005694999,-0.005594999,-0.005186392,-0.004665494,-0.004524807,0.005582458,0.0056824577,0.0069561875,0.009220633,0.009770074,0.011072364,0.011088861,0.011188861,0.01280413,0.013226557,0.013326556,0.013509501,0.013609501,0.013798651,0.01573753,0.015943494,0.017691705,-0.014960361,-0.01016565,-0.0076100463,-0.0051733376,0.007706119,0.011753472,0.013720855,0.014910569
2020-05-27,-0.00012991557,-0.020413276,-0.015405266,-0.014124574,-0.01393829,-0.012821795,-0.011969983,-0.009356331,-0.0061202934,-0.0060202936,-0.0059202937,-0.005820294,-0.005720294,-0.0056202943,-0.004586777,-0.0042884634,-0.0034819373,-0.0034515513,0.004932126,0.005032126,0.0053587346,0.005365047,0.0061175306,0.0067640534,0.006974537,0.007830402,0.008204293,0.008709523,0.008809523,0.011946696,0.012768636,0.013942263,0.015423289,0.016222112,0.019016374,-0.01490972,-0.0095182955,-0.007070232,-0.0043258048,0.0055325143,0.008273641,0.010618664,0.014779216
2020-05-28,0.009148439,-0.022139989,-0.015530331,-0.015518915,-0.015291571,-0.014776992,-0.013688135,-0.012945249,-0.011529355,-0.0114293555,-0.009677802,-0.009577802,-0.0083734365,-0.00769438,-0.00759438,-0.00749438,-0.0073943804,-0.0068306713,0.0023783378,0.0027674276,0.0032962812,0.0048597236,0.0058201756,0.0058394684,0.0077952836,0.007895283,0.007995283,0.008971404,0.009052081,0.011969916,0.012839587,0.014396648,0.015440592,0.016129648,0.019240433,-0.016285403,-0.013022202,-0.010192622,-0.007778323,0.0042194105,0.00809925,0.0106858555,0.014915246
2020-05-29,0.0034339617,-0.021752715,-0.015605307,-0.014642376,-0.014143167,-0.012788534,-0.011939085,-0.008925098,-0.007808318,-0.006557792,-0.006293754,-0.0055020847,-0.005402085,-0.0047083762,-0.0046083764,-0.0045083766,-0.0044083768,-0.004308377,0.0029112922,0.00333927,0.0043985206,0.004728284,0.0068679955,0.0078182975,0.007918297,0.008018297,0.008471383,0.009224984,0.009324984,0.011051634,0.012594219,0.01431095,0.015825443,0.016529195,0.019109236,-0.015245763,-0.009974534,-0.0072303237,-0.004667118,0.0046591326,0.0085962415,0.010779684,0.014719047
2020-06-01,0.0014282808,-0.021512965,-0.015652087,-0.014752108,-0.014139947,-0.012921751,-0.01232148,-0.011328249,-0.011228249,-0.0107558705,-0.009629572,-0.007996473,-0.0073947613,-0.0071003605,-0.006395031,-0.0043291515,-0.0042784614,-0.0031800116,0.005891922,0.0062292875,0.007974892,0.009138853,0.009879892,0.009979892,0.010079891,0.010179891,0.010279891,0.010379891,0.010479891,0.011193854,0.01443412,0.0145341195,0.015404023,0.016322892,0.019576605,-0.015309645,-0.012077192,-0.009534884,-0.0052358257,0.007862968,0.010322684,0.01154751,0.015212318
2020-06-02,0.0038853819,-0.021922916,-0.015510338,-0.01456688,-0.014036161,-0.012581554,-0.012481554,-0.011480932,-0.011380932,-0.011280932,-0.011180933,-0.008484929,-0.008384929,-0.0053203367,-0.005220337,-0.00494158,-0.00484158,-0.00474158,0.005663716,0.0060840664,0.00624443,0.006406756,0.006506756,0.00677172,0.006931678,0.00762377,0.0077237696,0.00782377,0.008337312,0.011071485,0.013544393,0.014362295,0.014423942,0.016148236,0.019521063,-0.015306505,-0.012238246,-0.009749738,-0.0056460015,0.006266129,0.0079595,0.009876056,0.014929494
2020-06-03,0.007145732,-0.022240102,-0.015489214,-0.0146846995,-0.014003338,-0.012495872,-0.011167516,-0.010244302,-0.008634646,-0.008534647,-0.00835901,-0.0082590105,-0.008159011,-0.00742948,-0.007190742,-0.005611754,-0.0045643016,-0.0040262714,0.0022522227,0.0036660268,0.0047250856,0.0048250854,0.005413345,0.005513345,0.0056133447,0.0058830134,0.0061006257,0.007131016,0.008814782,0.013272806,0.014242753,0.01472319,0.01482319,0.016249212,0.01907795,-0.015079208,-0.010653162,-0.008749932,-0.0059304163,0.004216353,0.0074427053,0.010028484,0.015513182
2020-06-04,0.0066711446,-0.021132076,-0.015495288,-0.014593391,-0.013498391,-0.012921751,-0.011383859,-0.008776398,-0.008713776,-0.0069114356,-0.0063541443,-0.0061666896,-0.0045364616,-0.0044364617,-0.004336462,-0.004236462,-0.004136462,-0.0020850068,0.00564462,0.005713968,0.005813968,0.0076903873,0.009605627,0.009705626,0.010296943,0.0103969425,0.010496942,0.010596942,0.010870384,0.012421455,0.013553514,0.013975915,0.015006244,0.015983092,0.01906786,-0.014886273,-0.010075772,-0.0070849406,-0.0041922163,0.007031977,0.010545319,0.011878394,0.015000368
2020-06-05,-0.0022593485,-0.022603951,-0.015551734,-0.014873156,-0.014230267,-0.014130267,-0.0140302675,-0.012281235,-0.011001328,-0.00835289,-0.0075371247,-0.007437125,-0.005985611,-0.0058856113,-0.0057856115,-0.0056856116,-0.005585612,-0.0034903153,0.00604369,0.0063194353,0.008573168,0.009597081,0.009697081,0.00979708,0.00989708,0.00999708,0.01009708,0.010939186,0.012478207,0.01337948,0.0145502025,0.014650202,0.016186189,0.017537897,0.01949017,-0.016109297,-0.012107775,-0.0088879885,-0.0055968547,0.008086091,0.010761982,0.012616029,0.015921589
2020-06-09,0.0045708865,-0.022021605,-0.015720794,-0.014868751,-0.014768751,-0.0146687515,-0.0125836525,-0.011712536,-0.00962068,-0.00952068,-0.00827261,-0.0070324764,-0.0060806815,-0.0047537675,-0.0035543176,-0.0034543176,-0.0017733815,-0.0006674638,0.005067884,0.005167884,0.0052678837,0.0053678835,0.006627129,0.009703568,0.010564315,0.011403827,0.013273552,0.016076827,0.016176827,0.016276827,0.018292869,0.019349393,0.019449392,0.019549392,0.019649392,-0.01595271,-0.011661259,-0.0082622785,-0.0032963913,0.00628717,0.012017636,0.016250685,0.018623574
2020-06-10,0.0006034724,-0.022921747,-0.015709998,-0.014845648,-0.014234747,-0.012944419,-0.012198975,-0.010451821,-0.009223643,-0.009123643,-0.009023643,-0.008355345,-0.008200219,-0.0077634063,-0.0076309857,-0.005633928,-0.004749772,-0.0046497723,0.0026674557,0.0027142297,0.004246689,0.0062409816,0.006278422,0.00665521,0.009240258,0.009340257,0.009440257,0.009540257,0.010508208,0.011947873,0.013444505,0.014683449,0.015512687,0.016231544,0.019533116,-0.015601978,-0.011168745,-0.009281978,-0.0062039606,0.005021923,0.008752404,0.011389856,0.015168098
2020-06-11,0.0021158815,-0.022927828,-0.015603106,-0.014724718,-0.013933248,-0.012520561,-0.0121171735,-0.010078782,-0.008302517,-0.008286931,-0.0075734616,-0.007364652,-0.0072646523,-0.0071646525,-0.0068001314,-0.006716616,-0.0057456535,-0.0056456537,0.00441664,0.0052315597,0.0060487096,0.0071671954,0.008077263,0.008556925,0.008656925,0.008756924,0.009316535,0.009559399,0.010093661,0.01275766,0.01308625,0.0136446925,0.014875395,0.016457833,0.01949166,-0.015420383,-0.010702024,-0.008484492,-0.0064545413,0.006304206,0.0095416345,0.0113205295,0.015087619
2020-06-12,-0.0111797685,-0.022415267,-0.019025493,-0.018925494,-0.018825494,-0.018725494,-0.018625494,-0.018525494,-0.018425494,-0.018325495,-0.018225495,-0.018125495,-0.018025495,-0.01669683,-0.016466768,-0.013441767,-0.0103445,-0.009099538,0.0021943247,0.0024748568,0.0036751889,0.005163392,0.0065601096,0.0066601094,0.0073996377,0.0075105666,0.008223632,0.010121018,0.011401059,0.01254251,0.01370278,0.015026821,0.015542199,0.016614113,0.01935381,-0.019523447,-0.018565495,-0.017999763,-0.013495614,0.00418148,0.008678863,0.011566084,0.015448007
2020-06-15,0.0015407674,-0.020520868,-0.018633585,-0.018457612,-0.018357612,-0.018257612,-0.016942713,-0.016842714,-0.016617121,-0.01590821,-0.014039561,-0.013057506,-0.010396795,-0.008437496,-0.00768174,-0.0055866805,-0.0051144226,-0.0017064378,0.005459528,0.005559528,0.0068576727,0.0069576725,0.0071230102,0.008042154,0.009466302,0.0095663015,0.009666301,0.011320736,0.0141747,0.014805042,0.017772868,0.018523041,0.018623041,0.019414239,0.019463407,-0.018542478,-0.016953675,-0.013286737,-0.0066293576,0.0068601407,0.010171449,0.013717964,0.017995719
2020-06-16,-0.0010054479,-0.023639783,-0.015763745,-0.014953002,-0.014114098,-0.012790474,-0.012392169,-0.010174041,-0.00904896,-0.00894896,-0.0088489605,-0.008748961,-0.008648961,-0.008548961,-0.008407586,-0.006818319,-0.006516317,-0.0054151146,0.0043649073,0.0055145915,0.006266457,0.006442591,0.0072038407,0.007212136,0.007312136,0.0074121356,0.0075121354,0.009216821,0.009530513,0.0122271,0.0142951775,0.014395177,0.015487149,0.016119473,0.01938285,-0.015740054,-0.011103426,-0.0094976025,-0.0071812593,0.005980137,0.008654406,0.010794744,0.015283955
2020-06-17,-0.0035415355,-0.023440838,-0.015848799,-0.014912705,-0.0143164685,-0.0130643835,-0.012324616,-0.012061291,-0.011178294,-0.011078294,-0.010978295,-0.010878295,-0.009878024,-0.0076171802,-0.0066864803,-0.006265909,-0.0055813934,-0.005524433,0.0038361296,0.004549402,0.005901618,0.0059301024,0.0060301023,0.0069271573,0.007027157,0.007127157,0.007365523,0.008517059,0.010236359,0.012183916,0.014281769,0.015143568,0.015262841,0.016069865,0.019537056,-0.015799021,-0.01231104,-0.010395282,-0.006987302,0.0054488815,0.008157078,0.01071314,0.015443234
2020-06-18,-0.0002563134,-0.022088798,-0.01469241,-0.01459241,-0.01449241,-0.01439241,-0.014292411,-0.014192411,-0.014092411,-0.0140310135,-0.012525282,-0.012425282,-0.010663309,-0.009219621,-0.008172901,-0.006289969,-0.005248524,-0.0026344971,0.005123276,0.005637244,0.0063372934,0.007216582,0.009331171,0.009431171,0.009531171,0.010849546,0.0113380775,0.012059934,0.013289585,0.014269078,0.017191304,0.01735631,0.018787812,0.01897468,0.019568752,-0.015991688,-0.014240131,-0.012158607,-0.006954235,0.0067691132,0.011188181,0.013948897,0.017472025
2020-06-19,-0.002394687,-0.023267798,-0.0155782625,-0.014730413,-0.013810896,-0.012918593,-0.011552838,-0.009923583,-0.008562476,-0.008235223,-0.0076438854,-0.0068297754,-0.0067297756,-0.0066297757,-0.0064851786,-0.0059720133,-0.0050605247,-0.004841969,0.0045953444,0.005510541,0.007219636,0.0073196357,0.009021901,0.009523741,0.0105216345,0.011805949,0.011905949,0.012005948,0.012105948,0.012169655,0.013468126,0.014069689,0.015395537,0.016088389,0.019057408,-0.015425677,-0.010600907,-0.00822375,-0.005837892,0.0070333583,0.010905439,0.012716608,0.014970655
2020-06-22,0.006392374,-0.02269325,-0.015669435,-0.01512252,-0.014220896,-0.012640124,-0.012024183,-0.00940895,-0.00930895,-0.0074139764,-0.0073139765,-0.0072139767,-0.007113977,-0.007013977,-0.006913977,-0.0060161515,-0.0057767355,-0.0052506016,0.0016599315,0.0022287404,0.0025318533,0.004164367,0.0043703644,0.0065772478,0.0073444135,0.00810253,0.0082025295,0.008505702,0.009931549,0.012420851,0.013077222,0.014184455,0.01532001,0.015877966,0.018011602,-0.015449578,-0.010655716,-0.008555013,-0.006234288,0.0035858608,0.007995339,0.010876128,0.01471442
2020-06-23,0.005521916,-0.022568718,-0.015635705,-0.015128747,-0.014348891,-0.01300991,-0.012075029,-0.010688376,-0.010012013,-0.008238083,-0.008023377,-0.007923377,-0.0073211393,-0.0072211395,-0.006822366,-0.0059691886,-0.003978291,-0.003833129,0.0033148373,0.003905831,0.0046421816,0.0052942657,0.006879648,0.006979648,0.007079648,0.0071796477,0.0072796475,0.008477994,0.008577994,0.012053462,0.013584596,0.014324856,0.015502007,0.016099827,0.017751392,-0.015527651,-0.01122845,-0.00893054,-0.00570527,0.0048473524,0.008314081,0.010378221,0.014762828
2020-06-24,-0.0045920825,-0.023296641,-0.015613066,-0.014651882,-0.0142088905,-0.012586671,-0.011837041,-0.009436976,-0.008723006,-0.008306706,-0.0070244865,-0.0068060323,-0.0067060324,-0.0066060326,-0.006506033,-0.006406033,-0.006048375,-0.004840924,0.002967991,0.0037777254,0.0055737994,0.0066508413,0.009267849,0.009367849,0.010188881,0.010288881,0.010388881,0.010434096,0.010442822,0.011889326,0.014173973,0.0144060915,0.015665103,0.016191652,0.019389493,-0.015508461,-0.010591122,-0.00817932,-0.00612148,0.005831848,0.010249601,0.011764046,0.015210109
2020-06-25,-0.0045196787,-0.020924937,-0.015374951,-0.013778845,-0.013678845,-0.012769509,-0.0117242,-0.010136357,-0.00943027,-0.0074624135,-0.0069520604,-0.0068520606,-0.0067520607,-0.006652061,-0.0061861593,-0.0041186186,-0.0023953689,-0.0016133589,0.003745161,0.004256633,0.005286519,0.0070544193,0.008062253,0.010470347,0.010774469,0.011301185,0.011692278,0.012629024,0.01307973,0.016098265,0.019350545,0.019582264,0.019766139,0.019866139,0.019966139,-0.014894488,-0.010506417,-0.008302131,-0.0042331135,0.0062234406,0.011712215,0.014653087,0.01897267
2020-06-26,-0.00047025838,-0.022444727,-0.015649607,-0.014804862,-0.014226682,-0.012470464,-0.012216523,-0.007999147,-0.007899147,-0.0077991476,-0.007699148,-0.007599148,-0.007499148,-0.0073991483,-0.0072991485,-0.006915929,-0.0067384792,-0.006004879,0.0032255207,0.004442546,0.0046192445,0.0061320504,0.0075843097,0.0077921012,0.009117505,0.01015863,0.010499387,0.010599387,0.010699387,0.011345318,0.012910114,0.013249958,0.015028083,0.016222948,0.019500664,-0.0154016,-0.010143766,-0.008542622,-0.006911517,0.0055073733,0.009495949,0.011634313,0.0146458
2020-06-29,0.001933108,-0.021351516,-0.015600306,-0.01476572,-0.0137992855,-0.012623027,-0.012412332,-0.011141838,-0.011041838,-0.010218079,-0.00917816,-0.00907816,-0.00897816,-0.00868239,-0.007471089,-0.0058138296,-0.0047182874,-0.004225384,0.0053386153,0.0058453367,0.006195137,0.0066643497,0.0067643495,0.0068643494,0.0075615095,0.0076615093,0.008402246,0.009107593,0.00995486,0.01128747,0.012044496,0.014089613,0.015253944,0.015929608,0.017523143,-0.015157294,-0.011915961,-0.010058576,-0.00626135,0.006320989,0.008337054,0.010801223,0.0141748665
2020-06-30,9.78922e-05,-0.021735089,-0.015540098,-0.014729861,-0.014467758,-0.012813042,-0.012713042,-0.011073019,-0.0109730195,-0.01087302,-0.010057011,-0.009957011,-0.009857011,-0.009765431,-0.008462882,-0.006878207,-0.0048185964,-0.004219147,0.0045582945,0.005770929,0.005870929,0.0068155774,0.0075985356,0.0077604535,0.0080843745,0.008621316,0.008684691,0.009737096,0.009837096,0.011048521,0.011710275,0.013883777,0.014870439,0.015993804,0.01902449,-0.015453805,-0.012072392,-0.010673102,-0.006867169,0.0062200213,0.008953185,0.010835568,0.014332173
2020-07-01,0.0018847801,-0.021575047,-0.015470681,-0.014835509,-0.013989095,-0.012282046,-0.012113084,-0.009666913,-0.009566913,-0.0094669135,-0.009256632,-0.008785623,-0.008685623,-0.008585623,-0.008485624,-0.0068501146,-0.0059833075,-0.0058833077,0.002134056,0.0027278888,0.005549509,0.0076498906,0.0077498904,0.008681968,0.009104289,0.009204289,0.009304289,0.009404289,0.01107536,0.011380192,0.013434674,0.014854318,0.0155064,0.016001197,0.01904929,-0.015085991,-0.011129866,-0.009641575,-0.007197595,0.005433127,0.009284126,0.011334106,0.014943933
2020-07-02,-0.0019826724,-0.022552826,-0.015692208,-0.015017897,-0.013888487,-0.012350795,-0.012209055,-0.010179502,-0.008366668,-0.008085042,-0.007985042,-0.007885043,-0.0077850427,-0.007685043,-0.007641424,-0.0067631546,-0.0065415315,-0.00621693,0.0053193136,0.0069281063,0.007542481,0.008377628,0.009470296,0.009570296,0.009670296,0.009770296,0.009870295,0.009970295,0.010253231,0.0117443,0.012962252,0.014253149,0.014978648,0.01551142,0.01906818,-0.015338674,-0.010771632,-0.00880617,-0.0070096166,0.007567565,0.010105098,0.0113633545,0.014707861
2020-07-03,0.0006183398,-0.022843126,-0.015569326,-0.014718926,-0.01350123,-0.0128840925,-0.011505981,-0.00792763,-0.00782763,-0.0077276304,-0.0076276306,-0.007527631,-0.007427631,-0.007327631,-0.0072276313,-0.006830383,-0.006498904,-0.005024408,0.0035193646,0.0052429126,0.00599848,0.0065623205,0.008243198,0.008644152,0.00866639,0.0100998925,0.010199892,0.010259253,0.010359253,0.011999866,0.012030737,0.013831955,0.014896117,0.01601015,0.017805494,-0.01526075,-0.00994156,-0.008343301,-0.0066217915,0.0059978934,0.009849273,0.011542876,0.014335642
2020-07-06,0.005614255,-0.022186568,-0.015531642,-0.014588338,-0.014083617,-0.0129283015,-0.012011738,-0.011583023,-0.011483023,-0.010863679,-0.01076368,-0.01066368,-0.010146102,-0.007679262,-0.0071639074,-0.0065433495,-0.0063059116,-0.004999083,0.0051281718,0.007199348,0.0076833577,0.008904633,0.009048693,0.009720218,0.009909109,0.01145886,0.01155886,0.0131301,0.013198306,0.013298306,0.0133983055,0.013436174,0.014141749,0.015931616,0.01905008,-0.015348373,-0.0121059595,-0.010416761,-0.0071351863,0.0077649234,0.011331236,0.013065463,0.015022894
2020-07-07,-0.000778613,-0.022658369,-0.015440034,-0.014664875,-0.013917221,-0.0122245,-0.011143551,-0.008398082,-0.008298082,-0.008198082,-0.008098083,-0.007998083,-0.007860897,-0.0077608973,-0.0076608974,-0.0066471705,-0.006389081,-0.0051034875,0.0052895737,0.006097363,0.0070132078,0.008333114,0.008433114,0.008533114,0.0086331135,0.008722743,0.008960649,0.009060649,0.009331978,0.011279714,0.012708147,0.013342841,0.015372456,0.016046448,0.019444592,-0.015076736,-0.010140535,-0.008632302,-0.006759743,0.0070732743,0.009205867,0.010801089,0.014564348
2020-07-08,0.0026805669,-0.022694912,-0.015701324,-0.014938659,-0.013916983,-0.012507495,-0.010435062,-0.008640513,-0.008258071,-0.008158071,-0.008058071,-0.007958071,-0.0078580715,-0.0077580716,-0.007658072,-0.0067944005,-0.005988752,-0.005173252,0.0060544666,0.0076489877,0.008637563,0.009950209,0.011293255,0.0113810245,0.011426907,0.011526907,0.011626907,0.0117269065,0.011826906,0.011926906,0.013057276,0.014093522,0.015599794,0.016093751,0.019450285,-0.015051156,-0.010086075,-0.00847347,-0.0067145093,0.008743627,0.011570999,0.012541483,0.014924347
2020-07-09,-0.0027248245,-0.022564024,-0.015605437,-0.014662181,-0.014319342,-0.012150995,-0.011386421,-0.008202032,-0.007496088,-0.007396088,-0.007296088,-0.0071960883,-0.0070960885,-0.0069960887,-0.006896089,-0.0066492306,-0.005934735,-0.005834735,0.003998601,0.005643155,0.0058302465,0.00922379,0.00932379,0.009371304,0.009632699,0.011283168,0.0113831675,0.011483167,0.011568783,0.011668783,0.012277181,0.013192211,0.015285953,0.016210917,0.019116854,-0.015205244,-0.009828562,-0.008054155,-0.0065021752,0.006865698,0.010626042,0.01227797,0.01449319
2020-07-10,0.0017245958,-0.021550993,-0.015653057,-0.014822885,-0.014307249,-0.012199122,-0.011248688,-0.010303117,-0.00831536,-0.007280905,-0.00667286,-0.0060902713,-0.005024975,-0.004847797,-0.0047477973,-0.0037984403,-0.0033569376,-0.0026669018,0.0044598067,0.0045081847,0.0054436564,0.007994166,0.011662127,0.011762127,0.011862127,0.011962127,0.012062127,0.014003649,0.016289921,0.017720006,0.017820006,0.017920006,0.018020006,0.018120006,0.018220006,-0.014991822,-0.010394191,-0.007221936,-0.0041320696,0.006853588,0.013422008,0.015619142,0.017960006
2020-07-13,0.004188534,-0.02289021,-0.015586498,-0.015017023,-0.013701019,-0.0121329995,-0.01163911,-0.01153911,-0.011361458,-0.008835002,-0.006878222,-0.006778222,-0.00635196,-0.00625196,-0.00615196,-0.005822903,-0.004939766,-0.004246123,0.0035526715,0.0035936455,0.005520277,0.007738137,0.007822996,0.00850044,0.00860044,0.010704789,0.010804789,0.011605782,0.011705782,0.012422306,0.01265316,0.013070168,0.014212444,0.016514516,0.018004399,-0.015189966,-0.011678341,-0.008496542,-0.005587795,0.005801034,0.010211264,0.012150221,0.014532909
2020-07-14,0.0036298078,-0.021169681,-0.015454575,-0.0148057435,-0.014218055,-0.012223153,-0.010325615,-0.008986098,-0.008955191,-0.008855191,-0.0079024695,-0.0077690263,-0.0076690265,-0.0075690267,-0.007469027,-0.006583097,-0.0053635645,-0.004663581,0.004002825,0.0041028247,0.0042028246,0.005299236,0.005399236,0.006325177,0.0064251767,0.0064618085,0.0065618083,0.008195843,0.008295842,0.011382746,0.012543505,0.014126162,0.015748467,0.016146433,0.017921811,-0.014678216,-0.010385567,-0.008484266,-0.006369659,0.004806577,0.007552962,0.010036942,0.014424132
2020-07-15,-2.191913e-06,-0.02289281,-0.015594753,-0.014879798,-0.014265226,-0.0122358855,-0.011020249,-0.007662622,-0.007562622,-0.0061117797,-0.005386911,-0.005286911,-0.005186911,-0.005096776,-0.004916805,-0.004816805,-0.004697755,-0.004597755,0.0033554768,0.0040604267,0.004276413,0.006096465,0.006196465,0.0067859134,0.0083201695,0.009739734,0.011316061,0.011416061,0.012726683,0.012981321,0.013673416,0.014232688,0.014543382,0.016022166,0.019550959,-0.0152017865,-0.0094474135,-0.0068506943,-0.0048632063,0.0052217906,0.0094238985,0.012596701,0.01529211
2020-07-16,0.0023382297,-0.021130744,-0.015428996,-0.01449034,-0.013740301,-0.012030707,-0.011507154,-0.0077523086,-0.007652309,-0.007211571,-0.0071115713,-0.0070115714,-0.006505699,-0.00623848,-0.005779715,-0.005739958,-0.004838203,-0.004666918,0.0034856922,0.0040178085,0.0050858357,0.006957436,0.007495062,0.0075712763,0.008356191,0.009194565,0.010641803,0.011284372,0.011384372,0.013602017,0.013702017,0.014611346,0.014711346,0.016051205,0.019582354,-0.014767582,-0.009722737,-0.007803043,-0.005607273,0.005580593,0.009829459,0.012324782,0.015509787
2020-07-17,0.0004416353,-0.021447629,-0.015514598,-0.014447692,-0.013381713,-0.012322751,-0.010856292,-0.0089586945,-0.006910874,-0.006718563,-0.006078831,-0.005978831,-0.0058788313,-0.0057788314,-0.0054235994,-0.004438145,-0.0041913516,-0.0041904333,0.0035687166,0.0038982767,0.004257702,0.005391441,0.005955658,0.007049625,0.0073588444,0.00886535,0.010508094,0.012482274,0.012582274,0.012682274,0.012782274,0.014156012,0.015515788,0.0158079,0.01773698,-0.014704597,-0.009578424,-0.007100732,-0.004844472,0.0048949965,0.009407036,0.01275414,0.014633087
2020-07-20,0.0005069841,-0.022106387,-0.015727056,-0.01484783,-0.014226846,-0.012543463,-0.011885246,-0.011785246,-0.007841993,-0.0077419933,-0.0076419935,-0.0075419936,-0.007441994,-0.007341994,-0.0066030663,-0.0060932506,-0.0057473355,-0.003995924,0.004714109,0.0056503336,0.0056661353,0.00678764,0.008131655,0.008231655,0.008331655,0.008431654,0.010171985,0.010271985,0.010371985,0.010471985,0.012250973,0.014131159,0.015167722,0.016326593,0.019097582,-0.0152978,-0.010820461,-0.008430644,-0.005996314,0.006229975,0.009107786,0.011291132,0.014455658
2020-07-21,0.0044077807,-0.021100184,-0.015500551,-0.014166268,-0.0133447535,-0.012059651,-0.010985946,-0.008541716,-0.008441716,-0.008341717,-0.008241717,-0.007583111,-0.007483111,-0.0069612996,-0.006661482,-0.0057025887,-0.0045223897,-0.0034646261,0.0029124962,0.0030124963,0.0034434835,0.0036422568,0.0041429983,0.004628577,0.0047285766,0.005122818,0.006572176,0.0066721756,0.008290468,0.011553933,0.012319601,0.014112488,0.015074171,0.016406626,0.017913686,-0.014598218,-0.010095472,-0.0084227575,-0.0055868393,0.0035478617,0.0064241,0.009632585,0.014461267
2020-07-22,0.00807181,-0.022275386,-0.015599822,-0.014538024,-0.014135937,-0.012324859,-0.010661354,-0.009670199,-0.009570199,-0.009035884,-0.008935885,-0.008644041,-0.008544041,-0.007734479,-0.0062144087,-0.005373496,-0.0053305984,-0.005141442,0.0044280607,0.0046843365,0.005687197,0.0063683204,0.0064683203,0.006547176,0.0072299913,0.007341665,0.007474191,0.007606826,0.0077068256,0.010648972,0.012638443,0.014279475,0.014751806,0.016084304,0.019523676,-0.014999472,-0.0106951315,-0.009089191,-0.0061407974,0.0056795813,0.0077225924,0.009637725,0.014634976
2020-07-23,0.0030720534,-0.023255069,-0.015649533,-0.014619198,-0.013670088,-0.012322563,-0.011763733,-0.011663733,-0.009087714,-0.008956402,-0.0073865997,-0.0072866,-0.00628761,-0.005627616,-0.0037492057,-0.0012363486,-0.00025540398,8.192702e-05,0.004111817,0.004211817,0.0049046967,0.0050046965,0.0058796187,0.0062178746,0.006408579,0.006609149,0.007054048,0.0073179626,0.008264441,0.010658585,0.01279344,0.014441724,0.015214863,0.016541163,0.019031098,-0.015332198,-0.011218156,-0.008030655,-0.0024891263,0.0049283216,0.0073366375,0.00970198,0.014693202
2020-07-24,0.0010233567,-0.023240646,-0.015733294,-0.015018387,-0.014321076,-0.0122639295,-0.011158341,-0.008563114,-0.0084631145,-0.0077643865,-0.0072413133,-0.006328103,-0.0061505116,-0.0055310484,-0.0054310486,-0.003848326,-0.0037351337,-0.0023841108,0.0018428174,0.0024643815,0.0025679078,0.0039046465,0.004248307,0.004771348,0.006350173,0.006450173,0.0067478414,0.007541619,0.007861862,0.01158715,0.0125360135,0.013893351,0.014922415,0.015977737,0.019150164,-0.015343457,-0.010193469,-0.007708865,-0.004345345,0.003425985,0.0069197193,0.0097321775,0.0146288825
2020-07-27,0.009912588,-0.022115609,-0.015466992,-0.014655161,-0.0138114095,-0.012263659,-0.0114777405,-0.008978399,-0.0088784,-0.006497613,-0.0063976133,-0.0045819324,-0.004266255,-0.0040587215,-0.0031863581,-0.0031834973,-0.0029339385,-0.0015847486,0.0053721964,0.0054721963,0.005572196,0.006315688,0.007957424,0.008140008,0.008240008,0.008868622,0.0089686215,0.009084474,0.011077022,0.011177022,0.012516401,0.015310108,0.015410108,0.016220761,0.019534688,-0.015027082,-0.010097463,-0.007015746,-0.003094095,0.0061944565,0.00904551,0.01114345,0.014951795
2020-07-28,-0.0015415804,-0.022524904,-0.015663326,-0.014915852,-0.0145537555,-0.012378386,-0.011062602,-0.010568079,-0.007528404,-0.007428404,-0.0061415145,-0.00586963,-0.00576963,-0.0028436065,-0.002462175,-0.0021713078,-0.0021214124,-0.0018516721,0.0049630585,0.0070061907,0.007906753,0.009245596,0.009433824,0.010710492,0.011595203,0.011695202,0.013441127,0.013981994,0.014081994,0.014181994,0.014281994,0.015356713,0.015425273,0.016040878,0.017999778,-0.015236596,-0.010300668,-0.0066691516,-0.0028952393,0.008143361,0.012000701,0.014222476,0.01557227
2020-07-29,0.003180627,-0.02221098,-0.015462771,-0.01374627,-0.01364627,-0.012317771,-0.0111643765,-0.009888668,-0.009412371,-0.0062725972,-0.0062538106,-0.006153811,-0.004654221,-0.0030771438,-0.0018810619,-0.001781062,-0.001681062,-0.00089645066,0.0062909275,0.0065352893,0.0065690684,0.008261009,0.010466121,0.011075897,0.012082055,0.012182055,0.012644744,0.012744743,0.012989605,0.0131594045,0.014454371,0.014626678,0.01573987,0.01602044,0.019545654,-0.014960433,-0.010096856,-0.006912385,-0.0024786894,0.00794767,0.011925644,0.013455674,0.01556131
2020-07-30,0.0017805588,-0.021310683,-0.01547421,-0.014504648,-0.0137398625,-0.012527517,-0.010027027,-0.008485717,-0.008351538,-0.0075450297,-0.006910048,-0.0064844876,-0.0063844877,-0.005788135,-0.005105471,-0.004477288,-0.0022997777,-0.001166155,0.0035219954,0.0045372304,0.004624512,0.005775146,0.0058750943,0.0066745286,0.007647549,0.009957037,0.011233144,0.012603923,0.012699476,0.013356753,0.0134567525,0.014196317,0.015073882,0.016051427,0.019084085,-0.014615861,-0.009782793,-0.007492247,-0.003906636,0.0052212863,0.009693467,0.012993435,0.015229067
2020-07-31,0.0026553916,-0.022792561,-0.015698848,-0.015005086,-0.013638927,-0.012473683,-0.011643827,-0.011543827,-0.011443827,-0.011028748,-0.009517838,-0.009417838,-0.008338695,-0.008012737,-0.005726911,-0.0056269113,-0.0047973576,-0.0038106749,0.0060294005,0.0062633795,0.006528249,0.008629754,0.008802664,0.008925159,0.009025159,0.009125159,0.009225159,0.009325159,0.009425159,0.012238217,0.013645983,0.014225651,0.015428541,0.016012719,0.019548833,-0.01524957,-0.012133063,-0.009791384,-0.0058759386,0.0072951885,0.009683271,0.011128446,0.015134281
2020-08-03,-0.0061473385,-0.021618657,-0.015592177,-0.014894571,-0.01374383,-0.012262245,-0.011925666,-0.011825666,-0.011395374,-0.010546325,-0.009763412,-0.009495546,-0.007776888,-0.007029946,-0.006929946,-0.0062282756,-0.0061792517,-0.006033188,0.0031868862,0.003224998,0.004988011,0.006467121,0.006567121,0.0066949357,0.0067949356,0.0068949354,0.007020838,0.00840585,0.009328848,0.01136158,0.01337382,0.015017866,0.0151905045,0.016039198,0.019150464,-0.015028516,-0.012117521,-0.009578258,-0.0069732415,0.00493239,0.007984885,0.010261524,0.014988586
2020-08-04,0.0013735945,-0.022093607,-0.015665436,-0.014996163,-0.014168182,-0.012615726,-0.011711686,-0.00880406,-0.00870406,-0.007871532,-0.007771532,-0.007289559,-0.006074566,-0.0060015777,-0.005349284,-0.0052927746,-0.004577279,-0.004417093,0.003946882,0.0061158217,0.00668074,0.008052023,0.008152023,0.009088773,0.009188773,0.009288773,0.009388773,0.010101433,0.010772234,0.013378443,0.013606337,0.014135175,0.01461607,0.015838414,0.017899914,-0.015250927,-0.0104175005,-0.008052684,-0.005385198,0.006796848,0.0100018885,0.011651391,0.014971657
2020-08-05,0.011081078,-0.023430057,-0.015837032,-0.015095384,-0.014995384,-0.012395475,-0.010840301,-0.010740302,-0.009340934,-0.009197259,-0.0090972595,-0.008957903,-0.007406932,-0.0070273927,-0.006927393,-0.0066277594,-0.0057279333,-0.004875137,0.00523489,0.006038498,0.006922773,0.007677879,0.009182701,0.009974752,0.010074751,0.010174751,0.010274751,0.010374751,0.010474751,0.0124870995,0.014258346,0.014358345,0.015156088,0.016230052,0.019135596,-0.01549965,-0.011042835,-0.008742564,-0.006623225,0.007189758,0.01043881,0.011753487,0.015293887
2020-08-06,-0.0035429788,-0.02106249,-0.015423749,-0.014853306,-0.014201782,-0.0123139275,-0.011125462,-0.011025462,-0.0109254625,-0.010064626,-0.009964626,-0.009738065,-0.008815006,-0.0087150065,-0.007572533,-0.004677044,-0.0045770444,-0.0044770446,0.0036043606,0.0037861168,0.005051156,0.0052663493,0.005662999,0.005762999,0.0063452614,0.0064931046,0.007910783,0.0088976035,0.009088709,0.011439907,0.01305549,0.014069602,0.014797396,0.01607524,0.018874146,-0.014825481,-0.011598865,-0.009909113,-0.006208346,0.004810649,0.007651323,0.010426881,0.014702877
2020-08-07,-0.006705506,-0.022736274,-0.015627459,-0.015061536,-0.0141872,-0.012372592,-0.011799567,-0.010991526,-0.010187449,-0.0076801777,-0.006069964,-0.005969964,-0.0047865263,-0.0046865265,-0.0045865267,-0.003334456,-0.0032344558,-0.0031344558,0.0044715684,0.005149644,0.0052496437,0.008104878,0.0085126385,0.009847764,0.011429452,0.011529452,0.011629452,0.011729452,0.011829452,0.0119294515,0.014044391,0.014144391,0.0151080545,0.016069189,0.017814854,-0.015344618,-0.011144051,-0.0075060064,-0.0040519717,0.0068810373,0.010709752,0.012445172,0.0148004545
2020-08-10,-0.0016552479,-0.022162827,-0.015548786,-0.015448786,-0.014967965,-0.013366964,-0.013266964,-0.013166964,-0.012436673,-0.010002043,-0.00987406,-0.009828508,-0.008278397,-0.008178397,-0.007157244,-0.0064638346,-0.004943268,-0.0040382133,0.0031917142,0.00443178,0.00453178,0.0061505423,0.007830281,0.008542901,0.0089630755,0.01120661,0.01130661,0.012236711,0.0150124645,0.01691358,0.01701358,0.01711358,0.01721358,0.01731358,0.019240169,-0.0158627,-0.012864286,-0.010406898,-0.0064862133,0.005453778,0.011346017,0.014536589,0.017518897
2020-08-11,0.00063352496,-0.021042056,-0.01549158,-0.014643405,-0.014164333,-0.012317789,-0.011314235,-0.010399931,-0.01025832,-0.009786338,-0.009122386,-0.008631922,-0.008072397,-0.007972397,-0.006727359,-0.0060784025,-0.0059784027,-0.0056472057,0.0046906993,0.0055356566,0.005955978,0.006792749,0.0068927486,0.007780904,0.008614016,0.009308386,0.010053319,0.010153319,0.010637203,0.010941743,0.012933649,0.013102991,0.014160998,0.01546788,0.017807823,-0.014865997,-0.011280445,-0.009347947,-0.0066126585,0.0063178195,0.00901542,0.011189316,0.014050817
2020-08-12,0.00273994,-0.022102425,-0.01566421,-0.015564211,-0.013586332,-0.012294551,-0.0121945515,-0.012094552,-0.010824838,-0.010724838,-0.010693935,-0.010593935,-0.008335072,-0.0079606855,-0.006165189,-0.0054721963,-0.004271323,-0.0039348435,0.005494657,0.0063944026,0.007288143,0.008562229,0.009111781,0.0092117805,0.00931178,0.00941178,0.00951178,0.00961178,0.010693374,0.013090122,0.013114511,0.015458899,0.015528014,0.015868103,0.018950831,-0.0151684135,-0.012280598,-0.010001816,-0.006087498,0.007410242,0.010087449,0.011687013,0.015296492
2020-08-13,0.0018675961,-0.0230666,-0.016201299,-0.014822998,-0.013989847,-0.0122761745,-0.012176175,-0.010441518,-0.009939944,-0.008750867,-0.008650867,-0.008550867,-0.008450868,-0.0073339664,-0.0072339666,-0.0058989357,-0.004545571,-0.0033120262,0.0065410733,0.006641073,0.006741073,0.0082418965,0.009417314,0.010473501,0.01206854,0.01216854,0.0122685395,0.012368539,0.012468539,0.012568539,0.013991305,0.014157445,0.015348316,0.015919005,0.018495953,-0.015542018,-0.0112263,-0.009310364,-0.005908273,0.008046731,0.011399287,0.013004495,0.01502645
2020-08-14,0.001268483,-0.02310743,-0.01574812,-0.014935601,-0.014484335,-0.012337663,-0.010797294,-0.009700048,-0.009221769,-0.009121769,-0.009021769,-0.008921769,-0.00882177,-0.00872177,-0.00862177,-0.007601247,-0.006152588,-0.005518782,0.0047717816,0.0053065205,0.0058157356,0.006593942,0.007573201,0.008769817,0.008908633,0.009008633,0.0093893,0.0094893,0.0095893,0.012201395,0.014469784,0.014569784,0.0150956465,0.015623065,0.01815244,-0.015294969,-0.010755297,-0.009316875,-0.0073632314,0.0062793223,0.009408468,0.011152988,0.015003292
2020-08-17,0.0030630867,-0.0211606,-0.015447271,-0.014488744,-0.0139904125,-0.012304806,-0.011441345,-0.0093459105,-0.009245911,-0.009145911,-0.009045911,-0.008945911,-0.008845911,-0.0087459115,-0.008645912,-0.008545912,-0.008445912,-0.006167222,0.00627881,0.00629052,0.007974187,0.009939761,0.010545511,0.012577102,0.012677101,0.012777101,0.012877101,0.012977101,0.013077101,0.013177101,0.013262952,0.013362952,0.015139594,0.017016504,0.018153314,-0.014868887,-0.010733564,-0.009464998,-0.008150173,0.008632076,0.012410783,0.013449599,0.0149945645
2020-08-18,0.0049502556,-0.022350648,-0.0156701,-0.014815243,-0.014335758,-0.012259551,-0.0114107635,-0.009327799,-0.009227799,-0.009127799,-0.0090278,-0.0089278,-0.0088278,-0.0087278,-0.0086278,-0.0085278,-0.007158441,-0.006892694,0.005842362,0.006132485,0.006751317,0.007769392,0.007776787,0.007872101,0.009201876,0.009226493,0.009326492,0.0121540185,0.012254018,0.012354018,0.012893328,0.013106932,0.014610312,0.016812822,0.01824842,-0.015205364,-0.010781881,-0.009444393,-0.008026907,0.0071394867,0.009876683,0.012139772,0.014683103
2020-08-19,-0.0025119868,-0.022707433,-0.01570709,-0.01479134,-0.013648738,-0.01228529,-0.010502054,-0.0104892915,-0.010208252,-0.010108252,-0.010008252,-0.009908252,-0.009808253,-0.009708253,-0.009608253,-0.009345154,-0.0072941943,-0.0063670217,0.0031950641,0.0032950642,0.0044209403,0.0070427246,0.007159595,0.0075313747,0.010631008,0.010731008,0.010831008,0.010869855,0.015260235,0.015360235,0.015460235,0.015560235,0.015660236,0.016964965,0.018253503,-0.014970121,-0.011219839,-0.010047013,-0.008504575,0.00571696,0.0103304135,0.013596314,0.016319836
2020-08-20,-0.0031757583,-0.021763142,-0.015617781,-0.014785839,-0.0140096815,-0.012425276,-0.011444688,-0.007968193,-0.007868193,-0.0077681933,-0.0076681934,-0.0075681936,-0.007468194,-0.007368194,-0.007268194,-0.0071681943,-0.0070681944,-0.0055056796,0.004927798,0.006868382,0.007751645,0.008138318,0.008727027,0.008827027,0.008927027,0.009200912,0.009964336,0.011075953,0.012180912,0.012280912,0.012380912,0.014203721,0.014443325,0.017094832,0.01787082,-0.015052113,-0.009967022,-0.008363493,-0.0069156913,0.007322634,0.010022366,0.011989087,0.014766239
2020-08-21,-0.007286053,-0.022219738,-0.016081374,-0.015510656,-0.014972167,-0.014197146,-0.013032398,-0.0123406425,-0.012240643,-0.012140643,-0.012040643,-0.011940643,-0.011840643,-0.0117406435,-0.011640644,-0.01107607,-0.0093654925,-0.006962789,0.004699965,0.0050948677,0.0070409547,0.007230512,0.008529036,0.008711814,0.010306528,0.010406528,0.011304963,0.012353635,0.01293832,0.014822678,0.01604042,0.018442087,0.018542087,0.018642087,0.018742086,-0.016100565,-0.013052997,-0.012178995,-0.010197128,0.006874566,0.010964738,0.013992337,0.01733787
2020-08-24,0.002426115,-0.021282373,-0.015487636,-0.014610734,-0.013413179,-0.0122199785,-0.011245174,-0.010931278,-0.010627275,-0.009424162,-0.008565311,-0.008195652,-0.007988196,-0.007888196,-0.007177599,-0.007117267,-0.0047919694,-0.0023091808,0.0042943237,0.0045128553,0.0056060413,0.007948366,0.008048366,0.009428232,0.010187416,0.011395767,0.011495767,0.011595767,0.013453523,0.014548166,0.015202558,0.016395586,0.016495585,0.016595585,0.01797958,-0.014729668,-0.011367725,-0.009262832,-0.005918334,0.0065098004,0.0110032605,0.013517762,0.016144296
2020-08-25,0.0012658578,-0.022378962,-0.015456427,-0.014777722,-0.013393928,-0.0122921355,-0.011649209,-0.0106365625,-0.010256886,-0.010156886,-0.01012073,-0.01002073,-0.00992073,-0.00982073,-0.008770175,-0.007749635,-0.0054961075,-0.0043515745,0.0064545954,0.0072136414,0.007921516,0.008095516,0.008371706,0.008635922,0.010332417,0.010465389,0.011068847,0.011168847,0.011268847,0.011368275,0.012662783,0.0141910855,0.015504333,0.016980395,0.018245947,-0.015034134,-0.011495453,-0.010353657,-0.0072776442,0.008003538,0.010002027,0.01207583,0.014689696
2020-08-26,-0.000395673,-0.02164629,-0.015488297,-0.014764495,-0.014191134,-0.012236926,-0.010802929,-0.010300027,-0.008701159,-0.008649794,-0.008549795,-0.008269452,-0.008156547,-0.0080565475,-0.007956548,-0.0063239313,-0.0043774866,-0.0034280228,0.0045446376,0.0048322408,0.0057272213,0.0070387404,0.0071387403,0.007940334,0.008040334,0.008140334,0.008240334,0.0105121555,0.010612155,0.0113912625,0.013358122,0.013458122,0.0151293,0.016798098,0.017893303,-0.014873115,-0.0106436815,-0.0088533955,-0.006071088,0.0060366346,0.009024566,0.0111770425,0.014579782
2020-08-28,0.0073525016,-0.02263424,-0.015685556,-0.014765053,-0.013796224,-0.012243527,-0.010686354,-0.010660345,-0.008471949,-0.007762384,-0.007660603,-0.0069966516,-0.006896652,-0.006796652,-0.0058366954,-0.004288785,-0.0032246627,-0.0026096974,0.0067522214,0.007394244,0.007494244,0.00842965,0.008577446,0.009366294,0.009466294,0.009566294,0.009666294,0.009766294,0.0098662935,0.011461981,0.012632554,0.013120414,0.01486012,0.01722944,0.018307434,-0.01500918,-0.010469217,-0.008102442,-0.0045912983,0.007907331,0.009747662,0.0111241955,0.014550364
2020-08-31,0.0042095617,-0.023261363,-0.01565287,-0.015023794,-0.014412889,-0.0124353925,-0.012335393,-0.012235393,-0.011070481,-0.010970481,-0.010870481,-0.010770481,-0.010670481,-0.01065699,-0.010400224,-0.007432435,-0.006618761,-0.0052319467,0.0029724648,0.0044196555,0.005863176,0.0066933464,0.00856808,0.009697293,0.010116799,0.010216799,0.011425846,0.011525846,0.011625846,0.011838478,0.013350969,0.0141167,0.015178934,0.01694978,0.018255634,-0.015619582,-0.0123271085,-0.0111207655,-0.00809077,0.0060130884,0.010369299,0.012318989,0.014902313
2020-09-01,-0.00012134272,-0.021449579,-0.0155266095,-0.014975483,-0.013654,-0.0124462545,-0.011471678,-0.008640062,-0.008540062,-0.007831915,-0.0074249352,-0.0073249354,-0.0072249356,-0.0071249357,-0.0058805505,-0.0057805507,-0.005443265,-0.004921223,0.0037372014,0.004263139,0.0043631387,0.0052170884,0.0064489977,0.0075091855,0.008232663,0.008574258,0.008674257,0.008774257,0.009912666,0.011259425,0.013220683,0.013320683,0.015096105,0.016829155,0.018147344,-0.014909625,-0.01029184,-0.008357309,-0.005870105,0.005162646,0.008513225,0.010743342,0.014555457
2020-09-02,-0.0091893785,-0.02313387,-0.015637958,-0.014691456,-0.014322957,-0.012371911,-0.011238447,-0.008892439,-0.0087924395,-0.008376194,-0.0072117615,-0.0071117617,-0.007011762,-0.0062134624,-0.0040353453,-0.0036662656,-0.0035662656,-0.0033979334,0.004624494,0.005725042,0.006689136,0.008183461,0.0082834605,0.008378315,0.008687713,0.009361594,0.010785791,0.010885791,0.010985791,0.011812319,0.013905172,0.014973474,0.015248632,0.016239867,0.018239649,-0.015341029,-0.010398196,-0.008093575,-0.0043555144,0.006781969,0.009744296,0.011943665,0.015034096
2020-09-03,-0.0008196202,-0.02025225,-0.015466911,-0.014576649,-0.013602919,-0.0119901765,-0.011890177,-0.011472278,-0.010897747,-0.009914897,-0.008419073,-0.008319073,-0.0082190735,-0.0077913096,-0.004878068,-0.0038767967,-0.0034272936,-0.0033272936,0.004912314,0.0057587093,0.0070963306,0.008661046,0.009219773,0.009424827,0.009524827,0.010568396,0.011177062,0.011830723,0.012156813,0.016170664,0.017591594,0.017691594,0.017791593,0.017891593,0.01808217,-0.014640486,-0.01175035,-0.009443476,-0.004765705,0.0071906457,0.011442877,0.01382537,0.017485524
2020-09-04,-0.00082029257,-0.023028994,-0.01566069,-0.014748,-0.013828208,-0.012338714,-0.010551503,-0.009285253,-0.008174902,-0.008074902,-0.006974076,-0.00694468,-0.0068446803,-0.0062454413,-0.006176289,-0.0059014903,-0.0058450107,-0.0054144203,0.0018049096,0.0022945346,0.004270629,0.0061947997,0.006488006,0.007722723,0.008257359,0.008504881,0.008542774,0.0096360715,0.009821777,0.011304581,0.01423931,0.014810015,0.015104345,0.01662784,0.018232768,-0.015081622,-0.010166911,-0.0077581205,-0.0060563786,0.0045644464,0.008731252,0.01088191,0.015042903
2020-09-07,-0.00012690946,-0.021131014,-0.015371397,-0.014840808,-0.013452663,-0.012331743,-0.011929089,-0.009545485,-0.009445485,-0.007667729,-0.0075677293,-0.0074677295,-0.0071336823,-0.0070336824,-0.006131476,-0.00565717,-0.0049301633,-0.0048301634,0.0061190617,0.007981485,0.008081485,0.00999614,0.01009614,0.01019614,0.01029614,0.01039614,0.011484713,0.011584713,0.011824288,0.012133179,0.01364136,0.01374136,0.01558428,0.017377779,0.018344771,-0.014843181,-0.010685719,-0.008621934,-0.00580334,0.008494862,0.010881263,0.0125222355,0.01504769
2020-09-08,-0.0025606635,-0.022481116,-0.015749076,-0.015071724,-0.014404825,-0.012035143,-0.011935143,-0.011188787,-0.010566342,-0.009925637,-0.0087640565,-0.0077004028,-0.0073163346,-0.0070398995,-0.006891606,-0.0066825165,-0.0065825167,-0.0065115467,0.0054149874,0.005664408,0.0057488503,0.0076038647,0.008046183,0.00892257,0.010206966,0.010306966,0.010406965,0.011955991,0.012055991,0.012155991,0.012540325,0.013094483,0.015251828,0.017102126,0.018272642,-0.015321059,-0.011737526,-0.009124355,-0.006873718,0.0069278153,0.01027754,0.012365353,0.0146331135
2020-09-09,0.0017967515,-0.023330908,-0.01574453,-0.014731093,-0.013887685,-0.012636653,-0.011228767,-0.010161242,-0.010061243,-0.009961243,-0.008263484,-0.008163484,-0.008063484,-0.007963484,-0.0065870555,-0.0055701775,-0.004341531,-0.0032276537,0.005898157,0.005998157,0.006940792,0.008351084,0.00984385,0.009943849,0.0100796325,0.010179632,0.010279632,0.010979068,0.011079068,0.011433624,0.013114031,0.013687621,0.015362401,0.017273974,0.01812157,-0.015365708,-0.011228718,-0.009116093,-0.0055779805,0.0074535646,0.010476004,0.011826759,0.014726165
2020-09-10,0.005848815,-0.023286104,-0.015632262,-0.014915314,-0.014265649,-0.0124623645,-0.010494834,-0.008046299,-0.007946299,-0.0078463,-0.007512755,-0.0074127554,-0.0073127556,-0.0072127557,-0.007112756,-0.007012756,-0.0063321567,-0.0059518586,0.002158531,0.0030849113,0.0039046328,0.00607341,0.006737936,0.0068379357,0.007177125,0.0079048,0.0080047995,0.008220891,0.00998985,0.012466354,0.01329888,0.014296167,0.015217215,0.017249469,0.018032089,-0.015228244,-0.009849809,-0.00809588,-0.0067644566,0.004479722,0.008433583,0.010779822,0.015068591
2020-09-11,-0.004046834,-0.023399105,-0.015738226,-0.014880431,-0.013980817,-0.0126922075,-0.010508417,-0.008507659,-0.008407659,-0.00720439,-0.0066618603,-0.0065618604,-0.0064618606,-0.0061237807,-0.0040539405,-0.0039539407,-0.0038539406,-0.0033761112,0.003689126,0.0037891262,0.004626436,0.0078347735,0.00871503,0.009299268,0.009887599,0.010564738,0.010664738,0.010764738,0.01323178,0.01333178,0.013553891,0.013653891,0.015153792,0.016659724,0.018193748,-0.015263754,-0.009901712,-0.007632716,-0.0043599587,0.0059654126,0.010535111,0.012629366,0.015078607
2020-09-14,0.0035668784,-0.021757761,-0.015563097,-0.014817853,-0.014227442,-0.012313343,-0.009961922,-0.00827505,-0.00817505,-0.00807505,-0.0075675286,-0.007467529,-0.0072972407,-0.007197241,-0.007097241,-0.006083107,-0.0052850354,-0.0050019547,0.0026503545,0.0031282757,0.0047843987,0.007185384,0.007968448,0.008132131,0.008232131,0.011249309,0.011349309,0.011449309,0.011549309,0.013715492,0.01506496,0.016620755,0.016720755,0.016820755,0.018239148,-0.014764713,-0.009860985,-0.008039797,-0.0061869733,0.0051961085,0.010502937,0.012956835,0.016092222
2020-09-15,-0.0023568063,-0.02332955,-0.015543689,-0.014658385,-0.0138659105,-0.012219635,-0.010902922,-0.010802922,-0.010702922,-0.010602922,-0.010502922,-0.0104029225,-0.010302923,-0.010202923,-0.009908107,-0.008785749,-0.0065371366,-0.006437137,0.005334929,0.005434929,0.005961833,0.0066739297,0.0073537296,0.0074292007,0.0082408,0.008658082,0.008758082,0.008858082,0.008987219,0.011278604,0.012967543,0.013067543,0.015250704,0.01706312,0.018075747,-0.015172342,-0.011534015,-0.0105229225,-0.008414211,0.0063292845,0.008715539,0.010626538,0.014490512
2020-09-16,-0.0008973828,-0.02133199,-0.015486006,-0.014604806,-0.014182312,-0.012182887,-0.0118255485,-0.008628293,-0.0073131123,-0.0072131124,-0.0056889886,-0.005588989,-0.005556878,-0.0054568783,-0.0053568785,-0.0052568787,-0.0048602265,-0.004344924,0.0026160078,0.003288857,0.003388857,0.0035599552,0.004826835,0.0062819268,0.0068956325,0.0069956323,0.007095632,0.007195632,0.008811291,0.011778909,0.013485062,0.013585062,0.015595175,0.01722748,0.018412866,-0.015001749,-0.009916974,-0.007168281,-0.005081579,0.003949862,0.0074157873,0.010095328,0.0148978755
2020-09-17,-0.0010208277,-0.023416743,-0.015788008,-0.014734334,-0.01419252,-0.011653103,-0.0105565395,-0.00860858,-0.007372047,-0.0060969074,-0.0052676704,-0.005184712,-0.005084712,-0.004984712,-0.0048847124,-0.0048013977,-0.004542852,-0.004042593,0.0026247848,0.002724785,0.002824785,0.002924785,0.004554742,0.0051358733,0.0056066522,0.005706652,0.006040597,0.0075917793,0.0091723185,0.0120322155,0.014113859,0.014229324,0.0153579945,0.0173634,0.018636059,-0.015121383,-0.009473681,-0.006653136,-0.0046912534,0.0033411584,0.007004252,0.010038981,0.015274972
2020-09-18,0.0028168974,-0.022724386,-0.015608817,-0.014880219,-0.014780219,-0.013465421,-0.012863999,-0.01026586,-0.009613548,-0.007586536,-0.007486536,-0.0073865363,-0.0073660486,-0.0068490603,-0.006293288,-0.005814673,-0.005714673,-0.0056146733,0.00205767,0.0022703542,0.003728381,0.0050439187,0.0052007567,0.00653617,0.007487116,0.0075871157,0.0076871156,0.007743196,0.011613873,0.014130607,0.016781187,0.018086389,0.018186389,0.018286388,0.018361816,-0.015888568,-0.011042031,-0.008835839,-0.0061647682,0.004117488,0.008239569,0.011872237,0.017129276
2020-09-21,-0.010026097,-0.022372583,-0.015637478,-0.0149360215,-0.013527586,-0.01247382,-0.011291477,-0.008845438,-0.008042413,-0.007942413,-0.007842413,-0.0077424133,-0.0076424135,-0.0074458467,-0.006578139,-0.005623232,-0.0054989313,-0.0053989314,0.003568871,0.0042734034,0.0043734033,0.0044682533,0.004912608,0.0064764153,0.006576415,0.0069267265,0.0070267264,0.007126726,0.007226726,0.011384403,0.012554549,0.013298625,0.014405113,0.016200868,0.018600289,-0.015060589,-0.0102115525,-0.008452913,-0.006168329,0.004652069,0.0073653758,0.009433939,0.014407748
2020-09-22,-0.0030311684,-0.022731455,-0.015638575,-0.014908372,-0.014334571,-0.012269656,-0.011177857,-0.008949623,-0.008849624,-0.0083750365,-0.008275037,-0.008175037,-0.008075037,-0.007975037,-0.0073953485,-0.0071930825,-0.0070930826,-0.0054310267,0.004330337,0.0044578486,0.005744822,0.0075335316,0.0076335315,0.007903783,0.009765986,0.009865986,0.009965986,0.010065986,0.010165986,0.0139923245,0.014631332,0.01655577,0.01665577,0.016755769,0.01879177,-0.015230423,-0.010452103,-0.008870518,-0.0070575154,0.006366505,0.009892322,0.01216921,0.016145393
2020-09-23,-0.0021686184,-0.022001503,-0.015577573,-0.01486539,-0.014147454,-0.0121932225,-0.010184229,-0.008712873,-0.006995549,-0.006614794,-0.0054446575,-0.0053446577,-0.005244658,-0.005144658,-0.005047236,-0.003912342,-0.0034524207,-0.002931583,0.0038381233,0.0048694294,0.005935594,0.007436003,0.007536003,0.00789308,0.009057588,0.009166166,0.009266166,0.009422992,0.011517509,0.012341071,0.013638415,0.015235057,0.015240544,0.016465964,0.01936365,-0.014820796,-0.009474567,-0.0066027506,-0.004137648,0.006227348,0.009271862,0.011557656,0.015408831
2020-09-24,-0.0009596272,-0.023685025,-0.015804099,-0.0148406215,-0.014284025,-0.012120039,-0.009020374,-0.007817183,-0.0070499713,-0.006550606,-0.0047322777,-0.004469808,-0.0043698084,-0.0042698085,-0.0041698087,-0.004069809,-0.003969809,-0.0034416795,0.0041232402,0.00422324,0.004395025,0.0050756973,0.005694857,0.0064761415,0.00691113,0.007467896,0.008897538,0.008997538,0.009728178,0.011985904,0.013265654,0.013365654,0.014184625,0.016561545,0.018612778,-0.014982712,-0.00905575,-0.005888448,-0.004024183,0.0049456665,0.008124468,0.010758756,0.014758307
2020-09-25,-0.004116695,-0.023657467,-0.015660534,-0.014777168,-0.012995442,-0.011952479,-0.010476043,-0.010082987,-0.009982987,-0.0098829875,-0.009782988,-0.009682988,-0.009582988,-0.009482988,-0.009382988,-0.007952839,-0.0067507452,-0.0063515836,0.004087113,0.00455157,0.00575496,0.007874808,0.007974808,0.009156229,0.009256229,0.009356229,0.009456228,0.009556228,0.009656228,0.011144129,0.013690569,0.015112853,0.0152128525,0.015532818,0.018566765,-0.014948392,-0.011040434,-0.009861599,-0.008024229,0.006304936,0.009437525,0.011005133,0.014809427
2020-09-28,0.0036301033,-0.020692896,-0.015459866,-0.014779189,-0.014159921,-0.012254068,-0.011228666,-0.008490038,-0.0072626616,-0.007199465,-0.0071917363,-0.0066063586,-0.0065063587,-0.006406359,-0.006306359,-0.005953951,-0.005853951,-0.0058236127,0.0038622727,0.003962273,0.0040622726,0.0045152046,0.007962081,0.008224158,0.008324157,0.008384861,0.010209722,0.010309722,0.011542032,0.011642031,0.012626491,0.013198978,0.014106184,0.016087046,0.018822113,-0.014759083,-0.009792004,-0.0077191563,-0.0061088465,0.0049452363,0.00930457,0.011561939,0.014475333
2020-09-29,0.0048403563,-0.022222608,-0.015654884,-0.014605886,-0.014080572,-0.012610621,-0.011236543,-0.009491718,-0.007993076,-0.007893076,-0.0073118396,-0.00721184,-0.00711184,-0.0066924472,-0.0065924474,-0.0056197494,-0.0051572016,-0.004982745,0.0037841517,0.0038841518,0.003984152,0.004719101,0.005726052,0.0061140684,0.00704556,0.00714556,0.0072455597,0.0073455595,0.008944104,0.01241876,0.013017567,0.01338095,0.014687702,0.01625688,0.01888349,-0.015161047,-0.010244059,-0.008069148,-0.0059127966,0.004683423,0.00775,0.010128337,0.014791531
2020-09-30,0.00045864956,-0.022640377,-0.015698109,-0.014677264,-0.01426038,-0.012686819,-0.010553777,-0.009471136,-0.009023551,-0.008923551,-0.007898288,-0.007798288,-0.007345113,-0.007129552,-0.007029552,-0.005613368,-0.0053599006,-0.005212878,0.002708639,0.0036758138,0.0037758138,0.0046695685,0.0047695683,0.0049260594,0.005066359,0.006101001,0.006201001,0.0063010007,0.00721914,0.011425309,0.011971089,0.012986662,0.014584045,0.016556064,0.018926846,-0.015167892,-0.010529855,-0.008390056,-0.0062027974,0.0039792387,0.0067045875,0.009146099,0.0143731935
2020-10-01,0.002519883,-0.022503147,-0.015657473,-0.014992798,-0.013817545,-0.012251924,-0.01054067,-0.00899819,-0.00889819,-0.00879819,-0.008698191,-0.008598191,-0.008498191,-0.008398191,-0.008298191,-0.00749123,-0.0059235557,-0.005048862,0.00309013,0.003773675,0.0044068084,0.0060821343,0.008500122,0.008562714,0.009429947,0.009529946,0.009629946,0.009729946,0.0098663345,0.013006757,0.013235985,0.015121091,0.015190881,0.016195564,0.018969854,-0.014954152,-0.010445607,-0.0090066865,-0.0070720064,0.005356539,0.009865897,0.011484773,0.015305852
2020-10-02,-0.003905006,-0.02168375,-0.015520029,-0.014582853,-0.013671518,-0.012253726,-0.011449554,-0.0083485115,-0.008248512,-0.008152048,-0.0066111195,-0.0065111197,-0.006327535,-0.006227535,-0.0061275354,-0.0049823667,-0.004147196,-0.0040471964,0.0026978594,0.004374847,0.0044748466,0.006597869,0.008343053,0.008524717,0.008624717,0.008998771,0.009739958,0.009839958,0.009939957,0.012167737,0.012794905,0.015157626,0.015257626,0.01674492,0.019048542,-0.014915715,-0.010156296,-0.007772851,-0.005163083,0.0053540273,0.009574847,0.011389047,0.015182746
2020-10-05,0.006721963,-0.02172984,-0.015666695,-0.015051718,-0.014544648,-0.012337594,-0.011266475,-0.0089418655,-0.0074815312,-0.0073255454,-0.0073003033,-0.006920493,-0.005875764,-0.0053532515,-0.004492626,-0.0044745444,-0.0043745446,-0.0032045827,0.0020099876,0.0025962114,0.0035328316,0.006012378,0.0063602393,0.006525707,0.00755354,0.00765354,0.00775354,0.0099859545,0.012104339,0.012323677,0.013250597,0.014836353,0.015759243,0.016673215,0.018677445,-0.01510905,-0.010013427,-0.0074554645,-0.004693358,0.00434099,0.008569824,0.01158535,0.015152258
2020-10-07,-0.0015519563,-0.022365978,-0.015522336,-0.015018182,-0.014064243,-0.0126509685,-0.011019885,-0.007955258,-0.0055530732,-0.0054530734,-0.0053530736,-0.004506326,-0.004406326,-0.004306326,-0.0042063263,-0.0041063265,-0.0040063267,-0.003666364,0.003093939,0.004875763,0.0049757627,0.0055231764,0.0059940955,0.0078539755,0.010320016,0.010420016,0.010520016,0.010620016,0.011307354,0.011407354,0.013234713,0.013566499,0.015090075,0.016268205,0.01911606,-0.015124681,-0.008999894,-0.0061277365,-0.004098334,0.0057577314,0.009259092,0.011788962,0.014718567
2020-10-08,-0.0011735269,-0.022833057,-0.015879543,-0.014767641,-0.014196738,-0.012219884,-0.011244746,-0.008264301,-0.00787598,-0.006569224,-0.0058505624,-0.0057505625,-0.005395225,-0.0047435686,-0.004643569,-0.004543569,-0.0039537693,-0.003180518,0.0032778722,0.004490002,0.004590002,0.006403668,0.0075101596,0.00851053,0.009301387,0.009695101,0.012366191,0.01246619,0.014874719,0.014974719,0.016186439,0.016286438,0.016386438,0.016486438,0.019112444,-0.015274795,-0.009744379,-0.0070220158,-0.0044143973,0.005612586,0.010631341,0.014213651,0.016609296
2020-10-09,0.005604335,-0.022400536,-0.015558317,-0.014863108,-0.013902198,-0.0120309135,-0.010414867,-0.008163375,-0.0071827164,-0.0058561866,-0.005177297,-0.0043553784,-0.0035059152,-0.0031768312,-0.003076831,-0.002976831,-0.002876831,-0.002776831,0.0035898539,0.004619761,0.00523667,0.007723902,0.0080073,0.0081073,0.008821641,0.010582057,0.010682057,0.0107820565,0.012261881,0.012932855,0.0138102155,0.013910215,0.014134548,0.015993841,0.01880557,-0.014861366,-0.00929605,-0.005891525,-0.0032125406,0.0059983656,0.010082314,0.012158679,0.01509054
2020-10-12,-0.0011535113,-0.02201063,-0.015699856,-0.014788476,-0.013760144,-0.012531401,-0.011298131,-0.0069117327,-0.006811733,-0.0062222085,-0.0056375302,-0.005101611,-0.0047333315,-0.0046333317,-0.004533332,-0.004433332,-0.0039502284,-0.0029722666,0.0035111776,0.0046266504,0.0053410204,0.006373266,0.007438059,0.007538059,0.009853106,0.010601871,0.011011911,0.01111191,0.01121191,0.012863759,0.012917866,0.013288938,0.014786031,0.016966812,0.019205365,-0.015060033,-0.009206456,-0.0066228113,-0.004198154,0.005941044,0.009910732,0.012197104,0.015048549
2020-10-13,-0.00578334,-0.02182864,-0.015468355,-0.014689662,-0.014021174,-0.0125399195,-0.010824501,-0.008304591,-0.00764261,-0.0062544877,-0.006154488,-0.006054488,-0.0059877294,-0.005882301,-0.0049443543,-0.004915585,-0.0043481844,-0.0029321255,0.0009883882,0.0018410403,0.0025198031,0.0032674228,0.0036752375,0.004395906,0.006357152,0.0065763383,0.0077843512,0.009253294,0.009353294,0.0110046165,0.012014885,0.013174015,0.014125005,0.01613006,0.018972429,-0.014936519,-0.00954317,-0.0072983257,-0.0046389475,0.0029947613,0.0069810785,0.010304112,0.0142592015
2020-10-14,0.0014622671,-0.022311253,-0.015608953,-0.014926074,-0.01396456,-0.01223087,-0.011324846,-0.008342785,-0.007074498,-0.0069744983,-0.0068744984,-0.0067744986,-0.006709559,-0.005738971,-0.005638971,-0.0029645204,-0.0029204127,-0.0028204126,0.0012447843,0.0023966713,0.0024966714,0.003930464,0.0040304638,0.0046483167,0.0061139534,0.008694525,0.008794525,0.010609844,0.010709844,0.012996103,0.015902909,0.016076535,0.016176535,0.016270377,0.0193304,-0.015088096,-0.009728541,-0.007544474,-0.004223763,0.0032365092,0.00819585,0.01185737,0.016115265
2020-10-15,-0.0046261144,-0.022635523,-0.015629917,-0.014817021,-0.014010525,-0.01279273,-0.011476668,-0.010843354,-0.010325477,-0.010183086,-0.009687096,-0.009046064,-0.007840898,-0.0061791204,-0.0060707442,-0.0028317354,-0.002352552,-0.0021246138,0.004795135,0.0053505898,0.006262074,0.0068088137,0.007673412,0.00844836,0.008941751,0.009041751,0.009329448,0.009429448,0.009529448,0.010789316,0.012642404,0.013278973,0.014962963,0.016230289,0.018828252,-0.015309073,-0.011529121,-0.009101851,-0.004485142,0.0064316727,0.0090764575,0.010808125,0.014353847
2020-10-16,0.0013922167,-0.022215365,-0.01548307,-0.014467969,-0.01355225,-0.011987675,-0.010597425,-0.00837798,-0.007465218,-0.0055128643,-0.005230188,-0.0044124597,-0.004136778,-0.004036778,-0.0036513244,-0.0017963841,-0.0013022231,-0.0011555977,0.003939226,0.0040392256,0.004238593,0.005123179,0.0068026185,0.0069026183,0.007002618,0.007102618,0.0073543694,0.007454369,0.0076288115,0.01154623,0.01164623,0.013239658,0.014251958,0.016418623,0.019211024,-0.014767157,-0.009284291,-0.0062932773,-0.0024635978,0.0048685684,0.00796169,0.009647148,0.014412353
2020-10-19,0.0061223423,-0.021629216,-0.015565559,-0.014632077,-0.013621276,-0.012156365,-0.011528267,-0.008903744,-0.007938237,-0.006744452,-0.0067027654,-0.0066027655,-0.006364916,-0.0055482704,-0.0040723663,-0.0024639813,-0.0021097122,-0.000948706,0.003316174,0.0036084258,0.0040554265,0.005699827,0.0067922883,0.007899309,0.0087428875,0.008842887,0.008942887,0.009042887,0.009142887,0.011224005,0.011783123,0.012897645,0.014910974,0.016342359,0.018974708,-0.014900136,-0.009949354,-0.0076164915,-0.0032395062,0.005084548,0.008760275,0.010652728,0.014244367
2020-10-20,0.0029816255,-0.022113534,-0.015549974,-0.014646769,-0.013989216,-0.012211293,-0.011131997,-0.008473214,-0.007086303,-0.0038803383,-0.0037803382,-0.0036803382,-0.0030141356,-0.0020853933,-0.0017103455,-0.001056731,-0.00078882417,-0.00068882416,0.0034853583,0.003995513,0.004202903,0.00508248,0.0071674436,0.007882114,0.007982113,0.008082113,0.008227893,0.008965607,0.009065607,0.011120946,0.01302973,0.013403032,0.014368987,0.016887754,0.019210737,-0.0149992015,-0.009043724,-0.0054196334,-0.0015850127,0.004949673,0.008643644,0.010349807,0.01473044
2020-10-21,0.003912578,-0.022304326,-0.015555974,-0.014598392,-0.013770802,-0.0124998875,-0.011658144,-0.00978913,-0.008612114,-0.008603132,-0.0072409273,-0.005645631,-0.005545631,-0.005445631,-0.0049367417,-0.0021818604,-0.0013099835,-0.0012099836,0.0023053193,0.0032944246,0.0047820206,0.0066694445,0.00697571,0.009061061,0.009281088,0.0093810875,0.009481087,0.009581087,0.009681087,0.011010236,0.012414902,0.013090722,0.014692072,0.016415358,0.019069549,-0.015157828,-0.010652183,-0.0077004894,-0.00305684,0.005266459,0.009201837,0.010889114,0.014400154
2020-10-22,-0.0039231502,-0.022259008,-0.015644258,-0.014798005,-0.013858554,-0.012676514,-0.011308311,-0.009746871,-0.009646871,-0.009546871,-0.009026981,-0.008926981,-0.008465413,-0.007907165,-0.006290496,-0.0054657515,-0.004077034,-0.0031802421,0.0019322123,0.0020322122,0.002415012,0.0031191995,0.0043992293,0.006519642,0.006619642,0.006719642,0.0071181203,0.008740741,0.009615312,0.011449831,0.01154983,0.0128899235,0.0137296105,0.016010085,0.018712802,-0.015149328,-0.011009386,-0.009270948,-0.0055881008,0.0032236557,0.0075658173,0.010130723,0.014122495
2020-10-23,0.0016606175,-0.021568257,-0.015450434,-0.014258966,-0.013363067,-0.012888178,-0.009636518,-0.009536518,-0.009436518,-0.009336518,-0.008942644,-0.008842644,-0.0075963954,-0.0060260054,-0.0059730266,-0.0055098236,-0.0046657654,-0.0037169836,0.0036785083,0.0039199754,0.005630146,0.005765801,0.006676816,0.0077374764,0.00992023,0.010171033,0.011554135,0.011654135,0.011754135,0.0123991575,0.012499157,0.013068122,0.014245865,0.016991107,0.019423261,-0.01458129,-0.010441007,-0.008327616,-0.0057416484,0.005782932,0.009727724,0.012321485,0.014876162
2020-10-26,-0.0023120958,-0.022290764,-0.015597948,-0.014705514,-0.013949583,-0.0127210505,-0.010162386,-0.009809129,-0.00895132,-0.008916326,-0.00781536,-0.0077153603,-0.0076153604,-0.0075153606,-0.006656572,-0.005304971,-0.0040897494,-0.003547912,0.004701721,0.004801721,0.00488861,0.0059143477,0.007699646,0.007799646,0.010230702,0.010330702,0.010430702,0.010530702,0.010630702,0.0107307015,0.012301648,0.013096057,0.013764459,0.015932169,0.018697988,-0.014944347,-0.010508935,-0.008411958,-0.0054629133,0.0061074207,0.00941828,0.0112174535,0.014151713
2020-10-27,0.0015476246,-0.02260551,-0.015635237,-0.014783786,-0.0139027145,-0.013247929,-0.011443176,-0.009640082,-0.008253757,-0.007998696,-0.0069264863,-0.0068264864,-0.0067264866,-0.006626487,-0.0052518803,-0.005052588,-0.003799925,-0.0035230427,0.0044394317,0.0045394315,0.006238684,0.006883078,0.008050668,0.008535002,0.010716594,0.012245189,0.012580226,0.012680226,0.012780226,0.012880226,0.0129802255,0.013181438,0.014286293,0.016431281,0.019375905,-0.015366914,-0.010423899,-0.007995279,-0.0048907846,0.0065634437,0.010878262,0.0130414395,0.0149698155
2020-10-28,-0.0070236726,-0.022019645,-0.015328946,-0.014603965,-0.01359538,-0.013164387,-0.012043268,-0.0106405495,-0.008464397,-0.0080974,-0.0077764946,-0.0075318767,-0.0068004183,-0.0063204695,-0.005745745,-0.0041719964,-0.003569361,-0.003469361,0.004449944,0.0047813198,0.005118982,0.0056556375,0.0072690756,0.0073690754,0.0101901665,0.010290166,0.010390166,0.010490166,0.010590166,0.011221925,0.012584507,0.0139754005,0.014349575,0.01655742,0.019348715,-0.015230325,-0.010769916,-0.008281009,-0.004897668,0.00603921,0.00932808,0.0114084,0.014737594
2020-10-29,-0.007984373,-0.02191088,-0.01598495,-0.014604317,-0.013787991,-0.013248887,-0.013148887,-0.009102873,-0.009002873,-0.0077661676,-0.0072583705,-0.0071583707,-0.007058371,-0.0067630913,-0.0053930334,-0.0045398404,-0.0044398406,-0.0043398407,0.0026336096,0.0027336096,0.002753457,0.0036753453,0.0037774257,0.004071616,0.0073239934,0.008584972,0.008684971,0.009080346,0.009180346,0.010740068,0.01146363,0.012639339,0.01424915,0.016388843,0.019048309,-0.015616318,-0.010725023,-0.008646319,-0.005174185,0.003824003,0.0072508855,0.0103869755,0.014056039
2020-10-30,-0.000898971,-0.022372272,-0.015524974,-0.014411262,-0.013936837,-0.012005727,-0.010592241,-0.008929576,-0.008360429,-0.0077256765,-0.007369214,-0.0072692144,-0.0071692145,-0.005815441,-0.0056564915,-0.0038151427,-0.0035935561,-0.003493556,0.0048247585,0.005240836,0.00563005,0.0069277566,0.0070277564,0.0071277563,0.007452259,0.011162657,0.011262657,0.011362657,0.011476804,0.013481856,0.017119858,0.017658928,0.017758928,0.017858928,0.018307697,-0.014886409,-0.010003837,-0.007861308,-0.004765592,0.006015132,0.010032536,0.013068581,0.016885454
2020-11-02,-0.0009406005,-0.022255223,-0.015609319,-0.0147950025,-0.014264612,-0.012286542,-0.011046412,-0.008837112,-0.0077313287,-0.007631329,-0.007531329,-0.007431329,-0.0073313294,-0.007057895,-0.005565707,-0.004747302,-0.004152117,-0.004016701,0.004806476,0.005670693,0.005936761,0.007315402,0.0074154017,0.007728779,0.009673469,0.009773469,0.009873468,0.009973468,0.010073468,0.011115309,0.01253012,0.012857869,0.013076581,0.015002817,0.018940778,-0.015092422,-0.010008236,-0.00813966,-0.0051826313,0.0066805603,0.009201285,0.010822458,0.0140893785
2020-11-03,0.008013935,-0.02173005,-0.01557267,-0.014941873,-0.014381132,-0.01290703,-0.011388668,-0.011288668,-0.011188668,-0.011088668,-0.01027999,-0.008911828,-0.008811828,-0.008206425,-0.008106425,-0.004971997,-0.0038544436,-0.0022420553,0.0041875564,0.006200906,0.007143707,0.007262329,0.007362329,0.0074623288,0.007947137,0.0080471365,0.008140611,0.008240611,0.008340611,0.010918108,0.011775091,0.013076672,0.0140271485,0.015780764,0.019005634,-0.015195911,-0.011979309,-0.009975115,-0.00561735,0.0065483274,0.008406103,0.009933418,0.014111253
2020-11-04,-0.0018816206,-0.021716539,-0.015516921,-0.014627579,-0.014004531,-0.012074762,-0.011641837,-0.011427003,-0.0090641,-0.0064881644,-0.0063881646,-0.0062881648,-0.006188165,-0.004260875,-0.0034006254,-0.0007888829,-1.681216e-05,-7.770706e-06,0.0027565814,0.0042749993,0.005104253,0.0054522464,0.0064661615,0.0070505543,0.007150554,0.007375624,0.007475624,0.0076427944,0.009488525,0.011141854,0.011451956,0.013072103,0.013638038,0.015171783,0.018752815,-0.014990918,-0.010649737,-0.007508628,-0.0021004514,0.0049477266,0.007935398,0.009877367,0.013918102
2020-11-05,0.009986187,-0.02296384,-0.015588876,-0.015488876,-0.015388876,-0.015288876,-0.015188877,-0.015088877,-0.014988877,-0.014888877,-0.012331708,-0.0122317085,-0.012131709,-0.0108081205,-0.010708121,-0.008616273,-0.0068764514,-0.005740051,0.0022640114,0.0023640115,0.0032206099,0.004404033,0.004504033,0.0048954785,0.00617556,0.00627556,0.0063755596,0.008116542,0.008226539,0.01360534,0.01370534,0.01380534,0.015057481,0.01557229,0.019193422,-0.016883869,-0.015128876,-0.013089858,-0.00883452,0.003685645,0.007479391,0.010276293,0.0151763465
2020-11-06,0.00402989,-0.022650592,-0.015713861,-0.015642934,-0.015338325,-0.01443769,-0.011982329,-0.011882329,-0.010347486,-0.008669408,-0.008569408,-0.008469408,-0.008369409,-0.0073557864,-0.0072557866,-0.005116029,-0.004383773,-0.003754787,0.0021797232,0.0024564802,0.0028404153,0.0044258013,0.005124022,0.005635594,0.005735594,0.0058355937,0.0062985746,0.007291454,0.008177901,0.01176111,0.01186111,0.014713515,0.014813514,0.015491111,0.018270632,-0.01602456,-0.0117048975,-0.009324884,-0.0057959566,0.0035276026,0.007129555,0.009668511,0.014419496
2020-11-09,-0.0037825652,-0.023211563,-0.015437429,-0.0146043375,-0.013583667,-0.013483667,-0.011524218,-0.011424218,-0.010290382,-0.010190383,-0.008608464,-0.008508464,-0.0071851662,-0.0069553284,-0.005928162,-0.0052213506,-0.0034475958,-0.001962563,0.007748439,0.007848439,0.008376132,0.008476132,0.008576131,0.008676131,0.008776131,0.008876131,0.009050909,0.009090313,0.011153649,0.011354794,0.013603346,0.015570389,0.015670389,0.016066229,0.019320764,-0.015448108,-0.011606708,-0.008912711,-0.005013627,0.008245055,0.009314699,0.01126401,0.015183104
2020-11-10,-0.0006448633,-0.023009514,-0.018875245,-0.018775245,-0.018675245,-0.016139235,-0.016039236,-0.015939236,-0.015839236,-0.011433555,-0.011333555,-0.011233555,-0.0071391226,-0.0070391227,-0.0062729735,-0.0061729737,-0.0046282182,-0.0016840931,0.0044889892,0.0047562267,0.0048562265,0.0061200107,0.0062200106,0.0063200104,0.008447957,0.008547957,0.009481083,0.009780433,0.010900051,0.01491688,0.015779816,0.01722876,0.018113934,0.018213933,0.018788423,-0.018547695,-0.0156053025,-0.011478054,-0.005998363,0.005733882,0.009157059,0.012638477,0.016985562
2020-11-11,-0.0052844877,-0.021166101,-0.018694293,-0.017075935,-0.015605396,-0.015505396,-0.014824401,-0.013594449,-0.013039798,-0.011427301,-0.009212792,-0.009112792,-0.009012792,-0.007859376,-0.004233802,-0.0033008994,-0.0032483183,-0.0025052119,0.00576257,0.007524762,0.0076247617,0.008441387,0.011473346,0.011573345,0.011673345,0.011773345,0.011873345,0.012518208,0.014259219,0.014359219,0.014459219,0.015008113,0.015108113,0.016224867,0.019293023,-0.017159116,-0.013992377,-0.010789832,-0.0044802045,0.008205365,0.012339492,0.013623622,0.01586889
2020-11-12,0.0044550686,-0.023286907,-0.015754351,-0.014829392,-0.014176808,-0.01259234,-0.011382979,-0.007662488,-0.0075624883,-0.007228942,-0.0071289423,-0.0061922492,-0.0060922494,-0.0050230105,-0.005016433,-0.004655625,-0.0029678303,-0.0018730938,0.0034029826,0.0034621393,0.004500702,0.0048493133,0.004949313,0.00557862,0.006677777,0.008588752,0.009482964,0.011868328,0.011968328,0.0120683275,0.012168327,0.012991714,0.013087669,0.015380773,0.018753635,-0.015438678,-0.009733258,-0.007437934,-0.004141046,0.0045785825,0.008610668,0.011695124,0.014272556
2020-11-13,0.00082095905,-0.021807428,-0.015629636,-0.01466975,-0.014161398,-0.013570595,-0.010062217,-0.009515196,-0.0076997047,-0.006625983,-0.006525983,-0.0063203503,-0.0060658446,-0.0054335343,-0.005069957,-0.004779569,-0.0045295903,-0.0039000679,0.0037962832,0.0038962832,0.0049288822,0.0050258036,0.0051258034,0.005860082,0.0059600817,0.0063979775,0.007077596,0.007177596,0.008107198,0.0107984785,0.012051183,0.012745346,0.013097884,0.014700134,0.018859355,-0.015046254,-0.00971457,-0.007157457,-0.0049199066,0.0047214665,0.007071987,0.009251751,0.013830898
2020-11-16,0.0012555248,-0.021313114,-0.015534511,-0.014622441,-0.013810566,-0.012359442,-0.011206532,-0.009509747,-0.0083788335,-0.00811892,-0.006356023,-0.006256023,-0.006156023,-0.00586586,-0.00576586,-0.0044281674,-0.0038390802,-0.0031143855,0.0029138732,0.0032878828,0.003514221,0.0050170277,0.0052347505,0.006487052,0.006587052,0.0066870516,0.0067870514,0.007733539,0.0078335395,0.010631274,0.011943352,0.012998727,0.013940535,0.014593375,0.019096896,-0.014844833,-0.010367295,-0.0075926543,-0.0046807034,0.004264011,0.0073547335,0.009385188,0.013852725
2020-11-17,0.0034477448,-0.021784177,-0.015530038,-0.014850226,-0.0134144,-0.012606031,-0.011979267,-0.01119767,-0.0110976705,-0.010997671,-0.009869061,-0.009769062,-0.007971996,-0.007203451,-0.0059974506,-0.0059427745,-0.004815725,-0.00421399,0.003328982,0.004291638,0.005124587,0.0054418035,0.0065313424,0.006631342,0.006731342,0.008255649,0.008355649,0.008455649,0.009991836,0.011225661,0.01159102,0.012831709,0.013161966,0.0143376235,0.018597484,-0.015062782,-0.012024501,-0.009624289,-0.0061478005,0.0049836705,0.008219929,0.010238152,0.0137167
2020-11-18,-9.262787e-05,-0.020916922,-0.015456662,-0.014614706,-0.013770742,-0.012136832,-0.011088439,-0.008537856,-0.008437856,-0.007826149,-0.0077261496,-0.00762615,-0.00752615,-0.0067939074,-0.0053571593,-0.0042277784,-0.0038725121,-0.002625002,0.0035337976,0.0037256228,0.0043091853,0.0059503424,0.006050342,0.0067216693,0.0074696825,0.008182137,0.008282137,0.009437252,0.010002063,0.011624739,0.012711521,0.012811521,0.013164452,0.014320046,0.018844131,-0.01467392,-0.010101001,-0.0083145,-0.0047417204,0.004997726,0.008403229,0.010502128,0.0140623925
2020-11-19,-0.0029707428,-0.021314198,-0.015450072,-0.01464839,-0.0132296,-0.012340566,-0.010267299,-0.008768504,-0.007922578,-0.0059929555,-0.0058929557,-0.0048159263,-0.0047159265,-0.0046159266,-0.0043000164,-0.003625034,-0.0034289302,-0.0034059784,0.004337048,0.0047121523,0.0056579662,0.0077179386,0.007817939,0.009055527,0.010693796,0.010793796,0.011620654,0.011720654,0.011820653,0.011920653,0.01225708,0.012967254,0.013034002,0.014925221,0.01871362,-0.014520347,-0.009519945,-0.006682937,-0.003915177,0.006623781,0.0102617135,0.012023323,0.014156764
2020-11-20,0.0012387064,-0.020786425,-0.015434143,-0.014670356,-0.013993875,-0.0125408415,-0.0113302,-0.009737327,-0.0071668173,-0.0059388313,-0.0042633438,-0.004163344,-0.003183462,-0.0030625262,-0.0022582766,-0.0021582765,-0.0019380605,-0.001250955,0.00466937,0.0056495746,0.006517878,0.009271583,0.009371582,0.010881771,0.012116573,0.013039514,0.013139514,0.014060102,0.014160102,0.014260102,0.014360102,0.014460102,0.014560102,0.014766909,0.018927934,-0.014817096,-0.009768707,-0.0058012703,-0.0023537825,0.007644995,0.012322614,0.014035985,0.01535503
2020-11-23,-0.0031874438,-0.022375224,-0.01554337,-0.014966383,-0.013904875,-0.012838378,-0.01155675,-0.007082664,-0.006982664,-0.006382702,-0.004916487,-0.003845445,-0.003745445,-0.0034561343,-0.002533168,-0.0019178239,-0.0015739357,-0.0014739358,0.0035587389,0.0043943236,0.0057092034,0.006027529,0.007994696,0.009811525,0.010772929,0.010872928,0.010966273,0.011066273,0.012145933,0.012245933,0.012345932,0.012783574,0.0132073015,0.014399713,0.01897921,-0.015243719,-0.009394233,-0.006131496,-0.0022688617,0.0060925446,0.010398271,0.011926343,0.014150873
2020-11-24,0.0048205275,-0.022423208,-0.015642637,-0.014849034,-0.014066822,-0.011978294,-0.011371922,-0.009660653,-0.009388995,-0.006616376,-0.006516376,-0.005260536,-0.005160536,-0.003417594,-0.0022971202,-0.0011243717,-0.00091505435,-0.00081505434,0.0036857165,0.0043312553,0.0047535673,0.007113653,0.008447149,0.009443579,0.009543579,0.011616808,0.013111017,0.013211017,0.013311016,0.014510867,0.014610867,0.016412051,0.016524862,0.016624862,0.01820073,-0.015096577,-0.010377396,-0.0071710846,-0.0020824273,0.005885554,0.011445884,0.014133756,0.016071875
2020-11-25,0.00236797,-0.022564417,-0.015670095,-0.014978961,-0.014273521,-0.012607964,-0.010581896,-0.008223927,-0.0073256297,-0.00722563,-0.00712563,-0.00702563,-0.006728182,-0.006442048,-0.0054545566,-0.004360102,-0.0040204604,-0.0031237167,0.0016249319,0.0023898394,0.0024898394,0.0033390622,0.006094539,0.0065211076,0.0068388632,0.007998781,0.010395248,0.010495248,0.011975403,0.012075403,0.0121176,0.012784471,0.013229425,0.015623206,0.018750312,-0.015139578,-0.009667208,-0.007640677,-0.0047968933,0.0033365074,0.008637016,0.011634146,0.0142701985
2020-11-27,0.003566591,-0.022382522,-0.015661374,-0.014949286,-0.013814228,-0.012385541,-0.010421672,-0.0076379436,-0.007537944,-0.0075311246,-0.007431125,-0.007331125,-0.007231125,-0.0071311253,-0.006222536,-0.0048930454,-0.0040456685,-0.0039456687,0.003986676,0.005100784,0.0052007837,0.006495612,0.0068102623,0.007632881,0.007732881,0.008670157,0.0106267305,0.011685815,0.011785815,0.011885814,0.01195652,0.012738329,0.0139218075,0.014641501,0.018929414,-0.014933067,-0.0096155945,-0.007950598,-0.0052876086,0.0057033477,0.009336986,0.011981196,0.014030317
2020-11-30,0.0016207815,-0.021048471,-0.015368153,-0.014662929,-0.0134689575,-0.011969669,-0.009613816,-0.0077949003,-0.0059458534,-0.0058458536,-0.0058210334,-0.005634102,-0.005534102,-0.004871729,-0.004662863,-0.0037880226,-0.0031295968,-0.0020426284,0.0052685086,0.0068382625,0.0069382624,0.007038262,0.007641646,0.0086069945,0.009892147,0.010222108,0.010322108,0.010422108,0.010522108,0.010997537,0.0121784,0.013044843,0.01336925,0.014738351,0.018986091,-0.014293814,-0.00877267,-0.006357307,-0.0038514428,0.007195088,0.009578078,0.011126623,0.013989044
2020-12-01,0.0056427866,-0.02329578,-0.0158181,-0.0145740155,-0.014225252,-0.012506898,-0.01122976,-0.008229337,-0.007869123,-0.005768435,-0.0056684352,-0.0055684354,-0.005457765,-0.0049067885,-0.004335462,-0.0036650305,-0.003042741,-0.002187597,0.0027983899,0.0032696824,0.004169103,0.004286642,0.0045362962,0.0056144344,0.006672018,0.0075907665,0.009114837,0.009214837,0.009314837,0.01037766,0.012484663,0.013020142,0.013082073,0.014744616,0.01928077,-0.015415157,-0.009534134,-0.0070263743,-0.0037598535,0.004239167,0.007466799,0.010220849,0.0139815705
2020-12-02,0.0038884531,-0.022632347,-0.015665807,-0.014591964,-0.013912532,-0.012672147,-0.009347087,-0.008566141,-0.0077461316,-0.007646132,-0.007594783,-0.0066408776,-0.0065408777,-0.0054047317,-0.005304732,-0.0046432866,-0.0045432867,-0.004317529,0.00461059,0.00471059,0.0052731405,0.006987979,0.007087979,0.007187979,0.0073131714,0.007804526,0.008513823,0.008613823,0.008713823,0.011094028,0.01192166,0.012993426,0.013255099,0.014366546,0.018887613,-0.014845984,-0.00957949,-0.007326722,-0.0050899424,0.005779094,0.008357667,0.01003812,0.013852654
2020-12-03,0.006842115,-0.023412634,-0.015639685,-0.014505443,-0.013572719,-0.012618737,-0.010385428,-0.008504341,-0.007005271,-0.0065260516,-0.0064260517,-0.006326052,-0.006052094,-0.0055330116,-0.005433012,-0.0037961735,-0.0036961734,-0.0031867588,0.0033713426,0.0040781787,0.0056839767,0.008857328,0.009043739,0.009466573,0.0095665725,0.01040759,0.012294367,0.01422848,0.01432848,0.01442848,0.014528479,0.015449503,0.015549503,0.015649503,0.018369926,-0.015125841,-0.009385306,-0.007080371,-0.0044876337,0.00631148,0.011514972,0.0141658615,0.015685178
2020-12-04,-0.0017426966,-0.022161875,-0.015566399,-0.014756899,-0.013805406,-0.012581959,-0.011497842,-0.011397842,-0.0087802345,-0.008680235,-0.008580235,-0.008232174,-0.007933392,-0.0060257846,-0.0054545896,-0.00535459,-0.005231975,-0.0049564946,0.004092059,0.005714702,0.005814702,0.006935286,0.0072569526,0.008153201,0.008220452,0.008320452,0.009691101,0.0097911,0.010437333,0.010537333,0.011853645,0.012812592,0.0130606275,0.014289017,0.018886097,-0.015122697,-0.011022611,-0.008563498,-0.005845965,0.00615544,0.008811807,0.010703499,0.013675737
2020-12-07,-0.0006117953,-0.021614408,-0.0156459,-0.015026625,-0.013772176,-0.012746851,-0.009346817,-0.009017575,-0.007602435,-0.0066385465,-0.0065385466,-0.006438547,-0.006338547,-0.005148524,-0.005048524,-0.0049229804,-0.0047195964,-0.0046195965,0.0031142752,0.003960223,0.0043631378,0.0054095155,0.0075157625,0.0076157623,0.007715762,0.007815762,0.007915762,0.008015762,0.008115762,0.010296451,0.012241276,0.0124455495,0.013080143,0.014366549,0.018812269,-0.014625231,-0.0095264,-0.006994974,-0.0051498488,0.0049125827,0.0082519,0.009484775,0.0136324195
2020-12-08,-0.0015754985,-0.022293994,-0.015652748,-0.015030214,-0.013773248,-0.012596052,-0.010855568,-0.0086142635,-0.0074697672,-0.0073697674,-0.0072697676,-0.0071697677,-0.007069768,-0.006969768,-0.0061540366,-0.00534527,-0.004318314,-0.00398107,0.0038197301,0.00391973,0.0044924403,0.00459244,0.005205718,0.0053057177,0.0054057175,0.0054800445,0.005511573,0.0057236785,0.0066832537,0.01000257,0.011932491,0.013012075,0.013249069,0.015737193,0.018524764,-0.015034321,-0.009867916,-0.007926928,-0.005393692,0.004446012,0.006343545,0.008234029,0.013841818
2020-12-09,-0.0025603182,-0.022583669,-0.015653703,-0.014765193,-0.014166753,-0.012673657,-0.011502895,-0.009031118,-0.0089572575,-0.007938656,-0.007838656,-0.0077386564,-0.0076386565,-0.0075386567,-0.0073875543,-0.0066533526,-0.005617359,-0.0034728514,0.0050365054,0.005048305,0.0052688364,0.006083078,0.0062301834,0.0069020074,0.0070118858,0.0071118856,0.0071719806,0.0071944534,0.0074515585,0.009863964,0.011329721,0.012991447,0.013142618,0.0150208315,0.018914135,-0.015316136,-0.010439023,-0.008695224,-0.006173955,0.0056897225,0.0074604987,0.008964916,0.01362402
2020-12-10,0.0041708453,-0.02308351,-0.015745798,-0.01484307,-0.014328623,-0.012554002,-0.012259198,-0.009729029,-0.009390187,-0.007919048,-0.007819048,-0.0077836756,-0.0075062765,-0.006910861,-0.006430676,-0.0050462475,-0.004476927,-0.0031367724,0.0043116813,0.004872482,0.005021994,0.0061755967,0.006360758,0.006848856,0.0069488557,0.0070488555,0.00777515,0.00787515,0.009326912,0.010499751,0.010707633,0.01300954,0.013816015,0.015587097,0.019222999,-0.015594226,-0.010828106,-0.008777115,-0.0053748596,0.005466122,0.007726674,0.009858595,0.013805404
2020-12-11,-0.002151388,-0.02267421,-0.015688598,-0.014599268,-0.014349279,-0.012193962,-0.011856287,-0.008982531,-0.008882531,-0.00764756,-0.0063332166,-0.0062332167,-0.005652736,-0.005552736,-0.0053004874,-0.004972029,-0.0035424102,-0.0031536482,0.0060749343,0.00675769,0.00685769,0.007429327,0.009540705,0.009775744,0.012360437,0.012460437,0.0125604365,0.012660436,0.014669812,0.014769812,0.014869812,0.015097802,0.015197801,0.01525699,0.01854756,-0.015352467,-0.010393635,-0.0076555014,-0.0046403585,0.007896015,0.011841427,0.013971659,0.015708394
2020-12-14,0.001485633,-0.023180755,-0.015594289,-0.014719319,-0.013840911,-0.012736301,-0.011046419,-0.00863147,-0.007319617,-0.0065993425,-0.005807997,-0.004647391,-0.004547391,-0.0044473913,-0.0043473914,-0.0032022991,-0.0028979946,-0.001812406,0.0056097633,0.005716013,0.006137252,0.008291882,0.008722751,0.008822751,0.009682693,0.01084143,0.012124583,0.012224583,0.012324583,0.012424583,0.012804499,0.012951892,0.013170994,0.014289033,0.01865076,-0.0152797345,-0.0096632335,-0.006633763,-0.0033814963,0.0070875203,0.010607218,0.012453864,0.014224154
2020-12-15,0.0023292343,-0.020586496,-0.015350255,-0.014387373,-0.013646423,-0.01239207,-0.01148371,-0.008919897,-0.008819897,-0.0077047106,-0.0076047108,-0.007504711,-0.007404711,-0.0067459424,-0.0054855756,-0.004683323,-0.0034707806,-0.003076325,0.005238446,0.00690877,0.008087774,0.008987805,0.010464785,0.0109141525,0.011014152,0.011406644,0.01220311,0.01230311,0.01240311,0.01250311,0.01260311,0.012884784,0.013584801,0.014288953,0.018822573,-0.014691791,-0.010263117,-0.008411794,-0.004844143,0.00804739,0.011518361,0.012599449,0.014220506
2020-12-16,0.0028244515,-0.022574915,-0.015539355,-0.0148331,-0.013745726,-0.012336534,-0.011815734,-0.008371828,-0.008271828,-0.008171828,-0.008071829,-0.007971829,-0.0072169565,-0.006709327,-0.005718437,-0.00499963,-0.0047940686,-0.003702206,0.00515335,0.0074389637,0.007759729,0.008864135,0.0091664735,0.009266473,0.010283611,0.010383611,0.010671399,0.010771398,0.010871398,0.010971398,0.011916128,0.013076388,0.013095494,0.015504993,0.01917933,-0.015202452,-0.0102928635,-0.008417135,-0.0054372344,0.007899958,0.01011187,0.011276217,0.014129648
2020-12-17,0.00471086,-0.02195436,-0.015650256,-0.014783102,-0.014241696,-0.012816288,-0.011661467,-0.008689663,-0.008589664,-0.008349057,-0.0076353094,-0.0075353095,-0.0068497937,-0.0066817943,-0.005182526,-0.0039143804,-0.001724878,-0.001624878,0.0046080644,0.0053628413,0.005462841,0.005562841,0.0063663083,0.006963582,0.007327272,0.007772202,0.007996526,0.0094795525,0.009579552,0.010718448,0.0118593285,0.012924338,0.013287945,0.01447167,0.018925821,-0.015264812,-0.010414591,-0.008283606,-0.0039963946,0.005664772,0.008260018,0.010212405,0.0137799205
2020-12-18,-0.0008231067,-0.023247354,-0.01569066,-0.014772398,-0.014139948,-0.012311753,-0.011028116,-0.010928116,-0.010828116,-0.009668642,-0.008568611,-0.008415439,-0.007745597,-0.007630578,-0.0068196636,-0.005057429,-0.0040285685,-0.0039285687,0.0040787347,0.0046264557,0.0047264555,0.006147847,0.0074179354,0.008190578,0.008953517,0.009121988,0.009221988,0.009822399,0.009922399,0.010022399,0.011242188,0.012892449,0.012992449,0.01512254,0.01893658,-0.015283567,-0.011445077,-0.009160204,-0.005649934,0.005706602,0.00891506,0.010396327,0.013643232
2020-12-21,-0.0019614366,-0.022152659,-0.015560552,-0.014627448,-0.013825527,-0.012489162,-0.011235427,-0.011135427,-0.011035427,-0.010681064,-0.009313036,-0.008466068,-0.007825694,-0.006647189,-0.0065471893,-0.006314627,-0.004020265,-0.002825692,0.004440733,0.0061597154,0.006259715,0.006359715,0.006459715,0.0065597147,0.0066184355,0.0076657385,0.0077657383,0.007865738,0.008898503,0.009893284,0.011603076,0.012743705,0.013014157,0.015187487,0.018523827,-0.015052666,-0.011742959,-0.009211355,-0.0056347684,0.005967663,0.007688838,0.009487484,0.013590276
2020-12-22,-0.0030921053,-0.022211347,-0.015705343,-0.015008609,-0.012918849,-0.012740022,-0.010516497,-0.0104164975,-0.010316498,-0.009617744,-0.009517744,-0.009459316,-0.008331517,-0.0060266075,-0.0059266076,-0.0045917244,-0.0027564124,-0.002007034,0.002963176,0.0037098182,0.005238621,0.005752577,0.0060053044,0.0073868074,0.008450564,0.008550564,0.008650564,0.010208444,0.011502191,0.013684872,0.013983947,0.01759496,0.01851721,0.018617209,0.019156642,-0.014818412,-0.011175169,-0.008941772,-0.004948219,0.005222951,0.009167198,0.012512656,0.016607527
2020-12-23,0.0009052459,-0.022955157,-0.015680077,-0.014799029,-0.0140920775,-0.012595655,-0.010381731,-0.008167009,-0.008067009,-0.0077694897,-0.007300548,-0.007200548,-0.007100548,-0.0070005483,-0.0069005485,-0.0068005486,-0.0064024697,-0.004987461,0.0023098001,0.0025916272,0.003069984,0.00373364,0.0038420688,0.0043218867,0.0044218865,0.0045218864,0.0056543928,0.0057543926,0.006331379,0.010282944,0.011975145,0.012741908,0.013897133,0.014300064,0.01863594,-0.015140939,-0.009836854,-0.007970077,-0.006458315,0.0032253875,0.005744635,0.008384048,0.013587201
2020-12-24,-0.00017852105,-0.021125134,-0.01560433,-0.0149264,-0.013664328,-0.012584497,-0.010460244,-0.008093958,-0.007828859,-0.007728859,-0.007628859,-0.007528859,-0.0074288594,-0.0073288595,-0.0072288597,-0.00712886,-0.0070656775,-0.006133105,0.0032909724,0.0035003764,0.004136902,0.004261298,0.005015501,0.005260802,0.005718686,0.006338633,0.006438633,0.006538633,0.0075085405,0.010457646,0.010953212,0.012808584,0.013140803,0.014367525,0.018939847,-0.014687708,-0.009807663,-0.008135135,-0.0070170723,0.0041816467,0.006722243,0.008816851,0.013505364
2020-12-28,0.0026724285,-0.023323713,-0.015736146,-0.015036647,-0.014251119,-0.01280673,-0.011176146,-0.009009835,-0.0089098355,-0.00850424,-0.008067436,-0.0077117486,-0.0073217745,-0.0072217747,-0.007121775,-0.006111774,-0.0040495903,-0.0040363413,0.002753179,0.0027978981,0.003129301,0.0040015904,0.0046844007,0.005201695,0.0057076626,0.0058076624,0.006260216,0.0063602156,0.00677345,0.01094885,0.012177853,0.0128712375,0.013020095,0.01409014,0.01886542,-0.015458772,-0.010527341,-0.008539394,-0.005806246,0.0036779263,0.006600565,0.008672565,0.0137907
2020-12-29,0.0023999112,-0.02368507,-0.015838774,-0.014835777,-0.01431798,-0.012829501,-0.010803052,-0.009193319,-0.009093319,-0.009049071,-0.00899286,-0.008706619,-0.008606619,-0.008506619,-0.00840662,-0.007563324,-0.0060438234,-0.0043793335,0.00386661,0.003961362,0.0047534187,0.005303952,0.00561349,0.005941994,0.0072759646,0.0073759644,0.0074759643,0.007575964,0.007675964,0.01112798,0.01122798,0.012836371,0.013194801,0.015197178,0.018481975,-0.015494874,-0.010594907,-0.009200494,-0.0070199436,0.0050322614,0.0075270785,0.009410134,0.013774298
2020-12-30,0.0045997137,-0.022709848,-0.015665838,-0.014873725,-0.013565898,-0.012762065,-0.010513299,-0.00831288,-0.008269272,-0.007683827,-0.0075838272,-0.0074838274,-0.007188192,-0.0066857003,-0.005779177,-0.0055995034,-0.004457535,-0.0034973235,0.0047191745,0.004776578,0.0065806345,0.00834821,0.008821061,0.008921061,0.00938516,0.00948516,0.009695823,0.009795823,0.010043981,0.010482665,0.011645131,0.01302188,0.01312188,0.014168136,0.018509623,-0.01504339,-0.0099306,-0.008048058,-0.0053634727,0.006761951,0.009501154,0.010628034,0.013565486
2021-01-04,-0.0050816867,-0.02041052,-0.0153751,-0.014601915,-0.0142061,-0.012463581,-0.009367402,-0.0074741044,-0.006988476,-0.0067679537,-0.0065832124,-0.0065174825,-0.0063543757,-0.006254376,-0.006154376,-0.0051361057,-0.0045194994,-0.004043024,0.003969934,0.004375742,0.0044757416,0.007446148,0.007546148,0.0076461476,0.009689541,0.00978954,0.00988954,0.010391729,0.010491729,0.01453696,0.01463696,0.01473696,0.015275746,0.015753984,0.018870745,-0.014364541,-0.00903997,-0.0071095685,-0.005274098,0.0059914207,0.009982104,0.012117142,0.015707122
2021-01-05,0.0003544214,-0.022908831,-0.015637625,-0.01468925,-0.0130940555,-0.012699707,-0.010564125,-0.009375359,-0.009219847,-0.008626665,-0.008276161,-0.0077033537,-0.007603354,-0.00709971,-0.006468046,-0.0052843746,-0.004553237,-0.0039679017,0.004289385,0.00498293,0.0057677156,0.0060572387,0.0062265024,0.006583138,0.0066831377,0.0067831376,0.0068831374,0.006983137,0.007083137,0.011017194,0.011583888,0.0127882995,0.013117046,0.0141676245,0.018701188,-0.014980869,-0.010495049,-0.008552639,-0.0055953823,0.0055560814,0.0075186216,0.00901673,0.013651639
2021-01-06,0.0005334322,-0.02216063,-0.015566284,-0.014882241,-0.014131085,-0.01256503,-0.01246503,-0.008159776,-0.007858095,-0.007758095,-0.007658095,-0.0074269488,-0.007221989,-0.0057866112,-0.0056866114,-0.0047328216,-0.004632822,-0.003945108,0.0041726013,0.0049910294,0.0054159616,0.0055159614,0.0060790405,0.0061790403,0.00627904,0.00637904,0.00647904,0.0065790396,0.006862829,0.009045696,0.010775057,0.013096051,0.014066113,0.014798945,0.019381981,-0.015377611,-0.010224647,-0.008197964,-0.005284862,0.005274919,0.006852371,0.008606544,0.013419548
2021-01-07,-0.0018397095,-0.021249682,-0.015594766,-0.014509236,-0.014141354,-0.012647612,-0.011236263,-0.010602157,-0.007342869,-0.007242869,-0.0071428693,-0.0070428695,-0.0069428696,-0.00684287,-0.006502131,-0.005270509,-0.004309901,-0.0040558176,0.0038449822,0.0039449823,0.00438371,0.004911252,0.0064870045,0.007284197,0.007764607,0.0078646075,0.007964607,0.008919938,0.009019937,0.011577669,0.012006349,0.015104418,0.0152044175,0.015276811,0.01916079,-0.014973936,-0.01018668,-0.0079015475,-0.005436246,0.004969907,0.008426683,0.010537313,0.014625208
2021-01-08,-0.00036508447,-0.02291754,-0.015697993,-0.014515278,-0.014372937,-0.012647895,-0.009902427,-0.008728014,-0.0065128994,-0.0056996983,-0.0055996985,-0.0054996987,-0.00507269,-0.0049402704,-0.0047790846,-0.0044530453,-0.0036975502,-0.003229608,0.0025946784,0.0030675253,0.0036274567,0.003994264,0.0045822742,0.006022748,0.006122748,0.0062227477,0.0063227476,0.007272509,0.010121087,0.010221086,0.011148031,0.012672893,0.013046466,0.014189044,0.018773729,-0.015107758,-0.009071664,-0.0064055966,-0.0043317974,0.0038813346,0.006864273,0.009396779,0.013400957
2021-01-11,-0.008596476,-0.020118793,-0.015310681,-0.01464707,-0.0145470705,-0.014447071,-0.012323439,-0.010769517,-0.010669517,-0.0105695175,-0.010061359,-0.00885009,-0.008819086,-0.007559241,-0.005863928,-0.004870693,-0.0047706934,-0.0042715454,0.0021973848,0.002297385,0.002397385,0.0027299428,0.00351977,0.0045994893,0.004699489,0.004799489,0.0052776197,0.005442523,0.0065700053,0.010550916,0.012396532,0.013866993,0.014726359,0.015341063,0.018546486,-0.015349412,-0.011795812,-0.009886528,-0.0057253903,0.0028643173,0.0057824375,0.008513485,0.014140399
2021-01-12,0.00044844803,-0.022451183,-0.015675241,-0.015063077,-0.013953126,-0.012810417,-0.010207938,-0.008902973,-0.008640645,-0.008347763,-0.007722542,-0.0076225423,-0.0066627474,-0.0063620084,-0.0052598403,-0.0043091965,-0.0034859027,-0.002209011,0.005300016,0.006358528,0.006458528,0.0065585277,0.0066585275,0.0067585274,0.006858527,0.007172171,0.0071993573,0.007299357,0.007399357,0.010769716,0.010869716,0.012886167,0.013970864,0.014344669,0.018675523,-0.015019583,-0.010232479,-0.007919176,-0.0045772986,0.0063068257,0.00773166,0.00932773,0.013509159
2021-01-13,0.00033312017,-0.021629898,-0.015500684,-0.014805384,-0.013720333,-0.012400987,-0.010843652,-0.009202745,-0.009015011,-0.008240831,-0.00727893,-0.00717893,-0.0062769875,-0.0061609503,-0.0047413753,-0.0026092145,-0.0024910762,-0.00229922,0.0051544,0.0052544,0.006654765,0.006754765,0.0067917905,0.008043496,0.008221099,0.009607394,0.01084998,0.01094998,0.011049979,0.01407573,0.01487466,0.01497466,0.01507466,0.01517466,0.019053277,-0.014819111,-0.010421525,-0.007915107,-0.003863963,0.006407886,0.009893678,0.012400066,0.015630597
2021-01-14,-0.0019921474,-0.022855742,-0.015623942,-0.014981719,-0.013966149,-0.012550771,-0.0104124965,-0.008481525,-0.007329722,-0.007229722,-0.0071255076,-0.0059331204,-0.0058331206,-0.00545209,-0.00535209,-0.0052520903,-0.004755616,-0.0044359914,0.003139367,0.0032393672,0.003285767,0.0049031842,0.005871283,0.0061543263,0.006824293,0.0070171864,0.007117186,0.007369804,0.008594456,0.010236255,0.011290113,0.012936574,0.013056964,0.014314611,0.019080771,-0.01508182,-0.009687036,-0.0072305873,-0.0051457817,0.0042783963,0.007329771,0.0092749335,0.013571665
2021-01-15,-0.003487567,-0.020595277,-0.015506307,-0.014907189,-0.014137198,-0.012548924,-0.0102253705,-0.009446517,-0.008836801,-0.00779981,-0.007072797,-0.00684737,-0.0064201825,-0.005750283,-0.0056502833,-0.005520011,-0.004120596,-0.0040205964,0.002819059,0.0028755055,0.0034516354,0.0053293156,0.0059277373,0.005981249,0.0074367602,0.009222041,0.009322041,0.011323283,0.011423283,0.011523283,0.011623283,0.013872042,0.015079687,0.015827063,0.01925903,-0.014602615,-0.010243137,-0.007661087,-0.0052317716,0.004382455,0.008795519,0.011734316,0.01442094
2021-01-18,-0.0015350785,-0.020645296,-0.015552433,-0.014839437,-0.013585885,-0.012579439,-0.010424065,-0.008918021,-0.008818021,-0.008718021,-0.0078045106,-0.007704511,-0.006519781,-0.00647908,-0.0061723595,-0.0052139456,-0.004799747,-0.0046796068,0.003919762,0.004019762,0.004534871,0.00593215,0.00632026,0.0063601853,0.006738068,0.0067758793,0.006875879,0.0077181426,0.009869074,0.010035201,0.012497894,0.01277464,0.013061145,0.014307094,0.01877634,-0.014557424,-0.0103435125,-0.008009092,-0.0057140337,0.005028923,0.0074419333,0.009511888,0.013678233
2021-01-19,0.0043714563,-0.022304632,-0.01524683,-0.014495184,-0.013793959,-0.011768061,-0.01105783,-0.007731331,-0.0063485205,-0.0062485207,-0.006148521,-0.006048521,-0.0055947877,-0.00508337,-0.0040625734,-0.0039625736,-0.0036619809,-0.0035619808,0.0039306306,0.0047862497,0.004989891,0.0072300313,0.008064578,0.008164578,0.009046511,0.009256114,0.009356114,0.009456114,0.009556114,0.010407961,0.012845576,0.012945576,0.013294885,0.014423237,0.019180147,-0.014834262,-0.009176278,-0.006846606,-0.004259526,0.005996662,0.009069869,0.010414238,0.0139605
2021-01-20,-0.0018260021,-0.022306904,-0.01561005,-0.014633944,-0.013759076,-0.012519284,-0.010357727,-0.009991758,-0.009745577,-0.0096455775,-0.009545578,-0.008746252,-0.008272683,-0.006885131,-0.004411582,-0.0042926567,-0.0032951713,-0.002949777,0.002095118,0.0026297034,0.0029030289,0.004335833,0.005154269,0.005471581,0.005571581,0.007180154,0.008141391,0.008241391,0.009141024,0.009933206,0.010901971,0.012848115,0.013105058,0.014777278,0.019054787,-0.0149106085,-0.010874917,-0.008961339,-0.004739088,0.0035070528,0.00719612,0.009712414,0.013503072
2021-01-21,0.0038564764,-0.021668805,-0.015577776,-0.014566266,-0.014022329,-0.012471622,-0.01017867,-0.008609415,-0.0074931784,-0.0071403165,-0.006574401,-0.006282827,-0.006182827,-0.0051527363,-0.004922295,-0.0031082728,-0.0028060726,-0.0020212955,0.0041768625,0.0042768624,0.004376862,0.005223389,0.0053233886,0.0054233884,0.0055233883,0.005623388,0.005723388,0.006040982,0.007949891,0.009806937,0.0116907805,0.012710334,0.0130512705,0.014705306,0.018838516,-0.014783842,-0.009597569,-0.0071163625,-0.0038281525,0.0047154725,0.006443617,0.008514494,0.013550376
2021-01-22,0.0016279886,-0.022043465,-0.015668044,-0.014695939,-0.014019914,-0.012729973,-0.010626881,-0.008112117,-0.008012117,-0.007912117,-0.007812117,-0.0077121174,-0.0064196824,-0.005895745,-0.0050803786,-0.004720438,-0.0041803992,-0.0034797061,0.0033797582,0.0041388934,0.0042388933,0.005036116,0.005136116,0.005236116,0.0056950888,0.0057272958,0.0072894273,0.007389427,0.0075489534,0.009620478,0.011408284,0.012951318,0.013082235,0.014182137,0.019151855,-0.015017656,-0.009871835,-0.007753309,-0.005034608,0.00449775,0.006621887,0.008986105,0.0134628145
2021-01-25,-0.0034873816,-0.022822501,-0.01569554,-0.014822844,-0.0141867595,-0.012747042,-0.012647042,-0.008598399,-0.0084983995,-0.0083984,-0.0082984,-0.0081984,-0.0080984,-0.0079984,-0.007897392,-0.0060902247,-0.0048125824,-0.0047125826,0.0029317508,0.0031994635,0.0034028417,0.003886502,0.0046367543,0.00515207,0.0054322453,0.0057369536,0.006565863,0.0067685116,0.008523482,0.010146937,0.012767947,0.012916223,0.013103645,0.01441339,0.019143298,-0.015619777,-0.010593018,-0.009108129,-0.006342236,0.0037705607,0.006488246,0.009021688,0.0138775585
2021-01-26,0.0031422721,-0.022625262,-0.015690073,-0.0150256045,-0.013982674,-0.012627492,-0.011077265,-0.008151231,-0.006806226,-0.0065048346,-0.0062960163,-0.0059546563,-0.0053556147,-0.005255615,-0.0050037866,-0.0033449726,-0.0030601686,-0.0017277101,0.0021651725,0.002368555,0.0027439445,0.0032040908,0.00387223,0.0048927777,0.0049927775,0.005919582,0.006019582,0.0072930236,0.0073930235,0.010138919,0.011617376,0.012891305,0.013169344,0.014474945,0.018434132,-0.0152005525,-0.009513033,-0.006958147,-0.0038182586,0.003094908,0.0064233067,0.008802778,0.013511335
2021-01-27,-0.0063171927,-0.022216927,-0.015376617,-0.014711276,-0.014206462,-0.012682412,-0.011558905,-0.009141436,-0.0074909166,-0.007390917,-0.007290917,-0.007190917,-0.0070909173,-0.0069909175,-0.006903047,-0.0044714385,-0.003179475,-0.0026102734,0.0042401343,0.004766569,0.004866569,0.0052150846,0.006159589,0.006279055,0.00761079,0.007623683,0.007723683,0.007823683,0.007923683,0.010198384,0.011016001,0.012801286,0.013087157,0.014375629,0.01892933,-0.015208265,-0.01005869,-0.008084515,-0.0048710303,0.0053398293,0.007616879,0.009351319,0.013464126
2021-01-28,0.0025254807,-0.022547478,-0.015685355,-0.014825919,-0.01414287,-0.01326206,-0.010954081,-0.008539881,-0.007604107,-0.006649552,-0.006358043,-0.006258043,-0.006158043,-0.0060580433,-0.0053665508,-0.0037733342,-0.0036385467,-0.0027545749,0.0036541997,0.0037541997,0.0038541998,0.0039541996,0.004636765,0.006913739,0.007090408,0.0071904077,0.009375836,0.010578638,0.010678638,0.010923553,0.013947294,0.016085638,0.016244225,0.016344225,0.018586885,-0.015318369,-0.009714708,-0.007426464,-0.00435821,0.0044614417,0.008048621,0.011560177,0.015177518
2021-01-29,0.0022166655,-0.022245172,-0.015668128,-0.014752605,-0.013988073,-0.012592475,-0.010369928,-0.00909558,-0.007108767,-0.007008767,-0.0069087674,-0.006620307,-0.006520307,-0.0064203073,-0.0063203075,-0.0051216427,-0.00462232,-0.0040995227,0.0024922986,0.0029754671,0.0045243734,0.0073280493,0.0073720184,0.007948287,0.008048287,0.008705256,0.011863847,0.011963847,0.013689248,0.013789248,0.013889248,0.015412153,0.015512153,0.015612152,0.01881419,-0.014972756,-0.009667129,-0.007465615,-0.00535682,0.0050736954,0.009955731,0.013363669,0.015503397
2021-02-01,-0.005294347,-0.022575408,-0.015708698,-0.014781625,-0.01338299,-0.012321989,-0.010837644,-0.00826533,-0.0069969287,-0.006896929,-0.006859358,-0.006759358,-0.0066110613,-0.0065110615,-0.0064110616,-0.006086701,-0.00520004,-0.0046709455,0.0044325176,0.0047739167,0.00527289,0.0064835832,0.0071054474,0.007729135,0.009217482,0.009317482,0.009417482,0.011845409,0.011945409,0.012045409,0.012145408,0.012932809,0.013016109,0.014247265,0.018290754,-0.014965346,-0.009555692,-0.007563211,-0.005825621,0.0060360776,0.009608576,0.0116539635,0.01393233
2021-02-02,-0.004754908,-0.023420006,-0.015451627,-0.014653088,-0.013658488,-0.01271029,-0.011342608,-0.008723887,-0.0068661314,-0.006594286,-0.0051632,-0.0050632004,-0.0045520593,-0.0044520595,-0.0043520597,-0.0035406838,-0.0031410223,-0.0029251724,0.0020984139,0.002300074,0.0029454217,0.0052806144,0.0055211075,0.0056984476,0.0057984474,0.006480573,0.006580573,0.0076648225,0.009362247,0.01071672,0.011787669,0.01296088,0.013039894,0.014627667,0.018646134,-0.015316604,-0.009636,-0.0064752116,-0.0038044278,0.0036845945,0.0072163343,0.009472852,0.013747814
2021-02-03,-0.0013790624,-0.022294855,-0.01570031,-0.014814542,-0.01431026,-0.012732914,-0.011415474,-0.008681332,-0.007915276,-0.0070706946,-0.006923647,-0.0065977937,-0.0064975116,-0.006148033,-0.0059754853,-0.0050732293,-0.0041501303,-0.003505459,0.0028695092,0.0032895203,0.0033895203,0.0034642178,0.004332599,0.0043834634,0.0044834632,0.004583463,0.0051007736,0.005451219,0.0058930926,0.010064294,0.012228515,0.013125218,0.013227001,0.015424944,0.019170273,-0.015290762,-0.009979463,-0.0077799885,-0.0050604194,0.003499246,0.005763008,0.007947275,0.014002648
2021-02-04,-0.0026740965,-0.021150008,-0.015385297,-0.014378289,-0.013961489,-0.012468275,-0.010062457,-0.009179269,-0.007856563,-0.007756563,-0.0074620903,-0.0073620905,-0.0072620907,-0.0070822113,-0.006132093,-0.0050519304,-0.0047953534,-0.0038118407,0.005399153,0.0055048955,0.0056147315,0.0066427332,0.007816253,0.007916253,0.009520936,0.009620936,0.0097209355,0.009820935,0.009920935,0.009985475,0.011102097,0.012770186,0.012975289,0.015067164,0.018485582,-0.014605504,-0.009846628,-0.007945082,-0.0054306616,0.00653649,0.009031971,0.010484715,0.013482101
2021-02-05,0.0038265658,-0.02238808,-0.015672188,-0.0151292505,-0.014219001,-0.012894134,-0.0112217665,-0.00933814,-0.00923814,-0.008612996,-0.008512996,-0.008412996,-0.0068495646,-0.006749565,-0.0065963063,-0.0056842547,-0.0039583906,-0.0037261155,0.0034846002,0.003605916,0.003720743,0.0059944373,0.006274844,0.0063893525,0.006631952,0.007042839,0.0072687557,0.0073687555,0.0076252106,0.0099939415,0.011708626,0.013060624,0.013070833,0.014167067,0.01922303,-0.015279034,-0.010708058,-0.008514406,-0.005675613,0.00468753,0.007413946,0.0090654995,0.013630658
2021-02-08,0.0018673405,-0.023137897,-0.015719308,-0.01497238,-0.014422814,-0.012865438,-0.01131213,-0.010239632,-0.010139632,-0.009403473,-0.009279604,-0.009179604,-0.007298422,-0.007198422,-0.006471885,-0.004383473,-0.003136003,-0.0023770556,0.0045824815,0.0046824813,0.0062006013,0.006300601,0.006571324,0.006671324,0.007541524,0.007570754,0.0076707536,0.0085836295,0.008736575,0.010771756,0.010871756,0.012966899,0.013051281,0.014332704,0.019055745,-0.015491517,-0.01121345,-0.009045643,-0.0051096044,0.005861538,0.008033758,0.009762799,0.013599773
2021-02-09,0.0042037927,-0.023232708,-0.01568578,-0.014855159,-0.014372704,-0.012726507,-0.012294152,-0.012194152,-0.011852787,-0.011752787,-0.011652787,-0.011552787,-0.011452788,-0.0101068,-0.0077761672,-0.0056997375,-0.0045700446,-0.0041119726,0.004846178,0.005096764,0.0051967637,0.0055732755,0.0060283723,0.007455089,0.008105311,0.008772397,0.008872397,0.008972397,0.009072397,0.009944649,0.011719337,0.01262018,0.01312256,0.014153692,0.01876377,-0.015662368,-0.012589808,-0.011471862,-0.006742142,0.0057636583,0.008234581,0.009996881,0.013440326
2021-02-10,0.002744658,-0.022948237,-0.015651379,-0.014606431,-0.013347442,-0.0125532085,-0.010800435,-0.010007266,-0.008670418,-0.0067495806,-0.006649581,-0.006549581,-0.006449581,-0.006084518,-0.0058481744,-0.0040905843,-0.003469349,-0.0022091598,0.0038010483,0.0039010483,0.0040010484,0.004956031,0.007235866,0.009507261,0.009607261,0.009707261,0.010054645,0.010154645,0.010254645,0.010354645,0.010454644,0.0128107825,0.0131028965,0.014908442,0.018286208,-0.01506014,-0.010166826,-0.0077309064,-0.0044333697,0.0052532875,0.009391936,0.010784295,0.013362944
2021-02-11,-0.0001051075,-0.022854678,-0.015777415,-0.014685646,-0.0141926445,-0.012768751,-0.011203279,-0.0086170435,-0.0071912203,-0.0062418133,-0.0061418135,-0.0060418136,-0.005941814,-0.0055482425,-0.005181609,-0.0043440387,-0.004016214,-0.0029079309,0.0034134279,0.0037742602,0.0048211315,0.005851899,0.008246385,0.009324458,0.009424458,0.01080159,0.011701907,0.011998072,0.012098072,0.012198072,0.012298072,0.012832564,0.012986479,0.014294285,0.018735921,-0.015359354,-0.0095878,-0.007205274,-0.004498321,0.0054570353,0.010513715,0.01219652,0.014071783
2021-02-12,-0.00083713245,-0.022284374,-0.015398015,-0.0145573225,-0.014033156,-0.012689913,-0.011303863,-0.007832518,-0.006164719,-0.006064719,-0.005964719,-0.0058647194,-0.0057647196,-0.0045609735,-0.0044609737,-0.004360974,-0.004260974,-0.003416285,0.004606008,0.004802313,0.004902313,0.005083793,0.00604993,0.0063859187,0.0077872067,0.010004762,0.010104761,0.010204761,0.010304761,0.010404761,0.010539404,0.01300372,0.01403051,0.014200934,0.019013189,-0.015141864,-0.009184629,-0.006751798,-0.004472785,0.005436327,0.008610027,0.011009911,0.013432401
2021-02-15,0.0009813948,-0.020901447,-0.015508569,-0.01436904,-0.014296056,-0.0126495045,-0.011375517,-0.009075766,-0.0076518706,-0.006835707,-0.005406362,-0.004578822,-0.004478822,-0.003024252,-0.0029242518,-0.0028242518,-0.0027242517,-0.0026105917,0.0027053107,0.0028053108,0.003372892,0.004908513,0.0056168614,0.0062044864,0.008104221,0.0093636345,0.009463634,0.009563634,0.009663634,0.009835576,0.011328856,0.012990869,0.013087502,0.014810384,0.019003073,-0.0149462195,-0.00986158,-0.006387365,-0.0031324339,0.004379249,0.0081168385,0.010322796,0.013593751
2021-02-16,-0.0010020226,-0.02212875,-0.01557858,-0.014743472,-0.014157395,-0.012502413,-0.011230678,-0.0077577634,-0.005148311,-0.0050483113,-0.0040127193,-0.0039127194,-0.0038127194,-0.003604673,-0.0018711508,-0.0014070785,-0.0013070785,-0.0012070786,0.0028843156,0.0038545511,0.0040236623,0.004592541,0.005959367,0.0066359383,0.008269065,0.008530075,0.008630075,0.009223158,0.009323157,0.01064094,0.0107409395,0.013030359,0.013261542,0.014402589,0.019347308,-0.015119563,-0.008785708,-0.00556182,-0.0019410212,0.0047248276,0.008197895,0.010215774,0.013632427
2021-02-17,-0.0071816086,-0.023360215,-0.01574175,-0.0147614125,-0.013818861,-0.012573699,-0.011275166,-0.0097721005,-0.008023127,-0.007923127,-0.0069422815,-0.0068422817,-0.0050027976,-0.0043562227,-0.003051609,-0.0021204357,-0.0013713385,-0.0009809502,0.004658645,0.0048238803,0.0054701413,0.005710814,0.005828096,0.0076620867,0.0077620866,0.007862086,0.008801191,0.0092642475,0.009364247,0.010431433,0.011266914,0.0127849085,0.01296846,0.014070876,0.01805023,-0.015353939,-0.010350985,-0.0071199187,-0.002873323,0.0056851134,0.00820959,0.010165915,0.013320873
2021-02-18,0.0033166977,-0.021100506,-0.015554377,-0.013747194,-0.013647194,-0.012594795,-0.010109771,-0.0080388,-0.0060557136,-0.0057558157,-0.0038409792,-0.0034309844,-0.0033309844,-0.0016307053,-0.0006365084,-0.0005365084,-0.00030392286,6.212838e-05,0.0032396605,0.0034717026,0.00388562,0.005140189,0.005240189,0.006352396,0.0071366536,0.0072408537,0.008543763,0.008643763,0.008743763,0.009929948,0.012474379,0.01303199,0.013289105,0.014650286,0.01875979,-0.014601329,-0.008741459,-0.004993631,-0.0009691591,0.0045747655,0.0074814307,0.009830069,0.013769278
2021-02-19,0.0045866333,-0.021690316,-0.015618567,-0.014744824,-0.014091022,-0.0123074455,-0.010040831,-0.009940831,-0.009840831,-0.008140357,-0.00767699,-0.00757699,-0.00702648,-0.00692648,-0.0045397263,-0.0036055148,-0.0009872988,-0.0008872988,0.0041932296,0.004769436,0.005125536,0.005896028,0.006148165,0.008050049,0.008871349,0.008971348,0.009468725,0.009568725,0.009668725,0.011461032,0.011659469,0.012942244,0.013517565,0.014706812,0.019158982,-0.014749637,-0.010541534,-0.008302323,-0.003519366,0.005771116,0.008839863,0.010736954,0.013985708
2021-02-22,0.00089009403,-0.021928247,-0.015611107,-0.014674562,-0.014050971,-0.012085819,-0.010972153,-0.009874531,-0.009158318,-0.007532696,-0.007439225,-0.006681269,-0.006581269,-0.0046442077,-0.0039521684,-0.002120691,-0.0008345372,-0.0007345372,0.000963902,0.0019415376,0.0028097108,0.0043623,0.0054428703,0.006008507,0.00811537,0.008381655,0.008845525,0.009629215,0.009729215,0.010530899,0.010544904,0.013047635,0.013198869,0.014343159,0.019012438,-0.01492966,-0.0104424525,-0.0077590346,-0.0028646407,0.0036385641,0.0079986295,0.0103867445,0.013495808
2021-02-23,0.0016585697,-0.021653635,-0.015530016,-0.01461679,-0.013768307,-0.012295545,-0.011439328,-0.009307988,-0.006371878,-0.0062718783,-0.0061718784,-0.0059734327,-0.005424558,-0.0044264314,-0.0035453488,-0.0016879629,-0.00094772177,-0.00084772176,0.003481478,0.0037731056,0.003818237,0.0052871113,0.0053785015,0.006135322,0.006235322,0.006335322,0.0064353216,0.0065353215,0.0066353213,0.009804915,0.010073358,0.012646707,0.013836047,0.014110799,0.01852282,-0.014937366,-0.0096015725,-0.0067668147,-0.0026004375,0.004519051,0.006837876,0.008649385,0.013031719
2021-02-24,-0.0030187552,-0.021095559,-0.015481337,-0.014770514,-0.013500039,-0.012103457,-0.011205542,-0.01068893,-0.01058893,-0.01048893,-0.01030912,-0.009058552,-0.0075238384,-0.0074238386,-0.0071964436,-0.003452856,-0.0019044315,-0.0014806552,0.0032146114,0.004237546,0.005405449,0.0058370973,0.005937097,0.0068697375,0.006882224,0.0070817624,0.0071817623,0.007281762,0.007800363,0.009064406,0.011037539,0.012850983,0.01305461,0.014206598,0.019320603,-0.014677187,-0.011548569,-0.009410254,-0.004618588,0.0051153856,0.0072469534,0.008876581,0.013296026
2021-02-25,0.008278725,-0.022021776,-0.015600397,-0.0149476705,-0.014018687,-0.012736321,-0.0099145295,-0.0091555845,-0.0057665245,-0.0045855385,-0.004511201,-0.0039358754,-0.0038358753,-0.0031576452,-0.002238611,-0.0021978035,-0.0011699327,-0.00090328,0.002894302,0.0031980933,0.0037478148,0.0038478149,0.0048357295,0.0049357293,0.005035729,0.005135729,0.005185593,0.0052855927,0.0056964844,0.009644229,0.010186018,0.012627501,0.013676427,0.014280632,0.018669559,-0.014858343,-0.008873969,-0.0054371553,-0.0020891004,0.0037447507,0.005967402,0.007897666,0.013081588
2021-02-26,-0.0069391346,-0.022091,-0.015613729,-0.01466346,-0.01409032,-0.01266856,-0.0106432345,-0.007773392,-0.006587957,-0.006487957,-0.0063879574,-0.0062879575,-0.0061521493,-0.0045004436,-0.0031676558,-0.0017876728,-0.0016876728,-0.0015876729,0.0035921657,0.0044430224,0.004485635,0.0055706757,0.0056706755,0.006848361,0.008546288,0.008796897,0.008896897,0.008996896,0.009096896,0.009757411,0.010130854,0.012402123,0.013850396,0.014268329,0.018510578,-0.015021369,-0.0092311995,-0.006854348,-0.0029037264,0.0053275577,0.0080140475,0.010119699,0.013013859
2021-03-01,-0.007354783,-0.022462394,-0.015592083,-0.014568036,-0.014449825,-0.014349825,-0.014334988,-0.012752662,-0.011066652,-0.008354965,-0.008254965,-0.008154965,-0.008054965,-0.007954965,-0.0067471093,-0.0049754726,-0.0048754727,-0.004869762,0.0026261823,0.0027261823,0.0046482645,0.0054402463,0.007969597,0.008069597,0.008169597,0.0086165415,0.008716541,0.010246489,0.011780983,0.012774235,0.016831864,0.016903058,0.018445708,0.018539373,0.018847508,-0.016237821,-0.012215461,-0.009933307,-0.0059245564,0.0047220946,0.009535292,0.012392791,0.016779209
2021-03-02,0.0010181748,-0.022318376,-0.01556197,-0.014724787,-0.0134226605,-0.012417826,-0.011866411,-0.010357171,-0.009021821,-0.009012642,-0.0071254554,-0.006789901,-0.0059229396,-0.004872234,-0.0044480576,-0.003484538,-0.0023281146,-0.0022855576,0.0031609242,0.0036646228,0.0048917285,0.0052805445,0.0053675245,0.0060113384,0.0064243404,0.0065243402,0.007172905,0.007313258,0.007413258,0.009823691,0.010556245,0.012547326,0.013032261,0.014252959,0.018710244,-0.015117449,-0.010996567,-0.007761772,-0.0038672336,0.004684432,0.00700803,0.008951074,0.013178092
2021-03-03,0.0009011837,-0.022110354,-0.015712269,-0.014782039,-0.013664779,-0.012775365,-0.011391298,-0.008680259,-0.008580259,-0.007527448,-0.0066579254,-0.0063161845,-0.006039245,-0.0042726174,-0.0032936947,-0.0027469995,-0.0022938193,-0.0021938193,0.0034212293,0.004351762,0.0044832476,0.0048929206,0.005348531,0.0062304894,0.0070095053,0.007553706,0.007653706,0.0077537056,0.0077688163,0.009980455,0.010674543,0.012517362,0.013733298,0.014311543,0.018731387,-0.015130812,-0.01019226,-0.007388269,-0.0033689034,0.0048317327,0.0073733777,0.0093779955,0.013243059
2021-03-04,-0.0027371373,-0.021641241,-0.01563259,-0.014108401,-0.014008401,-0.012844546,-0.010060512,-0.009025317,-0.008479435,-0.008002648,-0.00773038,-0.007684978,-0.0072724004,-0.006535768,-0.004843888,-0.004337519,-0.004237519,-0.0038767678,0.0020587477,0.002974136,0.00442209,0.00452209,0.0046220897,0.00488496,0.005162934,0.0055442965,0.0078045544,0.007904555,0.008004555,0.009833134,0.01126157,0.012135786,0.013718349,0.014771935,0.0189067,-0.014837459,-0.009935263,-0.008015699,-0.004996134,0.0038279996,0.0065578073,0.009453029,0.013381826
2021-03-05,-0.011097572,-0.023082267,-0.015663851,-0.014912803,-0.014232586,-0.012842829,-0.011257255,-0.007949954,-0.007728828,-0.0076288283,-0.0067742844,-0.0066742846,-0.0065742848,-0.0055385944,-0.0048811412,-0.004572684,-0.004562507,-0.0038095962,0.0027238072,0.004594671,0.004694671,0.004730219,0.0062197694,0.006319769,0.006419769,0.006519769,0.00717232,0.00727232,0.0073723197,0.0098791495,0.011123008,0.012398363,0.012680899,0.014684695,0.018807271,-0.015415758,-0.009895534,-0.007574649,-0.0049000424,0.004632627,0.0072421553,0.008875402,0.013378498
2021-03-08,-0.0041637667,-0.022722704,-0.015770402,-0.014717608,-0.014207607,-0.012269053,-0.010373186,-0.0102731865,-0.009766868,-0.008804751,-0.008704751,-0.008604751,-0.008504751,-0.0077961655,-0.0076961657,-0.0051017404,-0.004242129,-0.003094101,0.0032647683,0.0033647683,0.0034647684,0.005070052,0.005875331,0.0067479108,0.008656937,0.0087569365,0.009420024,0.009520024,0.009620024,0.011815242,0.012760939,0.013744605,0.014462264,0.015786598,0.018670654,-0.015068591,-0.01078712,-0.009029144,-0.0057477774,0.004764259,0.008543089,0.010967515,0.014555608
2021-03-09,0.0023669945,-0.022985611,-0.015597272,-0.014758113,-0.01356923,-0.012258141,-0.011186543,-0.009528266,-0.009428266,-0.0071676727,-0.007067673,-0.006014228,-0.0049453587,-0.004252283,-0.004152283,-0.0038066283,-0.0026117747,-0.0025117747,0.003417867,0.003461912,0.0045981593,0.004614486,0.004936319,0.0050363187,0.0051363185,0.0052363183,0.0052638906,0.006342085,0.006442085,0.008445903,0.010358233,0.012561856,0.01269181,0.014348699,0.018914796,-0.015119359,-0.010413772,-0.007376025,-0.0038193376,0.0042457483,0.0059993886,0.007837155,0.012925898
2021-03-10,0.0008494034,-0.022510765,-0.015678564,-0.014414216,-0.014353003,-0.012850676,-0.011231679,-0.009154824,-0.008286806,-0.008186806,-0.008086806,-0.008043626,-0.0079436265,-0.0057378164,-0.004673576,-0.004573576,-0.004229474,-0.0039086905,0.0037217876,0.0042420644,0.0055401265,0.0063212006,0.0064212005,0.0065212003,0.0066549736,0.0067549734,0.0068549733,0.008085012,0.008185012,0.009779675,0.011277228,0.012381072,0.013059893,0.014114916,0.018801784,-0.015324938,-0.010254866,-0.008257346,-0.0050857887,0.0052960305,0.007512412,0.009192913,0.013270935
2021-03-11,0.0052736723,-0.023178099,-0.015732305,-0.014632857,-0.01359892,-0.01278189,-0.011194407,-0.009116447,-0.009016447,-0.008916447,-0.008816447,-0.008726704,-0.008224549,-0.008124549,-0.007007483,-0.005745074,-0.004513079,-0.004327484,0.0030534905,0.004030447,0.0046515586,0.006040948,0.006140948,0.0062409476,0.0063409475,0.006812076,0.006912076,0.0070120757,0.007046788,0.008172141,0.011330696,0.012589604,0.013059152,0.014347426,0.019220531,-0.015297124,-0.0105753215,-0.009075279,-0.006063965,0.0048234784,0.006875637,0.008440447,0.01313208
2021-03-12,-0.0018078572,-0.022784777,-0.015615629,-0.014707579,-0.013783604,-0.012171925,-0.009802493,-0.009702493,-0.00945176,-0.008617277,-0.008517277,-0.008033643,-0.0074038985,-0.0073038987,-0.007203899,-0.00671403,-0.0054544923,-0.005283457,0.00425052,0.0043505197,0.0052541844,0.005949394,0.006699568,0.007933939,0.009238092,0.009338092,0.010468977,0.010568976,0.010668976,0.010768976,0.010868976,0.01253858,0.013052762,0.014670884,0.019239726,-0.014831686,-0.010456321,-0.008495865,-0.006537904,0.0058085425,0.00906191,0.011105733,0.013617428
2021-03-15,-0.0018174258,-0.02240336,-0.0155401975,-0.0143240895,-0.014203377,-0.01246183,-0.011252858,-0.008619417,-0.008519418,-0.008419418,-0.008319418,-0.008219418,-0.007444437,-0.0065725837,-0.006472584,-0.005371334,-0.0049571306,-0.0040447116,0.0052122823,0.005651262,0.006924971,0.007422784,0.009794423,0.010492691,0.011741055,0.011994759,0.013882308,0.013982308,0.014082308,0.014182308,0.014282308,0.014382307,0.014482307,0.014543267,0.01848942,-0.015172323,-0.010227039,-0.008421743,-0.005813035,0.0073904707,0.012089298,0.014122307,0.015175922
2021-03-16,-0.0017807985,-0.02318764,-0.015742347,-0.014823102,-0.014226112,-0.01276295,-0.010665821,-0.007883667,-0.007783667,-0.0076836674,-0.0075836675,-0.0074836677,-0.0067972904,-0.005796623,-0.005132463,-0.002736151,-0.002636151,-0.0024358404,0.005237532,0.0053375317,0.0061276075,0.0069718785,0.0070718783,0.008400148,0.0085700005,0.010559153,0.010659153,0.011211056,0.012204669,0.012304669,0.012404669,0.012461666,0.012966311,0.014104209,0.0186941,-0.015316973,-0.009767985,-0.007725413,-0.0040848544,0.0064489096,0.009909381,0.011869173,0.013993864
2021-03-17,0.00082359347,-0.021655932,-0.015683573,-0.014501508,-0.013628379,-0.012495351,-0.010028139,-0.008881488,-0.007927412,-0.0075822943,-0.0064175995,-0.0063175997,-0.0052235713,-0.0046563423,-0.0045563425,-0.0034123554,-0.0032030435,-0.0023883628,0.004714229,0.0049245525,0.0062653855,0.0077614863,0.007986952,0.008086951,0.008885248,0.009848205,0.009948205,0.010560799,0.010660799,0.010760799,0.010860799,0.012805661,0.013971335,0.014222753,0.019327872,-0.014698274,-0.009784168,-0.0068506123,-0.0039755413,0.0065101804,0.009448742,0.011180388,0.013595576
2021-03-18,0.0018548016,-0.021434113,-0.015010207,-0.0144825075,-0.013730846,-0.012518919,-0.010802318,-0.008449297,-0.008085316,-0.007224432,-0.0071244324,-0.0071124877,-0.006482608,-0.0063826083,-0.0062826085,-0.005107215,-0.003931382,-0.0038313821,0.0048557515,0.005306932,0.005828891,0.005928891,0.0063707842,0.007364149,0.00842346,0.00852346,0.009438521,0.009538521,0.009638521,0.009893683,0.011169569,0.012754844,0.013823059,0.014635343,0.019218547,-0.01469928,-0.009808774,-0.0077754566,-0.0052530156,0.0060687847,0.008338119,0.010466461,0.013534397
2021-03-19,-0.0014411598,-0.022987926,-0.015748344,-0.014830396,-0.0138424495,-0.012853972,-0.0106857885,-0.008144412,-0.008044412,-0.0071714693,-0.0070714694,-0.0069714696,-0.00687147,-0.00677147,-0.00667147,-0.005527447,-0.0045612347,-0.0039787693,0.0043956023,0.0049683005,0.0053713024,0.0071186773,0.008624272,0.00936841,0.00946841,0.00956841,0.009698266,0.009798266,0.009898266,0.01037262,0.011828259,0.015155579,0.015255579,0.015355579,0.019199066,-0.015223695,-0.009775296,-0.0078889225,-0.005542078,0.0062644584,0.009546395,0.011004599,0.014382221
2021-03-22,0.0019378469,-0.022292782,-0.015682435,-0.014733115,-0.014225274,-0.012661675,-0.011024819,-0.009504229,-0.009404229,-0.00884614,-0.00874614,-0.00864614,-0.00854614,-0.008023067,-0.007098007,-0.00466991,-0.004136008,-0.0034667545,0.0057251076,0.006472899,0.006644383,0.0067250933,0.0068622604,0.007093194,0.007193194,0.0072931936,0.0073931934,0.008203961,0.008291426,0.009742371,0.011175012,0.012849705,0.013964023,0.015399122,0.019008508,-0.015177396,-0.010702506,-0.009148879,-0.0056033637,0.006552135,0.007838996,0.009518995,0.013634944
2021-03-23,-0.005024334,-0.023122037,-0.01575837,-0.0151067935,-0.0141879,-0.012727652,-0.010916534,-0.008642395,-0.008542395,-0.008475165,-0.008375165,-0.008275165,-0.0073642186,-0.006425569,-0.0055169305,-0.0051709,-0.0041633504,-0.0040633506,0.003710478,0.004875605,0.005222838,0.006435138,0.006466508,0.0075240554,0.008268882,0.008280939,0.008672633,0.008699815,0.009965261,0.010065261,0.010568505,0.012540755,0.012886696,0.014317816,0.019268477,-0.015342499,-0.010336657,-0.008324777,-0.0054379394,0.005702588,0.008207316,0.010057934,0.013352163
2021-03-24,-0.0035164768,-0.022193037,-0.015647886,-0.014691393,-0.0141356345,-0.012440019,-0.010792259,-0.00835372,-0.006724987,-0.006692886,-0.006592886,-0.006374535,-0.0056348885,-0.0053481436,-0.005248144,-0.004133793,-0.003343117,-0.0017063956,0.0045721466,0.0046721464,0.004772146,0.005141636,0.0057902248,0.0071021505,0.0072021503,0.00730215,0.00740646,0.007522219,0.009047612,0.009896494,0.009996494,0.012440925,0.012595519,0.014260915,0.018459156,-0.015041767,-0.009451049,-0.007018633,-0.0041611968,0.005272045,0.0075226477,0.0092936605,0.013010797
2021-03-25,-0.0045749126,-0.02130784,-0.01541802,-0.014701608,-0.013487456,-0.012122228,-0.011173822,-0.008983599,-0.008883599,-0.008783599,-0.0086835995,-0.0085836,-0.0084836,-0.0083836,-0.007861935,-0.006010404,-0.0047362433,-0.0043659564,0.005696617,0.0068532904,0.007431018,0.007494199,0.0075613526,0.00811458,0.00821458,0.00831458,0.00841458,0.008514579,0.008614579,0.009490825,0.0111137135,0.011473642,0.01320782,0.014109146,0.018786011,-0.014701873,-0.010505246,-0.009121644,-0.0063116276,0.0071379407,0.008399183,0.009648477,0.0129946675
2021-03-26,0.0017371187,-0.021947587,-0.015433246,-0.013668234,-0.013463448,-0.012614123,-0.011563175,-0.008760799,-0.008423992,-0.0072501646,-0.0070168828,-0.005867503,-0.0057675033,-0.0052984986,-0.0047303117,-0.003989089,-0.0029721125,-0.002326075,0.002719941,0.0028199411,0.0030737475,0.0035029834,0.0037394338,0.0039816373,0.004081637,0.0046551987,0.0058818823,0.0059185727,0.008205568,0.010988031,0.01108803,0.011338866,0.013069919,0.014539874,0.018525902,-0.015004316,-0.009933273,-0.0076140105,-0.0039770184,0.0032396498,0.0058565745,0.008812794,0.01329614
2021-03-29,-0.0015864065,-0.02077625,-0.015444128,-0.014699654,-0.013659101,-0.012379393,-0.011423374,-0.010843364,-0.010549085,-0.009641651,-0.009541651,-0.00851099,-0.00841099,-0.00831099,-0.007388119,-0.005774799,-0.0050047026,-0.0034525972,0.0038328385,0.004503815,0.0053206356,0.0054206355,0.0055206353,0.0057773427,0.006450496,0.00821883,0.00831883,0.009008186,0.009873664,0.009973664,0.010607452,0.011996538,0.013007026,0.014197736,0.01874497,-0.014736449,-0.011431426,-0.009647218,-0.0060262415,0.0051056845,0.0076997317,0.010036274,0.013104072
2021-03-30,-0.0046464214,-0.022304779,-0.015692383,-0.014587139,-0.013825278,-0.0126689635,-0.011273316,-0.011173316,-0.011073316,-0.010390419,-0.009514536,-0.009414536,-0.009314536,-0.007476539,-0.0073805186,-0.0057163266,-0.004355963,-0.0036175782,0.0058000316,0.0058814194,0.0059814192,0.006424954,0.006524954,0.006624954,0.006977468,0.008071682,0.00852567,0.0085666105,0.00866661,0.00986151,0.009953733,0.012879061,0.012930095,0.014702465,0.018868942,-0.015152944,-0.011699501,-0.009730449,-0.0060969843,0.0062130587,0.007929942,0.009710099,0.013253142
2021-03-31,0.0015980469,-0.022481086,-0.015572777,-0.0144408485,-0.013121769,-0.012572958,-0.011796321,-0.0092047015,-0.009104702,-0.009004702,-0.008683125,-0.0061042495,-0.0060042497,-0.00590425,-0.0049836054,-0.004496662,-0.0039853877,-0.0033722534,0.0052438434,0.005666476,0.005766476,0.0075133913,0.007944099,0.010370309,0.010470309,0.010996827,0.012429251,0.012728692,0.012828692,0.012928692,0.0130286915,0.013128691,0.013228691,0.014145668,0.018956712,-0.015108982,-0.010710255,-0.008298529,-0.0045884317,0.0069320993,0.010993724,0.012828803,0.01443769
2021-04-01,0.0025006074,-0.021286247,-0.01554415,-0.014702197,-0.014199567,-0.012641229,-0.011151299,-0.008241861,-0.006812435,-0.0067124353,-0.0066124354,-0.0065124356,-0.006412436,-0.006312436,-0.0052263513,-0.005203567,-0.0036761474,-0.0030622252,0.003063245,0.0039751516,0.004950197,0.008422985,0.0091856,0.009207928,0.009307927,0.010007626,0.011458795,0.011691317,0.011791317,0.011891317,0.011991316,0.012091316,0.013971579,0.014497703,0.018700706,-0.014964499,-0.0095240455,-0.007460208,-0.004736145,0.005943901,0.010396758,0.012160865,0.013834472
2021-04-06,0.006722259,-0.023180936,-0.01575039,-0.01487368,-0.014094775,-0.012917566,-0.010476532,-0.010001217,-0.008471632,-0.0073569426,-0.007350424,-0.0068620667,-0.006762067,-0.0057793376,-0.005679338,-0.0054251337,-0.003967297,-0.0037023253,0.002792006,0.0034903388,0.004634134,0.005723652,0.007018158,0.00866805,0.0088356435,0.00929887,0.010345536,0.010398829,0.010498829,0.010598829,0.011397311,0.011497311,0.012947398,0.014253025,0.018532867,-0.015284041,-0.010236001,-0.0077679986,-0.005127232,0.005095155,0.009196548,0.010957884,0.013255869
2021-04-07,0.0032244131,-0.02220479,-0.016021186,-0.0148360785,-0.014386319,-0.01260921,-0.010174114,-0.0071064066,-0.0061240965,-0.0040439153,-0.0039439155,-0.0038439154,-0.0037439154,-0.0036439153,-0.0035439152,-0.0034439152,-0.0030016643,-0.0029016642,0.002238754,0.0026117475,0.0030724953,0.0048507415,0.0075663524,0.008694535,0.009423304,0.009499426,0.011663607,0.011763607,0.011863607,0.011963607,0.012063607,0.012651555,0.012751555,0.014486202,0.01859961,-0.015079123,-0.008456922,-0.0055259913,-0.003347015,0.0044394084,0.009897506,0.012001197,0.0139529165
2021-04-08,0.0011978163,-0.023152322,-0.015664788,-0.014852747,-0.013667541,-0.012742417,-0.010985777,-0.009066401,-0.0064312983,-0.0063312985,-0.005284663,-0.005184663,-0.005084663,-0.00448448,-0.00438448,-0.0029538746,-0.002301885,-0.002021937,0.0030803268,0.003784052,0.0040268525,0.006364707,0.00878495,0.00888495,0.008984949,0.009245904,0.009903836,0.010003836,0.010103836,0.010203836,0.010303835,0.012416215,0.012747548,0.014091208,0.018512856,-0.015242569,-0.009533504,-0.006454176,-0.003369368,0.005248178,0.009424695,0.010592578,0.013105589
2021-04-09,-0.00062184484,-0.021167481,-0.015525772,-0.014688024,-0.013474796,-0.012682264,-0.011087672,-0.0079093715,-0.006572982,-0.0055258237,-0.0051444722,-0.0050444724,-0.0049444726,-0.003991521,-0.0021145835,-0.0012343022,-0.0007290942,-0.00037082075,0.002042337,0.0036424347,0.004956985,0.0060927495,0.0082574,0.00922748,0.00932748,0.0094274795,0.009527479,0.010435821,0.01053582,0.01063582,0.010756813,0.012733142,0.013182453,0.014719511,0.019142197,-0.014787597,-0.009156774,-0.006348224,-0.0018986545,0.0052123973,0.0095968,0.010863478,0.013597498
2021-04-12,0.00091372646,-0.02144372,-0.015627453,-0.014789055,-0.013725119,-0.012508878,-0.01100334,-0.010392254,-0.0065131956,-0.0064131957,-0.0056095636,-0.0055095637,-0.0055040573,-0.004037929,-0.003937929,-0.0038379289,-0.003415508,-0.0016258312,0.0029867997,0.0038620539,0.004564692,0.0067465687,0.007804351,0.007904351,0.008004351,0.008325054,0.008908166,0.009008165,0.009108165,0.009380918,0.009820729,0.011743838,0.014092102,0.014537967,0.019034099,-0.014861703,-0.009822208,-0.0065336167,-0.0036653522,0.005232893,0.0084845675,0.010099503,0.01290351
2021-04-13,0.0026084492,-0.023210485,-0.015751328,-0.014788135,-0.0143175395,-0.012572428,-0.01112214,-0.008468187,-0.0066074035,-0.0056323265,-0.0053108567,-0.005210857,-0.005110857,-0.003792816,-0.0034033104,-0.0016917582,-0.0016160212,-0.0014129236,0.0034103536,0.004749987,0.0055974843,0.007192863,0.008863413,0.008963413,0.009309683,0.009409683,0.009509683,0.009653758,0.009753758,0.009853758,0.009883646,0.011931703,0.013956904,0.014137063,0.018932484,-0.015394783,-0.009323639,-0.0063888147,-0.002666974,0.006052074,0.009348805,0.010545572,0.012947731
2021-04-14,0.003004691,-0.021750925,-0.015444782,-0.0145723475,-0.013784297,-0.012640267,-0.011027439,-0.007943094,-0.00601834,-0.0059183403,-0.0053322227,-0.004535641,-0.004435641,-0.0042465613,-0.002532814,-0.0023213013,-0.0013532434,-0.0009357139,0.0038095326,0.004567149,0.005744066,0.005844066,0.006775961,0.0073072407,0.0074072406,0.0075072404,0.00760724,0.00770724,0.00780724,0.009506807,0.011505232,0.0127991615,0.0128924055,0.014594276,0.018664418,-0.014929542,-0.009095912,-0.006212041,-0.0023357426,0.005474411,0.0077608973,0.009104187,0.013413979
2021-04-15,-0.0009420455,-0.022928935,-0.015721316,-0.014848403,-0.014464254,-0.012756292,-0.011080333,-0.0071885423,-0.006330722,-0.006230722,-0.00452614,-0.0044261403,-0.0043261405,-0.0042261407,-0.0040126597,-0.0025799926,-0.0017149893,-0.0011895074,0.00222694,0.0022673896,0.0024981978,0.0031155,0.0046685482,0.004681585,0.005583717,0.005651268,0.0057808137,0.0058808136,0.0065404205,0.009857323,0.010340883,0.011457037,0.012988927,0.014172859,0.018872742,-0.015390227,-0.009135745,-0.006097895,-0.0027846578,0.003138349,0.0061479076,0.008209659,0.012940168
2021-04-16,0.00129691,-0.021744153,-0.015505475,-0.014538039,-0.013847216,-0.012455756,-0.01017097,-0.008922924,-0.008822924,-0.006184344,-0.005419974,-0.0052409684,-0.0049073077,-0.0043769176,-0.004276918,-0.0039795814,-0.0020739217,-0.0019261326,0.0024404295,0.002494747,0.0030095524,0.0036695127,0.004077042,0.0047746943,0.0049985363,0.0053375745,0.0054375743,0.0058120834,0.005912083,0.009731725,0.010240379,0.012514067,0.01279538,0.014306311,0.019410655,-0.014744714,-0.00972784,-0.0067396187,-0.0034995042,0.0033225555,0.005946624,0.007937769,0.013240626
2021-04-19,0.0041301157,-0.02241321,-0.015603514,-0.014989564,-0.014435137,-0.012154392,-0.011033637,-0.009414292,-0.006794386,-0.0056490903,-0.005413335,-0.005089096,-0.004989096,-0.004195804,-0.003881298,-0.003781298,-0.0015858456,-0.0008964264,0.002629198,0.003834592,0.0043748114,0.004809073,0.0052089607,0.0060144616,0.0063278563,0.0073564155,0.0074564153,0.007556415,0.007656415,0.009805526,0.0103882905,0.012719261,0.01298162,0.014653042,0.019314352,-0.015127977,-0.009576194,-0.006485252,-0.0030467927,0.0043951063,0.007188356,0.009091279,0.013376094
2021-04-20,0.0013168801,-0.021148039,-0.015563055,-0.0147169605,-0.014282756,-0.012107836,-0.010924847,-0.009407984,-0.0066874805,-0.0053610737,-0.005203783,-0.0049893633,-0.0036357387,-0.0032450997,-0.0023507106,-0.0021342714,-0.0016679175,-0.00078180956,0.0028368118,0.0029120508,0.0034858438,0.0038864508,0.0043312963,0.0047442364,0.004844236,0.0052415743,0.005341574,0.0059117083,0.006011708,0.009590041,0.010711551,0.0124582015,0.012558201,0.015733106,0.018933477,-0.014805307,-0.009419669,-0.0059393896,-0.0023848144,0.0035930786,0.005963771,0.007882646,0.013485275
2021-04-21,-0.0008908853,-0.020952236,-0.01542068,-0.014434815,-0.013224695,-0.01225492,-0.011106755,-0.008578049,-0.007941756,-0.007841757,-0.007584952,-0.007484952,-0.0070809154,-0.0069809156,-0.0064258003,-0.0035966209,-0.002636377,-0.0012676137,0.0025711562,0.0026586947,0.0028120156,0.0033125207,0.004285638,0.005471622,0.0055138227,0.0063565373,0.0065123937,0.0070066345,0.0071066343,0.008513655,0.010216092,0.012572607,0.0129397325,0.014342734,0.018824333,-0.014591858,-0.009980626,-0.008139059,-0.0042822724,0.0033736422,0.006326817,0.00841581,0.0128938835
2021-04-22,-0.0018361888,-0.023674373,-0.015700288,-0.0146504445,-0.013113958,-0.012636844,-0.011107619,-0.009391221,-0.008599892,-0.0065218117,-0.0055811433,-0.0054811435,-0.0053811437,-0.005281144,-0.005181144,-0.0041505815,-0.002230511,-0.002021965,0.003452377,0.0044784327,0.004673502,0.004773502,0.0050168657,0.005632209,0.005824762,0.006356801,0.0064568007,0.006541738,0.0066417377,0.009917435,0.009998219,0.012285566,0.013929236,0.014427567,0.019023526,-0.015246617,-0.010054198,-0.007190189,-0.0038130688,0.004640515,0.00669301,0.00869739,0.013130462
2021-04-23,0.004755081,-0.022501105,-0.01543253,-0.014757765,-0.014366442,-0.01265451,-0.010945431,-0.009124005,-0.0080140075,-0.006203641,-0.0054129595,-0.004849791,-0.004032892,-0.0039328923,-0.0038326415,-0.0023030953,-0.0014307984,-0.0012482461,0.0011534395,0.0012534395,0.0012642875,0.0013642875,0.0014642874,0.0014980588,0.0015980587,0.0016980587,0.0027949926,0.0034080718,0.0053879153,0.009892396,0.0099923955,0.011271316,0.013944664,0.01519023,0.018802624,-0.015180004,-0.00980897,-0.0064676367,-0.0027329146,0.0013267025,0.0035921745,0.007085608,0.013029793
2021-04-26,0.0011842112,-0.02356216,-0.01555004,-0.014797752,-0.013290422,-0.012576746,-0.011418244,-0.009514742,-0.008488744,-0.008388413,-0.008288413,-0.008188413,-0.0069128014,-0.006050741,-0.0042376234,-0.002617548,-0.0023899747,-0.00208857,0.0014107607,0.0018978559,0.0032684852,0.0043745805,0.0050869193,0.0060033593,0.0063391593,0.006439159,0.006539159,0.006639159,0.0067391586,0.008810674,0.010511565,0.011247549,0.012803446,0.014582087,0.018587759,-0.015279522,-0.010521578,-0.008231789,-0.003904426,0.0034581684,0.0065958537,0.008306319,0.012747927
2021-04-27,-0.00034973465,-0.022453656,-0.015551307,-0.014627115,-0.01340935,-0.012328746,-0.01066692,-0.008288745,-0.0075442437,-0.006513287,-0.00617474,-0.005039245,-0.004939245,-0.0045414283,-0.0038850412,-0.0025178806,-0.002147916,-0.0020508852,0.0029383358,0.0031722737,0.004388206,0.0051533063,0.0059027844,0.006678183,0.006778183,0.0068781828,0.0069781826,0.0070781824,0.0071781822,0.009558176,0.01118172,0.013058398,0.013158398,0.015239429,0.018942816,-0.0148819955,-0.009528061,-0.0067733154,-0.0031281933,0.0044860607,0.0072191013,0.008790225,0.013596107
2021-04-28,0.0016007415,-0.02213957,-0.015700206,-0.014823742,-0.013695333,-0.012530817,-0.01104754,-0.008126033,-0.0069550495,-0.0064911153,-0.0063766125,-0.0062766126,-0.0062234243,-0.0051737605,-0.00485609,-0.0043137693,-0.0028329482,-0.0027349298,0.0028895705,0.0034056224,0.0039363466,0.004957877,0.005066314,0.0054843244,0.005533566,0.005633566,0.006058091,0.0061580907,0.0062580905,0.00839325,0.010028386,0.011488569,0.013051143,0.014305805,0.01920863,-0.015022693,-0.009488696,-0.0071552778,-0.0042028697,0.004144597,0.0061471094,0.007983733,0.012684928
2021-04-29,0.0010182596,-0.021322997,-0.015390291,-0.014501832,-0.013024345,-0.012157214,-0.010153298,-0.009262113,-0.008074091,-0.007987273,-0.007673722,-0.0075737224,-0.0071923095,-0.0063764923,-0.0062764925,-0.004685485,-0.003182312,-0.0026832102,0.001796152,0.0021378656,0.0034616499,0.0043978095,0.00510986,0.0067054303,0.00680543,0.00690543,0.00787435,0.00797435,0.00807435,0.009014318,0.010563261,0.010954861,0.012897095,0.014097148,0.018715879,-0.014409629,-0.009995721,-0.007893982,-0.0048802444,0.0037197813,0.007141878,0.009166894,0.012669092
2021-04-30,-0.0066341795,-0.022617165,-0.015490171,-0.014700962,-0.013358048,-0.012122351,-0.011277531,-0.008020553,-0.007920553,-0.0062927767,-0.0060018846,-0.005058416,-0.0049584163,-0.0047475263,-0.0046475264,-0.003160399,-0.0030603989,-0.00267435,0.0026926657,0.0027926657,0.0039647873,0.004064787,0.0048217434,0.005529616,0.00567308,0.006081162,0.006181162,0.0062811617,0.0063811615,0.009501911,0.009989783,0.012918797,0.013266739,0.014664301,0.019239087,-0.014973054,-0.009642474,-0.006981182,-0.0037202179,0.0038375973,0.006443119,0.008322427,0.013262776
2021-05-03,0.0023641875,-0.022493776,-0.014689525,-0.014666041,-0.014300325,-0.012573391,-0.011279236,-0.009853125,-0.0070883133,-0.006104185,-0.006004185,-0.005904185,-0.0047909436,-0.0046909438,-0.003380184,-0.0021832495,-0.0016009905,-0.0015009906,0.0016540887,0.0018228287,0.0023393908,0.0024393909,0.0026465773,0.0027465774,0.0030614762,0.0031614762,0.0046198666,0.0047198664,0.0093318,0.0116328765,0.013981463,0.015132863,0.01582293,0.01592293,0.01896848,-0.01506725,-0.009798179,-0.006770724,-0.0029139197,0.002263435,0.0049814745,0.009225468,0.015127723
2021-05-04,-0.0036659406,-0.020973578,-0.01543301,-0.0148034645,-0.013530714,-0.012504309,-0.0110867955,-0.007192712,-0.007092712,-0.006490256,-0.0063902563,-0.006050254,-0.005777663,-0.0050833765,-0.004768289,-0.002523304,-0.002423304,-0.0023233038,0.0014251356,0.0015251356,0.0016999554,0.002809095,0.0033666915,0.0034666916,0.0035955,0.0036955,0.0038029356,0.0049277483,0.0059423586,0.009531403,0.01007692,0.012614026,0.013430567,0.014386119,0.019135278,-0.014705682,-0.009333188,-0.0070861606,-0.0036176913,0.0022109644,0.004997607,0.0075270026,0.013148749
2021-05-05,-0.0010305427,-0.023360617,-0.015729971,-0.014840416,-0.013321409,-0.012838248,-0.011160972,-0.010111084,-0.00767119,-0.00757119,-0.0062152827,-0.006115283,-0.0057949135,-0.004343511,-0.0025567496,-0.001242703,-0.001142703,-0.000679784,0.000851385,0.0015821283,0.0016821283,0.0017381236,0.0018381235,0.0026054857,0.0037380897,0.0038380898,0.005466231,0.005676664,0.0078059733,0.01210504,0.014747307,0.014847307,0.014947306,0.01504222,0.018726096,-0.0152822435,-0.010270971,-0.007037174,-0.0023474444,0.0019183711,0.0052126804,0.009200243,0.015093595
2021-05-06,0.0039124996,-0.021170065,-0.01561644,-0.014741716,-0.01227426,-0.01217426,-0.011230921,-0.009360417,-0.009260417,-0.0073448597,-0.006409834,-0.0063098343,-0.0062098345,-0.0061098346,-0.00462143,-0.0041181087,-0.0030305577,-0.0029305576,0.003757154,0.004359084,0.004459084,0.004559084,0.0046590837,0.0047590835,0.0047668954,0.0048668953,0.0060348655,0.0061348653,0.006234865,0.009818298,0.010032598,0.012285584,0.013162567,0.014630145,0.018875524,-0.014493188,-0.010387666,-0.007844168,-0.0042020977,0.0043802606,0.006047645,0.008277092,0.01312843
2021-05-07,0.009554512,-0.021184273,-0.015592543,-0.014854988,-0.013348939,-0.012544755,-0.011054054,-0.008489297,-0.0073667,-0.0072667003,-0.0071667004,-0.007134398,-0.0064079547,-0.004971229,-0.0040477836,-0.00291891,-0.0023467517,-0.0016014402,0.0016063277,0.0017063277,0.0020002795,0.00357083,0.0042848936,0.0054031406,0.0055031404,0.006248543,0.006348543,0.0064485427,0.006792807,0.009558343,0.011236439,0.011634089,0.012409118,0.014489982,0.018647198,-0.014744913,-0.009806348,-0.0073933275,-0.003609857,0.0028773812,0.0063886927,0.008311471,0.01311321
2021-05-10,0.00040682981,-0.022406055,-0.015468694,-0.014326939,-0.014153685,-0.012686963,-0.011198408,-0.008830058,-0.0061847563,-0.0051966878,-0.005096688,-0.004996688,-0.0043733204,-0.0042733205,-0.0018642624,-0.0017642624,-0.0014836604,-0.0013836605,0.004211241,0.006509997,0.0071882536,0.009744306,0.009799101,0.010562235,0.010662234,0.01092979,0.01102979,0.01112979,0.01122979,0.01132979,0.0114297895,0.013662104,0.014284724,0.015630877,0.018952688,-0.0151827615,-0.00914737,-0.006225298,-0.0022985067,0.0076632067,0.010750141,0.011800776,0.01420105
2021-05-11,-4.7249512e-05,-0.022993421,-0.01576073,-0.014568308,-0.01351948,-0.012957982,-0.010994965,-0.009084314,-0.00843854,-0.00833854,-0.007360328,-0.005675776,-0.005575776,-0.005380007,-0.0043964293,-0.0042964295,-0.0041964296,-0.0035683936,0.0029576647,0.003986358,0.0045335894,0.0048659192,0.004965919,0.0053455597,0.0054455595,0.0064805546,0.0065805544,0.0066805542,0.006780554,0.008326003,0.010288167,0.0109168915,0.013702218,0.014616565,0.019015156,-0.015245316,-0.010284933,-0.007549924,-0.0044266917,0.0043578176,0.006359718,0.008413977,0.012632556
2021-05-12,-0.007899375,-0.022746265,-0.015746284,-0.015154045,-0.01409432,-0.012700317,-0.011382096,-0.010467071,-0.008541241,-0.007221188,-0.0064014765,-0.0060797576,-0.004973454,-0.004873454,-0.0044656424,-0.002538374,-0.0024383739,-0.0023383738,0.0043139826,0.0048175883,0.0061145844,0.007248502,0.007348502,0.007448502,0.0075485017,0.0076485015,0.0077485014,0.007848501,0.007948501,0.00910311,0.010433658,0.012599957,0.012746211,0.01427705,0.018494857,-0.015333856,-0.010553128,-0.0072343447,-0.003572104,0.006008632,0.007879423,0.0090789655,0.012981726
2021-05-13,-0.00033136172,-0.022009905,-0.015648372,-0.014815284,-0.01442754,-0.012663195,-0.011080097,-0.010251157,-0.008467767,-0.008367768,-0.008267768,-0.008167768,-0.006336764,-0.006029035,-0.0048236973,-0.0047236974,-0.0043104514,-0.0038803043,0.004217465,0.004414568,0.004911862,0.0070512043,0.008189395,0.008936047,0.009170814,0.010949558,0.0110495575,0.011149557,0.011249557,0.011349557,0.011690693,0.014743816,0.014843816,0.015322189,0.019378364,-0.015165823,-0.010596415,-0.008036287,-0.0051811836,0.005953183,0.0101148235,0.011928409,0.014496924
2021-05-14,0.0058283433,-0.022536479,-0.015641388,-0.014660579,-0.013783914,-0.012613371,-0.010871355,-0.009375054,-0.009143805,-0.007902996,-0.007776592,-0.0069103255,-0.0068103257,-0.0058279843,-0.0052215923,-0.0044976394,-0.0039184187,-0.0024982095,0.00511805,0.005662886,0.005762886,0.005957862,0.0060578617,0.0061578616,0.006775209,0.007146678,0.0072466778,0.00786825,0.008061655,0.0085837245,0.010263198,0.01199268,0.012809196,0.0146908425,0.019169666,-0.0150893,-0.010390758,-0.008086013,-0.0046092374,0.0058553787,0.007162875,0.0089139,0.012940022
2021-05-17,0.0012183728,-0.02257124,-0.015718244,-0.014557885,-0.013912044,-0.012607757,-0.011155367,-0.009064644,-0.008964644,-0.0073044114,-0.0072044116,-0.0071044117,-0.006567535,-0.005917771,-0.005817771,-0.0048395884,-0.0045269956,-0.003441506,0.0029245585,0.0030245585,0.003741959,0.0050819316,0.00662508,0.00672508,0.0068250797,0.0069250795,0.007048877,0.007148877,0.007951901,0.009479283,0.009813665,0.01199091,0.013831725,0.0143234,0.018757574,-0.015192931,-0.010209391,-0.007961946,-0.0051460546,0.0043196175,0.00738068,0.009092133,0.012872967
2021-05-18,0.0038880282,-0.023345701,-0.015555921,-0.01476533,-0.013308602,-0.012671007,-0.011202408,-0.009700653,-0.009600653,-0.009335577,-0.009235577,-0.009135577,-0.008213251,-0.008141788,-0.006366127,-0.0062661273,-0.0057794354,-0.00505709,0.0037773335,0.004697074,0.0064192237,0.0069284174,0.008543849,0.008643849,0.009019175,0.009119174,0.010262454,0.010362454,0.010462454,0.010562453,0.010662453,0.012674604,0.01317131,0.014561294,0.018483395,-0.015216729,-0.010920924,-0.009278735,-0.006520871,0.006168245,0.0094463555,0.010964225,0.01338884
2021-05-19,0.0011323603,-0.02295724,-0.015636675,-0.014776298,-0.014425544,-0.0127642965,-0.011065604,-0.006954721,-0.0068547213,-0.0067547215,-0.0066547217,-0.006554722,-0.006454722,-0.006354722,-0.0062547224,-0.0059303953,-0.005489886,-0.004955654,0.0030987791,0.0039465525,0.0042933007,0.007120393,0.0077164685,0.007816468,0.009543992,0.0096439915,0.009743991,0.011931944,0.012031944,0.012131943,0.012231943,0.012331943,0.012431943,0.014483672,0.018867526,-0.015369872,-0.009281213,-0.0074768974,-0.0058370763,0.0056006038,0.009848163,0.011654353,0.014009406
2021-05-20,0.00071602175,-0.023034312,-0.015599107,-0.014625779,-0.013654096,-0.0124603985,-0.011282406,-0.010333602,-0.008594171,-0.0075647305,-0.0073012672,-0.006887265,-0.0063371384,-0.0062371385,-0.0061252434,-0.0044805263,-0.0044007795,-0.0036183044,0.004933089,0.005921224,0.006021224,0.0066583757,0.0074237715,0.007844754,0.007944753,0.008044753,0.009437915,0.009537915,0.009637915,0.009834382,0.010093226,0.012488664,0.013191288,0.0143425595,0.0189184,-0.015206064,-0.010480138,-0.007950424,-0.0051024235,0.006295733,0.0085371155,0.010327883,0.013135446
2021-05-21,-0.0038952054,-0.023158988,-0.015653279,-0.014814285,-0.014418365,-0.012851567,-0.010839753,-0.00953676,-0.00943676,-0.009357898,-0.006748262,-0.0054690135,-0.0053690136,-0.005269014,-0.005169014,-0.0047669965,-0.0034769557,-0.0033769556,0.005157489,0.0065840925,0.0066840923,0.006784092,0.006884092,0.007967408,0.009042463,0.009142463,0.0091533335,0.0093356725,0.009435672,0.009535672,0.010111651,0.011289033,0.012621761,0.014379902,0.019071534,-0.015384389,-0.010797091,-0.0075325607,-0.0044517866,0.006850446,0.008573061,0.010016422,0.012877558
2021-05-24,0.002665378,-0.02288789,-0.015355725,-0.014603509,-0.013037704,-0.012641206,-0.010202553,-0.00769353,-0.007666543,-0.0075665433,-0.0061346064,-0.0060346066,-0.0045366795,-0.0044366797,-0.00433668,-0.00423668,-0.00413668,-0.0040366803,0.003399579,0.0042388397,0.004585851,0.005947587,0.006047587,0.007607734,0.008607403,0.009469871,0.010377097,0.010477097,0.010577097,0.012913129,0.013169004,0.015552805,0.016391458,0.016491458,0.01924387,-0.014825016,-0.009546536,-0.006595412,-0.0045562657,0.005355852,0.009303084,0.012147176,0.015474053
2021-05-25,0.0018860713,-0.021549912,-0.015562738,-0.014697046,-0.012867162,-0.012707401,-0.011322636,-0.01043048,-0.0103304805,-0.010230481,-0.010130481,-0.009803138,-0.009703138,-0.008784732,-0.008483172,-0.0061879815,-0.004497245,-0.0037117326,0.00399796,0.00409796,0.0046465145,0.0047465144,0.0060738907,0.0062713507,0.007877646,0.007977646,0.008077646,0.0081776455,0.008972844,0.009335381,0.010002202,0.011334481,0.012288229,0.0143762715,0.019142631,-0.01480197,-0.011402225,-0.010054293,-0.0065366537,0.005073319,0.007567183,0.009370348,0.012838194
2021-05-26,-0.0023776067,-0.022973489,-0.01568468,-0.014767101,-0.014072507,-0.012804212,-0.011813904,-0.010364088,-0.009939814,-0.009138596,-0.009038596,-0.008938597,-0.008838597,-0.0071484456,-0.0061531737,-0.0052681,-0.004875657,-0.003964417,0.002318481,0.0030089377,0.0032503374,0.0048017586,0.0049017584,0.006210959,0.006310959,0.0070878128,0.008715861,0.00881586,0.00891586,0.009788614,0.009957868,0.011381917,0.012963039,0.014424159,0.019348629,-0.015469758,-0.011204702,-0.009355872,-0.0058399895,0.0039380947,0.007361001,0.009839847,0.012980238
2021-05-27,-0.0007849093,-0.021522453,-0.015503511,-0.014855658,-0.012792126,-0.012337462,-0.011109473,-0.009265172,-0.0074107493,-0.0073107495,-0.006047736,-0.005947736,-0.0058477363,-0.005190795,-0.005090795,-0.0047360864,-0.004179329,-0.0035138987,0.0020674139,0.0024522697,0.0025522697,0.0029054247,0.0030054247,0.0047146333,0.0056318156,0.0057318155,0.0064295228,0.007149915,0.009622278,0.010554989,0.010654989,0.012266486,0.013238209,0.014271084,0.018731011,-0.014653005,-0.009990361,-0.0071212975,-0.004693569,0.0031218387,0.0062313555,0.009398983,0.013295712
2021-05-28,-3.4853598e-05,-0.02251661,-0.01562982,-0.014612615,-0.013216245,-0.012791561,-0.0094739925,-0.008729608,-0.008138559,-0.007036874,-0.0057223616,-0.005622362,-0.005522362,-0.004981843,-0.0049196207,-0.0040915827,-0.0026848654,-0.0025848653,0.0021052037,0.0021710822,0.0028417688,0.0029417688,0.0037611357,0.004152409,0.006288292,0.0063882917,0.0064882915,0.0065882914,0.008832713,0.009386593,0.0100987945,0.011194893,0.013734353,0.01487226,0.018491566,-0.014725646,-0.00959833,-0.0067678243,-0.003980659,0.0032696233,0.006055344,0.009006048,0.01280882
2021-05-31,0.0029275643,-0.022555137,-0.015691018,-0.014673856,-0.012722754,-0.012508966,-0.011066397,-0.008895709,-0.007954409,-0.007567439,-0.0074674394,-0.0068331137,-0.0055109644,-0.0054109646,-0.0051474744,-0.0039604497,-0.0035050223,-0.0026505364,0.0041703186,0.004717018,0.004819486,0.005920669,0.006020669,0.007908849,0.008227889,0.009173918,0.011069124,0.011117963,0.011486038,0.011586037,0.011686037,0.012783365,0.012883365,0.01436122,0.019384848,-0.014908853,-0.010031561,-0.0074820346,-0.0044193193,0.005571076,0.009161486,0.011628506,0.013960302
2021-06-01,0.00089498266,-0.021514002,-0.01563425,-0.014640146,-0.013588534,-0.012613345,-0.010759901,-0.0066783326,-0.0065783327,-0.006478333,-0.005357361,-0.005257361,-0.0051573613,-0.0050573614,-0.0049573616,-0.004857362,-0.004381927,-0.003883508,0.0044419784,0.0045419782,0.004641978,0.00506036,0.0053477925,0.0054477924,0.0074588526,0.0075588524,0.0076588523,0.007829335,0.0086757,0.00895647,0.010749802,0.011251605,0.013006543,0.0143916495,0.019186627,-0.014822006,-0.009027009,-0.0065820636,-0.0046675038,0.0052290293,0.0070280484,0.00922538,0.012907231
2021-06-02,-0.0022512423,-0.021391142,-0.0154814115,-0.014427689,-0.013442411,-0.012312275,-0.010751472,-0.008216456,-0.008079932,-0.007832411,-0.0065533095,-0.0064533097,-0.0050255945,-0.0049255947,-0.0042113764,-0.0035716274,-0.0027616038,-0.0024776424,0.0028637077,0.0035555733,0.0038113669,0.0053863525,0.006600523,0.0067005227,0.008709477,0.008809477,0.009112724,0.009212724,0.009312724,0.009422436,0.010185049,0.011210972,0.01305791,0.014362128,0.01906865,-0.014675742,-0.009861591,-0.0070671802,-0.003895112,0.0048652953,0.008149137,0.010023704,0.012849847
2021-06-03,-0.0075141434,-0.020551661,-0.015490548,-0.01449451,-0.012772488,-0.012108227,-0.010755887,-0.008661679,-0.0068561435,-0.006170254,-0.0058315084,-0.0057315086,-0.005124632,-0.005024632,-0.004924632,-0.004909932,-0.004672918,-0.0036755367,0.005986058,0.006086058,0.006186058,0.0062860576,0.0067076655,0.006780521,0.007369309,0.008056007,0.008156007,0.008256007,0.008356007,0.009336111,0.0110796485,0.012263659,0.014016803,0.014426414,0.019349601,-0.014335762,-0.009387694,-0.006718561,-0.0047829053,0.0063827084,0.007827262,0.009624187,0.013291088
2021-06-04,0.0042109312,-0.020775387,-0.015474356,-0.014649741,-0.013695366,-0.012478216,-0.010827984,-0.0075496393,-0.005158796,-0.0042123175,-0.0041630166,-0.0040630167,-0.0034304925,-0.003103689,-0.0031004231,-0.0029749877,-0.0028749877,-0.0025354207,0.0024571053,0.0025571054,0.0026571054,0.0027571055,0.003210735,0.003310735,0.0040494157,0.004338634,0.0061960206,0.0077813226,0.007973755,0.009023526,0.010220682,0.012384479,0.012975262,0.014293463,0.018927846,-0.014650261,-0.008479696,-0.005336796,-0.0031097673,0.0028955673,0.00553299,0.008789977,0.012969999
2021-06-07,0.0021295766,-0.022271257,-0.015610165,-0.014806291,-0.013103301,-0.012182524,-0.011317454,-0.008639804,-0.008539804,-0.0079580555,-0.0070532267,-0.0047213375,-0.0036932733,-0.0035932732,-0.0033499969,-0.0029150187,-0.0027559407,-0.0021551524,0.003430908,0.00463578,0.005934281,0.0061251004,0.0075197294,0.0076197293,0.008359532,0.008459532,0.01056899,0.01066899,0.01076899,0.01086899,0.01096899,0.011312545,0.0137110455,0.014246853,0.018366843,-0.014896941,-0.010252282,-0.0068394067,-0.0031794894,0.00569712,0.009027394,0.011317401,0.013152843
2021-06-08,-0.001575204,-0.022682032,-0.015724817,-0.014791115,-0.013624803,-0.011887933,-0.010985576,-0.008341454,-0.0064452784,-0.0063452786,-0.006273376,-0.006173376,-0.006073376,-0.0059733763,-0.0058733765,-0.0057733767,-0.005673377,-0.004900032,0.00423387,0.0048394916,0.0054957573,0.0059607723,0.006651501,0.007703418,0.010006727,0.010199871,0.010299871,0.010399871,0.01049987,0.01059987,0.01069987,0.012536559,0.013065325,0.014436003,0.018775024,-0.014981033,-0.00938174,-0.0071501965,-0.0056787077,0.006107324,0.009110906,0.010972962,0.013409466
2021-06-09,0.0003653073,-0.02157902,-0.015570742,-0.014327772,-0.013382478,-0.012096864,-0.010532583,-0.0079677375,-0.0073247333,-0.006469361,-0.006369361,-0.0051265373,-0.0047295084,-0.0046295086,-0.0045295088,-0.0037831687,-0.0032443139,-0.0025882295,0.0038401345,0.0045256647,0.0055062138,0.0056062136,0.0067219036,0.0071535865,0.008951492,0.0090514915,0.009151491,0.009251491,0.009351491,0.009451491,0.010287774,0.011404159,0.013935766,0.014193574,0.019070264,-0.014632339,-0.009324437,-0.006717139,-0.0038543516,0.005685943,0.008325992,0.010228346,0.012881452
2021-06-10,-0.0008991422,-0.021404224,-0.015623899,-0.014822595,-0.014410943,-0.012710146,-0.011228432,-0.007762749,-0.0057628397,-0.005177195,-0.0041886712,-0.0040886714,-0.0039886716,-0.0038886715,-0.0037886715,-0.003217929,-0.0023863928,-0.0022022717,0.0034017093,0.0042263363,0.004326336,0.004426336,0.0055676773,0.005667677,0.005775814,0.005875814,0.0059758136,0.0060758134,0.0061758133,0.0094051035,0.010010621,0.012508813,0.012835794,0.014631581,0.01875225,-0.015075529,-0.008950762,-0.0058114575,-0.003136787,0.0044313064,0.006518417,0.008093667,0.013061674
2021-06-11,-0.0059902375,-0.021873139,-0.015605645,-0.014467458,-0.013323383,-0.012433508,-0.010652517,-0.009016884,-0.007488175,-0.007388175,-0.0063238177,-0.005910269,-0.005895305,-0.004922046,-0.00490582,-0.0041898997,-0.003287942,-0.0020146575,0.003627035,0.0038364353,0.003988189,0.004324674,0.004424674,0.004856341,0.004941822,0.005288843,0.0057119774,0.0060668993,0.0061102416,0.0094306655,0.011285986,0.012750976,0.013193137,0.014364697,0.019284716,-0.014777638,-0.009802641,-0.007056372,-0.0040617175,0.0041436316,0.0060134847,0.008102584,0.013423408
2021-06-14,0.0020577817,-0.022105398,-0.015554259,-0.014430303,-0.01325751,-0.011797989,-0.010842488,-0.0073610973,-0.005435968,-0.0038956285,-0.0037956284,-0.0035428419,-0.0034428418,-0.0033428418,-0.0032428417,-0.0026161298,-0.0020157525,-0.0016342824,0.0015630531,0.0016630531,0.001763053,0.0018927013,0.0026292729,0.002729273,0.002829273,0.0036255165,0.0039139627,0.00475299,0.0055585005,0.009330253,0.010259813,0.012467181,0.013688732,0.01418091,0.018764231,-0.014711529,-0.008393097,-0.0053719534,-0.0026103698,0.0019422267,0.0046134614,0.007448888,0.013000478
2021-06-15,-0.0004475219,-0.022303022,-0.01562306,-0.014685628,-0.013014004,-0.012243536,-0.01089657,-0.008109286,-0.005802527,-0.004079805,-0.0039798054,-0.0038798053,-0.0037798053,-0.0036798052,-0.0035460172,-0.0021667513,-0.0020667512,-0.0020053235,0.0030577173,0.0031577174,0.004227254,0.004327254,0.0045920354,0.0046920353,0.0047860267,0.0048860265,0.0049860263,0.005086026,0.0054086167,0.008935746,0.010788901,0.012468771,0.014068625,0.014450941,0.018699674,-0.014816038,-0.008714763,-0.005627703,-0.0027329298,0.0039111944,0.0056383736,0.0076970076,0.013068807
2021-06-16,-0.00014440464,-0.023287736,-0.01569241,-0.014702367,-0.013299586,-0.012075871,-0.009622761,-0.009522761,-0.0057159183,-0.0048935176,-0.0047935178,-0.004693518,-0.004593518,-0.0041729785,-0.0036267268,-0.0026651178,-0.0025651178,-0.0022981486,0.0033200774,0.0037230756,0.004496276,0.004748854,0.0053443937,0.0054443935,0.0055443933,0.005644393,0.006047367,0.006147367,0.006247367,0.009210013,0.011160485,0.011282369,0.012296038,0.014417962,0.01898871,-0.014795673,-0.008891465,-0.0057797385,-0.0031697259,0.0043665357,0.0063581117,0.00798963,0.013011908
2021-06-17,-0.01723402,-0.023054222,-0.015663229,-0.014560321,-0.013363924,-0.0123101305,-0.01132256,-0.008320596,-0.008220596,-0.0061360826,-0.0060360827,-0.005936083,-0.005836083,-0.0057360833,-0.0056360834,-0.0044940775,-0.0033299215,-0.0025875522,0.0022525315,0.0029104995,0.0033224397,0.0046906117,0.005096955,0.005299608,0.005399608,0.005509849,0.005609849,0.005709849,0.0058098487,0.009249414,0.011337093,0.01244237,0.012559321,0.014363835,0.018485907,-0.015142813,-0.009712031,-0.0074302806,-0.004396743,0.0037151382,0.0061731352,0.007787656,0.013175723
2021-06-18,-0.0032565477,-0.022073252,-0.016180852,-0.015531072,-0.01473002,-0.014683696,-0.014073765,-0.012774077,-0.010566844,-0.010466844,-0.010366844,-0.010266844,-0.010166844,-0.0100668445,-0.009966845,-0.0060305935,-0.0050213262,-0.004781641,0.0050679166,0.005307804,0.0054078037,0.0055078035,0.006121643,0.0062216427,0.008174842,0.008274842,0.008374842,0.008529101,0.0086291,0.0087291,0.010398696,0.01249967,0.014169848,0.014639986,0.018671216,-0.016348317,-0.01268252,-0.011048229,-0.0072134496,0.0058932337,0.007575266,0.009686398,0.012987735
2021-06-21,0.0030802216,-0.022078907,-0.015295253,-0.014934249,-0.012824152,-0.011508857,-0.010929648,-0.009040697,-0.007240458,-0.0065731434,-0.0064566634,-0.0046201167,-0.004451702,-0.0033068862,-0.0025362808,-0.0015694675,-0.0014694675,-0.0012726581,0.0037515312,0.0038515313,0.0039515314,0.005206346,0.0053540585,0.0056689577,0.005704419,0.006081544,0.0066081416,0.008061506,0.008161506,0.009929724,0.01236801,0.012640478,0.014933915,0.015755683,0.01919377,-0.014527363,-0.009743639,-0.0064770714,-0.0022935984,0.0044930717,0.0070191575,0.009538958,0.013977533
2021-06-22,0.00010495977,-0.021519646,-0.0155190155,-0.014615073,-0.013791489,-0.011898081,-0.011131043,-0.007877193,-0.007821969,-0.007665116,-0.0068495525,-0.0067495527,-0.006454898,-0.004773811,-0.004673811,-0.004451743,-0.003837655,-0.003268343,0.001875789,0.0032183018,0.0043898127,0.005112014,0.005173789,0.0052737887,0.0053737885,0.005930706,0.0071524144,0.0072524142,0.007352414,0.009105022,0.009984148,0.011348456,0.013985135,0.014598032,0.019040931,-0.0147718545,-0.009822079,-0.0074062543,-0.004596221,0.003993941,0.006547144,0.00896948,0.012815317
2021-06-23,0.003352909,-0.021044483,-0.015603794,-0.014780727,-0.0143582,-0.0126947295,-0.010712679,-0.008944636,-0.008286463,-0.007248923,-0.007213366,-0.0059728916,-0.004561948,-0.0044619483,-0.0043619485,-0.0036374491,-0.002885818,-0.002785818,0.0007395598,0.0017961804,0.0018108394,0.0027340855,0.0029851717,0.0036155598,0.0047257375,0.005333456,0.005433456,0.005533456,0.0056334557,0.007832124,0.010555207,0.011935605,0.01221188,0.014220838,0.01871727,-0.014882778,-0.009994686,-0.0070472807,-0.003928785,0.0023612804,0.005059954,0.007328874,0.012652209
2021-06-24,-0.0019433177,-0.021084476,-0.015607367,-0.014694163,-0.013939485,-0.012364702,-0.010727126,-0.007715929,-0.007615929,-0.0071485774,-0.0070485775,-0.006915212,-0.0068152123,-0.006563379,-0.0060955468,-0.0038087766,-0.0037087766,-0.0036087765,0.0025378773,0.003817418,0.0046061906,0.0047061904,0.0049718483,0.005071848,0.005171848,0.005271848,0.0053718477,0.0054718475,0.0055718473,0.009032976,0.009878139,0.011402498,0.0141157545,0.014183635,0.01917821,-0.014744632,-0.009580345,-0.007754045,-0.004827418,0.004167905,0.0059640734,0.007912855,0.012735093
2021-06-25,0.0010810178,-0.022167271,-0.015640896,-0.014720593,-0.013057101,-0.012664293,-0.011528411,-0.011428411,-0.010780569,-0.010680569,-0.009057979,-0.008957979,-0.008049,-0.004813089,-0.0048086,-0.0036451456,-0.003333411,-0.0027804151,0.002857421,0.0029801237,0.0033501368,0.004502961,0.0047967033,0.0048538093,0.0049843923,0.005925332,0.006025332,0.006125332,0.0062253317,0.008094498,0.01006805,0.0115243355,0.012262063,0.014804344,0.019335313,-0.015011594,-0.01182771,-0.008845809,-0.00470511,0.003735007,0.0059591345,0.0077465116,0.012765308
2021-06-28,-0.0002429177,-0.022167113,-0.015284078,-0.014610287,-0.012975104,-0.011387947,-0.011091135,-0.008081822,-0.0069158645,-0.0062533445,-0.005534551,-0.005418208,-0.003619725,-0.0035197248,-0.0034197248,-0.0015688695,-0.0014688695,-0.0013688696,0.0029535838,0.0034387396,0.0039453427,0.0039550285,0.0041360776,0.0052983807,0.0055275797,0.006482025,0.006582025,0.006682025,0.0067820246,0.009365286,0.010215633,0.011675374,0.013725454,0.014214361,0.018344155,-0.014581075,-0.00939049,-0.0061362004,-0.0026489082,0.003964055,0.0063927593,0.008627363,0.012762962
2021-06-29,-0.0025836015,-0.022894729,-0.015758982,-0.014786364,-0.013595528,-0.012416163,-0.010972289,-0.009588606,-0.008803145,-0.0077116014,-0.0061382204,-0.005078953,-0.0049789534,-0.0043285205,-0.0042285207,-0.0030242011,-0.002924201,-0.0019539392,0.002951892,0.0033717314,0.0038307232,0.0039586197,0.0046101557,0.005943677,0.0063039907,0.0064039906,0.0065039904,0.00660399,0.00670399,0.009382461,0.010896484,0.011273742,0.012623851,0.015248257,0.018554688,-0.01512754,-0.0103724,-0.007044226,-0.0034419629,0.0040833913,0.006588855,0.008363657,0.013071125
2021-06-30,-0.0048454376,-0.022409178,-0.01570213,-0.0148255555,-0.013860614,-0.011652503,-0.011054367,-0.008077131,-0.007977131,-0.006985692,-0.005650915,-0.0051666778,-0.0046080635,-0.0045080637,-0.0031195665,-0.0027289737,-0.0024203951,-0.0019558326,0.0019272466,0.0021128508,0.0025215535,0.0034971694,0.0037755375,0.0055483435,0.0056483434,0.005748343,0.005848343,0.005887251,0.005892498,0.009410658,0.010008004,0.011529072,0.013880118,0.014464461,0.01925474,-0.014935759,-0.009783975,-0.006759708,-0.003078289,0.0031414325,0.006074027,0.008183774,0.0129333865
2021-07-01,0.0006264706,-0.022756891,-0.01574674,-0.014737644,-0.013552306,-0.012709032,-0.011184077,-0.007709518,-0.007165736,-0.0037403787,-0.0036403786,-0.0035403785,-0.0031186426,-0.0030186425,-0.0029186425,-0.0019362211,-0.0018362212,-0.001654952,0.0028306516,0.0029306517,0.003316492,0.0034164921,0.0035164922,0.004662691,0.004762691,0.004862691,0.0049626906,0.0057707704,0.00587077,0.008956185,0.010304278,0.011526674,0.011911867,0.014320068,0.01903623,-0.015189809,-0.008907471,-0.005625495,-0.0023772828,0.0034513953,0.005553766,0.007494457,0.012828687
2021-07-02,-0.00073408586,-0.020623365,-0.015098064,-0.014476732,-0.013923613,-0.011696016,-0.010509384,-0.009991183,-0.00949455,-0.007585394,-0.0074853944,-0.0073853945,-0.0072094803,-0.0065976926,-0.005274906,-0.004626047,-0.00294077,-0.00284077,0.0036884814,0.004405301,0.0049547367,0.0058701984,0.0065958076,0.0072965333,0.007396533,0.007496533,0.007596533,0.0078034797,0.00790348,0.009221927,0.009765973,0.012791965,0.012827622,0.014252467,0.018889492,-0.014370088,-0.010411448,-0.0082593,-0.0046135774,0.00526305,0.007682856,0.009070608,0.012984365
2021-07-05,0.0016066936,-0.021350997,-0.015534312,-0.014663571,-0.0127141345,-0.011095894,-0.0107918875,-0.0077966023,-0.00749863,-0.004985398,-0.0048853983,-0.0047853985,-0.0046853987,-0.004585399,-0.004485399,-0.0029927802,-0.0025994568,-0.0024994568,0.0030040203,0.0034906024,0.004204824,0.0043109204,0.00441092,0.00451092,0.0050313207,0.0051313206,0.0057353685,0.006016556,0.006377661,0.009096321,0.009832035,0.012538833,0.012576837,0.014293231,0.018921483,-0.014297445,-0.0091472175,-0.0064893425,-0.0034724982,0.004008338,0.0058332076,0.007960549,0.012936381
2021-07-06,-0.004180246,-0.021394677,-0.015507296,-0.014570738,-0.013701847,-0.012120598,-0.011079272,-0.009144571,-0.006776522,-0.006676522,-0.0065960907,-0.006496091,-0.006396091,-0.005365169,-0.0047062063,-0.0035030553,-0.002947287,-0.0021631008,0.0036933995,0.004331189,0.0050052567,0.0054205903,0.0055315085,0.0061692335,0.0062692333,0.006302298,0.006402298,0.0065022977,0.0066022975,0.007932062,0.009956253,0.012469302,0.012867401,0.014324283,0.019125102,-0.014760738,-0.009649524,-0.007242629,-0.0039631478,0.004943934,0.00648748,0.008061272,0.012761401
2021-07-07,-0.0011621693,-0.021902446,-0.015516029,-0.014454221,-0.0132755125,-0.011953023,-0.010886036,-0.0068818694,-0.006152507,-0.0060625942,-0.0050784955,-0.0049784956,-0.0036808944,-0.0028945098,-0.0017404712,-0.0016404713,-0.00072130957,0.00030206618,0.0019454826,0.0020454826,0.0021454827,0.0026478008,0.0029243238,0.0030243238,0.0037019416,0.0038019416,0.004711517,0.004811517,0.0055104075,0.008104123,0.010876845,0.012755337,0.012994089,0.014492485,0.019067671,-0.014706609,-0.008887446,-0.0057384884,-0.0017557364,0.0024972379,0.004533246,0.0072263307,0.013059293
2021-07-08,0.0031172372,-0.022546437,-0.015709434,-0.0147848,-0.012705146,-0.012456192,-0.011083166,-0.009030316,-0.0066373637,-0.0053550093,-0.0045926264,-0.0034725456,-0.0032371373,-0.0025490117,-0.0021246895,-0.0014973661,-0.0014114751,-0.0007552755,0.0012251183,0.0017147531,0.002378314,0.0031389038,0.0035683957,0.0036683958,0.004235382,0.0045580287,0.0048487363,0.0058876667,0.0063960943,0.00888094,0.010519934,0.011368675,0.013259644,0.014319746,0.018904055,-0.014900075,-0.009378131,-0.005619861,-0.0018522704,0.0025384943,0.005312686,0.007854616,0.01279867
2021-07-09,0.0017215194,-0.02022526,-0.015503826,-0.014730212,-0.013274571,-0.012534205,-0.0096204495,-0.008038817,-0.00727173,-0.0058987318,-0.005798732,-0.0057490175,-0.005456658,-0.005070335,-0.0049703354,-0.0033092983,-0.0028849614,-0.0025390333,0.003538695,0.0039916635,0.0046083825,0.004713587,0.004862631,0.0057108616,0.0070131933,0.007990109,0.009315266,0.009415266,0.009515266,0.0106556425,0.010951029,0.012546435,0.012731996,0.01431955,0.018562209,-0.014231661,-0.009111987,-0.0066435807,-0.0038905293,0.004773104,0.0077269017,0.010326687,0.013406974
2021-07-12,-0.00020026963,-0.022273107,-0.015674423,-0.015064652,-0.014444594,-0.012690125,-0.010962229,-0.009469785,-0.008322682,-0.0058312328,-0.0043928577,-0.004292858,-0.004192858,-0.0039430913,-0.0038430912,-0.0023557656,-0.0012881298,-0.0011881299,0.003321598,0.003878073,0.004458717,0.0048546097,0.0058561545,0.006316797,0.007390417,0.007490417,0.008607875,0.008707874,0.008745529,0.009154335,0.009854125,0.012357008,0.013752458,0.013950043,0.018055363,-0.015208895,-0.009930117,-0.0063627437,-0.0025935948,0.0047806827,0.007505115,0.009793614,0.012674175
2021-07-14,-0.0027255423,-0.021833925,-0.015597095,-0.0147520825,-0.0131049305,-0.012073423,-0.010088698,-0.009192378,-0.008202993,-0.007564428,-0.0057987045,-0.005504419,-0.0047651655,-0.0046651657,-0.0046002762,-0.00435978,-0.0031640932,-0.0029447335,0.0021248946,0.0025903478,0.00290647,0.0030685887,0.0043199253,0.0048557688,0.0058955397,0.006386745,0.0064867446,0.0075235837,0.007893731,0.008592005,0.01062965,0.01259845,0.013017258,0.014327218,0.018841324,-0.014539614,-0.009960116,-0.006704145,-0.0041146604,0.0033171684,0.006335606,0.008702664,0.01299773
2021-07-15,-0.0016799793,-0.022523265,-0.015613869,-0.014752184,-0.013119689,-0.011438711,-0.010398037,-0.008940782,-0.007928867,-0.0066716117,-0.0060498067,-0.005949807,-0.0051486664,-0.0047851773,-0.0041588573,-0.0039051948,-0.002462801,-0.0023594461,0.002329108,0.0030180162,0.0031032101,0.003692118,0.004349779,0.0050323126,0.005920117,0.0060201166,0.007322891,0.007445118,0.008390279,0.009321778,0.009908248,0.01131796,0.013118218,0.014268506,0.018664064,-0.014618714,-0.009738296,-0.0068621105,-0.0037672215,0.003612514,0.006433821,0.009119657,0.012696112
2021-07-16,0.000285838,-0.022162015,-0.015511274,-0.0149147045,-0.013985313,-0.011841259,-0.010034333,-0.007818858,-0.0077188583,-0.0075057144,-0.005984309,-0.005654878,-0.00518041,-0.0050804103,-0.0040610987,-0.003961099,-0.003065533,-0.0023995216,0.0042699506,0.004932052,0.005032052,0.005142219,0.0058927885,0.006295969,0.0063833306,0.006918887,0.008501847,0.008601847,0.008990359,0.0092915585,0.010154411,0.011476724,0.012731918,0.014422512,0.019108698,-0.014706838,-0.009598494,-0.0067996643,-0.0038284264,0.005151921,0.00740021,0.009623506,0.012890781
2021-07-19,-0.0003239559,-0.022521878,-0.015772054,-0.014416471,-0.013894298,-0.011598962,-0.011049496,-0.008065367,-0.0057148975,-0.0056148977,-0.0045286915,-0.0038632948,-0.0025169512,-0.002416951,-0.002316951,-0.002216951,-0.0018881217,-0.0017035821,0.0024463383,0.003380649,0.0039068307,0.0050525395,0.006607124,0.006707124,0.006807124,0.007815116,0.007915116,0.009261789,0.009361789,0.009461788,0.009683218,0.011545246,0.012877333,0.014627398,0.018792542,-0.014967337,-0.008972226,-0.0052453973,-0.00239778,0.0043186964,0.007970588,0.009775563,0.012822038
2021-07-20,-0.0025826932,-0.021043422,-0.015494008,-0.014514329,-0.013466954,-0.012523715,-0.011068488,-0.00963406,-0.0090639675,-0.008772607,-0.008597,-0.008304702,-0.0076340856,-0.0069470336,-0.0049865576,-0.003433021,-0.003333021,-0.0029822034,0.002614325,0.0035150833,0.0041592885,0.0052543185,0.0053543183,0.0071803853,0.007280385,0.007380385,0.00960454,0.00970454,0.009804539,0.009904539,0.010779083,0.012514702,0.013992075,0.0154277105,0.019179353,-0.014719318,-0.010610689,-0.008662115,-0.004607901,0.00456468,0.007904833,0.010602047,0.013561077
2021-07-21,0.001981085,-0.022477899,-0.015671821,-0.014128709,-0.014028709,-0.011923459,-0.010495153,-0.00851426,-0.00841426,-0.00831426,-0.007971606,-0.007871606,-0.007286398,-0.0068798456,-0.005000188,-0.0036054512,-0.0023802612,-0.0019478148,0.0025746839,0.002792942,0.0036896686,0.0048487172,0.005167429,0.005924687,0.006080619,0.0066467794,0.006746779,0.006846779,0.0069561866,0.009020943,0.010111397,0.012357263,0.013661709,0.014285002,0.018678192,-0.0149194095,-0.009973328,-0.008209453,-0.0041610645,0.003997326,0.006721323,0.008646479,0.01289056
2021-07-22,-0.0026352378,-0.022277951,-0.015612676,-0.014521746,-0.013816272,-0.012557464,-0.011018269,-0.008342818,-0.00668329,-0.0064870617,-0.0054502534,-0.0053502535,-0.0052502537,-0.0040413323,-0.0035460661,-0.0018289022,-0.0017289022,-0.0015884603,0.0010037023,0.0011037022,0.0014960398,0.002540909,0.002795717,0.004144985,0.0046005533,0.004700553,0.005569248,0.0057138586,0.0058138585,0.008970703,0.010366075,0.012481748,0.012838788,0.014092638,0.01898551,-0.015056526,-0.009410637,-0.0064886794,-0.002808517,0.0021489814,0.0052651637,0.007781292,0.012979334
2021-07-23,-0.0005908043,-0.022815134,-0.015485587,-0.0148457885,-0.013081319,-0.011940126,-0.011220052,-0.0070246747,-0.003971765,-0.0038717648,-0.0037717647,-0.0029573068,-0.0026619257,-0.0023785832,-0.0021724252,-0.0021161966,-0.0013029389,-0.0012474381,0.0034798686,0.0035798687,0.0036798688,0.0037798688,0.003879869,0.0039798687,0.0040798686,0.005004335,0.005104335,0.0076980446,0.0077980445,0.009289418,0.010246745,0.013666434,0.013827483,0.014299652,0.01891776,-0.014908445,-0.008186809,-0.004800818,-0.001959261,0.0037198686,0.0059703076,0.008743465,0.013284002
2021-07-26,0.004212998,-0.023617923,-0.015599552,-0.014482306,-0.013014913,-0.012062975,-0.010538589,-0.008437904,-0.008225162,-0.0062396796,-0.00613968,-0.0060882936,-0.005988294,-0.005067239,-0.0031149215,-0.00292028,-0.0022839468,-0.0017155977,0.0019198746,0.0019908692,0.0020949808,0.003206623,0.003306623,0.0034066231,0.0037126848,0.003812685,0.004054625,0.004465294,0.0047063553,0.009344353,0.010811493,0.012223769,0.013092041,0.014299939,0.018972175,-0.014966791,-0.009584728,-0.007191793,-0.003224608,0.0025850064,0.0048671155,0.007132534,0.013130346
2021-07-27,0.0017723788,-0.021830535,-0.015778558,-0.014599691,-0.013315324,-0.011391593,-0.010398623,-0.007678163,-0.0063133626,-0.006213363,-0.0051692743,-0.0050692745,-0.0047274968,-0.004582828,-0.003440869,-0.0027956914,-0.0015307585,-0.0014307585,0.0014682492,0.0015682492,0.0016682491,0.0019877432,0.0033975916,0.003903947,0.004003947,0.004071865,0.004477013,0.005590832,0.0062767337,0.009290188,0.009901871,0.01130355,0.013869852,0.014181965,0.019017745,-0.014542927,-0.009040641,-0.0062383167,-0.0028534704,0.0021392875,0.0052508847,0.0079009235,0.012739064
2021-07-28,-0.0018104835,-0.02294857,-0.015771586,-0.014864173,-0.0131613435,-0.011979606,-0.009949774,-0.009849774,-0.008453215,-0.0062130797,-0.005426404,-0.0053264042,-0.0047618193,-0.0036496958,-0.0035496957,-0.002873586,-0.0015012384,-0.00071780005,0.0031311105,0.0032819216,0.003407166,0.0042548156,0.00640505,0.0065050498,0.0066050496,0.0067050494,0.007093947,0.0071939467,0.0072939466,0.009343471,0.010594327,0.012878993,0.012965367,0.014328788,0.019194094,-0.014762175,-0.009866003,-0.006448182,-0.002793745,0.004136013,0.0072305137,0.008778135,0.013267934
2021-07-29,0.006448613,-0.02350241,-0.015757985,-0.015003105,-0.013110755,-0.012616441,-0.012334938,-0.008319317,-0.008119359,-0.007806545,-0.0077065453,-0.0076624765,-0.0075800493,-0.007406888,-0.006787139,-0.003661908,-0.0027870063,-0.002242436,0.003434663,0.003534663,0.0044805123,0.005390792,0.0060733645,0.006410174,0.006510174,0.0070076813,0.007107681,0.007207681,0.007307681,0.008897284,0.009729692,0.012467621,0.012954855,0.0148838945,0.019028038,-0.015464505,-0.010316653,-0.008629556,-0.004628193,0.004670161,0.007119237,0.008695036,0.013001306
2021-07-30,-0.0018463493,-0.02288907,-0.015708385,-0.01484435,-0.013463096,-0.012880795,-0.010258732,-0.007177855,-0.0066564404,-0.0057501723,-0.005624189,-0.0048713544,-0.004816688,-0.0039322977,-0.00384195,-0.002756709,-0.002656709,-0.0022659465,0.0024838413,0.0025838413,0.0025897685,0.004644315,0.004744315,0.004844315,0.0049443147,0.0050443145,0.0051443144,0.005244314,0.0061335387,0.008619664,0.010072992,0.012485992,0.012836174,0.015082993,0.018400162,-0.015040016,-0.00893751,-0.0062576695,-0.0032785342,0.0034492165,0.0056993845,0.007595601,0.01293236
2021-08-02,0.000758321,-0.022531722,-0.015709223,-0.01478315,-0.0128712,-0.01181144,-0.010081303,-0.006449965,-0.0057169455,-0.0047543235,-0.0035766808,-0.0032746294,-0.0024811213,-0.0023811213,-0.0022811212,-0.0021541025,-0.0017043465,-0.0016043466,0.0024074102,0.0031600974,0.0033095041,0.004139773,0.0056971195,0.0057971193,0.0059954002,0.0062199207,0.0063199205,0.0064199204,0.00651992,0.008888443,0.009767672,0.011185266,0.012941236,0.01419697,0.018549621,-0.014600977,-0.008357137,-0.0048474343,-0.0022037092,0.0038024369,0.006604505,0.008217888,0.012517596
2021-08-03,-0.0012114816,-0.02213679,-0.015104556,-0.014404026,-0.0126553895,-0.011824293,-0.010229656,-0.008137446,-0.006815685,-0.0061006164,-0.0054510934,-0.0053510936,-0.004744474,-0.004644474,-0.0040715984,-0.0032427015,-0.0027763124,-0.0026763123,0.00047241492,0.0011299896,0.0015235079,0.0024040814,0.002672945,0.0043550767,0.0059151878,0.0060151876,0.0061151874,0.0062151873,0.006315187,0.009262253,0.009954186,0.011404895,0.013020592,0.014242852,0.019087022,-0.014390138,-0.009137485,-0.0063770763,-0.0036236034,0.0022890363,0.00570413,0.008185682,0.012790242
2021-08-04,-0.0013712706,-0.02264048,-0.015529213,-0.0134403,-0.012933992,-0.011869861,-0.010579048,-0.008087251,-0.00759033,-0.0062222467,-0.006122247,-0.006022247,-0.005922247,-0.005518708,-0.0052277297,-0.0050543025,-0.0034771939,-0.0033758238,0.002926711,0.0034199436,0.0041987193,0.0049424227,0.005138154,0.005566453,0.0066576665,0.0067576664,0.0069204704,0.00702047,0.00712047,0.00909817,0.010625923,0.012566591,0.013005844,0.014292555,0.019111214,-0.0147105185,-0.009183835,-0.0071465163,-0.0046314592,0.0044290926,0.006716183,0.0086330855,0.01313889
2021-08-05,-0.00040963618,-0.021420173,-0.015586011,-0.013633296,-0.013576152,-0.012064062,-0.010618131,-0.0067902296,-0.0065495023,-0.0059427675,-0.0051835533,-0.0050135255,-0.0049135257,-0.0041943016,-0.0037640375,-0.0031220121,-0.002357798,-0.0021953743,0.0030450572,0.004062737,0.0041627367,0.004858132,0.004958132,0.0050581316,0.0054861656,0.005589745,0.006134143,0.006234143,0.0063341428,0.009874956,0.009974956,0.012169457,0.013119069,0.013994983,0.019121451,-0.014652906,-0.008706785,-0.006291803,-0.0032905496,0.0043229656,0.006343021,0.0083392905,0.013027161
2021-08-06,-0.0065112025,-0.02093733,-0.015670067,-0.013592942,-0.012746383,-0.011607475,-0.010170306,-0.008916724,-0.0062709465,-0.0061709466,-0.0050274357,-0.004927436,-0.004827436,-0.004727436,-0.0043939296,-0.0035042004,-0.0025713046,-0.002563883,0.0010604229,0.0013657091,0.0019375157,0.0034147445,0.0035147446,0.0042800796,0.0043800795,0.004591848,0.0052885944,0.005413676,0.005513676,0.009211414,0.009892875,0.011606092,0.012708106,0.014742351,0.018785642,-0.014226313,-0.009024372,-0.006204712,-0.0035921508,0.0024316944,0.005402352,0.0076270932,0.012847675
2021-08-09,-0.001048547,-0.022127155,-0.01551984,-0.014027996,-0.013071215,-0.010963616,-0.010539115,-0.0067276494,-0.00599891,-0.004825636,-0.004725636,-0.004625636,-0.0045256363,-0.0044256365,-0.0043256367,-0.0027887532,-0.0026887532,-0.0025887531,0.001714144,0.0018261378,0.0019261377,0.0023256766,0.0029113162,0.0042153597,0.005245611,0.0058349646,0.0058375513,0.005937551,0.0067755375,0.008660998,0.0098732365,0.011269134,0.012890786,0.014083464,0.01881289,-0.014444187,-0.008423862,-0.006042987,-0.0034035065,0.0026075414,0.005512038,0.008020485,0.012539944
2021-08-10,-0.002364858,-0.022896508,-0.01529567,-0.014236711,-0.012911294,-0.011961343,-0.010769927,-0.008294608,-0.006264976,-0.00492997,-0.004810711,-0.0047966572,-0.0046966574,-0.0045966576,-0.0044966578,-0.004396658,-0.004296658,-0.003447175,0.0012384433,0.0013384433,0.002049677,0.0026107405,0.002781765,0.0034649356,0.0037126506,0.0038126507,0.0044385726,0.0049693156,0.0062136077,0.0092324,0.010306803,0.01196996,0.013807519,0.014537843,0.018643733,-0.014766948,-0.008899239,-0.0062277853,-0.0042867614,0.0021899908,0.0048522134,0.0077322833,0.012938147
2021-08-11,0.001379115,-0.022153959,-0.015227658,-0.01472347,-0.012916229,-0.011853376,-0.010692844,-0.008365317,-0.006604455,-0.0062115234,-0.0055816025,-0.005152515,-0.005081375,-0.0047215717,-0.004621572,-0.003950677,-0.00284038,-0.002325685,0.0011571258,0.0016140227,0.0020518848,0.0027603733,0.003449043,0.003549043,0.0036509952,0.0038525083,0.0049839234,0.005083923,0.0055399956,0.008927788,0.009994861,0.012389917,0.012890306,0.014307762,0.018989636,-0.014568813,-0.009319523,-0.0065363697,-0.0037781657,0.0022468804,0.0049724607,0.007485187,0.012921994
2021-08-12,-0.00013420431,-0.02116357,-0.015472751,-0.013394691,-0.012852325,-0.011694967,-0.010456694,-0.006657166,-0.006557166,-0.005948372,-0.004473607,-0.0037344752,-0.0036344752,-0.0035148028,-0.0034148027,-0.002842243,-0.002327967,-0.0016263917,0.002175668,0.0022620163,0.0032045715,0.0033045716,0.0033744455,0.003922243,0.004022243,0.004654547,0.004754547,0.004854547,0.0056231758,0.00817001,0.009895034,0.012381699,0.012532852,0.0150219835,0.018611245,-0.014328061,-0.0086028185,-0.0057273493,-0.0027891758,0.002993814,0.0049951584,0.007187026,0.012815994
2021-08-13,0.0051676845,-0.023262762,-0.015560599,-0.014526218,-0.012594705,-0.011652098,-0.010097124,-0.008156734,-0.006439971,-0.00489745,-0.0039139013,-0.0038139012,-0.0031728435,-0.0030728434,-0.0024053059,-0.0023139375,-0.0022139375,-0.0014591371,0.0026616524,0.0030661002,0.0031661002,0.0032661003,0.0033945509,0.003494551,0.003594551,0.003694551,0.0037945511,0.004480651,0.0050769052,0.0071725124,0.0101106195,0.012837239,0.013101128,0.014290215,0.018897595,-0.014633457,-0.008823499,-0.0053393366,-0.0024412437,0.0031509008,0.0044473633,0.0067251497,0.012661636
2021-08-16,-0.001756396,-0.021289703,-0.015063261,-0.013112266,-0.012965297,-0.012265055,-0.010141332,-0.0073604863,-0.0072604865,-0.0055733356,-0.0054733357,-0.005373336,-0.005273336,-0.0051733362,-0.0050733364,-0.0035919617,-0.00275742,-0.002066922,0.0022532877,0.002773074,0.0032567636,0.0033567636,0.0034567637,0.0035567638,0.0036022838,0.0037022838,0.003802284,0.004788955,0.0062869783,0.008236914,0.009852154,0.011875576,0.013010187,0.014380468,0.019077186,-0.014344929,-0.0086895805,-0.0066643655,-0.0037725954,0.0030484346,0.004748336,0.0072250636,0.012684459
2021-08-17,-0.0053027146,-0.022525957,-0.016013023,-0.014663823,-0.013164467,-0.011418975,-0.010914921,-0.0068147075,-0.0058635995,-0.005000436,-0.0048063295,-0.0047063297,-0.00460633,-0.00450633,-0.004140487,-0.0020610348,-0.0019375212,-0.0015314892,0.003056864,0.0038447627,0.0041286056,0.0052413153,0.005545279,0.0061591947,0.006186012,0.006286012,0.0067232796,0.0068232794,0.0069232793,0.008508325,0.009910687,0.011067094,0.012925769,0.014004502,0.019270591,-0.014807468,-0.008651497,-0.006139502,-0.0028753723,0.004491512,0.0066644177,0.0083807865,0.012552241
2021-08-18,-0.0009801714,-0.021452973,-0.015550913,-0.014214774,-0.012878125,-0.011672311,-0.010706584,-0.0071051368,-0.0049308883,-0.0026347535,-0.0025347534,-0.0024347533,-0.0023347533,-0.002088792,-0.0019887919,-0.0015481409,-0.0013354912,-0.0004826381,0.0032813416,0.0033813417,0.0034959987,0.0036665224,0.0040502027,0.0041502025,0.0042502023,0.00455845,0.004613969,0.0046693212,0.005842871,0.009357013,0.009721885,0.011035832,0.011824257,0.014104307,0.018887367,-0.01445218,-0.007918427,-0.0045191543,-0.0015579631,0.0036150813,0.0053570378,0.0072614863,0.012621281
2021-08-19,-0.0007010165,-0.022020752,-0.015657272,-0.013689196,-0.012876159,-0.0123283565,-0.010611149,-0.0083197905,-0.0056935837,-0.0044408077,-0.004340808,-0.0038190985,-0.0033314438,-0.0032314437,-0.0028131886,-0.0027131885,-0.0026131885,-0.0015261861,0.0025778254,0.0026778255,0.0027778256,0.0028778256,0.0030194966,0.0036118939,0.003711894,0.003909807,0.004009807,0.0040996145,0.0052778115,0.008382854,0.010055579,0.011454623,0.011852903,0.0142626595,0.018961156,-0.014698738,-0.008550906,-0.005441685,-0.00269697,0.0029246393,0.004604733,0.0067245974,0.012623374
2021-08-20,-0.00025231522,-0.020478023,-0.015698286,-0.013527117,-0.0133103775,-0.011642631,-0.010681103,-0.0067429612,-0.0066429614,-0.0065596136,-0.005881014,-0.005701187,-0.0056011872,-0.0041585537,-0.0033284323,-0.0018948567,-0.001375759,-0.0009211213,0.0027787448,0.004037383,0.00405252,0.0041525196,0.0042525195,0.0043525193,0.0046134708,0.0047134706,0.0048134704,0.0049134702,0.0056831273,0.007677368,0.009467669,0.012707687,0.013138584,0.014269341,0.019326856,-0.014362085,-0.008830751,-0.006592964,-0.0026442714,0.0039269277,0.005181869,0.007245204,0.012689784
2021-08-23,0.0035181087,-0.022749161,-0.015652237,-0.01492749,-0.013145392,-0.01180557,-0.010355928,-0.0066893664,-0.0054081446,-0.0049483725,-0.004344393,-0.004244393,-0.0041730604,-0.004061005,-0.0033242404,-0.0017063486,-0.0016063487,-0.0015063487,0.0027087696,0.0034128581,0.003781723,0.0038817232,0.0040132524,0.004464456,0.0045644557,0.0046023065,0.0046579004,0.005049913,0.005742772,0.00778638,0.010086432,0.012187813,0.012552565,0.014364943,0.01898137,-0.014741657,-0.008465861,-0.005668506,-0.002477536,0.0036699057,0.005183262,0.007157906,0.012681387
2021-08-24,0.0012777976,-0.022299916,-0.01567771,-0.0145368725,-0.0127819395,-0.011624236,-0.010564512,-0.0066014784,-0.0065014786,-0.006401479,-0.006301479,-0.0057855416,-0.005621968,-0.00469932,-0.0045993202,-0.0033007078,-0.002522153,-0.0019576277,0.0015400372,0.0021521454,0.0029458646,0.0031570585,0.0032570586,0.0033570586,0.0034570587,0.004523677,0.0046236767,0.0047236765,0.0058737076,0.009056136,0.010287514,0.011743405,0.012558183,0.0140090715,0.018426768,-0.014589662,-0.008921164,-0.0067377514,-0.00363307,0.002650433,0.004983521,0.007367076,0.012704579
2021-08-25,0.00084670587,-0.022324461,-0.015522562,-0.014619201,-0.012620135,-0.011998685,-0.010631908,-0.0070372005,-0.0069372007,-0.005962907,-0.005542527,-0.005459933,-0.00468568,-0.00458568,-0.0043340386,-0.0031840194,-0.0025689278,-0.0015577109,0.0011698502,0.0016823927,0.0017823926,0.0022722909,0.0034110793,0.0039423523,0.004042352,0.004142352,0.005359128,0.005459128,0.0055883834,0.008000242,0.010490442,0.011984742,0.012572172,0.01454254,0.019219134,-0.01461955,-0.009037684,-0.006476599,-0.003420926,0.0021898556,0.004991031,0.0073958104,0.012847421
2021-08-26,0.0004847248,-0.020962194,-0.015420714,-0.013677166,-0.012420624,-0.011708384,-0.010748797,-0.0075717457,-0.0064608967,-0.006201648,-0.0061016483,-0.0060016485,-0.0058687357,-0.0038251427,-0.0037251427,-0.0032815211,-0.0019017988,-0.0018302477,0.0022969164,0.0023333784,0.0024221116,0.0025423102,0.0038013402,0.0039013403,0.0040013404,0.0041328347,0.0042328346,0.0042702844,0.0056049977,0.008153284,0.009960986,0.012029286,0.012893988,0.01439244,0.01882579,-0.014252143,-0.00893205,-0.006601044,-0.0033480718,0.0027192112,0.004851817,0.007031077,0.012672357
2021-08-27,0.0026808728,-0.019667985,-0.015330754,-0.014231442,-0.012639365,-0.011419142,-0.010418778,-0.0072239777,-0.005783684,-0.0056780223,-0.0055780225,-0.004259464,-0.004159464,-0.0033753244,-0.0032753244,-0.0026881164,-0.0024445772,-0.0018056231,0.003233613,0.0035410202,0.0035690826,0.0036690827,0.0037690827,0.0038690828,0.003996337,0.0040963367,0.004628019,0.0053835935,0.0059946794,0.008395046,0.010343641,0.012037458,0.012787855,0.0140523985,0.018992899,-0.013895204,-0.00866718,-0.0058630547,-0.0028946209,0.0036018272,0.0051026284,0.0074378387,0.012764288
2021-08-30,9.11464e-05,-0.023052653,-0.015549294,-0.013209032,-0.012916125,-0.012514237,-0.010291953,-0.009598079,-0.0070531857,-0.0068364805,-0.0037821468,-0.0036821468,-0.0035821467,-0.002816264,-0.002716264,-0.002616264,-0.0021560579,-0.0020560578,0.0031339147,0.0032339147,0.004119186,0.005311813,0.0057125627,0.00615467,0.0070442827,0.0071442826,0.0072442824,0.007344282,0.0074986196,0.008769964,0.010204737,0.012646013,0.012858271,0.014565566,0.019256715,-0.014864853,-0.009397747,-0.005505139,-0.002645358,0.0045686224,0.0070251524,0.008743084,0.013088599
2021-08-31,0.0004259463,-0.022780217,-0.015673235,-0.014131098,-0.014051403,-0.011759175,-0.010255877,-0.007493001,-0.007459926,-0.0059785927,-0.0058058472,-0.0057058474,-0.005038926,-0.0049525877,-0.00430596,-0.0034769604,-0.0024553894,-0.0017613841,0.0009697081,0.001069708,0.0013561301,0.0020575009,0.0035441213,0.0035605088,0.0044263056,0.0048620156,0.005151816,0.005251816,0.006335173,0.0069092917,0.009890241,0.012563916,0.013809878,0.014588372,0.018985303,-0.01490398,-0.009063699,-0.006702633,-0.0035411082,0.0019758705,0.0048255506,0.007491595,0.012587425
2021-09-01,0.0042516235,-0.022488846,-0.015704768,-0.014712245,-0.012886675,-0.012301236,-0.009125927,-0.0077266674,-0.0059019392,-0.0048168334,-0.0040735854,-0.0039735856,-0.0037451307,-0.0033335988,-0.002375294,-0.0019741564,-0.0013054434,-0.001155769,0.0017941139,0.0018941138,0.0022312584,0.0023312585,0.0024312586,0.0025124939,0.0030631598,0.003953756,0.0040537557,0.004511287,0.0051491414,0.009125783,0.009999241,0.012096656,0.012797283,0.014250365,0.019109152,-0.014501492,-0.008456723,-0.005236036,-0.0021568495,0.002262781,0.004506916,0.0071274503,0.01291624
2021-09-02,0.0006200583,-0.021659518,-0.015315534,-0.014708448,-0.0127326455,-0.012263366,-0.010408769,-0.0065767462,-0.006017453,-0.005883148,-0.0054356274,-0.0053901514,-0.004175159,-0.0041115726,-0.0036298353,-0.0033898982,-0.0032269717,-0.0019172423,0.0015466685,0.0016466684,0.0017466684,0.0023016564,0.0024016565,0.0034718523,0.0035718523,0.0043586316,0.0044586314,0.005332482,0.0057464624,0.009102805,0.0101925675,0.012571438,0.0128542585,0.014344504,0.018624192,-0.014475966,-0.008718913,-0.006029716,-0.0035108202,0.0021627028,0.0049334853,0.0074989283,0.012967102
2021-09-03,0.002190323,-0.022087663,-0.015477842,-0.014333528,-0.012916756,-0.011367418,-0.009789357,-0.009178442,-0.009078442,-0.008978442,-0.008878442,-0.0075812973,-0.0074812975,-0.0073928107,-0.007292811,-0.0049688406,-0.0039331736,-0.0031254056,0.0020119166,0.0023156458,0.0024325869,0.0029056894,0.0030056895,0.0031056895,0.003865672,0.003965672,0.0042610825,0.0047884327,0.0051070084,0.008971606,0.009919879,0.012403874,0.0126292175,0.01432806,0.018700536,-0.014327807,-0.010271642,-0.0085240705,-0.0053803055,0.002706302,0.004767418,0.0071514696,0.012864791
2021-09-06,-0.0014863693,-0.023075918,-0.015704496,-0.015024351,-0.0130747175,-0.0118493745,-0.010602405,-0.0070157796,-0.006800245,-0.006700245,-0.0066002454,-0.0065002455,-0.006453767,-0.0056497133,-0.004294383,-0.0030772274,-0.002729772,-0.0026470714,0.0029894274,0.0030894275,0.0031894275,0.0040914486,0.0041914484,0.0042924387,0.0069989352,0.007098935,0.0077401428,0.007840143,0.007940142,0.008040142,0.009838131,0.013181357,0.013281357,0.014352131,0.018753074,-0.014861383,-0.009228605,-0.0072212755,-0.00384974,0.0040717334,0.006292621,0.008968385,0.012832967
2021-09-07,-0.0014295024,-0.021933338,-0.01558561,-0.014137792,-0.012871917,-0.010960258,-0.010614019,-0.009598721,-0.006198385,-0.006098385,-0.005964218,-0.0058642183,-0.0054031247,-0.0050613442,-0.0049613444,-0.0031512333,-0.002364711,-0.0016514206,0.001108548,0.0015632547,0.0030983333,0.0031983333,0.0033349723,0.0055870106,0.0056870105,0.0057870103,0.00588701,0.00598701,0.0065364423,0.0076959236,0.010083751,0.011500211,0.01302334,0.014105073,0.019044815,-0.014393029,-0.009329461,-0.006648218,-0.0035985853,0.0029310961,0.0056783855,0.0078259455,0.012485954
2021-09-08,-0.0025901112,-0.02142366,-0.015024802,-0.013064243,-0.0126873655,-0.012079817,-0.009702263,-0.009602264,-0.0076985215,-0.0059618126,-0.0058193943,-0.0057193944,-0.0056193946,-0.004851279,-0.004751279,-0.003980382,-0.0030014266,-0.0023349626,0.0020397932,0.003190817,0.0032908171,0.0033908172,0.0034908173,0.0035667405,0.0040961555,0.0046059173,0.004705917,0.004805917,0.0054876273,0.008059294,0.010123123,0.012186572,0.012568754,0.013951965,0.018422376,-0.014183583,-0.009205821,-0.006738171,-0.0039574886,0.0032016798,0.004905737,0.007125502,0.012548667
2021-09-09,0.00076547824,-0.022061333,-0.015635844,-0.014889658,-0.013073763,-0.011465326,-0.010315921,-0.008312348,-0.008212348,-0.0071223187,-0.0053028497,-0.00520285,-0.00510285,-0.0047970596,-0.0042892396,-0.0037255995,-0.003270266,-0.0025892798,0.0024876012,0.0029034521,0.003024105,0.0036457495,0.0037122709,0.004362653,0.004552678,0.0048405947,0.0049405945,0.0050405944,0.006365918,0.008312483,0.010166658,0.01155088,0.013290549,0.014473796,0.019134117,-0.014510438,-0.009770518,-0.0067462055,-0.0038154472,0.0033227175,0.0052537196,0.007590027,0.012727587
2021-09-10,-0.00047359697,-0.02310077,-0.01576943,-0.014861496,-0.012895836,-0.0121240355,-0.010526465,-0.0073245056,-0.006947965,-0.005839254,-0.0055207177,-0.0049227583,-0.0037545722,-0.0034328639,-0.0029576125,-0.0028576124,-0.0012422728,-0.0011422728,0.001975496,0.0027905593,0.003516933,0.0041847527,0.005249954,0.005368552,0.0053699655,0.0054699653,0.0054803207,0.0057646288,0.0058646286,0.007935965,0.0098428065,0.012980717,0.013080717,0.014217341,0.01929286,-0.014883307,-0.009099937,-0.0060365167,-0.0026245057,0.0035675415,0.005957813,0.007625252,0.012853938
2021-09-13,-0.0010706481,-0.022734039,-0.015455646,-0.014616629,-0.012790674,-0.011917389,-0.009677826,-0.006547356,-0.00489244,-0.00479244,-0.0046924404,-0.0036885631,-0.003588563,-0.003488563,-0.0034377675,-0.0015830238,-0.0014830239,-0.0013830239,0.0023586848,0.0024586848,0.0026538004,0.0027538005,0.0029820758,0.0030820759,0.003182076,0.003282076,0.0042035626,0.0050414605,0.0057113683,0.0062237144,0.01000946,0.011631564,0.012724006,0.01436085,0.018606655,-0.014515115,-0.0081053395,-0.0052679665,-0.0023150805,0.0026814092,0.0041222805,0.0067808228,0.012166449
2021-09-14,0.0011806102,-0.020692065,-0.015130256,-0.014583841,-0.012754599,-0.011174267,-0.010383317,-0.008115061,-0.00535222,-0.004623335,-0.004523335,-0.0041936794,-0.0040936796,-0.0033783712,-0.0032783712,-0.0026858118,-0.0025733307,-0.0011948076,0.0023713473,0.002392099,0.002492099,0.0027982835,0.0028982835,0.0029982836,0.003176946,0.003276946,0.0036952351,0.0037952352,0.0046158023,0.007832463,0.009936592,0.011269166,0.012737897,0.014237681,0.01865213,-0.014026901,-0.008611554,-0.0055461847,-0.0027852,0.002646155,0.0041602426,0.0065353266,0.012385606
2021-09-15,-0.000983745,-0.022319205,-0.015663767,-0.014671613,-0.013061534,-0.011729464,-0.010025984,-0.00824807,-0.0054033482,-0.0053033484,-0.0043468894,-0.0035719548,-0.0033152252,-0.0023251104,-0.0022251103,-0.0014318295,-0.0006404989,-0.0002067311,0.0028744452,0.003514769,0.0036011576,0.00376258,0.0040291245,0.0042508617,0.005056306,0.0051563056,0.0052563054,0.0053563053,0.0064415843,0.00831385,0.010109941,0.011304153,0.01301204,0.013775435,0.01936688,-0.01455999,-0.008730473,-0.0050833113,-0.001615225,0.0037618517,0.0054212892,0.0076760175,0.0125740515
2021-09-16,-0.0040700682,-0.022302203,-0.015642595,-0.014800754,-0.012968759,-0.012385081,-0.009474202,-0.0070190015,-0.006569522,-0.006469522,-0.0064684,-0.0063684,-0.004795456,-0.004695456,-0.004595456,-0.0024332427,-0.0023332427,-0.0013256248,0.0027731182,0.0031479332,0.0036517864,0.0037517864,0.0038517865,0.0039125998,0.004523098,0.004623098,0.0050877472,0.005187747,0.005287747,0.0076434235,0.009969807,0.011890589,0.012748778,0.014520866,0.019306343,-0.014554568,-0.0088666,-0.0064006066,-0.0034111931,0.0035695445,0.005043731,0.007191089,0.012666205
2021-09-17,-0.0025365169,-0.020619467,-0.0154863065,-0.014485783,-0.012772255,-0.012051208,-0.00897003,-0.00726853,-0.0064656073,-0.0061959466,-0.004385772,-0.0042857723,-0.0040324875,-0.0028487463,-0.0027487462,-0.0021196264,-0.0012275984,-0.00073628576,0.0019849725,0.0021573654,0.0027925854,0.0033128618,0.0036848357,0.0037848358,0.0038848359,0.003984836,0.0040848358,0.0041848356,0.0042640874,0.007651817,0.009929519,0.012343404,0.013791299,0.014251422,0.01867967,-0.013979854,-0.008677179,-0.0053405287,-0.0022236058,0.0028265242,0.004658232,0.006795375,0.012571166
2021-09-20,-0.0003878538,-0.023424704,-0.015776562,-0.0147350095,-0.012724395,-0.012517756,-0.010661764,-0.00765672,-0.0073174234,-0.0053647,-0.0052647004,-0.0051647006,-0.0050647007,-0.0041175913,-0.0032227694,-0.0020573293,-0.0016680928,-0.00138327,0.002183834,0.0024309808,0.0025601604,0.0027072174,0.0030983451,0.0038828736,0.0039828736,0.0040828735,0.0046640704,0.0058025583,0.005902558,0.008091062,0.010013419,0.01153717,0.013002053,0.014174788,0.018691324,-0.015021035,-0.009147123,-0.006485236,-0.0026992324,0.0027730134,0.0049915425,0.0074924603,0.012501553
2021-09-21,-0.0003816074,-0.02240822,-0.015165772,-0.014393508,-0.01283353,-0.011535388,-0.0098317545,-0.006440429,-0.006340429,-0.0062404294,-0.0061404295,-0.0060404297,-0.00594043,-0.005601419,-0.004533884,-0.0040024947,-0.003777255,-0.002801369,0.0019895318,0.0020182042,0.0023008517,0.0024008518,0.0025008519,0.002779397,0.002879397,0.0029194888,0.0036896737,0.004251046,0.0050927675,0.007681453,0.009884496,0.012260946,0.012869776,0.014270962,0.019233776,-0.014354934,-0.00864931,-0.0067708925,-0.0042310865,0.0023177674,0.0040264474,0.0067169433,0.012666327
2021-09-23,0.0008291176,-0.021356042,-0.015574887,-0.014165091,-0.012943622,-0.011126676,-0.010630212,-0.007288799,-0.0067251287,-0.0057804966,-0.0053934553,-0.0052934554,-0.004526025,-0.0037917802,-0.0030804803,-0.002564288,-0.0024590557,-0.0017445757,0.0018676793,0.0019676792,0.0020676793,0.0021676794,0.0030793052,0.003342816,0.003442816,0.00371164,0.0039457674,0.0057313372,0.0068960674,0.0074866633,0.009915826,0.011455478,0.012459084,0.014107657,0.019100297,-0.014326287,-0.008917945,-0.00621332,-0.003028371,0.0023027067,0.0046703527,0.007303784,0.012413184
2021-09-24,-0.0017421552,-0.021889478,-0.015439814,-0.013748871,-0.013028812,-0.011496569,-0.011396569,-0.00948287,-0.007144078,-0.0069827368,-0.006882737,-0.006782737,-0.006018023,-0.004283843,-0.0023535043,-0.0014224937,-0.00096803706,-0.00043412007,0.0066763116,0.0067763114,0.0071424968,0.008327115,0.009022974,0.009122974,0.009222974,0.009322974,0.011248504,0.011520588,0.011620588,0.0117205875,0.011820587,0.011920587,0.012887264,0.014515739,0.01885952,-0.014650248,-0.009751025,-0.00714505,-0.0023921784,0.007629042,0.010142019,0.011799505,0.013767404
2021-09-27,-0.0010591435,-0.022760881,-0.015592226,-0.014632627,-0.012832397,-0.011127465,-0.010634758,-0.009759238,-0.006582948,-0.006482948,-0.0063829483,-0.0062829484,-0.0061829486,-0.0060829488,-0.005982949,-0.0038321798,-0.0027801206,-0.0018024442,0.004248582,0.0047444343,0.004997448,0.005576615,0.005676615,0.005776615,0.0058766147,0.0059766145,0.0060766144,0.006176614,0.006276614,0.007088978,0.0100124935,0.011501308,0.0126095535,0.01418925,0.01859643,-0.014589545,-0.009618504,-0.00717331,-0.0041361284,0.005088739,0.006139087,0.007645675,0.012277692
2021-09-28,-0.0018690475,-0.023053529,-0.015741417,-0.014712067,-0.012928918,-0.011746269,-0.009719441,-0.008024567,-0.00744041,-0.0071863704,-0.0068445764,-0.00662569,-0.005911025,-0.005182095,-0.005178289,-0.0032019436,-0.003104464,-0.0024888404,0.0037724513,0.004121194,0.0053044986,0.0053529665,0.0054199076,0.0056028953,0.005702895,0.005802895,0.005902895,0.0060028946,0.0061028944,0.0069641545,0.009410748,0.012406779,0.013343849,0.014425655,0.018662032,-0.0146379145,-0.009416571,-0.0070195096,-0.0041198456,0.004850801,0.0059585497,0.007663337,0.012373874
2021-09-29,-0.0058477814,-0.02253156,-0.015724909,-0.013561985,-0.01291511,-0.011858438,-0.010717911,-0.008794603,-0.0064390055,-0.0063390057,-0.006067649,-0.005967649,-0.0054206066,-0.004651944,-0.0039023769,-0.0030375768,-0.0022819964,-0.0015175791,0.002782628,0.002810267,0.004044375,0.0049409047,0.0050409045,0.005085768,0.005185768,0.005285768,0.0053857677,0.0054857675,0.0055857673,0.0067601237,0.009955025,0.011907257,0.012686625,0.01376776,0.018803045,-0.014749585,-0.009170502,-0.0066594235,-0.0033414357,0.0039527887,0.0055316663,0.00718081,0.012238642
2021-09-30,-0.0028957373,-0.022969937,-0.015660832,-0.014170988,-0.013053669,-0.012202335,-0.01044551,-0.007918559,-0.0064215786,-0.0059909774,-0.004743961,-0.0044741645,-0.0041608955,-0.0026394317,-0.0024042719,-0.0021064412,-0.0014255464,-0.00052947487,0.0031933452,0.0037618445,0.0046483907,0.0065671196,0.007948408,0.008048408,0.008148408,0.008261419,0.008361419,0.008461419,0.008561418,0.008661418,0.009979016,0.012448544,0.012681895,0.014163663,0.018936837,-0.014866456,-0.008989522,-0.0056822756,-0.0021879796,0.005263821,0.008276215,0.009345514,0.012837896
2021-10-01,0.0016698997,-0.022242844,-0.015641747,-0.015022753,-0.013016164,-0.011488801,-0.010968412,-0.0068864003,-0.0050336043,-0.0049336045,-0.0043760915,-0.0042760917,-0.004185982,-0.003237012,-0.003058822,-0.0014814917,-0.0013814918,-0.0011943214,0.0029346538,0.0032256145,0.0034334867,0.005331295,0.0061518797,0.0062518795,0.0063518793,0.006451879,0.006551879,0.006651879,0.0067518787,0.008368319,0.009707722,0.011808986,0.012853207,0.014384466,0.018846774,-0.014671594,-0.008568955,-0.0055602207,-0.002278444,0.0042553856,0.006775168,0.008235432,0.012623253
2021-10-04,0.0020243009,-0.021746727,-0.015548836,-0.014651333,-0.013076024,-0.012347282,-0.009346553,-0.007184637,-0.007084637,-0.0061792624,-0.0060792626,-0.0059792628,-0.005974679,-0.0059668636,-0.0045096567,-0.004409657,-0.0034523334,-0.0023295511,0.0026146446,0.003264975,0.003364975,0.004146455,0.0051052915,0.005280876,0.005778179,0.005878179,0.0059781787,0.0060781785,0.0061781784,0.008396301,0.011498723,0.0125459125,0.012860493,0.014215932,0.018749947,-0.014413084,-0.008889284,-0.006890399,-0.004136092,0.0038338457,0.006147765,0.0078982655,0.0130813625
2021-10-05,-0.0010331735,-0.02164009,-0.015627274,-0.014025739,-0.012964606,-0.011834649,-0.0103871,-0.007349937,-0.006760131,-0.0066601313,-0.0065601314,-0.0064601316,-0.006360132,-0.006260132,-0.005686568,-0.0044831154,-0.0036970319,-0.003264096,0.0026988094,0.0027988094,0.0035007019,0.00426745,0.004340344,0.005320218,0.0054202178,0.0055202176,0.006209767,0.006309767,0.0076237326,0.008186417,0.01132696,0.011932844,0.012737497,0.0143977525,0.018431393,-0.014490744,-0.009036608,-0.0072655254,-0.0047181887,0.0037371975,0.0059353923,0.008213436,0.0128550725
2021-10-06,-0.0055521806,-0.022344308,-0.0155257275,-0.0131622,-0.012823342,-0.010564558,-0.009558712,-0.007261502,-0.006765183,-0.005647273,-0.004632753,-0.004532753,-0.004432753,-0.0043327534,-0.0042327535,-0.0041327537,-0.0039509023,-0.002949721,0.003603473,0.00415119,0.00425119,0.004763767,0.0051653697,0.0062471335,0.0063471333,0.006447133,0.006547133,0.008208084,0.008308084,0.00846074,0.009998201,0.011679957,0.012931684,0.014238244,0.018399702,-0.01416333,-0.008478974,-0.005944431,-0.0039597764,0.0046233507,0.006905691,0.008891145,0.012555368
2021-10-07,0.0013698528,-0.0214441,-0.015493921,-0.014236142,-0.012803573,-0.0111560775,-0.0095755495,-0.007047867,-0.0059262104,-0.005156324,-0.003750998,-0.0029692585,-0.0028692584,-0.0027692583,-0.0026692583,-0.002528621,-0.0022729246,-0.0012660322,0.001349464,0.0014494639,0.0024693382,0.00301929,0.0036855014,0.0038837285,0.004182978,0.004282978,0.0062380685,0.0063380683,0.006473413,0.00888095,0.010879731,0.0126648955,0.013161454,0.014375784,0.018813897,-0.014094645,-0.008388419,-0.004978255,-0.0023412188,0.0024941068,0.005414245,0.008218391,0.01312305
2021-10-08,0.0010310204,-0.021470135,-0.015180104,-0.014058092,-0.013205185,-0.012393662,-0.009407969,-0.007944695,-0.0052236435,-0.003862103,-0.003762103,-0.0036621029,-0.0036556462,-0.0035556462,-0.003455646,-0.0022667262,-0.0021667262,-0.002066726,0.0025206855,0.0029057139,0.0034710707,0.0042243344,0.004324334,0.0050625224,0.005913521,0.006013521,0.0067340587,0.0068340586,0.0069340584,0.009263507,0.011187458,0.012814175,0.014052626,0.014575848,0.01906614,-0.014331411,-0.008099301,-0.0051210015,-0.0027235856,0.0038070648,0.006299589,0.008763662,0.013381426
2021-10-11,2.1603311e-05,-0.02255906,-0.015176797,-0.014484015,-0.013080546,-0.011830252,-0.009565264,-0.008212446,-0.007253301,-0.007153301,-0.0070029916,-0.0056596627,-0.005559663,-0.005459663,-0.0052043176,-0.0035781066,-0.0034402937,-0.002694838,0.0023376993,0.0026350867,0.0040676002,0.0041676,0.0042676,0.005211315,0.0056632087,0.0057632085,0.0058632083,0.005963208,0.00624591,0.009164131,0.010699511,0.012851199,0.013534265,0.0145056,0.019102287,-0.014442384,-0.009333665,-0.0069681765,-0.0041154437,0.0037742388,0.006073893,0.0081541445,0.013264546
2021-10-12,-0.0027841884,-0.021906644,-0.015620808,-0.013308577,-0.012750555,-0.011839597,-0.010337634,-0.008468921,-0.006120624,-0.005882394,-0.005782394,-0.0056823944,-0.0055130096,-0.0050246846,-0.0043098666,-0.0037369397,-0.001977558,-0.0018775581,0.0015910071,0.0018662731,0.0019662732,0.00287114,0.0038612632,0.003961263,0.004061263,0.004161263,0.0042612627,0.0045639253,0.005302599,0.009231363,0.009962426,0.012175499,0.013050692,0.014079261,0.01905495,-0.014491049,-0.00882363,-0.006555669,-0.0035168633,0.0024711913,0.0051558157,0.007281968,0.0129007
2021-10-13,0.0023930962,-0.022056995,-0.015283773,-0.014580041,-0.012816122,-0.011971484,-0.010820151,-0.007449097,-0.006796866,-0.004817539,-0.00424498,-0.0036581012,-0.0035581011,-0.003458101,-0.003358101,-0.003258101,-0.0031455285,-0.0023599449,0.004090999,0.004384135,0.0047897785,0.0048897783,0.004989778,0.005089778,0.005189778,0.0052897776,0.0053897775,0.0054897773,0.005589777,0.009110273,0.010420391,0.012752583,0.013640266,0.014505187,0.018972537,-0.014589705,-0.008892739,-0.0057756403,-0.0031559553,0.004668894,0.0059938766,0.007843974,0.013152194
2021-10-14,0.0019647179,-0.022753868,-0.015612328,-0.014625048,-0.012904383,-0.012294617,-0.00944524,-0.006678902,-0.004532041,-0.004432041,-0.003281526,-0.003181526,-0.003081526,-0.0029815258,-0.0026941097,-0.0016607138,-0.0015607139,-0.0009128099,0.003004359,0.0035403147,0.004155547,0.0042555467,0.0043555466,0.0044555464,0.004555546,0.005090846,0.005190846,0.005238328,0.005338328,0.008553793,0.009907374,0.0123971915,0.013600575,0.014465373,0.01896776,-0.014602086,-0.007942654,-0.0046643717,-0.0020019747,0.0039022625,0.0055388124,0.0075843735,0.012858299
2021-10-15,0.00023723206,-0.022994835,-0.015670223,-0.013659092,-0.013021075,-0.012005376,-0.010277255,-0.010177256,-0.008157424,-0.007723681,-0.0070014885,-0.0061109355,-0.0059965225,-0.0052272337,-0.005127234,-0.0043203286,-0.0033353935,-0.0027450293,0.004114614,0.0049435506,0.0055958317,0.0056958315,0.0057958313,0.0063018636,0.0064018634,0.0065018632,0.006601863,0.006701863,0.0068018627,0.0091537,0.009958137,0.012272007,0.0128803905,0.014121878,0.018956559,-0.014793754,-0.009998942,-0.007331985,-0.0043277843,0.005350338,0.0068910243,0.008427936,0.012892457
2021-10-18,0.0013274605,-0.02277981,-0.015426307,-0.014916353,-0.013099232,-0.011882291,-0.010678273,-0.00787742,-0.0055203517,-0.0035340593,-0.0026998953,-0.0025998952,-0.0024998952,-0.002399895,-0.002299895,-0.002199895,-0.002099895,-0.0019998949,0.0035074088,0.0036074088,0.003707409,0.003839427,0.003939427,0.004142613,0.004242613,0.004342613,0.0044426126,0.0046745944,0.0064273532,0.009008604,0.011441742,0.012587686,0.013009,0.014056473,0.018737784,-0.014773183,-0.008505291,-0.004759662,-0.0022398948,0.003780853,0.0052215704,0.007512433,0.013166457
2021-10-19,0.0019921912,-0.022254521,-0.0154897105,-0.014781489,-0.012846955,-0.011388815,-0.010950026,-0.0063307104,-0.005010013,-0.003281239,-0.0027367207,-0.002640481,-0.002540481,-0.002440481,-0.002340481,-0.002126455,-0.002026455,-0.0018685891,0.0031190333,0.004611148,0.004711148,0.0048111477,0.0049111475,0.0050111474,0.005111147,0.005211147,0.0052617453,0.0055195717,0.0063168737,0.009022786,0.009947236,0.012761642,0.013054993,0.014246122,0.019023865,-0.014586004,-0.008070695,-0.0047355443,-0.0022004922,0.0044727246,0.00593516,0.007835194,0.01300033
2021-10-20,0.0009452243,-0.02259136,-0.015561835,-0.015001035,-0.0131530175,-0.011662111,-0.01070788,-0.010455878,-0.009424566,-0.008764606,-0.008194322,-0.008094322,-0.006593305,-0.0060900813,-0.005885594,-0.0036194152,-0.002214039,-0.0020038725,0.0034334452,0.004145485,0.0048555937,0.0062962337,0.0063962336,0.0064962334,0.006596233,0.006696233,0.006796233,0.0068962327,0.0069962326,0.009252453,0.01094267,0.012728416,0.013037482,0.0142811425,0.019264638,-0.01473524,-0.010870794,-0.008202031,-0.0043634484,0.0050653983,0.0071474775,0.008595726,0.013293864
2021-10-21,-0.00010736687,-0.021636268,-0.01469586,-0.013743538,-0.0129923085,-0.012024081,-0.010682697,-0.008041589,-0.0047522583,-0.004277573,-0.0037185184,-0.0034979517,-0.0033979516,-0.0033691826,-0.00325131,-0.0018626062,-0.0017626062,-0.0016626063,0.0027104528,0.0036437965,0.0036895564,0.0037895564,0.0038895565,0.0039895563,0.004089556,0.004189556,0.004289556,0.0043895557,0.0051800446,0.009194525,0.010590419,0.012333697,0.0136023965,0.014436644,0.018517634,-0.014406243,-0.008299531,-0.0051841214,-0.0024074162,0.0035845835,0.00513055,0.007331216,0.013014583
2021-10-22,-0.0008292605,-0.02314201,-0.015216015,-0.014975976,-0.013100238,-0.010942784,-0.009198102,-0.008527751,-0.005347125,-0.0033837524,-0.0032837524,-0.0030987759,-0.0028211938,-0.0027211937,-0.0026211936,-0.0020922075,-0.0019922075,-0.0018038291,0.004264821,0.0051079243,0.0053111734,0.005411173,0.005511173,0.005611173,0.0057111727,0.0058111725,0.0059111724,0.006011172,0.006111172,0.008503839,0.010355988,0.011711812,0.012639454,0.014047417,0.018903052,-0.01431983,-0.008286541,-0.0046742735,-0.0023216426,0.005161253,0.0062897066,0.007835361,0.012704422
2021-10-25,-0.0019038835,-0.022845725,-0.0146994125,-0.014599413,-0.013018434,-0.011335811,-0.010594847,-0.007554584,-0.006071129,-0.004247294,-0.0037690392,-0.003263758,-0.003163758,-0.003063758,-0.0030490092,-0.0026047132,-0.0022808623,-0.0017087172,0.0025212895,0.0027243183,0.0035428498,0.0036428499,0.00374285,0.0043665287,0.0044665285,0.0045665284,0.0056721587,0.0057721585,0.0058721583,0.008597605,0.010592471,0.012601764,0.01352568,0.014523038,0.0189562,-0.014498845,-0.008613454,-0.0053325063,-0.002581412,0.003379567,0.005409134,0.007887952,0.013054216
2021-10-26,-0.0016961083,-0.023579862,-0.014869792,-0.014769793,-0.01284442,-0.011565837,-0.010447703,-0.007702076,-0.004842928,-0.0047429283,-0.0046696276,-0.004329073,-0.0038795876,-0.0037795876,-0.0031854936,-0.003117442,-0.0030174418,-0.0023991275,0.0027892492,0.0028892492,0.0028946812,0.0044876793,0.0047737393,0.004873739,0.004973739,0.005071824,0.005171824,0.0052718236,0.006366426,0.009413124,0.010648857,0.012668495,0.012859582,0.014113489,0.019309076,-0.0146615235,-0.008501085,-0.005523887,-0.0032097157,0.0036069197,0.00588085,0.007816556,0.013230609
2021-10-27,0.000845181,-0.022590699,-0.014763248,-0.014663248,-0.013084191,-0.011899612,-0.010883989,-0.006286155,-0.003551476,-0.0028623901,-0.0022143484,-0.0021143483,-0.0019032018,-0.0018032019,-0.0017032019,-0.001603202,-0.001503202,-0.0014032021,0.0028169102,0.002879932,0.0039191237,0.0040191235,0.0041191233,0.004253399,0.0044352678,0.0045352676,0.0046352674,0.0047352673,0.0054271477,0.009592259,0.010202186,0.011850701,0.012997054,0.0137324,0.018490873,-0.014644347,-0.0076494515,-0.004071243,-0.0016654313,0.0036140713,0.005447063,0.007477399,0.012773683
2021-10-28,0.0072238143,-0.023115776,-0.014735894,-0.014635894,-0.01309641,-0.011807908,-0.010654472,-0.007876559,-0.0060454784,-0.004055335,-0.0039553354,-0.0038553353,-0.0037553352,-0.003426052,-0.003280607,-0.0032158736,-0.002644457,-0.0025444569,0.0029206113,0.0030616275,0.0031616276,0.0032616276,0.0033616277,0.003542894,0.003642894,0.0037428942,0.0051514884,0.005251488,0.0064517288,0.008710632,0.009909047,0.010941459,0.011358636,0.014157453,0.018804366,-0.014682092,-0.008653548,-0.0055673346,-0.0031081461,0.0032096778,0.004921907,0.0073847948,0.012504591
2021-10-29,-0.011556444,-0.023080956,-0.01577006,-0.015061106,-0.013179763,-0.012419538,-0.012319538,-0.0070225876,-0.0069225878,-0.006384882,-0.0062848823,-0.0060405023,-0.0049058367,-0.0037400122,-0.0030273537,-0.002412056,-0.0018356448,-0.0017356449,0.003712774,0.0037587127,0.003920051,0.004085597,0.004091513,0.005157541,0.005257541,0.0053575407,0.0054575405,0.006884905,0.006984905,0.008874799,0.010000841,0.011484558,0.012562405,0.01428217,0.018857984,-0.015353972,-0.00954214,-0.0068345717,-0.0030102404,0.004146935,0.0060732597,0.008152911,0.012700071
2021-11-01,0.0035780377,-0.023481403,-0.015704636,-0.013948708,-0.012883722,-0.012148175,-0.010541715,-0.0070900493,-0.0069205677,-0.006820568,-0.0047481903,-0.0046481905,-0.0043247687,-0.0029109027,-0.0026801007,-0.0025801007,-0.0015227612,-0.0010577191,0.0029918794,0.0031636846,0.0032636847,0.0033636848,0.0041901516,0.004270149,0.005833486,0.006654954,0.006690316,0.0077851675,0.008455527,0.010658999,0.013581286,0.015731262,0.016729224,0.01765193,0.01901679,-0.014951929,-0.009064321,-0.0058892285,-0.0024977743,0.0037232838,0.006711884,0.010063847,0.015328052
2021-11-02,-0.00091489736,-0.023311427,-0.014793281,-0.014693282,-0.012577314,-0.012375057,-0.010210516,-0.009315086,-0.009215086,-0.0074912533,-0.0063640317,-0.0060006804,-0.0053568752,-0.0047984114,-0.003999763,-0.002842398,-0.0018336885,-0.0014137733,0.001771552,0.0022951856,0.0023951856,0.0024951857,0.003853169,0.003953169,0.004053169,0.0041531688,0.005469515,0.0056454088,0.006675192,0.009404215,0.009504215,0.011877183,0.011977183,0.014540608,0.019258862,-0.014653519,-0.010185045,-0.0071889847,-0.0032180608,0.0026020554,0.005401826,0.007834303,0.012917017
2021-11-03,0.00029786507,-0.022305595,-0.015422522,-0.015142416,-0.013506248,-0.011976259,-0.011009094,-0.00820554,-0.0074237715,-0.005941086,-0.005906577,-0.0058065774,-0.0057065776,-0.0056065777,-0.005378935,-0.0023302434,-0.0022302433,-0.0021796224,0.0012324876,0.0015381052,0.0016381051,0.0022511086,0.003256946,0.0035361524,0.0035995066,0.0046605966,0.0047605964,0.004986108,0.0057513304,0.007787933,0.009846509,0.011796437,0.012763592,0.014253301,0.01892058,-0.0148439435,-0.009544381,-0.00713052,-0.003585124,0.0020518627,0.0048455475,0.007209912,0.012520952
2021-11-04,-0.0033420338,-0.023298983,-0.014790187,-0.014690187,-0.0129504865,-0.012092708,-0.0110308705,-0.009727335,-0.008669511,-0.0074431407,-0.0061685173,-0.0060685175,-0.004821969,-0.0040319124,-0.0039319126,-0.00339848,-0.0027785955,-0.0022650107,0.003368001,0.0035069487,0.0039384766,0.004461327,0.0045587304,0.0046587302,0.005323038,0.005423038,0.0055230376,0.0056230375,0.0057230373,0.009118564,0.009910021,0.0116153145,0.012327866,0.013910423,0.018931668,-0.014832646,-0.010312209,-0.0069445567,-0.003688503,0.0041195583,0.00587642,0.0076631084,0.012697199
2021-11-05,0.0005866366,-0.023144536,-0.015415343,-0.014003872,-0.013346814,-0.012285011,-0.010591311,-0.0069332924,-0.006431536,-0.005449569,-0.005378051,-0.0052780514,-0.004628884,-0.0041393014,-0.0034326217,-0.0024810128,-0.0019555318,-0.001119882,0.004060491,0.0044575385,0.005226553,0.005350267,0.005450267,0.0055502667,0.005714663,0.0058146627,0.0059146625,0.0060146623,0.006114662,0.008202492,0.009237449,0.011526469,0.012735499,0.0141219655,0.01877012,-0.014956603,-0.008681916,-0.006233817,-0.00285342,0.0049619023,0.00620647,0.0077963965,0.012371699
2021-11-08,0.0031675133,-0.021966372,-0.014760507,-0.013436531,-0.01306362,-0.011918235,-0.010725546,-0.0083896965,-0.006914541,-0.0068145413,-0.0053654104,-0.0052654105,-0.00513556,-0.00503556,-0.0046032737,-0.0032021455,-0.0026095307,-0.0015004636,0.0039447793,0.004044779,0.004194432,0.006412271,0.006512271,0.0066122706,0.0067122704,0.0068122703,0.00691227,0.00701227,0.0071122698,0.009319826,0.010479651,0.011098878,0.012596327,0.014229142,0.01915631,-0.014486855,-0.009256171,-0.006635323,-0.003436165,0.0050617065,0.007253782,0.008590592,0.012856762
2021-11-09,-0.00035384865,-0.022967616,-0.015074464,-0.014001876,-0.013192863,-0.012707773,-0.010832817,-0.007831376,-0.0058748783,-0.0057748784,-0.0056748786,-0.005574879,-0.005474879,-0.005374879,-0.004958393,-0.004344087,-0.002586327,-0.0025505528,0.002244623,0.0028650307,0.0036842113,0.0036944635,0.0037944636,0.004273975,0.0043739746,0.0044739745,0.005222007,0.005322007,0.005422007,0.0086144265,0.009579708,0.011057819,0.011667445,0.014448796,0.019282069,-0.014955106,-0.008863165,-0.0066464664,-0.0040028477,0.0033724606,0.0052957693,0.007249579,0.012596564
2021-11-10,-0.0057285912,-0.023175322,-0.0149188815,-0.014253522,-0.012972038,-0.0110259475,-0.01093148,-0.01083148,-0.00865464,-0.0077778855,-0.007006767,-0.0069067674,-0.0067252894,-0.0066252896,-0.0053616264,-0.004429734,-0.0026760676,-0.0025760676,0.0028463963,0.0032338144,0.003977709,0.0049266554,0.0050266553,0.005126655,0.005226655,0.0053266548,0.0054266546,0.0055266544,0.0058652493,0.009308187,0.00976923,0.011309621,0.012037211,0.0142027745,0.01903866,-0.014604734,-0.010489802,-0.007988693,-0.0043900525,0.0040422464,0.006062961,0.007632791,0.012725694
2021-11-11,-0.00418458,-0.021765178,-0.014731177,-0.013589864,-0.01283924,-0.011908681,-0.0104198055,-0.007991888,-0.007891888,-0.0048933257,-0.004793326,-0.004693326,-0.0044076797,-0.00430768,-0.00420768,-0.0030511736,-0.0022490583,-0.0021326928,0.005449543,0.0060973996,0.0067351004,0.0068351002,0.00788022,0.00798022,0.00808022,0.00818022,0.0082802195,0.009755312,0.009855312,0.010463185,0.011587725,0.011687725,0.013197887,0.01425661,0.019258754,-0.014332816,-0.008957354,-0.006364076,-0.003266786,0.006639473,0.008851832,0.0103103835,0.0134507995
2021-11-12,-0.0023041987,-0.021267753,-0.015274039,-0.013933779,-0.012896531,-0.010780738,-0.010568579,-0.006997786,-0.0063496027,-0.005629711,-0.005529711,-0.005429711,-0.0053297114,-0.0052297115,-0.0051297117,-0.003869681,-0.002905147,-0.0028051469,0.0038216903,0.004222792,0.0060526254,0.0068020145,0.007578098,0.008420397,0.008520396,0.009335897,0.009435897,0.009535897,0.009635896,0.011145177,0.012053372,0.012153372,0.012253372,0.014350517,0.019042427,-0.014157528,-0.008695891,-0.006601463,-0.0040278793,0.0058839037,0.009203093,0.010401247,0.013748972
2021-11-15,-0.0020949652,-0.022235831,-0.014838751,-0.0145372925,-0.012763149,-0.011802376,-0.010187052,-0.0075089675,-0.00587707,-0.0057770703,-0.0056770705,-0.0054111383,-0.0051793135,-0.0050793136,-0.004113639,-0.003431177,-0.0026984133,-0.0019802558,0.0019682911,0.0020682912,0.0023476041,0.002614772,0.003291058,0.00405432,0.00415432,0.004760998,0.0049658497,0.0050658495,0.0067755883,0.008946353,0.00931174,0.011910008,0.012170627,0.014130714,0.018585261,-0.014365432,-0.00877749,-0.006399964,-0.0035269246,0.0026306557,0.005223715,0.0075848536,0.012576816
2021-11-16,-0.006150555,-0.021876385,-0.014701867,-0.014601867,-0.0134105785,-0.011771689,-0.010766467,-0.0086203525,-0.007727937,-0.005778733,-0.0057659196,-0.0056659197,-0.00556592,-0.0054623275,-0.0046345824,-0.0034829285,-0.0034132109,-0.002361311,0.0023871546,0.0024871547,0.0034856503,0.0046494342,0.005095249,0.0051485286,0.0059159203,0.00601592,0.00611592,0.0062159197,0.006485657,0.008546054,0.009267494,0.0107238265,0.011615969,0.01414745,0.018800046,-0.014505397,-0.009499071,-0.0070577143,-0.0039115907,0.0037850626,0.006204334,0.007795904,0.012296974
2021-11-17,-0.00374262,-0.02130206,-0.014232477,-0.014132477,-0.013038894,-0.011375734,-0.009803357,-0.006685485,-0.006646616,-0.005465535,-0.0040165237,-0.003916524,-0.0038165238,-0.0037165238,-0.0036165237,-0.00170084,-0.00160084,-0.0015008401,0.00397642,0.0045170956,0.0057010343,0.0077105924,0.007972271,0.008072271,0.008855501,0.00948845,0.009912314,0.010012314,0.010112314,0.015889555,0.016173303,0.016273303,0.016373303,0.016473303,0.018999215,-0.013950504,-0.008546693,-0.005599909,-0.0024671133,0.006152129,0.010286972,0.01245996,0.016761735
2021-11-18,0.0035421625,-0.02081851,-0.015210034,-0.013686361,-0.013063502,-0.011494968,-0.0100779515,-0.006499278,-0.0056239106,-0.0051014307,-0.004744525,-0.00387281,-0.0024699247,-0.0023699247,-0.0022699246,-0.0021699246,-0.0020699245,-0.0020464044,0.0034669593,0.0035669594,0.0057997494,0.008033034,0.008713862,0.01155426,0.01165426,0.0117542595,0.01234684,0.01244684,0.012599753,0.013890597,0.015666088,0.019296845,0.019396845,0.019496845,0.019596845,-0.014132993,-0.008197786,-0.0050572474,-0.0024857975,0.006504193,0.011671963,0.014136176,0.017589444
2021-11-19,-0.0026648329,-0.022293068,-0.015385994,-0.014924101,-0.013094501,-0.011757071,-0.0105103,-0.00857929,-0.007060678,-0.006269592,-0.0057161567,-0.005616157,-0.004672642,-0.004495081,-0.003369391,-0.0028965618,-0.0027965617,-0.0023600569,0.0031766691,0.0047395066,0.005514889,0.0066879014,0.0069682244,0.008169479,0.008269479,0.010488699,0.010588699,0.010688699,0.010788699,0.012769346,0.012869346,0.012969346,0.012995966,0.014275051,0.01939012,-0.014608187,-0.009468792,-0.006490972,-0.0034077454,0.005677689,0.00981689,0.011566281,0.014454642
2021-11-22,-0.00630868,-0.022837684,-0.014679098,-0.01405808,-0.012715798,-0.012332161,-0.0094822245,-0.009441581,-0.008291871,-0.0064211898,-0.00632119,-0.0061130347,-0.0036237603,-0.0020685794,-0.0019685794,-0.0018685794,-0.0017685795,-0.0016685795,0.0044630882,0.004563088,0.0072062477,0.0073062475,0.0074062473,0.008231759,0.008331759,0.008431759,0.010101896,0.010545579,0.010645579,0.010745578,0.010845578,0.013195385,0.013295385,0.01483668,0.019246781,-0.014409393,-0.009538989,-0.005957525,-0.0026774704,0.0063740863,0.009072185,0.011066804,0.013774
2021-11-23,0.001570363,-0.0220858,-0.014143044,-0.014043044,-0.013396262,-0.011644252,-0.010733603,-0.008178793,-0.008078793,-0.007978793,-0.007878793,-0.0077787936,-0.0076787937,-0.007578794,-0.007478794,-0.007346809,-0.004668937,-0.0045689372,0.0045708297,0.0048776413,0.0056277798,0.0060374583,0.0074133016,0.00850884,0.0086088395,0.008708839,0.008808839,0.008908839,0.009008839,0.0099917995,0.010758866,0.013192644,0.013292644,0.014433084,0.019069241,-0.014400592,-0.009802605,-0.008389755,-0.0063684536,0.00594451,0.008706323,0.010002192,0.013489127
2021-11-24,-0.0060595856,-0.021712584,-0.015263549,-0.01487274,-0.013159762,-0.0121816965,-0.010689799,-0.0075574536,-0.0074574538,-0.007357454,-0.007257454,-0.0062937676,-0.006193768,-0.0059024505,-0.005285795,-0.005185795,-0.0048457426,-0.0043124324,0.0024455488,0.0035373273,0.0041427193,0.004242719,0.004824305,0.004924305,0.005105144,0.0062559396,0.007487913,0.007587913,0.008274291,0.008374291,0.009880733,0.012125457,0.012225457,0.014167105,0.018988483,-0.014601478,-0.009586981,-0.007500185,-0.0051847068,0.0038946916,0.0063933507,0.008789973,0.012707213
2021-11-25,0.0012028151,-0.0219522,-0.01458151,-0.01448151,-0.012558235,-0.012137963,-0.010202278,-0.009343872,-0.007962667,-0.0068447334,-0.0064818356,-0.006381836,-0.006125811,-0.0056492165,-0.0055492166,-0.004540419,-0.0044343723,-0.0043261927,0.004370861,0.0057599596,0.005800707,0.006581429,0.0072402786,0.007307893,0.008842517,0.0089425165,0.009042516,0.009142516,0.009242516,0.013167783,0.015804544,0.015904544,0.016004544,0.016104544,0.01888623,-0.014286438,-0.009767013,-0.007284362,-0.005046407,0.006271095,0.009160197,0.011319974,0.015973529
2021-11-26,0.009524399,-0.022345502,-0.014906244,-0.013488588,-0.013429305,-0.012390688,-0.0108996155,-0.009309293,-0.00922026,-0.00912026,-0.008934681,-0.008281961,-0.007864367,-0.006988991,-0.0060327575,-0.0059327576,-0.004744137,-0.0035760233,0.0045976513,0.004713875,0.005482332,0.005820119,0.0059201187,0.0060201185,0.006756406,0.006762428,0.006836982,0.007277717,0.0073626474,0.0082157785,0.009627973,0.011263824,0.011410864,0.014406099,0.01889801,-0.01479427,-0.010407602,-0.008781583,-0.005713527,0.0054740766,0.006839232,0.008220797,0.012482337
2021-11-29,-0.004467901,-0.022202786,-0.015324401,-0.013730176,-0.013466464,-0.011951654,-0.010578718,-0.009486316,-0.008586394,-0.0074073514,-0.0073073516,-0.0072073517,-0.007107352,-0.005748671,-0.0053832997,-0.0046282797,-0.002944696,-0.00282271,0.0051018186,0.0062506814,0.006350681,0.006450681,0.006550681,0.007059199,0.0071591986,0.009193957,0.009293957,0.0093939565,0.009493956,0.009593956,0.010047049,0.011868806,0.014594966,0.014694965,0.018990995,-0.014704806,-0.00995779,-0.007865697,-0.0045972676,0.0062626125,0.00835835,0.010474158,0.013039154
2021-11-30,-0.00061262544,-0.0227553,-0.015488455,-0.014847131,-0.013163325,-0.011165425,-0.009729858,-0.009629858,-0.009281413,-0.008583847,-0.008077505,-0.008004139,-0.007904139,-0.007096038,-0.0062779784,-0.005620395,-0.0045931577,-0.0038595914,0.005715452,0.005858215,0.0067522917,0.006943329,0.007697333,0.008091264,0.008191264,0.008291264,0.008391264,0.009449925,0.009549925,0.009649925,0.009749925,0.011269789,0.012167991,0.014325828,0.018647898,-0.014460472,-0.010414422,-0.008417791,-0.0056710527,0.00669211,0.008635943,0.009841805,0.012728673
2021-12-01,0.0066411314,-0.02162669,-0.015345635,-0.015041796,-0.013487256,-0.012552457,-0.010115482,-0.010015482,-0.009966624,-0.0099119935,-0.009811994,-0.009711994,-0.009478098,-0.007961331,-0.006829985,-0.0055039334,-0.0038842338,-0.0032081623,0.0036865617,0.0039170776,0.0054610497,0.007241944,0.007797473,0.008399684,0.008499684,0.008599684,0.009938543,0.011586222,0.011686222,0.015214951,0.01581783,0.01591783,0.01601783,0.01611783,0.018815134,-0.014625503,-0.011010275,-0.009466706,-0.0058276616,0.005761263,0.010319603,0.012888754,0.016376715
2021-12-02,-0.001485499,-0.022470402,-0.015486621,-0.014149125,-0.013203452,-0.0131034525,-0.011506607,-0.010454786,-0.010354786,-0.010254786,-0.0101547865,-0.009016379,-0.007229576,-0.0061243046,-0.0047497293,-0.0031360372,-0.0028191824,-0.0014853703,0.0066699954,0.0067448234,0.0068753175,0.007041552,0.0077614654,0.008189905,0.010110651,0.010561985,0.011759903,0.011859903,0.011959903,0.012059903,0.012159903,0.012259902,0.013227187,0.014430188,0.019354431,-0.015154107,-0.011344017,-0.009074012,-0.0042413394,0.0074884677,0.010086633,0.01217336,0.014052865
2021-12-03,-0.003425267,-0.02093018,-0.015291648,-0.014556318,-0.012765512,-0.01191854,-0.010774298,-0.008656903,-0.008048784,-0.007953038,-0.007788723,-0.007623168,-0.0075231683,-0.0074231685,-0.0068915314,-0.006216336,-0.0051426184,-0.004650658,0.0028197346,0.0029197347,0.0036515538,0.004829263,0.005875809,0.0060485797,0.0061485795,0.0062485794,0.006348579,0.006448579,0.007315979,0.008948134,0.009500351,0.011087384,0.011794504,0.014235592,0.01835706,-0.014336035,-0.009997869,-0.008311627,-0.0061048623,0.0040737735,0.0067139356,0.008171154,0.012425704
2021-12-06,-0.00063855544,-0.020458434,-0.015370794,-0.014251976,-0.013496023,-0.012623895,-0.0111618955,-0.009508218,-0.00855946,-0.008320679,-0.008220679,-0.008120679,-0.0080206795,-0.00792068,-0.0076311147,-0.0054874187,-0.0040949667,-0.0033293776,0.0046359524,0.0057209465,0.0064150784,0.0077456357,0.008453193,0.010312388,0.010412388,0.010512387,0.010612387,0.010712387,0.010812387,0.010912387,0.0110123865,0.012804478,0.012904463,0.014636625,0.019412868,-0.014622209,-0.010360447,-0.008776678,-0.0057327114,0.0069860006,0.010180548,0.011190804,0.013755748
2021-12-07,-0.0023248568,-0.02201581,-0.015442265,-0.0145208705,-0.013205147,-0.011062159,-0.011046661,-0.00924771,-0.00914771,-0.008928131,-0.0088281315,-0.008728132,-0.008089481,-0.007989481,-0.007889481,-0.00746629,-0.0064932755,-0.0041466216,0.0046622395,0.004712491,0.00512053,0.005916756,0.0060474724,0.00704718,0.0072285584,0.007941148,0.008041148,0.008387219,0.008962972,0.009062972,0.00940489,0.011193089,0.012366864,0.014396103,0.019282145,-0.014554408,-0.010578217,-0.009020293,-0.0069447597,0.005528115,0.0076971985,0.009364234,0.01266784
2021-12-08,0.007713154,-0.023468828,-0.015443179,-0.015070389,-0.013473608,-0.012117526,-0.010648086,-0.008483501,-0.0075320215,-0.0072435453,-0.006953826,-0.0068538263,-0.006121277,-0.006021277,-0.005964059,-0.0052298005,-0.004410881,-0.003733832,0.0029628463,0.003378599,0.003478599,0.003578599,0.0042024646,0.0043024644,0.0044024643,0.004502464,0.004602464,0.006424435,0.006524435,0.008054822,0.008675899,0.010292433,0.011556791,0.014179918,0.019230206,-0.015030245,-0.009795508,-0.0074552977,-0.00523848,0.0035602215,0.00549733,0.007432589,0.012086656
2021-12-09,-0.004315402,-0.02156549,-0.015298749,-0.013660151,-0.013021108,-0.010863225,-0.010345489,-0.0082288245,-0.007813449,-0.007713449,-0.0076134494,-0.007104176,-0.0070041763,-0.0069041764,-0.006755061,-0.0053933654,-0.0049459566,-0.0042819204,0.0044516386,0.0046829353,0.005122387,0.0054577384,0.0055577382,0.005657738,0.005757738,0.005976251,0.0060762507,0.0061762505,0.0082218675,0.008321867,0.009398466,0.010988811,0.011888844,0.0155347,0.018925937,-0.014218813,-0.009552272,-0.007936148,-0.0056960965,0.005094487,0.006337969,0.008137016,0.012633957
2021-12-10,0.0015629466,-0.022767264,-0.015347654,-0.01430725,-0.012906077,-0.011147293,-0.008996856,-0.0082555665,-0.0074077444,-0.0073077446,-0.0072077448,-0.0071438346,-0.007096701,-0.006996701,-0.00532574,-0.004397384,-0.004069847,-0.002760174,0.002919473,0.0035294301,0.0041367444,0.0052534537,0.006269215,0.006369215,0.006469215,0.0065692146,0.008287199,0.008387199,0.0084871985,0.008587198,0.009421708,0.011291638,0.012256149,0.014127957,0.019116264,-0.0142330285,-0.009255032,-0.007541149,-0.004739396,0.004461663,0.0072364085,0.009200988,0.012508953
2021-12-13,-0.0023142956,-0.021414137,-0.0153051,-0.014833207,-0.013216366,-0.010962564,-0.009442903,-0.009342903,-0.008070178,-0.0079701785,-0.0077650184,-0.006420143,-0.0049755634,-0.0040031085,-0.0033611036,-0.0029342903,-0.002308791,-0.002027322,0.0049760235,0.0050631156,0.007958439,0.008462033,0.008789584,0.008889584,0.009642404,0.010366435,0.010466435,0.010566435,0.010666435,0.012953839,0.013053839,0.013153839,0.0141788805,0.014615162,0.018675936,-0.014068214,-0.009931874,-0.006851354,-0.00341033,0.0072204033,0.010313176,0.011766405,0.014490524
2021-12-14,-0.00024170417,-0.021590233,-0.015157853,-0.01362164,-0.013289139,-0.011013864,-0.010265026,-0.0087891575,-0.008090383,-0.008086972,-0.007713227,-0.0076132272,-0.0075132274,-0.006298489,-0.006198489,-0.005212587,-0.0048827585,-0.003709977,0.0044654035,0.0055681895,0.0060449573,0.007832222,0.00905614,0.010317484,0.010417484,0.011486886,0.011586886,0.012709461,0.012973189,0.013073189,0.013173189,0.013273189,0.013373189,0.014578743,0.019042429,-0.014263222,-0.0097706355,-0.007976071,-0.0055234074,0.0068656513,0.011328632,0.0127431825,0.014628148
2021-12-15,-0.0018335311,-0.021690777,-0.014709151,-0.0146091515,-0.013266506,-0.011261903,-0.009348701,-0.008950752,-0.007880222,-0.007405094,-0.007305094,-0.006945351,-0.006673056,-0.0065730563,-0.0059070834,-0.0048097624,-0.004026447,-0.0032330602,0.004012958,0.005816749,0.0064465944,0.007914832,0.00817639,0.00827639,0.00837639,0.00847639,0.008576389,0.008676389,0.008776389,0.010306372,0.010406372,0.010667102,0.0122045195,0.014276574,0.018961469,-0.014055409,-0.009638784,-0.007556026,-0.0049843406,0.006513505,0.008782387,0.0097080115,0.012923579
2021-12-16,0.0048539587,-0.022863025,-0.015558094,-0.014903141,-0.012948655,-0.010810909,-0.009108066,-0.009008066,-0.008001123,-0.007901123,-0.007801123,-0.007701123,-0.0076011233,-0.0075011235,-0.0074011236,-0.0058345557,-0.005134467,-0.004194321,0.0036169747,0.003926728,0.00440156,0.0053018783,0.0059310966,0.0060310964,0.0061310963,0.006231096,0.0070961323,0.00743467,0.007655948,0.008370401,0.009622255,0.010829851,0.01381318,0.014288655,0.019119313,-0.01425775,-0.009784304,-0.008002511,-0.006053118,0.0046756472,0.0067996727,0.008874066,0.012446095
2021-12-17,-0.0029139821,-0.020589812,-0.014942086,-0.0144298,-0.012545281,-0.011469928,-0.009519114,-0.009419114,-0.0093191145,-0.00716425,-0.0070642503,-0.0069642505,-0.0060920473,-0.0035160764,-0.002435486,-0.0016775475,-0.0009835213,-0.0003843056,0.006021152,0.0061211516,0.0062211514,0.0063211513,0.007669637,0.008619998,0.0087199975,0.008819997,0.008919997,0.009978088,0.010210783,0.011488464,0.011699647,0.012795516,0.013738794,0.014276576,0.018748011,-0.013813244,-0.009970279,-0.0071021207,-0.0024890222,0.0066809207,0.0093152365,0.010867225,0.013801644
2021-12-20,0.0013229728,-0.021056224,-0.015191956,-0.014813828,-0.01305165,-0.010065199,-0.008823853,-0.007894838,-0.0077948384,-0.007616497,-0.0075223753,-0.006987186,-0.0061580734,-0.005948571,-0.0054584267,-0.0039636455,-0.0038417345,-0.0037096685,0.004677048,0.005321927,0.0063928617,0.0069233254,0.007810999,0.009076351,0.009378229,0.009478229,0.009578229,0.009678229,0.010523696,0.010623696,0.010723696,0.010771171,0.012433877,0.014375074,0.019031625,-0.013637776,-0.009388771,-0.0072495425,-0.0047921324,0.006538678,0.009333501,0.010567546,0.0131050525
2021-12-21,-0.0022037085,-0.022415215,-0.015371843,-0.013352372,-0.01229929,-0.010868148,-0.00895568,-0.008607461,-0.007316423,-0.0072164233,-0.0071164235,-0.0070164236,-0.0065241014,-0.0057217516,-0.005591625,-0.0052059907,-0.004370294,-0.0034131417,0.0038644548,0.004650039,0.0053520887,0.0074905152,0.008725218,0.008825217,0.009918225,0.01062643,0.0107264295,0.010826429,0.012678423,0.012778423,0.012878423,0.012978422,0.013078422,0.014272451,0.018581355,-0.013982035,-0.009089672,-0.007126876,-0.005119495,0.006255065,0.010356343,0.012017625,0.014297815
2021-12-22,0.0051116357,-0.020853475,-0.014543807,-0.014443807,-0.012379207,-0.0106238965,-0.008973042,-0.008899223,-0.008799223,-0.0077628596,-0.0076628597,-0.007373634,-0.007273634,-0.007191253,-0.006620573,-0.0049060998,-0.0048061,-0.003553074,0.0045958455,0.0045987773,0.0059519196,0.0074635004,0.008682543,0.008782543,0.010009173,0.010401036,0.011067856,0.0117337,0.012821647,0.012921647,0.013021647,0.013121647,0.013221647,0.014394622,0.0187875,-0.013474685,-0.009775631,-0.007980002,-0.005451896,0.006523843,0.010504293,0.012353299,0.014449412
2021-12-23,-0.0011577349,-0.022639358,-0.015632449,-0.014284118,-0.012834167,-0.010467307,-0.00914114,-0.007229085,-0.0065277694,-0.0064186263,-0.005302552,-0.005217569,-0.005117569,-0.0050175693,-0.0049175695,-0.0048175696,-0.00471757,-0.0043184464,0.004153693,0.004253693,0.004426898,0.004856639,0.005981193,0.0069539333,0.0073140585,0.007617742,0.0077177417,0.0078177415,0.009285511,0.011031258,0.01193681,0.01203681,0.0121368095,0.01468679,0.019085603,-0.014142884,-0.008720147,-0.0062213195,-0.0047977446,0.0050009964,0.007880373,0.009597813,0.013755454
2021-12-24,-0.00010611909,-0.021269375,-0.015048721,-0.0126804365,-0.012012926,-0.010947525,-0.0088506425,-0.007814968,-0.007714968,-0.0076466114,-0.0073799514,-0.0067265257,-0.006626526,-0.006332737,-0.005796276,-0.0046291966,-0.004088251,-0.003183129,0.004070735,0.00454609,0.00471217,0.004832217,0.004932217,0.0051909997,0.005683673,0.005783673,0.006224727,0.0070107607,0.0071107605,0.0082125645,0.009329135,0.011298303,0.011312597,0.015003368,0.018706195,-0.013625838,-0.008941526,-0.0073809647,-0.004884676,0.0047689774,0.006226043,0.007974282,0.012509912
2021-12-27,0.0009900072,-0.021440351,-0.015346334,-0.0142509295,-0.011878082,-0.009938488,-0.0096090855,-0.008401974,-0.008301974,-0.008201974,-0.008101975,-0.008001975,-0.007901975,-0.007801975,-0.0077019753,-0.0069467765,-0.0052796854,-0.004342251,0.004396798,0.0045177373,0.0047805384,0.005146555,0.005815126,0.005915126,0.0069167535,0.007242893,0.0073428927,0.007741133,0.0078411335,0.007948021,0.009410361,0.011241716,0.011812488,0.014271165,0.01894446,-0.013642468,-0.009753188,-0.008343397,-0.0064545325,0.005151677,0.00693246,0.008537134,0.012363145
2021-12-28,-0.0020341119,-0.021974355,-0.015290816,-0.014943364,-0.012273371,-0.011071381,-0.009004799,-0.008904799,-0.008804799,-0.008704799,-0.0086366255,-0.00859837,-0.008052504,-0.0059467168,-0.005846717,-0.005746717,-0.005150567,-0.0040055164,0.0037566365,0.0037827468,0.0044473535,0.0045473534,0.005448226,0.0055482257,0.006304002,0.0064040017,0.0065040016,0.0066040014,0.008140904,0.008522094,0.009148976,0.011107614,0.011403124,0.014496079,0.018728334,-0.013922945,-0.010072513,-0.008089089,-0.005869577,0.0045676185,0.0065053096,0.008234825,0.01240062
2021-12-29,0.0047692107,-0.022540666,-0.015371202,-0.014886189,-0.012650705,-0.010747153,-0.009056133,-0.008956133,-0.007674399,-0.007574399,-0.007474399,-0.0073743993,-0.0072743995,-0.0070820036,-0.006974127,-0.0044774404,-0.003929674,-0.0036407355,0.004136,0.004871052,0.004971052,0.005071052,0.0054765544,0.0055741565,0.0065392903,0.00663929,0.00673929,0.00683929,0.0076678516,0.008528799,0.008628799,0.01127657,0.012416664,0.013811572,0.01935296,-0.014073173,-0.009629451,-0.0077122664,-0.005279275,0.0051176893,0.006611618,0.008438379,0.012319741
2021-12-30,-0.0016820824,-0.022267843,-0.015411278,-0.013451551,-0.013104134,-0.010335739,-0.008648007,-0.008548007,-0.0084480075,-0.008348008,-0.008248008,-0.008148008,-0.007392951,-0.006626223,-0.0054346398,-0.003990597,-0.0036430943,-0.0027189916,0.0040568192,0.004156819,0.004507406,0.004906327,0.0063682976,0.0064682974,0.0065682973,0.006645222,0.006745222,0.008119043,0.008219043,0.008557995,0.009377141,0.010905578,0.011585035,0.014342185,0.018508473,-0.0139534,-0.009488716,-0.007872639,-0.004787066,0.004839134,0.007231771,0.008645267,0.012338275
2021-12-31,0.003629584,-0.021983689,-0.0153676495,-0.014030682,-0.012538607,-0.010546237,-0.009025577,-0.006954525,-0.0052528675,-0.0051528676,-0.0044306167,-0.0044044508,-0.0036652356,-0.0035652355,-0.0034652355,-0.0033652354,-0.0032652353,-0.0031652353,0.0037012894,0.0043871864,0.004745153,0.005412649,0.0056710225,0.006179079,0.006279079,0.0064669843,0.006566984,0.010690959,0.010790959,0.010890959,0.010990959,0.0115282405,0.0125131905,0.014312453,0.01920881,-0.013892353,-0.008083304,-0.005187907,-0.0035330784,0.0049050716,0.007979801,0.010290611,0.013386284
2022-01-03,-0.0070576095,-0.022377657,-0.0155044645,-0.014905253,-0.01309867,-0.010304469,-0.00905732,-0.008240081,-0.0077305995,-0.007077637,-0.005002402,-0.004902402,-0.004802402,-0.0047024023,-0.004654751,-0.0045547513,-0.004127464,-0.004027464,0.0043314765,0.0057236208,0.0058236206,0.0067682937,0.0068682935,0.0069682933,0.007068293,0.007168293,0.007268293,0.0073682927,0.0074682925,0.008784175,0.009647678,0.010756466,0.012355234,0.013869899,0.019299434,-0.014068516,-0.009402178,-0.006259025,-0.0044533666,0.005943061,0.00743147,0.0086488575,0.0124715315
2022-01-04,0.001517649,-0.022183936,-0.015500953,-0.013616914,-0.012493335,-0.009967339,-0.00911611,-0.0073851105,-0.005132796,-0.0047930875,-0.0046930877,-0.0041514463,-0.0040514464,-0.0035164529,-0.0034164528,-0.0033164527,-0.0032164527,-0.0027977899,0.00543908,0.0059194276,0.00618278,0.0070979362,0.007197936,0.007297936,0.0073979357,0.0074979356,0.0075979354,0.008385056,0.0084850555,0.008585055,0.009223148,0.01136835,0.012995879,0.014160547,0.018660713,-0.013852334,-0.008008803,-0.0053019784,-0.0033797189,0.0064074313,0.0077927834,0.009209796,0.012399563
2022-01-05,0.0024618292,-0.023013435,-0.015393623,-0.015080647,-0.013311625,-0.010695753,-0.009299811,-0.006685363,-0.0065853633,-0.0049450053,-0.0048450055,-0.0044656442,-0.0043656444,-0.0037343495,-0.0033241485,-0.0032241484,-0.0031241484,-0.0027793713,0.0054498976,0.0066966526,0.0067567634,0.008957427,0.009730533,0.009849745,0.009949745,0.0100497445,0.010149744,0.010450547,0.010550546,0.010650546,0.010750546,0.010972919,0.012423595,0.014359918,0.018932566,-0.014342849,-0.008519238,-0.005766035,-0.003383492,0.007562097,0.010146223,0.010844995,0.0131333
2022-01-06,-0.0036518604,-0.023633957,-0.015195271,-0.012760055,-0.012194988,-0.010282725,-0.00899317,-0.0076985154,-0.006617776,-0.0039520455,-0.0038520454,-0.0037520453,-0.0036520453,-0.0035520452,-0.0031314462,-0.0030314461,-0.002931446,-0.002831446,0.0051909005,0.006275329,0.007939578,0.008880085,0.0097936895,0.009893689,0.009993689,0.010093689,0.010193689,0.010293689,0.010393688,0.010493688,0.010593688,0.011427332,0.011741306,0.014315133,0.018514937,-0.014060022,-0.008004312,-0.005333416,-0.0031355657,0.007655917,0.010113689,0.010623212,0.013068954
2022-01-07,0.004588633,-0.021687945,-0.015244027,-0.014783524,-0.012702283,-0.01080863,-0.009046655,-0.0076115835,-0.005533394,-0.0050184075,-0.0049353708,-0.004283308,-0.004183308,-0.0040833084,-0.0039833086,-0.0038833085,-0.0037833084,-0.0036833084,0.005005694,0.0060239895,0.006921988,0.007501529,0.010217406,0.011133726,0.011355294,0.011455294,0.011555294,0.013244149,0.013344149,0.013444149,0.013544149,0.013644149,0.013744148,0.013952723,0.018503236,-0.013897908,-0.008398714,-0.0055564074,-0.0039233086,0.007361699,0.011898944,0.013066378,0.01461768
2022-01-10,-0.0025567026,-0.023222657,-0.015505428,-0.013840146,-0.0112170195,-0.011097424,-0.009014408,-0.0073685395,-0.0070419135,-0.0069027646,-0.0052318485,-0.0051318486,-0.005031849,-0.004931849,-0.004831849,-0.0047318493,-0.0046318495,-0.0045318496,0.003870107,0.004975803,0.005075803,0.0064007235,0.007667768,0.0077677676,0.0078677675,0.00856402,0.010271106,0.010371106,0.010471106,0.010571105,0.010671105,0.011055979,0.012794683,0.014474102,0.019012224,-0.014011388,-0.008833555,-0.006250374,-0.004771849,0.0056380406,0.008988353,0.010895821,0.013156903
2022-01-11,0.0019264066,-0.0225566,-0.015398751,-0.014550054,-0.012080971,-0.011037689,-0.008698365,-0.0075495127,-0.0054484163,-0.0054161856,-0.0038410423,-0.0037410422,-0.0036410422,-0.003541042,-0.003441042,-0.003341042,-0.003241042,-0.0031410418,0.0040634437,0.0043546665,0.0047172895,0.0054148147,0.0055148145,0.0056148143,0.005714814,0.005814814,0.0073961834,0.0074961833,0.007596183,0.008590055,0.009921577,0.010915369,0.01145085,0.0143982,0.01890222,-0.0139544755,-0.008332508,-0.0050339815,-0.0033810418,0.0048530055,0.0066061364,0.00850589,0.012545484
2022-01-12,0.007073501,-0.022203673,-0.015597508,-0.01493488,-0.011394117,-0.010848833,-0.0091013815,-0.008228934,-0.008128935,-0.0073171156,-0.0072171157,-0.007117116,-0.007017116,-0.006917116,-0.0068171164,-0.0059220293,-0.00492307,-0.004804291,0.0036045383,0.0047020325,0.0054512057,0.0065167216,0.0066167214,0.0066348235,0.00664879,0.00674879,0.0068487898,0.0075296494,0.008113287,0.008213287,0.009271069,0.010932561,0.011716022,0.014364685,0.018672299,-0.013829103,-0.009542248,-0.007676333,-0.0059167244,0.0053846575,0.0071486547,0.008484207,0.01229078
2022-01-13,0.003480993,-0.02298807,-0.01547462,-0.013485822,-0.013206755,-0.01109277,-0.00905967,-0.0071923616,-0.0060265404,-0.0054292143,-0.005054599,-0.0049545993,-0.0043379776,-0.0039497735,-0.0035380141,-0.003438014,-0.003338014,-0.003238014,0.005231272,0.005331272,0.0054312716,0.0061589577,0.0064397356,0.0066778134,0.0067451284,0.0068451283,0.006945128,0.008043007,0.010204941,0.010304941,0.010404941,0.010473529,0.011314171,0.014449769,0.018662503,-0.014364377,-0.008238722,-0.005685712,-0.003701331,0.00577958,0.007662125,0.009362438,0.012859136
2022-01-14,-0.0024045901,-0.021969296,-0.015246106,-0.013052906,-0.0128774755,-0.01069362,-0.009081905,-0.0076736235,-0.0075736237,-0.0050880993,-0.0049880994,-0.0048880996,-0.0047881,-0.0046881,-0.0045881,-0.0044881003,-0.0044199843,-0.0038004178,0.0037677514,0.005066081,0.005166081,0.0054602153,0.005937277,0.0060372767,0.0061372765,0.0062372764,0.006337276,0.006437276,0.0064468295,0.0070725805,0.009251782,0.01151524,0.011774887,0.014345018,0.018938864,-0.01397368,-0.008494032,-0.0062239654,-0.004436941,0.005119481,0.006344337,0.0076137697,0.012224697
2022-01-17,-0.0025572549,-0.021345815,-0.015229482,-0.014485048,-0.011101146,-0.010806195,-0.008416903,-0.008316903,-0.0056930897,-0.0044132387,-0.0043914984,-0.0042914986,-0.0041914987,-0.0040854923,-0.0033989954,-0.0032989953,-0.0031989953,-0.0030989952,0.0040247072,0.004437563,0.004537563,0.0046375627,0.0047375625,0.0048375623,0.004937562,0.005037562,0.005177567,0.0052775666,0.005841186,0.00769276,0.009484067,0.010483311,0.011441738,0.014538607,0.018560238,-0.013379907,-0.008265036,-0.005355696,-0.003457496,0.0045149913,0.0055166027,0.007086164,0.012151795
2022-01-18,-0.0053281407,-0.021504015,-0.015537445,-0.014751563,-0.011811717,-0.010883782,-0.008902925,-0.008482329,-0.0057538575,-0.0056538577,-0.005553858,-0.0049251835,-0.0048251837,-0.004725184,-0.004625184,-0.0042285398,-0.0033079106,-0.003162011,0.0032140976,0.0036534271,0.0037534272,0.005207336,0.005307336,0.0054073357,0.0055073355,0.005811375,0.005911375,0.0060113748,0.0066321874,0.0071940175,0.00927109,0.0113755455,0.012898881,0.0139552755,0.01875399,-0.013727978,-0.008708906,-0.005952202,-0.004049766,0.0042671245,0.005946288,0.0077295676,0.012109984
2022-01-19,0.00014544974,-0.021441082,-0.015471003,-0.014930681,-0.0126558505,-0.011053642,-0.009027363,-0.008145804,-0.005973983,-0.0049671135,-0.0046974663,-0.0045826854,-0.0044826856,-0.0038746106,-0.0030679367,-0.00243179,-0.0019553124,-0.001481792,0.00473523,0.005000627,0.00585944,0.00595944,0.00605944,0.0061594397,0.0062594395,0.0063594393,0.006459439,0.006559439,0.006659439,0.0074446346,0.009277228,0.010270312,0.0117829135,0.014057351,0.019059747,-0.013929789,-0.0086089885,-0.0056112213,-0.0027039035,0.0055628354,0.006516478,0.007781173,0.0120218545
2022-01-20,0.00028202406,-0.021627354,-0.015420622,-0.013852333,-0.012922447,-0.010965251,-0.009456471,-0.0077640647,-0.005792758,-0.005220397,-0.004902161,-0.0048021614,-0.0047021615,-0.0046021617,-0.004502162,-0.004402162,-0.0042888005,-0.00400936,0.0021844937,0.0022844938,0.0023844938,0.003290427,0.003397441,0.0042784535,0.0045263357,0.0046263356,0.0053842636,0.006236481,0.006336481,0.008373167,0.009321313,0.011164684,0.013878827,0.015696574,0.018979074,-0.014078429,-0.008417205,-0.0058911424,-0.0044009294,0.002934049,0.005382376,0.008041844,0.012706962
2022-01-21,-0.00017625571,-0.021832258,-0.014729326,-0.013240983,-0.013042004,-0.010717921,-0.009020132,-0.0073651676,-0.006303937,-0.005771666,-0.0044296165,-0.0043296167,-0.0035554373,-0.0034554373,-0.0024143474,-0.0023143473,-0.0017245782,-0.0016245783,0.0031373887,0.003453272,0.004681522,0.0046993745,0.005821223,0.0059212227,0.0060212226,0.0061212224,0.0064311405,0.0071134344,0.007213434,0.007313434,0.00935089,0.011476807,0.011576807,0.014353489,0.019051304,-0.013868327,-0.008340376,-0.005352912,-0.0024814936,0.0043985555,0.0064581074,0.00792965,0.012309184
2022-01-24,-0.0032840318,-0.021671403,-0.01529967,-0.013037999,-0.012454705,-0.011090742,-0.00910176,-0.008530114,-0.008236176,-0.007708593,-0.007608593,-0.007526445,-0.005924315,-0.0058243154,-0.0057243155,-0.0040134336,-0.0035932693,-0.0025539857,0.0032105115,0.0035625554,0.004811425,0.005774005,0.006868988,0.0069689876,0.0070689875,0.0071689873,0.007268987,0.007368987,0.007468987,0.00853948,0.009300157,0.011112313,0.012659267,0.0143822385,0.019294793,-0.013923657,-0.009322928,-0.007339032,-0.00468229,0.004885497,0.007383086,0.008661142,0.012525797
2022-01-25,-0.0030775182,-0.020504547,-0.015324349,-0.014508691,-0.012388952,-0.010357396,-0.009235362,-0.009135362,-0.009035362,-0.008038835,-0.007938835,-0.007838835,-0.007239248,-0.0071165473,-0.0060406313,-0.0038732295,-0.0030900473,-0.002722381,0.0026739286,0.0034080017,0.0034301814,0.0044776457,0.0045776456,0.0046776454,0.0050309757,0.0051309755,0.00516076,0.00526076,0.006648272,0.007494151,0.009629497,0.011118322,0.011403639,0.014083348,0.0192451,-0.013562122,-0.009990723,-0.008113069,-0.004713025,0.0038041465,0.0054282355,0.007193516,0.012314083
2022-01-26,0.0005630743,-0.021785922,-0.015216666,-0.013068741,-0.012518257,-0.010856332,-0.00904162,-0.008040174,-0.007655301,-0.005719509,-0.005619509,-0.0052986024,-0.0046735527,-0.004573553,-0.003584697,-0.0034846968,-0.0030753633,-0.002526319,0.0025504234,0.0028893063,0.0031039084,0.005479011,0.0065275417,0.0066275415,0.0067275413,0.006827541,0.006927541,0.007027541,0.007752311,0.007980529,0.009013965,0.010953344,0.011583671,0.015859118,0.018490644,-0.01388376,-0.008705069,-0.006312707,-0.0035939359,0.0041500377,0.006998139,0.0082543185,0.012459519
2022-01-27,-0.011698804,-0.021576768,-0.015354393,-0.014833261,-0.01313087,-0.011029762,-0.009000332,-0.0082059875,-0.0063919993,-0.005340826,-0.0052408264,-0.005092543,-0.0048662676,-0.003941921,-0.003841921,-0.003440976,-0.0033409758,-0.0032794995,0.0020039803,0.0027097391,0.0038584284,0.0039584283,0.004478092,0.0050597047,0.0051990803,0.005388689,0.005488689,0.005588689,0.0074890894,0.007589089,0.009406655,0.010906607,0.011293415,0.014160269,0.018978518,-0.014018426,-0.008754482,-0.0058882693,-0.0037991828,0.0035459313,0.0056208526,0.0074897944,0.012208228
2022-01-28,0.0013623798,-0.021773014,-0.015414386,-0.014797157,-0.012693108,-0.011040371,-0.009011234,-0.0076113595,-0.005416295,-0.004822099,-0.0046531428,-0.004553143,-0.0038525548,-0.0032024563,-0.0031024562,-0.0030024562,-0.002902456,-0.002775246,0.004526989,0.0048880056,0.006139266,0.0062392657,0.007500228,0.008594718,0.008694718,0.009195918,0.010136653,0.010236653,0.01266445,0.012829146,0.016206793,0.016306793,0.016406793,0.01758346,0.019279076,-0.013986424,-0.008331629,-0.0052271364,-0.0032671515,0.0060976488,0.009671332,0.012454739,0.016441055
2022-01-31,0.0041384795,-0.023421396,-0.01566749,-0.014210448,-0.012778667,-0.01110136,-0.009142569,-0.0065961345,-0.0054254183,-0.0035331403,-0.003304362,-0.0031739501,-0.00307395,-0.00297395,-0.00287395,-0.0027739499,-0.0026739498,-0.002330346,0.00544162,0.0063284407,0.0069418205,0.009084016,0.009184016,0.009284016,0.009976879,0.010076879,0.014987648,0.015087648,0.015187648,0.015578676,0.015678676,0.015778676,0.015878676,0.015978675,0.018820249,-0.0144222975,-0.007781542,-0.00478405,-0.0027652292,0.007554555,0.011842247,0.015344059,0.01636699
2022-02-01,0.0032549314,-0.022123702,-0.015387754,-0.01499617,-0.012716907,-0.010914243,-0.008987915,-0.0070020356,-0.0045465697,-0.0038211497,-0.0030226775,-0.0029226774,-0.0028226774,-0.0027658346,-0.0026658345,-0.0025658344,-0.0024658344,-0.0023658343,0.0038038285,0.005080573,0.005322366,0.006722825,0.0073308423,0.008070079,0.0081700785,0.008917136,0.009782368,0.009882368,0.009886058,0.009986058,0.010086058,0.011326508,0.01165834,0.0141669465,0.019155022,-0.014026105,-0.007870768,-0.0044291345,-0.002597203,0.005819934,0.008837297,0.010239039,0.012944119
2022-02-02,0.004382509,-0.022578727,-0.015503437,-0.014793381,-0.013249881,-0.0106121395,-0.009715992,-0.007826817,-0.0070215547,-0.0054871775,-0.0042773252,-0.004121067,-0.004021067,-0.00381459,-0.0037145899,-0.0036145898,-0.0035145897,-0.0034145897,0.0048334957,0.0060189147,0.0062539815,0.0074182674,0.007794532,0.008289545,0.008389545,0.0084895445,0.008589544,0.008689544,0.008789544,0.0091014905,0.009576013,0.010488181,0.012146927,0.014153675,0.01879274,-0.014332036,-0.008968985,-0.005770106,-0.003675885,0.0065828403,0.008472932,0.00946341,0.01242242
2022-02-03,0.010640904,-0.020871151,-0.01555194,-0.014588031,-0.012184736,-0.011056675,-0.009911573,-0.0069954023,-0.006753493,-0.006447898,-0.0063478984,-0.0062478986,-0.0061478987,-0.006072824,-0.005704527,-0.0054912483,-0.0053912485,-0.0051884884,0.0032797912,0.0046905805,0.0056582354,0.0059586302,0.00688054,0.0076821805,0.0093298545,0.009429854,0.009529854,0.009629854,0.009729854,0.009829854,0.0099298535,0.011069012,0.012821057,0.014174838,0.018907098,-0.013915214,-0.008939279,-0.007046737,-0.0056046816,0.0057834187,0.008690456,0.010308094,0.012782131
2022-02-04,0.002134762,-0.021729385,-0.015443659,-0.014745327,-0.014645327,-0.013768849,-0.0136363795,-0.012134441,-0.012034441,-0.0119344415,-0.011284372,-0.009862896,-0.0077980715,-0.0076980717,-0.007390924,-0.006593929,-0.0032243882,-0.0031243882,0.007112438,0.008370791,0.009741003,0.009849514,0.01051864,0.010982763,0.0121777,0.0122777,0.0123777,0.0124777,0.0125776995,0.013815765,0.013915765,0.014482983,0.014939399,0.017777901,0.01895257,-0.015844721,-0.012897005,-0.010490268,-0.006039305,0.009450289,0.012014514,0.013237652,0.015788997
2022-02-07,0.00011360955,-0.021080904,-0.015281763,-0.013491839,-0.0127128,-0.011181486,-0.011036579,-0.009112564,-0.008010345,-0.007683922,-0.00654803,-0.006513829,-0.0046321163,-0.0045321165,-0.003438338,-0.0033383379,-0.002788869,-0.002233607,0.0028004448,0.003952608,0.0051852264,0.00592048,0.0076331063,0.007814807,0.00894579,0.010247792,0.010347792,0.010447792,0.012408488,0.012508488,0.013104163,0.014096587,0.014175827,0.01784292,0.018876392,-0.014258707,-0.00986705,-0.0069518373,-0.0036625962,0.0053609097,0.009730397,0.011977677,0.01528571
2022-02-08,-0.0021936332,-0.022235619,-0.015352726,-0.014907821,-0.012064274,-0.01108259,-0.009368738,-0.009268738,-0.0091687385,-0.007728588,-0.007628588,-0.007528588,-0.0074323905,-0.0073323906,-0.0066583604,-0.0065583605,-0.005521938,-0.0045944,0.0052250056,0.0065937107,0.0066937106,0.0067937104,0.0068937102,0.00699371,0.00709371,0.0071937097,0.0072937096,0.0073937094,0.007493709,0.008970917,0.0097880745,0.011100305,0.0122805815,0.014264183,0.019089634,-0.0140207885,-0.010088525,-0.008186169,-0.0061723297,0.0064799697,0.0074891513,0.008686525,0.012642622
2022-02-09,0.0008819684,-0.022964237,-0.015676653,-0.013333079,-0.012406038,-0.010901097,-0.009013735,-0.008166504,-0.008066504,-0.007966504,-0.007866505,-0.007766505,-0.007666505,-0.007566505,-0.0074665053,-0.0073508047,-0.006720955,-0.0057371436,0.0050678095,0.0053396123,0.005474162,0.0061266385,0.0064233677,0.0065233675,0.0066233673,0.006723367,0.006823367,0.006923367,0.008276084,0.008396691,0.009813085,0.011203348,0.012421241,0.014532313,0.019143915,-0.014192353,-0.009309265,-0.008035951,-0.0070083826,0.005726318,0.0069980323,0.00856815,0.012617869
2022-02-10,0.003380595,-0.021710396,-0.015096195,-0.012901086,-0.011511852,-0.010827405,-0.008936133,-0.008645342,-0.00806405,-0.00796405,-0.0074544903,-0.0073544905,-0.0072544906,-0.007154491,-0.0071463874,-0.006838576,-0.005298963,-0.0051063676,0.004476208,0.0045762076,0.0046762074,0.0047762073,0.0054615065,0.0068307286,0.0069307284,0.0070307283,0.007130728,0.007230728,0.00791668,0.009375122,0.009729358,0.010723755,0.011759204,0.0143866595,0.019077692,-0.013616396,-0.009302133,-0.007772731,-0.0063489573,0.005087112,0.0071857623,0.008682492,0.012658519
2022-02-11,-0.005662616,-0.02311532,-0.0152771035,-0.013605717,-0.013505717,-0.013405717,-0.01326172,-0.0119071435,-0.011807144,-0.011556083,-0.01071323,-0.009342112,-0.00760446,-0.006822308,-0.006722308,-0.0066223084,-0.0060943854,-0.0044463254,0.0037690338,0.004646806,0.0062629837,0.0072310544,0.007331054,0.0077910377,0.008864763,0.009303607,0.010202273,0.010302273,0.012217608,0.012317608,0.012580155,0.015785607,0.016402075,0.017376637,0.019214015,-0.015713114,-0.012427562,-0.010041772,-0.006645488,0.0061549284,0.009409117,0.012288367,0.0154548045
2022-02-14,-0.008468264,-0.022574266,-0.01576832,-0.014339689,-0.012901628,-0.011040475,-0.009522315,-0.009260398,-0.007894075,-0.0077940747,-0.0072177933,-0.007059065,-0.00435877,-0.00425877,-0.003749576,-0.0036495759,-0.002543981,-0.0019352076,0.004503426,0.004603426,0.006443215,0.006543215,0.0073933685,0.0081607,0.008715982,0.009182044,0.010319751,0.010419751,0.010426527,0.011371393,0.014631843,0.019177321,0.019277321,0.019377321,0.01947732,-0.014361401,-0.00976211,-0.006650345,-0.003787481,0.0061618527,0.009305451,0.012362948,0.01680704
2022-02-15,0.0043201568,-0.021749292,-0.015429698,-0.014821599,-0.011697751,-0.010999106,-0.010899106,-0.010636231,-0.010536231,-0.009316952,-0.009216952,-0.009116952,-0.0090169525,-0.008916953,-0.006931677,-0.0067773974,-0.004964188,-0.004376575,0.0055408725,0.0063439617,0.0072113406,0.0073113404,0.007416964,0.0077667367,0.0078667365,0.008016618,0.008218366,0.008615784,0.010137962,0.010597156,0.01105674,0.013135599,0.013141081,0.015979994,0.019027693,-0.014154991,-0.011242024,-0.009717239,-0.006433358,0.00685485,0.008482652,0.01014207,0.013959436
2022-02-16,0.00089787156,-0.02117302,-0.015297502,-0.014720429,-0.0124278,-0.012174438,-0.008820542,-0.00820253,-0.0052984026,-0.005198403,-0.005098403,-0.004998403,-0.0037872884,-0.0036872884,-0.0032590388,-0.0031590387,-0.0030590387,-0.0029590386,0.003668262,0.0039645657,0.0047920295,0.005167471,0.0052674706,0.0064730775,0.0065730773,0.006673077,0.006773077,0.006849078,0.006949078,0.009960441,0.010313672,0.012282691,0.01312286,0.014386049,0.019280812,-0.01397866,-0.0084480615,-0.005338385,-0.0034869115,0.004833081,0.007044629,0.008730907,0.013244733
2022-02-17,0.00036947764,-0.02180986,-0.015434353,-0.014881528,-0.0129786115,-0.011099303,-0.009661902,-0.008799981,-0.0086999815,-0.0082945675,-0.0074312915,-0.0073312917,-0.006176313,-0.005530948,-0.004444473,-0.004344473,-0.003930128,-0.0033539466,0.005189115,0.005829054,0.0059290538,0.0060290536,0.0061290534,0.006984157,0.007084157,0.0071841567,0.0072841565,0.008267942,0.008367942,0.0099563,0.011163819,0.0114150075,0.011538058,0.014227391,0.01903215,-0.014196806,-0.010067592,-0.007500087,-0.004680862,0.0060120868,0.007704322,0.00908288,0.013158934
2022-02-18,-0.0024878099,-0.021627678,-0.015370522,-0.01487578,-0.013119549,-0.013019549,-0.012937326,-0.011255758,-0.011155758,-0.010419689,-0.008463356,-0.008363356,-0.008263356,-0.00677052,-0.00667052,-0.0058499454,-0.0057499455,-0.004486441,0.003111216,0.0031818652,0.0063443016,0.0066792686,0.007729711,0.008882329,0.0090485215,0.009148521,0.011454648,0.011554648,0.013883202,0.013983202,0.018075692,0.018175691,0.018275691,0.018375691,0.01846262,-0.015214925,-0.012128863,-0.009518063,-0.0062240413,0.0056730346,0.010259682,0.013830279,0.017414581
2022-02-21,-0.0004541977,-0.022609076,-0.014533439,-0.012866921,-0.01243262,-0.011205466,-0.009629897,-0.009529897,-0.008868041,-0.0074974033,-0.0073974035,-0.0072974036,-0.007197404,-0.007050516,-0.0069505163,-0.006595421,-0.0053383717,-0.0043961527,0.0037890128,0.0043710684,0.004505269,0.0060070357,0.0060917325,0.0070571303,0.008205937,0.008305937,0.008405937,0.008507096,0.008607096,0.009535935,0.009876406,0.01093541,0.012742245,0.014699744,0.018795393,-0.014082099,-0.009678433,-0.0080286525,-0.0061155735,0.0053756647,0.007899566,0.009559662,0.012768577
2022-02-22,-6.616251e-05,-0.022377972,-0.014866266,-0.014253652,-0.013036832,-0.010821619,-0.010783994,-0.007930247,-0.007366899,-0.006145621,-0.0060456214,-0.0059456215,-0.0058456217,-0.00510723,-0.004282506,-0.0037428346,-0.0036428345,-0.0035428344,0.0040539475,0.0045114057,0.0046114055,0.005308638,0.0054945177,0.0063610044,0.00687339,0.00697339,0.00707339,0.0071733897,0.007234286,0.010450208,0.010550207,0.011538225,0.011573359,0.014196361,0.019114058,-0.014377336,-0.009296082,-0.0070298733,-0.0042313263,0.0050717574,0.007290502,0.008700927,0.013169813
2022-02-23,-0.00096647145,-0.021353723,-0.0152780125,-0.014951387,-0.012687249,-0.010981497,-0.010035292,-0.008398872,-0.0075283484,-0.00654935,-0.006477691,-0.0064438395,-0.0063281795,-0.0040211,-0.0038235716,-0.003210448,-0.002485562,-0.002385562,0.00336376,0.0043680985,0.005230295,0.0076276227,0.007973477,0.0085182665,0.009498543,0.009598543,0.009698543,0.009798543,0.0107880905,0.012819746,0.012919745,0.013019745,0.013285209,0.01475322,0.018577795,-0.014067155,-0.009492651,-0.0068781218,-0.003669797,0.006017664,0.009741714,0.011278026,0.014418051
2022-02-24,-0.01913884,-0.02236406,-0.015392032,-0.014751001,-0.013249157,-0.010753553,-0.009128727,-0.008657053,-0.0073544765,-0.0073132333,-0.0063416334,-0.005220574,-0.0046492578,-0.004549258,-0.004449258,-0.004321603,-0.0036466185,-0.0035466184,0.0043408405,0.004624736,0.005630848,0.006070848,0.006125726,0.0062257256,0.00652537,0.0069079367,0.0070079365,0.0071079363,0.007207936,0.008854624,0.009517583,0.011131031,0.0121368775,0.015995465,0.019403443,-0.014177506,-0.009440899,-0.0064046704,-0.0042369342,0.005438528,0.00704439,0.008463062,0.012980429
2022-02-25,0.012093842,-0.023505265,-0.01549487,-0.01539487,-0.01529487,-0.012767292,-0.012667292,-0.012239533,-0.009118762,-0.009018762,-0.008459239,-0.008359239,-0.006157441,-0.0041905334,-0.0040905336,-0.0039905338,-0.0038905337,-0.0037905336,0.004263823,0.004361445,0.004369075,0.0057936204,0.0066612726,0.006771792,0.007427959,0.007961424,0.008061424,0.008161424,0.008261424,0.009742767,0.009842766,0.011780963,0.012577812,0.013868751,0.019152237,-0.015945917,-0.011687843,-0.008118654,-0.0048242747,0.0052431845,0.007859736,0.00936097,0.012877497
2022-02-28,-0.0011990396,-0.021525752,-0.018107323,-0.014836286,-0.014736286,-0.014636287,-0.011902608,-0.011802608,-0.008711003,-0.008611003,-0.008511003,-0.008411003,-0.008311003,-0.008211004,-0.008111004,-0.008011004,-0.007354369,-0.007254369,0.0060036797,0.007857315,0.009163961,0.009263961,0.010251867,0.011138134,0.011238134,0.011452212,0.012030563,0.012130563,0.013973673,0.014073673,0.014173673,0.01585251,0.01595251,0.017181894,0.019010976,-0.016181652,-0.011172702,-0.009129325,-0.00782835,0.00870541,0.011809289,0.013632196,0.016058546
2022-03-01,-0.008144245,-0.021677978,-0.015499509,-0.015399509,-0.015188073,-0.015088073,-0.014988073,-0.011524252,-0.011424252,-0.011324252,-0.011224252,-0.011115826,-0.009733643,-0.0075681154,-0.0074681155,-0.0065007433,-0.0058891685,-0.005033312,0.008010646,0.008110646,0.0084475465,0.009997509,0.010097509,0.010197509,0.010664318,0.010682615,0.013088115,0.013261795,0.013361795,0.014359061,0.014818966,0.01564049,0.01585151,0.016476009,0.018956492,-0.01648834,-0.012932068,-0.010987667,-0.007201433,0.009046134,0.011719698,0.013984455,0.016050203
2022-03-02,-0.006468172,-0.022789735,-0.018215368,-0.018115368,-0.01606984,-0.014565708,-0.014465708,-0.014365708,-0.013163813,-0.013063814,-0.012963814,-0.011009172,-0.008442315,-0.007059814,-0.006959814,-0.005893913,-0.004699962,-0.0030579786,0.0038351603,0.0043194722,0.006010565,0.0072206496,0.0082770465,0.00955772,0.010597118,0.010697118,0.011551797,0.011651797,0.013566615,0.0155560365,0.015656037,0.016562425,0.017320275,0.017483076,0.018973079,-0.017221272,-0.014634882,-0.011219093,-0.0063241674,0.006396593,0.011147944,0.013929305,0.01684613
2022-03-03,-0.0006077647,-0.021189716,-0.01878145,-0.01868145,-0.01858145,-0.01848145,-0.01838145,-0.015081471,-0.014171319,-0.013787101,-0.013116594,-0.010830544,-0.009960383,-0.009254252,-0.008741045,-0.008637744,-0.0070356275,-0.006702487,0.0058527095,0.0060269767,0.008087616,0.009831714,0.009931714,0.010031714,0.01060864,0.010708639,0.010733793,0.011080912,0.013772891,0.01380294,0.015034389,0.015134389,0.015234388,0.015334388,0.018429378,-0.019083103,-0.016020557,-0.012976798,-0.00838949,0.008081531,0.011111183,0.012924984,0.015547097
2022-03-04,-0.012984212,-0.02271907,-0.018148506,-0.01753866,-0.01609192,-0.014805968,-0.014705968,-0.014605968,-0.014505968,-0.012945263,-0.0123960795,-0.01229608,-0.009485936,-0.007782659,-0.00612744,-0.0046029105,-0.00288023,-0.00278023,0.0063889124,0.0064889123,0.006588912,0.006650032,0.007429898,0.008506253,0.009726378,0.009741002,0.009841002,0.009941001,0.01063362,0.012387603,0.012487602,0.0137345325,0.014043562,0.0142897805,0.018930499,-0.017294286,-0.014860365,-0.011775321,-0.005737378,0.0071686297,0.009601152,0.011369358,0.014366004
2022-03-07,-0.0039159553,-0.02278494,-0.018036611,-0.017936612,-0.017836612,-0.017553514,-0.017453514,-0.017353514,-0.014676857,-0.014576857,-0.0115513075,-0.011451308,-0.009378624,-0.006165583,-0.0058423365,-0.0040201684,-0.00083300826,-0.00073300826,0.005625486,0.0067950464,0.0070611048,0.007140044,0.007934024,0.008034023,0.009056797,0.009156797,0.009256797,0.009607062,0.011052425,0.011290088,0.016502233,0.016602233,0.016702233,0.016802233,0.018827766,-0.018733038,-0.01639947,-0.011845177,-0.004575966,0.0071356953,0.009204399,0.011581721,0.01600491
2022-03-08,-6.20629e-05,-0.021166783,-0.018081482,-0.017981483,-0.017881483,-0.017781483,-0.017681483,-0.017581483,-0.017481484,-0.017381484,-0.01675723,-0.01647553,-0.014455415,-0.014097169,-0.011374879,-0.01068471,-0.008556409,-0.008456409,0.00020812853,0.0012820879,0.0026249455,0.00538259,0.00548259,0.0055825897,0.0070290663,0.007129066,0.008077901,0.008177901,0.0097170435,0.011732402,0.01332568,0.013964628,0.015092188,0.015271521,0.018879391,-0.018518543,-0.017621484,-0.016094556,-0.011109588,0.0033053637,0.0076209097,0.010559486,0.014634726
2022-03-09,0.015344998,-0.022914737,-0.018274298,-0.018174298,-0.018074298,-0.017974298,-0.017874299,-0.014263748,-0.014163748,-0.013660136,-0.012643635,-0.0104038175,-0.00910669,-0.0076089324,-0.005788473,-0.005688473,-0.0039319666,-0.0038319665,0.009930161,0.010030161,0.0101301605,0.01023016,0.010378827,0.011885901,0.011985901,0.012085901,0.0121859005,0.0122859,0.013284546,0.015316194,0.015416194,0.016363794,0.016451929,0.01664155,0.019291861,-0.019022387,-0.015627246,-0.012279461,-0.0059289397,0.010461309,0.012390545,0.013904894,0.01660592
2022-03-10,-0.002279872,-0.022042073,-0.01827388,-0.01817388,-0.018073881,-0.017964084,-0.017864084,-0.017764084,-0.017347574,-0.016556807,-0.015266767,-0.015166767,-0.015066767,-0.014966767,-0.014651267,-0.01395581,-0.0119997915,-0.011253188,0.01043124,0.010957037,0.012594649,0.015338465,0.0154384645,0.016784277,0.017492704,0.017592704,0.017692704,0.017792704,0.017892703,0.017992703,0.018092703,0.018192703,0.018292703,0.018392703,0.018947687,-0.0188436,-0.017541286,-0.016102392,-0.013405365,0.013362819,0.017120171,0.017932704,0.018323699
2022-03-11,-0.0048466665,-0.02238381,-0.018768093,-0.015191362,-0.015091362,-0.014991363,-0.014891363,-0.014791363,-0.014691363,-0.01458633,-0.014486331,-0.014386331,-0.014286331,-0.014186331,-0.014086331,-0.013986331,-0.0132600395,-0.013104361,0.0058357073,0.008630445,0.0105128605,0.011480847,0.012444264,0.013281954,0.014868192,0.016015679,0.01700012,0.01710012,0.01720012,0.01730012,0.017805971,0.017905971,0.01800597,0.018153578,0.018911358,-0.017225198,-0.014830356,-0.014508344,-0.013764679,0.010265611,0.015228428,0.017321292,0.0180154
2022-03-14,0.0012394879,-0.022287356,-0.018116733,-0.018016733,-0.013438293,-0.012971455,-0.012598995,-0.012498995,-0.011926626,-0.011810334,-0.011710335,-0.01148447,-0.010066841,-0.010015972,-0.009915972,-0.006784208,-0.0055530677,-0.005453068,0.0057860008,0.0062894966,0.008446576,0.008913689,0.011242678,0.012231551,0.012331551,0.012431551,0.01552471,0.015624709,0.016326854,0.016426854,0.016526854,0.016626853,0.016726853,0.016826853,0.019139986,-0.015882567,-0.013370338,-0.011263753,-0.007838157,0.008353462,0.013591468,0.016125996,0.01710948
2022-03-15,-0.00056259177,-0.023186916,-0.015691938,-0.015591938,-0.013312868,-0.011199923,-0.011099923,-0.010999924,-0.010899924,-0.009255033,-0.009155033,-0.009055033,-0.0089550335,-0.008855034,-0.008755034,-0.008342494,-0.006060266,-0.005960266,0.007909109,0.008009109,0.008109109,0.010649432,0.011646848,0.013347475,0.013447475,0.0135474745,0.013945971,0.014613033,0.014713033,0.014813033,0.015156946,0.015231313,0.015910394,0.016010394,0.019074261,-0.014898313,-0.011569349,-0.009792989,-0.007634619,0.009624846,0.013593572,0.014799093,0.01605719
2022-03-16,0.0017391387,-0.021503834,-0.01878383,-0.018346554,-0.018246554,-0.017046968,-0.016165199,-0.015940968,-0.013891579,-0.013791579,-0.0119858,-0.011195127,-0.010056283,-0.0099562835,-0.009428837,-0.006700542,-0.0050927615,-0.0049927616,0.0065746508,0.008128862,0.009925901,0.010710333,0.0135441255,0.014008006,0.014108006,0.014208006,0.014308006,0.014408005,0.014591997,0.014691996,0.015673501,0.015773501,0.015873501,0.0159735,0.019009031,-0.018349279,-0.015627176,-0.012411028,-0.0074820057,0.0098895505,0.014172028,0.014774701,0.016224306
2022-03-17,0.010655366,-0.02199031,-0.018889643,-0.018236587,-0.018136587,-0.017172864,-0.017102847,-0.017002847,-0.011717255,-0.011617255,-0.011517256,-0.011417256,-0.011317256,-0.011217256,-0.010560136,-0.008537547,-0.0077079693,-0.0057948604,0.010908834,0.011492454,0.013048084,0.014246829,0.014409705,0.016247964,0.016307615,0.016407615,0.016507614,0.016607614,0.016707614,0.016807614,0.016907614,0.017007614,0.017107613,0.017207613,0.019025363,-0.01865845,-0.015135358,-0.012574375,-0.008803554,0.013200763,0.016096102,0.016747614,0.017391164
2022-03-18,-0.0055578453,-0.0227571,-0.018117916,-0.018017916,-0.017456928,-0.017356928,-0.016883364,-0.014221992,-0.0141219925,-0.014021993,-0.012624897,-0.010524839,-0.010424839,-0.010182649,-0.010082649,-0.007890198,-0.007234438,-0.005767378,0.0058488147,0.007463775,0.007581219,0.0091899,0.0092899,0.009858695,0.010413323,0.010513322,0.011364464,0.012272493,0.012596728,0.013208374,0.013308374,0.013416031,0.013766851,0.01431583,0.019052606,-0.018514445,-0.015453452,-0.012847548,-0.0082999,0.008099406,0.011028557,0.012641782,0.014660242
2022-03-21,-0.00027836525,-0.02277838,-0.017879214,-0.014876595,-0.012555208,-0.012550096,-0.011606511,-0.008899103,-0.008817715,-0.008714593,-0.008614593,-0.008514593,-0.0069646067,-0.006864607,-0.006764607,-0.006664607,-0.0064312173,-0.004420068,0.004980371,0.0056382893,0.0070325946,0.008179407,0.008279406,0.009259544,0.009523316,0.009623316,0.009704343,0.011287174,0.012963516,0.013063516,0.013163515,0.013205907,0.0145213865,0.014621386,0.019298578,-0.015473882,-0.010582903,-0.008573607,-0.006559019,0.007070796,0.010302591,0.012307988,0.014670581
2022-03-22,-0.0020981517,-0.021409255,-0.015586913,-0.014911651,-0.012875917,-0.011230288,-0.011130288,-0.009994647,-0.009080341,-0.00886596,-0.008309442,-0.0075740297,-0.00747403,-0.00737403,-0.006308603,-0.005929456,-0.003980621,-0.0038806212,0.0063678506,0.007909074,0.009090692,0.010644991,0.010744991,0.010844991,0.0118782045,0.011978204,0.012078204,0.012178204,0.012278204,0.012378204,0.012957442,0.01358448,0.013853809,0.014234922,0.01864065,-0.014446532,-0.010796578,-0.008673626,-0.005534666,0.009178163,0.011624919,0.012553325,0.014359141
2022-03-23,-0.0018502946,-0.022178877,-0.015507297,-0.014970762,-0.012808075,-0.011123923,-0.011074093,-0.010974093,-0.0108740935,-0.010774094,-0.010674094,-0.010574094,-0.010474094,-0.009481147,-0.0070160637,-0.00591761,-0.004032306,-0.0029846753,0.005704373,0.007233527,0.008754486,0.009832919,0.010682874,0.011106707,0.011156834,0.011256834,0.011778319,0.012729499,0.012812839,0.012912839,0.015152741,0.015252741,0.015352741,0.015452741,0.019319788,-0.014538452,-0.011733427,-0.010515504,-0.00610495,0.008536428,0.011737751,0.013117248,0.015618171
2022-03-24,0.00041803456,-0.022495277,-0.015354111,-0.015054926,-0.013025584,-0.011047426,-0.010548109,-0.010448109,-0.0103481095,-0.009331882,-0.009231882,-0.00834355,-0.008243551,-0.008143551,-0.0073435144,-0.0063531105,-0.0056355093,-0.0041407486,0.0064010536,0.0071427524,0.0071901153,0.009245988,0.009345988,0.009445988,0.01100654,0.0111065395,0.011206539,0.011306539,0.011735338,0.011835338,0.012799083,0.014027711,0.014137097,0.014382295,0.018823802,-0.0144941015,-0.011146227,-0.009303041,-0.0063632866,0.00819729,0.010608079,0.01204417,0.014373645
2022-03-25,-0.002139724,-0.022268692,-0.015639845,-0.013994436,-0.012770268,-0.011382746,-0.011175213,-0.0096838,-0.0095838,-0.008010291,-0.007910291,-0.007810291,-0.007710291,-0.0076102912,-0.0068246624,-0.005374043,-0.005248073,-0.0047150427,0.0034380043,0.004463828,0.0051031415,0.0069782115,0.0077159037,0.008662703,0.009230839,0.009330839,0.010031265,0.01122921,0.014099234,0.014199234,0.014293642,0.014393642,0.014493641,0.014593641,0.018783467,-0.0146473525,-0.010489508,-0.008797978,-0.0059944224,0.005842805,0.010227578,0.012810516,0.015252726
2022-03-28,-0.00058518484,-0.021861143,-0.01535553,-0.013882096,-0.0119373705,-0.011494705,-0.010092313,-0.009476614,-0.009232936,-0.00918956,-0.0078837285,-0.0062879995,-0.0061879996,-0.006088,-0.0046787574,-0.0045787576,-0.0044787577,-0.004378758,0.0021554504,0.0036902365,0.0053697284,0.007068012,0.007941203,0.008664041,0.008764041,0.0092686685,0.012140736,0.012240736,0.01384553,0.014432177,0.014532177,0.014632177,0.014732176,0.014832176,0.018727178,-0.014148211,-0.010374704,-0.007896995,-0.004880606,0.005409493,0.010509364,0.013478272,0.015431176
2022-03-29,0.011821462,-0.023331473,-0.015590165,-0.014903804,-0.011990163,-0.011131746,-0.009564519,-0.008199524,-0.008099524,-0.0079995245,-0.0070450744,-0.006934784,-0.006834784,-0.0042975238,-0.004197524,-0.004097524,-0.0040561412,-0.0039561414,0.0031581132,0.004768755,0.005694817,0.007130304,0.008145233,0.009944508,0.010044508,0.0101445075,0.010244507,0.010753054,0.010910487,0.011513535,0.012595616,0.012695616,0.013107531,0.014148788,0.018370612,-0.014321613,-0.009753379,-0.0071682855,-0.0046484233,0.006159299,0.010100167,0.011305823,0.013864833
2022-03-30,0.0050472273,-0.02206321,-0.018061984,-0.014898117,-0.014798117,-0.014698117,-0.014598117,-0.014498117,-0.012797176,-0.012697176,-0.012597176,-0.012250161,-0.012150161,-0.012050161,-0.011961936,-0.01135866,-0.010710958,-0.008716938,0.0022727102,0.0065619824,0.008341115,0.011506035,0.011606035,0.011781112,0.011881112,0.013237773,0.0138766365,0.013976636,0.014076636,0.015535522,0.015926182,0.016026182,0.01637984,0.01647984,0.01862999,-0.01684391,-0.013897741,-0.012838559,-0.01099973,0.008112592,0.013227415,0.014769053,0.016519543
2022-03-31,-0.006299502,-0.021728894,-0.015394136,-0.01480978,-0.013009198,-0.011879094,-0.010822885,-0.009469017,-0.00849225,-0.008318553,-0.006828178,-0.0066375593,-0.0065375594,-0.006270176,-0.0028649955,-0.0027488915,-0.0026488914,-0.0018860617,0.005402035,0.007356847,0.008874179,0.011035495,0.011135495,0.011235495,0.011767691,0.012203648,0.012303648,0.013276105,0.014377843,0.0144778425,0.014577842,0.014677842,0.015319602,0.015419601,0.019217556,-0.014566842,-0.010382498,-0.0077902093,-0.00335728,0.008887249,0.012465717,0.013951008,0.015674137
2022-04-01,-0.004390826,-0.021127498,-0.018129718,-0.014746815,-0.012783812,-0.0125586735,-0.011320754,-0.011220754,-0.009751532,-0.009651532,-0.009551533,-0.009313319,-0.008249253,-0.007970031,-0.0073401104,-0.0063006696,-0.004286036,-0.0036052894,0.0065376298,0.007525454,0.009962828,0.011847967,0.011947967,0.012047967,0.012147967,0.013249414,0.014518112,0.014618112,0.014718112,0.015321399,0.01550193,0.01560193,0.015701931,0.01580193,0.018682357,-0.015184091,-0.011338278,-0.009368621,-0.006169085,0.009604369,0.013436971,0.014975533,0.01618191
2022-04-04,-0.0046694176,-0.021832788,-0.018156007,-0.014756466,-0.012575687,-0.011505043,-0.011083972,-0.0104915155,-0.010391516,-0.009767451,-0.008939101,-0.0088391015,-0.008739102,-0.008710786,-0.0076692034,-0.0049348753,-0.0041956673,-0.0033687311,0.0060765063,0.007844947,0.011768989,0.014820257,0.014920257,0.015020257,0.015120257,0.0152202565,0.015320256,0.015420256,0.01565557,0.01575557,0.01585557,0.01595557,0.016055569,0.016155569,0.01875938,-0.0150307,-0.011298184,-0.009572895,-0.005801516,0.011126191,0.01526732,0.015641445,0.01649633
2022-04-05,-0.0065735746,-0.021726064,-0.015558562,-0.014483549,-0.013044277,-0.011784257,-0.011684258,-0.011584258,-0.010251856,-0.009304806,-0.008027464,-0.0077982326,-0.007698233,-0.007598233,-0.007498233,-0.0059957886,-0.005895789,-0.005795789,0.0062407977,0.0084892195,0.008589219,0.010516259,0.011315642,0.012397371,0.012960395,0.013455049,0.014346621,0.014628251,0.014728251,0.014828251,0.017277252,0.017377252,0.017477252,0.017577251,0.01880626,-0.014759484,-0.011461745,-0.009052009,-0.0065967664,0.009359178,0.013324914,0.015201725,0.017173255
2022-04-06,-0.0009344361,-0.022386651,-0.015609316,-0.015041513,-0.013137816,-0.010943274,-0.010843274,-0.00979313,-0.008633873,-0.008373689,-0.008273689,-0.008158564,-0.008058564,-0.007447035,-0.0071707712,-0.0055235927,-0.0054362863,-0.005182223,0.0052239327,0.0064231516,0.009085629,0.011133733,0.011233733,0.011955505,0.012055505,0.012155505,0.01252275,0.012622749,0.012722749,0.012822749,0.012922749,0.0130042145,0.013104214,0.014268356,0.018890027,-0.014584067,-0.010537095,-0.008651287,-0.0062942877,0.00878439,0.012158048,0.012759042,0.01438162
2022-04-07,-0.0011027495,-0.02319997,-0.015610162,-0.014974018,-0.013057309,-0.011771715,-0.010932842,-0.010025164,-0.009925164,-0.009825164,-0.008588297,-0.008488297,-0.0071380776,-0.0071062213,-0.0063799606,-0.005626582,-0.0051120818,-0.005012082,0.004602623,0.0064993454,0.0068320977,0.008118434,0.008982463,0.010349619,0.011520382,0.011998095,0.012098094,0.014009774,0.014109774,0.014209773,0.014309773,0.014409773,0.014509773,0.014609773,0.019111525,-0.014914399,-0.01113647,-0.00873812,-0.0061238008,0.0075145764,0.011909945,0.013787438,0.015330124
2022-04-08,-0.002280424,-0.023604138,-0.015671993,-0.014942645,-0.013115707,-0.011032293,-0.010932293,-0.010832293,-0.010171779,-0.010107488,-0.009046633,-0.008946633,-0.0059818923,-0.0040045013,-0.003466458,-0.003366458,-0.003266458,-0.0031664579,0.003434105,0.005026265,0.0058265454,0.00748067,0.00758067,0.00768067,0.008997742,0.009097742,0.009197742,0.013516976,0.013616975,0.013716975,0.013816975,0.013916975,0.013963822,0.0159665,0.018856056,-0.014871284,-0.0113973,-0.008027419,-0.004442493,0.0061530652,0.010318605,0.012802497,0.015254696
2022-04-11,0.00018621139,-0.0213349,-0.01554625,-0.014208697,-0.012943479,-0.012843479,-0.01060594,-0.01050594,-0.009450287,-0.009292648,-0.009192648,-0.0090926485,-0.0076647243,-0.0075647244,-0.006825473,-0.0067254733,-0.0066254735,-0.0061549516,0.0027362863,0.0037986422,0.0040189587,0.0053805574,0.0061970693,0.006294905,0.008490904,0.008590904,0.008690904,0.010650766,0.010750766,0.012027925,0.016603665,0.016703665,0.016803665,0.016903665,0.019202555,-0.01465481,-0.010812702,-0.0088956645,-0.007084804,0.00488507,0.008752313,0.011784805,0.016288295
2022-04-12,-0.002117036,-0.021638814,-0.015190375,-0.013990901,-0.012847357,-0.010791658,-0.010689575,-0.008460112,-0.008360112,-0.008260112,-0.0077994145,-0.0076994146,-0.007599415,-0.007499415,-0.006866446,-0.0067664464,-0.0063456586,-0.0062664174,0.002642124,0.0034074087,0.004278028,0.0067182234,0.0068182233,0.008269063,0.008489795,0.00878136,0.008974097,0.009074097,0.011054276,0.011154275,0.011254275,0.011481071,0.012361698,0.014662609,0.018882757,-0.014231557,-0.009952162,-0.008389587,-0.006788877,0.005107116,0.008819403,0.010523689,0.013486998
2022-04-13,0.0017675738,-0.02261094,-0.0154529065,-0.014104321,-0.012766613,-0.012343605,-0.01017042,-0.01015045,-0.01005045,-0.009950451,-0.009615356,-0.009515356,-0.009502992,-0.008885386,-0.008466256,-0.006342517,-0.005383917,-0.0042910664,0.0032476473,0.003867163,0.0052353414,0.006617512,0.0068495204,0.008836726,0.009494777,0.009870972,0.009970002,0.010941812,0.011749749,0.012258895,0.012358895,0.012458894,0.01314311,0.014289185,0.01920054,-0.014668897,-0.010885218,-0.009644921,-0.006799822,0.005692488,0.009751584,0.011612713,0.014113282
2022-04-19,-0.007612639,-0.023569748,-0.0154930735,-0.014656971,-0.012753583,-0.010998245,-0.0108982455,-0.010226158,-0.010126159,-0.0100043295,-0.009294117,-0.008564334,-0.008163704,-0.008063704,-0.007963704,-0.007314546,-0.005097568,-0.0044382224,0.00412051,0.00422051,0.004529707,0.005161323,0.007334201,0.007434201,0.0077137756,0.0088109495,0.008910949,0.009010949,0.010127052,0.010896265,0.012425272,0.012711066,0.013123256,0.015440755,0.019277483,-0.014742578,-0.011182373,-0.009309186,-0.0066756755,0.005149165,0.008697313,0.010413694,0.014150168
2022-04-20,0.006045455,-0.022620708,-0.015714303,-0.015000299,-0.013643176,-0.010973298,-0.010771525,-0.010671525,-0.007987916,-0.007613538,-0.007513538,-0.0073568933,-0.0070559965,-0.006952287,-0.0068522873,-0.005369072,-0.0049316664,-0.0040090447,0.0030498537,0.004012455,0.004410463,0.0050757113,0.00633523,0.0071410374,0.0083223535,0.008422353,0.008522353,0.009218899,0.0113272555,0.0126035,0.014058464,0.014158464,0.014258464,0.014393023,0.019030735,-0.014744602,-0.01040896,-0.008056252,-0.005703793,0.004974167,0.0087442035,0.011186094,0.014848838
2022-04-21,-0.0011868015,-0.02264855,-0.015329596,-0.01399703,-0.012864265,-0.010893066,-0.009768438,-0.007674627,-0.007574627,-0.0070450166,-0.0060345214,-0.0059345216,-0.0058345217,-0.005734522,-0.005634522,-0.0042616385,-0.0036435004,-0.0024977624,0.004547913,0.004647913,0.0055026035,0.0064056395,0.007823084,0.00846497,0.009213658,0.009504433,0.009604433,0.012820102,0.012920102,0.0141696455,0.014269645,0.014369645,0.014469645,0.014569645,0.018763691,-0.014300783,-0.009211948,-0.0069893254,-0.0043943888,0.006063545,0.010556446,0.012796785,0.015228453
2022-04-22,-0.004891093,-0.02208772,-0.01560343,-0.015027886,-0.0135849025,-0.011356578,-0.011256578,-0.011156579,-0.008357714,-0.008257714,-0.008157714,-0.008057714,-0.007957715,-0.0062693483,-0.0049386392,-0.004419424,-0.004161196,-0.0030437538,0.0061223833,0.0066235433,0.0069466736,0.007932577,0.008032577,0.008742824,0.008884116,0.008984116,0.00898483,0.009089142,0.013138543,0.013238543,0.013338543,0.013438542,0.013538542,0.0141283395,0.018850295,-0.014777842,-0.010811294,-0.008399814,-0.0049241455,0.0073018586,0.00961744,0.01159792,0.014598852
2022-04-25,-0.008016923,-0.022808721,-0.015496674,-0.014785859,-0.01321413,-0.010998265,-0.010289896,-0.009870298,-0.008994579,-0.0088945795,-0.00879458,-0.0087094065,-0.008596024,-0.007045711,-0.006945711,-0.005990158,-0.004792396,-0.0034614154,0.006495069,0.007126296,0.007949163,0.009761497,0.010866028,0.010966028,0.011066028,0.011166028,0.011266028,0.011366027,0.011466027,0.01176768,0.01186768,0.012624352,0.014302384,0.0147490455,0.018808402,-0.014561537,-0.010567043,-0.008744158,-0.0059798174,0.00847961,0.011226359,0.012033628,0.013963431
2022-04-26,-0.0041100886,-0.023499131,-0.01574284,-0.015014721,-0.013040977,-0.01110015,-0.01100015,-0.010826536,-0.0099115,-0.008340622,-0.0082406225,-0.008140623,-0.0070861606,-0.0067155315,-0.005233262,-0.0041403975,-0.004028404,-0.004005659,0.00473472,0.00483472,0.0049347198,0.005177065,0.006433587,0.006996226,0.008201414,0.008301414,0.008401413,0.008501413,0.0111146355,0.011214635,0.014108016,0.014208016,0.014308016,0.014408016,0.018468553,-0.014876649,-0.011018706,-0.008590793,-0.005109669,0.0055765277,0.008289455,0.010708023,0.014481448
2022-04-27,-0.010710018,-0.020681208,-0.015201422,-0.015101423,-0.014205776,-0.011637534,-0.010665105,-0.009060684,-0.008960684,-0.0079892855,-0.007889286,-0.007789286,-0.007689286,-0.007589286,-0.006907599,-0.0057925307,-0.004485218,-0.004206738,0.0024925373,0.0028906725,0.005042085,0.0078845965,0.00943636,0.009536359,0.011778508,0.011878508,0.011978508,0.014254443,0.014354443,0.014454443,0.014494396,0.016140364,0.016240364,0.016340364,0.018840246,-0.014478209,-0.010355436,-0.00855873,-0.005836274,0.00601768,0.011912023,0.01425644,0.016053963
2022-04-29,-0.004319189,-0.022347987,-0.015225923,-0.014897109,-0.014797109,-0.013692993,-0.013592993,-0.0117977755,-0.011697776,-0.011597776,-0.01142834,-0.010792336,-0.010692337,-0.010592337,-0.010492337,-0.010231513,-0.0087592965,-0.0060571735,0.0021403409,0.003861941,0.0039619408,0.0056086574,0.006019097,0.007980314,0.00855086,0.010321073,0.010421073,0.011302385,0.011467442,0.013955134,0.015954718,0.016054718,0.016154718,0.017503588,0.018577997,-0.015931401,-0.012716685,-0.011600757,-0.009266531,0.004824748,0.0099156005,0.01266015,0.01640923
2022-05-02,-0.001756777,-0.022429101,-0.018248277,-0.018148277,-0.018048277,-0.017664816,-0.017564816,-0.017464817,-0.014975307,-0.014875307,-0.014715842,-0.014278031,-0.011791019,-0.009453961,-0.008448198,-0.006410631,-0.003975464,-0.0034235732,0.0059641553,0.0063018585,0.006712892,0.008238154,0.008338154,0.0086830715,0.009456852,0.010224501,0.010397059,0.010497059,0.010849484,0.011989688,0.013948217,0.014048217,0.014290519,0.014338181,0.019010952,-0.018791057,-0.016605705,-0.013700189,-0.0073071793,0.0073347823,0.009946494,0.011604762,0.014667051
2022-05-03,0.0009903471,-0.022285253,-0.018095622,-0.017995622,-0.015111184,-0.015097539,-0.014504794,-0.014404794,-0.014304794,-0.014204795,-0.014104795,-0.01359271,-0.011371036,-0.010512633,-0.010033674,-0.009202452,-0.0055371798,-0.0050425236,0.0040364694,0.005314575,0.0060062204,0.00610622,0.0081533175,0.008253317,0.008353317,0.008722415,0.008822415,0.009832001,0.010810626,0.013591654,0.0136916535,0.013791653,0.014318204,0.014345193,0.018878179,-0.017018879,-0.01508296,-0.012959612,-0.008681708,0.0059633604,0.009710541,0.01147498,0.014859666
2022-05-04,0.0008399573,-0.022198198,-0.01807707,-0.01797707,-0.01787707,-0.014758008,-0.014658008,-0.014558008,-0.014261136,-0.012107602,-0.0120076025,-0.011907603,-0.009227589,-0.007318967,-0.005286325,-0.004579691,-0.0019383116,-0.0013371076,0.005045961,0.0057495423,0.005870223,0.0065115103,0.007732888,0.0078328885,0.008326967,0.008426967,0.0098483,0.010570594,0.010670594,0.012631357,0.01279733,0.013795774,0.014556127,0.0146282725,0.019052284,-0.017513672,-0.014712365,-0.01149466,-0.0050098076,0.0063008405,0.009438938,0.011655395,0.014581004
2022-05-05,-0.0032617466,-0.022780852,-0.015631016,-0.014859623,-0.013152717,-0.011202184,-0.010884006,-0.01066705,-0.01056705,-0.01045076,-0.009941473,-0.008715476,-0.008615476,-0.008515476,-0.008415476,-0.0063222395,-0.0049035097,-0.003991352,0.002990342,0.004062131,0.004806479,0.006633263,0.0068775164,0.007566703,0.008594458,0.009346179,0.010240849,0.010340849,0.0114020845,0.011502084,0.0134835,0.0135835,0.014156169,0.014520462,0.019227983,-0.0147301555,-0.011485698,-0.009704696,-0.006469611,0.0054173344,0.009126665,0.011528407,0.014463507
2022-05-06,0.0061298367,-0.021024728,-0.020737985,-0.018933214,-0.018833214,-0.018733215,-0.018633215,-0.018533215,-0.018433215,-0.018333215,-0.018233215,-0.017008426,-0.015123903,-0.0124442,-0.0123442,-0.0122442,-0.01084298,-0.010513816,0.00093673065,0.0011623902,0.003056323,0.003367428,0.005316907,0.006016807,0.0062841233,0.0071317237,0.0073982542,0.008626208,0.009874076,0.012081668,0.012128246,0.013175256,0.01422318,0.014866633,0.019261772,-0.01959247,-0.018573215,-0.01657355,-0.012590724,0.002961399,0.007834663,0.010440677,0.014302714
2022-05-09,-0.0013299983,-0.020915158,-0.01922438,-0.018278655,-0.018178655,-0.018078655,-0.017978655,-0.017881678,-0.017781679,-0.017681679,-0.0170503,-0.014354596,-0.014254596,-0.011733013,-0.010318076,-0.010218076,-0.010117601,-0.009477093,0.00413201,0.005673756,0.0057212478,0.007582265,0.007866118,0.011125633,0.011225632,0.011325632,0.011425632,0.011525632,0.013375586,0.014785089,0.014885088,0.014985088,0.01648204,0.017104106,0.018996982,-0.0188751,-0.017920468,-0.015759649,-0.010897088,0.0068669827,0.01132562,0.013518795,0.01615127
2022-05-10,-0.0024207777,-0.023632621,-0.019281639,-0.01863355,-0.016739836,-0.01661417,-0.01651417,-0.016097749,-0.012474974,-0.012374974,-0.012274974,-0.011496502,-0.009501421,-0.006187426,-0.004870173,-0.0032135851,-0.0015687738,-0.0014687738,0.0049629295,0.005502421,0.006091795,0.0079258,0.0080258,0.0087348,0.00880054,0.009316235,0.009416235,0.0095162345,0.009659817,0.013893964,0.013912934,0.014012934,0.014366399,0.015045256,0.0188477,-0.018556489,-0.015219083,-0.011390593,-0.004523562,0.0066566975,0.009897406,0.01137053,0.015142557
2022-05-11,0.00055770134,-0.021389538,-0.01892423,-0.018407447,-0.01743359,-0.01733359,-0.01723359,-0.016821638,-0.016448878,-0.016348878,-0.016308416,-0.016080642,-0.015868993,-0.014350362,-0.012285472,-0.009361103,-0.0067426204,-0.0066426205,0.0058838497,0.00702056,0.008049741,0.008546408,0.009823031,0.009890063,0.010766358,0.011157023,0.011257023,0.011357022,0.011457022,0.012518944,0.013906265,0.0140062645,0.014721638,0.014980992,0.018838158,-0.018462908,-0.017052086,-0.016042048,-0.010222492,0.008053383,0.010949217,0.012262329,0.014850125
2022-05-12,-0.0155223515,-0.023185136,-0.01818636,-0.01808636,-0.016962329,-0.014719979,-0.014619979,-0.014519979,-0.014419979,-0.01431998,-0.01421998,-0.01411998,-0.01401998,-0.01391998,-0.01381998,-0.009564481,-0.00861794,-0.0085179405,0.006135888,0.007246493,0.008678517,0.01082523,0.011681347,0.012372775,0.012472775,0.012781674,0.012881674,0.01343349,0.01353349,0.014530638,0.014630638,0.015365335,0.015465335,0.015565335,0.018939225,-0.017534757,-0.015193256,-0.01423998,-0.010928065,0.00907178,0.012959985,0.013968925,0.015806234
2022-05-13,0.003497508,-0.023208736,-0.017931761,-0.017831761,-0.017731762,-0.017631762,-0.017531762,-0.017276501,-0.017176501,-0.017076502,-0.01428766,-0.01418766,-0.013679379,-0.009794964,-0.009694965,-0.008467966,-0.007118933,-0.006107213,0.0059261806,0.007363259,0.010115108,0.0102043515,0.011636112,0.011736112,0.011836112,0.011936111,0.012510474,0.013535037,0.01374913,0.015198024,0.018767446,0.018867446,0.018967446,0.019067446,0.019167446,-0.018807156,-0.017378604,-0.014494052,-0.009115348,0.009089002,0.01280828,0.014792022,0.01821356
2022-05-16,0.00079209445,-0.02240716,-0.018421171,-0.014633942,-0.014533943,-0.014433943,-0.013975036,-0.0138750365,-0.013775037,-0.013570152,-0.013470152,-0.013370153,-0.013270153,-0.011680866,-0.010221668,-0.009922568,-0.00833414,-0.008084491,0.0077352156,0.009032415,0.010085884,0.011218367,0.011363082,0.011569328,0.012180536,0.012947347,0.013155375,0.0151596,0.0152596,0.015545281,0.01564528,0.01574528,0.01584528,0.01594528,0.019009946,-0.016754251,-0.01396584,-0.013234248,-0.009986604,0.010050483,0.0133169275,0.014993027,0.016378213
2022-05-17,0.010796107,-0.022543186,-0.018128077,-0.016612824,-0.014320114,-0.010630179,-0.010530179,-0.01043018,-0.01033018,-0.01023018,-0.01013018,-0.01003018,-0.009251306,-0.009151306,-0.007828467,-0.0058826194,-0.0051544635,-0.0044757593,0.0053293216,0.005988427,0.008917433,0.011144326,0.0116931675,0.012474054,0.012945321,0.013045321,0.013493925,0.013976227,0.014910761,0.015010761,0.015125629,0.015225628,0.015325628,0.015425628,0.018792478,-0.015230347,-0.011626708,-0.009878631,-0.006674298,0.008864965,0.013239907,0.014543461,0.015916025
2022-05-18,-0.0039312313,-0.022260763,-0.015570416,-0.014954416,-0.012985046,-0.011653842,-0.011546783,-0.010575218,-0.010492965,-0.009064201,-0.008871901,-0.008771901,-0.008355109,-0.0074183866,-0.0052628457,-0.005213137,-0.004389447,-0.0037021632,0.010203988,0.01218399,0.01403324,0.015452399,0.015552399,0.016170964,0.016270963,0.016370963,0.017519109,0.017619109,0.017719109,0.019543303,0.019643303,0.019743303,0.019843303,0.019943302,0.020043302,-0.01480337,-0.011326717,-0.0093370285,-0.005467898,0.013628917,0.017051348,0.018448787,0.019783303
2022-05-19,0.009061579,-0.02302484,-0.015683247,-0.014042536,-0.013120965,-0.011888351,-0.011521452,-0.011421452,-0.009637963,-0.009422178,-0.00938206,-0.009129997,-0.007887877,-0.0069409953,-0.0058066095,-0.004505514,-0.0031347368,-0.0028017713,0.0061976807,0.00806284,0.0087592965,0.0104878675,0.010715066,0.012060439,0.012276741,0.013842605,0.013957952,0.014057952,0.016020263,0.016120262,0.017359411,0.018312126,0.018412126,0.018512126,0.01854607,-0.015047771,-0.011209117,-0.00907407,-0.0050757257,0.009156885,0.013359265,0.01571371,0.017770002
2022-05-20,-0.0026838162,-0.022968253,-0.018134875,-0.0148707405,-0.014770741,-0.013400213,-0.013300213,-0.010510666,-0.0104106665,-0.010310667,-0.010210667,-0.010110667,-0.009608061,-0.009508061,-0.009194031,-0.0090940315,-0.008231189,-0.008065263,0.0067712795,0.010920559,0.012441406,0.01458779,0.014754899,0.014854899,0.0149548985,0.015054898,0.015241986,0.016198287,0.016298287,0.016398286,0.016498286,0.016598286,0.016698286,0.016798286,0.019173877,-0.01651486,-0.011880591,-0.010607534,-0.008939037,0.0119351875,0.015452254,0.016167026,0.017093403
2022-05-23,0.010434599,-0.022416847,-0.018498138,-0.015016573,-0.013588984,-0.011055675,-0.0109556755,-0.010411708,-0.010311708,-0.009653854,-0.008973075,-0.008873075,-0.008790145,-0.008690145,-0.0057738237,-0.004754916,-0.0033342342,-0.0025704848,0.0073235035,0.010059244,0.012032688,0.014075478,0.015555781,0.015655782,0.015755782,0.015855782,0.015955782,0.016055781,0.016155781,0.016255781,0.01652511,0.01662511,0.01672511,0.01682511,0.01877394,-0.015303063,-0.011269903,-0.00954415,-0.005061307,0.011849339,0.015875781,0.016229646,0.017001012
2022-05-24,0.006902602,-0.02268149,-0.018130764,-0.01481689,-0.01297399,-0.012924687,-0.012824687,-0.008902476,-0.008802476,-0.0087024765,-0.0071726777,-0.00710737,-0.0070073702,-0.0056295367,-0.0037424301,-0.0032561973,-0.0024515414,-0.0022817971,0.007902107,0.009960743,0.0137913665,0.014382566,0.014482566,0.016312048,0.016412048,0.016512047,0.016612047,0.016712047,0.016812047,0.016912047,0.017118786,0.017218785,0.017318785,0.017418785,0.019054854,-0.015907124,-0.0108098015,-0.00828735,-0.0037678673,0.012489766,0.016186152,0.016873395,0.017544651
2022-05-25,-0.008051426,-0.020374708,-0.01803031,-0.014606027,-0.0140496725,-0.011867738,-0.0117677385,-0.011667739,-0.011567739,-0.011303578,-0.0110789975,-0.010978998,-0.010878998,-0.010169555,-0.00992077,-0.009465004,-0.008098592,-0.006092305,0.009185552,0.011553382,0.013505982,0.013605982,0.016569052,0.016669052,0.016769052,0.016869051,0.016969051,0.017069051,0.01716905,0.01726905,0.01736905,0.01746905,0.01756905,0.01766905,0.019344855,-0.0152180325,-0.012182564,-0.011092605,-0.008911135,0.01292399,0.016889052,0.017209051,0.017824212
2022-05-26,0.0064118225,-0.022743156,-0.018152306,-0.0141735505,-0.013373227,-0.011252263,-0.011152263,-0.010706973,-0.010606973,-0.010162195,-0.009091377,-0.008991377,-0.008177456,-0.008176622,-0.006565467,-0.0046302574,-0.004329965,-0.0041897753,0.0065172072,0.008779686,0.0108095,0.013589424,0.013689424,0.013789424,0.014172196,0.014272196,0.014372196,0.014876909,0.014976908,0.015076908,0.016115345,0.016215345,0.016315345,0.016415345,0.01911899,-0.015334643,-0.01136039,-0.009440938,-0.0057413685,0.010773603,0.014340972,0.015123653,0.016588386
2022-05-27,-0.0016633098,-0.022508796,-0.018130658,-0.015060917,-0.014960917,-0.011772148,-0.011439061,-0.011029291,-0.007441167,-0.005986016,-0.005886016,-0.005422073,-0.005322073,-0.0052220733,-0.0030442833,-0.00299392,-0.002222569,-0.002122569,0.0073470157,0.010047583,0.010147583,0.010733913,0.012549929,0.013238574,0.014346848,0.014446848,0.014546848,0.014646848,0.014746848,0.014846847,0.015467668,0.015567668,0.015667668,0.015767667,0.018890342,-0.015762318,-0.01019129,-0.0070620775,-0.0031610827,0.010524589,0.013945809,0.014891012,0.01610804
2022-05-30,0.006810638,-0.022477351,-0.018245993,-0.015021741,-0.01302177,-0.011112636,-0.0110552255,-0.010955226,-0.010855226,-0.010293694,-0.009796253,-0.009696254,-0.0096887015,-0.0076911366,-0.0057552042,-0.002980434,-0.002880434,-0.0018244081,0.0046833693,0.005018405,0.00876196,0.011209259,0.01195562,0.01205562,0.012271951,0.013191615,0.013632677,0.013732676,0.014004845,0.015170921,0.0152709205,0.01537092,0.01547092,0.015538086,0.019331537,-0.015182595,-0.011636223,-0.009817308,-0.004627347,0.008388989,0.013221291,0.014402407,0.016136477
2022-06-01,-0.012713994,-0.022307878,-0.015185717,-0.014424148,-0.012770049,-0.011050065,-0.010215626,-0.008902651,-0.008273731,-0.007358462,-0.0072584623,-0.0064485376,-0.0063485377,-0.006248538,-0.006148538,-0.0060485383,-0.0059485384,-0.005076109,0.0039677056,0.0059855613,0.006085561,0.008592065,0.010760245,0.010860245,0.01099164,0.01109164,0.011652785,0.012030262,0.013171364,0.013291343,0.013391343,0.013491343,0.013591343,0.014153603,0.018947626,-0.014305867,-0.009834924,-0.0076689785,-0.005934052,0.007124507,0.011606747,0.012747419,0.014655052
2022-06-02,0.008195808,-0.020884199,-0.015266902,-0.014911059,-0.012837562,-0.011082408,-0.010674927,-0.010662043,-0.010149256,-0.0100492565,-0.009790696,-0.009690696,-0.007350873,-0.0072508734,-0.0060363268,-0.004851616,-0.004751616,-0.004318744,0.0049105976,0.0052477503,0.007523603,0.009641619,0.012321233,0.012421233,0.012570105,0.013468062,0.013568061,0.013668061,0.01681977,0.01691977,0.01701977,0.017119769,0.017146023,0.017611168,0.018335462,-0.014149199,-0.011289308,-0.009043326,-0.0059297998,0.0079787355,0.013759671,0.015624337,0.017401189
2022-06-03,-0.0019633041,-0.020943815,-0.01589259,-0.014086849,-0.012615949,-0.012131558,-0.01062142,-0.010474392,-0.010374392,-0.010274393,-0.008982094,-0.008882094,-0.008782094,-0.008316338,-0.006202473,-0.0054561556,-0.0050483933,-0.004281497,0.0044828407,0.004718552,0.0071925377,0.0093703605,0.01022936,0.01117413,0.01185201,0.01195201,0.01205201,0.013334019,0.013534196,0.013634196,0.013734195,0.013838607,0.013866764,0.015014506,0.019038232,-0.0144410655,-0.011166289,-0.009415268,-0.0059741223,0.00752326,0.012064743,0.013284236,0.015051948
2022-06-06,-0.0012938757,-0.023052566,-0.01577576,-0.015042905,-0.013558185,-0.011107527,-0.011007527,-0.010907527,-0.010807527,-0.010707527,-0.010607528,-0.010507528,-0.009079283,-0.008457661,-0.008408883,-0.0072134496,-0.0068504917,-0.006326516,0.004236897,0.0048005474,0.0068382816,0.008200939,0.008308142,0.008969858,0.00904411,0.009747028,0.009847028,0.009858318,0.0119891465,0.012089146,0.012189146,0.012974889,0.013074889,0.014417245,0.019174231,-0.014900314,-0.011694602,-0.009991905,-0.007861374,0.0066241557,0.009794499,0.011371707,0.014168931
2022-06-07,-4.674164e-05,-0.022931749,-0.014742152,-0.013417329,-0.011560619,-0.011274744,-0.011174744,-0.010188039,-0.009533979,-0.009101018,-0.0090010185,-0.008901019,-0.008801019,-0.008701019,-0.008601019,-0.00839482,-0.00684223,-0.0058506653,0.005663565,0.0060807588,0.0063895923,0.010369194,0.010469194,0.010957137,0.011898594,0.012583023,0.012683023,0.012783023,0.016416939,0.016516939,0.016616939,0.016716938,0.016816938,0.016916938,0.018461827,-0.0143368,-0.0106830215,-0.009442356,-0.0077179507,0.008080341,0.012661862,0.015043372,0.017045915
2022-06-08,0.004170093,-0.021215864,-0.014752799,-0.01317932,-0.011128561,-0.011028561,-0.0093553085,-0.009255309,-0.009155309,-0.00825807,-0.00815807,-0.00805807,-0.00795807,-0.007858071,-0.0061556497,-0.0045189927,-0.0039453027,-0.0038453026,0.0023580298,0.0028961361,0.0029808253,0.0044391956,0.0061844205,0.007180307,0.008325942,0.009291366,0.009391366,0.009666732,0.009766731,0.010036802,0.01127145,0.013002732,0.013081392,0.014270259,0.019160261,-0.013496217,-0.0098406635,-0.008496965,-0.0053046634,0.0042000255,0.008471926,0.010388605,0.0135483015
2022-06-10,-0.02082218,-0.021849742,-0.015670342,-0.014684838,-0.012669235,-0.012348442,-0.011112703,-0.010201295,-0.007540849,-0.0056701796,-0.004394626,-0.004294626,-0.004194626,-0.0040946263,-0.0039946265,-0.0038946264,-0.0037084168,-0.0036589978,0.003025762,0.0040876027,0.0041876025,0.0042876024,0.005716565,0.005816565,0.0059165647,0.0060165646,0.0076649208,0.008085125,0.012203798,0.0123037975,0.012403797,0.012617715,0.013151247,0.014241563,0.019076742,-0.014730093,-0.009841973,-0.0062674866,-0.003910259,0.004301027,0.0075877234,0.010681777,0.014128722
2022-06-13,-0.00816522,-0.022153655,-0.015636897,-0.015536897,-0.015436897,-0.0151258875,-0.013342697,-0.013242697,-0.0131426975,-0.013042698,-0.012942698,-0.012842698,-0.012742698,-0.010252068,-0.010152068,-0.009563074,-0.008378962,-0.0075293113,0.0032388163,0.0040016277,0.004923294,0.0073685255,0.008278813,0.008378813,0.008478813,0.008578813,0.0086788125,0.008778812,0.012420819,0.012520819,0.014939506,0.016403541,0.01650354,0.018359948,0.0190349,-0.016339207,-0.013661536,-0.012484572,-0.009693223,0.0056022154,0.009307215,0.011780562,0.016251743
2022-06-14,-0.001690512,-0.021481289,-0.01556281,-0.014934783,-0.013051552,-0.012951552,-0.011653295,-0.011553295,-0.010426742,-0.009602784,-0.009502784,-0.0094027845,-0.008657619,-0.008194788,-0.006123998,-0.0056876256,-0.0044320985,-0.0043320986,0.00340242,0.004063601,0.0042060753,0.005091356,0.005191356,0.006835218,0.007424814,0.007524814,0.007990944,0.0098659005,0.01103102,0.01113102,0.0117812725,0.012798641,0.014013495,0.0149658965,0.019148916,-0.0149401,-0.011634179,-0.009687046,-0.0059957216,0.0048376536,0.008109662,0.010806477,0.013965149
2022-06-15,-0.002963485,-0.022576012,-0.01571187,-0.01561187,-0.015265729,-0.012896651,-0.012796652,-0.012696652,-0.012596652,-0.012496652,-0.012396652,-0.012245731,-0.012145732,-0.011890135,-0.011059731,-0.011030467,-0.009118724,-0.00785388,0.0038738467,0.005202361,0.007501606,0.0076016057,0.0077016056,0.008353429,0.008453429,0.009282367,0.009537294,0.009589117,0.01201568,0.01211568,0.013612924,0.0147243515,0.014824351,0.01559807,0.018658327,-0.015849382,-0.013239695,-0.012365164,-0.010261707,0.00652657,0.0094084395,0.011616426,0.014941871
2022-06-16,0.013674348,-0.022923192,-0.01819812,-0.01809812,-0.01799812,-0.01789812,-0.016591324,-0.016275015,-0.015541682,-0.015441682,-0.0139559815,-0.011750611,-0.011650611,-0.008926336,-0.0079020085,-0.0078020087,-0.0077048996,-0.0055909823,0.00670446,0.007171397,0.008004314,0.010104444,0.010204444,0.010304444,0.010404443,0.010504443,0.010604443,0.010704443,0.012882017,0.014807832,0.014907832,0.015007832,0.015107832,0.01619134,0.018338097,-0.018721776,-0.016389564,-0.0133331865,-0.008150103,0.008477812,0.011305122,0.012821312,0.015850587
2022-06-17,-0.0052897707,-0.02232613,-0.01890718,-0.01880718,-0.01870718,-0.01860718,-0.01850718,-0.0183527,-0.01821429,-0.01811429,-0.016739482,-0.016507773,-0.014046925,-0.013773581,-0.013673581,-0.013573581,-0.012534054,-0.010953653,0.004575362,0.011198833,0.0112988325,0.01185335,0.0140518565,0.014873094,0.014973094,0.015073094,0.016905956,0.017005956,0.017105956,0.017205955,0.017305955,0.01755453,0.01765453,0.01775453,0.018909723,-0.019410972,-0.018399129,-0.016256291,-0.013448529,0.010779894,0.015641991,0.01717567,0.01774614
2022-06-20,0.0061275647,-0.023495192,-0.018824033,-0.018054213,-0.015345616,-0.015245616,-0.015145617,-0.015045617,-0.014945617,-0.014845617,-0.014745617,-0.014645617,-0.014545618,-0.014445618,-0.014345618,-0.014245618,-0.013068966,-0.013001819,0.0072474675,0.0073474674,0.008647972,0.010613685,0.01066544,0.01095832,0.012800472,0.012900472,0.0130004715,0.014395237,0.014495237,0.014637637,0.014737637,0.015766164,0.015866164,0.015941503,0.01919353,-0.017611215,-0.015607337,-0.014765617,-0.013861528,0.009331413,0.012711421,0.014478949,0.016055293
2022-06-21,0.00096982525,-0.023568656,-0.018944198,-0.018359633,-0.015624693,-0.014213258,-0.0122822905,-0.012182291,-0.010608776,-0.010508776,-0.010408776,-0.010308776,-0.010208776,-0.00848043,-0.00838043,-0.00828043,-0.007363897,-0.007229123,0.006645112,0.008532724,0.008632724,0.010517711,0.010617711,0.0107177105,0.013202388,0.013302388,0.0134023875,0.013502387,0.013602387,0.013702387,0.014678862,0.014778862,0.014959311,0.016015321,0.018842485,-0.01692662,-0.012788353,-0.01039781,-0.008312532,0.009506132,0.012368517,0.013833771,0.015603584
2022-06-22,0.0030290862,-0.022989297,-0.019041846,-0.018539358,-0.01813852,-0.015933448,-0.015833449,-0.015733449,-0.015633449,-0.012565661,-0.012465661,-0.012365662,-0.012265662,-0.01175943,-0.01165943,-0.010009241,-0.0095741525,-0.007614703,0.006435658,0.0076119127,0.008835572,0.01323944,0.013339439,0.014014492,0.014114492,0.014217443,0.014317443,0.0144174425,0.014517442,0.015027813,0.0151278125,0.015205489,0.015305488,0.015405488,0.019295596,-0.018387312,-0.015661072,-0.013591531,-0.010244638,0.010047415,0.014203327,0.014717126,0.01601244
2022-06-23,-0.0074042967,-0.023072287,-0.018922279,-0.018511431,-0.017739281,-0.01751241,-0.017412411,-0.013928655,-0.013378069,-0.013376305,-0.011078432,-0.010978432,-0.010699724,-0.0077867163,-0.0058718305,-0.0053427406,-0.0042316234,-0.0041316235,0.008158403,0.008258403,0.008358403,0.008655895,0.01064058,0.01074058,0.0122417305,0.01234173,0.01244173,0.013674245,0.013774245,0.013874245,0.013974245,0.014074245,0.014734253,0.015454432,0.01925816,-0.018931733,-0.015321374,-0.01207107,-0.0061112503,0.009134566,0.012254276,0.013699743,0.015327066
2022-06-24,0.0034267362,-0.02188653,-0.015406711,-0.0147284875,-0.014628488,-0.014528488,-0.011439926,-0.011339926,-0.011239926,-0.009575234,-0.009475234,-0.009375234,-0.009189959,-0.006487677,-0.005931412,-0.0054249763,-0.0032937035,-0.0031937035,0.007351436,0.007691547,0.008454057,0.011578239,0.0119787855,0.012078785,0.012740339,0.012840339,0.013316932,0.014086893,0.015848521,0.016473763,0.017046662,0.017146662,0.017246662,0.017543375,0.019059211,-0.015578029,-0.0116647,-0.009566545,-0.0054438054,0.009563124,0.0134917125,0.015394554,0.017453935
2022-06-27,0.005873166,-0.023283403,-0.01819608,-0.014553056,-0.013487195,-0.011749991,-0.011649991,-0.010659231,-0.01024256,-0.0097193,-0.008041359,-0.006806037,-0.005716757,-0.005616757,-0.003764785,-0.0027194293,-0.0026194293,-0.0021936635,0.006979501,0.0070795007,0.008952024,0.009143132,0.011026147,0.011770662,0.011835688,0.012923369,0.013125227,0.013289819,0.0149065545,0.015006554,0.015106554,0.015206554,0.015306554,0.016005738,0.018809842,-0.015673332,-0.011364827,-0.008253485,-0.0036206688,0.008797969,0.0128033105,0.014326942,0.016027048
2022-06-28,-0.006245688,-0.021792881,-0.015447321,-0.014332625,-0.012873222,-0.012336336,-0.01225073,-0.0075999456,-0.007561227,-0.007461227,-0.006594502,-0.006494502,-0.0063945022,-0.0062945024,-0.005491441,-0.004913545,-0.0047574276,-0.004527363,0.0050070263,0.0061449814,0.00738578,0.009105371,0.009875763,0.010487864,0.010587864,0.010687863,0.011125453,0.011380042,0.011554458,0.011654458,0.013673823,0.013773823,0.013873823,0.01609726,0.018760558,-0.014940098,-0.009841151,-0.007819093,-0.0052368557,0.0076462044,0.010817198,0.011917647,0.014791986
2022-06-29,-0.005461367,-0.021998767,-0.015580193,-0.014425371,-0.014325371,-0.013111444,-0.012753081,-0.010878518,-0.008741998,-0.008393267,-0.008293267,-0.0081932675,-0.008093268,-0.007707462,-0.0066944347,-0.0053759,-0.0052759,-0.00514394,0.004935273,0.005035273,0.008108472,0.011106554,0.012430282,0.012836361,0.015131743,0.0152317425,0.015331742,0.015431742,0.016515557,0.016539719,0.018352581,0.018452581,0.01855258,0.01865258,0.019020239,-0.015553771,-0.011038447,-0.009117815,-0.0061366884,0.008863463,0.014493969,0.016474267,0.01820354
2022-06-30,-0.0007686487,-0.022402164,-0.015604569,-0.01502738,-0.013324482,-0.011442387,-0.011342387,-0.011242387,-0.010499269,-0.009598,-0.009498,-0.009398,-0.009000997,-0.008086424,-0.0062801247,-0.004651787,-0.0045517874,-0.004365285,0.0048550963,0.005190327,0.008627485,0.00969616,0.010143006,0.01154047,0.01186276,0.012458581,0.013425606,0.015519648,0.015619648,0.015719648,0.015819648,0.015919648,0.016019648,0.016119648,0.018820727,-0.014823198,-0.011541885,-0.009685416,-0.005849397,0.008046366,0.013076271,0.01526084,0.016479863
2022-07-01,-0.00589667,-0.023183933,-0.015813854,-0.015157826,-0.015115748,-0.013229665,-0.011890523,-0.009937872,-0.009837872,-0.0097378725,-0.009216193,-0.009116193,-0.008388227,-0.006303089,-0.005853156,-0.0057531563,-0.005055381,-0.00397709,0.0031598096,0.004181517,0.006496958,0.008912602,0.009012602,0.009112602,0.009268919,0.00990016,0.01000016,0.01010016,0.010421637,0.010521637,0.011677115,0.012208717,0.013531203,0.014484044,0.019031087,-0.015846744,-0.0113123935,-0.009127181,-0.0059509953,0.006403961,0.009729432,0.01091496,0.01358452
2022-07-04,0.0019414523,-0.022475453,-0.01547909,-0.01478468,-0.01468468,-0.01458468,-0.01448468,-0.014283991,-0.013160011,-0.011719934,-0.011567737,-0.010312621,-0.01010969,-0.01000969,-0.008621574,-0.008226019,-0.0066813338,-0.006581334,0.003300735,0.0046923836,0.0053051263,0.0081712315,0.009079188,0.009179188,0.010953115,0.011576784,0.0126156565,0.012715656,0.01441529,0.014964277,0.016341282,0.016416233,0.016516233,0.016616233,0.019085793,-0.016341716,-0.01368666,-0.011866363,-0.008084577,0.0064845188,0.011503018,0.014245423,0.016684765
2022-07-05,-0.016795618,-0.022189653,-0.015609429,-0.014931068,-0.012668405,-0.010755199,-0.010655199,-0.010326941,-0.010226941,-0.010051646,-0.009951646,-0.009851647,-0.009751647,-0.008600398,-0.008124797,-0.008024797,-0.0065210047,-0.0058970656,0.0038569232,0.0048840996,0.0053542014,0.0073463414,0.008167628,0.008598836,0.009038689,0.009138688,0.0102256285,0.010541352,0.010641352,0.010741352,0.012539969,0.012639969,0.013354241,0.014381771,0.018774334,-0.014375577,-0.011238359,-0.009837166,-0.007683862,0.006096051,0.009437571,0.011100786,0.013815479
2022-07-06,-0.008186413,-0.023532225,-0.015715418,-0.0151010575,-0.01471029,-0.01431664,-0.01421664,-0.011830397,-0.011730397,-0.011630397,-0.011530397,-0.011430398,-0.011330398,-0.011230398,-0.010918569,-0.009068723,-0.007824502,-0.00668692,0.005668886,0.005768886,0.010217079,0.011645661,0.011745661,0.011852686,0.013237989,0.013549346,0.014036773,0.014136773,0.015607843,0.015707843,0.015807843,0.015907843,0.016007842,0.017334409,0.01885212,-0.016498243,-0.012901778,-0.012007646,-0.009185823,0.0093077,0.013398463,0.015099416,0.016722012
2022-07-07,-0.0011707587,-0.022936061,-0.015527965,-0.014883536,-0.014067169,-0.014031113,-0.013136528,-0.010675957,-0.010510548,-0.008176313,-0.008076313,-0.007976313,-0.0058957157,-0.005795716,-0.0056056576,-0.0043350747,-0.0038410742,-0.0011204366,0.006757412,0.007794031,0.009955577,0.011580582,0.01204459,0.01257075,0.013491678,0.013591678,0.013691678,0.013879721,0.015778903,0.015878903,0.017325938,0.017425938,0.017525937,0.017625937,0.018575486,-0.015939767,-0.011476577,-0.008682964,-0.004575711,0.009915857,0.013593128,0.015351027,0.01736644
2022-07-08,0.0019668783,-0.02124194,-0.015492217,-0.014902766,-0.014802766,-0.014702766,-0.014602766,-0.012178165,-0.010617194,-0.009964901,-0.008296829,-0.008196829,-0.008096829,-0.007996829,-0.005831835,-0.0049104923,-0.004623093,-0.0045230933,0.006391054,0.0076007005,0.009466319,0.011397712,0.011497712,0.011597712,0.0125146145,0.013184649,0.013284649,0.014826384,0.014926384,0.015753224,0.015853224,0.015953224,0.016053224,0.016115496,0.018984739,-0.01616849,-0.012453158,-0.009922089,-0.005617068,0.00947408,0.013371935,0.014968773,0.016531983
2022-07-11,-0.009169079,-0.021513132,-0.018779434,-0.018299712,-0.018199712,-0.018099712,-0.017999712,-0.0154158715,-0.015315872,-0.015215872,-0.013474274,-0.013374275,-0.0132085895,-0.011489471,-0.010425663,-0.009345365,-0.007572077,-0.0074720774,0.0026410483,0.006126991,0.010116478,0.010977054,0.011112558,0.011212558,0.011659127,0.01279763,0.013063381,0.013163381,0.013263381,0.01659941,0.01669941,0.016799409,0.016899409,0.016999409,0.019077424,-0.018918341,-0.016449409,-0.014297584,-0.009637892,0.00830414,0.0129771065,0.014597793,0.01723501
2022-07-12,-0.0016795615,-0.021741815,-0.018662818,-0.018147102,-0.015480325,-0.015438934,-0.014656331,-0.014556332,-0.014456332,-0.0131217325,-0.013021733,-0.012039617,-0.009829683,-0.007886251,-0.0064867763,-0.0057788873,-0.0056788875,-0.0044278502,0.004384918,0.00628961,0.0079633435,0.010614288,0.012004101,0.013030056,0.013130056,0.013230056,0.013330055,0.013430055,0.013732798,0.016049756,0.016949339,0.017049339,0.017149338,0.017249338,0.018660836,-0.017196044,-0.014987566,-0.011970066,-0.006882404,0.008476444,0.013548804,0.0147384005,0.017191721
2022-07-13,0.000935643,-0.022144375,-0.01883646,-0.01873646,-0.018485058,-0.018385058,-0.015976252,-0.014067537,-0.011151111,-0.009119947,-0.007197158,-0.006996532,-0.005494394,-0.0054529635,-0.0043835165,-0.0029343818,-0.0028343818,-0.0027343817,0.006554632,0.007508704,0.0090055615,0.012204193,0.013185897,0.01326763,0.013624328,0.013972741,0.01407274,0.01417274,0.01427274,0.0143942665,0.014494266,0.014594266,0.014694266,0.017059587,0.018618476,-0.01876544,-0.013810262,-0.009054376,-0.0039766384,0.009779484,0.013798656,0.014321351,0.015832173
2022-07-14,-0.0050359773,-0.022733018,-0.018872272,-0.01835086,-0.01825086,-0.01815086,-0.017184079,-0.0153383855,-0.015238386,-0.015138386,-0.014841512,-0.014741512,-0.014641512,-0.014541512,-0.0144415125,-0.013984523,-0.01326051,-0.012214646,0.0024420815,0.004217473,0.0074783047,0.009705608,0.010713198,0.010813198,0.010913198,0.011013198,0.011506814,0.012589418,0.01526805,0.015615577,0.016312383,0.016412383,0.016512383,0.018409234,0.01885281,-0.019038219,-0.016250018,-0.015289399,-0.013728541,0.006951333,0.012148919,0.014298448,0.017120477
2022-07-15,0.006230937,-0.022595344,-0.018730475,-0.018154994,-0.018054994,-0.016113259,-0.015380011,-0.012620413,-0.009022498,-0.008922498,-0.008822498,-0.008722498,-0.008622498,-0.008522498,-0.008422499,-0.008322499,-0.007808147,-0.0069296598,0.010440832,0.010802866,0.010902866,0.011002866,0.011165239,0.013081618,0.0131816175,0.013436343,0.013536342,0.013674545,0.013774545,0.014363695,0.014463695,0.015479423,0.015579423,0.016379736,0.018756764,-0.018174816,-0.012820083,-0.010074,-0.0080410605,0.011266209,0.013144287,0.01418571,0.015888663
2022-07-18,0.0069381795,-0.022513043,-0.018688472,-0.01658575,-0.01648575,-0.016479997,-0.014575376,-0.012348006,-0.012248006,-0.010650948,-0.010550948,-0.009548461,-0.009448461,-0.009348461,-0.009248462,-0.008451471,-0.008351471,-0.008251471,0.0063403854,0.0064403852,0.0072495495,0.009511644,0.01108253,0.012891567,0.012991567,0.014099248,0.014199248,0.014299247,0.014399247,0.014499247,0.014599247,0.014699247,0.014799247,0.014949841,0.018815866,-0.01774853,-0.013281618,-0.011234251,-0.0087702675,0.008506706,0.013374368,0.014439248,0.01551269
2022-07-19,0.007696456,-0.021588521,-0.018645626,-0.01811426,-0.013317058,-0.0116795255,-0.011579526,-0.011479526,-0.011379526,-0.009963832,-0.009863832,-0.009763832,-0.009663832,-0.009563833,-0.008792636,-0.0076006963,-0.0064855013,-0.004854093,0.01006968,0.010832194,0.012653285,0.014687059,0.016227126,0.016327126,0.016360192,0.016460191,0.016560191,0.016660191,0.016760191,0.01686019,0.01696019,0.01706019,0.01716019,0.01726019,0.018402528,-0.015362051,-0.012503333,-0.01041011,-0.007499352,0.012920482,0.016506964,0.016800191,0.017308658
2022-07-20,-0.0023418814,-0.022012658,-0.018542223,-0.018130342,-0.018018333,-0.01704296,-0.016449858,-0.015128933,-0.015028933,-0.014928933,-0.014828933,-0.014661473,-0.014561473,-0.014461474,-0.014361474,-0.014261474,-0.01233013,-0.011042266,0.009810836,0.011683916,0.012328834,0.013609817,0.013786907,0.013886907,0.013986907,0.014086907,0.014287313,0.014387313,0.016010793,0.016110793,0.016249962,0.01671116,0.01681116,0.01691116,0.018396128,-0.018413207,-0.0159334,-0.015066135,-0.013331364,0.012284063,0.014451766,0.015521474,0.016875839
2022-07-21,-0.0014352159,-0.023036947,-0.017946862,-0.017846862,-0.017746862,-0.017646862,-0.015630262,-0.013512294,-0.01178121,-0.01120893,-0.01110893,-0.0088502765,-0.006175213,-0.005036252,-0.0049362523,-0.0048362524,-0.004177589,-0.0016776165,0.009497592,0.009597592,0.011182498,0.01119516,0.011379678,0.011479678,0.012918749,0.013018749,0.013118749,0.013692148,0.014997883,0.01726503,0.018597847,0.018697847,0.018797847,0.018897846,0.018918537,-0.01840156,-0.013995911,-0.009946373,-0.004895597,0.010878319,0.013367057,0.01557433,0.01847542
2022-07-22,0.0025995085,-0.02170782,-0.018606242,-0.018079806,-0.017979806,-0.017879806,-0.017779807,-0.016144602,-0.013521114,-0.012463884,-0.012363885,-0.012263885,-0.012163885,-0.012063885,-0.011963885,-0.011863885,-0.011763886,-0.011315819,0.0035328765,0.0047318325,0.00719071,0.0105242245,0.010624224,0.010724224,0.011445089,0.01273786,0.01283786,0.01293786,0.013037859,0.014287573,0.0151730655,0.015357111,0.015432883,0.015532883,0.01858891,-0.018790696,-0.015597841,-0.013578515,-0.011834271,0.0074849464,0.012262348,0.013706806,0.015787909
2022-07-25,-0.0016269614,-0.02243287,-0.015511731,-0.015411731,-0.015311731,-0.015211731,-0.014518529,-0.012670003,-0.012570003,-0.012470003,-0.012370003,-0.012270004,-0.012170004,-0.012070004,-0.011970004,-0.011870004,-0.011407467,-0.011307467,0.008913108,0.009013108,0.011318211,0.012881989,0.014455551,0.014555551,0.014655551,0.014755551,0.014855551,0.01495555,0.01505555,0.015084629,0.017728943,0.017828943,0.017928943,0.018028943,0.019091938,-0.01659732,-0.013528055,-0.012739709,-0.01176499,0.011356394,0.014761368,0.015576044,0.01755268
2022-07-26,-0.009301089,-0.02227425,-0.018284021,-0.018184021,-0.018084021,-0.016816339,-0.014998786,-0.014898786,-0.0147987865,-0.012261637,-0.012161637,-0.012061637,-0.011961637,-0.011861637,-0.01131614,-0.010327552,-0.010227553,-0.008588916,0.0069797374,0.008535868,0.009404477,0.0105807455,0.010680745,0.010859333,0.010918831,0.012323754,0.012423754,0.012523754,0.012939997,0.014436367,0.0149614215,0.015061421,0.015161421,0.015261421,0.018686362,-0.018091483,-0.015028404,-0.013156498,-0.010504359,0.009283932,0.012164792,0.013497059,0.015681397
2022-07-27,-0.001018748,-0.02222542,-0.018912956,-0.018812956,-0.018712956,-0.014485681,-0.013095264,-0.0129952645,-0.012057257,-0.011510246,-0.011410247,-0.010628347,-0.010528347,-0.009719883,-0.009619883,-0.009519883,-0.008621376,-0.0072683613,0.007442791,0.0077394764,0.008033352,0.010569993,0.012498482,0.013508349,0.013608349,0.013708348,0.013808348,0.013908348,0.014102226,0.015041523,0.016906675,0.017006675,0.017106675,0.017206674,0.019016424,-0.017486457,-0.013694197,-0.0113622,-0.00913157,0.009478792,0.01373301,0.014793424,0.017035594
2022-07-28,0.005732993,-0.022261735,-0.018832011,-0.017931754,-0.015978714,-0.015878715,-0.013391262,-0.013291262,-0.012289974,-0.012189974,-0.012089974,-0.011989974,-0.011144888,-0.008939276,-0.006278283,-0.0050692963,-0.0049692965,-0.0048692967,0.0077985874,0.0095059415,0.009605941,0.009705941,0.010219164,0.010898908,0.011249012,0.011349012,0.01187606,0.01397387,0.01407387,0.01417387,0.015013197,0.015113197,0.015213197,0.016004115,0.019143047,-0.017268488,-0.013818845,-0.011571075,-0.006635229,0.009573085,0.0121229645,0.013862173,0.015889484
2022-07-29,0.003744187,-0.022118714,-0.018729629,-0.01819137,-0.01809137,-0.01799137,-0.016373053,-0.016273053,-0.016139477,-0.016039478,-0.015722185,-0.015622186,-0.015522186,-0.014153985,-0.0140539855,-0.013953986,-0.013853986,-0.013552382,0.0046179565,0.009050243,0.009687696,0.011907623,0.012007623,0.01280687,0.013856621,0.013956621,0.014056621,0.014156621,0.014511791,0.016957756,0.017651994,0.017751994,0.017851993,0.018028602,0.019353554,-0.018660828,-0.016603285,-0.015582177,-0.014207305,0.009824027,0.013977098,0.015506956,0.01794878
2022-08-01,0.006519391,-0.02154019,-0.018823879,-0.018237455,-0.016766306,-0.016714478,-0.016614478,-0.012402107,-0.012302107,-0.011619438,-0.010923216,-0.010450015,-0.01003475,-0.00993475,-0.009834751,-0.009734751,-0.009634751,-0.009534751,0.0067631975,0.0072324607,0.008394175,0.009919295,0.010804603,0.0108515285,0.011981452,0.012081452,0.012181452,0.012281451,0.01385685,0.015290044,0.01620593,0.016305929,0.016405929,0.016505929,0.019139703,-0.018091867,-0.014235117,-0.011961861,-0.009837803,0.008858116,0.012261816,0.0140031455,0.016689505
2022-08-02,-0.00705622,-0.02243876,-0.019973285,-0.018913247,-0.018813247,-0.016624697,-0.016524697,-0.011596865,-0.010809249,-0.010709249,-0.01060925,-0.01050925,-0.01040925,-0.01030925,-0.01020925,-0.009491926,-0.00939557,-0.009191945,0.008668339,0.008768339,0.008868339,0.01062977,0.010986879,0.012608307,0.012708307,0.013684491,0.0137844905,0.01388449,0.014163099,0.014263099,0.014900639,0.015000639,0.015360423,0.01672422,0.01852135,-0.018874938,-0.013710661,-0.01173234,-0.009759588,0.009928619,0.013085453,0.014291121,0.01588199
2022-08-03,-0.0050415955,-0.022125255,-0.018828446,-0.018181471,-0.018081471,-0.01617219,-0.013510589,-0.012312999,-0.012137559,-0.011877717,-0.011777718,-0.011142621,-0.011042621,-0.010562627,-0.009672273,-0.009162306,-0.009062306,-0.008416078,0.006688114,0.008133003,0.009584027,0.012479679,0.013608152,0.013832643,0.014040287,0.0141402865,0.014240286,0.015279017,0.015463109,0.016759383,0.018500341,0.018600341,0.01870034,0.01880034,0.01890034,-0.017743591,-0.013604067,-0.011806223,-0.009491118,0.010185022,0.014723895,0.016088428,0.018312149
2022-08-04,0.0075932485,-0.022302423,-0.015469718,-0.015369718,-0.015269718,-0.015169718,-0.0151044885,-0.011847213,-0.011747213,-0.011296575,-0.011196575,-0.0096902335,-0.009590234,-0.009490234,-0.009390234,-0.009290234,-0.009190234,-0.008574455,0.007420853,0.008090906,0.010290339,0.011280838,0.011313001,0.013045695,0.013314292,0.014082588,0.014579004,0.0146790035,0.014779003,0.01550061,0.01560061,0.01570061,0.01580061,0.016524406,0.018488161,-0.016663212,-0.013073042,-0.0114257485,-0.009227078,0.010079445,0.01372418,0.015067646,0.01636288
2022-08-05,-0.005176207,-0.022329384,-0.0189204,-0.018313048,-0.018213049,-0.014599099,-0.014499099,-0.011737214,-0.011637215,-0.011537215,-0.011437215,-0.011337215,-0.009120116,-0.008794591,-0.00495164,-0.00485164,-0.003636081,-0.0035821015,0.007506408,0.0076064076,0.008481422,0.008795436,0.010744383,0.010844382,0.010891759,0.012024085,0.012124085,0.012224085,0.012570526,0.013811551,0.014714531,0.0148145305,0.01491453,0.015679417,0.018620102,-0.017712206,-0.013544758,-0.011097647,-0.0056717354,0.008656287,0.011929697,0.013128956,0.015528026
2022-08-08,0.0036391383,-0.022633672,-0.018736681,-0.018132012,-0.017491817,-0.014283954,-0.0138769625,-0.013776963,-0.013111939,-0.0126068005,-0.011642836,-0.011542836,-0.011469289,-0.009248906,-0.0077298377,-0.007530467,-0.0069823894,-0.005873238,0.005140514,0.005225075,0.007980135,0.008863732,0.010214095,0.010314095,0.010414095,0.010442239,0.010542239,0.010608121,0.013157473,0.014108537,0.014208537,0.017416002,0.018878007,0.018978007,0.01899803,-0.017404618,-0.014300937,-0.011869987,-0.007931754,0.00752471,0.011137417,0.013458875,0.016741822
2022-08-09,0.0018549566,-0.022989333,-0.015638856,-0.0150789935,-0.013319929,-0.011385007,-0.0096240705,-0.0071459734,-0.007133576,-0.006682221,-0.006582221,-0.006482221,-0.0063822214,-0.0062822215,-0.005667344,-0.0055673444,-0.0054673445,-0.0053673447,0.0052871695,0.006079322,0.0070026717,0.008590829,0.009505797,0.009605797,0.009670981,0.010606171,0.01070617,0.011166245,0.0119332345,0.012772481,0.0130722,0.0131722,0.014192223,0.015947932,0.01904703,-0.014591439,-0.009132966,-0.0072008623,-0.0057103196,0.0073261946,0.0107312985,0.012154071,0.014802368
2022-08-10,0.010540468,-0.020740973,-0.015512745,-0.014831236,-0.014381721,-0.011129172,-0.011029172,-0.010411816,-0.010311816,-0.008796476,-0.008696476,-0.008596476,-0.007992477,-0.007892477,-0.0047071083,-0.0046071084,-0.0045071086,-0.0042449716,0.005715857,0.00697893,0.008207203,0.0089735165,0.009248945,0.009962796,0.011216311,0.011316311,0.011982189,0.012082188,0.012182188,0.0129076755,0.013741898,0.013841898,0.013941898,0.01432129,0.018874602,-0.014558757,-0.011076103,-0.009184483,-0.0053325547,0.008218363,0.0111035835,0.012619227,0.014737474
2022-08-11,0.00035798774,-0.022515723,-0.0155340675,-0.0148632685,-0.014763269,-0.014663269,-0.013022185,-0.011349615,-0.009133601,-0.009033601,-0.008642756,-0.008542757,-0.007236614,-0.006624302,-0.00605769,-0.004522597,-0.004422597,-0.0043225973,0.01153731,0.012290697,0.013502846,0.014432491,0.014532491,0.01463249,0.014679161,0.015012031,0.015112031,0.015212031,0.0155245075,0.016677177,0.016777176,0.016877176,0.017171264,0.018206837,0.018662315,-0.016099703,-0.011480453,-0.008931892,-0.0055736476,0.013288501,0.015213244,0.015939403,0.017440135
2022-08-12,-0.008066381,-0.022877019,-0.015535851,-0.014836868,-0.013899962,-0.011692075,-0.010686879,-0.009795916,-0.009695916,-0.009595917,-0.009495917,-0.009395917,-0.009295917,-0.009195917,-0.00589703,-0.005631371,-0.004944601,-0.004798377,0.005653698,0.0073963427,0.0076728677,0.008322007,0.0093424665,0.009454953,0.00993647,0.010701174,0.011070884,0.011170884,0.01160265,0.014041231,0.014141231,0.014219673,0.015315591,0.015415591,0.019028554,-0.014938357,-0.0109223,-0.0096741095,-0.0061334595,0.0077962773,0.0109421415,0.012640248,0.015369256
2022-08-15,-0.006749138,-0.023375975,-0.015811697,-0.015230011,-0.014827711,-0.011776835,-0.011369847,-0.010375597,-0.010275597,-0.010178516,-0.009254496,-0.008690465,-0.008590465,-0.008217894,-0.008117894,-0.006484095,-0.006384095,-0.0055611986,0.003695285,0.003953815,0.009858792,0.011836724,0.012350616,0.013116106,0.013216106,0.013725872,0.013825872,0.013925872,0.0142483525,0.017195715,0.017295714,0.017395714,0.017495714,0.017595714,0.018704377,-0.015432413,-0.011485914,-0.009541659,-0.00704755,0.008512145,0.014062837,0.015338304,0.017637447
2022-08-16,-0.0011862266,-0.02209284,-0.015536456,-0.014916581,-0.012818153,-0.012718153,-0.010978847,-0.010878847,-0.010616223,-0.009815514,-0.009340741,-0.00835425,-0.0082542505,-0.0073778247,-0.0069527505,-0.0068559805,-0.00571353,-0.00561353,0.004652575,0.005824867,0.008817247,0.009696187,0.010477157,0.010577157,0.0110805575,0.01123971,0.01130873,0.012497773,0.013468133,0.014634475,0.016743636,0.016843636,0.016943635,0.017043635,0.018576048,-0.014828891,-0.011441203,-0.009313578,-0.0066980086,0.008014287,0.011885254,0.013770549,0.016768288
2022-08-17,-0.0011162884,-0.022287559,-0.015617947,-0.014841086,-0.014741086,-0.011680946,-0.011580946,-0.010646741,-0.010546741,-0.009499396,-0.009399396,-0.009299397,-0.007740012,-0.0068562357,-0.0039336532,-0.0030355083,-0.0029355083,-0.0028355082,0.0066891946,0.0074202875,0.008611993,0.008711993,0.010588009,0.011245545,0.011345545,0.012479385,0.013170914,0.013799917,0.013981908,0.016056035,0.016156035,0.016256034,0.016356034,0.016456034,0.019085146,-0.015181696,-0.011422982,-0.009224666,-0.004407915,0.0085558025,0.012833779,0.014672962,0.016801856
2022-08-18,-0.0048731263,-0.02286168,-0.015725117,-0.014311491,-0.012854255,-0.011367493,-0.0112674935,-0.010581413,-0.010508978,-0.010408978,-0.009533193,-0.009433193,-0.009360132,-0.007412196,-0.0057430035,-0.005604987,-0.005504987,-0.0051380196,0.006797453,0.007765322,0.008160329,0.008583437,0.0096645225,0.010162989,0.010353115,0.011223435,0.011323435,0.012147142,0.012247141,0.012347141,0.013705252,0.013928973,0.014028973,0.01432331,0.018817944,-0.0148152085,-0.011415671,-0.009616399,-0.006284839,0.008331931,0.011109045,0.0124187665,0.014624524
2022-08-19,-0.0074840174,-0.021962715,-0.01539012,-0.013329611,-0.013229611,-0.0131296115,-0.013029612,-0.012929612,-0.012711598,-0.011727981,-0.011627981,-0.011527982,-0.011427982,-0.008660567,-0.007301973,-0.0064978087,-0.0053531583,-0.0052531585,0.005912569,0.0060125687,0.0077571655,0.00874323,0.00911054,0.009948308,0.0102154305,0.011171968,0.011271968,0.011339664,0.011439664,0.012681316,0.013408716,0.01477566,0.01487566,0.01593434,0.018506767,-0.015348335,-0.012745683,-0.011491549,-0.0071868165,0.007728193,0.01085036,0.012321656,0.015061359
2022-08-22,-0.010264563,-0.022041805,-0.015471587,-0.01486067,-0.012754177,-0.011111341,-0.009395835,-0.009295835,-0.009195835,-0.0090958355,-0.008995836,-0.008895836,-0.008795836,-0.007135076,-0.007035076,-0.005923572,-0.005725209,-0.0047373357,0.00489772,0.005692889,0.009734544,0.010052172,0.010152171,0.010401522,0.012082747,0.012182747,0.012282747,0.012382747,0.0124827465,0.012582746,0.014442354,0.014542354,0.014642354,0.016186943,0.019287504,-0.014154948,-0.010368803,-0.0087036835,-0.006463406,0.008492014,0.011540386,0.012874668,0.01540838
2022-08-23,0.0039004225,-0.02262067,-0.015643762,-0.015079386,-0.013961325,-0.012161237,-0.012020623,-0.010325383,-0.009330242,-0.009230242,-0.009130242,-0.009083173,-0.0086892545,-0.0071045244,-0.0068681617,-0.0050338525,-0.0046848366,-0.00454578,0.0031453606,0.0043423967,0.005723023,0.010932096,0.011493321,0.01159332,0.01224807,0.01234807,0.013985779,0.014069477,0.015595335,0.016317286,0.016417285,0.016992792,0.019529622,0.019629622,0.019729622,-0.015281524,-0.011197175,-0.009254977,-0.006043161,0.007278189,0.013164295,0.0158995,0.017817322
2022-08-24,-0.00063939986,-0.021416517,-0.015485361,-0.014767525,-0.014667525,-0.014567525,-0.012764051,-0.010569271,-0.010469271,-0.010369271,-0.010269271,-0.010169271,-0.010069272,-0.009969272,-0.009869272,-0.009459435,-0.009359435,-0.009076155,0.0055270484,0.005627048,0.008849109,0.009478725,0.011428565,0.011528565,0.013096268,0.013196268,0.013296268,0.013456625,0.014331366,0.014431366,0.014531366,0.014631365,0.014731365,0.01606538,0.018432423,-0.015780196,-0.011787877,-0.010708228,-0.009586713,0.008515639,0.012808278,0.014049398,0.015618379
2022-08-25,-0.0010138477,-0.021672832,-0.015456177,-0.014807843,-0.014400163,-0.014300163,-0.0123689985,-0.009730998,-0.009630999,-0.008746637,-0.008646637,-0.008546637,-0.008446638,-0.007514326,-0.006100271,-0.005582286,-0.003586271,-0.003486271,0.009159177,0.009588551,0.01056821,0.013511228,0.013611228,0.013631521,0.014537164,0.014637164,0.015636526,0.015736526,0.017523274,0.017623274,0.017723273,0.017823273,0.017923273,0.018023273,0.019199124,-0.015639666,-0.011057096,-0.00932152,-0.005460347,0.011472866,0.015047943,0.016888576,0.018078443
2022-08-29,0.0040992494,-0.022889782,-0.015702035,-0.014915976,-0.014250652,-0.011802185,-0.0117021855,-0.011602186,-0.011502186,-0.011402186,-0.011302186,-0.011202186,-0.010909531,-0.010809531,-0.008626441,-0.008136553,-0.0075962986,-0.006436409,0.005880761,0.0065133395,0.008932791,0.01069287,0.011070948,0.011275829,0.012451434,0.012551433,0.012752636,0.013440674,0.013602617,0.014392606,0.014431364,0.014531364,0.014631364,0.015868895,0.019071713,-0.015269369,-0.012224944,-0.011245124,-0.008399578,0.00889424,0.012546298,0.013763979,0.015659189
2022-08-30,0.0020333587,-0.022151638,-0.0155528,-0.014589661,-0.014489661,-0.014259076,-0.013760561,-0.013660561,-0.0106530115,-0.010553012,-0.010453012,-0.009761631,-0.008857949,-0.008757949,-0.006881089,-0.005538114,-0.0046057426,-0.004505743,0.0077109355,0.008437087,0.010504534,0.012676644,0.0130245015,0.0130419275,0.01344465,0.01354465,0.01364465,0.014636416,0.014736416,0.014836416,0.0149364155,0.015036415,0.015136415,0.015236415,0.018822376,-0.016042748,-0.012643361,-0.010496495,-0.006258464,0.01055477,0.013816783,0.014598062,0.015773606
2022-08-31,0.00446187,-0.022645816,-0.018975027,-0.018431507,-0.018331507,-0.018231507,-0.017178753,-0.015571066,-0.014764107,-0.014664107,-0.012775016,-0.012460579,-0.008795869,-0.0066847447,-0.006584745,-0.0056217443,-0.0055535864,-0.0036468012,0.0066541447,0.008908751,0.009008751,0.010869243,0.012222429,0.013873754,0.013973754,0.014073754,0.014173754,0.014273753,0.014373753,0.014473753,0.014573753,0.0147835,0.0148835,0.015869588,0.019076837,-0.019072521,-0.016121907,-0.012039699,-0.0067734914,0.009882929,0.013783489,0.014435703,0.015755486
2022-09-01,-0.011473644,-0.022594646,-0.018785546,-0.018370634,-0.018270634,-0.018170634,-0.018070634,-0.01466957,-0.014049989,-0.012827184,-0.012089059,-0.010591736,-0.0080906,-0.007990601,-0.005021613,-0.0049216133,-0.004335501,-0.0038504137,0.0072405837,0.0077905273,0.009653961,0.011343439,0.011443439,0.011543439,0.0128991455,0.012999145,0.013099145,0.013199145,0.013299145,0.013340329,0.013815614,0.014971202,0.015071202,0.015475283,0.01913635,-0.019178418,-0.015597602,-0.012058177,-0.005744175,0.009785531,0.012505099,0.013601793,0.015347756
2022-09-02,0.008186438,-0.023160912,-0.018909795,-0.018293787,-0.018193787,-0.018093787,-0.016540485,-0.016440485,-0.014216115,-0.014116115,-0.0130530745,-0.008557884,-0.008457884,-0.0076262797,-0.0049383487,-0.004838349,-0.004085743,-0.0019851571,0.0073813433,0.007455117,0.010203626,0.011740264,0.0120059205,0.01210592,0.01220592,0.013456288,0.013556288,0.013656287,0.013756287,0.014920644,0.014984687,0.015084687,0.0151846865,0.01614486,0.019081676,-0.018979754,-0.015921395,-0.011978768,-0.004881096,0.009797255,0.0132290125,0.014214839,0.016043311
2022-09-05,-0.010098148,-0.021735799,-0.0188424,-0.018413456,-0.017853355,-0.017753355,-0.017653355,-0.017553356,-0.015612455,-0.015512455,-0.012971607,-0.011835719,-0.011182316,-0.010079564,-0.008933719,-0.008711124,-0.007228851,-0.0058533926,0.008624936,0.008724936,0.008893667,0.009572416,0.009672415,0.01174242,0.012419926,0.012519926,0.012619926,0.0127199255,0.012819925,0.01343918,0.01353918,0.01363918,0.014308111,0.015250792,0.019132163,-0.018767651,-0.016949015,-0.013499859,-0.008512561,0.009647176,0.012018773,0.0131814135,0.015000099
2022-09-06,-0.0017085363,-0.022262571,-0.01879287,-0.018058792,-0.017414192,-0.0152039835,-0.015103984,-0.015003984,-0.014903984,-0.013441647,-0.0119109815,-0.011539061,-0.0100829825,-0.00952685,-0.007576544,-0.0059810923,-0.0049484535,-0.00384775,0.0057883747,0.006917888,0.008403332,0.011250097,0.011689882,0.012825405,0.012925405,0.013202429,0.013973416,0.014073416,0.0141734155,0.014273415,0.014373415,0.014473415,0.014573415,0.014673415,0.018639987,-0.01775552,-0.015302479,-0.012305757,-0.00677858,0.00905702,0.013212909,0.014213416,0.015286731
2022-09-07,0.002707609,-0.023226963,-0.015649036,-0.014957953,-0.014857953,-0.014757954,-0.014657954,-0.014557954,-0.014457954,-0.014357954,-0.014257954,-0.01394284,-0.01384284,-0.012434348,-0.010093455,-0.0076874923,-0.0058708107,-0.005770811,0.006265295,0.00781813,0.008106789,0.011206556,0.011306556,0.011406556,0.011506556,0.011606555,0.013370719,0.013470719,0.0135707185,0.015539438,0.01563944,0.015739439,0.015839439,0.016041586,0.018533843,-0.016629972,-0.014597952,-0.013930211,-0.008673082,0.008980664,0.012665965,0.014358208,0.016298749
2022-09-08,0.0014502755,-0.022549195,-0.015678952,-0.015042379,-0.014942379,-0.014842379,-0.013886472,-0.0108615775,-0.010761578,-0.010661578,-0.010561578,-0.010461578,-0.010361578,-0.009529499,-0.00890449,-0.007539402,-0.006357373,-0.005752272,0.0064168116,0.0065168114,0.006976092,0.006999332,0.008405256,0.008412196,0.009110947,0.009570975,0.009670975,0.009736777,0.010044752,0.0134006785,0.013500678,0.013827097,0.014254672,0.015917948,0.01896642,-0.016379874,-0.012242717,-0.011020142,-0.007803023,0.007203999,0.009905176,0.0114215715,0.0151225645
2022-09-09,0.009160614,-0.023339052,-0.019024607,-0.018574413,-0.018474413,-0.018374413,-0.018274413,-0.017287927,-0.017187927,-0.017087927,-0.012978474,-0.012878474,-0.012210341,-0.012110341,-0.011451709,-0.010950956,-0.0094913645,-0.0087898495,0.0011086056,0.0028572544,0.0062187896,0.009054972,0.009154972,0.010611594,0.011967432,0.013072333,0.014733055,0.0148330545,0.015501601,0.016228579,0.016355144,0.017352166,0.017452165,0.017552165,0.018636167,-0.01949738,-0.017682519,-0.0145523,-0.010712471,0.0062414105,0.012780106,0.01574969,0.017224845
2022-09-12,0.007986776,-0.022351682,-0.018744662,-0.018141612,-0.018041613,-0.017113645,-0.017013645,-0.012412288,-0.012312288,-0.012212289,-0.006807131,-0.0067071314,-0.0066071316,-0.005216255,-0.005116255,-0.003568715,-0.003468715,-0.0034178784,0.010554301,0.011791282,0.013989978,0.014523662,0.015338892,0.015438892,0.015538892,0.015638892,0.015738891,0.015838891,0.015938891,0.01603889,0.01613889,0.01623889,0.01633889,0.01643889,0.019113678,-0.018653048,-0.014418425,-0.009591291,-0.0044557387,0.013279622,0.01565889,0.015978891,0.016793847
2022-09-13,-0.012836649,-0.021359129,-0.018582512,-0.018104099,-0.018004099,-0.0179041,-0.0178041,-0.013994746,-0.013894746,-0.012966881,-0.010578018,-0.010478018,-0.009640189,-0.007952059,-0.007906255,-0.0078062555,-0.007234186,-0.007155178,0.008371416,0.008650791,0.010664447,0.010691068,0.013243048,0.013396399,0.013849939,0.013949939,0.014049939,0.014149939,0.014249939,0.015678663,0.015778663,0.015878662,0.015978662,0.01702022,0.019184297,-0.018730786,-0.015352914,-0.0119738225,-0.008115979,0.010445533,0.014083597,0.014821428,0.016708102
2022-09-14,-0.0002851376,-0.021561768,-0.018658627,-0.018112663,-0.018012663,-0.016537642,-0.015313731,-0.012689263,-0.011897474,-0.011797474,-0.011697474,-0.011597474,-0.011497474,-0.011397474,-0.011297475,-0.011197475,-0.011097475,-0.010011201,0.006487416,0.0071296752,0.009564,0.009664,0.0111770965,0.011277096,0.011697662,0.01238721,0.012487209,0.012587209,0.01344721,0.01730665,0.017771253,0.017871253,0.017971253,0.019574223,0.019674223,-0.018016886,-0.01396212,-0.012360726,-0.01104022,0.00890855,0.012947053,0.0147599075,0.01843952
2022-09-15,-0.00029773038,-0.022304613,-0.018149626,-0.018049626,-0.015680764,-0.014426996,-0.014326996,-0.014226996,-0.013528552,-0.013428552,-0.013328552,-0.013228552,-0.013128553,-0.013028553,-0.012928553,-0.010896792,-0.00861378,-0.007889672,0.006398396,0.006498396,0.007095295,0.0072959648,0.0097453855,0.01265048,0.012750479,0.012850479,0.013012879,0.013112878,0.01342723,0.013565976,0.013769159,0.014115365,0.015059652,0.015159652,0.019115329,-0.016977798,-0.014712145,-0.01346824,-0.010711471,0.008007706,0.01238504,0.013635723,0.015145096
2022-09-16,0.0021222064,-0.021455597,-0.018648406,-0.018145287,-0.017028147,-0.014012169,-0.011071161,-0.010971162,-0.010766886,-0.009914059,-0.009814059,-0.009628645,-0.009528645,-0.0094286455,-0.009328646,-0.009098165,-0.00786626,-0.0059663416,0.0058339653,0.0064809835,0.007866961,0.01052069,0.011386218,0.013023392,0.0130548,0.014011959,0.014111958,0.014362556,0.014462556,0.014562556,0.015716579,0.015816579,0.015916578,0.016070543,0.018958386,-0.016443098,-0.01217371,-0.010121879,-0.008377612,0.00875148,0.013469337,0.014683241,0.01622493
2022-09-19,-0.0010042996,-0.02104657,-0.018701449,-0.018291956,-0.018191956,-0.01713109,-0.0130919395,-0.012939107,-0.012830089,-0.012194782,-0.012189202,-0.012089202,-0.009252923,-0.0071722995,-0.006227227,-0.006127227,-0.0060272273,-0.0059272274,0.00858283,0.009446996,0.011656696,0.011756696,0.012192254,0.012237651,0.012337651,0.012842785,0.013051426,0.013151426,0.013251426,0.01574936,0.01580093,0.01590093,0.01600093,0.01657713,0.018914826,-0.017632602,-0.013869574,-0.0109072905,-0.0072796224,0.010756174,0.013234695,0.014240915,0.016588636
2022-09-20,-0.0008251795,-0.022348756,-0.018680036,-0.017551059,-0.017507562,-0.016001694,-0.014688404,-0.013029153,-0.012619597,-0.012519597,-0.011294039,-0.010583129,-0.009711664,-0.008330866,-0.0068477825,-0.006292346,-0.006154174,-0.004941283,0.006153484,0.008885923,0.0095630875,0.009663087,0.009763087,0.009863087,0.010721049,0.010993804,0.011093804,0.011994614,0.012094614,0.013966913,0.014066913,0.014166913,0.014219509,0.015843933,0.018822799,-0.01784529,-0.014081562,-0.011328915,-0.0069637434,0.008997327,0.011316301,0.01267389,0.015373494
2022-09-21,-0.0115486635,-0.021635206,-0.0155579485,-0.015014355,-0.014914355,-0.013032048,-0.012932048,-0.012832048,-0.012426845,-0.012326845,-0.012226845,-0.011631561,-0.011531562,-0.011431562,-0.010180782,-0.0076460275,-0.0075460277,-0.0068422672,0.00429732,0.005735807,0.008691984,0.009278468,0.009378468,0.01064339,0.011340672,0.011440672,0.012627832,0.013690279,0.013790279,0.014398048,0.0144980475,0.015376158,0.015476158,0.015576158,0.019094495,-0.015614321,-0.013106428,-0.012109772,-0.008769333,0.007868851,0.01191017,0.013996519,0.015788581
2022-09-22,-0.0039403574,-0.022217577,-0.015090156,-0.0149901565,-0.014890157,-0.014790157,-0.012999281,-0.012363022,-0.012263022,-0.0121630225,-0.011690142,-0.011590142,-0.011490142,-0.011390142,-0.011290142,-0.008944995,-0.008500033,-0.0074962894,0.004500871,0.0051077995,0.0077630356,0.008652899,0.009716731,0.0109040355,0.011004035,0.011104035,0.012451624,0.012551623,0.013967708,0.015170009,0.016342111,0.01644211,0.01654211,0.018399281,0.019301863,-0.015997466,-0.012955701,-0.011966546,-0.00956432,0.007405728,0.011889287,0.014136615,0.017131075
2022-09-23,-0.012522054,-0.020815397,-0.01837628,-0.01827628,-0.01817628,-0.01807628,-0.01797628,-0.016792765,-0.015852416,-0.013550787,-0.011397417,-0.010751647,-0.010530889,-0.010430889,-0.010006559,-0.009392728,-0.009292728,-0.009192728,0.0031334867,0.006270448,0.0064482884,0.008445885,0.008545885,0.009059165,0.011054017,0.011138637,0.011238636,0.011338636,0.0137396,0.014549437,0.014649437,0.014749437,0.014959567,0.016171703,0.018649617,-0.018684102,-0.016489707,-0.013237578,-0.009727278,0.007070425,0.010926352,0.013165176,0.015753927
2022-09-26,-0.009912462,-0.022588609,-0.018643912,-0.018543912,-0.018443912,-0.018343912,-0.018258143,-0.017521346,-0.0174545,-0.017066222,-0.016713375,-0.01650193,-0.01640193,-0.016277561,-0.016042277,-0.0146034,-0.014544273,-0.013189511,0.0047565904,0.005120614,0.0074405647,0.007957388,0.008248898,0.008348898,0.009623586,0.010939001,0.011039001,0.012042282,0.012896885,0.01663503,0.01673503,0.01683503,0.01693503,0.018043946,0.019249689,-0.019255698,-0.017768824,-0.017021101,-0.014976278,0.0069797486,0.011242822,0.013909645,0.017499745
2022-09-27,-0.00071217853,-0.02303677,-0.018675772,-0.018053658,-0.017953658,-0.017853659,-0.017753659,-0.016979212,-0.015661072,-0.015333727,-0.015229304,-0.0151293045,-0.015029305,-0.014890023,-0.014363396,-0.012382296,-0.012364358,-0.010587215,0.00044984606,0.0029956924,0.0047506536,0.006071868,0.00667989,0.009303135,0.009749173,0.009823006,0.010209279,0.011821292,0.01266428,0.015029677,0.017479576,0.017579576,0.017679576,0.017779576,0.018817589,-0.019054703,-0.016756266,-0.015712673,-0.012965314,0.0048034466,0.0105314,0.013480822,0.0173372
2022-09-28,0.006722061,-0.02333618,-0.018922722,-0.017729126,-0.017629126,-0.017529126,-0.017429126,-0.015284665,-0.015184665,-0.015084665,-0.014984665,-0.013983087,-0.013883087,-0.012029975,-0.010415256,-0.008581612,-0.00790779,-0.005962089,-0.0014775028,0.002534893,0.0035118866,0.004844931,0.0066486094,0.008897782,0.010068538,0.012948342,0.0130483415,0.014357445,0.014808485,0.016227182,0.016327182,0.016427182,0.016527181,0.016627181,0.018698767,-0.018969256,-0.01614245,-0.014702303,-0.009369967,0.0038965493,0.011815872,0.014993727,0.016861498
2022-09-29,0.009612937,-0.022148719,-0.018522562,-0.018422563,-0.016164668,-0.016064668,-0.015964668,-0.015019151,-0.014825996,-0.013787081,-0.012060381,-0.011960381,-0.011860381,-0.010437153,-0.0098805195,-0.009158732,-0.007780973,-0.00770941,0.0050493986,0.0069686165,0.009068696,0.010760547,0.0119443815,0.012066731,0.013665946,0.013765946,0.0154712545,0.015779156,0.016128527,0.016228527,0.01790331,0.01808424,0.018184239,0.018284239,0.018766232,-0.017773058,-0.015603891,-0.013029715,-0.009298002,0.009102641,0.013956949,0.01635834,0.017853308
2022-09-30,0.0009562308,-0.02153873,-0.01865055,-0.01855055,-0.017908724,-0.017808724,-0.017315868,-0.016441515,-0.014184659,-0.012903036,-0.012803036,-0.012703036,-0.012603036,-0.011492532,-0.010852916,-0.010752916,-0.010185563,-0.00787273,0.003631231,0.0068929326,0.00831824,0.009436615,0.01030106,0.011300812,0.012285105,0.014381809,0.014481809,0.015919536,0.016371772,0.017559089,0.017659089,0.017759088,0.017859088,0.017959088,0.01909632,-0.018644521,-0.015879126,-0.013679827,-0.010473432,0.0081128245,0.013892462,0.016438257,0.018006535
2022-10-03,0.0026083621,-0.021111868,-0.01845282,-0.017941866,-0.016216053,-0.016116053,-0.016016053,-0.014237924,-0.013585468,-0.012921786,-0.012821786,-0.012721786,-0.010821207,-0.010721208,-0.009652375,-0.008387703,-0.007506077,-0.0059798886,0.0026980003,0.00406711,0.0071562496,0.010699042,0.012501743,0.012870463,0.0128916,0.013731763,0.014361588,0.014748553,0.015162625,0.015262625,0.01543599,0.01553599,0.01563599,0.016586468,0.018807564,-0.01758257,-0.0149406195,-0.012793144,-0.008849566,0.007502401,0.01382303,0.015034276,0.016325727
2022-10-04,0.016998522,-0.022401575,-0.01674617,-0.016646171,-0.016546171,-0.015168559,-0.014856973,-0.011829251,-0.011729252,-0.011483247,-0.011413329,-0.010654892,-0.009786061,-0.008542454,-0.0076076454,-0.0075076455,-0.0061098165,-0.0060098167,0.01030651,0.01040651,0.012275504,0.014498444,0.016298618,0.016398618,0.016498618,0.01687521,0.017122567,0.017222567,0.017531471,0.017631471,0.017903449,0.018003449,0.018103449,0.018203449,0.018865043,-0.01714389,-0.013308978,-0.011265613,-0.007577963,0.012797117,0.016885297,0.017522305,0.018121373
2022-10-05,-0.011148129,-0.021531604,-0.018482927,-0.018390542,-0.018290542,-0.017379126,-0.01406967,-0.013123727,-0.010123957,-0.0074230726,-0.0073230728,-0.007223073,-0.007123073,-0.0070230733,-0.0064807823,-0.006030976,-0.0050165523,-0.0036162175,0.009385806,0.011096476,0.013187468,0.014806266,0.016189637,0.016604118,0.017917199,0.018017199,0.018117199,0.018217199,0.018317198,0.018417198,0.018517198,0.019135857,0.019235857,0.019335857,0.019435856,-0.017950775,-0.012626193,-0.009132569,-0.0056735203,0.013278643,0.01748907,0.018460931,0.018968394
2022-10-06,-0.0061920015,-0.022896543,-0.018540451,-0.018440451,-0.018340452,-0.015672388,-0.014394613,-0.012705908,-0.009829675,-0.009526805,-0.009426805,-0.009326805,-0.008773631,-0.008673632,-0.0068977484,-0.0058907387,-0.004747617,-0.0034195618,0.008867331,0.008967331,0.010866603,0.011836916,0.01199172,0.015377042,0.015477042,0.015577042,0.01604632,0.01664022,0.01674022,0.017261954,0.01782693,0.01792693,0.01802693,0.01812693,0.018629035,-0.01796889,-0.01297949,-0.010219671,-0.006056494,0.011203045,0.015369596,0.016943127,0.017954355
2022-10-07,-0.002131318,-0.020864641,-0.018369038,-0.018320488,-0.018220488,-0.016303398,-0.0159974,-0.012774682,-0.012702205,-0.010524095,-0.010424095,-0.010099572,-0.009131549,-0.009031549,-0.008107477,-0.0077422964,-0.0063976957,-0.003950024,0.008082832,0.012018755,0.012118755,0.013418302,0.015103144,0.0152031435,0.015303143,0.015403143,0.016161187,0.016261186,0.016361186,0.01768457,0.01778457,0.01788457,0.01798457,0.018084569,0.01885876,-0.017950993,-0.014063774,-0.011457359,-0.0072594127,0.012188357,0.015931036,0.016890539,0.018059406
2022-10-10,-0.00831588,-0.022367584,-0.01637676,-0.01627676,-0.01617676,-0.01556481,-0.014261884,-0.013299557,-0.012636926,-0.011739276,-0.010717993,-0.010617993,-0.010517993,-0.010417993,-0.010317993,-0.0102179935,-0.006962881,-0.0060803927,0.006558436,0.00785251,0.011661918,0.0135986,0.0145353675,0.014635367,0.014735367,0.015906975,0.016006975,0.016106974,0.016110012,0.018965524,0.019382965,0.019394845,0.019408362,0.019508362,0.019608362,-0.01694956,-0.01364288,-0.011710557,-0.008839451,0.010881366,0.016030042,0.01731957,0.019372012
2022-10-11,0.0054576425,-0.021195304,-0.01855316,-0.01845316,-0.01835316,-0.017916145,-0.016067926,-0.014728908,-0.013557113,-0.011470834,-0.009638808,-0.0074870237,-0.0064715436,-0.005808504,-0.005708504,-0.004659147,-0.0038038015,-0.0026330636,0.010527427,0.010627427,0.010727427,0.011806158,0.012524034,0.016142508,0.016242508,0.016342508,0.016442508,0.016542507,0.016642507,0.016970359,0.017070359,0.017170358,0.017270358,0.017460665,0.018938992,-0.01841714,-0.014855588,-0.010308779,-0.004858308,0.0119861895,0.015704382,0.016773647,0.017522147
2022-10-12,-0.006702884,-0.022129625,-0.018497607,-0.018321345,-0.017411834,-0.017311834,-0.017211834,-0.016302617,-0.016048895,-0.014659469,-0.010255729,-0.010155729,-0.010055729,-0.009955729,-0.008161321,-0.0076311664,-0.006059128,-0.004803847,0.0113512045,0.011451204,0.012029352,0.013207971,0.013307971,0.015443299,0.015543299,0.015643299,0.015743298,0.017701546,0.017801546,0.017901545,0.018001545,0.018101545,0.018201545,0.018301545,0.01876355,-0.018512547,-0.01650883,-0.012705582,-0.007362238,0.012716606,0.015999531,0.017469896,0.018213946
2022-10-13,0.009060178,-0.021369208,-0.018305121,-0.018205121,-0.018105121,-0.018005121,-0.017778307,-0.013190644,-0.011245334,-0.010980145,-0.009145298,-0.007096222,-0.0069962223,-0.0068962225,-0.0067962226,-0.005996823,-0.005568246,-0.005468246,0.008135008,0.008508904,0.0107665425,0.013752962,0.014698433,0.014862583,0.016348395,0.016448395,0.016548395,0.016648395,0.016748395,0.016848395,0.016948394,0.017048394,0.017148394,0.017248394,0.018981004,-0.018712576,-0.014279911,-0.010412277,-0.0061851516,0.011502363,0.015901241,0.016788397,0.017414916
2022-10-14,-0.00421941,-0.021322662,-0.015191381,-0.015091381,-0.014991381,-0.014891381,-0.013784593,-0.013684593,-0.013415581,-0.010501277,-0.009831558,-0.009731558,-0.009727016,-0.008854865,-0.0068683233,-0.0067683235,-0.0066067786,-0.006151459,0.006359122,0.007296973,0.009064968,0.009715943,0.011324537,0.012696711,0.013465028,0.014097134,0.014502116,0.014633,0.015314359,0.016884658,0.019859048,0.019959047,0.020059047,0.020159047,0.020259047,-0.01603628,-0.013295485,-0.011122723,-0.0072252885,0.009180406,0.013927209,0.016278636,0.019424168
2022-10-17,0.010638534,-0.02220176,-0.018554535,-0.018454535,-0.018354535,-0.018254535,-0.01802975,-0.014934463,-0.013864305,-0.011497856,-0.009935861,-0.009835862,-0.009735862,-0.009635862,-0.009535862,-0.008153892,-0.008053892,-0.007848419,0.002780791,0.005301101,0.006907681,0.008158203,0.0113928635,0.011428986,0.012385251,0.0134736635,0.013628926,0.013966963,0.014390398,0.014839985,0.01562957,0.015964463,0.016064463,0.016142586,0.019030033,-0.019079024,-0.015356181,-0.012240328,-0.008685586,0.007106605,0.013020491,0.014578147,0.016321328
2022-10-18,-8.636785e-05,-0.02248442,-0.018677762,-0.018577762,-0.01731721,-0.014545103,-0.014445103,-0.01270039,-0.009982051,-0.008160774,-0.006784316,-0.0066843163,-0.0065843165,-0.005279366,-0.0050989944,-0.0049583395,-0.0048002102,-0.0029673204,0.013207041,0.013307041,0.015190464,0.015446254,0.017116968,0.018032165,0.01803231,0.018949207,0.019049207,0.0196734,0.020027507,0.020127507,0.020227507,0.020327507,0.020427506,0.020527506,0.020627506,-0.01749392,-0.012773216,-0.00861503,-0.004901836,0.015036622,0.01877985,0.019861024,0.020367507
2022-10-19,-0.006355765,-0.021734715,-0.016578922,-0.016478922,-0.016378922,-0.015318885,-0.014391358,-0.0126744965,-0.012574497,-0.012474497,-0.011689148,-0.009592702,-0.008855912,-0.008188531,-0.008088531,-0.0069437204,-0.006300827,-0.0038539206,0.008087075,0.008341163,0.008640688,0.010755118,0.013489901,0.016208265,0.016308265,0.016408265,0.016508264,0.016608264,0.016625686,0.016725685,0.016854389,0.017010193,0.017110193,0.017210193,0.019004224,-0.01688056,-0.013718754,-0.01113989,-0.0069559403,0.010426462,0.015888076,0.016715618,0.017360937
2022-10-20,0.004461418,-0.022872398,-0.01707842,-0.01697842,-0.01687842,-0.01677842,-0.015886616,-0.01265397,-0.010049629,-0.009879511,-0.00929338,-0.00919338,-0.0090933805,-0.008993381,-0.008437726,-0.006246925,-0.006146925,-0.0057983883,0.007597065,0.007697065,0.009746247,0.010550393,0.011739206,0.014614195,0.01489662,0.01633234,0.01643234,0.01653234,0.016632339,0.017398406,0.019416386,0.019516386,0.019616386,0.019716386,0.019816386,-0.017898854,-0.01308963,-0.0106632775,-0.0071646683,0.010097478,0.015323296,0.017322363,0.019172791
2022-10-24,0.005125515,-0.023328254,-0.018603282,-0.018105805,-0.018005805,-0.017905805,-0.017805805,-0.010908523,-0.010808523,-0.010708523,-0.008402676,-0.007287539,-0.0071875392,-0.0070875394,-0.0069875396,-0.0068875398,-0.00678754,-0.00668754,0.010014628,0.01155132,0.012303815,0.014507694,0.015958788,0.016058788,0.01713653,0.017236529,0.017336529,0.017436529,0.017536528,0.017636528,0.017736528,0.017836528,0.017936528,0.018036528,0.018699616,-0.019129789,-0.013667436,-0.010258417,-0.0069275396,0.013102797,0.016865432,0.017576529,0.017989146
2022-10-25,0.008552362,-0.02105453,-0.018355517,-0.017400278,-0.017300278,-0.01707562,-0.01697562,-0.011321823,-0.011221823,-0.011121823,-0.01045303,-0.008167433,-0.006502086,-0.00575328,-0.005232621,-0.004204985,-0.0041049854,-0.0040049856,0.009815234,0.010051353,0.012288561,0.013129662,0.01478631,0.015484819,0.015584819,0.015684819,0.015784819,0.015884819,0.015984818,0.016084818,0.016103592,0.016203592,0.016303591,0.016403591,0.018871777,-0.018152313,-0.013608274,-0.010181168,-0.005143002,0.012173926,0.015585117,0.016008575,0.016733473
2022-10-26,0.010961162,-0.022043519,-0.018141236,-0.018082667,-0.017982667,-0.017494043,-0.017332204,-0.01381618,-0.011335189,-0.010818749,-0.00634696,-0.0051618908,-0.004309102,-0.003756857,-0.0017110134,-0.0016110134,-0.0015110135,-0.0014110135,0.013215685,0.013518138,0.014665248,0.015720833,0.01636035,0.017410355,0.01755494,0.01793118,0.01803118,0.01813118,0.01823118,0.01833118,0.01843118,0.018531179,0.018631179,0.018731179,0.018742658,-0.018598733,-0.014276998,-0.008616062,-0.002281189,0.014934969,0.017632848,0.018271182,0.018553475
2022-10-28,-0.013389329,-0.021986647,-0.018521681,-0.018421682,-0.018321682,-0.017958023,-0.01663467,-0.012126985,-0.010233056,-0.008191546,-0.0061241486,-0.0058579473,-0.0057579475,-0.0031862708,-0.0029282616,-0.002607263,-0.0025072629,-0.0024072628,0.008735649,0.0097722225,0.010913172,0.012638871,0.014873945,0.014973945,0.015073945,0.015860409,0.016860817,0.017847562,0.017947562,0.018047562,0.018147562,0.018247562,0.018347561,0.018447561,0.018547561,-0.01868454,-0.013121587,-0.008387218,-0.0032615997,0.011426771,0.016320685,0.017810214,0.01828756
2022-10-31,-0.004995494,-0.021906085,-0.017961094,-0.017861094,-0.017761094,-0.017661095,-0.016652415,-0.013663341,-0.013563341,-0.012186739,-0.012086739,-0.010215264,-0.008155523,-0.004664247,-0.004564247,-0.0038357975,-0.0028645168,-0.0010205962,0.0046626916,0.005245418,0.009606094,0.009830145,0.012863345,0.014548683,0.014648682,0.01625795,0.016357949,0.016457949,0.016557949,0.018519212,0.019698162,0.019798161,0.019898161,0.019998161,0.020098161,-0.018388357,-0.014785385,-0.011024453,-0.0045000846,0.008798606,0.015729427,0.017558243,0.01962237
2022-11-01,-0.0013844791,-0.023418589,-0.018761044,-0.01812559,-0.01802559,-0.01640422,-0.014767059,-0.014667059,-0.014078007,-0.014059077,-0.011591466,-0.011491466,-0.009928408,-0.008138602,-0.005921397,-0.003933376,-0.0020531486,-0.0015889716,0.004721033,0.0059307935,0.0072049927,0.0076208212,0.008552497,0.009618661,0.011304776,0.011626409,0.01275432,0.01333361,0.015889624,0.017925814,0.020169882,0.020269882,0.020369882,0.020469882,0.020569881,-0.018275302,-0.015139359,-0.011700708,-0.0049976716,0.0073564835,0.012211398,0.016054649,0.019881068
2022-11-02,0.0003975695,-0.022529723,-0.018105036,-0.017977647,-0.017877648,-0.017334595,-0.014858948,-0.014343367,-0.013358912,-0.013258913,-0.011487739,-0.011387739,-0.009441052,-0.0056228735,-0.0054729134,-0.00304426,-0.00294426,-0.001439306,0.0041571357,0.00464865,0.00608727,0.008138811,0.008817739,0.009040849,0.011241988,0.011341988,0.012541932,0.012641932,0.014280671,0.015413565,0.015460448,0.015560448,0.015660448,0.01602556,0.019025972,-0.01814119,-0.014759557,-0.010953905,-0.0048576957,0.006854771,0.011451215,0.014107709,0.016297199
2022-11-03,-0.011858027,-0.022337347,-0.015085062,-0.014611866,-0.012278227,-0.012266417,-0.011814686,-0.010198221,-0.010098221,-0.009819505,-0.009719505,-0.009619505,-0.009203525,-0.007749364,-0.0061474764,-0.0057272078,-0.005627208,-0.005527208,0.0032022158,0.004561323,0.0059007406,0.006655689,0.0086701065,0.008770106,0.009240809,0.010117281,0.010262339,0.012313397,0.0124133965,0.015660366,0.015760366,0.015860366,0.015960366,0.016754305,0.018550975,-0.014756349,-0.0113085,-0.009717059,-0.006529721,0.005912156,0.011106251,0.013321973,0.016517276
2022-11-04,0.01393194,-0.02226567,-0.020480523,-0.01941799,-0.019104226,-0.019004226,-0.018904226,-0.017353477,-0.017253477,-0.017153477,-0.015490802,-0.015261479,-0.013231762,-0.012347102,-0.011504379,-0.011404379,-0.010707572,-0.010607572,0.0034631263,0.006006678,0.010405823,0.01209193,0.01219193,0.01229193,0.0129806865,0.013080686,0.013180686,0.013280686,0.015620125,0.01661213,0.01671213,0.016812129,0.016981507,0.017081507,0.018260714,-0.019951774,-0.018016528,-0.015445474,-0.011897076,0.008989649,0.013491472,0.015135026,0.01709572
2022-11-07,0.010645564,-0.020906882,-0.020806883,-0.020706883,-0.01970765,-0.01960765,-0.016571201,-0.015068332,-0.0140398005,-0.011566365,-0.011466365,-0.0113663655,-0.011266366,-0.011166366,-0.01065208,-0.010184016,-0.009897517,-0.006633791,0.0036385425,0.0059630126,0.011481176,0.013829145,0.014111817,0.014211817,0.015530981,0.015630981,0.015861036,0.017244676,0.017339982,0.017439982,0.017937565,0.01839773,0.01849773,0.01859773,0.018733343,-0.019520054,-0.015590517,-0.01290202,-0.009746755,0.010088571,0.015727855,0.01727668,0.01822127
2022-11-08,0.0065678246,-0.021747267,-0.018496465,-0.017970217,-0.017237812,-0.013957859,-0.013857859,-0.013757859,-0.011645624,-0.011545625,-0.011465148,-0.011365148,-0.011265148,-0.011165149,-0.011065149,-0.010965149,-0.009598902,-0.008996475,0.010872124,0.012981407,0.013081407,0.014474611,0.014799164,0.0148991635,0.014999163,0.0154973315,0.015597331,0.015697332,0.016589796,0.016689796,0.017356655,0.017456654,0.017556654,0.017656654,0.019317217,-0.017059453,-0.013755438,-0.011879786,-0.010398164,0.013281743,0.015516559,0.016426181,0.017695395
2022-11-09,-0.0038716916,-0.021570573,-0.017984238,-0.017884238,-0.017653741,-0.015245433,-0.015093808,-0.011710707,-0.010623232,-0.009115727,-0.009015727,-0.008915727,-0.008815727,-0.008715727,-0.008615728,-0.008515728,-0.008415728,-0.008315728,0.011138248,0.013082544,0.013182544,0.013282544,0.01579211,0.015892109,0.015992109,0.016092109,0.016192108,0.016292108,0.016392108,0.016492108,0.016592108,0.016692108,0.016792107,0.016892107,0.018711578,-0.017509557,-0.012885543,-0.010452844,-0.008555727,0.013335598,0.016112108,0.01643211,0.017076
2022-11-11,0.02930845,-0.022374654,-0.018526105,-0.01826747,-0.017753191,-0.015259417,-0.015159417,-0.014945575,-0.012115418,-0.00835409,-0.00825409,-0.0081540905,-0.008054091,-0.007954091,-0.006369984,-0.006269984,-0.00494869,-0.0048486902,0.0059455447,0.0064548724,0.0071931956,0.007658186,0.008692821,0.0109844245,0.011084424,0.012725488,0.012825488,0.012925488,0.013025488,0.014512182,0.015549938,0.015649939,0.015749939,0.015849939,0.018544441,-0.017814558,-0.0137683945,-0.010307422,-0.0061182873,0.0076672444,0.01196808,0.013807717,0.016021289
2022-11-14,0.00038245268,-0.02277228,-0.018740658,-0.018467266,-0.017942112,-0.0148672415,-0.0144940065,-0.012216653,-0.012116653,-0.012016653,-0.011916653,-0.011816653,-0.011582167,-0.011482167,-0.011382167,-0.0109304655,-0.010830466,-0.010098278,0.008625592,0.008725592,0.012264825,0.014505196,0.014605196,0.0152325835,0.015561032,0.015661033,0.015761033,0.015861033,0.015961032,0.016061032,0.016161032,0.017880984,0.017980983,0.018080983,0.018571256,-0.01776326,-0.013862247,-0.012318329,-0.011011606,0.011936448,0.015484175,0.016325023,0.017351057
2022-11-16,0.0071019856,-0.023106882,-0.018532207,-0.018432207,-0.018332208,-0.017258717,-0.016804205,-0.013917562,-0.012545834,-0.011702011,-0.010745598,-0.010645598,-0.009576537,-0.0057155653,-0.0031700423,-0.0020386772,-0.0019386773,-0.0018386773,0.0058518713,0.008152215,0.009558812,0.009658812,0.009798325,0.011278328,0.011378327,0.011478327,0.011578327,0.011678327,0.013092288,0.013298647,0.0145843085,0.014684308,0.015309892,0.016363846,0.018980157,-0.018806843,-0.014680363,-0.011077548,-0.0039263344,0.008920006,0.011506391,0.012991495,0.015582254
2022-11-17,-0.007184273,-0.02292652,-0.01880979,-0.01870979,-0.01847659,-0.017901968,-0.015325982,-0.015225982,-0.015125982,-0.012760195,-0.012660195,-0.012560195,-0.012460195,-0.012360196,-0.012260196,-0.010362399,-0.0072199344,-0.0062406994,-0.00067762414,0.00018798205,0.003899482,0.0045733103,0.005779935,0.009075227,0.010891045,0.0115575,0.012218921,0.013444164,0.016100356,0.017206384,0.018815951,0.018915951,0.019689422,0.019789422,0.019889422,-0.018688168,-0.015429586,-0.013586509,-0.009728685,0.003774839,0.011412641,0.01573185,0.018923426
2022-11-18,0.0033248311,-0.022406645,-0.018501446,-0.018092735,-0.017992735,-0.014325484,-0.014225484,-0.012523836,-0.0106584,-0.010215641,-0.010115641,-0.010015641,-0.0099156415,-0.009815642,-0.009715642,-0.008161534,-0.005907463,-0.005023134,0.006025848,0.007816596,0.007984364,0.009360408,0.012375473,0.012475473,0.012575473,0.014071718,0.014607631,0.015505186,0.015605186,0.01807068,0.018849703,0.018949702,0.019049702,0.019149702,0.019249702,-0.017490359,-0.013143219,-0.010946162,-0.007764683,0.008752538,0.014499706,0.016567677,0.0188539
2022-11-21,-0.012017579,-0.022050029,-0.01771549,-0.0172728,-0.015428077,-0.014878341,-0.014778341,-0.0138093345,-0.01204946,-0.01194946,-0.01184946,-0.01174946,-0.0116494605,-0.011549461,-0.011449461,-0.011349461,-0.009068956,-0.008968956,0.006447884,0.0064825267,0.0072579226,0.007894311,0.008737706,0.011322441,0.012487183,0.0135904085,0.013690408,0.013790408,0.013890408,0.014911169,0.017243113,0.017343113,0.017443113,0.017543113,0.019096943,-0.016970057,-0.01397188,-0.0123752365,-0.010517259,0.008113965,0.012470426,0.014745101,0.01722749
2022-11-22,0.004258581,-0.021636043,-0.018702626,-0.016188484,-0.015407641,-0.014061991,-0.013594546,-0.012674567,-0.012313206,-0.010135616,-0.010035616,-0.0099356165,-0.009835617,-0.009735617,-0.009635617,-0.009005297,-0.008905297,-0.008308502,0.005891019,0.007292685,0.009212349,0.009312348,0.010614071,0.010714071,0.012338602,0.012587064,0.012687064,0.014008805,0.015387555,0.016547946,0.017186217,0.017977342,0.018077342,0.018671662,0.018771661,-0.016680568,-0.0129812835,-0.01110292,-0.009158066,0.008809401,0.012894392,0.015341742,0.017830966
2022-11-24,0.012187788,-0.022697998,-0.018385386,-0.018285386,-0.018185386,-0.014266305,-0.014166305,-0.014066305,-0.010315115,-0.008133777,-0.0077224546,-0.007645787,-0.0075457874,-0.00553157,-0.0054207095,-0.0039139916,-0.0038139916,-0.0037996517,0.008659808,0.008759808,0.008859808,0.010321453,0.010421453,0.010453539,0.011339766,0.012240823,0.012876037,0.013471731,0.013571731,0.014654527,0.014754527,0.014854527,0.014954527,0.01520705,0.01885851,-0.017540276,-0.012993378,-0.009056246,-0.0049188263,0.009588128,0.012248415,0.0139057115,0.015665827
2022-11-25,-0.0002546051,-0.023077559,-0.01795353,-0.014289217,-0.012804251,-0.012704251,-0.0126042515,-0.011038881,-0.010938881,-0.010838881,-0.009812715,-0.009712716,-0.009612716,-0.009512716,-0.009412716,-0.009236062,-0.009136062,-0.008032215,0.0048622233,0.005455193,0.005476664,0.0068017,0.008510678,0.008857853,0.009865,0.01041084,0.0106712235,0.011047338,0.011344353,0.01274942,0.013360758,0.01346555,0.01512843,0.01522843,0.018831449,-0.015828768,-0.011942022,-0.010496256,-0.009105953,0.0064921556,0.010315225,0.012188152,0.01472712
2022-11-28,-0.00090605515,-0.023311228,-0.015288578,-0.0151885785,-0.012426508,-0.012326508,-0.012174897,-0.011378472,-0.011278472,-0.011178472,-0.011078472,-0.009769379,-0.009669379,-0.0095693795,-0.007872786,-0.006719865,-0.005872293,-0.005509069,0.004576505,0.0059985835,0.007417104,0.009629733,0.010183825,0.011490973,0.011590973,0.012573724,0.01427373,0.01437373,0.01447373,0.01457373,0.014673729,0.014773729,0.014873729,0.014973729,0.018648548,-0.015105544,-0.012239778,-0.010754121,-0.0071486784,0.00784258,0.012639197,0.014513729,0.015528694
2022-11-29,-0.003907591,-0.022159616,-0.015245711,-0.015145712,-0.013545731,-0.013445731,-0.013345731,-0.013197471,-0.013097472,-0.012997472,-0.012828555,-0.012728555,-0.012628555,-0.0125285555,-0.00927049,-0.008575543,-0.007846946,-0.007280413,0.004583559,0.0062011643,0.007360929,0.009492185,0.009564052,0.012127865,0.012605386,0.012705386,0.0128053855,0.014026097,0.014126097,0.014226097,0.0143260965,0.014426096,0.014526096,0.015052261,0.018775225,-0.015548503,-0.013556771,-0.0128857745,-0.009140389,0.008048644,0.012529899,0.013941954,0.015361155
2022-11-30,-0.005669235,-0.022327509,-0.016642625,-0.016542625,-0.016442625,-0.014389089,-0.0142890895,-0.010263397,-0.008988813,-0.008888813,-0.008788813,-0.008688813,-0.008588813,-0.0068351296,-0.0066551096,-0.005671377,-0.005571377,-0.005471377,0.0062167603,0.007597614,0.009417839,0.011523943,0.011817773,0.01192823,0.013269579,0.013369579,0.013469579,0.0135695785,0.015132902,0.01621045,0.016296495,0.018425964,0.018525964,0.018625963,0.019399578,-0.016818186,-0.011794547,-0.009498131,-0.0064116106,0.009605147,0.013379122,0.015381696,0.01779169
2022-12-01,0.018164495,-0.02178385,-0.018410083,-0.018310083,-0.018210083,-0.018110083,-0.018010084,-0.015894216,-0.013209336,-0.01225741,-0.01215741,-0.009709287,-0.007377558,-0.0059991567,-0.005072087,-0.004972087,-0.0048720874,-0.0047720876,0.0069404617,0.0070705744,0.009447134,0.009547134,0.011003489,0.0111034885,0.0118216975,0.011934332,0.012625273,0.012940237,0.013463436,0.014436903,0.014847295,0.014947295,0.015047295,0.019595098,0.019695098,-0.018904837,-0.015536226,-0.011350709,-0.0058795274,0.008965401,0.012283689,0.013702629,0.016704338
2022-12-02,-0.0013167564,-0.020769102,-0.018362245,-0.018262245,-0.018162245,-0.018062245,-0.017962245,-0.016157947,-0.016057948,-0.015957948,-0.014808649,-0.013997027,-0.012492139,-0.011754074,-0.011336116,-0.011236116,-0.011136116,-0.010904375,0.004970521,0.008893515,0.010891021,0.012915148,0.013797415,0.013897415,0.013997415,0.014097415,0.014197415,0.014297415,0.015814802,0.017330803,0.017430803,0.017530803,0.017630802,0.017730802,0.018703619,-0.018663617,-0.016879667,-0.014615011,-0.011721951,0.010333525,0.014684093,0.015854247,0.017745364
2022-12-05,0.0049384227,-0.021452459,-0.019971032,-0.018372227,-0.018272227,-0.01640944,-0.014001182,-0.013192963,-0.010930469,-0.010830469,-0.01073047,-0.01063047,-0.01053047,-0.01039523,-0.009154662,-0.008059755,-0.007959755,-0.006752004,0.0060030995,0.006702145,0.007149342,0.0077710696,0.009298462,0.009492323,0.010752787,0.011080107,0.012822869,0.01315314,0.014008863,0.015203997,0.018010708,0.018110707,0.018210707,0.018310707,0.018410707,-0.018021267,-0.013465461,-0.011317564,-0.008511329,0.0076756887,0.011645606,0.014679916,0.017609365
2022-12-06,-0.0024447332,-0.023686253,-0.018749591,-0.01622192,-0.01587394,-0.0145645505,-0.014464551,-0.014337129,-0.012825972,-0.012725973,-0.012625973,-0.012525973,-0.012425973,-0.012325973,-0.012225973,-0.012125974,-0.011359566,-0.010159539,0.0052402085,0.0053402083,0.008200165,0.008338945,0.009428424,0.011790859,0.011890858,0.013188909,0.013288909,0.013688227,0.013788227,0.017078122,0.017368913,0.018871477,0.018971477,0.019071477,0.019171476,-0.017467778,-0.014115108,-0.012933689,-0.011679405,0.0078020766,0.013034908,0.015362993,0.018312294
2022-12-07,0.0004237379,-0.023167884,-0.018686637,-0.015098295,-0.013372156,-0.012263293,-0.012163294,-0.012063294,-0.009841469,-0.009741469,-0.009641469,-0.00954147,-0.00944147,-0.00934147,-0.00924147,-0.00914147,-0.008345382,-0.0076783085,0.005078647,0.0051786467,0.0053555416,0.0065690326,0.008765766,0.0124052605,0.013102445,0.01344968,0.01354968,0.01364968,0.013869127,0.017152188,0.017259708,0.017359708,0.018620804,0.018720804,0.018820804,-0.015930653,-0.011781564,-0.010085834,-0.00878962,0.007056863,0.013084514,0.015368296,0.017862642
2022-12-08,0.0039099017,-0.022412742,-0.018587321,-0.016224947,-0.016124947,-0.016024947,-0.015924947,-0.014268042,-0.012111421,-0.011484311,-0.0114298,-0.0113298,-0.0112298,-0.0111298,-0.0110298,-0.010929801,-0.010000232,-0.007539955,0.006255812,0.0064151776,0.0070245164,0.0083260955,0.010082315,0.010892948,0.012970623,0.013070622,0.013134965,0.014373806,0.014473806,0.014573806,0.014673806,0.0147248125,0.014824812,0.015366243,0.018914126,-0.01781498,-0.014002735,-0.012365153,-0.010165918,0.008198445,0.012598699,0.014276239,0.01565056
2022-12-09,-0.00041496876,-0.022450514,-0.01870812,-0.017364662,-0.015110584,-0.015010584,-0.014910584,-0.014341032,-0.014241032,-0.013146427,-0.0126666855,-0.009663587,-0.009563588,-0.0075133475,-0.0063513853,-0.0062513854,-0.0061513856,-0.0052257795,0.0077336896,0.008041381,0.008716418,0.008816418,0.008916418,0.010327964,0.01088024,0.011452069,0.012607727,0.012707727,0.014375634,0.014660649,0.014760649,0.014860649,0.0149606485,0.015060648,0.019011876,-0.017238077,-0.014800748,-0.011779048,-0.006728704,0.008837629,0.011612965,0.013862478,0.015670894
2022-12-12,-0.0016212133,-0.02248977,-0.01520561,-0.01510561,-0.01391739,-0.013000771,-0.012900772,-0.012800772,-0.012700772,-0.0117817875,-0.011681788,-0.011581788,-0.011481788,-0.011381788,-0.0107143875,-0.009947857,-0.009423221,-0.008038065,0.0056777955,0.0064291903,0.007970609,0.009000563,0.0095056975,0.010321444,0.011122012,0.011387817,0.011519844,0.011619844,0.013305061,0.014555666,0.0146556655,0.014659363,0.014759363,0.0148593625,0.018921506,-0.015502863,-0.0130579425,-0.0120293815,-0.009941064,0.008040033,0.011478094,0.013151956,0.015530312
2022-12-13,0.010720384,-0.022714652,-0.015308366,-0.015284721,-0.014808835,-0.012064612,-0.010757238,-0.00983731,-0.009327442,-0.009227443,-0.009127443,-0.009027443,-0.008927443,-0.00847284,-0.00740579,-0.0057607796,-0.005647774,-0.0055704163,0.005601715,0.0066967416,0.008105786,0.010195572,0.010377059,0.010518829,0.011603642,0.011703642,0.011803642,0.01231174,0.0134922145,0.013592214,0.014328608,0.014428608,0.014528608,0.014628608,0.019266253,-0.015130741,-0.010886831,-0.009322481,-0.0066824406,0.008440691,0.011700697,0.013145683,0.015248859
2022-12-14,0.00093731395,-0.021804716,-0.0151442345,-0.015044235,-0.012944041,-0.012844041,-0.012744041,-0.011587346,-0.011487346,-0.0091702705,-0.008832585,-0.008732585,-0.008632585,-0.007896819,-0.004758987,-0.0046589873,-0.0045589874,-0.003769231,0.008858667,0.010778379,0.013201946,0.014448005,0.014548005,0.014648004,0.014748004,0.014848004,0.014948004,0.015048004,0.015148004,0.015248003,0.016230963,0.016330963,0.016421158,0.017091198,0.018936059,-0.015096215,-0.012006648,-0.009918675,-0.005295756,0.012407,0.014868004,0.015362635,0.016767439
2022-12-15,0.00012209151,-0.022248603,-0.015138868,-0.014582057,-0.013413348,-0.011584052,-0.011484052,-0.011384052,-0.010263057,-0.010037784,-0.009937785,-0.008898808,-0.008060325,-0.0072622527,-0.005400226,-0.004390418,-0.0042904182,-0.004159684,0.0052954676,0.0053954674,0.0063527827,0.00724277,0.0073427698,0.009741042,0.009841042,0.0099410415,0.010041041,0.011347659,0.012402305,0.013765632,0.013865632,0.013965632,0.014065632,0.015314584,0.018608583,-0.014773784,-0.011550201,-0.009401495,-0.005427911,0.0068255053,0.01042763,0.012324454,0.015104013
2022-12-16,-0.0030049612,-0.021782715,-0.017854579,-0.017754579,-0.01765458,-0.01755458,-0.01745458,-0.01735458,-0.016562853,-0.015761834,-0.013411879,-0.013311879,-0.012617942,-0.012417981,-0.0104432255,-0.010343226,-0.010243226,-0.010143226,0.007648455,0.010916884,0.011179926,0.012090027,0.015139764,0.015239764,0.015339764,0.015439764,0.0155397635,0.015639763,0.015739763,0.015839763,0.015939763,0.016039763,0.016139762,0.016239762,0.018731507,-0.018460205,-0.016977685,-0.014493046,-0.010896957,0.011435011,0.015459764,0.015779763,0.01655811
2022-12-19,-0.0034581623,-0.022335475,-0.018005902,-0.017905902,-0.017805902,-0.017705902,-0.017605903,-0.015304459,-0.0137795955,-0.012348251,-0.009791979,-0.009417159,-0.009317159,-0.0071293456,-0.006355078,-0.005034239,-0.0047319722,-0.0036317655,0.0077947616,0.008681995,0.011066867,0.011166867,0.011599378,0.01255823,0.01265823,0.01275823,0.01285823,0.013357413,0.014915429,0.017132144,0.017871603,0.018253285,0.018353285,0.018451499,0.0187317,-0.018691817,-0.015388822,-0.0115247965,-0.005834042,0.010273744,0.013481079,0.015323301,0.018088046
2022-12-20,0.00568101,-0.022675443,-0.018374626,-0.017586345,-0.017488662,-0.016214943,-0.014102407,-0.013148617,-0.013048617,-0.012036295,-0.011936295,-0.011836295,-0.010626763,-0.008850409,-0.008750409,-0.007825003,-0.006951942,-0.0048624002,0.007885548,0.0083245,0.008695235,0.010855646,0.010955646,0.0110556455,0.011712549,0.011812549,0.011912549,0.012012549,0.014404167,0.014504167,0.014604167,0.015035855,0.0151358545,0.015235854,0.01864769,-0.017771214,-0.013984457,-0.0117128985,-0.00804521,0.009494695,0.012068111,0.013593858,0.015605548
2022-12-21,-0.0023029153,-0.02128317,-0.018434282,-0.018334283,-0.018234283,-0.017162934,-0.017062934,-0.015405344,-0.0145493895,-0.01444939,-0.014300674,-0.013345487,-0.011888728,-0.011788728,-0.011688728,-0.009111294,-0.008642783,-0.0077099735,0.0076318835,0.008700196,0.009200536,0.009851509,0.0108398395,0.010939839,0.01219175,0.01229175,0.01239175,0.012968598,0.013872289,0.015315294,0.015415294,0.015515294,0.015615294,0.015858755,0.018861627,-0.018435521,-0.015960269,-0.01391809,-0.010099653,0.009515175,0.012471065,0.014032645,0.016193252
2022-12-22,-0.0013078937,-0.023584563,-0.018566627,-0.01751965,-0.016544402,-0.016444402,-0.015313624,-0.013607008,-0.013507009,-0.011918484,-0.011818484,-0.011718485,-0.011603265,-0.0068893847,-0.0054293424,-0.0054005776,-0.005107014,-0.0044566463,0.006450436,0.006550436,0.007984993,0.008778942,0.00913875,0.010738749,0.011414811,0.011514811,0.011614811,0.012276101,0.01313934,0.013668189,0.013768189,0.014268709,0.014857572,0.0159309,0.019254507,-0.018090721,-0.014373156,-0.011826353,-0.006422413,0.008235923,0.01146732,0.013111204,0.015378098
2022-12-23,0.001119474,-0.022365864,-0.015140437,-0.015040437,-0.012849209,-0.012760767,-0.01088529,-0.01078529,-0.0101396125,-0.010039613,-0.009939613,-0.009583323,-0.009157101,-0.008622269,-0.0067422027,-0.005487881,-0.0053878813,-0.003731747,0.005424394,0.0064653535,0.008269022,0.008369022,0.009270745,0.0103905,0.010802008,0.011063587,0.011547453,0.013873024,0.013973024,0.014158537,0.01767811,0.017709306,0.017809305,0.017909305,0.018637592,-0.014800313,-0.011378048,-0.009748777,-0.0061866073,0.00786596,0.011751278,0.014272268,0.01721857
2022-12-27,0.0033814402,-0.022441173,-0.017642856,-0.014862693,-0.013765143,-0.011357244,-0.011008344,-0.009224276,-0.009124276,-0.008292575,-0.008192576,-0.008092576,-0.008048679,-0.0073354207,-0.007235421,-0.007135421,-0.0054275454,-0.0053275456,0.0021589661,0.00454307,0.006535502,0.008395691,0.008878149,0.008978149,0.011954868,0.012054868,0.012154868,0.012254868,0.012761953,0.012861953,0.012961953,0.014322859,0.014422859,0.015484779,0.019099845,-0.015242952,-0.010502433,-0.008741859,-0.0066437023,0.0067176195,0.011005597,0.0128913,0.014946277
2022-12-28,-0.0028586627,-0.02307472,-0.014200566,-0.01192555,-0.01182555,-0.011606421,-0.01141547,-0.010968488,-0.009934729,-0.00985133,-0.00975133,-0.00965133,-0.0095513305,-0.009416645,-0.0078018703,-0.007132379,-0.006268624,-0.00515931,0.0037803946,0.0039968407,0.006293856,0.009254744,0.009354744,0.009454744,0.01020271,0.010302709,0.011200941,0.011300941,0.0113673685,0.011467368,0.01167735,0.013473226,0.013573226,0.0143359965,0.01902942,-0.014424545,-0.010819113,-0.010013902,-0.0072027026,0.006705709,0.010376101,0.011781969,0.013996673
2022-12-29,0.004533387,-0.022159224,-0.014768504,-0.012300995,-0.012260438,-0.010934123,-0.010656884,-0.009339857,-0.008795027,-0.008258065,-0.008158065,-0.008058066,-0.007031955,-0.005710497,-0.004922172,-0.004822172,-0.0047221724,-0.0034297076,0.0044758464,0.005334794,0.0062166248,0.007882435,0.008720113,0.008820113,0.008920113,0.009618787,0.009718787,0.010434885,0.010534884,0.012660407,0.012760407,0.012860407,0.01303024,0.013912817,0.01903078,-0.014155835,-0.009870165,-0.008070486,-0.0051908577,0.006565963,0.010050861,0.011275841,0.014244963
