Date,TrueY,Quantile_0.002,Quantile_0.004,Quantile_0.005,Quantile_0.006,Quantile_0.008,Quantile_0.010,Quantile_0.015,Quantile_0.020,Quantile_0.025,Quantile_0.030,Quantile_0.033,Quantile_0.040,Quantile_0.050,Quantile_0.066,Quantile_0.099,Quantile_0.132,Quantile_0.165,Quantile_0.835,Quantile_0.868,Quantile_0.901,Quantile_0.934,Quantile_0.950,Quantile_0.960,Quantile_0.967,Quantile_0.970,Quantile_0.975,Quantile_0.980,Quantile_0.985,Quantile_0.990,Quantile_0.992,Quantile_0.994,Quantile_0.995,Quantile_0.996,Quantile_0.998,ES_0.010,ES_0.025,ES_0.050,ES_0.165,ES_0.835,ES_0.950,ES_0.975,ES_0.990
2016-02-08,0.000255739,-0.020599501,-0.01825969,-0.01815969,-0.015956506,-0.01581657,-0.015085256,-0.01447982,-0.014031719,-0.013300818,-0.012617991,-0.012447233,-0.012048811,-0.0117353,-0.009136881,-0.009036881,-0.008848162,-0.008509644,0.00744654,0.008346927,0.009619222,0.012116396,0.012679504,0.014287867,0.014951495,0.015051495,0.015151495,0.015251495,0.015351495,0.015451495,0.017015403,0.01812178,0.01822178,0.020683454,0.029690217,-0.017143505,-0.01501146,-0.013103816,-0.009595761,0.010496115,0.014544371,0.015885552,0.020192469
2016-02-09,0.014571752,-0.02059662,-0.018329205,-0.016830012,-0.015962062,-0.015532204,-0.014334786,-0.013647876,-0.013066455,-0.012966455,-0.012873839,-0.0127986055,-0.012698606,-0.012598606,-0.012498606,-0.010172173,-0.008496913,-0.006893516,0.006354195,0.007971584,0.008537254,0.008901281,0.00919367,0.009836338,0.010999884,0.011440237,0.011481851,0.011921766,0.012338672,0.013636572,0.015511226,0.016245492,0.01736953,0.01850601,0.028775591,-0.016950974,-0.014169117,-0.013114458,-0.010171963,0.00855284,0.011205716,0.013349679,0.018534977
2016-02-10,-0.009979599,-0.020589182,-0.019097615,-0.01846492,-0.017286869,-0.017186869,-0.01708687,-0.01698687,-0.01688687,-0.01678687,-0.01668687,-0.01658687,-0.01648687,-0.01597371,-0.015100811,-0.01215114,-0.011004311,-0.009837402,0.006631928,0.0076629217,0.009239992,0.010795669,0.013227194,0.014180307,0.015299354,0.017284192,0.017384192,0.017484192,0.017584192,0.0191618,0.019453442,0.019985493,0.020035665,0.020135665,0.029680887,-0.01824948,-0.01724248,-0.016624238,-0.012936106,0.009925973,0.016267536,0.018330008,0.021683458
2016-02-11,0.0129506355,-0.020602137,-0.01887931,-0.018195719,-0.017595058,-0.017495058,-0.017011438,-0.016669406,-0.016569406,-0.016469117,-0.016369117,-0.015257076,-0.014626031,-0.014458925,-0.014102734,-0.008939608,-0.007278273,-0.005789922,0.00601496,0.008237647,0.010095033,0.010237598,0.010995598,0.01227187,0.012700812,0.012833383,0.013092672,0.013570635,0.014040774,0.015223955,0.015323955,0.015482195,0.015964534,0.017953185,0.02974736,-0.0183166,-0.016983017,-0.015806984,-0.010273523,0.00945721,0.012979088,0.014378513,0.01874613
2016-02-12,-0.008659557,-0.02059913,-0.020381946,-0.019216014,-0.019116014,-0.019016014,-0.018916015,-0.018816015,-0.018716015,-0.018616015,-0.018451566,-0.017430676,-0.016674656,-0.015642868,-0.014508549,-0.012863349,-0.0100541,-0.008812874,0.008349802,0.009462014,0.00985317,0.010362041,0.011983899,0.013651724,0.01391654,0.014699699,0.0153087145,0.015630772,0.01601869,0.01883228,0.01893228,0.019032279,0.020102177,0.020202177,0.02918866,-0.019605825,-0.018856015,-0.017680224,-0.012733909,0.010388713,0.014959675,0.017178526,0.021237534
2016-02-15,-0.009029038,-0.020230439,-0.019311436,-0.017351115,-0.016810054,-0.015986202,-0.015455696,-0.0151177365,-0.013907359,-0.01294597,-0.012528749,-0.01232299,-0.01222299,-0.012122991,-0.011499008,-0.0076977825,-0.007380983,-0.006575697,0.0062863766,0.00772622,0.008250603,0.010024514,0.010452713,0.011477897,0.012695816,0.012894508,0.013052597,0.01354766,0.01364766,0.01366244,0.01600647,0.01709524,0.017789036,0.017934088,0.029636832,-0.017558765,-0.014955576,-0.013247557,-0.009095292,0.0089967055,0.012407043,0.014339879,0.018867012
2016-02-16,-8.300794e-05,-0.020578159,-0.019059336,-0.017252859,-0.016531197,-0.01614088,-0.015135501,-0.013505315,-0.012573946,-0.012032663,-0.011080059,-0.0110398345,-0.010939835,-0.010839835,-0.009957509,-0.008375229,-0.007768131,-0.0062436606,0.006689153,0.0075236685,0.0076236683,0.0077734324,0.008635711,0.010057599,0.011225077,0.011820202,0.012717412,0.013025193,0.01397648,0.01619768,0.016217023,0.016317023,0.016460428,0.020708203,0.029396877,-0.017489016,-0.014100057,-0.012113835,-0.008676873,0.0081670005,0.011947277,0.014475438,0.019767363
2016-02-17,-0.0010348122,-0.020624075,-0.018899625,-0.018549047,-0.016209353,-0.015524649,-0.014111637,-0.013294489,-0.012670048,-0.011914492,-0.011814492,-0.011714492,-0.011614492,-0.011514492,-0.0114144925,-0.009279792,-0.0090037845,-0.008903785,0.0045709806,0.0059675146,0.006709098,0.008312373,0.009533216,0.01005073,0.01060838,0.010704069,0.011594866,0.011694866,0.012417691,0.013376667,0.01439464,0.015872434,0.017852105,0.018807385,0.029365253,-0.017073866,-0.014107943,-0.012345033,-0.010063269,0.007233669,0.01107191,0.013387239,0.018363276
2016-02-18,-0.0027459785,-0.02061043,-0.019326912,-0.017114025,-0.016391871,-0.015613499,-0.0139227705,-0.013071899,-0.012340779,-0.012078074,-0.0114367055,-0.011336706,-0.011236706,-0.011136706,-0.008632215,-0.007297593,-0.0067751934,-0.00586502,0.0066672754,0.0072533903,0.008371928,0.008471928,0.008577304,0.009306481,0.010285477,0.010894004,0.0116911875,0.011789426,0.012397309,0.013642536,0.014792811,0.015738044,0.017745744,0.018268134,0.030178247,-0.017173097,-0.01370551,-0.012014734,-0.007981345,0.00821,0.01084195,0.01345324,0.018523954
2016-02-19,0.00045030846,-0.020605346,-0.018925242,-0.017351696,-0.016156632,-0.015787564,-0.014194635,-0.013396731,-0.012897362,-0.011955877,-0.011620572,-0.01101812,-0.01091812,-0.010848698,-0.0093410835,-0.008020904,-0.0076482138,-0.006136811,0.006260174,0.0066855983,0.0071566817,0.0076143416,0.008284725,0.0095385555,0.0098557845,0.010545202,0.011104542,0.011394304,0.01221255,0.013373278,0.014777856,0.01567165,0.017760336,0.01792195,0.030264633,-0.017133884,-0.013959261,-0.012095878,-0.008433026,0.0075145164,0.010627213,0.013169003,0.018401872
2016-02-22,-0.0071568293,-0.020611037,-0.018302117,-0.01695294,-0.015903912,-0.015645433,-0.014863877,-0.014267407,-0.012990234,-0.012440076,-0.01110734,-0.011007341,-0.010754382,-0.010654382,-0.009495851,-0.0069859433,-0.0056402916,-0.0043889275,0.005803922,0.006312665,0.007680761,0.008508945,0.009213964,0.010509179,0.010806227,0.0110525405,0.011252776,0.011375101,0.01218977,0.013494626,0.014524465,0.015654946,0.017261999,0.01841161,0.02979562,-0.017065275,-0.014302907,-0.012074044,-0.0075036706,0.007822504,0.011129083,0.013114855,0.018376254
2016-02-23,-0.00027210143,-0.02059795,-0.019102383,-0.017413963,-0.016374188,-0.015528992,-0.013636564,-0.01291723,-0.011867829,-0.010385302,-0.009571096,-0.009149998,-0.009049999,-0.008934926,-0.008834926,-0.008699719,-0.008422909,-0.006706002,0.0028248362,0.0029510527,0.004864448,0.006328931,0.007033656,0.008768016,0.009944106,0.010217335,0.010591429,0.011128299,0.012403386,0.013853748,0.014768565,0.015925186,0.017802073,0.018550793,0.030238386,-0.017048016,-0.013244177,-0.010612083,-0.0083627105,0.0053826747,0.010200211,0.013155786,0.018667335
2016-02-24,0.00015419991,-0.020235932,-0.018903937,-0.018500037,-0.016407212,-0.015562503,-0.014248455,-0.013313587,-0.01245385,-0.01157427,-0.010839988,-0.010551636,-0.010451636,-0.010082062,-0.008394104,-0.007999517,-0.0070216917,-0.0059856167,0.0049631805,0.0053426377,0.0069218273,0.007666586,0.0087750545,0.00881208,0.009988759,0.010633393,0.010941947,0.011440717,0.0124866655,0.013469554,0.0144932605,0.015577577,0.01721803,0.018730856,0.029043628,-0.017071608,-0.014018039,-0.011615199,-0.007990513,0.0069765984,0.01062616,0.013111383,0.018262975
2016-02-25,0.0008522058,-0.02027901,-0.019136846,-0.017840164,-0.016637705,-0.015679035,-0.015082002,-0.013893587,-0.013451166,-0.011703908,-0.011083728,-0.010983728,-0.010883728,-0.010607123,-0.010249731,-0.008505825,-0.006654959,-0.0045554624,0.004090921,0.004190921,0.0043677688,0.0057951896,0.0075757597,0.008896026,0.010003454,0.010505444,0.011237787,0.011547819,0.01233174,0.0138072455,0.014489007,0.015496595,0.017723383,0.018089868,0.029884225,-0.01736292,-0.014394166,-0.01222155,-0.008189941,0.005689651,0.010466458,0.013329595,0.018353388
2016-02-26,-0.009908555,-0.02059615,-0.018750684,-0.017056737,-0.016416484,-0.015363943,-0.014052282,-0.012961861,-0.012039519,-0.011189917,-0.009942152,-0.009905793,-0.009735928,-0.009635928,-0.009535928,-0.009435928,-0.009185721,-0.008351525,0.0026676625,0.0027676625,0.004759319,0.006469226,0.0075654876,0.009035629,0.0098142335,0.0099777505,0.010980538,0.01154182,0.012270691,0.013502218,0.014561797,0.016061446,0.017852169,0.018104754,0.030041594,-0.017035907,-0.013460064,-0.011081162,-0.009282979,0.0052956208,0.010324581,0.0132294865,0.018454362
2016-02-29,-0.005736671,-0.020600969,-0.018868918,-0.016738744,-0.015964441,-0.015500122,-0.014263151,-0.0138697475,-0.013550886,-0.012063039,-0.011288882,-0.010511433,-0.010411433,-0.010311433,-0.010211433,-0.008475726,-0.0071906406,-0.005164768,0.0034463336,0.0038506475,0.00446704,0.008010093,0.009398709,0.0099506145,0.010892273,0.011298591,0.011398591,0.011451793,0.012382443,0.013603799,0.014610338,0.01573212,0.017634768,0.017844168,0.029692998,-0.017039519,-0.014097114,-0.011965157,-0.0083108,0.006133278,0.011140701,0.01329428,0.018296685
2016-03-01,-0.00039129125,-0.020607218,-0.018290348,-0.01761239,-0.01655247,-0.015402874,-0.014399159,-0.012495963,-0.011548246,-0.010688959,-0.010588959,-0.009852099,-0.009752099,-0.009748538,-0.009648538,-0.008225525,-0.008125525,-0.007594319,0.0027609216,0.0032403504,0.0049851574,0.00601546,0.006972054,0.008556922,0.009211568,0.009971578,0.0100715775,0.011300026,0.012279126,0.013998112,0.014511506,0.01563598,0.016650993,0.018567478,0.030498864,-0.017050413,-0.013348943,-0.0112074,-0.008689201,0.0052426914,0.010159738,0.012859968,0.018642388
2016-03-02,-0.0029026326,-0.020228641,-0.01921779,-0.017262379,-0.01642102,-0.015472655,-0.015102928,-0.013791875,-0.012870034,-0.012242688,-0.010609908,-0.010509908,-0.010409908,-0.009955957,-0.009855957,-0.00922892,-0.008918248,-0.0076216706,0.0038496228,0.0038956553,0.005199095,0.006101929,0.007707519,0.008602863,0.009910877,0.010084659,0.010525007,0.01162266,0.012296916,0.013236568,0.014263399,0.016098056,0.018105734,0.018195301,0.029816056,-0.017288607,-0.01425398,-0.011789747,-0.009226941,0.0057914355,0.010250853,0.013157377,0.018321875
2016-03-03,0.00957044,-0.020600809,-0.018915927,-0.017395932,-0.016438952,-0.015334384,-0.01414893,-0.012670007,-0.011344725,-0.01066026,-0.009548403,-0.009366427,-0.0090811495,-0.00898115,-0.00888115,-0.008858783,-0.008555939,-0.006738832,0.0035839328,0.004451932,0.0055579157,0.0062422864,0.00784092,0.008959874,0.009896598,0.009996598,0.010578053,0.011331984,0.011952161,0.01319689,0.014688264,0.015531041,0.017937122,0.018037122,0.029202897,-0.0170878,-0.01324397,-0.010620872,-0.008480227,0.005946533,0.010265253,0.012999242,0.018131243
2016-03-04,0.0069825174,-0.020164939,-0.019098418,-0.017249024,-0.016191456,-0.015626201,-0.014140494,-0.012948552,-0.011653652,-0.010451866,-0.010149339,-0.010049339,-0.00994934,-0.00984934,-0.00974934,-0.00846437,-0.008217631,-0.007383169,0.0038236377,0.004179418,0.004469759,0.006885395,0.0075011887,0.008579708,0.009740967,0.009806771,0.010807669,0.011139514,0.012181786,0.013316687,0.013871301,0.01532722,0.01709242,0.018273506,0.029160956,-0.017044302,-0.013288719,-0.011148433,-0.00877277,0.0058198357,0.010068773,0.012907615,0.017989933
2016-03-07,-0.0022416692,-0.020609714,-0.020509714,-0.018019212,-0.016821021,-0.016226577,-0.016126577,-0.016026577,-0.015923208,-0.015663212,-0.015563212,-0.015371388,-0.015271388,-0.013777484,-0.012386679,-0.006971561,-0.0064169983,-0.005244116,0.008745322,0.010196191,0.01171256,0.011829771,0.01249735,0.012894272,0.013833622,0.013933622,0.014157551,0.015181316,0.016930848,0.017030848,0.017243769,0.017343769,0.017768731,0.020601898,0.029331846,-0.018058721,-0.016351756,-0.015332374,-0.009278148,0.011263493,0.014307482,0.01621386,0.020310426
2016-03-08,0.006644422,-0.020583168,-0.019075481,-0.017278451,-0.016319914,-0.015364298,-0.014586643,-0.012695576,-0.012318696,-0.011059786,-0.010693117,-0.010020846,-0.00995195,-0.009445704,-0.008502603,-0.0071500246,-0.006248038,-0.005270001,0.0058532185,0.007195692,0.008185206,0.008285206,0.0093348175,0.010388396,0.011037658,0.011224696,0.011324696,0.011747552,0.012142554,0.013319125,0.014486356,0.015264192,0.017688762,0.018246362,0.029484889,-0.0171859,-0.01358783,-0.011399223,-0.007438302,0.008111397,0.011202918,0.0132445395,0.018160185
2016-03-09,-0.004561732,-0.020621514,-0.018520042,-0.017139329,-0.016287861,-0.015546758,-0.0144975195,-0.012890109,-0.01214802,-0.011397034,-0.0106293475,-0.010093679,-0.009993679,-0.009441904,-0.008468384,-0.007935955,-0.0070917187,-0.0068172626,0.0028697308,0.0040982077,0.005205589,0.0066218474,0.00791427,0.00888633,0.009460461,0.009562174,0.011268462,0.011368462,0.01238409,0.013256476,0.014657202,0.01628999,0.01638999,0.018017858,0.030139264,-0.017094739,-0.013614401,-0.011342093,-0.0080814,0.005651167,0.010197543,0.012933495,0.01847216
2016-03-11,0.013683733,-0.02108823,-0.018879928,-0.01779509,-0.016360851,-0.015449031,-0.014035086,-0.0134656755,-0.0119077675,-0.011677762,-0.011158633,-0.010971693,-0.01063886,-0.010151679,-0.00864823,-0.007362361,-0.0064673647,-0.0058808974,0.005040069,0.005555775,0.005655775,0.0067374296,0.0076322663,0.008974257,0.009864398,0.010259699,0.010660071,0.011396094,0.012267843,0.013237588,0.014247978,0.015510765,0.016996475,0.018255776,0.029756,-0.017162625,-0.013776275,-0.011578405,-0.007866109,0.0065706894,0.010299981,0.012911615,0.018201623
2016-03-14,-0.0046800207,-0.020613566,-0.019095207,-0.016606383,-0.015981173,-0.015881173,-0.015419962,-0.014155244,-0.013648266,-0.012919591,-0.012819591,-0.012587578,-0.012487578,-0.012387578,-0.01137684,-0.0101268655,-0.008584791,-0.007894469,0.006254429,0.00746356,0.009054285,0.010627174,0.011532729,0.012358099,0.012768777,0.014462275,0.015557094,0.015657093,0.015757093,0.016457716,0.017197965,0.01796502,0.01806502,0.018570805,0.030333258,-0.017398216,-0.014549889,-0.013352595,-0.010114109,0.009233644,0.0140935825,0.016298804,0.020104952
2016-03-15,0.0004950874,-0.020108324,-0.01901245,-0.017784761,-0.016437724,-0.0153127145,-0.014079535,-0.0132851,-0.012940279,-0.011267117,-0.01082492,-0.010561707,-0.010471263,-0.009539354,-0.008983024,-0.008610929,-0.007890524,-0.007589798,0.0048795007,0.004930076,0.0076862904,0.007829223,0.009038656,0.009350869,0.009450869,0.01094256,0.0110425595,0.011142559,0.012283816,0.013196954,0.014107098,0.015551253,0.017753303,0.018500002,0.029872328,-0.01699015,-0.013871359,-0.01157107,-0.008727197,0.0069551915,0.01073432,0.013083838,0.018245528
2016-03-18,0.016055765,-0.02061403,-0.018921087,-0.017966963,-0.016456049,-0.015488012,-0.0144552095,-0.012705575,-0.011624755,-0.011623217,-0.01013079,-0.009818031,-0.008574351,-0.008196939,-0.006607848,-0.0045665917,-0.004466592,-0.003962347,0.004788275,0.004938781,0.0062801037,0.0065882173,0.00898847,0.009295186,0.010061158,0.010471585,0.011455659,0.0115837585,0.011972016,0.013173202,0.014374714,0.015653985,0.017652135,0.01842394,0.029172776,-0.017186876,-0.013675144,-0.0105964085,-0.0058842823,0.006531307,0.0107024405,0.013167354,0.018159723
2016-03-21,-0.0028446114,-0.020608976,-0.018577812,-0.018521281,-0.016444763,-0.015644887,-0.014025662,-0.012744849,-0.011886682,-0.0113913035,-0.009543528,-0.009473951,-0.009464943,-0.008337011,-0.0065827207,-0.005368735,-0.004701262,-0.0037344096,0.003317889,0.004348945,0.005558287,0.0064826864,0.007610062,0.008727961,0.009852111,0.010488409,0.010967114,0.011604357,0.012232537,0.013370163,0.014715803,0.015289563,0.017462958,0.01824825,0.02973832,-0.01706042,-0.013713956,-0.010651565,-0.0059722154,0.0059119835,0.010360191,0.013127426,0.01827242
2016-03-22,-0.00287054,-0.020922322,-0.018900147,-0.016993234,-0.01594407,-0.015661191,-0.013823689,-0.012219912,-0.011190123,-0.01051169,-0.00975818,-0.009095412,-0.00891198,-0.008013812,-0.0077042254,-0.0065298234,-0.005153789,-0.005142102,0.005350811,0.0057291533,0.0068953997,0.0075191115,0.008092546,0.009555812,0.00987357,0.010305732,0.011047167,0.011091118,0.012318746,0.013420518,0.01464489,0.015715664,0.017902428,0.018557092,0.030363565,-0.017050285,-0.012947729,-0.010339556,-0.0067250705,0.0070736087,0.010493145,0.013155995,0.018540347
2016-03-23,-0.0046937387,-0.020134527,-0.018831996,-0.018526139,-0.016433058,-0.015277465,-0.015151597,-0.01319408,-0.012327501,-0.01150632,-0.01140632,-0.01130632,-0.0112063205,-0.010340979,-0.0082920985,-0.007251036,-0.0061760866,-0.004727993,0.0036921694,0.0045563583,0.006087611,0.007271722,0.008880875,0.009324981,0.010108989,0.010331117,0.010693181,0.012369497,0.0127028255,0.013155898,0.014490947,0.01654492,0.017506532,0.01796955,0.029614797,-0.01716573,-0.0141411275,-0.012086543,-0.0075507066,0.00634337,0.0108124735,0.013285587,0.018355222
2016-03-24,-0.0010990549,-0.020587968,-0.018806353,-0.017191548,-0.016129825,-0.01554571,-0.013897469,-0.01164444,-0.010524559,-0.010120929,-0.0098047545,-0.009284712,-0.009184713,-0.0076391,-0.0064838836,-0.005463831,-0.0053638313,-0.003629254,0.003885357,0.004596285,0.005719051,0.006809865,0.008400602,0.008768041,0.010064847,0.01070179,0.010819546,0.011400757,0.012126227,0.013465342,0.014394861,0.01615233,0.017529648,0.017675506,0.03005868,-0.016993465,-0.012675789,-0.010210119,-0.006045102,0.0062150816,0.010547306,0.0130683035,0.018349344
2016-03-29,0.0035703105,-0.020612286,-0.01797352,-0.017010763,-0.016115416,-0.014975366,-0.0140802525,-0.012121356,-0.011085375,-0.009528209,-0.009364946,-0.009125793,-0.008392905,-0.0059773237,-0.005826071,-0.0049313027,-0.0037809832,-0.0035632679,0.004344639,0.005398826,0.006036045,0.006862251,0.007905409,0.008205245,0.00918271,0.009431564,0.010235538,0.0110390475,0.012118886,0.013338008,0.014298793,0.015762456,0.01764478,0.017959436,0.029451547,-0.016751368,-0.0127651915,-0.00978016,-0.0054454836,0.006364894,0.009983854,0.0128752515,0.018162047
2016-03-30,0.01127962,-0.02059391,-0.018436927,-0.017472273,-0.01621114,-0.015615517,-0.014130366,-0.012183154,-0.01120989,-0.010064178,-0.009977283,-0.009620794,-0.009531163,-0.008958843,-0.0065288744,-0.0064288746,-0.006345205,-0.0061246576,0.00455093,0.004854378,0.0052455594,0.005723291,0.0069074454,0.008310722,0.008853069,0.009217239,0.0106987385,0.011249393,0.012007495,0.013106076,0.014152237,0.014896458,0.017673401,0.01786069,0.030477114,-0.016997572,-0.0130119715,-0.010761509,-0.0070096813,0.005845445,0.009758176,0.012947021,0.018098515
2016-03-31,0.0052863015,-0.020020045,-0.018719302,-0.017553348,-0.016577423,-0.016510596,-0.014538654,-0.013310604,-0.013191535,-0.012015156,-0.011024792,-0.010924792,-0.009317349,-0.00866918,-0.007677987,-0.006000026,-0.005213287,-0.0038313163,0.0054053464,0.0063983263,0.008332939,0.009841456,0.011425455,0.013370343,0.013525457,0.013621145,0.013721145,0.014770107,0.014919001,0.016598163,0.01795022,0.01847574,0.020233301,0.020333301,0.02916191,-0.017273204,-0.01412186,-0.011348302,-0.006729482,0.008700704,0.013957043,0.016048344,0.020503866
2016-04-01,-0.00043030962,-0.020401996,-0.018075686,-0.016921343,-0.015948676,-0.015102916,-0.014149953,-0.012040458,-0.010893261,-0.010372304,-0.010168134,-0.009406366,-0.009032733,-0.0073392782,-0.006846208,-0.005749932,-0.005649932,-0.005475685,0.005215885,0.005315885,0.0062366365,0.006452015,0.007840427,0.008953023,0.010016285,0.010217093,0.010980386,0.011466229,0.01218859,0.013305028,0.0144325625,0.014958914,0.017696472,0.018072348,0.029292226,-0.016735846,-0.012875465,-0.010316672,-0.006625625,0.006647341,0.01035636,0.01312734,0.018012216
2016-04-04,7.905034e-05,-0.020619454,-0.018406905,-0.016868321,-0.015905077,-0.01538326,-0.014491589,-0.013892213,-0.012853016,-0.011973387,-0.011182734,-0.0105268955,-0.009466859,-0.008463175,-0.00781356,-0.0060168244,-0.004784931,-0.0035666798,0.0038438274,0.004907276,0.0072815535,0.008067037,0.008885402,0.009574728,0.011203576,0.011312241,0.011699652,0.011787537,0.012117526,0.01332079,0.014316536,0.01662684,0.016975764,0.018628815,0.029818071,-0.016961258,-0.014015706,-0.011291474,-0.0065417783,0.0070606535,0.010976139,0.013180253,0.018542212
2016-04-05,-0.0006743244,-0.020585652,-0.018439244,-0.017249072,-0.015890954,-0.01539988,-0.01393653,-0.012500038,-0.012028873,-0.011928873,-0.011301394,-0.0096238395,-0.009357173,-0.008127586,-0.007455672,-0.0048724925,-0.003990433,-0.003171271,0.0047501423,0.005662965,0.0057936953,0.0066510355,0.007705801,0.008748844,0.010137432,0.010919815,0.011019815,0.0111161815,0.012129979,0.013397864,0.014007061,0.015736818,0.017665198,0.018543355,0.029676234,-0.016850453,-0.013528678,-0.010950311,-0.005822742,0.0065990537,0.010377701,0.0130658075,0.018272268
2016-04-06,0.004422036,-0.020615082,-0.018517653,-0.017815258,-0.016397787,-0.01532597,-0.01397287,-0.0123520885,-0.011803454,-0.011120981,-0.009588096,-0.009488096,-0.009388097,-0.008095415,-0.0074700536,-0.005129882,-0.004513902,-0.0035692996,0.0047671073,0.005908705,0.0062533813,0.0072173877,0.007894105,0.009301899,0.00976959,0.010289845,0.011110514,0.01125851,0.011954365,0.013302438,0.0142952,0.015293741,0.01760396,0.018357838,0.02938547,-0.016965872,-0.013412932,-0.010569586,-0.0060342466,0.0067832344,0.010409359,0.013045957,0.018126938
2016-04-07,-0.0037213627,-0.02060828,-0.018432083,-0.017700609,-0.016274543,-0.015247553,-0.014109227,-0.012696834,-0.011164289,-0.010364611,-0.010361419,-0.010340855,-0.009611052,-0.00876869,-0.008244961,-0.0072019473,-0.0063643255,-0.0048056124,0.004012212,0.004854612,0.0068595586,0.0071939193,0.008917113,0.0092189,0.0105749825,0.010656785,0.011094077,0.011621791,0.012091309,0.013242245,0.013976573,0.014957105,0.01807516,0.018779013,0.030243073,-0.016934339,-0.013207113,-0.010802936,-0.00739154,0.006699057,0.010731367,0.0132249165,0.018239602
2016-04-08,0.0016476113,-0.020512408,-0.018119346,-0.016885344,-0.016035909,-0.01563137,-0.014866431,-0.014486333,-0.014253995,-0.01311124,-0.012116779,-0.012016779,-0.011051116,-0.009873037,-0.008516891,-0.0056840344,-0.0054053892,-0.0047396137,0.005405737,0.005975606,0.007495106,0.008201903,0.009724664,0.010573637,0.011617367,0.012458944,0.012576115,0.012676115,0.012854614,0.013235913,0.014392614,0.015646212,0.017667439,0.01794022,0.029405795,-0.017033093,-0.014720669,-0.012432272,-0.0072725415,0.007739144,0.011733854,0.013802039,0.018124152
2016-04-11,0.000561016,-0.020608597,-0.017803235,-0.017579973,-0.016596388,-0.014928651,-0.01375145,-0.012080368,-0.010707591,-0.009425959,-0.00876333,-0.008367538,-0.008202628,-0.0076566325,-0.0067733405,-0.005616342,-0.0050511165,-0.0049511166,0.0035545428,0.004672874,0.0050851903,0.0067303977,0.008226134,0.009156215,0.009944072,0.0107693095,0.010828216,0.011136854,0.012142417,0.013180694,0.014177066,0.015554994,0.017468713,0.018067287,0.02979424,-0.016737664,-0.012709069,-0.009816327,-0.006151891,0.0059974156,0.010493842,0.012951379,0.018154856
2016-04-12,-0.0014053244,-0.020539345,-0.018571882,-0.017198708,-0.016447257,-0.014562326,-0.013909729,-0.012059792,-0.010953433,-0.009804301,-0.008631277,-0.00859949,-0.00849949,-0.007671262,-0.006885563,-0.0068133725,-0.0064494973,-0.0058625387,0.0036160185,0.004503261,0.007106558,0.0074921683,0.008625326,0.009517957,0.010270756,0.01036352,0.010707747,0.011001711,0.012018274,0.013268289,0.014445565,0.015212652,0.017665803,0.01822101,0.028877271,-0.016806107,-0.0127851935,-0.009933038,-0.0069220923,0.006597752,0.0105553605,0.012932365,0.018004958
2016-04-13,-0.01013229,-0.020595536,-0.018468183,-0.016128194,-0.016028194,-0.015414997,-0.014227475,-0.012682892,-0.011982923,-0.011916941,-0.010764573,-0.010310487,-0.010183637,-0.008911436,-0.008321105,-0.008115592,-0.007922871,-0.0074493764,0.0050890655,0.0058208928,0.0063775657,0.007349494,0.00784426,0.007978622,0.009322986,0.009467505,0.010224402,0.011094124,0.012104012,0.013379558,0.014872171,0.015501143,0.017843788,0.017877743,0.029680176,-0.016946876,-0.013387686,-0.0112140095,-0.008423885,0.0067920005,0.009952814,0.012929177,0.01826216
2016-04-14,-0.0015681372,-0.020582005,-0.017769238,-0.017669238,-0.016642975,-0.015488368,-0.014382788,-0.012350639,-0.011578283,-0.011324131,-0.011229599,-0.011101456,-0.010447301,-0.008893568,-0.008177664,-0.007757586,-0.007503091,-0.007268186,0.005180875,0.0058830897,0.0063628517,0.0072454,0.007886494,0.009074852,0.009156002,0.009168137,0.0110308565,0.011414083,0.012156062,0.013319024,0.014384106,0.015329995,0.017639458,0.01823097,0.030361572,-0.016973075,-0.013461016,-0.011306307,-0.008361597,0.006765644,0.010172518,0.013111897,0.018325131
2016-04-15,0.0027708525,-0.020601898,-0.018451385,-0.017844383,-0.015919095,-0.015225326,-0.014217047,-0.011903977,-0.010519323,-0.00989307,-0.009179421,-0.009156107,-0.008219635,-0.0066845217,-0.0066071833,-0.005875733,-0.003971039,-0.0033025462,0.0038876676,0.004861245,0.0059119416,0.006451604,0.0075563653,0.008555134,0.008879057,0.009019839,0.010214123,0.011151095,0.011999982,0.013098547,0.014267673,0.015320401,0.015940206,0.018011162,0.029730445,-0.01688295,-0.01287556,-0.009763989,-0.0057825213,0.005998303,0.009876196,0.012480791,0.018085647
2016-04-18,0.0025159249,-0.020625478,-0.018403193,-0.017695194,-0.016079841,-0.015382428,-0.013623003,-0.012258496,-0.01105366,-0.009924411,-0.009677701,-0.008993497,-0.008953959,-0.007626953,-0.006933329,-0.005369316,-0.0044633923,-0.0038483886,0.004813686,0.005161281,0.0059096734,0.007021202,0.007237177,0.0084036095,0.009243393,0.009323086,0.010675915,0.011035566,0.011934162,0.01320765,0.014885336,0.015544634,0.017781053,0.018102305,0.030291317,-0.016822789,-0.012910953,-0.010187055,-0.0059215846,0.0064298473,0.009841417,0.012926867,0.018406248
2016-04-19,0.004674542,-0.020505376,-0.018524213,-0.016919473,-0.015921671,-0.015237152,-0.014034282,-0.011857091,-0.010966615,-0.0101404525,-0.010011226,-0.009911226,-0.009811226,-0.009711226,-0.008826053,-0.008088307,-0.006063355,-0.0051118354,0.004392152,0.006060062,0.00756028,0.008197491,0.008885606,0.00895941,0.00905941,0.009238198,0.010343093,0.011147303,0.011974039,0.012975013,0.014214957,0.015553501,0.017754607,0.018062282,0.029668136,-0.016844539,-0.012783582,-0.010906915,-0.0076001557,0.007053879,0.010241106,0.012838811,0.018094778
2016-04-20,-0.004109441,-0.020613356,-0.018181935,-0.017121749,-0.015986234,-0.015444788,-0.013449432,-0.011608244,-0.010596121,-0.010496121,-0.009940602,-0.009865893,-0.009765893,-0.009665893,-0.008565301,-0.008094598,-0.0075737205,-0.007464419,0.004030346,0.0047716456,0.007254288,0.0075518196,0.008474169,0.008574169,0.009099378,0.009199378,0.009809035,0.010613219,0.01225639,0.013341557,0.014462285,0.015171347,0.0161542,0.0183702,0.029675364,-0.016735148,-0.012654332,-0.010683589,-0.008312787,0.006541495,0.010040498,0.01243488,0.018204149
2016-04-22,-0.007978445,-0.020197572,-0.018552525,-0.016992088,-0.0161586,-0.015534148,-0.014368734,-0.012532267,-0.011126476,-0.010224496,-0.00993214,-0.009635364,-0.008520601,-0.0084206015,-0.007915333,-0.007051303,-0.0059484974,-0.005364181,0.0044724415,0.0052884095,0.006856625,0.007924428,0.008024428,0.008480106,0.008580105,0.008680105,0.009351541,0.009897726,0.011744708,0.0130830165,0.013927221,0.015572429,0.015694175,0.01805096,0.029409964,-0.016962316,-0.013048813,-0.010473711,-0.0071829357,0.006624402,0.009633076,0.011954234,0.018008718
2016-04-25,0.0030606466,-0.020616235,-0.018394832,-0.017691262,-0.016414834,-0.015827188,-0.014172522,-0.012762278,-0.010997676,-0.01031688,-0.009980493,-0.008898215,-0.008000073,-0.0077927923,-0.0074528526,-0.0068889963,-0.005183573,-0.0050034644,0.0030013334,0.0041926755,0.005560715,0.0068718973,0.0069998493,0.00732347,0.007902571,0.0085105365,0.009202925,0.0101656355,0.011893225,0.013160059,0.014261873,0.015970359,0.017809235,0.018209482,0.029881835,-0.017085124,-0.013188124,-0.010188711,-0.006685421,0.0055058384,0.00923191,0.012446215,0.018296722
2016-04-26,0.0038933163,-0.020082297,-0.018284442,-0.017622344,-0.016078455,-0.015674569,-0.014242143,-0.012667187,-0.011005619,-0.009944393,-0.008651887,-0.008551887,-0.008451887,-0.00827153,-0.0065698097,-0.0054340884,-0.0048601376,-0.00455533,0.0050893254,0.0060692653,0.0062393933,0.006267575,0.006530154,0.0069449833,0.0077763475,0.007856646,0.008915769,0.009990872,0.012221374,0.01315337,0.014119875,0.01571646,0.01763367,0.018203108,0.03006541,-0.01687238,-0.013096337,-0.010124613,-0.0059942505,0.0062883818,0.008895205,0.012383011,0.018251644
2016-04-27,0.00047704446,-0.020600252,-0.018343065,-0.016915597,-0.016642435,-0.015596507,-0.014954898,-0.012333914,-0.0110029215,-0.008707669,-0.008222591,-0.00784911,-0.006958414,-0.006858414,-0.006336482,-0.006236482,-0.0057193665,-0.005342795,0.003232412,0.0042156577,0.0058338176,0.006555042,0.006655042,0.0072812806,0.007842609,0.007909244,0.0091991965,0.01003331,0.012004031,0.0130161,0.014214547,0.015398452,0.017703587,0.01795918,0.029420901,-0.01722743,-0.012783,-0.009599448,-0.006296848,0.005535907,0.0089789955,0.012391245,0.018001836
2016-04-28,0.00015896426,-0.020606373,-0.01858549,-0.01704888,-0.016822804,-0.015771229,-0.014713958,-0.012264615,-0.011123405,-0.008957134,-0.007843424,-0.0078368,-0.007216715,-0.006961592,-0.006054677,-0.0054140454,-0.0053140456,-0.0052565713,0.0030786684,0.004824626,0.0058671692,0.006607533,0.006707533,0.0068075326,0.008209624,0.00874931,0.009514803,0.010130287,0.012175775,0.013218418,0.014103881,0.014988189,0.017750915,0.018096296,0.030320112,-0.01729997,-0.012821598,-0.009571819,-0.005975228,0.0057175243,0.009122616,0.01255804,0.018145379
2016-04-29,0.010230774,-0.020248298,-0.018485246,-0.0178194,-0.016643323,-0.01585392,-0.01515692,-0.013413681,-0.012653212,-0.012553212,-0.012393561,-0.011337569,-0.010922734,-0.010680199,-0.008252025,-0.0067662867,-0.0056931265,-0.0043911724,0.0044418294,0.0054480797,0.0072173243,0.007982221,0.009542855,0.009642855,0.010435854,0.010633429,0.010733428,0.011740561,0.011938968,0.0133267315,0.014199855,0.015577337,0.017664442,0.018049603,0.029089758,-0.017277543,-0.014319286,-0.012361325,-0.007288036,0.0071050613,0.010977286,0.013080826,0.018048657
2016-05-02,0.0065124673,-0.02061399,-0.018558785,-0.016949972,-0.016299454,-0.015690558,-0.0145617975,-0.013369973,-0.011832291,-0.011732291,-0.011632292,-0.011532292,-0.011432292,-0.011269794,-0.011169794,-0.010258795,-0.008973861,-0.0076479604,0.0056735673,0.0064723142,0.007919589,0.008942763,0.009350626,0.009450626,0.009550625,0.009650625,0.010733536,0.0112092495,0.012045556,0.013147753,0.014037525,0.015748246,0.017859144,0.01809436,0.03017258,-0.017144917,-0.013689265,-0.0121456925,-0.00991654,0.007711773,0.010561775,0.0129990475,0.018240092
2016-05-03,-0.00074275973,-0.020616485,-0.018472895,-0.017784422,-0.016334394,-0.015755251,-0.015191552,-0.012530307,-0.011069242,-0.010535838,-0.009601055,-0.00940877,-0.009396124,-0.008827192,-0.008205172,-0.0070801955,-0.0063612177,-0.005432692,0.0033343926,0.004246622,0.004940176,0.006632526,0.007118442,0.008179281,0.009101301,0.010096473,0.010612309,0.011286266,0.011995679,0.013353079,0.014454161,0.0146509055,0.01760939,0.018265015,0.029271735,-0.017274115,-0.013422271,-0.010817032,-0.00729761,0.0056510037,0.010006708,0.012971344,0.01799898
2016-05-04,-0.00185714,-0.020278296,-0.01863609,-0.01822874,-0.016703045,-0.015687073,-0.014670607,-0.012634237,-0.011793356,-0.011693357,-0.011454996,-0.010814436,-0.010135474,-0.010035474,-0.010004399,-0.009395623,-0.008304664,-0.007911155,0.0042543714,0.0055988603,0.006233175,0.0074147396,0.008215091,0.008524519,0.0092831105,0.00938311,0.010170416,0.011118253,0.0121584935,0.013200501,0.014270106,0.015511874,0.017350823,0.017943943,0.030308155,-0.017195022,-0.01380406,-0.011617981,-0.009286055,0.0065568513,0.010088295,0.012799697,0.018246915
2016-05-05,-0.0072154687,-0.020611247,-0.018475132,-0.0177687,-0.016771028,-0.01578508,-0.015030548,-0.014268972,-0.013772302,-0.012966843,-0.0121316,-0.010910763,-0.010508271,-0.010149109,-0.0088887615,-0.006793857,-0.006584418,-0.0056450595,0.0037291974,0.0052798386,0.0062109027,0.008077844,0.009138029,0.009767526,0.010152827,0.010252827,0.011147085,0.011424386,0.012147725,0.013056018,0.0140852565,0.015399921,0.01765541,0.018353885,0.028909862,-0.017334606,-0.014761473,-0.012318365,-0.007764572,0.006690122,0.010727757,0.013086125,0.017960988
2016-05-06,0.0014568975,-0.0206176,-0.018574167,-0.017810885,-0.016288597,-0.015738288,-0.01457766,-0.012795404,-0.0114170415,-0.010134863,-0.009667632,-0.009471424,-0.009361542,-0.0082054995,-0.008204531,-0.0073044826,-0.0062595126,-0.006188979,0.0032372526,0.0049151485,0.006083993,0.007043263,0.008304392,0.0092373835,0.009791763,0.010300548,0.010484441,0.010884737,0.012163123,0.013210221,0.014010235,0.015704438,0.017701078,0.01808711,0.029538505,-0.017159263,-0.013347169,-0.010645876,-0.007485786,0.0062142843,0.010387456,0.01288872,0.018110102
2016-05-09,-0.001551176,-0.020578299,-0.018159876,-0.016520146,-0.016091447,-0.015699094,-0.014604386,-0.012423263,-0.011779253,-0.011474905,-0.010816383,-0.010716383,-0.0106163835,-0.0101263905,-0.009676051,-0.009650096,-0.008932688,-0.007880905,0.0043305005,0.00554215,0.006567899,0.0074481224,0.008951819,0.010120765,0.010220765,0.010320765,0.010644629,0.0109397145,0.011776436,0.013060126,0.013882801,0.015642097,0.017688379,0.018211093,0.02981567,-0.017026622,-0.01336039,-0.0115885595,-0.009371225,0.006821887,0.010678638,0.012821856,0.018122356
2016-05-10,-0.0014811193,-0.020138666,-0.018319707,-0.017170269,-0.016345968,-0.015708206,-0.014511907,-0.012403999,-0.011029268,-0.009652948,-0.009284038,-0.008326412,-0.008226412,-0.0081264125,-0.00746912,-0.0070557585,-0.006632318,-0.0056954958,0.002824523,0.0035737865,0.0052865036,0.007168397,0.007392652,0.008228078,0.008780825,0.009159356,0.009930164,0.011289816,0.011949764,0.013336989,0.014329643,0.015515487,0.017808303,0.017962357,0.029483272,-0.017004892,-0.012953678,-0.010235608,-0.0070358207,0.005526807,0.009881378,0.012863007,0.01812555
2016-05-11,0.0052103926,-0.020220723,-0.018318433,-0.017006034,-0.016271839,-0.015338869,-0.01431777,-0.012536583,-0.011189123,-0.01028306,-0.009463686,-0.0093076145,-0.008760461,-0.008718361,-0.0070153624,-0.006451659,-0.0055910153,-0.0054910155,0.0028986789,0.0034682937,0.0055301078,0.006754708,0.008237535,0.008692526,0.009610736,0.009850562,0.009950561,0.011386697,0.012235139,0.013238666,0.014536203,0.015417046,0.017488442,0.017960073,0.029364303,-0.016893527,-0.013066513,-0.010489879,-0.0067713335,0.005652505,0.010281197,0.012859901,0.018103259
2016-05-12,-0.0056276964,-0.020624815,-0.018582316,-0.016985586,-0.016620643,-0.01576041,-0.0151521275,-0.012503941,-0.011104131,-0.008856783,-0.008772581,-0.008096096,-0.007642629,-0.0070340917,-0.006637402,-0.0058200248,-0.0055420096,-0.0044250158,0.0035694633,0.0037335432,0.0049545895,0.0063719023,0.0075296825,0.008133162,0.008487242,0.008587242,0.009213763,0.010468669,0.012059172,0.013175166,0.0142179765,0.015050906,0.017476402,0.018210525,0.0295557,-0.017348062,-0.012920514,-0.009941111,-0.0061041093,0.0054233484,0.009578785,0.012478635,0.018042054
2016-05-16,-0.0046261465,-0.020593584,-0.018548816,-0.017785208,-0.016494613,-0.015655052,-0.014373289,-0.012694242,-0.011141708,-0.00870965,-0.008154455,-0.007222089,-0.0069121723,-0.0068121725,-0.0067121726,-0.005230147,-0.005130147,-0.004004627,0.0030247495,0.004148065,0.004702358,0.005951883,0.0065251784,0.007841965,0.009125553,0.00980187,0.009831812,0.011080953,0.0119688455,0.013063197,0.014107662,0.016311018,0.017532274,0.017600788,0.029083012,-0.01713307,-0.012940819,-0.00947876,-0.0056598363,0.005390522,0.009662633,0.012695417,0.018033136
2016-05-17,0.00078096567,-0.020617291,-0.018473182,-0.017713437,-0.016615504,-0.015640473,-0.014770423,-0.012365907,-0.011106123,-0.00938185,-0.008120113,-0.0071782866,-0.0067460863,-0.0065023694,-0.005859301,-0.0049312874,-0.0042919703,-0.0039579654,0.0036751735,0.0037751736,0.004097026,0.005373374,0.0057848943,0.0077552763,0.008831201,0.009156691,0.011821575,0.011921575,0.012054126,0.013099589,0.014240005,0.0157586,0.017719304,0.018525803,0.029505214,-0.017223377,-0.013067548,-0.009449023,-0.005243762,0.00515039,0.009543605,0.013323234,0.018225843
2016-05-19,-0.01090915,-0.020607984,-0.018458582,-0.0168805,-0.016094334,-0.015626352,-0.014279969,-0.012662431,-0.011348917,-0.010135086,-0.008390369,-0.007680308,-0.0065365555,-0.0064365556,-0.0061817053,-0.0053878697,-0.0045553935,-0.0031360714,0.0026314147,0.0032924016,0.003630922,0.005347528,0.0060248873,0.0069393786,0.008235325,0.008741982,0.009877402,0.0116134165,0.012040479,0.013235588,0.01380091,0.015551574,0.015796714,0.018507566,0.030378824,-0.017013444,-0.01306138,-0.009398473,-0.0053882697,0.0046275184,0.00931105,0.012512719,0.018294891
2016-05-20,-0.00061105477,-0.020581132,-0.018364256,-0.018264256,-0.016360467,-0.015729781,-0.014820166,-0.013934085,-0.012235348,-0.010109314,-0.009726341,-0.009626341,-0.008437519,-0.008337519,-0.0068548974,-0.005591272,-0.0048089796,-0.003844222,0.0040441453,0.00507879,0.0054432843,0.0070392024,0.0072859204,0.0074874964,0.009348853,0.009448852,0.011829647,0.011929647,0.012160728,0.013225642,0.014182629,0.015472984,0.017669616,0.018008552,0.028658401,-0.017171161,-0.013872634,-0.010711378,-0.006145142,0.0061908546,0.009875512,0.013363056,0.017909642
2016-05-23,-0.0013304465,-0.020560281,-0.018659407,-0.01784335,-0.015996993,-0.015738988,-0.014576963,-0.012758051,-0.011137758,-0.010226208,-0.007907706,-0.007691934,-0.006628914,-0.006283748,-0.005203286,-0.004298115,-0.0033541338,-0.0031675736,0.005765558,0.005865558,0.0074745934,0.007574593,0.007674593,0.008501274,0.008577379,0.008898296,0.011138244,0.011351905,0.011787562,0.01325105,0.0143519025,0.015131035,0.01764814,0.018064065,0.029991157,-0.017106526,-0.0133084655,-0.009307018,-0.0047430084,0.0070515363,0.009935424,0.013035379,0.018157842
2016-05-24,-0.004286861,-0.020131534,-0.018063355,-0.017047154,-0.015952544,-0.015422368,-0.014543502,-0.012105703,-0.011162749,-0.009733538,-0.008282405,-0.0077980524,-0.0071122944,-0.0063673574,-0.0059939697,-0.0042706165,-0.0038807024,-0.0032337983,0.003687385,0.0047112135,0.005490422,0.0064615384,0.0066260058,0.007268121,0.008634206,0.010440682,0.012366786,0.0124667855,0.012566785,0.013135787,0.014516581,0.0150386905,0.017661333,0.01816543,0.029699016,-0.016822662,-0.012918529,-0.009493662,-0.005035428,0.005796953,0.009987476,0.013639495,0.0181111
2016-05-25,0.00080056424,-0.020625789,-0.018485954,-0.017761067,-0.016409585,-0.015691563,-0.014543239,-0.012553344,-0.010992881,-0.009679882,-0.007885625,-0.0075216894,-0.0074442574,-0.00743827,-0.0069305347,-0.006039876,-0.0046880897,-0.003864722,0.0046107457,0.005825928,0.007318311,0.007882788,0.008678667,0.009361701,0.009461701,0.011462053,0.011759744,0.011859744,0.011959744,0.013039194,0.014045506,0.016717711,0.017072523,0.018819194,0.02908974,-0.017151227,-0.013106083,-0.009660854,-0.005808982,0.0070198947,0.010880272,0.01313819,0.01834227
2016-05-26,0.0027086395,-0.020207448,-0.018390603,-0.017615926,-0.016064355,-0.0153377345,-0.014572837,-0.0125883175,-0.01055802,-0.009121075,-0.007850437,-0.0073084855,-0.0070954636,-0.0063928748,-0.0057843067,-0.0046244473,-0.00343446,-0.0027721007,0.0036661043,0.004932604,0.005684305,0.006576018,0.0070256013,0.008436103,0.009410906,0.0095109055,0.01172503,0.01182503,0.012800169,0.01314295,0.014434265,0.015746022,0.01749954,0.018551178,0.029883608,-0.016914595,-0.012891236,-0.009293927,-0.00478476,0.006053987,0.009988118,0.013398543,0.018351603
2016-05-27,-0.00392207,-0.021543609,-0.018368417,-0.017126333,-0.016058397,-0.01573681,-0.014354946,-0.01234694,-0.010960533,-0.009141613,-0.007713382,-0.0076133823,-0.0075133825,-0.007492193,-0.007392193,-0.0051886383,-0.004178591,-0.002758386,0.004874833,0.0058233063,0.006076054,0.0065882416,0.0066882414,0.008450466,0.008550466,0.008650466,0.011974718,0.012074718,0.012174718,0.013169204,0.013704171,0.015634418,0.0172572,0.018287487,0.029742697,-0.017212436,-0.012786073,-0.009606888,-0.0054262383,0.00638258,0.009806619,0.013330112,0.018107597
2016-05-30,-0.0001907838,-0.020572493,-0.018209262,-0.01712397,-0.016301455,-0.01567848,-0.015195561,-0.012311472,-0.010864872,-0.009532019,-0.008346618,-0.0070847212,-0.0069847214,-0.0064736223,-0.0064095366,-0.005048982,-0.004676896,-0.003087233,0.0049027153,0.005221664,0.005321664,0.005642339,0.006428034,0.008853655,0.00955067,0.010344855,0.011613458,0.012155894,0.012255894,0.013043398,0.014491363,0.01590549,0.017783642,0.01796462,0.029870909,-0.017191451,-0.013005579,-0.009573079,-0.005261474,0.0061278106,0.010165167,0.013370457,0.018255156
2016-05-31,-0.0002514413,-0.020629207,-0.018413497,-0.017686974,-0.016727613,-0.015570172,-0.0147578595,-0.0126940785,-0.011173928,-0.009157807,-0.008387062,-0.007686758,-0.006703984,-0.006603984,-0.0058587235,-0.005531258,-0.0050769043,-0.003910332,0.0037565941,0.004719526,0.004819526,0.005841275,0.006974141,0.007331724,0.008133009,0.008484403,0.011936285,0.012036284,0.012136284,0.013145804,0.014439359,0.015749192,0.017808717,0.01807201,0.030056788,-0.01721967,-0.01309413,-0.009525364,-0.0056127952,0.005453986,0.009594472,0.013412675,0.018292632
2016-06-01,0.0026437037,-0.020617519,-0.018498681,-0.017790485,-0.016111331,-0.015835118,-0.0142437015,-0.012617558,-0.011202485,-0.009900467,-0.008362743,-0.0073570963,-0.0072570965,-0.0071570966,-0.007057097,-0.005693689,-0.0042359005,-0.0034210857,0.0048448564,0.0049731904,0.0064669396,0.0065839035,0.007153905,0.008946736,0.009802646,0.009902646,0.012125881,0.012225881,0.012641128,0.0131217325,0.01385818,0.015143566,0.017740624,0.01853166,0.029799845,-0.017061269,-0.01315094,-0.009644625,-0.0055529736,0.0065343073,0.01027018,0.013571049,0.018090997
2016-06-02,-0.00068323995,-0.020581055,-0.018668458,-0.017119776,-0.016674886,-0.015650757,-0.014424037,-0.012777295,-0.011106034,-0.0084853135,-0.0075090127,-0.007362227,-0.0069652544,-0.0068652546,-0.005704912,-0.004461704,-0.003096826,-0.0030581097,0.002223567,0.003260199,0.0043703564,0.004503118,0.0057856957,0.007107957,0.008202864,0.008591524,0.008691524,0.009711866,0.012042178,0.013239952,0.0144475885,0.015299617,0.017682001,0.018501896,0.02992289,-0.017199839,-0.01278249,-0.009373918,-0.004736756,0.004512021,0.008887398,0.0122735035,0.018282387
2016-06-06,0.017449116,-0.020593932,-0.018451445,-0.017624315,-0.016104098,-0.015461135,-0.014723701,-0.013895422,-0.012518975,-0.010094183,-0.0090452805,-0.008305803,-0.007948026,-0.0071319113,-0.006480871,-0.0050387955,-0.0029913618,-0.0018699965,0.0042176326,0.0042861593,0.005076701,0.0070845885,0.00902286,0.00912286,0.0092228595,0.009322859,0.009422859,0.0096878745,0.011784829,0.013131408,0.014220025,0.016778618,0.017546758,0.017947543,0.029843153,-0.017066862,-0.01377132,-0.010273579,-0.0049373657,0.0059775882,0.010057573,0.012314746,0.01838415
2016-06-07,-0.00027530463,-0.020610416,-0.018447114,-0.016866226,-0.016484654,-0.015747685,-0.014542152,-0.01216383,-0.010638322,-0.008863124,-0.007704108,-0.0072620236,-0.0069693895,-0.00612056,-0.005572695,-0.0039883726,-0.0034039223,-0.0024819595,0.0037902426,0.0038902427,0.0046502976,0.0060157,0.0072336635,0.007487099,0.008619484,0.008719483,0.008819483,0.009352918,0.011857413,0.013145609,0.0147032,0.015723288,0.017564185,0.0179734,0.029676374,-0.017166404,-0.01261473,-0.009194906,-0.004541795,0.005393193,0.009187755,0.012147921,0.018244375
2016-06-08,0.0045076455,-0.02058415,-0.018579124,-0.017870855,-0.016675735,-0.01574784,-0.015239811,-0.0123475315,-0.010777866,-0.01036081,-0.009982876,-0.009748505,-0.009001437,-0.008901437,-0.008462748,-0.0073389225,-0.0072389226,-0.007138923,0.0034996844,0.0039049173,0.00532966,0.007061627,0.007371223,0.0075916606,0.008314228,0.00835616,0.008733021,0.009400862,0.010840291,0.013167041,0.014242865,0.01564109,0.017871406,0.01832256,0.030122763,-0.017365333,-0.013319373,-0.010780685,-0.007985604,0.0056220233,0.00917739,0.012002524,0.018299263
2016-06-09,-0.0063817296,-0.020608904,-0.018767308,-0.017567828,-0.016600749,-0.015744101,-0.015038073,-0.0124498475,-0.011068002,-0.008901328,-0.0077786897,-0.007751876,-0.0068653277,-0.006765328,-0.006665328,-0.005945305,-0.005845305,-0.0057573104,0.004263503,0.0044285394,0.005550285,0.006159995,0.0073251785,0.0075443243,0.007904156,0.008004156,0.008060612,0.009172718,0.012104397,0.013279217,0.014752389,0.015731176,0.01749396,0.017926687,0.029329605,-0.017351827,-0.013005015,-0.009503084,-0.006393025,0.005661296,0.00906512,0.0120221805,0.018203814
2016-06-10,-0.004239548,-0.020629441,-0.018486114,-0.017681418,-0.01611765,-0.015721321,-0.014037415,-0.012754911,-0.0110554695,-0.010795815,-0.009417368,-0.009317368,-0.009217368,-0.009117369,-0.008924875,-0.008035294,-0.00779135,-0.0076913503,0.0014708466,0.0019416799,0.0030771694,0.005647069,0.0066305157,0.007259121,0.008042636,0.008171237,0.008708687,0.009704451,0.0119109815,0.013156477,0.014440655,0.015708318,0.017394632,0.01901017,0.030053323,-0.016998388,-0.013265006,-0.010568998,-0.008352047,0.0040358803,0.008984361,0.012175046,0.01847379
2016-06-13,2.8810811e-05,-0.020591551,-0.01835897,-0.017470136,-0.01602966,-0.01568153,-0.015088456,-0.012733786,-0.011052798,-0.008626284,-0.007528577,-0.007208137,-0.0067445096,-0.00601391,-0.005630546,-0.0037543066,-0.0036543065,-0.003056966,0.0038274983,0.004773173,0.0053693512,0.006620244,0.006720244,0.0070728306,0.0072790007,0.0073790005,0.008178062,0.009364279,0.0121577475,0.013140144,0.014359942,0.015499032,0.01757841,0.018434348,0.029027142,-0.017150033,-0.012994292,-0.009285649,-0.0046608523,0.0055738534,0.008735299,0.012083729,0.018092122
2016-06-14,-0.0067756167,-0.020599784,-0.018103866,-0.017250262,-0.016077092,-0.015742933,-0.014590353,-0.012630965,-0.0106285885,-0.008838719,-0.007468148,-0.007071108,-0.0069178883,-0.0065170703,-0.0064170705,-0.0056847823,-0.004713306,-0.0033999893,0.004422777,0.0051789,0.0054883882,0.0063219024,0.006652098,0.0067870836,0.007084609,0.0073895114,0.00816174,0.009117536,0.011855691,0.013213367,0.014709784,0.015606857,0.015706858,0.017877279,0.029056244,-0.017022805,-0.012787777,-0.009224409,-0.0054572513,0.005699315,0.0086319195,0.011611039,0.018092707
2016-06-15,0.0029787421,-0.020618808,-0.018631103,-0.017842213,-0.016655657,-0.015629355,-0.014274047,-0.012676468,-0.010780534,-0.008764599,-0.0070999856,-0.006999986,-0.006899986,-0.00677473,-0.0060917996,-0.0053606676,-0.0050624735,-0.004911394,0.004077045,0.0043089218,0.004571996,0.0055270954,0.006421351,0.0064464547,0.0070034047,0.007054419,0.0076714884,0.009310474,0.011940335,0.013390662,0.01480862,0.01516661,0.01749049,0.01845375,0.029361112,-0.017161792,-0.012867572,-0.009165856,-0.0056852642,0.0050976924,0.008524673,0.01196069,0.018236151
2016-06-16,-0.0072271316,-0.020606529,-0.018447824,-0.016867867,-0.016594656,-0.015671756,-0.01426441,-0.012550236,-0.010602213,-0.008932712,-0.007745193,-0.0068722307,-0.006426851,-0.006167073,-0.0056170495,-0.0049506933,-0.0043432675,-0.004205148,0.004261248,0.004444024,0.0053309933,0.0064620376,0.0064852093,0.0071204174,0.007475003,0.0080521135,0.008152113,0.0093792565,0.011932091,0.012913772,0.014348211,0.014874936,0.01767695,0.018026406,0.030374255,-0.017117035,-0.012643488,-0.009041148,-0.005197678,0.005594661,0.008790153,0.012010836,0.018107515
2016-06-17,0.008743169,-0.020607447,-0.018612329,-0.01675068,-0.016082672,-0.015636439,-0.015081421,-0.014632938,-0.013194381,-0.0117798215,-0.010664421,-0.010564421,-0.0104644215,-0.010370907,-0.009432636,-0.006380428,-0.0044700694,-0.0032899203,0.0054913713,0.0064436467,0.0072491006,0.009096866,0.00979674,0.0099829575,0.010612915,0.010888375,0.010988375,0.011335814,0.012595834,0.013060724,0.014597738,0.015463474,0.017706692,0.017801182,0.029901203,-0.017204063,-0.014287849,-0.01195511,-0.006827495,0.00777878,0.011012922,0.013137488,0.018164864
2016-06-20,0.005548795,-0.020500641,-0.018598853,-0.017465979,-0.016294433,-0.015769338,-0.0155628305,-0.014433282,-0.014274911,-0.012620906,-0.012215963,-0.011591125,-0.011557986,-0.010281726,-0.009662893,-0.0078884335,-0.0065518976,-0.0056283963,0.0049758665,0.0064154156,0.0077493093,0.010763817,0.0130735105,0.014594401,0.01608146,0.01618146,0.016714873,0.017165458,0.017265458,0.017365457,0.017468989,0.018128203,0.01971893,0.01981893,0.029661002,-0.01734522,-0.014871582,-0.012778683,-0.008264549,0.009197174,0.015676057,0.017646035,0.020488515
2016-06-21,-0.0049736584,-0.020613952,-0.018368581,-0.017610056,-0.016154658,-0.015663475,-0.0141526805,-0.012664649,-0.0110896295,-0.010503472,-0.009911641,-0.009811641,-0.009535005,-0.008534365,-0.007817203,-0.0057889703,-0.004473263,-0.0033252304,0.0046077482,0.0067102415,0.008389604,0.008699537,0.009902009,0.010840725,0.010940725,0.011040725,0.01304368,0.01314368,0.01324368,0.01334368,0.01436783,0.015056667,0.017728882,0.01801985,0.029522955,-0.01699067,-0.013204098,-0.010644665,-0.0062432615,0.007869571,0.011654164,0.01410072,0.018062197
2016-06-22,0.0021798506,-0.020181185,-0.018364154,-0.018264154,-0.016298765,-0.015421314,-0.014226939,-0.012813866,-0.012468193,-0.011849311,-0.011523989,-0.011178497,-0.010188825,-0.009961668,-0.008156614,-0.0060383636,-0.0055751475,-0.003343488,0.00556535,0.0059527345,0.006519671,0.007450591,0.009989867,0.010089867,0.010185548,0.0112193795,0.013395909,0.013495909,0.013595909,0.013695909,0.0145645,0.015809765,0.017737718,0.018038977,0.029096412,-0.016898472,-0.0139244925,-0.011673923,-0.006858422,0.007134779,0.011698186,0.014384272,0.018241113
2016-06-23,0.007435077,-0.020614577,-0.018511407,-0.017452408,-0.016352067,-0.0153945545,-0.014194371,-0.0125463195,-0.011417107,-0.011130787,-0.01025617,-0.009744218,-0.009475087,-0.008254654,-0.007977727,-0.0061464645,-0.0054171984,-0.00420163,0.0039427807,0.0053996784,0.0067589814,0.0074722995,0.008897735,0.009532577,0.01032114,0.0117057655,0.013377797,0.013477797,0.0135777965,0.013677796,0.014465313,0.015644535,0.01757268,0.018573929,0.029234037,-0.017013397,-0.013348198,-0.010719478,-0.0066974475,0.0067789764,0.0114583345,0.014336774,0.01831912
2016-06-27,-0.031075334,-0.020605853,-0.018408554,-0.016814597,-0.016570807,-0.01628768,-0.015196799,-0.014069729,-0.013282963,-0.012823785,-0.012267714,-0.011653331,-0.011014468,-0.009803668,-0.00907415,-0.007912031,-0.007009342,-0.0056122406,0.0050481833,0.007379527,0.007868453,0.008119133,0.009475198,0.010248257,0.010499155,0.01102746,0.011932107,0.013369954,0.013469954,0.015594043,0.017312493,0.018435368,0.018535368,0.020151388,0.030152787,-0.01741394,-0.014437574,-0.012313123,-0.008252219,0.00778289,0.011942983,0.014580285,0.020329216
2016-06-28,0.002761028,-0.020608148,-0.018455477,-0.017651377,-0.01601919,-0.015904805,-0.01495737,-0.014503483,-0.01405923,-0.01395923,-0.01327471,-0.01317471,-0.012604845,-0.012149233,-0.01099466,-0.009605901,-0.0081010545,-0.006649307,0.0050631748,0.006654306,0.0077503393,0.00785034,0.008956666,0.010016359,0.010119969,0.010884436,0.012285203,0.012645451,0.0139789805,0.016267607,0.016367607,0.016467607,0.02030387,0.02040387,0.029271083,-0.017188998,-0.015026139,-0.013409078,-0.009705126,0.007487626,0.011754105,0.015096222,0.019755553
2016-06-29,0.005755697,-0.020607227,-0.018471712,-0.01781806,-0.016857617,-0.015718145,-0.01451073,-0.01441073,-0.014361989,-0.013133594,-0.011812445,-0.0116503015,-0.010510593,-0.009368472,-0.008404324,-0.0064931256,-0.006409575,-0.00626583,0.0062395604,0.0070975153,0.008629962,0.009736157,0.0104314,0.010750377,0.011498043,0.011879475,0.011973172,0.012073172,0.012731255,0.013910647,0.01468019,0.015412862,0.017803991,0.0185917,0.02974836,-0.017233085,-0.01484702,-0.012112846,-0.007844632,0.008640247,0.011809015,0.013698448,0.01846875
2016-06-30,-0.007471666,-0.020628044,-0.018452402,-0.017097548,-0.016932063,-0.016505986,-0.01503909,-0.013772582,-0.012931833,-0.01238058,-0.011083796,-0.010983796,-0.010237573,-0.009459574,-0.008264623,-0.0052968096,-0.0047947336,-0.003990056,0.005528177,0.00638249,0.0078106965,0.00936708,0.009596037,0.01025636,0.011016233,0.011116233,0.012436511,0.012536511,0.012636511,0.013138569,0.014053097,0.014895047,0.017391408,0.017873315,0.02965054,-0.017511517,-0.014244327,-0.011750372,-0.0066660033,0.008020936,0.011328742,0.013627902,0.017922115
2016-07-01,0.009962579,-0.020617679,-0.01897957,-0.01828711,-0.017498743,-0.017398743,-0.017298743,-0.017198743,-0.017098743,-0.01584974,-0.014955057,-0.014543592,-0.014443592,-0.012317663,-0.01150227,-0.010406304,-0.007747123,-0.007240347,0.010006588,0.010958696,0.011082597,0.012656693,0.013824844,0.014064142,0.0148886405,0.014994359,0.015121063,0.016235804,0.016246181,0.01801943,0.019921582,0.020021582,0.020360803,0.02048161,0.030313835,-0.018358696,-0.017146615,-0.015222761,-0.010287927,0.0119186435,0.015427716,0.017196657,0.021751609
2016-07-04,-7.403145e-05,-0.020631103,-0.018711738,-0.017984359,-0.017038988,-0.016697114,-0.016425075,-0.015699886,-0.015215778,-0.015115778,-0.014458467,-0.014358467,-0.01363431,-0.012509525,-0.012434814,-0.009299167,-0.009199168,-0.008002251,0.0053619705,0.006659822,0.0075193685,0.009166163,0.011513396,0.011972505,0.0128841745,0.012984174,0.013381899,0.013944808,0.014370266,0.014880692,0.015499859,0.01564998,0.017571995,0.017936436,0.029248355,-0.017900804,-0.016088177,-0.014448631,-0.010658774,0.008318299,0.013059115,0.014829932,0.018643064
2016-07-05,-0.005750789,-0.020592626,-0.018455608,-0.016192446,-0.016092446,-0.015347605,-0.0142720565,-0.013206478,-0.012287441,-0.011231157,-0.011131157,-0.011031157,-0.0109311575,-0.010795802,-0.009940652,-0.008483225,-0.008162336,-0.007230529,0.0054644207,0.006888981,0.0075249835,0.008462036,0.008813842,0.009203643,0.009947358,0.010878075,0.0117705455,0.011870545,0.012329627,0.014810293,0.014910293,0.015191432,0.01784536,0.017854523,0.02998004,-0.016952068,-0.013437915,-0.011883522,-0.00896958,0.0076575563,0.01111528,0.013725275,0.018549316
2016-07-06,-0.00035883184,-0.020431357,-0.018445833,-0.017662367,-0.016436389,-0.01526344,-0.014762257,-0.014206408,-0.013100274,-0.012630101,-0.012530101,-0.012430102,-0.011644035,-0.011067977,-0.010440532,-0.008780024,-0.008680024,-0.007878443,0.0059010526,0.0064164903,0.0076890243,0.009213505,0.009388172,0.0100847,0.011274304,0.011656813,0.011939477,0.012096843,0.01240457,0.013932443,0.015640318,0.01589739,0.015979333,0.01806864,0.029269213,-0.017067855,-0.014472281,-0.012620929,-0.009641825,0.008098875,0.011431794,0.013270533,0.0185616
2016-07-07,-0.0009959249,-0.020628093,-0.018686656,-0.017886957,-0.01619023,-0.015331712,-0.014510473,-0.014088245,-0.013450251,-0.012925797,-0.012804773,-0.012394118,-0.011488555,-0.011144196,-0.010501949,-0.008296858,-0.007230754,-0.0066687013,0.00537853,0.0061457604,0.0072830413,0.009022372,0.009893878,0.010651285,0.011450642,0.011538914,0.012235178,0.012456463,0.0129421055,0.013306031,0.014130597,0.015227721,0.018187292,0.01881367,0.029358502,-0.017069433,-0.014572345,-0.0126796495,-0.009018475,0.007856069,0.011569314,0.013825414,0.018167306
2016-07-08,-0.0025655136,-0.020589828,-0.017768145,-0.017668145,-0.01634776,-0.0156243555,-0.014736379,-0.013858526,-0.0132375555,-0.012637328,-0.0119154295,-0.01181543,-0.011377736,-0.010801039,-0.009091587,-0.008564684,-0.008464684,-0.00716077,0.005899287,0.0059992867,0.007865463,0.007965463,0.009143068,0.009258599,0.010386027,0.010486027,0.011092345,0.012019436,0.012119436,0.013347209,0.014546602,0.015620731,0.017599575,0.018002354,0.029206045,-0.017013293,-0.0144275855,-0.012413627,-0.009019431,0.0076231053,0.010850867,0.013235601,0.018144589
2016-07-11,0.0007427301,-0.020602591,-0.018451113,-0.017708741,-0.016532138,-0.01597037,-0.01587386,-0.01577386,-0.01567386,-0.015311979,-0.014745794,-0.014645794,-0.014545795,-0.013747649,-0.011807361,-0.009037141,-0.007887623,-0.006793154,0.0070240535,0.0086423885,0.009310683,0.010360073,0.011838797,0.012690475,0.013756097,0.014571006,0.015245016,0.015345016,0.015445015,0.017656513,0.018649677,0.018731026,0.018831026,0.02095543,0.030505493,-0.017486013,-0.01606846,-0.014917391,-0.010034214,0.009818659,0.01442036,0.016504517,0.021299627
2016-07-12,0.0025703846,-0.020599078,-0.018487275,-0.016954202,-0.01623306,-0.015357466,-0.014651536,-0.013142979,-0.012398066,-0.011855246,-0.0111173,-0.010516964,-0.009855082,-0.009703775,-0.008985267,-0.008400668,-0.0064485157,-0.0056351777,0.005945561,0.006575582,0.0067752763,0.0072695753,0.0076706484,0.0101004075,0.010277227,0.010990728,0.011364633,0.011464633,0.011791753,0.01316621,0.013957506,0.015896318,0.017845692,0.01850498,0.030108092,-0.017065683,-0.013800407,-0.011545152,-0.007997318,0.0073686442,0.010678525,0.013126584,0.018326622
2016-07-13,0.0035069329,-0.02060413,-0.018187242,-0.017264342,-0.015984958,-0.015371271,-0.0138048045,-0.013027409,-0.012163227,-0.010918169,-0.010799766,-0.010200967,-0.009968839,-0.008943999,-0.008540723,-0.007323943,-0.006461718,-0.0055707577,0.0058784625,0.006666472,0.0076600644,0.007760064,0.0078600645,0.009698236,0.011223771,0.01137405,0.011776917,0.011801774,0.012662792,0.013150482,0.014266808,0.015463475,0.017525697,0.018726123,0.029283866,-0.01679048,-0.01343559,-0.011136128,-0.0076196217,0.007837767,0.010776922,0.013383533,0.018178152
2016-07-14,-0.00038255032,-0.020608047,-0.018622132,-0.017819462,-0.016946394,-0.0157279,-0.0141989235,-0.012920991,-0.012573481,-0.011491983,-0.01054375,-0.01044375,-0.010134334,-0.009934705,-0.009297156,-0.0076055913,-0.0066396142,-0.0066065765,0.0032676412,0.0048205345,0.0052141626,0.005706354,0.0069698915,0.008394009,0.010289551,0.010379953,0.010980549,0.011432756,0.012052141,0.01330561,0.014015631,0.015774358,0.017626492,0.01807557,0.029265067,-0.01722068,-0.013800968,-0.011477038,-0.008118538,0.0058596483,0.010096444,0.013079511,0.018087247
2016-07-15,-0.00441214,-0.020595139,-0.017985685,-0.01783111,-0.016434137,-0.015358131,-0.015096083,-0.013859935,-0.013306557,-0.013206557,-0.012571676,-0.012278384,-0.012178384,-0.011672631,-0.010446338,-0.008658415,-0.0071521136,-0.0058910684,0.0042265374,0.0056822505,0.0062119183,0.008617486,0.009199605,0.009824722,0.010630919,0.010988724,0.011422126,0.011478258,0.012142355,0.0137374075,0.013837407,0.015475806,0.017804842,0.018047089,0.029564617,-0.017093835,-0.014660048,-0.012965066,-0.008885264,0.0070738224,0.011045743,0.013316998,0.018132467
2016-07-18,0.0015496244,-0.020623306,-0.01844719,-0.016924886,-0.016032506,-0.015734471,-0.014313774,-0.013334811,-0.011985802,-0.011574983,-0.011130447,-0.010849497,-0.010749497,-0.010649498,-0.009687081,-0.009587081,-0.008147586,-0.0065308562,0.00323734,0.0041759373,0.0054582865,0.0067882338,0.0073735476,0.009295795,0.009828186,0.0100855045,0.010718858,0.011095573,0.012237928,0.013200345,0.014397823,0.015522436,0.01769216,0.018519184,0.030094912,-0.01703025,-0.013626851,-0.011765803,-0.00896042,0.0058975965,0.010210154,0.0129889725,0.01834694
2016-07-19,-0.005629418,-0.020620603,-0.018619204,-0.018532164,-0.016161919,-0.015460288,-0.01459264,-0.013180831,-0.011957113,-0.011330445,-0.010797236,-0.010697236,-0.010597236,-0.010240272,-0.009336613,-0.008561744,-0.0077612055,-0.006309657,0.004240087,0.0045133224,0.0057745446,0.0061427224,0.006820138,0.008039431,0.009121068,0.009368642,0.009805077,0.010951367,0.011769599,0.013137523,0.014428448,0.01531492,0.01758439,0.018115932,0.029407557,-0.017090932,-0.013918638,-0.0116369,-0.0085332915,0.005958349,0.00966342,0.012649591,0.018080875
2016-07-20,-0.0007607127,-0.020607943,-0.018493585,-0.017854165,-0.016834175,-0.015824063,-0.014521862,-0.012964388,-0.012141205,-0.011804466,-0.010948447,-0.010556612,-0.010116028,-0.010016028,-0.009413204,-0.008116146,-0.0065578963,-0.0064578964,0.004618371,0.0051092696,0.0054502552,0.0059198947,0.007340982,0.007672025,0.008735754,0.008819178,0.0097430665,0.010095486,0.0120927235,0.013139979,0.014148731,0.01586066,0.017625285,0.018607311,0.030115612,-0.017256325,-0.0138572175,-0.011548715,-0.00822035,0.005966709,0.00941353,0.012539308,0.018374458
2016-07-21,0.00090597715,-0.020576794,-0.018516893,-0.017132403,-0.016288623,-0.015794953,-0.0141674625,-0.013086461,-0.011828258,-0.011091228,-0.010699358,-0.010599358,-0.010499358,-0.009810589,-0.009183797,-0.008242049,-0.008142049,-0.00804205,0.0032124708,0.0045526596,0.0046504494,0.0057423017,0.006117657,0.0071546375,0.0088611385,0.009190629,0.009898689,0.010184596,0.012172302,0.013117786,0.014397258,0.015818555,0.017645987,0.017873017,0.029567704,-0.017068947,-0.013461162,-0.011401005,-0.00884186,0.005403804,0.009153062,0.012603873,0.018154863
2016-07-22,-0.0043261065,-0.020259682,-0.01872106,-0.017978972,-0.016025119,-0.015738897,-0.013784206,-0.013021487,-0.011754751,-0.011392239,-0.010513159,-0.009648189,-0.009026358,-0.008808762,-0.008167276,-0.008067276,-0.0079672765,-0.0071650567,0.00425146,0.005624459,0.0057365266,0.0067518046,0.008237272,0.008815626,0.009198787,0.009346128,0.010439123,0.010587119,0.012105482,0.013092769,0.014873048,0.01565433,0.017856704,0.017946646,0.029853277,-0.016905794,-0.013586332,-0.010777446,-0.008203015,0.0063126073,0.010015783,0.01281624,0.018284013
2016-07-25,0.0010320494,-0.020601057,-0.01844127,-0.01689421,-0.016151473,-0.015714599,-0.014180245,-0.013050966,-0.012142902,-0.010799887,-0.010059473,-0.009377972,-0.008396083,-0.007581069,-0.0067083808,-0.006608381,-0.00625207,-0.0059961495,0.0039621764,0.0039673657,0.0045638476,0.0057530045,0.007013312,0.008171379,0.008591619,0.009142555,0.010203883,0.010232722,0.011838556,0.013177029,0.014526713,0.015904704,0.017653959,0.017950993,0.030653734,-0.017017728,-0.013413641,-0.010471953,-0.00698859,0.005367602,0.009547399,0.0126212295,0.018442634
2016-07-26,0.00035288508,-0.020286107,-0.018475482,-0.017771216,-0.016581712,-0.0154053755,-0.014189898,-0.01295565,-0.012203394,-0.010154496,-0.009392665,-0.00866686,-0.007613219,-0.0074143847,-0.0070369025,-0.006877029,-0.006180698,-0.005792727,0.0028601417,0.0035629035,0.0047046132,0.005622285,0.006949042,0.007839628,0.008233,0.008759548,0.009603002,0.009902556,0.011465409,0.013153217,0.014655786,0.015265279,0.017608926,0.01788738,0.029879926,-0.016987715,-0.013454931,-0.010162713,-0.0069108433,0.0049965885,0.009320798,0.0123466225,0.018168317
2016-07-27,0.00044605063,-0.020606644,-0.018484527,-0.018093424,-0.016924039,-0.015516735,-0.014344687,-0.012239142,-0.010912055,-0.009828485,-0.009073388,-0.00852053,-0.0072073787,-0.0065013096,-0.006137256,-0.0047793095,-0.0035459674,-0.0025983884,0.005690539,0.006554628,0.0069458093,0.007409395,0.008559505,0.008659505,0.008700467,0.009176693,0.009949916,0.0101373345,0.012292159,0.013207281,0.014832404,0.016143272,0.018180622,0.018280622,0.029891606,-0.017175326,-0.013083558,-0.009607764,-0.00511629,0.007060168,0.009948065,0.012753462,0.018471036
2016-07-28,0.009609885,-0.02061196,-0.018618042,-0.01787791,-0.016188437,-0.015686665,-0.014084366,-0.012402837,-0.010954085,-0.009844714,-0.0090727005,-0.008972701,-0.006608765,-0.0065335105,-0.0053849965,-0.0045312527,-0.0034206545,-0.0026249345,0.0040882356,0.0042935563,0.0051392205,0.0060814447,0.006551759,0.008046678,0.008775767,0.008948736,0.009739846,0.009839846,0.011793741,0.013171751,0.014587193,0.01570927,0.017750835,0.018531095,0.029608566,-0.017037893,-0.013032782,-0.009450685,-0.004986908,0.0056756446,0.009311754,0.012459204,0.018321576
2016-07-29,0.006737753,-0.020610802,-0.018431997,-0.01770565,-0.01618054,-0.015594927,-0.014457101,-0.013157905,-0.011678091,-0.010549858,-0.009725505,-0.009203665,-0.0085191745,-0.0072838464,-0.0062613036,-0.00553357,-0.004204615,-0.0034433142,0.004906234,0.005548473,0.005731549,0.0070225326,0.0071361056,0.0077773444,0.009357588,0.009363338,0.01011863,0.010280084,0.011747054,0.013170723,0.014045241,0.01532408,0.01786261,0.01807752,0.030136362,-0.017055074,-0.013509721,-0.010332744,-0.0057292935,0.006513275,0.009545519,0.0126358215,0.018150786
2016-08-01,0.0005594356,-0.020593636,-0.018616818,-0.017855713,-0.016840449,-0.015812054,-0.0139919985,-0.012576819,-0.010909841,-0.009315255,-0.008408579,-0.0075477944,-0.0070055993,-0.0057656006,-0.0047962028,-0.0044677076,-0.0039273016,-0.0039174533,0.0041855355,0.0047095185,0.005191699,0.0054883067,0.0064225164,0.007937261,0.008821444,0.008896233,0.009337417,0.010231746,0.011603522,0.0132940635,0.014373654,0.015243187,0.01820246,0.018427296,0.029780362,-0.017170992,-0.012929926,-0.0092163235,-0.004931292,0.0056793005,0.009356365,0.012533842,0.018223712
2016-08-02,0.0043974365,-0.020606656,-0.018656516,-0.017078992,-0.01628789,-0.0155469645,-0.014208066,-0.011863928,-0.010914718,-0.00952672,-0.0086911945,-0.007762356,-0.0070116734,-0.006966614,-0.0060036154,-0.0048036203,-0.0039038865,-0.003640071,0.003251995,0.0046171425,0.0056750374,0.006303412,0.0072674137,0.00825056,0.00867852,0.009012708,0.0096711265,0.009834703,0.011656876,0.013117579,0.014089245,0.015769782,0.017524268,0.01808354,0.030301439,-0.017061219,-0.012718486,-0.009558453,-0.00522271,0.0057052216,0.009496593,0.01236091,0.018272316
2016-08-03,-0.0048360075,-0.020160656,-0.018304212,-0.017335443,-0.01657452,-0.015478072,-0.014408881,-0.012591933,-0.0111618135,-0.00993706,-0.009193523,-0.008467637,-0.007077065,-0.0065301545,-0.0064301547,-0.005012184,-0.004912184,-0.0037752127,0.005018623,0.0057401224,0.0065519377,0.007321731,0.007421731,0.007933341,0.009017142,0.009674667,0.009774667,0.009874667,0.012124423,0.013292457,0.014853855,0.015757304,0.017684374,0.018003022,0.028579937,-0.016985267,-0.013087027,-0.0096742865,-0.0057194745,0.006729911,0.009639373,0.012550118,0.018097315
2016-08-04,-0.0033133917,-0.020608982,-0.018365577,-0.016166538,-0.015900558,-0.015418165,-0.014158413,-0.012448957,-0.0110566085,-0.010825136,-0.008991738,-0.0081014,-0.0073311874,-0.007053689,-0.0061338046,-0.004744513,-0.0046568234,-0.004013307,0.004303179,0.004571694,0.0062741144,0.007378117,0.008921351,0.009021351,0.009121351,0.009221351,0.012038824,0.012138824,0.012238824,0.013288839,0.013980286,0.016112708,0.017822849,0.018585147,0.030132541,-0.01689034,-0.012931131,-0.009718327,-0.0055299695,0.0063296915,0.010518344,0.013505632,0.018419903
2016-08-08,-0.0050832955,-0.020575283,-0.018438948,-0.017746964,-0.016418813,-0.015751818,-0.013841495,-0.012534944,-0.011123822,-0.009635573,-0.008995871,-0.007648691,-0.0070610587,-0.006961059,-0.0064993803,-0.005859465,-0.004251883,-0.003148421,0.0048767696,0.0051058442,0.005205844,0.0068376735,0.007101146,0.0077804904,0.008539562,0.009206347,0.011055861,0.0111558605,0.011807511,0.0130129075,0.013920472,0.015981507,0.017700776,0.018810272,0.02966924,-0.017005272,-0.01297656,-0.009596661,-0.005481568,0.006113139,0.009651351,0.012946583,0.018278878
2016-08-09,0.0029252637,-0.020619478,-0.018583914,-0.017518222,-0.016377833,-0.015395413,-0.014411676,-0.012620507,-0.011062724,-0.009727456,-0.008908059,-0.0074501894,-0.0069039343,-0.0066141556,-0.0058649518,-0.0030846468,-0.0029846467,-0.0018051777,0.0024156822,0.0038160705,0.004166025,0.0072966646,0.009973715,0.010073715,0.01044496,0.010993865,0.011093865,0.011193865,0.011293865,0.013108916,0.014206656,0.015602633,0.017782813,0.018128576,0.029623823,-0.017077664,-0.013068115,-0.00958011,-0.0042379224,0.005627881,0.011068815,0.012894665,0.01813412
2016-08-10,0.0054714233,-0.020263446,-0.018469661,-0.016922083,-0.016883269,-0.015552915,-0.014359859,-0.012126248,-0.0109272245,-0.008948236,-0.008004907,-0.007540345,-0.0071795788,-0.006755991,-0.00521041,-0.0034076066,-0.0027036313,-0.0021902246,0.00292537,0.0039281608,0.0048986664,0.0075157206,0.008748066,0.009510786,0.009690689,0.009794443,0.011654118,0.011754118,0.011876951,0.013100477,0.014333184,0.01569157,0.017726406,0.017988024,0.029802268,-0.017105829,-0.012656731,-0.009445512,-0.0042104437,0.0057917214,0.010581578,0.013222414,0.018183105
2016-08-11,-0.0001701099,-0.02060339,-0.018609291,-0.01785115,-0.015989183,-0.015329486,-0.014030087,-0.012209406,-0.010556687,-0.009390301,-0.008408269,-0.007440143,-0.0068639237,-0.00612968,-0.005600338,-0.004602254,-0.0032864239,-0.0029172176,0.0037439119,0.0040913876,0.0047435374,0.0066582523,0.007022685,0.007305737,0.007337308,0.007437308,0.0082961945,0.009340421,0.011490573,0.013170509,0.014408943,0.015395622,0.017632136,0.01839328,0.029054847,-0.016912287,-0.012807526,-0.009197729,-0.0047692754,0.0053148796,0.008855333,0.011985967,0.01808464
2016-08-12,0.00029543551,-0.02061338,-0.018246965,-0.016712649,-0.016157134,-0.015733577,-0.01419594,-0.012462278,-0.010656534,-0.008971315,-0.007489822,-0.00711571,-0.0064315014,-0.006318239,-0.0058368747,-0.004065899,-0.0035628546,-0.0026576754,0.0036803943,0.0045830486,0.004628252,0.006477863,0.0070058308,0.007379438,0.0074794376,0.0075794375,0.007961263,0.009344497,0.012111605,0.013392871,0.014737965,0.015748685,0.017843276,0.018050613,0.029294662,-0.016989399,-0.012599744,-0.009018407,-0.004647803,0.0053697987,0.008940415,0.012130703,0.01824496
2016-08-16,0.009323901,-0.020583939,-0.018146023,-0.016558737,-0.016045658,-0.015338828,-0.014258838,-0.012236052,-0.010958867,-0.008956368,-0.0076529463,-0.0071503744,-0.0070889336,-0.006988934,-0.005946132,-0.0049088662,-0.0045753606,-0.004064925,0.0019947255,0.002485537,0.003668282,0.004843032,0.0052043437,0.0066524735,0.0071164123,0.0075534806,0.007968344,0.009228364,0.012192152,0.013181943,0.014870092,0.015965436,0.017881412,0.018114397,0.029786468,-0.016874656,-0.012593773,-0.009389704,-0.0053291316,0.0040215976,0.0083641205,0.012090443,0.018383667
2016-08-17,-0.001220121,-0.0205887,-0.01845839,-0.017817559,-0.016075471,-0.015121208,-0.014324686,-0.01241287,-0.011439106,-0.0100357495,-0.009901596,-0.00893633,-0.00844642,-0.007798184,-0.006688995,-0.006588995,-0.00575733,-0.0045895097,0.0058467113,0.0062989327,0.0069921906,0.008415537,0.008515537,0.008615537,0.008957803,0.009057803,0.009268252,0.009682893,0.011878268,0.013226067,0.014134321,0.015221321,0.017611582,0.018340655,0.029978363,-0.016913692,-0.013205995,-0.0103819985,-0.006512232,0.007302235,0.009819567,0.012333412,0.018180145
2016-08-18,0.0062490245,-0.020599883,-0.0184336,-0.017696623,-0.016415955,-0.015165452,-0.013846749,-0.012400107,-0.010877235,-0.009196373,-0.008771416,-0.0074604643,-0.0068392754,-0.0067392755,-0.0061643105,-0.0046122796,-0.0041129133,-0.0029938426,0.004465808,0.004565808,0.004691573,0.005824925,0.0066556353,0.0070183137,0.0073208516,0.0076055676,0.008141338,0.008831618,0.012132654,0.013258047,0.014754109,0.01564523,0.017731262,0.018026654,0.029425768,-0.016892329,-0.012803418,-0.00941479,-0.0050687618,0.005373793,0.0086738365,0.012018984,0.018221961
2016-08-19,-0.0006222652,-0.020287136,-0.018523281,-0.016900215,-0.016439192,-0.015324253,-0.014257236,-0.013075595,-0.011718329,-0.011618329,-0.011518329,-0.01141833,-0.01131833,-0.010938397,-0.0104739135,-0.008920125,-0.008388938,-0.008179916,0.0042039803,0.0053830612,0.005483061,0.006719775,0.006904193,0.007445105,0.0084604025,0.008473151,0.009201599,0.009265203,0.012221326,0.0132703725,0.014855849,0.015528969,0.016591059,0.018449668,0.030303404,-0.01696622,-0.01351394,-0.011950124,-0.009476244,0.0060500563,0.009071605,0.012109911,0.018481653
2016-08-22,-0.0011705543,-0.02059965,-0.019197995,-0.017491171,-0.01615139,-0.015201133,-0.014141493,-0.012473429,-0.011396124,-0.0100159515,-0.009246055,-0.009146055,-0.009046055,-0.008654117,-0.008095203,-0.00704788,-0.0066755163,-0.0059243846,0.0046797385,0.0050495993,0.0067994837,0.0074413544,0.007983012,0.008385466,0.008485466,0.0085436115,0.009947534,0.012364752,0.0124647515,0.013322663,0.013932456,0.015623352,0.017647821,0.017866245,0.028784446,-0.017058332,-0.013103632,-0.010496769,-0.007377808,0.0064911293,0.010119901,0.013149505,0.017905833
2016-08-23,-0.00052609126,-0.020605262,-0.01919873,-0.017463094,-0.016259644,-0.015535022,-0.014546364,-0.012492971,-0.011070245,-0.009230668,-0.008980227,-0.0075529176,-0.0072354544,-0.006847568,-0.006650908,-0.005300769,-0.0052007693,-0.0048662703,0.0040069697,0.004248202,0.0047686887,0.005858856,0.006662707,0.0068526138,0.007233828,0.0076473467,0.008084556,0.0092729535,0.01209545,0.013281398,0.014146166,0.01557982,0.017521426,0.018205369,0.029856076,-0.017229006,-0.012960668,-0.009735972,-0.005914327,0.0052233087,0.0087434035,0.012051157,0.018213768
2016-08-24,-0.0044896486,-0.020590728,-0.016357992,-0.016270438,-0.015851902,-0.01524157,-0.014016737,-0.011754643,-0.010699404,-0.009335,-0.007993431,-0.0078002266,-0.007001668,-0.0064928005,-0.005829309,-0.0048100734,-0.004056471,-0.0032436384,0.0038897367,0.0040838188,0.0053258776,0.006220831,0.006320831,0.0071579064,0.0072579063,0.0073456024,0.007824117,0.009197396,0.012140208,0.01322156,0.013939169,0.016328108,0.017632319,0.018542426,0.02967129,-0.016411785,-0.012415245,-0.009240808,-0.005147944,0.0053556343,0.008648659,0.012003121,0.01834051
2016-08-25,0.0016200157,-0.020600256,-0.017182121,-0.0161891,-0.01590998,-0.0150302695,-0.014012523,-0.011787511,-0.010527896,-0.009019451,-0.008089109,-0.0076412074,-0.0070778215,-0.006933051,-0.0059861518,-0.004860757,-0.0035617317,-0.0024104118,0.005227968,0.005997379,0.0060973787,0.0061973785,0.0066001397,0.006823651,0.0071337973,0.007859724,0.008287175,0.008984046,0.012130603,0.013238496,0.014159742,0.01478605,0.017553268,0.018022066,0.029675951,-0.01654703,-0.0123072965,-0.00932808,-0.004892052,0.00613078,0.008701211,0.012038718,0.017976461
2016-08-29,-0.008352262,-0.020601518,-0.017321475,-0.017252212,-0.015876947,-0.015309485,-0.013983694,-0.011824783,-0.01096199,-0.009085113,-0.008532171,-0.007653279,-0.0072118584,-0.0068696183,-0.0058369064,-0.0045870743,-0.003886857,-0.003342247,0.00363081,0.00373081,0.0040212004,0.0052514025,0.005788338,0.006981394,0.0073838397,0.0074897986,0.007890607,0.009073871,0.012141303,0.013116488,0.013770788,0.015350714,0.017686654,0.017882327,0.029588016,-0.016618624,-0.012621557,-0.009511867,-0.005061273,0.0048036124,0.0084899785,0.011981784,0.017941665
2016-08-30,-0.0027473436,-0.020251133,-0.017372468,-0.01665039,-0.015930215,-0.015026814,-0.013939461,-0.011998491,-0.011092166,-0.009006564,-0.007447958,-0.0066670086,-0.006567009,-0.006008343,-0.0053628148,-0.0034972904,-0.002196944,-0.0019058437,0.0023023987,0.002604492,0.003821318,0.0057672677,0.0065287123,0.00740094,0.00750094,0.00788168,0.007974917,0.009065147,0.0120827025,0.013224774,0.013976753,0.015679462,0.01771843,0.017889535,0.029919874,-0.016504018,-0.012537414,-0.009010987,-0.00392598,0.0043992833,0.008820251,0.012013194,0.01813808
2016-08-31,-0.0003991828,-0.020600302,-0.016713915,-0.016364936,-0.015952354,-0.014891894,-0.013243779,-0.011538349,-0.011096165,-0.008781089,-0.008277056,-0.0073526623,-0.007328504,-0.0067526656,-0.0062573287,-0.004693881,-0.0035715231,-0.00232641,0.0031924709,0.0032571694,0.0041466346,0.0068395687,0.00713441,0.00775224,0.008070517,0.008170517,0.008270517,0.008704359,0.011737767,0.013203923,0.01384581,0.015885241,0.01776816,0.01839585,0.029550236,-0.01628045,-0.012204864,-0.009339633,-0.0048403614,0.0051012724,0.00899309,0.011936945,0.018176213
2016-09-01,0.004301871,-0.020593008,-0.01730012,-0.015945602,-0.015845602,-0.014920842,-0.0134811755,-0.011498701,-0.0107493205,-0.009030835,-0.008355813,-0.0073186536,-0.006771739,-0.0066717393,-0.005884193,-0.0047875224,-0.0032352933,-0.0031352933,0.0042146537,0.004503127,0.0047421604,0.0064475234,0.0071882433,0.0077142115,0.007722115,0.007822115,0.008341652,0.008660742,0.011681113,0.013208866,0.013932764,0.015024114,0.017798724,0.01828399,0.030498037,-0.01642815,-0.012141127,-0.009205958,-0.0048721908,0.005525916,0.008918835,0.011938219,0.018189553
2016-09-02,-0.003243713,-0.02060712,-0.01792751,-0.01596585,-0.015883444,-0.014651766,-0.013191407,-0.011860375,-0.011034317,-0.009845931,-0.00800009,-0.00790009,-0.00780009,-0.006920586,-0.006260725,-0.0051801535,-0.0038188512,-0.0037188511,0.0035112195,0.0036415502,0.004200255,0.005246625,0.006135148,0.006872561,0.008358826,0.008458826,0.008558826,0.009080897,0.012142904,0.01307094,0.014420293,0.015532219,0.017678946,0.018826487,0.029933246,-0.01645225,-0.0123795755,-0.009389298,-0.005375734,0.0049916953,0.008723674,0.012106502,0.018356636
2016-09-05,-0.00061861775,-0.0206278,-0.017615942,-0.01718167,-0.016414862,-0.015363114,-0.014187584,-0.013253766,-0.012139258,-0.009862778,-0.008923897,-0.008446725,-0.008420003,-0.0074849525,-0.006625356,-0.005701011,-0.004033033,-0.0031219274,0.0036327795,0.0037327795,0.0038327796,0.0064768014,0.006558955,0.0074997465,0.008397361,0.008497361,0.008600544,0.009816288,0.012001254,0.013303,0.014347982,0.015363787,0.016031709,0.018089766,0.030056898,-0.016841862,-0.013325011,-0.010231139,-0.0055856104,0.0052145002,0.00913507,0.011950559,0.018232286
2016-09-06,0.0076497286,-0.02063235,-0.01746383,-0.017307969,-0.01609133,-0.015582065,-0.014194742,-0.012296956,-0.010804801,-0.00906868,-0.0075644464,-0.0072071305,-0.0067142434,-0.0065438948,-0.0060046925,-0.0052220714,-0.003546315,-0.0029714918,0.0040783505,0.0045062904,0.0048344545,0.006415571,0.006515571,0.00680449,0.0069199265,0.007191942,0.008159762,0.008883832,0.011699242,0.013235698,0.014453604,0.015266314,0.017498547,0.018109135,0.028970215,-0.016792862,-0.012734629,-0.009164426,-0.00499034,0.0053509185,0.008526307,0.011895416,0.018006992
2016-09-07,9.5669406e-05,-0.020591008,-0.018522326,-0.017000873,-0.016263762,-0.015362534,-0.01429761,-0.01231169,-0.011073645,-0.0089886505,-0.008379751,-0.007686532,-0.007304282,-0.0071181185,-0.006327026,-0.005255214,-0.0047799842,-0.0046799844,0.0019235761,0.0019691105,0.004214074,0.0051954854,0.0057034967,0.0067806994,0.008002688,0.008102688,0.008655349,0.009655808,0.011838935,0.013269218,0.014617155,0.015819442,0.017683811,0.01810994,0.029986618,-0.017007446,-0.012734493,-0.009634681,-0.0057457485,0.004260987,0.008702382,0.012220624,0.018360475
2016-09-08,0.0017027183,-0.020613983,-0.018675724,-0.017031148,-0.016623959,-0.015486507,-0.014270301,-0.012402446,-0.010930626,-0.009354697,-0.007936703,-0.007348042,-0.007248042,-0.0071480423,-0.0068023726,-0.006209198,-0.00445177,-0.00435177,0.005235159,0.0053351587,0.0054976153,0.0065571545,0.0067869574,0.0072660875,0.0073660873,0.0075774733,0.007975322,0.008839736,0.012170796,0.01320537,0.014267614,0.015272445,0.017680043,0.01801513,0.029463287,-0.017134095,-0.012797845,-0.009506743,-0.00583263,0.005998235,0.008735125,0.011974253,0.01804477
2016-09-09,-0.003836316,-0.020611247,-0.018600423,-0.017378153,-0.016582876,-0.015607842,-0.014256351,-0.012377268,-0.011920386,-0.010717185,-0.010678573,-0.010578573,-0.009664525,-0.009564525,-0.009442521,-0.008851105,-0.008204668,-0.0073702424,0.003837172,0.00438356,0.005556513,0.0076560015,0.007929641,0.008334602,0.0097122295,0.009812229,0.009912229,0.010769686,0.0120942835,0.013484113,0.014472826,0.015420222,0.016896712,0.018028902,0.02925745,-0.017131748,-0.013329868,-0.011216872,-0.008889422,0.006229095,0.010066055,0.012631404,0.018132702
2016-09-12,0.0014125146,-0.020573046,-0.017686049,-0.016937634,-0.016167004,-0.015192378,-0.013848418,-0.01226876,-0.01068388,-0.00880626,-0.008585504,-0.0075891875,-0.007336665,-0.0067555164,-0.0060024722,-0.0053006997,-0.004341707,-0.003551573,0.0034704648,0.0040725498,0.0043993783,0.005576772,0.0064133275,0.007037405,0.007244519,0.00815723,0.008822388,0.009319344,0.01194298,0.013143731,0.0143246,0.015736293,0.017762942,0.018067155,0.029822398,-0.016693378,-0.012508991,-0.009441997,-0.005357128,0.004952737,0.008814206,0.012198277,0.018218836
2016-09-13,0.0011125649,-0.020601934,-0.017335953,-0.016949516,-0.01619568,-0.014792612,-0.014189892,-0.012500452,-0.011128826,-0.009301856,-0.008268843,-0.007702976,-0.007154613,-0.0070103654,-0.0066558756,-0.0059017586,-0.005785704,-0.004634746,0.00372811,0.0046255663,0.0052929977,0.0057279128,0.006324617,0.006798488,0.007184354,0.0076730093,0.0080527235,0.008609756,0.01099987,0.013344187,0.013879316,0.01579085,0.017807892,0.018120829,0.029625842,-0.016623214,-0.012814107,-0.009550507,-0.006136212,0.005311788,0.008550012,0.011762885,0.018152205
2016-09-14,0.0025453388,-0.020187717,-0.018248111,-0.016758459,-0.016216505,-0.015342877,-0.013698932,-0.012185433,-0.010735336,-0.009142564,-0.007948368,-0.007536786,-0.007077581,-0.0068448223,-0.0063035074,-0.005761292,-0.0049882415,-0.0048882416,0.002761006,0.0035722482,0.004401713,0.0056516873,0.0060118223,0.0079158535,0.008015853,0.008115853,0.008555468,0.009227472,0.0121095935,0.01349706,0.014311255,0.01578847,0.01775876,0.017951712,0.029953886,-0.016738828,-0.012504144,-0.009261007,-0.0058956137,0.0048805014,0.008953613,0.012229672,0.018300477
2016-09-15,-0.0021940256,-0.020616837,-0.018559532,-0.016984336,-0.016101202,-0.015429505,-0.014056923,-0.012386873,-0.011141302,-0.010143365,-0.010095231,-0.009804125,-0.009703486,-0.009605521,-0.009220478,-0.007340763,-0.0063799904,-0.0062799905,0.0034541858,0.004337997,0.0049066986,0.005788739,0.006174369,0.006872834,0.0074550225,0.0077120094,0.008697187,0.0092043225,0.011202779,0.01333798,0.01487067,0.015789637,0.017255604,0.01836974,0.030350935,-0.0169528,-0.01294256,-0.010920492,-0.0078050694,0.005188529,0.008660303,0.011939575,0.018543791
2016-09-16,-0.0077620284,-0.02055437,-0.017406333,-0.017122006,-0.016535996,-0.015615184,-0.014175667,-0.011942162,-0.011118493,-0.009280392,-0.008255774,-0.0078273015,-0.0073943986,-0.0072943987,-0.006785886,-0.006246011,-0.0043278704,-0.0028486347,0.003570334,0.0045426455,0.004884244,0.006693991,0.006779354,0.007674478,0.007774478,0.008317579,0.008488683,0.009134446,0.012272521,0.013179593,0.0142722605,0.015679404,0.01749255,0.01822718,0.029622989,-0.016857509,-0.012727745,-0.009647747,-0.0056071407,0.0054931385,0.009017089,0.012113559,0.018196285
2016-09-19,0.00181758,-0.020286648,-0.018640112,-0.01683979,-0.016197588,-0.015519219,-0.01403293,-0.012163377,-0.011017763,-0.009375027,-0.007967263,-0.0075498386,-0.007144991,-0.0063452767,-0.006026616,-0.005284888,-0.004869243,-0.0042598257,0.0028958449,0.0037893825,0.004771115,0.005624273,0.0059251334,0.007355719,0.007693912,0.0077671,0.008387398,0.009140151,0.011342808,0.013436224,0.014550057,0.015934782,0.018250186,0.018664325,0.030334331,-0.0169353,-0.012685778,-0.009301645,-0.005598082,0.0049549057,0.0087248655,0.012111353,0.018583942
2016-09-20,-0.0005972881,-0.02016726,-0.017611869,-0.017119572,-0.01650842,-0.015530319,-0.0142899295,-0.012472151,-0.0108656,-0.008911608,-0.007886869,-0.007214738,-0.0071538966,-0.006504178,-0.0059472388,-0.005024103,-0.004428498,-0.0040085767,0.004277191,0.004969196,0.0055976957,0.0065330435,0.0067395573,0.0067406027,0.007105513,0.007205513,0.008054653,0.009143852,0.011670109,0.013010195,0.014197286,0.015397821,0.017711362,0.01846923,0.028971862,-0.01682156,-0.012731773,-0.009340094,-0.005324631,0.0056965277,0.008567944,0.0119180335,0.018009279
2016-09-21,-0.0007096033,-0.02062328,-0.017997025,-0.01712492,-0.016189564,-0.015708327,-0.014111333,-0.01259165,-0.0111151785,-0.009013442,-0.008448837,-0.0075287577,-0.007507717,-0.0070748865,-0.006206181,-0.005298238,-0.0046107145,-0.0039056337,0.0040077358,0.0043808497,0.004465403,0.005467725,0.005567725,0.006563222,0.0071017854,0.007174087,0.008219749,0.009492934,0.012165642,0.013117453,0.014129604,0.0154998405,0.017487617,0.01874102,0.030503333,-0.016925905,-0.012791304,-0.00965159,-0.0055099046,0.0050847,0.008383084,0.012096679,0.01839825
2016-09-22,0.005720668,-0.020623274,-0.0175531,-0.017037526,-0.016472854,-0.015237763,-0.01390306,-0.0125261545,-0.011042783,-0.008723635,-0.008111992,-0.0073248306,-0.007061872,-0.006811646,-0.005536665,-0.0043950332,-0.004218786,-0.0039539495,0.003703241,0.003966724,0.0047201286,0.005321399,0.0057639806,0.006747116,0.00770214,0.00780214,0.007997185,0.009119278,0.011798341,0.013113932,0.014433354,0.01539776,0.017691817,0.018077755,0.029847648,-0.01675801,-0.012646632,-0.009386269,-0.005085853,0.0050827265,0.0085092895,0.0119441105,0.018174091
2016-09-23,-0.00048549852,-0.020626862,-0.018004844,-0.017194973,-0.016477883,-0.015618464,-0.014325817,-0.013414508,-0.011232284,-0.010040223,-0.008932656,-0.008593063,-0.008189,-0.007206521,-0.0066891904,-0.005629721,-0.0042201523,-0.0029008624,0.0049860114,0.0060062087,0.0063398066,0.0068763965,0.0077249096,0.00782491,0.008440832,0.0085408315,0.008904002,0.009141499,0.011731906,0.013125355,0.014232671,0.015872432,0.017762318,0.018743236,0.029792378,-0.017010774,-0.013241561,-0.009977255,-0.0056065978,0.0065298514,0.009271502,0.012133015,0.018353214
2016-09-26,0.0041125882,-0.020600474,-0.018336652,-0.017067557,-0.016454685,-0.015519857,-0.01422635,-0.01258469,-0.011116487,-0.009352597,-0.007926087,-0.007326406,-0.0070965984,-0.006476077,-0.006316799,-0.005039801,-0.0037230307,-0.0027397505,0.00468703,0.0055865357,0.005926606,0.006230182,0.0062877727,0.007241284,0.007398028,0.007689178,0.008500376,0.009184195,0.012100465,0.0131656155,0.014442785,0.015747787,0.017818872,0.018727645,0.029533345,-0.017027605,-0.012869537,-0.00936832,-0.0050291577,0.005965676,0.008713609,0.012153905,0.018323436
2016-09-27,-0.0054701166,-0.02062486,-0.017985266,-0.017248247,-0.016686149,-0.015276013,-0.01416626,-0.0127733145,-0.010873042,-0.008879683,-0.00777906,-0.007130649,-0.006752901,-0.006652901,-0.005928616,-0.005348474,-0.0044673467,-0.003628547,0.0048378953,0.005551109,0.005853658,0.0063497066,0.0066981935,0.0071052415,0.0072052414,0.007305241,0.008242347,0.009207371,0.012029526,0.01345823,0.01477858,0.017008964,0.017861601,0.018939424,0.030488176,-0.01694771,-0.012788108,-0.009244832,-0.0053007267,0.005959522,0.008754855,0.012159815,0.018934676
2016-09-28,-0.00067610765,-0.020164166,-0.017422583,-0.016711144,-0.01635007,-0.015306246,-0.014290453,-0.012010125,-0.010734148,-0.008594287,-0.008224345,-0.007869993,-0.0075420006,-0.0066129807,-0.0061746687,-0.005020696,-0.003974604,-0.0033849499,0.004649602,0.006067465,0.006115433,0.0062154327,0.0063154325,0.006921429,0.006967164,0.007067164,0.0075392886,0.008788282,0.011419858,0.013271698,0.014301571,0.015440628,0.01786466,0.01800176,0.029809976,-0.016706701,-0.012468031,-0.009480786,-0.0052849823,0.0060030194,0.008472801,0.011776757,0.018165126
2016-09-29,0.003938644,-0.020611037,-0.017959842,-0.016907414,-0.016157774,-0.015368281,-0.013659269,-0.011487538,-0.010542065,-0.009054801,-0.00797486,-0.007146835,-0.0068319035,-0.0066916305,-0.005968011,-0.005611668,-0.0045236526,-0.0032314132,0.0047473256,0.0056475494,0.0062847026,0.0063847024,0.0066245534,0.0067685787,0.0074232314,0.007523231,0.0077788173,0.008935704,0.011916664,0.013278658,0.014623394,0.015795523,0.017822413,0.018563818,0.030361297,-0.016751241,-0.012330217,-0.009139946,-0.005296316,0.006097502,0.008626145,0.011946452,0.018524539
2016-09-30,-0.0005782404,-0.020614872,-0.01857837,-0.017093018,-0.016147196,-0.01540978,-0.014016428,-0.011819821,-0.011086283,-0.008518932,-0.0075056828,-0.007405683,-0.0068407757,-0.006426788,-0.006326788,-0.005099649,-0.004058524,-0.0031325212,0.004388957,0.005073073,0.0055559142,0.0064882026,0.0074905325,0.0075905323,0.0077398717,0.007839872,0.008515159,0.008983403,0.011671963,0.013160208,0.014514493,0.0157275,0.01783649,0.018626539,0.029891431,-0.01695333,-0.012506897,-0.009175192,-0.005204633,0.0058492036,0.00901291,0.012033445,0.018384036
2016-10-03,-0.002407737,-0.020606788,-0.0167339,-0.0166339,-0.016477896,-0.015617028,-0.014110035,-0.012244964,-0.011574124,-0.009502747,-0.009173862,-0.00826541,-0.00816541,-0.007785338,-0.0068489783,-0.0067489785,-0.0059689814,-0.0045504444,0.0045525515,0.0050755325,0.0057403506,0.0065225307,0.0066714925,0.007453283,0.007754051,0.0082169715,0.008602319,0.009366586,0.011736552,0.013255608,0.013875352,0.015499163,0.017794471,0.018633563,0.029001871,-0.01670913,-0.012813154,-0.010161754,-0.0064765587,0.005929003,0.008992788,0.012151107,0.01805311
2016-10-04,0.00011372391,-0.02059147,-0.01752221,-0.017145326,-0.016281862,-0.015372352,-0.0136201875,-0.011996993,-0.010450155,-0.00930559,-0.007884346,-0.007534209,-0.0071444665,-0.0070485454,-0.006217578,-0.0055220625,-0.004831292,-0.004254141,0.002951818,0.003478546,0.0038025645,0.0046364814,0.005646972,0.0063368212,0.0064486316,0.007116482,0.00789107,0.009145826,0.011618674,0.013201724,0.014525676,0.015822558,0.017729493,0.018860888,0.030422732,-0.016677614,-0.012503649,-0.00922954,-0.005671857,0.0042636087,0.008289565,0.011917357,0.018566716
2016-10-05,-0.0015352485,-0.020619923,-0.018545257,-0.016943255,-0.01642864,-0.0152705535,-0.014314097,-0.012945701,-0.01129588,-0.010317315,-0.0101978425,-0.009616653,-0.008703564,-0.00809311,-0.00799311,-0.007088703,-0.0058728666,-0.004429046,0.0043105916,0.005201582,0.006000872,0.0071574454,0.007495975,0.007595975,0.0077525624,0.007852563,0.008219803,0.009536455,0.011700268,0.013223332,0.014678197,0.0152992625,0.017667126,0.018050095,0.02976152,-0.017035693,-0.013163249,-0.010520899,-0.007000076,0.0060846107,0.00914086,0.012069397,0.01820248
2016-10-06,-0.0033867627,-0.020576406,-0.017841814,-0.01694599,-0.016283432,-0.015466671,-0.01397741,-0.0123234065,-0.011015075,-0.008663039,-0.0076342924,-0.0075177616,-0.0069775567,-0.006877557,-0.0066352,-0.0056552985,-0.0055552986,-0.005455299,0.0033342591,0.0041874396,0.0044300356,0.005813494,0.007005933,0.0072184405,0.008172452,0.008272452,0.008671092,0.008963945,0.011747548,0.013318382,0.01443446,0.015391476,0.017787939,0.018703233,0.029423326,-0.016829148,-0.012584984,-0.009296378,-0.0061637713,0.005187536,0.008955831,0.0120977815,0.018254176
2016-10-07,-0.00011652609,-0.020612337,-0.017479567,-0.017075917,-0.016473638,-0.015432842,-0.014235568,-0.0118827,-0.01114846,-0.009396624,-0.007851816,-0.0075510917,-0.007169084,-0.00709246,-0.007037015,-0.00567089,-0.0052238875,-0.004495825,0.0047340957,0.005425228,0.0057145944,0.0058920383,0.006490247,0.006861781,0.0076324698,0.007938272,0.008083359,0.008981361,0.012169119,0.013117875,0.014149422,0.015357381,0.01735236,0.01861909,0.02959338,-0.01684679,-0.012747854,-0.009499477,-0.005995742,0.005879685,0.008677907,0.011940815,0.018167429
2016-10-10,9.8599885e-05,-0.020604571,-0.01727882,-0.016573649,-0.016084028,-0.015432617,-0.014065614,-0.012738652,-0.012076808,-0.011563588,-0.011192531,-0.0110925315,-0.010992532,-0.010892532,-0.0104765035,-0.009520071,-0.0081842225,-0.007291515,0.0037626184,0.0046047675,0.005178638,0.0065350146,0.007128459,0.0075626946,0.0078964885,0.008442997,0.008944127,0.0095952945,0.01121605,0.013163144,0.014478322,0.016389892,0.017693823,0.018877603,0.0300177,-0.01669313,-0.013403663,-0.011844004,-0.009312969,0.0055955052,0.009178517,0.012122488,0.018585334
2016-10-11,-0.008605727,-0.02017601,-0.017587593,-0.01681478,-0.015953563,-0.015545805,-0.014198401,-0.012595272,-0.01130888,-0.010384704,-0.010001631,-0.009529879,-0.009241713,-0.009141713,-0.008681365,-0.008581365,-0.008481366,-0.007506487,0.0029958342,0.0038276159,0.0040779123,0.005439415,0.006840688,0.007521153,0.0077596647,0.007859665,0.007959665,0.0089745745,0.012336263,0.013181382,0.014805361,0.016279116,0.017471293,0.018230667,0.028988715,-0.016692275,-0.013060406,-0.010778467,-0.008556092,0.0048200884,0.008875492,0.011984636,0.01829705
2016-10-12,-0.0043807365,-0.020607881,-0.017509263,-0.016641067,-0.016048837,-0.015548217,-0.013879461,-0.012305302,-0.011142269,-0.009289987,-0.008056323,-0.007281859,-0.0070550954,-0.00653094,-0.006245889,-0.005255759,-0.0043866187,-0.003262108,0.004360683,0.0052275457,0.0053275456,0.0055836816,0.0061215763,0.0070210244,0.007287992,0.0073330924,0.00824159,0.009634264,0.0108826645,0.0131262,0.014248711,0.015939232,0.01766414,0.01805881,0.029432539,-0.016718732,-0.012651617,-0.009332818,-0.005286447,0.0055574896,0.008647231,0.011909773,0.0181611
2016-10-13,0.0023263998,-0.02061427,-0.017819747,-0.01688499,-0.01610205,-0.015430263,-0.013853996,-0.011807246,-0.010525133,-0.008722118,-0.008052717,-0.007260951,-0.007111338,-0.0066536367,-0.005700923,-0.0053716637,-0.0046899533,-0.0038927216,0.003351975,0.0043930244,0.004526568,0.0054576574,0.006258675,0.006765473,0.0072525213,0.007352521,0.0076933503,0.00898864,0.012233593,0.013143213,0.014487658,0.0154057965,0.017908502,0.018403651,0.030012105,-0.016764065,-0.012358697,-0.009239364,-0.005383243,0.0049963496,0.008501704,0.011993459,0.018290484
2016-10-14,-0.0048584784,-0.020619318,-0.017489396,-0.01704841,-0.016416144,-0.015289613,-0.0141596,-0.012628588,-0.01221462,-0.0110878935,-0.011045977,-0.010943587,-0.010758171,-0.010488562,-0.010276362,-0.009207678,-0.0091454005,-0.008184688,0.003885972,0.005180181,0.0058872425,0.006640462,0.0072445916,0.008296367,0.009243701,0.009350271,0.011815952,0.011915952,0.011967259,0.013481465,0.014691376,0.015988415,0.017668322,0.017919151,0.029505651,-0.016794814,-0.013427822,-0.011733386,-0.009551543,0.0061675115,0.010057729,0.013369789,0.018317211
2016-10-17,0.0013304815,-0.020283587,-0.01755983,-0.016938576,-0.015973153,-0.0156078385,-0.013637013,-0.011991641,-0.010708533,-0.008807881,-0.007840921,-0.007694683,-0.007377803,-0.007277803,-0.0067813406,-0.005186333,-0.0044434774,-0.0035454824,0.0044018044,0.005027599,0.005767805,0.0067678797,0.0068678795,0.007222338,0.007831739,0.007931739,0.008530806,0.00883714,0.01184674,0.013187002,0.01447338,0.016208008,0.01747404,0.018376369,0.03015652,-0.016612284,-0.01241673,-0.009368415,-0.0055302633,0.0059593655,0.00880922,0.011975145,0.018480256
2016-10-18,-0.00028414224,-0.019951498,-0.017775854,-0.017386701,-0.016120555,-0.015101442,-0.013710742,-0.01182139,-0.011324369,-0.008727805,-0.008498407,-0.0075474544,-0.0064362413,-0.0062467973,-0.005859567,-0.0054942463,-0.0039008753,-0.0032181682,0.0032059425,0.003951374,0.0040836018,0.005637358,0.0059566596,0.0064923395,0.007281448,0.007649832,0.0077584228,0.0091165695,0.011797495,0.013120443,0.014330429,0.016104585,0.01760515,0.018747535,0.029285718,-0.016532019,-0.0125942025,-0.009243311,-0.0052040624,0.004831945,0.0084671695,0.0118796155,0.01831774
2016-10-19,-0.0028321922,-0.021775948,-0.017603772,-0.01678624,-0.015958292,-0.0154233575,-0.014140166,-0.0124914255,-0.011039309,-0.009393729,-0.008119258,-0.007424017,-0.0073395213,-0.0066444785,-0.0059872167,-0.005387748,-0.003945916,-0.0030286985,0.0041217976,0.0046578115,0.005089311,0.005907954,0.0065293303,0.006821813,0.007204841,0.0073048407,0.007807909,0.009228861,0.012306512,0.013112785,0.014538462,0.015667286,0.017650198,0.017986098,0.029307226,-0.016980307,-0.012770174,-0.009456547,-0.0051547196,0.005396343,0.008599525,0.012021253,0.018122371
2016-10-21,-0.009120059,-0.020205682,-0.01760046,-0.017103426,-0.01615058,-0.015415953,-0.014048115,-0.012743126,-0.011152807,-0.009869668,-0.0077904593,-0.007435943,-0.007269569,-0.006628004,-0.0056557925,-0.0050171628,-0.004321662,-0.0032926947,0.0050114044,0.0064764763,0.006576476,0.006676476,0.0066837496,0.00701202,0.008187294,0.008287294,0.008387294,0.009368664,0.012232105,0.013220034,0.014312526,0.015887186,0.017600887,0.018067231,0.029875882,-0.016684158,-0.012983428,-0.009377791,-0.005144651,0.0065856255,0.008914352,0.012161797,0.018272571
2016-10-24,0.001972138,-0.020253839,-0.017210446,-0.016924277,-0.016184805,-0.015048097,-0.013754091,-0.012085789,-0.011101266,-0.009026374,-0.008251921,-0.007450265,-0.0072665187,-0.0068597062,-0.005738036,-0.0049045053,-0.0037175037,-0.0031066148,0.0037824616,0.0047499295,0.0051021017,0.005294827,0.005530427,0.0060265576,0.0069799568,0.0070799566,0.007851498,0.008911912,0.011568616,0.01327385,0.014864522,0.015346546,0.01770196,0.018467559,0.030051768,-0.016490255,-0.012578359,-0.009446701,-0.004983385,0.0051818555,0.008164541,0.011861567,0.01840085
2016-10-25,0.00017220496,-0.020389814,-0.017629001,-0.017073028,-0.016092971,-0.015668059,-0.014186289,-0.012707364,-0.010989498,-0.008779303,-0.007628249,-0.0072457204,-0.006268334,-0.005854532,-0.005471145,-0.0051241205,-0.003646225,-0.003351543,0.0032816792,0.0034816042,0.004433358,0.0064998055,0.007109497,0.007703889,0.007803889,0.007903889,0.008497974,0.009275456,0.01227996,0.013254591,0.014600687,0.0158187,0.018159628,0.01890677,0.030325292,-0.016793227,-0.012747097,-0.008985381,-0.0049677505,0.0051000672,0.009049464,0.012293522,0.018581208
2016-10-26,0.002382567,-0.020392796,-0.01745621,-0.017000899,-0.016234681,-0.015658135,-0.014166424,-0.012705348,-0.010735365,-0.0088214455,-0.008467603,-0.0075465385,-0.0070697307,-0.0066373115,-0.0059296414,-0.0043131886,-0.003427365,-0.0032660265,0.003931756,0.004462644,0.0045405366,0.004776638,0.005728792,0.0068082423,0.006830388,0.0076701352,0.00818621,0.008612286,0.011586141,0.013189341,0.014426587,0.015995253,0.017652616,0.01801109,0.029642187,-0.016781649,-0.012685897,-0.009415287,-0.0048965523,0.0049083927,0.00840176,0.011845319,0.01825289
2016-10-27,-0.0010564346,-0.020383358,-0.017589243,-0.016750678,-0.016107077,-0.015649503,-0.0140431905,-0.012650964,-0.011077108,-0.009431155,-0.008035667,-0.00756171,-0.0074535743,-0.0070975837,-0.0065696076,-0.0047416775,-0.0038108113,-0.0030889818,0.004163748,0.004291487,0.004856937,0.0058747926,0.0061632846,0.0067315684,0.0068800016,0.0070249466,0.0077072023,0.00851174,0.011311851,0.01307429,0.014252898,0.015659308,0.017620998,0.01869632,0.029798873,-0.016754474,-0.012790618,-0.009541425,-0.0051545575,0.0052133934,0.008301166,0.011645216,0.018296337
2016-10-28,0.0027727645,-0.02038116,-0.017613947,-0.016724695,-0.016243357,-0.015805233,-0.014199542,-0.012481376,-0.011107698,-0.009028048,-0.008221891,-0.007573211,-0.0070272633,-0.0069272635,-0.00650233,-0.0050652623,-0.003655751,-0.0031311526,0.005261363,0.005361363,0.005541083,0.0063518146,0.006355066,0.0071420316,0.0072420314,0.007249142,0.008223522,0.008908575,0.012116595,0.013225618,0.014341792,0.016158227,0.01752966,0.018694622,0.029172894,-0.016848648,-0.012708271,-0.009496732,-0.0051855417,0.005951531,0.008576086,0.0120007945,0.018318629
2016-10-31,0.0025119674,-0.02036473,-0.017688243,-0.01685148,-0.016390031,-0.015597123,-0.014099651,-0.012160176,-0.010927901,-0.010103106,-0.008258979,-0.007637489,-0.0075859893,-0.0072396277,-0.0064835525,-0.0061055045,-0.0054742326,-0.0046627233,0.0032488059,0.0036344186,0.0042654905,0.0052428967,0.0053336965,0.0074674785,0.0075674783,0.007667478,0.0085608065,0.009092153,0.011936746,0.013119603,0.014356223,0.014947264,0.017854335,0.018450314,0.029501125,-0.016827956,-0.012828462,-0.0096224295,-0.006072701,0.004791818,0.008536081,0.012112727,0.018074905
2016-11-01,0.007353375,-0.02034765,-0.017722009,-0.016724745,-0.016013512,-0.015461042,-0.014164157,-0.012345916,-0.010834319,-0.009237465,-0.008087596,-0.008060627,-0.007513105,-0.006835099,-0.006631116,-0.005739116,-0.0052998355,-0.0036679301,0.0036749025,0.004187556,0.0045018536,0.0049097994,0.005660734,0.006996922,0.007096922,0.0073259566,0.00803391,0.009114482,0.011687556,0.013214587,0.014288695,0.015367896,0.017494053,0.018772509,0.02956499,-0.016741674,-0.01266132,-0.009486855,-0.005879725,0.0048742066,0.008462536,0.011908918,0.018241735
2016-11-02,0.0069265324,-0.020387117,-0.017472368,-0.016810587,-0.016129965,-0.01562796,-0.014061918,-0.0122771,-0.010699511,-0.008718305,-0.008185289,-0.007560132,-0.0074601322,-0.0065390626,-0.0064390628,-0.0057272175,-0.0052385093,-0.003821628,0.004958559,0.0050585587,0.0051585585,0.0052585583,0.0056769685,0.0064605824,0.006560582,0.007758495,0.008377608,0.008408197,0.011796537,0.0134412255,0.014857658,0.015801962,0.01762813,0.01862538,0.030348139,-0.016735863,-0.012513484,-0.009389183,-0.00575731,0.0053989636,0.008349094,0.01193034,0.018614873
2016-11-03,-0.002129255,-0.020334797,-0.01733523,-0.016633863,-0.016017364,-0.015555248,-0.0141318105,-0.012480667,-0.0106711285,-0.008909073,-0.008472117,-0.0077399383,-0.007088405,-0.0067566577,-0.0064041708,-0.0053865635,-0.0046393606,-0.00417278,0.0029553636,0.0032947161,0.003816255,0.0058806622,0.005980662,0.006378138,0.00690317,0.0071855853,0.007821252,0.0089389365,0.011947129,0.0131069,0.013959162,0.015441362,0.017649962,0.017749961,0.02901872,-0.01667489,-0.012565309,-0.009424023,-0.005668563,0.004570033,0.008318044,0.011892836,0.017855221
2016-11-04,0.002297871,-0.020389216,-0.017506687,-0.016818985,-0.016398042,-0.015678955,-0.014226098,-0.012357662,-0.010793597,-0.008974601,-0.007705642,-0.0075190216,-0.0070645656,-0.0067649386,-0.006329809,-0.005769045,-0.005244446,-0.0044578454,0.002813231,0.004403823,0.0054099904,0.0061609843,0.006260984,0.0069184513,0.0075968727,0.007750466,0.008520131,0.009513408,0.012122752,0.013371971,0.0140765635,0.016093588,0.018214589,0.018838463,0.030512255,-0.016839799,-0.012634188,-0.009310968,-0.0058640335,0.0052769803,0.008763056,0.01234857,0.018578568
2016-11-07,-0.007869747,-0.020405551,-0.017571725,-0.017051397,-0.016042823,-0.015558801,-0.014222834,-0.012491369,-0.010991442,-0.008992278,-0.007863205,-0.0076096696,-0.0069074803,-0.006378502,-0.0063760844,-0.0051474245,-0.0042222273,-0.0032728058,0.002631177,0.0039451714,0.0048492933,0.007083278,0.007183278,0.007283278,0.0073832776,0.007440263,0.008287939,0.009350746,0.011914462,0.013123315,0.013912264,0.015313381,0.01704431,0.018058931,0.028815435,-0.016760347,-0.012749864,-0.009272693,-0.0053256424,0.0051784394,0.008876177,0.011944154,0.017844666
2016-11-08,0.0011729888,-0.020404927,-0.017445795,-0.01680835,-0.015963856,-0.015538066,-0.0142247565,-0.012607153,-0.011000958,-0.009743224,-0.008454716,-0.007490161,-0.007390161,-0.0071875905,-0.0064672437,-0.005212043,-0.004186621,-0.0032277373,0.0036771311,0.004282214,0.004966489,0.00610206,0.006378047,0.0071741547,0.0073399097,0.0075749587,0.008497737,0.009207187,0.012055777,0.013358054,0.014396196,0.01498805,0.017625663,0.018826148,0.029922463,-0.01671548,-0.012876889,-0.009651637,-0.0053167613,0.005273561,0.0087384805,0.012148884,0.018298183
2016-11-10,-0.015292889,-0.020142794,-0.017450456,-0.016803961,-0.016294839,-0.01573226,-0.014439902,-0.012468191,-0.010519274,-0.008813659,-0.007494529,-0.0072371983,-0.006752454,-0.0064947074,-0.0057750945,-0.004761467,-0.003259503,-0.0031132656,0.003861899,0.003961899,0.0040618987,0.0051697707,0.0054840394,0.0065218043,0.0074343504,0.0075343503,0.008237023,0.009014128,0.011904482,0.013089661,0.014020866,0.015988301,0.017598107,0.01783416,0.029634213,-0.01681205,-0.0126089975,-0.009140173,-0.004829305,0.0048979633,0.008328797,0.01196868,0.01811344
2016-11-11,-0.0025678682,-0.02041566,-0.017690243,-0.017314516,-0.016849726,-0.016269716,-0.015621516,-0.014106442,-0.01371613,-0.012234267,-0.011559389,-0.011453523,-0.0113535235,-0.011253524,-0.010511758,-0.008593816,-0.0065746815,-0.0064746817,0.004807285,0.0048947744,0.0062937136,0.008028555,0.009005857,0.009276198,0.009704289,0.010478581,0.010578581,0.012042969,0.01275345,0.013176626,0.014438381,0.01534638,0.01760996,0.018053608,0.02917422,-0.01736937,-0.014598575,-0.012700816,-0.0087216925,0.006745723,0.010796046,0.013232318,0.018037844
2016-11-14,-0.011926783,-0.020184943,-0.017433343,-0.016666062,-0.015972879,-0.015517685,-0.014543542,-0.012759054,-0.011671142,-0.010865182,-0.010600028,-0.010259681,-0.010025294,-0.006795788,-0.0053998968,-0.004851332,-0.0034265614,-0.002559986,0.005371475,0.005471475,0.0063456623,0.0069798697,0.0076186224,0.007840167,0.008409622,0.009365148,0.009453511,0.011386087,0.011466235,0.01312984,0.014168963,0.015281925,0.01758201,0.018464817,0.030026305,-0.016730478,-0.013300995,-0.010727158,-0.0052994913,0.0065156207,0.009867972,0.012603536,0.01821437
2016-11-15,0.0004918375,-0.02031323,-0.017744843,-0.016887339,-0.016049119,-0.015793996,-0.014738654,-0.01351278,-0.0121408235,-0.01051529,-0.009847813,-0.009747342,-0.00927639,-0.008436846,-0.007289688,-0.0057943943,-0.004129553,-0.003396429,0.0046064253,0.004929202,0.0062336354,0.007521934,0.009666469,0.009766469,0.010113858,0.0102170175,0.010382975,0.010403868,0.011797821,0.0131491,0.013964794,0.0151981395,0.017350087,0.018825546,0.029353948,-0.016927969,-0.013558976,-0.010888105,-0.006071481,0.006681011,0.010640585,0.012616771,0.018098306
2016-11-16,-0.0051354053,-0.020235566,-0.017735535,-0.016876725,-0.016210554,-0.015703486,-0.01479111,-0.013368378,-0.013138427,-0.012328961,-0.011288125,-0.010877755,-0.010300272,-0.009112126,-0.007869235,-0.005617537,-0.0035498366,-0.0020357608,0.0051209885,0.006206416,0.008157823,0.008725088,0.010501318,0.0106013175,0.011691155,0.012594812,0.012694811,0.013698589,0.013798589,0.013898589,0.013998589,0.01589764,0.016764414,0.01824638,0.030303419,-0.01693525,-0.01410072,-0.011726012,-0.0059900247,0.0079802945,0.0122589255,0.014170999,0.018468924
2016-11-17,0.000117113574,-0.020166185,-0.017634967,-0.016669698,-0.016419008,-0.01558359,-0.014782719,-0.013723001,-0.012417556,-0.011902458,-0.011647513,-0.010638949,-0.010374259,-0.008579793,-0.007486378,-0.005142578,-0.0032111942,-0.0015170523,0.0066025294,0.007554393,0.0076781423,0.008559309,0.0096990345,0.011943812,0.013148519,0.013666172,0.01380238,0.01390238,0.01400238,0.01410238,0.01420238,0.015147014,0.016440623,0.018087406,0.027166726,-0.016917294,-0.013899086,-0.011560368,-0.0055992305,0.008708579,0.012662755,0.014450029,0.017741181
2016-11-18,-0.009403241,-0.020198429,-0.017501667,-0.016825657,-0.016023096,-0.015583661,-0.015123149,-0.013588629,-0.013219615,-0.012079914,-0.011131002,-0.010684652,-0.010271521,-0.009133383,-0.006798226,-0.0056278096,-0.0031319489,-0.0022991383,0.0073792613,0.008342682,0.009617876,0.010086376,0.010271145,0.011707024,0.011807024,0.012394596,0.014053328,0.014153328,0.014253328,0.014353327,0.014406071,0.015357499,0.016906504,0.01792129,0.027664011,-0.016886,-0.014167393,-0.011775734,-0.005708355,0.009446644,0.012575884,0.014743963,0.01794044
2016-11-21,0.004526757,-0.020236963,-0.017734516,-0.016849963,-0.016749963,-0.016649963,-0.015750349,-0.0143317105,-0.014004169,-0.012969263,-0.012106969,-0.011833604,-0.011759927,-0.011199279,-0.010402379,-0.0070750676,-0.005685302,-0.005497433,0.006890434,0.008577893,0.008677892,0.010240628,0.010517958,0.012313029,0.014177771,0.014277771,0.014377771,0.014477771,0.014577771,0.01467777,0.01477777,0.015109148,0.017310845,0.01784162,0.027304795,-0.017424349,-0.01478109,-0.012964139,-0.008098757,0.009712924,0.01325286,0.015084386,0.01794222
2016-11-22,-0.0035555174,-0.02013701,-0.01765714,-0.016717747,-0.016075365,-0.015572449,-0.013989385,-0.012606424,-0.011618244,-0.010625114,-0.009782565,-0.009593082,-0.009426152,-0.009040222,-0.008397512,-0.0062459866,-0.005597288,-0.0051621613,0.007769805,0.009114199,0.009214199,0.009314199,0.009414199,0.010839584,0.01151402,0.01161402,0.012152843,0.012252843,0.012352843,0.013525612,0.014475418,0.016117766,0.017789362,0.018065471,0.027544323,-0.01668627,-0.013111383,-0.010771314,-0.006999206,0.009385284,0.011529252,0.013614701,0.017945718
2016-11-23,-0.004887021,-0.020287098,-0.01770339,-0.016819762,-0.016485289,-0.01567874,-0.014085703,-0.012997936,-0.012399761,-0.011745239,-0.010786368,-0.010686368,-0.010574442,-0.009727055,-0.008541989,-0.0063748723,-0.0052809827,-0.004809389,0.0049574208,0.0067051332,0.0067861048,0.008143185,0.009066896,0.009871693,0.011326121,0.011426121,0.011632359,0.0117323585,0.012163683,0.013655325,0.014558856,0.015502147,0.017299348,0.017727802,0.02723497,-0.016848044,-0.01360968,-0.011514666,-0.0071387202,0.007583593,0.011150479,0.013296614,0.01773582
2016-11-24,0.00272585,-0.020195149,-0.017496655,-0.017204406,-0.01616221,-0.015713949,-0.014154273,-0.013108824,-0.0122350855,-0.011533619,-0.010871963,-0.010771963,-0.01038866,-0.009632106,-0.008668673,-0.007436031,-0.00622319,-0.0061231903,0.005582649,0.0076796543,0.00804724,0.008941149,0.009360478,0.009460478,0.010026042,0.011057387,0.011157387,0.0113068735,0.011680085,0.0131286355,0.0146321,0.015439015,0.017104518,0.017878585,0.02744152,-0.016744446,-0.0136472415,-0.011456418,-0.00784461,0.008055347,0.0108627705,0.0128755,0.01770397
2016-11-25,0.0040819664,-0.020215267,-0.017658278,-0.016757803,-0.016018778,-0.015737416,-0.014803845,-0.014267746,-0.013231115,-0.011815513,-0.01120297,-0.01053867,-0.010501489,-0.009682532,-0.009304255,-0.008138514,-0.0071176006,-0.0059809037,0.004476264,0.0057699415,0.0062427693,0.0073781107,0.008445815,0.00897033,0.009810383,0.010421805,0.010911501,0.0114773195,0.011972983,0.013172191,0.014073559,0.015353107,0.018182617,0.018740565,0.027573371,-0.016886717,-0.014175205,-0.01188439,-0.008215989,0.006735494,0.010497492,0.0131433215,0.017782558
2016-11-28,-0.0020436249,-0.020280562,-0.017678073,-0.016554642,-0.016005168,-0.015721982,-0.0140209235,-0.01243487,-0.01175543,-0.011542888,-0.0114428885,-0.011196266,-0.011021437,-0.01081387,-0.009975942,-0.009875942,-0.009035967,-0.0071566077,0.0058134412,0.0065932455,0.007267467,0.007706669,0.008243827,0.008771174,0.009591768,0.010081344,0.010507395,0.011229116,0.012169336,0.013081724,0.014254088,0.015039882,0.017641421,0.017898472,0.026931899,-0.016741341,-0.01326175,-0.01181091,-0.009448145,0.007394518,0.010281438,0.012925798,0.017441211
2016-11-29,0.0033582086,-0.020268904,-0.017666351,-0.016673619,-0.015946189,-0.015552238,-0.014122943,-0.0137600545,-0.012368665,-0.0119345,-0.011589281,-0.011228962,-0.010039946,-0.008675188,-0.007918917,-0.007669761,-0.007277482,-0.006435522,0.0061465055,0.0066234395,0.006977529,0.0075767734,0.007765072,0.008673062,0.009755124,0.010063417,0.010690927,0.011003618,0.011812532,0.013146259,0.013832117,0.015249866,0.017586323,0.017845359,0.027351346,-0.016711324,-0.013771957,-0.0113592055,-0.008106129,0.0074158744,0.010130285,0.012847932,0.017484989
2016-11-30,-0.000956318,-0.020199241,-0.017522901,-0.016498912,-0.016136948,-0.015553381,-0.014504973,-0.013431052,-0.01248872,-0.011962018,-0.011365879,-0.010657983,-0.01010856,-0.008662241,-0.008446672,-0.0070803626,-0.0064973366,-0.0057016416,0.005787238,0.0072385506,0.007535892,0.007822699,0.008026946,0.008474765,0.009621595,0.010300201,0.010403406,0.010999837,0.011854159,0.013306059,0.014684884,0.01565587,0.017563686,0.017790643,0.027265884,-0.016783487,-0.013777135,-0.011426074,-0.0076768,0.007601195,0.010221561,0.012825429,0.017740669
2016-12-01,0.00038640606,-0.020104744,-0.01755141,-0.016871499,-0.016020829,-0.015920829,-0.015497654,-0.015161709,-0.014150518,-0.013580707,-0.012056926,-0.0119044315,-0.011833416,-0.010453294,-0.009178203,-0.007577394,-0.006198031,-0.006098031,0.005034432,0.00622469,0.0071023973,0.008026217,0.00900636,0.010541987,0.011513064,0.011774549,0.011874549,0.011974549,0.012914238,0.013071655,0.0139720775,0.015499037,0.016960965,0.017755939,0.027133295,-0.017019093,-0.015052417,-0.0127983615,-0.008191218,0.0075801597,0.011273821,0.013359192,0.0174864
2016-12-02,0.004538502,-0.02009038,-0.017433029,-0.016676001,-0.016055191,-0.015705496,-0.014997713,-0.0132736275,-0.012712995,-0.011558122,-0.011458122,-0.011124048,-0.0102136135,-0.009612822,-0.00829792,-0.0071003092,-0.0051919124,-0.005017623,0.00449925,0.0048009586,0.0060981195,0.007153688,0.008309806,0.009545219,0.0101573495,0.010921148,0.011635959,0.011735959,0.011835959,0.013227489,0.014613088,0.015108529,0.017527718,0.017829478,0.027335083,-0.016856361,-0.013843691,-0.011799052,-0.007346363,0.0065418733,0.0107479235,0.013192616,0.017622733
2016-12-05,0.0058990326,-0.020084301,-0.017491521,-0.016704325,-0.016059173,-0.01578891,-0.014554773,-0.013390461,-0.01235824,-0.011731288,-0.011631289,-0.011303116,-0.010516892,-0.009262295,-0.008022332,-0.007834428,-0.007197002,-0.006234436,0.006809639,0.0069808033,0.008263218,0.00842378,0.008974087,0.010670685,0.011229716,0.011231656,0.011882703,0.012121241,0.012275321,0.013207359,0.013892701,0.015356132,0.017803332,0.017903332,0.027177285,-0.016795736,-0.013747817,-0.011664698,-0.0081182625,0.008341431,0.011241006,0.013457991,0.017507363
2016-12-06,0.0008016182,-0.020276219,-0.017641027,-0.017018436,-0.016918436,-0.0156869,-0.0155869,-0.015044631,-0.014880934,-0.013839014,-0.013739014,-0.013641382,-0.013371857,-0.012841835,-0.012796754,-0.011038031,-0.009104629,-0.008046176,0.004679197,0.0059630913,0.0074685835,0.008975508,0.011722866,0.0125079565,0.014021259,0.015743805,0.015843805,0.015943805,0.016043805,0.016143804,0.017997166,0.019028176,0.02041045,0.02051045,0.027444258,-0.017221894,-0.015273983,-0.014084106,-0.0109253945,0.008221528,0.014412448,0.016877133,0.02022477
2016-12-07,0.0031907745,-0.020123346,-0.017478613,-0.01662101,-0.015953748,-0.015563478,-0.014647492,-0.014079817,-0.013739475,-0.01294782,-0.012469977,-0.012321289,-0.012221289,-0.011007061,-0.0100122625,-0.008477513,-0.007928397,-0.0071560666,0.0049431277,0.006054703,0.0071245423,0.008550347,0.009798584,0.010102439,0.010872089,0.01167189,0.012012486,0.012268958,0.012743328,0.013283261,0.014265948,0.015548178,0.017519629,0.018417453,0.0274283,-0.016753335,-0.0144071225,-0.01281706,-0.009179106,0.007508962,0.011425026,0.013565533,0.017788628
2016-12-08,-0.014180256,-0.020153405,-0.017611982,-0.016533421,-0.016433422,-0.015775954,-0.0141878305,-0.013470335,-0.0127851395,-0.0119930385,-0.011348115,-0.011248115,-0.010742008,-0.009539837,-0.008592822,-0.007417541,-0.0069095544,-0.0067728213,0.005027176,0.0061675366,0.0070825987,0.0077058463,0.008207995,0.009121453,0.010649034,0.011605467,0.011705467,0.012359791,0.012459791,0.013314084,0.014508431,0.015178949,0.016014328,0.018697724,0.027052518,-0.01683252,-0.013793953,-0.011720586,-0.008188171,0.007326438,0.010921758,0.013170692,0.017750341
2016-12-09,-0.00754585,-0.020285802,-0.017535642,-0.016664373,-0.01600845,-0.01590845,-0.015678218,-0.0151229175,-0.014440654,-0.014047238,-0.013461799,-0.012933356,-0.012197619,-0.011458745,-0.010484304,-0.008001929,-0.007467698,-0.0062329522,0.0067894873,0.008955256,0.009642636,0.01089401,0.011718672,0.012919564,0.015080035,0.015146673,0.015662486,0.015996577,0.016096577,0.016196577,0.016296577,0.018140113,0.021034667,0.021134667,0.027515933,-0.017083313,-0.015190679,-0.013447407,-0.009024048,0.010272285,0.014395612,0.016997376,0.019856773
2016-12-12,0.0068979897,-0.020157756,-0.017562686,-0.016789936,-0.016079392,-0.015632052,-0.015106085,-0.014240002,-0.013976048,-0.013876048,-0.013776048,-0.01336542,-0.01326542,-0.010760926,-0.010660926,-0.009316551,-0.007281083,-0.006364009,0.0050872643,0.0068534035,0.0073651113,0.008706797,0.010239103,0.010972232,0.011703427,0.011803427,0.011917233,0.0122000575,0.012300057,0.013992186,0.014750831,0.014807919,0.017348213,0.017598622,0.02705352,-0.016907593,-0.014797625,-0.013376905,-0.009397598,0.0079432,0.0118414005,0.01355155,0.017640617
2016-12-13,0.0029273434,-0.020251144,-0.017638687,-0.01650694,-0.016096866,-0.015629666,-0.014118583,-0.013188985,-0.012658847,-0.011978504,-0.011462545,-0.010920734,-0.010471246,-0.009576665,-0.008642967,-0.008132454,-0.0074850908,-0.006831831,0.005122436,0.005934824,0.0067513785,0.0074430318,0.007964763,0.009452296,0.0104541695,0.010601166,0.01160251,0.0118886875,0.012666297,0.013370608,0.01404384,0.015570442,0.016788114,0.018581955,0.027614636,-0.016746989,-0.013690372,-0.011657577,-0.008402615,0.0071411678,0.010655504,0.013263243,0.017836297
2016-12-14,0.001007526,-0.020126428,-0.017383156,-0.016636737,-0.016337499,-0.0155967865,-0.014096166,-0.0134456195,-0.013065502,-0.012933284,-0.012387603,-0.012164442,-0.011749948,-0.010763532,-0.009829424,-0.009302447,-0.008314475,-0.006269062,0.0074463175,0.0083209025,0.008554003,0.0098597,0.010824294,0.010924294,0.0112875085,0.012167779,0.012807527,0.012907526,0.013007526,0.0131532485,0.0143615035,0.01552138,0.017297711,0.01859956,0.02731227,-0.016708007,-0.0140354615,-0.01241255,-0.009175969,0.009093687,0.011995428,0.013834707,0.017789593
2016-12-15,-0.022297885,-0.02020118,-0.017500004,-0.016470324,-0.01615485,-0.015382629,-0.014047196,-0.013436938,-0.012628957,-0.012430104,-0.0121235605,-0.011068609,-0.010582526,-0.010157542,-0.00931386,-0.007967571,-0.007321497,-0.006248449,0.004861099,0.00607576,0.007091517,0.007461861,0.007769828,0.009699343,0.010758672,0.011198724,0.011835242,0.0119352415,0.012256394,0.013410447,0.014390601,0.017437588,0.017671496,0.018379763,0.027136097,-0.01665717,-0.013802704,-0.0119079575,-0.008383997,0.0072497814,0.010802718,0.013421764,0.0181509
2016-12-16,-0.0005282037,-0.020297071,-0.017649863,-0.016840793,-0.016740793,-0.016640794,-0.016044041,-0.015623391,-0.015470729,-0.014757087,-0.014058978,-0.0139589785,-0.013477777,-0.013377777,-0.01089226,-0.009635691,-0.005327027,-0.0046408,0.0070986957,0.009020467,0.011346425,0.012741637,0.013189989,0.013289989,0.014165304,0.014276785,0.015518734,0.015614076,0.016014677,0.016114676,0.016214676,0.017770277,0.017870277,0.02154187,0.027335413,-0.017474514,-0.015747208,-0.01448586,-0.008890951,0.010874506,0.014497103,0.01622649,0.019795382
2016-12-19,0.0024034726,-0.020174233,-0.017527074,-0.016602784,-0.016364655,-0.015710859,-0.014915364,-0.014597528,-0.014497528,-0.013806565,-0.013580029,-0.013445691,-0.012695559,-0.0125955595,-0.01249556,-0.012154547,-0.010724093,-0.008934789,0.0061550094,0.0071559832,0.009288623,0.0110877985,0.011210219,0.012199385,0.012299385,0.012399385,0.01287906,0.0129790595,0.013079059,0.013560263,0.016442806,0.016542805,0.017659942,0.018376755,0.025088998,-0.016938437,-0.014883953,-0.013656807,-0.011550935,0.00919736,0.012469662,0.014031475,0.018002326
2016-12-20,-0.0055689304,-0.020106973,-0.017517384,-0.016691783,-0.016400995,-0.015669659,-0.014531065,-0.01310391,-0.01300391,-0.012652112,-0.012552112,-0.011581763,-0.011481763,-0.011381763,-0.01104154,-0.009843924,-0.008160388,-0.007949704,0.0052976785,0.0058820304,0.007654184,0.009103031,0.009570378,0.0103666615,0.0108987,0.011399131,0.011694738,0.011880897,0.012768728,0.013546312,0.014461076,0.015502634,0.017624877,0.018482454,0.024903681,-0.016845215,-0.013996556,-0.012590122,-0.009715464,0.0077671246,0.011352676,0.01350311,0.017379232
2016-12-21,0.0053916257,-0.02011389,-0.017586278,-0.016740458,-0.016382622,-0.015713349,-0.015067217,-0.014147334,-0.013651604,-0.013468177,-0.013335607,-0.012768022,-0.01221044,-0.01211044,-0.01201044,-0.011614976,-0.010696825,-0.0093697505,0.006073741,0.007228248,0.008342996,0.010584687,0.010684687,0.010896836,0.010996836,0.012150059,0.012250059,0.012279604,0.012476852,0.013698345,0.014572603,0.01553444,0.01762933,0.018521503,0.027598219,-0.01697267,-0.014614957,-0.013275062,-0.011292003,0.008645302,0.011941907,0.013666838,0.017985022
2016-12-22,0.002412477,-0.02020716,-0.017571883,-0.01672634,-0.016092584,-0.0156717,-0.0146002835,-0.012911768,-0.012811768,-0.012711768,-0.012171529,-0.0118821515,-0.011463949,-0.01136395,-0.01126395,-0.010478785,-0.0091754,-0.0085622845,0.0055434857,0.0060878606,0.0072117876,0.0077445004,0.008999077,0.010618704,0.011215075,0.011672383,0.011772383,0.011887963,0.012586618,0.014025946,0.016445829,0.016545828,0.017620623,0.018148025,0.025693715,-0.016828721,-0.013952385,-0.012482297,-0.010272514,0.0075605414,0.011440815,0.013578707,0.01817187
2016-12-23,0.00041824055,-0.020054266,-0.017495697,-0.016636454,-0.015908245,-0.015216223,-0.013923416,-0.013082405,-0.012982405,-0.012534345,-0.011409899,-0.011187588,-0.011086457,-0.010986458,-0.010886458,-0.010786458,-0.010647695,-0.0084210355,0.0047830394,0.0048830393,0.005531552,0.0070600566,0.00782996,0.008485679,0.009908554,0.010338243,0.01083788,0.011236188,0.012246948,0.013148079,0.014425639,0.016346594,0.01759551,0.01786514,0.025263837,-0.016519569,-0.0138318045,-0.012077726,-0.010385847,0.0064332485,0.010207629,0.013012921,0.017409857
2016-12-27,-0.0004469263,-0.020330852,-0.017724618,-0.016810825,-0.016185466,-0.015681183,-0.014604563,-0.013233795,-0.012391574,-0.011145113,-0.010867618,-0.010511482,-0.010411482,-0.010244554,-0.008539443,-0.007045373,-0.00509631,-0.004106076,0.0048475205,0.006107878,0.006587817,0.0069689187,0.007504615,0.008757221,0.00956268,0.009948655,0.010650705,0.0117294965,0.011829496,0.013555322,0.014292057,0.016159482,0.017567731,0.018504968,0.025772568,-0.016905336,-0.013637175,-0.011703958,-0.0070597366,0.0068149627,0.010299062,0.013066551,0.017656881
2016-12-28,-0.0061986516,-0.020192781,-0.017626446,-0.016541282,-0.01613075,-0.015640518,-0.014162329,-0.013065527,-0.012748469,-0.012150307,-0.0115132155,-0.011413216,-0.010886814,-0.010786815,-0.010054049,-0.00974834,-0.009217957,-0.009117957,0.003317594,0.0035806352,0.005141574,0.005746355,0.0070370547,0.00836435,0.008772443,0.008817451,0.009328274,0.009880107,0.011134812,0.013080659,0.014397102,0.015386885,0.017539848,0.017868357,0.024104245,-0.016750563,-0.013733583,-0.012019528,-0.009910304,0.00531172,0.009435924,0.01219274,0.01696745
2016-12-29,0.009108451,-0.020147614,-0.017588912,-0.016602315,-0.016367242,-0.015736911,-0.013998357,-0.01322475,-0.012098388,-0.011312597,-0.010437018,-0.009621412,-0.008376102,-0.008121081,-0.0073879478,-0.0066882786,-0.006423983,-0.005399798,0.0042979876,0.0043979874,0.005160684,0.0062939497,0.0063650147,0.007869426,0.008565817,0.008976169,0.009620215,0.010131116,0.011509737,0.013136725,0.014582468,0.01702845,0.017639482,0.01807901,0.024826916,-0.016767807,-0.013447282,-0.010606189,-0.0071042837,0.005743285,0.00929569,0.012407455,0.017530713
2016-12-30,0.0055881273,-0.020009615,-0.01744494,-0.016672175,-0.01603349,-0.015589221,-0.014445224,-0.01330317,-0.012138709,-0.010605371,-0.009535226,-0.008830192,-0.008578633,-0.008190152,-0.007438359,-0.007017994,-0.006507233,-0.0061853887,0.0043065194,0.0044940016,0.004813798,0.005594103,0.006572075,0.008161754,0.008971542,0.009159754,0.010203121,0.010873554,0.0117047075,0.013465691,0.014083535,0.015486906,0.017611215,0.018462187,0.027555123,-0.016704498,-0.013432929,-0.010577588,-0.007195833,0.0056359926,0.009646566,0.012771659,0.01781069
2017-01-02,-0.007231756,-0.022412324,-0.019944698,-0.019162754,-0.018601406,-0.018501407,-0.018401407,-0.017709415,-0.017609416,-0.017509416,-0.015266962,-0.013772478,-0.013555866,-0.012725304,-0.011270347,-0.0096857585,-0.008076318,-0.0064350674,0.0076947473,0.009422424,0.010649952,0.011275171,0.011481427,0.012062936,0.013074321,0.014268289,0.014368289,0.014818718,0.014918718,0.015199083,0.018569099,0.018781986,0.020606939,0.021390487,0.02508391,-0.019572247,-0.01807848,-0.015511791,-0.009847994,0.010423323,0.01356609,0.015982348,0.019804914
2017-01-03,-0.008275764,-0.020191927,-0.017550299,-0.016766675,-0.01641786,-0.015646797,-0.014118736,-0.01289362,-0.01279362,-0.012428451,-0.0110391695,-0.01093917,-0.010481575,-0.010381575,-0.010281575,-0.009610404,-0.0070363963,-0.00652058,0.0047655394,0.0051329294,0.0052329293,0.007163618,0.008141553,0.008411217,0.009831313,0.010576937,0.011152706,0.011791011,0.012700746,0.01401681,0.0146418195,0.017029164,0.017676352,0.018467525,0.025520457,-0.016785124,-0.013800221,-0.011762935,-0.008877625,0.006425266,0.010587505,0.013467525,0.017935155
2017-01-04,0.0088008735,-0.020114155,-0.01770502,-0.016958365,-0.016201332,-0.01589354,-0.015649265,-0.015105341,-0.015035277,-0.0143806385,-0.014280639,-0.014066003,-0.013787506,-0.013294628,-0.01156391,-0.009934586,-0.008923324,-0.0070039704,0.006498009,0.007369129,0.008884097,0.011051896,0.012164425,0.012264425,0.012417436,0.01280431,0.013540286,0.0136402855,0.014740607,0.014840607,0.014940606,0.015442717,0.017601851,0.01844753,0.025336495,-0.017112661,-0.015425777,-0.014409463,-0.010298358,0.009244113,0.013142809,0.014872727,0.01780159
2017-01-05,0.012025619,-0.020212647,-0.018077046,-0.016939659,-0.016845746,-0.015296146,-0.0151842525,-0.014504944,-0.014404944,-0.014304944,-0.014143683,-0.014002238,-0.013015228,-0.012504948,-0.011848072,-0.010297911,-0.0074418783,-0.0044883415,0.004839303,0.006082649,0.006904977,0.009595871,0.009695871,0.01187694,0.01197694,0.012302811,0.012322532,0.012422532,0.012522532,0.013224891,0.014303899,0.015458183,0.01757483,0.018334337,0.0253377,-0.017123168,-0.015067749,-0.013850612,-0.009615688,0.007879948,0.011904609,0.013613464,0.017331803
2017-01-06,-0.0029940566,-0.020070868,-0.018283479,-0.01818348,-0.0175771,-0.0174771,-0.016866803,-0.016598355,-0.016498355,-0.015553093,-0.015453093,-0.015377736,-0.014763846,-0.014663846,-0.014563846,-0.013741658,-0.012557781,-0.010106437,0.007009484,0.008024073,0.010656432,0.010723067,0.0134702185,0.013972953,0.014072953,0.017146552,0.017246552,0.017346552,0.017446551,0.018021597,0.018368153,0.018468153,0.018568153,0.020612953,0.023583414,-0.01805507,-0.016740017,-0.015649188,-0.0132694915,0.010097203,0.015991574,0.017725881,0.019810854
2017-01-09,-0.0015643437,-0.020221503,-0.017914725,-0.017074497,-0.01663602,-0.01575713,-0.015648432,-0.015140114,-0.015106517,-0.014653855,-0.014339936,-0.014239936,-0.014139936,-0.013271683,-0.012691,-0.0106292525,-0.008921818,-0.007879101,0.0058957916,0.0076458757,0.009883937,0.011439371,0.011576427,0.012151044,0.012197638,0.012604267,0.012704267,0.012860814,0.013851175,0.014236803,0.015176297,0.016490044,0.018148236,0.018248236,0.023165757,-0.017235562,-0.015524683,-0.014501301,-0.010872221,0.009412522,0.012685871,0.014360258,0.017463427
2017-01-10,0.0036101507,-0.02015552,-0.018113734,-0.017124506,-0.016261406,-0.015729675,-0.014456189,-0.0132107455,-0.013071089,-0.012946628,-0.012487635,-0.012387635,-0.011836586,-0.01172123,-0.011564796,-0.010037767,-0.009693898,-0.008262621,0.004446823,0.004690756,0.008021744,0.008817197,0.008917197,0.010821306,0.0109555675,0.0112587875,0.011695223,0.011769104,0.012577145,0.01397635,0.014672296,0.015549567,0.018011995,0.018789316,0.02274671,-0.016943304,-0.014161831,-0.012714545,-0.010389343,0.0073864176,0.011348549,0.013605964,0.017146848
2017-01-11,-0.011296927,-0.020230126,-0.018203123,-0.017406948,-0.01604196,-0.015684323,-0.014797464,-0.014022569,-0.013819642,-0.013009251,-0.012808327,-0.012731823,-0.011662786,-0.011266902,-0.010168703,-0.007188163,-0.0056572924,-0.0038087973,0.005280039,0.0058433297,0.0068029417,0.007829479,0.008923892,0.009847573,0.010948335,0.011161953,0.01188351,0.01220794,0.013602854,0.013702854,0.015434598,0.015905624,0.018188108,0.018958434,0.023313705,-0.016991401,-0.014611175,-0.012871024,-0.007910956,0.0073408247,0.011168843,0.013917053,0.017463043
2017-01-12,0.016874423,-0.020297041,-0.018076465,-0.01730855,-0.016200287,-0.015713912,-0.014021154,-0.012981799,-0.012495673,-0.012169608,-0.011510112,-0.011221093,-0.010750048,-0.010293354,-0.009178661,-0.0073278546,-0.006742699,-0.0066426992,0.0053848485,0.0070903664,0.007176989,0.0077130664,0.007958288,0.008880624,0.010439391,0.01078008,0.011494754,0.012022035,0.01246155,0.013565555,0.014865057,0.015862701,0.018086469,0.018871298,0.023300651,-0.016861772,-0.013795356,-0.011814068,-0.008222601,0.0075609325,0.010641317,0.013526073,0.017293055
2017-01-13,-0.0027519127,-0.020320842,-0.018212805,-0.01745467,-0.01735467,-0.017076487,-0.01633275,-0.014708128,-0.014690805,-0.014405098,-0.014086548,-0.013986548,-0.013727875,-0.01324946,-0.012622522,-0.010213915,-0.007915388,-0.0061018416,0.005564837,0.0075959917,0.009652848,0.010763639,0.0108636385,0.012222866,0.013060888,0.01358765,0.014196922,0.014232662,0.015640335,0.015740335,0.015840335,0.017037982,0.017992806,0.018727299,0.023054596,-0.017859511,-0.01551829,-0.014417487,-0.010168043,0.009327641,0.01332943,0.015560612,0.01808011
2017-01-16,-0.0016250899,-0.020311149,-0.01818943,-0.017394856,-0.016969487,-0.016139796,-0.016039796,-0.015415283,-0.014703993,-0.014241458,-0.012997108,-0.012897108,-0.012797108,-0.011687849,-0.009913598,-0.007156059,-0.0056525255,-0.0048244335,0.00550023,0.0071556666,0.009843808,0.011007501,0.011515734,0.011853951,0.011953951,0.012146518,0.012650431,0.012750431,0.013398897,0.014861488,0.0155028645,0.015595318,0.018004635,0.018104635,0.023586454,-0.01752993,-0.015559077,-0.01364517,-0.008088744,0.009092231,0.012625624,0.014333176,0.017530153
2017-01-17,0.008297888,-0.020262877,-0.018163497,-0.017350165,-0.016529074,-0.015587405,-0.0137047665,-0.013048016,-0.0123136155,-0.012019842,-0.011238955,-0.010992445,-0.010384893,-0.010284893,-0.00870462,-0.0050893864,-0.0047424957,-0.004402502,0.0047587813,0.006419635,0.0075206463,0.007872191,0.0085820835,0.009656839,0.010345977,0.010828972,0.011648394,0.012120487,0.012684465,0.01420998,0.014867482,0.01657493,0.016916031,0.01809645,0.023779945,-0.016849523,-0.013687281,-0.011585425,-0.0067862896,0.007383446,0.011079672,0.013515872,0.017505758
2017-01-18,8.6488915e-05,-0.02031662,-0.018161997,-0.017311396,-0.016504431,-0.015622863,-0.015504992,-0.015302001,-0.014785634,-0.013634189,-0.013273933,-0.012871385,-0.012543177,-0.01216614,-0.010369531,-0.009020839,-0.007745892,-0.0057154046,0.004531314,0.00581023,0.007399875,0.008738222,0.0090382835,0.009718881,0.010364969,0.011169275,0.012111103,0.012368779,0.012456503,0.013235982,0.015402567,0.015915612,0.016667504,0.018422376,0.02299677,-0.017222181,-0.0153076425,-0.013654776,-0.00914461,0.0073689222,0.01110624,0.013367975,0.017194662
2017-01-19,-0.008023802,-0.020156642,-0.018168107,-0.017181396,-0.016521396,-0.015662806,-0.014065387,-0.013001489,-0.012424512,-0.012154911,-0.011844374,-0.011744374,-0.011112031,-0.011043734,-0.009513199,-0.008176583,-0.006591609,-0.0064916094,0.0039043163,0.0051997807,0.006457857,0.007330463,0.008342337,0.009410127,0.010565202,0.010582297,0.011714612,0.011728537,0.012249988,0.013721257,0.015462564,0.015933175,0.016739812,0.01799762,0.02317699,-0.016914869,-0.013765539,-0.012098007,-0.008503475,0.006691524,0.010756912,0.013230843,0.017258322
2017-01-20,0.0064845844,-0.02010954,-0.01812765,-0.017250337,-0.016778657,-0.016551591,-0.015943618,-0.015354591,-0.014782037,-0.014103985,-0.013568953,-0.01346623,-0.013439521,-0.012130299,-0.012030299,-0.010808668,-0.00906,-0.0071926927,0.004619456,0.005218778,0.0060307784,0.008569778,0.009227379,0.0100621795,0.011531572,0.012169672,0.012269672,0.012688489,0.013181384,0.014094746,0.014585415,0.015761917,0.016636001,0.017925303,0.023078013,-0.017502211,-0.015486914,-0.013972886,-0.010511579,0.007194073,0.011648493,0.013774058,0.01708908
2017-01-23,0.0064218715,-0.020240638,-0.018148266,-0.017143007,-0.015991924,-0.015532784,-0.015132999,-0.014511571,-0.014155345,-0.013486738,-0.0133867385,-0.013286739,-0.013186739,-0.0120805325,-0.011980533,-0.010740518,-0.008065527,-0.006222553,0.0041519767,0.0046599912,0.0057368022,0.007843704,0.008514924,0.009218459,0.010163445,0.0107418625,0.011216985,0.011775006,0.011956576,0.013513527,0.014299672,0.016899947,0.01804409,0.018423306,0.0237454,-0.017009322,-0.014885932,-0.013588471,-0.010059174,0.006511184,0.010752756,0.013301237,0.01737637
2017-01-24,0.00045347732,-0.020206913,-0.018094728,-0.016942896,-0.016092172,-0.015316725,-0.014429967,-0.013109985,-0.012849686,-0.012776502,-0.011812074,-0.011405198,-0.011171319,-0.011071319,-0.01063678,-0.010190899,-0.008030323,-0.006756884,0.003336644,0.004393435,0.004691925,0.005757639,0.006840589,0.008418003,0.0099374335,0.010294441,0.010873697,0.0110703325,0.011723892,0.013095144,0.014206934,0.015772976,0.017172372,0.018254278,0.022876024,-0.016828101,-0.014021808,-0.012266872,-0.009404017,0.0056234156,0.009943702,0.012787087,0.016841073
2017-01-25,-0.0010421417,-0.02016761,-0.017791249,-0.017428681,-0.016257217,-0.015084509,-0.013845907,-0.012795036,-0.012755578,-0.010991701,-0.010891701,-0.010662607,-0.010562607,-0.010462607,-0.010362607,-0.010304318,-0.0087214485,-0.0073780143,0.003686547,0.004121065,0.004789617,0.005856295,0.0071272682,0.00871714,0.009532424,0.010242851,0.010440353,0.01126953,0.011830231,0.013139911,0.014504883,0.015690647,0.017494189,0.018042136,0.02336548,-0.016629297,-0.01356338,-0.01170368,-0.009485799,0.0055971895,0.01009934,0.012834842,0.016948612
2017-01-26,-0.0065474785,-0.020228364,-0.018043855,-0.017343426,-0.016266812,-0.015397876,-0.014238732,-0.013021493,-0.012411717,-0.012153473,-0.011003587,-0.0108710155,-0.010771016,-0.010671016,-0.010349649,-0.009714722,-0.007668711,-0.006771784,0.0033010454,0.003808946,0.0046120333,0.005605179,0.0070701363,0.008812847,0.010094705,0.010194705,0.010840026,0.011228212,0.011952121,0.01307088,0.014732306,0.01623741,0.017322017,0.017891776,0.02263441,-0.016835127,-0.013833767,-0.011819214,-0.009075176,0.005484382,0.010075356,0.012882652,0.016913358
2017-01-27,0.0032090442,-0.020170905,-0.017873961,-0.017161742,-0.016710162,-0.015405768,-0.013652722,-0.012893564,-0.012793564,-0.011831796,-0.011434985,-0.011380227,-0.010748663,-0.010648663,-0.010240523,-0.008669905,-0.007893656,-0.006447128,0.0039185355,0.004414122,0.0067330836,0.008164799,0.008216654,0.011366572,0.011972356,0.0120723555,0.012172355,0.012973999,0.0130739985,0.013156972,0.014747107,0.016265705,0.017416922,0.017983865,0.02341234,-0.016762704,-0.013666677,-0.01185572,-0.008926287,0.007040579,0.01155731,0.01375885,0.017113198
2017-01-30,-0.0016313026,-0.02019041,-0.01821637,-0.017156633,-0.016236888,-0.014852103,-0.013977246,-0.012920343,-0.0128203435,-0.012720344,-0.012249638,-0.0121496385,-0.011338434,-0.009579335,-0.008952526,-0.007671039,-0.005968875,-0.0040999814,0.005972,0.007148063,0.008926863,0.009026863,0.009257435,0.009357435,0.009697763,0.010307245,0.010842459,0.011694429,0.012141766,0.01311369,0.014702311,0.015271599,0.017502168,0.018021362,0.02322455,-0.016694603,-0.013918981,-0.011993,-0.007768412,0.00815431,0.010746046,0.013058903,0.016866703
2017-01-31,0.0113034975,-0.020212078,-0.018077526,-0.017128002,-0.016180694,-0.015471317,-0.014380241,-0.013128331,-0.012918132,-0.011869025,-0.011525267,-0.0113503905,-0.0112378355,-0.009835262,-0.008629447,-0.0073882723,-0.0047021396,-0.00460214,0.004718985,0.005635793,0.007112519,0.007287833,0.008601421,0.009290856,0.009661545,0.009807714,0.0108189,0.011674654,0.011951808,0.0134901125,0.014901587,0.016332403,0.016432403,0.018265223,0.0227272,-0.01686437,-0.013884747,-0.011979347,-0.007334478,0.0068833353,0.010572952,0.012873575,0.017143305
2017-02-01,-0.0047663073,-0.020140646,-0.018129066,-0.017012566,-0.016681261,-0.015396526,-0.01496782,-0.014538823,-0.013332862,-0.0126813315,-0.011994967,-0.011683796,-0.010976552,-0.01015701,-0.009218336,-0.007888918,-0.006009054,-0.004764355,0.004712118,0.005025328,0.0060889586,0.00698801,0.008198439,0.009289988,0.01053415,0.011125255,0.011225255,0.011528118,0.012073318,0.013145391,0.014445396,0.01607077,0.017394006,0.01843744,0.023849547,-0.017063063,-0.014506681,-0.012285842,-0.007912891,0.0066697127,0.010657438,0.013073218,0.017189708
2017-02-03,0.002807824,-0.020222537,-0.018114021,-0.016701713,-0.01619544,-0.015556951,-0.014245779,-0.012786747,-0.012002442,-0.011344575,-0.010719665,-0.0106196655,-0.010399472,-0.010302357,-0.009265832,-0.008620966,-0.007848537,-0.007080691,0.00205517,0.0030741019,0.004199781,0.0058636274,0.00750016,0.009617901,0.009886504,0.010522003,0.010684506,0.01160039,0.01228389,0.013238909,0.014822515,0.015386365,0.017060172,0.018490424,0.023548389,-0.016866947,-0.013416251,-0.011533943,-0.008687139,0.0050158366,0.010495873,0.012973574,0.01709732
2017-02-06,-0.0045521767,-0.020241491,-0.018130846,-0.01718055,-0.016055102,-0.01579944,-0.014931839,-0.0145138,-0.013670338,-0.012496977,-0.011699843,-0.011635556,-0.010489011,-0.009629034,-0.008686259,-0.006971691,-0.005563948,-0.0042365673,0.0036593685,0.004048381,0.0050321184,0.006811266,0.007994309,0.008970136,0.009956386,0.010679021,0.011403011,0.011710856,0.011851402,0.013267166,0.014289441,0.016663782,0.01729591,0.017885324,0.023312496,-0.017031744,-0.014558701,-0.012084014,-0.007418805,0.005901504,0.010524297,0.01310567,0.017083641
2017-02-07,-0.005003371,-0.019909816,-0.018101156,-0.017156066,-0.01653613,-0.0153762195,-0.014187589,-0.012930157,-0.012929816,-0.011539831,-0.010778317,-0.010615228,-0.01040631,-0.009887439,-0.008952024,-0.0077707395,-0.006685861,-0.005475948,0.0035488792,0.0050806017,0.0057179215,0.0061842673,0.0065221437,0.008837126,0.009684373,0.009988636,0.010638255,0.010644822,0.011476646,0.013184042,0.014139714,0.015884038,0.017988464,0.018371163,0.023467347,-0.016822182,-0.013748692,-0.011637894,-0.0078999605,0.0060432083,0.009835353,0.012786445,0.017009262
2017-02-08,0.0019819387,-0.020251498,-0.018066583,-0.017184103,-0.016254218,-0.015350921,-0.014068698,-0.0129572945,-0.011712118,-0.011133153,-0.010040367,-0.009940367,-0.009840367,-0.009809385,-0.008951628,-0.0074575944,-0.00594159,-0.005889114,0.0034338615,0.0040096277,0.005393971,0.006154584,0.0074664713,0.008642278,0.010008357,0.0103624705,0.010805937,0.011087163,0.0121290535,0.013100369,0.014768844,0.015470112,0.017418917,0.018456435,0.023172086,-0.016798384,-0.013411073,-0.011094186,-0.007636058,0.0058000805,0.010131751,0.012908289,0.016993571
2017-02-09,-0.004005321,-0.02026701,-0.018136874,-0.017202858,-0.016178524,-0.015324136,-0.013831468,-0.012725578,-0.011089561,-0.010707879,-0.009722866,-0.009291582,-0.00858094,-0.00551082,-0.0042914813,-0.0030831546,-0.002319881,-0.0017047372,0.0059415,0.0071197813,0.007247887,0.007726456,0.008293096,0.009662485,0.009762485,0.009935069,0.010913997,0.012461518,0.012561518,0.013586874,0.01480321,0.015597001,0.017460894,0.018029597,0.023437344,-0.016747603,-0.013111469,-0.009747131,-0.004138167,0.007559622,0.010787808,0.013396961,0.017090805
2017-02-10,-0.0037178474,-0.020131228,-0.018082988,-0.01705285,-0.01638539,-0.015686724,-0.014007786,-0.012271932,-0.01121368,-0.010576117,-0.0096930945,-0.009378429,-0.008328344,-0.006603324,-0.006127723,-0.0029417744,-0.001989618,-0.0012229357,0.006238797,0.006754236,0.0076413746,0.007950654,0.008050654,0.008911893,0.010023599,0.01004078,0.010639674,0.012125989,0.012552194,0.013116987,0.014839584,0.017485294,0.017585294,0.017763479,0.020890068,-0.016858824,-0.013024474,-0.009969245,-0.0043320963,0.007721732,0.0104492605,0.013204028,0.016819084
2017-02-13,-0.0019195197,-0.020223156,-0.01808354,-0.017202875,-0.016708532,-0.015595285,-0.013912586,-0.012471784,-0.011147325,-0.009896448,-0.008529356,-0.008135136,-0.0077468464,-0.007474281,-0.005913981,-0.0052880384,-0.004113878,-0.0033137456,0.004046867,0.0042375005,0.0054862336,0.0062915883,0.0069249626,0.008088149,0.008404233,0.008721709,0.0096046245,0.009967279,0.011282414,0.013066889,0.014320661,0.017003948,0.018179785,0.018279785,0.02045199,-0.01690462,-0.012926203,-0.0097620785,-0.005352956,0.0056932843,0.009353797,0.012420198,0.016624656
2017-02-14,-0.0037791333,-0.020233214,-0.018124074,-0.017160853,-0.016332421,-0.015675116,-0.013488877,-0.012239902,-0.0111180665,-0.009466115,-0.008156554,-0.007888307,-0.0074718446,-0.006649637,-0.0052784174,-0.0048950193,-0.004288159,-0.0031814908,0.004148278,0.004241398,0.004703392,0.006086584,0.0068803844,0.008210709,0.008871564,0.008906843,0.009597857,0.009697856,0.011710694,0.013236292,0.014694558,0.01726788,0.018056324,0.018156324,0.020849597,-0.016770741,-0.012694763,-0.009376996,-0.0051062787,0.0056102434,0.009386417,0.012459804,0.016840931
2017-02-15,0.00090829533,-0.020151177,-0.018132923,-0.017130975,-0.016676635,-0.015402486,-0.014106243,-0.012704715,-0.0109669855,-0.010299232,-0.009970045,-0.008582001,-0.008482001,-0.007863805,-0.0073692286,-0.007269229,-0.0070818006,-0.0052606366,0.0043334602,0.0047217007,0.005325088,0.006238075,0.0070965383,0.008318201,0.008845851,0.00918293,0.009645283,0.010379494,0.011676438,0.013209834,0.014495472,0.01743726,0.01852283,0.01862283,0.020751147,-0.016893892,-0.01304163,-0.010277816,-0.007112579,0.0058928346,0.0096374,0.012686776,0.01690331
2017-02-16,0.008925394,-0.019438902,-0.017914241,-0.016937453,-0.016329983,-0.015222253,-0.01366192,-0.012676326,-0.010757182,-0.009652664,-0.008462106,-0.007832316,-0.007523554,-0.0074927504,-0.0065584104,-0.005962746,-0.0055081933,-0.0048871115,0.002858559,0.004363033,0.0053947945,0.0062836246,0.0077548907,0.008507403,0.009708307,0.010328858,0.010428858,0.010528858,0.0123006245,0.013127597,0.014445528,0.017721258,0.018459605,0.018559605,0.02075365,-0.01651346,-0.012737108,-0.009579503,-0.0061497553,0.0057216636,0.010049522,0.012969108,0.016921528
2017-02-17,-0.003991515,-0.019650336,-0.018168695,-0.017013239,-0.016315773,-0.014803369,-0.014247574,-0.012472951,-0.011345803,-0.009709689,-0.008300448,-0.0077612363,-0.0077606486,-0.007273007,-0.007010139,-0.005709703,-0.005685996,-0.005585996,0.0029462175,0.0045702048,0.0052710674,0.0066885585,0.0072392155,0.008498343,0.0100991465,0.010199146,0.010299146,0.011007764,0.011486207,0.013087604,0.014333106,0.017753948,0.018316247,0.018416246,0.020702915,-0.01663715,-0.012957851,-0.009785497,-0.006350614,0.005915039,0.010006415,0.012839394,0.016858764
2017-02-20,-0.000522423,-0.019530939,-0.017712792,-0.01695763,-0.016526803,-0.015299362,-0.014002324,-0.012305571,-0.011107201,-0.010324102,-0.008844247,-0.007886536,-0.007729969,-0.007629969,-0.0075299693,-0.005963833,-0.00514134,-0.004547274,0.0047800015,0.0054619615,0.0059048734,0.0066606384,0.007895232,0.008314801,0.008967038,0.009247004,0.009507008,0.009853768,0.0124907335,0.013371341,0.014686572,0.017205294,0.01743983,0.01773452,0.020816496,-0.016614445,-0.012939366,-0.009862741,-0.0062137907,0.006354903,0.00973643,0.012532537,0.016762845
2017-02-21,-0.007888254,-0.01962431,-0.017707169,-0.016893625,-0.016268943,-0.015613375,-0.014131993,-0.012520318,-0.011103592,-0.00988261,-0.008582888,-0.0074694864,-0.0068010865,-0.0063785366,-0.0062661786,-0.004744846,-0.0033752173,-0.0032752173,0.0038119992,0.004477955,0.0047797435,0.0063843555,0.0078022345,0.008963869,0.009118007,0.009218006,0.009400144,0.010051305,0.011592581,0.013096868,0.0145329395,0.01761587,0.01771587,0.01781587,0.020690622,-0.016669158,-0.0129064275,-0.009399619,-0.005026189,0.005714412,0.009826457,0.012371354,0.016750434
2017-02-22,0.0010812811,-0.019536339,-0.017707732,-0.01694213,-0.01623268,-0.015565344,-0.013963523,-0.012340596,-0.011453809,-0.008887986,-0.007919868,-0.0075850864,-0.007544429,-0.006902411,-0.006742249,-0.005515425,-0.0046118824,-0.0038886152,0.0037230933,0.005030149,0.0067885695,0.007251269,0.008454589,0.008859123,0.009697631,0.009797631,0.011320215,0.011420215,0.011739086,0.013258466,0.0147280395,0.017785393,0.018467076,0.018567076,0.020739395,-0.016601123,-0.012717609,-0.0095568085,-0.0056686513,0.006498142,0.010358004,0.013241011,0.017015675
2017-02-23,0.004299312,-0.019698247,-0.017593732,-0.017172234,-0.016448304,-0.01627693,-0.014933132,-0.013902999,-0.012372475,-0.010177954,-0.0088882595,-0.008578077,-0.0078951465,-0.007324016,-0.0072369524,-0.005605257,-0.004454077,-0.0034101303,0.0044237413,0.0047299704,0.0057315566,0.006515991,0.008853244,0.009357848,0.011141486,0.011241485,0.01175515,0.012253656,0.012353656,0.0131901745,0.0143287275,0.017309017,0.018525695,0.018625695,0.020734282,-0.01699007,-0.01371176,-0.010282606,-0.0058568986,0.006508549,0.010979282,0.013615666,0.016837578
2017-02-24,-0.0025754757,-0.019455465,-0.017534006,-0.016971868,-0.016398419,-0.015155565,-0.014636643,-0.013112529,-0.011730074,-0.0112703405,-0.010969448,-0.010869448,-0.010236247,-0.010136248,-0.01008077,-0.0090589,-0.008657767,-0.008436107,0.004723814,0.006602363,0.0072625657,0.008200686,0.009062899,0.009162899,0.009262899,0.00978838,0.011951848,0.012051848,0.012151848,0.01367852,0.014085941,0.017681928,0.018414114,0.018514114,0.020603608,-0.01663602,-0.013544291,-0.011541733,-0.009420598,0.0072104656,0.01074891,0.013649637,0.016912822
2017-02-27,0.004400281,-0.019476922,-0.017785404,-0.017021112,-0.016482031,-0.015504622,-0.014178719,-0.01241288,-0.0113483155,-0.010990674,-0.009944082,-0.009844082,-0.009744083,-0.009472125,-0.009465165,-0.0079758,-0.006851443,-0.0064210785,0.0033995237,0.005076038,0.005605894,0.0064862533,0.008310369,0.009376569,0.010683412,0.010811316,0.012627745,0.013181357,0.013281357,0.013381356,0.014786986,0.017805785,0.018613929,0.018713929,0.020687267,-0.01668554,-0.013190341,-0.010937465,-0.008111514,0.006250224,0.011012194,0.014217149,0.017075066
2017-02-28,0.0011723414,-0.019465093,-0.017777976,-0.016987583,-0.016221685,-0.015197653,-0.014015493,-0.012590521,-0.0110635515,-0.010513458,-0.009553882,-0.009125427,-0.008835057,-0.0073203086,-0.0052633653,-0.003859,-0.0029869673,-0.0027652527,0.005709061,0.0068697254,0.0069697252,0.008021673,0.008770589,0.008870589,0.010634973,0.011136126,0.011236126,0.012202778,0.012302778,0.01310333,0.014372855,0.016884798,0.017523382,0.017623382,0.020591296,-0.01653558,-0.013034122,-0.010157659,-0.004800002,0.0076410314,0.010816682,0.013273679,0.016515132
2017-03-01,-0.006661514,-0.019565694,-0.017720008,-0.016771594,-0.01622906,-0.015060383,-0.014057232,-0.012388366,-0.01138924,-0.010196499,-0.009320054,-0.009190073,-0.008845076,-0.008139242,-0.007260123,-0.004425634,-0.0040919883,-0.0034626706,0.0039669685,0.005069123,0.005884873,0.0072360085,0.008244392,0.010190859,0.011532423,0.012954459,0.013054458,0.013086972,0.013186972,0.0132869715,0.014287902,0.016246408,0.018287135,0.018387135,0.020590648,-0.016526476,-0.012960586,-0.01035017,-0.005686098,0.006737879,0.011552731,0.014180502,0.016559813
2017-03-02,-0.0028770582,-0.019500373,-0.017993795,-0.016964994,-0.0163093,-0.0162093,-0.01514212,-0.014257993,-0.012396145,-0.01131053,-0.010506953,-0.010387207,-0.0100558745,-0.007791583,-0.006617433,-0.0052885693,-0.003917794,-0.0032213544,0.0057706796,0.0070687425,0.0087199155,0.009042497,0.009501608,0.009518344,0.011176927,0.011694881,0.013485843,0.013953919,0.014053918,0.014153918,0.014253918,0.017140498,0.017240498,0.017674405,0.02071592,-0.017030979,-0.014014358,-0.011178535,-0.0058864714,0.008355752,0.011764534,0.014577618,0.016787732
2017-03-03,0.0035589377,-0.019595545,-0.017539505,-0.017173555,-0.01633169,-0.015696088,-0.013817136,-0.012436912,-0.011136125,-0.010763175,-0.01035895,-0.01025895,-0.01015895,-0.010097863,-0.00955082,-0.008268054,-0.0076793334,-0.0070535718,0.0033351071,0.004178064,0.0048234346,0.0073689655,0.0076852217,0.008279565,0.01052718,0.010627179,0.01206613,0.012166129,0.012266129,0.01312619,0.014130698,0.017236412,0.017262623,0.017660929,0.020762429,-0.016595993,-0.01306538,-0.011113805,-0.008562146,0.00604655,0.010376858,0.01337744,0.01658333
2017-03-06,0.0033316745,-0.019712094,-0.017738063,-0.017004903,-0.01635059,-0.015689742,-0.014084799,-0.012311517,-0.011071823,-0.009752585,-0.00852181,-0.008020664,-0.0072909384,-0.0071909386,-0.0070909387,-0.0049236906,-0.0038025898,-0.0036790455,0.005041357,0.0058024316,0.0066842157,0.007661873,0.008594212,0.008655554,0.009916677,0.010016677,0.010997657,0.01136393,0.011458651,0.013170009,0.0142017435,0.017729111,0.018354451,0.018454451,0.02075924,-0.016715055,-0.012845126,-0.009632061,-0.005503386,0.0070213107,0.010360076,0.01306894,0.01686291
2017-03-07,-0.0017046196,-0.01957855,-0.017793216,-0.017255887,-0.016145196,-0.01528468,-0.014036676,-0.012572333,-0.011068799,-0.009714141,-0.0082548,-0.007907719,-0.007227712,-0.007076926,-0.0058598705,-0.0044925394,-0.004248023,-0.003907108,0.004614767,0.005546589,0.006179113,0.0068983035,0.008250257,0.009962119,0.010683,0.010909132,0.012254715,0.012354715,0.012753611,0.013103589,0.014726261,0.017324282,0.017424282,0.017637448,0.02075517,-0.016567662,-0.012929568,-0.0095329825,-0.0052830526,0.0067843543,0.010915962,0.013578182,0.01670935
2017-03-08,-0.0021999918,-0.019742358,-0.017550303,-0.016935827,-0.016080324,-0.015700525,-0.013751303,-0.012823035,-0.011148816,-0.009486236,-0.007853286,-0.0075581847,-0.007458185,-0.0068488005,-0.0067488006,-0.0048484495,-0.004604115,-0.003024545,0.0047333757,0.005204719,0.0060583814,0.0069334703,0.008426898,0.010585576,0.01095945,0.01105945,0.0119213285,0.012021328,0.012121328,0.0132068,0.014833716,0.017076304,0.018387996,0.018487995,0.020672262,-0.016564962,-0.012829043,-0.009412078,-0.0053568194,0.00677788,0.01106001,0.013531757,0.016855415
2017-03-09,0.002318134,-0.019460587,-0.01747155,-0.016898397,-0.015959771,-0.015312012,-0.014159685,-0.012024683,-0.010680838,-0.009029949,-0.007919728,-0.007819728,-0.0075363326,-0.0074363328,-0.0062040268,-0.0040973844,-0.0037721577,-0.002586004,0.0046907966,0.0047907964,0.005173997,0.0065806885,0.007279298,0.008212365,0.008778105,0.010836529,0.011559444,0.011659443,0.012062398,0.013294694,0.014223189,0.016568607,0.018569635,0.018669635,0.020758903,-0.016472721,-0.012558711,-0.0095465835,-0.00489586,0.0060028764,0.0102564655,0.013429123,0.016703006
2017-03-10,0.0071780584,-0.019533742,-0.017722543,-0.016975109,-0.016134283,-0.016034283,-0.015156036,-0.013873549,-0.011669889,-0.01131483,-0.010176394,-0.009112979,-0.009012979,-0.008084485,-0.007001708,-0.0061351447,-0.005204416,-0.0040907203,0.0060262284,0.0070896475,0.007615977,0.009173788,0.009456207,0.009828437,0.011583539,0.011816568,0.011916568,0.012835205,0.012935204,0.013174148,0.014508436,0.017340757,0.018032303,0.018132303,0.020710142,-0.016916176,-0.013797882,-0.010819957,-0.006308994,0.0082978355,0.011422113,0.013778685,0.016773157
2017-03-13,0.0011230095,-0.01962679,-0.01777075,-0.017157754,-0.016071942,-0.015691888,-0.015556181,-0.013881264,-0.012080584,-0.01057782,-0.009527801,-0.009325402,-0.009225402,-0.0080071855,-0.0077562192,-0.0053220033,-0.0052220034,-0.005097565,0.0056505427,0.0060247327,0.007030619,0.0075790226,0.009800719,0.009900719,0.010278675,0.012028276,0.012128276,0.012228276,0.0123282755,0.013152224,0.014107927,0.017244834,0.017344834,0.017622922,0.020736208,-0.01694351,-0.013850721,-0.01087943,-0.0065446394,0.007312719,0.011422043,0.013436377,0.016572822
2017-03-14,-0.0023130402,-0.01947913,-0.017776072,-0.01712501,-0.016178554,-0.015534401,-0.014203284,-0.012122014,-0.010862343,-0.009433233,-0.007822514,-0.0077828476,-0.0071708374,-0.0067085885,-0.00595452,-0.004655337,-0.0040320763,-0.002930667,0.0053359955,0.0058963806,0.0059186514,0.006879618,0.008214831,0.009367882,0.009606076,0.011138055,0.012221248,0.012321248,0.012421248,0.013261647,0.014623202,0.016661724,0.016900588,0.017618906,0.020718763,-0.01663429,-0.012749177,-0.009353513,-0.0050710896,0.0067273444,0.010860733,0.013425196,0.016576849
2017-03-15,-0.0012878604,-0.019598776,-0.017799085,-0.01701165,-0.016357688,-0.015337237,-0.013787654,-0.012522094,-0.011129352,-0.009995333,-0.0090214545,-0.007979081,-0.0073284274,-0.0062147235,-0.0058772843,-0.003713916,-0.003613916,-0.0033928608,0.00442845,0.0046058213,0.0053372,0.007112177,0.00889994,0.009108011,0.010150204,0.010701862,0.011951372,0.012051372,0.012151372,0.013437585,0.014880203,0.016531266,0.017394401,0.017735997,0.020763751,-0.016576087,-0.012889216,-0.009496322,-0.0049154116,0.006326771,0.010839755,0.01339722,0.01666976
2017-03-16,0.009912192,-0.019561574,-0.017490473,-0.016824216,-0.015991747,-0.015168643,-0.014073109,-0.012697841,-0.011147361,-0.009689515,-0.008172731,-0.0075997245,-0.007174391,-0.0064776,-0.0058035264,-0.004532769,-0.003926641,-0.0030193122,0.0046807774,0.00501532,0.005217879,0.007030282,0.008780532,0.009797494,0.009897494,0.010580297,0.011465022,0.011565022,0.011898805,0.01311782,0.014401492,0.015637841,0.016994178,0.017731063,0.020807372,-0.016457109,-0.012886408,-0.009409038,-0.0049763946,0.0063683502,0.010768233,0.01300817,0.016339118
2017-03-17,0.00045161336,-0.019516906,-0.017700395,-0.01693223,-0.01654937,-0.015913056,-0.015692798,-0.014366527,-0.013233097,-0.012900135,-0.011657009,-0.011597507,-0.011497507,-0.011397507,-0.010845835,-0.008160453,-0.007492159,-0.0074623837,0.0051265745,0.0065808883,0.008247637,0.010470973,0.011378091,0.013246637,0.013262523,0.013362523,0.013897274,0.0139972735,0.014175975,0.015069646,0.015558339,0.017320856,0.017420856,0.017670028,0.020712936,-0.017074507,-0.014624956,-0.0126955835,-0.009111667,0.008737719,0.013410835,0.014912205,0.017266361
2017-03-20,0.0010630466,-0.019558778,-0.01774414,-0.01715536,-0.016137017,-0.015300695,-0.014124749,-0.012081667,-0.010728399,-0.00997278,-0.00794011,-0.007905592,-0.0073367655,-0.0071827173,-0.006582718,-0.00499812,-0.00489812,-0.0047981204,0.002565758,0.0036147153,0.004497476,0.0066985944,0.00806955,0.009369638,0.009778482,0.0110248355,0.0121610705,0.01226107,0.01236107,0.013081065,0.014105471,0.017234791,0.01733479,0.017650045,0.020726644,-0.016573075,-0.01281259,-0.009462548,-0.0058365343,0.0054310053,0.010761232,0.013439814,0.016559605
2017-03-21,0.0051965876,-0.019730208,-0.017626785,-0.017179389,-0.016082859,-0.015431306,-0.013943199,-0.012430406,-0.01075257,-0.009228829,-0.008057431,-0.0075700292,-0.0070474697,-0.0064710206,-0.0058512604,-0.0042082053,-0.0038743285,-0.0038280478,0.003998729,0.00468486,0.004911632,0.006615789,0.008600602,0.0092181405,0.010508905,0.010608905,0.011523796,0.011623796,0.011834292,0.0133427335,0.0145497965,0.01645236,0.017194265,0.017685149,0.0207989,-0.016562872,-0.012706879,-0.009254338,-0.005066374,0.0061439825,0.010678835,0.013103778,0.016565789
2017-03-22,-0.00081445667,-0.019437589,-0.017415227,-0.01695588,-0.015993599,-0.015427478,-0.014127823,-0.012304395,-0.011120195,-0.011107584,-0.009677762,-0.009577762,-0.0094777625,-0.009377763,-0.008845671,-0.007067324,-0.0069673243,-0.0068673245,0.0040225284,0.0052768365,0.005292901,0.006813414,0.008520973,0.010078208,0.011362604,0.011462604,0.012802341,0.012963744,0.013016463,0.013091387,0.0146655645,0.01733089,0.01743089,0.017574428,0.020771615,-0.016480343,-0.013123175,-0.01075626,-0.007865081,0.0065536564,0.011223383,0.013860965,0.016686779
2017-03-23,-0.0012507413,-0.01968307,-0.017557152,-0.017002974,-0.016247818,-0.015557884,-0.014008233,-0.012632955,-0.011264931,-0.01023929,-0.0091413455,-0.008900101,-0.0088001015,-0.0068714763,-0.0051203473,-0.002548653,-0.0014197658,-0.0010759768,0.0053702714,0.006279574,0.007196317,0.007900989,0.008844799,0.0099800965,0.010687979,0.011349903,0.013140709,0.013240709,0.013340709,0.013440709,0.014140851,0.01744416,0.01754416,0.017622288,0.02074602,-0.016610831,-0.013029677,-0.010017218,-0.0038129687,0.007487026,0.011371244,0.0141413985,0.016678806
2017-03-24,0.0016326004,-0.019638252,-0.0178027,-0.017168041,-0.01638042,-0.015674638,-0.013942071,-0.012162886,-0.010881123,-0.009474211,-0.007832653,-0.0076733166,-0.0072141895,-0.0068642544,-0.0059690364,-0.0037485242,-0.0026233238,-0.001761324,0.0051241335,0.006722959,0.0069570015,0.007301493,0.007769852,0.009785681,0.009885681,0.010657014,0.011584815,0.0116848145,0.011784814,0.013169054,0.014638909,0.017295059,0.017600527,0.017621951,0.020829942,-0.016687617,-0.012725666,-0.009346858,-0.004355105,0.007198253,0.010613283,0.013164805,0.016710982
2017-03-27,0.007112889,-0.019491702,-0.017514735,-0.016915062,-0.016294314,-0.0152292615,-0.013586304,-0.0126553355,-0.010935728,-0.009010443,-0.007861903,-0.007589564,-0.0074330093,-0.007432487,-0.006448882,-0.004867399,-0.004120702,-0.0034658355,0.0044526774,0.0045407424,0.0045976313,0.0054770317,0.005555637,0.007918437,0.008217685,0.008317685,0.008417685,0.009346134,0.01209909,0.013122334,0.014109445,0.016950466,0.017403837,0.01742782,0.020385845,-0.016423265,-0.012620576,-0.009449886,-0.005298476,0.0054571535,0.008852046,0.012077817,0.016399182
2017-03-28,-0.002809136,-0.019640846,-0.017773792,-0.016990382,-0.016080534,-0.015622194,-0.014120113,-0.012003047,-0.010853719,-0.010063587,-0.0090853125,-0.0075477506,-0.007447751,-0.0068889824,-0.0067424593,-0.005857235,-0.0045301486,-0.003390354,0.0032796008,0.0036355925,0.0040789866,0.005243696,0.0054482245,0.006722001,0.007033698,0.007472896,0.008515723,0.009129164,0.011991008,0.01310342,0.014103273,0.017158573,0.017640106,0.017740106,0.020842373,-0.016647497,-0.01280617,-0.009679175,-0.0056135897,0.004654315,0.008375141,0.012075884,0.016589548
2017-03-29,-0.008823658,-0.01971393,-0.017845344,-0.017071396,-0.016266197,-0.015360104,-0.014292643,-0.012610956,-0.010934403,-0.008805489,-0.008244327,-0.0077677243,-0.0070609213,-0.0069375657,-0.0054579433,-0.0044547855,-0.004405198,-0.0034815553,0.0042407,0.004697367,0.005464402,0.0059408234,0.006040823,0.0070917145,0.0071917144,0.008038597,0.008566426,0.00904337,0.011865562,0.013146139,0.014011271,0.016479265,0.017549803,0.01759943,0.020863231,-0.016695645,-0.0127429785,-0.009493972,-0.005113441,0.005507001,0.008672128,0.01203426,0.016419867
2017-03-30,-0.0027697948,-0.019522974,-0.017988913,-0.01694884,-0.015931595,-0.01563451,-0.014056649,-0.012472535,-0.010759003,-0.009398339,-0.0079247225,-0.0073816483,-0.0072816485,-0.0071816486,-0.0068393163,-0.004467435,-0.0043674354,-0.003154069,0.0037446248,0.0037449594,0.004575013,0.0054533104,0.007368541,0.0082173925,0.008317392,0.008781869,0.008972252,0.009072252,0.011537267,0.013129269,0.014697463,0.017105186,0.017511945,0.017575927,0.020675818,-0.016626928,-0.012727072,-0.009440734,-0.005241981,0.00516706,0.009313865,0.0120445965,0.016636733
2017-03-31,-0.0027073722,-0.019582968,-0.017683214,-0.016999114,-0.015935441,-0.015517748,-0.01413113,-0.012515459,-0.011027872,-0.009617997,-0.0077615734,-0.00719723,-0.006859735,-0.0064282003,-0.006346502,-0.005188769,-0.0048103468,-0.0036867766,0.0024483455,0.002681168,0.0042443476,0.0059167403,0.00601674,0.0070222304,0.007865444,0.008074502,0.008419133,0.0093404865,0.010703763,0.013224456,0.01454483,0.01672433,0.01708339,0.01762213,0.020797623,-0.0165701,-0.0128583135,-0.009241702,-0.005445925,0.004631209,0.008735684,0.011754246,0.016582673
2017-04-03,-0.0039575263,-0.019713677,-0.017538378,-0.016959237,-0.01599233,-0.015269393,-0.014020763,-0.012630099,-0.01105835,-0.008871556,-0.0079287775,-0.0075838096,-0.007258748,-0.0071219187,-0.007110756,-0.0059697614,-0.003671536,-0.0028971755,0.0043343473,0.0052784556,0.006204725,0.0067018867,0.007448391,0.0074945716,0.0077877087,0.007887709,0.008497805,0.009164243,0.011736388,0.013143026,0.014241087,0.017158484,0.017258484,0.017476015,0.02071906,-0.016506908,-0.012708001,-0.009477711,-0.0054466077,0.0060614245,0.009027588,0.01195999,0.016547535
2017-04-04,0.0007599355,-0.019617232,-0.017660195,-0.01687647,-0.016088523,-0.01535892,-0.013613034,-0.012591058,-0.010972884,-0.010124451,-0.009987387,-0.0075052753,-0.0072253863,-0.0068459613,-0.006039601,-0.0050555333,-0.0045004487,-0.0034083072,0.00468576,0.005002267,0.0056535294,0.0056890775,0.006046381,0.0071346113,0.007234611,0.0074344524,0.008586043,0.009391764,0.011720039,0.013118321,0.014575493,0.016591236,0.017008997,0.017570788,0.020706952,-0.01646758,-0.01283558,-0.00972893,-0.005301833,0.005653049,0.008625106,0.011965034,0.016512558
2017-04-05,-0.00024386698,-0.019381981,-0.017480707,-0.016894596,-0.015813759,-0.015056928,-0.01411509,-0.012407013,-0.011031958,-0.008799054,-0.008328131,-0.00744713,-0.007213018,-0.0065742396,-0.0065062777,-0.005299365,-0.0051993653,-0.004058517,0.0035076423,0.0045273383,0.005481051,0.0063390224,0.0064390223,0.0073057557,0.0076042623,0.00771092,0.008557558,0.009313643,0.0118683595,0.013272213,0.014713413,0.016966572,0.017853882,0.01862968,0.019860687,-0.016369695,-0.012649542,-0.009452487,-0.0057021314,0.005491863,0.00880831,0.012173131,0.016688513
2017-04-06,-0.00093380985,-0.019517314,-0.017718215,-0.017126221,-0.01607604,-0.015540359,-0.013554696,-0.012329712,-0.010859861,-0.0095523335,-0.007911538,-0.0075801145,-0.0070626666,-0.0069626668,-0.0061734337,-0.004479167,-0.0043329527,-0.003180009,0.0051334156,0.0051920144,0.005292014,0.005392014,0.005549737,0.007022059,0.007319991,0.0073475414,0.008222636,0.009200733,0.012349569,0.013591282,0.01450674,0.017262008,0.017940272,0.018781902,0.01991224,-0.016481325,-0.012684566,-0.009270286,-0.0051491354,0.00566589,0.008542271,0.012260898,0.016810834
2017-04-07,-0.0033246758,-0.019533169,-0.017986605,-0.016808614,-0.016030665,-0.015567922,-0.014189821,-0.0127032455,-0.010887536,-0.00909221,-0.008298405,-0.0077412976,-0.007459355,-0.0070470194,-0.0067644585,-0.005798544,-0.0046602297,-0.0037371549,0.0026300016,0.0034016487,0.0041083293,0.004960306,0.0061225276,0.007000987,0.0075893113,0.007903201,0.008909512,0.009907396,0.011514812,0.013200153,0.014714441,0.016397428,0.018176667,0.018874226,0.019994488,-0.016661635,-0.012736285,-0.009576427,-0.005740337,0.004537919,0.008826853,0.012341708,0.016636148
2017-04-10,-0.0009519412,-0.019541,-0.018055184,-0.016997473,-0.01609026,-0.015456047,-0.01409581,-0.012092761,-0.01073056,-0.009711564,-0.00825053,-0.007560053,-0.0073207887,-0.0068379343,-0.006514928,-0.0058083925,-0.0050909417,-0.004235256,0.0033336894,0.0039661173,0.0043599284,0.005833887,0.006422347,0.0066945883,0.008463739,0.008563739,0.00874888,0.009214061,0.0119956415,0.0131880585,0.014802433,0.017718382,0.01847472,0.01921261,0.019952431,-0.016647661,-0.012725634,-0.009447125,-0.0058419136,0.0051914724,0.00881656,0.012324272,0.016974783
2017-04-11,0.00082475395,-0.019622212,-0.017571688,-0.016965361,-0.016114146,-0.015108513,-0.013596928,-0.01264994,-0.0109462645,-0.009296838,-0.0080596395,-0.0077626235,-0.0067490544,-0.00585778,-0.0057577803,-0.005110287,-0.0050516836,-0.0044886065,0.0034453503,0.0035055992,0.003669116,0.0051117106,0.005403461,0.006392884,0.0067263804,0.006795877,0.007690514,0.009387856,0.011970112,0.013268865,0.014805379,0.017784838,0.018564241,0.019207679,0.019978441,-0.016402697,-0.012691066,-0.009041933,-0.005634196,0.0044916314,0.008249789,0.012176317,0.01700904
2017-04-12,-0.00026855947,-0.019639146,-0.018019639,-0.016946472,-0.016081871,-0.015532991,-0.013712067,-0.012075691,-0.010880509,-0.008934919,-0.008924441,-0.007873291,-0.0073414864,-0.006937074,-0.0066304975,-0.005033249,-0.0043792273,-0.0039612534,0.0038791022,0.0039791022,0.004079102,0.0055957357,0.0056957356,0.007463785,0.0075637847,0.0076637845,0.008190533,0.008953573,0.012526598,0.013109639,0.014435272,0.017878748,0.018629964,0.019266292,0.020013489,-0.016597142,-0.012509932,-0.009559115,-0.0055755037,0.005019366,0.008577304,0.012282061,0.016940687
2017-04-13,0.0018102024,-0.019700203,-0.01793915,-0.017265089,-0.016296824,-0.015780626,-0.014199569,-0.012251245,-0.010769656,-0.008762704,-0.0077005234,-0.0068702097,-0.0064906194,-0.0063906196,-0.0062197396,-0.005173028,-0.0042475606,-0.004147561,0.0029529005,0.0031412193,0.0034078662,0.0048386063,0.0055012754,0.0068723285,0.0079309875,0.008171755,0.008271755,0.009050747,0.011697577,0.013328062,0.014780503,0.01772542,0.018351788,0.019130006,0.019907735,-0.016783273,-0.012649653,-0.009110197,-0.0053316196,0.004454316,0.008584834,0.012139986,0.016974345
2017-04-18,0.007084458,-0.019533873,-0.017940981,-0.017307276,-0.016270103,-0.015881801,-0.013738033,-0.012784754,-0.011298702,-0.0089285225,-0.008481981,-0.008399257,-0.008202424,-0.0077433945,-0.006973243,-0.0063378876,-0.005638726,-0.00531449,0.0044788476,0.0046966854,0.0047494825,0.006466406,0.00782638,0.00792638,0.00802638,0.00812638,0.008269124,0.010354181,0.011694067,0.013415738,0.014749839,0.017742727,0.018419262,0.01916425,0.019930936,-0.016672958,-0.012811457,-0.009892907,-0.0065327203,0.0056835604,0.009529812,0.012430474,0.017000698
2017-04-20,0.004838563,-0.019566556,-0.017868297,-0.01724835,-0.016252562,-0.015747951,-0.014218872,-0.012436249,-0.011192919,-0.009578539,-0.008106695,-0.007241686,-0.0067894203,-0.006455087,-0.005952167,-0.0045650788,-0.003693991,-0.0027100604,0.0044914805,0.0049133943,0.005011336,0.005174489,0.0057951775,0.0061583747,0.007259298,0.007359298,0.007999492,0.008967677,0.012341683,0.0132027725,0.014947185,0.017750137,0.0185366,0.0192196,0.019990163,-0.016730849,-0.012934986,-0.009352599,-0.0048325965,0.0053699994,0.00829666,0.012209645,0.017021973
2017-04-21,-0.0059250384,-0.019256199,-0.017779637,-0.017100453,-0.016039656,-0.015707994,-0.014153403,-0.012838939,-0.010847362,-0.009639944,-0.007923817,-0.0075641326,-0.007525829,-0.007415447,-0.006251036,-0.0049235625,-0.0034478146,-0.0029668936,0.0045023235,0.0046023233,0.004702323,0.005064015,0.0052002696,0.0067207254,0.007064466,0.008043983,0.008139611,0.008931877,0.012012554,0.013295642,0.014414648,0.017599905,0.018306559,0.019035343,0.019905465,-0.016587378,-0.012916019,-0.009573171,-0.0050306884,0.00518709,0.0084385,0.012137249,0.0168502
2017-04-24,0.0141827585,-0.019151349,-0.017600328,-0.017036105,-0.016536608,-0.015422833,-0.013746466,-0.011916049,-0.010783489,-0.008729499,-0.007848491,-0.0076955794,-0.007236035,-0.0064335167,-0.0060038236,-0.005337618,-0.0038104705,-0.0026301125,0.0036150436,0.004358619,0.0055059697,0.007555281,0.0076552806,0.0077552805,0.00785528,0.00795528,0.008508325,0.008699321,0.012423337,0.013573443,0.014710981,0.01739334,0.01851074,0.019261584,0.019997511,-0.016491517,-0.012442322,-0.0092096,-0.0050955205,0.0057780384,0.00912772,0.012343032,0.016987372
2017-04-25,0.008608348,-0.01953243,-0.017656928,-0.01732655,-0.016219392,-0.015573547,-0.014192474,-0.012754822,-0.011678738,-0.0105208615,-0.010420862,-0.010320862,-0.010220862,-0.010120862,-0.009409258,-0.008350066,-0.0082844915,-0.007860593,0.00518094,0.005736083,0.0061898367,0.007214479,0.0072692945,0.0073692943,0.0077407965,0.00775002,0.0080835465,0.0093409335,0.011453711,0.013245863,0.014562519,0.017660497,0.018467441,0.019246874,0.019944847,-0.016634956,-0.013294689,-0.011326759,-0.008845055,0.006412427,0.00899508,0.012118299,0.01693212
2017-04-26,-0.0062486595,-0.019466117,-0.01779149,-0.01715644,-0.015995737,-0.01569011,-0.014115347,-0.012281422,-0.010761461,-0.009587334,-0.008282443,-0.007582176,-0.007421237,-0.007321237,-0.007194941,-0.0049507585,-0.0039390377,-0.0033883087,0.003931772,0.0041141636,0.0055401237,0.006468277,0.006707341,0.007426285,0.0075624604,0.00766246,0.00836777,0.009188335,0.011534574,0.0135146445,0.014590224,0.017783128,0.018564573,0.01928121,0.019999843,-0.016611759,-0.012780401,-0.009580346,-0.0054110447,0.0055233594,0.0088998135,0.01223398,0.01703381
2017-04-27,-0.0007982177,-0.019526482,-0.01787213,-0.017237315,-0.016356682,-0.015683973,-0.014102154,-0.012233216,-0.011337066,-0.008860742,-0.008204779,-0.00757633,-0.007000322,-0.006900322,-0.0060483045,-0.0054585445,-0.0048020314,-0.0047020316,0.003893765,0.003993765,0.0042202263,0.0057278345,0.006883674,0.007571066,0.007925413,0.008025412,0.008674348,0.0099410415,0.012580996,0.013154777,0.014670542,0.017547445,0.018566968,0.019284576,0.019976657,-0.016708285,-0.012754099,-0.009508928,-0.0057174484,0.005152201,0.009115194,0.0125836255,0.016926799
2017-04-28,0.002819664,-0.019470554,-0.017865667,-0.017160606,-0.016130628,-0.015759189,-0.015065043,-0.013957098,-0.012827314,-0.012453009,-0.010651781,-0.010551781,-0.010451782,-0.010351782,-0.009263098,-0.0070661516,-0.0058705756,-0.0051634507,0.0040762736,0.0043194755,0.0056452136,0.0069290446,0.008268111,0.008982293,0.009345981,0.0109909,0.0110909,0.011247966,0.012428605,0.013650374,0.014301527,0.017271237,0.018385073,0.019137863,0.01996108,-0.016858216,-0.014292615,-0.01186954,-0.007583012,0.0060631977,0.010627928,0.013360584,0.016864417
2017-05-02,0.0014263343,-0.019668123,-0.017902683,-0.017263126,-0.016350323,-0.015743673,-0.014207037,-0.012691744,-0.011556566,-0.01022564,-0.009921645,-0.009821645,-0.009549442,-0.009048969,-0.008553408,-0.008094836,-0.0061404305,-0.0049314634,0.004722042,0.005043757,0.0058167735,0.007088065,0.008884916,0.008984916,0.010261077,0.010361077,0.010461077,0.010655548,0.012381784,0.013271624,0.014398744,0.017742664,0.018478656,0.01918206,0.019948408,-0.016774368,-0.013188821,-0.010856731,-0.007508357,0.006586343,0.010431616,0.0130497385,0.0169087
2017-05-03,0.0008452089,-0.01961948,-0.017895378,-0.01724348,-0.016033098,-0.015585309,-0.01394342,-0.012095108,-0.011335984,-0.009671082,-0.009345935,-0.009245935,-0.008631106,-0.0073126513,-0.005838111,-0.0031513427,-0.0028284665,-0.002440117,0.005120523,0.0052706073,0.006282946,0.006900204,0.0074112415,0.007904278,0.008924778,0.010008241,0.010108241,0.010773823,0.012268306,0.0132475495,0.014365934,0.017644389,0.018487103,0.019265343,0.020030597,-0.016615337,-0.012857814,-0.010113819,-0.0047007944,0.006499811,0.009869026,0.012977004,0.016910763
2017-05-04,0.0043270728,-0.01960936,-0.017934581,-0.017266354,-0.016142288,-0.015750771,-0.014158881,-0.012123565,-0.010948019,-0.010064191,-0.009282126,-0.009146428,-0.009070197,-0.008791534,-0.008304461,-0.007551003,-0.007327827,-0.0070918235,0.003873468,0.004062147,0.0046954257,0.00624655,0.006889895,0.0072910218,0.008507491,0.008607491,0.008707491,0.009059568,0.01155258,0.013458817,0.014513371,0.017382884,0.018384265,0.019158527,0.01994614,-0.016719177,-0.012912202,-0.010450152,-0.007884309,0.0054770163,0.009061359,0.012232544,0.016891947
2017-05-05,0.002615934,-0.019527191,-0.01782917,-0.017183777,-0.01634631,-0.015717827,-0.014096399,-0.012739772,-0.011285525,-0.010193651,-0.0097029805,-0.009602981,-0.009502981,-0.009402981,-0.008920059,-0.007841938,-0.0077419383,-0.007156371,0.0032149507,0.00452302,0.0051458897,0.0057117078,0.006433832,0.00789901,0.009001818,0.009101817,0.009198131,0.010225442,0.0119599,0.013194082,0.014346281,0.017815327,0.018645871,0.01926421,0.01993735,-0.016703378,-0.013099824,-0.010798173,-0.008252658,0.005519477,0.009370836,0.012644684,0.01691145
2017-05-08,-0.006121388,-0.019345243,-0.017851934,-0.017173024,-0.015964748,-0.01564379,-0.014163116,-0.012211519,-0.010359831,-0.009202654,-0.00809173,-0.0074066436,-0.0073066438,-0.007206644,-0.006693018,-0.005364318,-0.0042320886,-0.0037185827,0.006057253,0.0066406764,0.0068932027,0.0069932025,0.007150843,0.0072508426,0.0073508425,0.0074508423,0.00836069,0.00933042,0.011508888,0.01331579,0.014162645,0.017544912,0.018276187,0.019010443,0.019857455,-0.016593765,-0.012622029,-0.009425593,-0.0054829298,0.0067870356,0.008899747,0.012158396,0.01677825
2017-05-09,-0.0049260734,-0.01958549,-0.01790115,-0.017234841,-0.016115712,-0.015558741,-0.014173861,-0.012064971,-0.010817102,-0.008961258,-0.008304672,-0.007600793,-0.007463313,-0.0068988753,-0.0063536847,-0.005725137,-0.004129481,-0.003462471,0.0026934065,0.0038832703,0.0047541396,0.0066858176,0.0067858174,0.0068858173,0.0070226984,0.0071226982,0.007812611,0.008912068,0.0118542155,0.013484338,0.014694741,0.017403949,0.018499663,0.019212918,0.019965373,-0.01666699,-0.012650406,-0.009531565,-0.0054543135,0.005007867,0.008638148,0.01211258,0.016952265
2017-05-10,-0.00018163654,-0.019389695,-0.017503852,-0.017102372,-0.016011514,-0.015357783,-0.014201196,-0.012208582,-0.010651107,-0.009201475,-0.008102139,-0.0070863194,-0.007066397,-0.006966397,-0.006327764,-0.005181484,-0.004357532,-0.002495396,0.004021585,0.005269846,0.0053527886,0.0057059997,0.006451434,0.006730203,0.0075668013,0.008113987,0.008215087,0.008747579,0.011672923,0.013231949,0.01477128,0.017208539,0.018269064,0.019072669,0.01993647,-0.016492808,-0.012672946,-0.009397447,-0.0050896993,0.005583404,0.00865503,0.01202732,0.016844181
2017-05-11,-0.00030586772,-0.019536277,-0.017338786,-0.017151853,-0.015968854,-0.015620569,-0.014178334,-0.012417023,-0.011264422,-0.009428186,-0.0078424765,-0.00742574,-0.007172513,-0.0067309355,-0.0061037936,-0.005309364,-0.005209364,-0.0046697916,0.0039244057,0.0042903754,0.004884583,0.005803862,0.0063549224,0.0074258754,0.007827174,0.007927174,0.0086873835,0.009341569,0.011907297,0.013778267,0.014570157,0.017690191,0.01840674,0.019105159,0.019940853,-0.016528564,-0.012887964,-0.009437735,-0.0057436107,0.00534608,0.008965561,0.012424251,0.017016925
2017-05-12,0.0052122404,-0.019624881,-0.017625747,-0.01722675,-0.016209953,-0.015718605,-0.01341622,-0.012758003,-0.010927942,-0.008938412,-0.0083197085,-0.007893316,-0.007257251,-0.007035453,-0.006171965,-0.004382963,-0.003916951,-0.002599164,0.0031767723,0.004470726,0.004845239,0.0055549107,0.005772524,0.0072605736,0.0073605734,0.0075294776,0.009108501,0.0092910975,0.011984418,0.013662196,0.014896373,0.017307451,0.018534767,0.019313531,0.020026848,-0.01651908,-0.012653465,-0.009391314,-0.0049928715,0.0050816447,0.008703174,0.012516196,0.017041279
2017-05-15,0.004848262,-0.019437637,-0.017407114,-0.017193558,-0.015977977,-0.015578376,-0.014244121,-0.012752346,-0.010653231,-0.009039766,-0.00810243,-0.007608469,-0.007478213,-0.0071137664,-0.006305324,-0.004519864,-0.004071887,-0.0026303218,0.0040578768,0.0048293225,0.0053929873,0.0055309124,0.006134646,0.0068563567,0.007355911,0.0077996803,0.008292052,0.009259868,0.012243423,0.01312218,0.014946674,0.017386984,0.018295644,0.019023893,0.019930126,-0.016529044,-0.012776604,-0.009518352,-0.0050271736,0.005433402,0.008634547,0.012242633,0.01688197
2017-05-16,0.008407984,-0.01954994,-0.01757636,-0.0172263,-0.016120277,-0.015709477,-0.0138452435,-0.012009995,-0.010919181,-0.009458558,-0.008623459,-0.0076695275,-0.0066046272,-0.0065046274,-0.005988094,-0.005436579,-0.0041204565,-0.0036533875,0.002811018,0.0033760197,0.0038814857,0.0049996953,0.005155346,0.0064814156,0.0071878363,0.00746745,0.008130307,0.009355834,0.012120859,0.013252568,0.0149331605,0.017499426,0.018454492,0.01913774,0.01992497,-0.01656026,-0.012691855,-0.009299427,-0.0053736093,0.0044512106,0.008342523,0.012262812,0.016949574
2017-05-17,0.0055303746,-0.019668724,-0.017357882,-0.017238775,-0.016092224,-0.015652182,-0.014249952,-0.012164721,-0.011197923,-0.0093913665,-0.008393128,-0.008068388,-0.00764024,-0.0072301356,-0.006730905,-0.005870298,-0.0052292957,-0.00430018,0.0023093342,0.0032880772,0.0038093308,0.0056129415,0.0057129413,0.007413415,0.008306021,0.008406021,0.0085060205,0.009519427,0.0121069085,0.013744977,0.014488028,0.016988074,0.018041326,0.018769683,0.019711066,-0.016604194,-0.012848547,-0.009742275,-0.006039813,0.004665141,0.008959356,0.012383732,0.016740367
2017-05-18,-0.00028747378,-0.019362729,-0.017223077,-0.017043782,-0.015883218,-0.015470756,-0.013953235,-0.012720439,-0.011027904,-0.0088972505,-0.00810121,-0.0078213755,-0.007240911,-0.0067619975,-0.006545297,-0.00563083,-0.005150656,-0.0040593715,0.003427958,0.004093897,0.004193897,0.0053993235,0.0054993234,0.0070411838,0.0071411836,0.0077112447,0.0079920525,0.00945814,0.010957786,0.013145805,0.014934248,0.016830958,0.017845133,0.018783486,0.019714706,-0.016378602,-0.0127285225,-0.009417051,-0.0058415057,0.004851252,0.008571139,0.011879782,0.01668184
2017-05-19,0.0053183394,-0.019555407,-0.017306715,-0.017167907,-0.01602282,-0.015649548,-0.01408165,-0.01248213,-0.010698894,-0.009023659,-0.0076921647,-0.0074936515,-0.007105817,-0.006523545,-0.0058262395,-0.0042229462,-0.0040957574,-0.0026274947,0.0041196244,0.004576792,0.005099045,0.006025524,0.0078578945,0.007975508,0.008173109,0.008273109,0.008405439,0.009194826,0.011972508,0.013175701,0.01499539,0.016962849,0.017946577,0.018766591,0.019723536,-0.016523227,-0.012690848,-0.009220414,-0.004853218,0.0055988184,0.009295408,0.01213901,0.016724814
2017-05-22,0.004080428,-0.019690879,-0.017386414,-0.017286602,-0.016244104,-0.015856154,-0.013920765,-0.012031433,-0.0111532295,-0.008939638,-0.007778272,-0.007550462,-0.006976565,-0.006967981,-0.0060693193,-0.005371333,-0.0051487824,-0.0041550747,0.004537736,0.004637736,0.004728389,0.0064039403,0.0066172443,0.0068839327,0.0076904455,0.0077904454,0.008738765,0.0092813205,0.011718406,0.013169086,0.014661716,0.017145824,0.018083671,0.018770853,0.019710826,-0.016619664,-0.012666333,-0.009359363,-0.0056589944,0.005599649,0.008748406,0.01219825,0.01669166
2017-05-23,-0.0033701735,-0.019542841,-0.017366098,-0.017172012,-0.01599853,-0.015782695,-0.01423292,-0.012565069,-0.011118086,-0.00919551,-0.008047216,-0.0077989725,-0.007024707,-0.006924707,-0.006824707,-0.0052013416,-0.0051013418,-0.005001342,0.0023798204,0.0028998528,0.0045837257,0.0057703005,0.0067040194,0.008445829,0.0087256385,0.008825638,0.009076927,0.0097297365,0.011906546,0.013280774,0.014209416,0.016839694,0.018030534,0.01882163,0.01973674,-0.016584616,-0.012856719,-0.009469527,-0.005985541,0.0048718676,0.009397199,0.012404902,0.01657765
2017-05-24,-0.0020181732,-0.019626383,-0.017392099,-0.01727887,-0.016156698,-0.0155781945,-0.013634328,-0.011986016,-0.011062703,-0.00960143,-0.009477903,-0.009377903,-0.0092779035,-0.009177904,-0.008446436,-0.00604062,-0.005316199,-0.0052791657,0.004724065,0.0061119455,0.006227962,0.0076973266,0.009070003,0.009857972,0.010776611,0.010876611,0.012224327,0.013544671,0.013644671,0.013744671,0.014900378,0.016952705,0.018095871,0.018772423,0.019724062,-0.01647754,-0.01271267,-0.010526149,-0.006892065,0.007107583,0.011418786,0.014250842,0.016818848
2017-05-26,-0.00050126325,-0.01963475,-0.017367711,-0.017267797,-0.01598292,-0.015732476,-0.013905555,-0.012513986,-0.011033154,-0.01098178,-0.009436181,-0.009336181,-0.009236181,-0.008912333,-0.008834278,-0.006758251,-0.004946898,-0.004875118,0.0036027892,0.0046999054,0.0059512085,0.0078054345,0.008802914,0.009410478,0.011300366,0.011951938,0.013130677,0.013230677,0.013330677,0.013430676,0.014873075,0.016737852,0.017719887,0.018537773,0.019659745,-0.016524682,-0.013140455,-0.010504681,-0.006950146,0.0066719414,0.011365337,0.014168519,0.016647825
2017-05-29,0.0009642609,-0.019632407,-0.017346822,-0.017232163,-0.0161683,-0.015634855,-0.014267648,-0.012574881,-0.010565435,-0.010193679,-0.0093764905,-0.009276491,-0.009176491,-0.009076491,-0.008781466,-0.0070662517,-0.006740135,-0.0065899203,0.0027518685,0.003022986,0.0051801023,0.0069441195,0.0070441193,0.0074160835,0.008081916,0.008194729,0.008389169,0.009006962,0.010976704,0.01328303,0.014281737,0.01692771,0.01794193,0.018804157,0.019723244,-0.016610008,-0.012966761,-0.010492511,-0.007690853,0.005196199,0.008988985,0.011919559,0.016603975
2017-05-30,0.00025936394,-0.019679084,-0.01758058,-0.017307928,-0.016173646,-0.01563387,-0.013762047,-0.012604675,-0.011466371,-0.009138789,-0.0077651436,-0.0070820106,-0.0067761955,-0.00648674,-0.005910909,-0.005810909,-0.0054980824,-0.0040687975,0.0026931735,0.0031959387,0.0041085226,0.0057617174,0.006893363,0.0070774904,0.0071774903,0.00727749,0.008000189,0.0086183855,0.011641513,0.013233681,0.014371338,0.016745234,0.017742224,0.018610423,0.019644378,-0.016565844,-0.012855962,-0.009251298,-0.0056741415,0.0045873686,0.0086200815,0.011847199,0.01652101
2017-05-31,0.004786139,-0.01960197,-0.017561547,-0.017227726,-0.016032642,-0.015498904,-0.015089484,-0.013562447,-0.011929099,-0.009871049,-0.009764224,-0.009150877,-0.008956531,-0.00835435,-0.007356601,-0.00510151,-0.00500151,-0.0049628587,0.0042633777,0.005483419,0.006158655,0.0073423,0.00801784,0.0081455195,0.008245519,0.008468919,0.008867583,0.00972912,0.012317631,0.013275557,0.014883086,0.016897142,0.017854227,0.018729808,0.019665128,-0.01675691,-0.0135359615,-0.010818738,-0.006314671,0.0062986547,0.009527391,0.012408825,0.016690144
2017-06-01,-0.0020311992,-0.019389134,-0.017238,-0.017170344,-0.016047657,-0.015545169,-0.013982298,-0.012582728,-0.011282604,-0.009295204,-0.007900183,-0.0072339023,-0.0070607816,-0.006757366,-0.0064538415,-0.004864759,-0.0041729393,-0.0032738592,0.0036210644,0.0036302889,0.004482838,0.005732313,0.0066757705,0.0074589048,0.007828786,0.008809437,0.008909437,0.009594307,0.01133199,0.013133657,0.014999296,0.01682474,0.01771996,0.018513666,0.019676529,-0.016440451,-0.012862635,-0.009396647,-0.0051998603,0.0050590583,0.009134415,0.01213787,0.016629579
2017-06-02,0.005021482,-0.019458354,-0.01792459,-0.017250998,-0.016153678,-0.015599599,-0.013877475,-0.012679903,-0.011300002,-0.009271078,-0.007901542,-0.0076494566,-0.007191399,-0.0070913993,-0.0065986263,-0.005838417,-0.003971998,-0.002818373,0.004446004,0.004848092,0.005931012,0.0062822737,0.0070889886,0.0071889884,0.007288988,0.007388988,0.007605671,0.008963466,0.011929841,0.013197437,0.014399751,0.016952824,0.017961195,0.018717771,0.019690802,-0.01660274,-0.01287589,-0.009472364,-0.0053753746,0.005759274,0.008765574,0.011931522,0.016591717
2017-06-05,-0.0017895408,-0.019525984,-0.01739467,-0.017260127,-0.016007623,-0.015578269,-0.014170181,-0.012685148,-0.011419898,-0.00986459,-0.008551572,-0.008451573,-0.008033013,-0.0077225366,-0.0067017274,-0.00583803,-0.00573803,-0.0056380304,0.004558392,0.005174053,0.0059389304,0.007309893,0.007361339,0.0074452898,0.007889239,0.00840341,0.00850341,0.009133727,0.011342831,0.013151555,0.0141815115,0.016862351,0.01778593,0.01859946,0.019633915,-0.016535345,-0.013079989,-0.00997944,-0.006473478,0.0061741015,0.009099064,0.011983491,0.01648576
2017-06-06,0.001447866,-0.01948699,-0.017413387,-0.017237514,-0.01600112,-0.015702877,-0.01395966,-0.012308526,-0.011158639,-0.009268499,-0.009168499,-0.009068499,-0.0089684995,-0.0088685,-0.0083637815,-0.006944403,-0.0069064763,-0.006482368,0.0034014753,0.0039003447,0.0044743177,0.0060127093,0.007063528,0.007358713,0.007848026,0.007948026,0.008048026,0.009065165,0.011779729,0.013186681,0.014781032,0.016839704,0.017796304,0.01867089,0.01971001,-0.016512807,-0.012786567,-0.010424759,-0.0075531057,0.005127375,0.008924423,0.011975181,0.016637664
2017-06-07,-0.0025418168,-0.019405674,-0.017398687,-0.017065002,-0.015994117,-0.015401679,-0.014122082,-0.011693686,-0.010778049,-0.0088018915,-0.007924036,-0.0074690785,-0.0073690787,-0.0063502444,-0.0058746813,-0.0044826865,-0.004301617,-0.0031472307,0.0048290147,0.005127994,0.005980824,0.0065324865,0.0072726547,0.0073726545,0.0074726543,0.007571344,0.008480131,0.009268367,0.011951677,0.013192554,0.014070631,0.01701123,0.018189292,0.018837022,0.01974249,-0.016464448,-0.012492143,-0.009308699,-0.0050550587,0.0059885946,0.008935515,0.012216404,0.016570786
2017-06-08,-0.001848203,-0.019497968,-0.0173857,-0.01710732,-0.016050015,-0.015552298,-0.014639115,-0.014082359,-0.0122982,-0.010642522,-0.009269522,-0.00867366,-0.007617472,-0.007136318,-0.006550826,-0.005663134,-0.0049374113,-0.0035829567,0.0038412511,0.0043542697,0.005218334,0.006948668,0.007463801,0.007563801,0.007663801,0.008603711,0.0091859065,0.009619676,0.012413949,0.01308962,0.01426921,0.01679905,0.017946089,0.018688751,0.019708266,-0.01662502,-0.013753903,-0.010192126,-0.0058815978,0.005605265,0.009268122,0.012451048,0.01651098
2017-06-09,-0.0024368267,-0.019462738,-0.017347284,-0.017250007,-0.016089158,-0.015492821,-0.013888331,-0.012277143,-0.011151743,-0.009893174,-0.009523847,-0.009423847,-0.0093238475,-0.009223848,-0.009123848,-0.0070921048,-0.006992105,-0.0063357325,0.0033435784,0.0037438201,0.0044884514,0.0058547496,0.0070409914,0.0078675365,0.008471083,0.009331438,0.009431438,0.009531437,0.0106498655,0.013115733,0.0148009695,0.017001454,0.017958552,0.018754516,0.019669935,-0.016456068,-0.01289208,-0.010622323,-0.007793528,0.0051803365,0.009377427,0.012137405,0.016668523
2017-06-12,0.0012146926,-0.019718321,-0.017420879,-0.017053416,-0.016047208,-0.015522058,-0.014228004,-0.012514285,-0.011431468,-0.009223438,-0.008429001,-0.008280823,-0.008036998,-0.0075052017,-0.006490138,-0.0060365433,-0.005115295,-0.0049376003,0.0050141374,0.0055021765,0.0057392353,0.0071801697,0.008149539,0.009263747,0.009363747,0.00954271,0.00964271,0.009965714,0.012276149,0.013182198,0.014930657,0.017034797,0.017944725,0.018709358,0.01969585,-0.016587293,-0.012890123,-0.009926135,-0.00617208,0.0065598935,0.010020781,0.012602299,0.01671057
2017-06-13,-0.00086621067,-0.019641839,-0.017413031,-0.01715167,-0.01598483,-0.0155598745,-0.0140896635,-0.012266174,-0.010659355,-0.008858339,-0.007433026,-0.007033173,-0.0064274794,-0.0063274796,-0.005395287,-0.004428011,-0.0039500548,-0.0038500547,0.003655329,0.0037553292,0.003889945,0.005721948,0.007573853,0.008082651,0.00818265,0.00828265,0.008307419,0.009609427,0.012318805,0.013108832,0.014341403,0.016812595,0.017845225,0.018673109,0.0196617,-0.016537847,-0.012605039,-0.008987401,-0.0049313162,0.0050410405,0.0093314815,0.012237942,0.016519528
2017-06-16,-2.6801987e-05,-0.020195214,-0.018277586,-0.017638026,-0.017003836,-0.015864877,-0.015137611,-0.012465664,-0.011168519,-0.009059615,-0.008352674,-0.007954677,-0.007019897,-0.0065759863,-0.0061310343,-0.004702986,-0.0041329726,-0.0036570092,0.0044404543,0.0049259267,0.0055596977,0.0061424067,0.0075002937,0.008257926,0.008357926,0.008766064,0.008866064,0.008908214,0.011909309,0.013164189,0.014782815,0.017088873,0.018010195,0.018760625,0.019710537,-0.017295826,-0.013093887,-0.009650938,-0.005315736,0.005885282,0.009319337,0.012171594,0.01670141
2017-06-19,-0.0029794946,-0.020212226,-0.018275179,-0.017479775,-0.017011354,-0.015593799,-0.0150917275,-0.01278902,-0.011165343,-0.009300316,-0.007992639,-0.0075205103,-0.0074205105,-0.0066838963,-0.00615761,-0.0042552496,-0.0034859662,-0.0024453818,0.004437298,0.004511797,0.0046117967,0.0056823287,0.0064265123,0.0077251615,0.007956671,0.00815391,0.008277594,0.00911522,0.012002825,0.013334535,0.014206992,0.016858406,0.017945008,0.018760871,0.019729484,-0.017236857,-0.013165237,-0.009670824,-0.0047729434,0.0054399786,0.008951068,0.012135036,0.016578058
2017-06-20,-0.0032288455,-0.020147854,-0.0182039,-0.017452313,-0.017001525,-0.01585278,-0.015130325,-0.012823403,-0.010744036,-0.008922605,-0.007354793,-0.0063934163,-0.0062934165,-0.0058467416,-0.005451549,-0.0046385694,-0.0037172404,-0.0032159954,0.0030162754,0.0034652813,0.0037857008,0.0053736167,0.005986218,0.0065729045,0.0076939114,0.0077421083,0.007747453,0.009105942,0.011815884,0.013169384,0.014827262,0.016993755,0.017976323,0.01869295,0.0196912,-0.017267276,-0.013014537,-0.009073863,-0.004683354,0.004666957,0.008515311,0.011962997,0.01667491
2017-06-21,0.0017043526,-0.02008437,-0.018217696,-0.01763905,-0.017012132,-0.015796162,-0.015138645,-0.012480726,-0.010997017,-0.008928688,-0.0075559113,-0.007442449,-0.007301229,-0.006456692,-0.0057841884,-0.00439769,-0.0032714703,-0.0025287077,0.0035185192,0.0044923644,0.004592364,0.006820664,0.00705507,0.007957352,0.008057352,0.008157352,0.008363085,0.0086043775,0.012074,0.013511182,0.014888697,0.016923891,0.017948944,0.018752774,0.019717375,-0.017249802,-0.013036827,-0.009489899,-0.0046849013,0.005496253,0.009057066,0.0121003175,0.016758783
2017-06-22,0.00039704036,-0.020160995,-0.018282603,-0.017458342,-0.01703142,-0.015752958,-0.014665981,-0.012708636,-0.01085836,-0.008980315,-0.007376459,-0.006870695,-0.0063618277,-0.00609519,-0.005023283,-0.0039345217,-0.0027522745,-0.0026522744,0.0022893923,0.0030059684,0.003337171,0.006031258,0.0070264963,0.0074590757,0.0076304837,0.007664408,0.008032462,0.009305089,0.011187988,0.0131133245,0.014330628,0.016922211,0.01774125,0.018446939,0.019611359,-0.017178793,-0.012934327,-0.009071563,-0.0042466098,0.004458855,0.008913679,0.011876022,0.016484892
2017-06-23,0.0044218255,-0.020181313,-0.018202998,-0.017434543,-0.016992413,-0.015722193,-0.015020615,-0.012790016,-0.0107617155,-0.009218597,-0.007904811,-0.0069152256,-0.0057992768,-0.005699277,-0.005278449,-0.0035845211,-0.003050865,-0.0030166775,0.0024056674,0.0026787214,0.0033599075,0.005680213,0.006967011,0.0070670107,0.0071670106,0.0072670104,0.008015045,0.008944134,0.01236969,0.013007088,0.014375182,0.016916681,0.01793885,0.018800395,0.019712066,-0.017223906,-0.013045098,-0.009037139,-0.004369148,0.004258304,0.00865045,0.012054962,0.016562283
2017-06-26,-2.0095633e-05,-0.020261524,-0.018183157,-0.01741442,-0.016939174,-0.015744492,-0.015070596,-0.012745328,-0.011068629,-0.00902868,-0.007391147,-0.007009125,-0.006909125,-0.0060229125,-0.0053752465,-0.0042087827,-0.0032585717,-0.0027942022,0.0024005568,0.002850929,0.0037799461,0.006119731,0.006724123,0.007446163,0.0075461627,0.0076461625,0.008247253,0.008948822,0.011069912,0.013328398,0.015027204,0.017096128,0.01807367,0.01876216,0.019738803,-0.017239789,-0.01306553,-0.0092924815,-0.004529185,0.004539465,0.0088187335,0.011933612,0.016790537
2017-06-27,0.011548452,-0.020004742,-0.018160712,-0.017408855,-0.01694047,-0.01570961,-0.014651563,-0.012742446,-0.011041536,-0.008855143,-0.00779812,-0.007326117,-0.0070268046,-0.0060386304,-0.0048968066,-0.003365664,-0.0025473859,-0.0025473132,0.00411124,0.00411192,0.0046659387,0.006909455,0.0072765723,0.0075086053,0.007993798,0.008093798,0.008193797,0.009336933,0.011740822,0.013022173,0.014854067,0.01696069,0.018024184,0.018776147,0.019718237,-0.017093418,-0.0129399095,-0.009311331,-0.0041366573,0.0055584707,0.009047616,0.012063582,0.016666263
2017-06-29,0.008247433,-0.020279843,-0.018355204,-0.017493099,-0.017028855,-0.015622568,-0.015541998,-0.01306031,-0.011370213,-0.009935838,-0.008713151,-0.007984105,-0.007884105,-0.007022794,-0.006365114,-0.005708739,-0.004316298,-0.004216298,0.0047349744,0.0053337775,0.005635966,0.0060150777,0.0061150775,0.006966726,0.007722949,0.00801879,0.008949333,0.009501458,0.01239874,0.013202016,0.013923234,0.016647952,0.017640194,0.018593114,0.019711448,-0.017365694,-0.013480291,-0.010106452,-0.0057181106,0.0058885487,0.008760814,0.012338348,0.016415553
2017-06-30,-0.0007993422,-0.020283727,-0.018262805,-0.017243003,-0.017048366,-0.015740274,-0.0151019925,-0.01262993,-0.011039799,-0.009640159,-0.008045682,-0.007726575,-0.0070924954,-0.0067292117,-0.0065875887,-0.004587533,-0.0038528305,-0.0037528304,0.004825262,0.0051136967,0.0052136965,0.0057306997,0.0062072906,0.007133187,0.007919642,0.008019642,0.008726613,0.009381792,0.011876921,0.013244084,0.014866166,0.016824905,0.017792692,0.018704172,0.019732827,-0.017287433,-0.013130976,-0.009601836,-0.0053014713,0.0057606,0.0087971985,0.012204421,0.016674431
2017-07-03,-0.0039007457,-0.02020228,-0.017924607,-0.017248547,-0.01700605,-0.015867239,-0.014987341,-0.012755056,-0.011488287,-0.009768334,-0.0082458565,-0.007772594,-0.0073303827,-0.00675664,-0.00665664,-0.005936688,-0.0042601246,-0.0034322015,0.004254826,0.004547873,0.006091143,0.0066299443,0.007188326,0.007408913,0.007508913,0.007608913,0.008402951,0.009191907,0.012467013,0.01325406,0.014170882,0.016743165,0.017711973,0.018522715,0.019625284,-0.017197503,-0.013249514,-0.009761701,-0.0056116497,0.00580654,0.008930424,0.012205581,0.016463222
2017-07-04,-0.0016597369,-0.020084513,-0.017835537,-0.016989427,-0.016601006,-0.015726242,-0.014677634,-0.012818851,-0.011643698,-0.009516606,-0.008678757,-0.0077591613,-0.007333389,-0.0066113146,-0.0054934807,-0.0048932424,-0.0045935055,-0.0032418962,0.0042975796,0.0043975795,0.0044297455,0.005962456,0.006405256,0.0072123874,0.0076337457,0.007799278,0.008484796,0.009191716,0.012259482,0.013113423,0.014785727,0.017067388,0.018078724,0.01882267,0.019744342,-0.016984988,-0.013129244,-0.009788958,-0.005196257,0.0053442214,0.008744412,0.012225628,0.016706709
2017-07-05,-0.0010668548,-0.020103306,-0.018230377,-0.01721584,-0.017017907,-0.01579424,-0.014629093,-0.012482741,-0.011083823,-0.00902414,-0.008924141,-0.008383288,-0.0067482595,-0.0065817293,-0.005892236,-0.004972802,-0.0047202017,-0.0037875662,0.0039365385,0.004071035,0.0044824798,0.00564436,0.0066454955,0.0072960327,0.0074203024,0.007520302,0.008181781,0.00919145,0.011416811,0.013218741,0.014889235,0.016758924,0.017791783,0.018545557,0.01967484,-0.017154984,-0.012887126,-0.009593409,-0.005551219,0.005110943,0.008774404,0.011960113,0.016617458
2017-07-06,0.006265781,-0.020031251,-0.017810766,-0.017149746,-0.016626198,-0.015685678,-0.014370347,-0.012776439,-0.011001449,-0.0089548705,-0.008313963,-0.00779805,-0.0068590897,-0.0065936795,-0.006080331,-0.00469922,-0.004545763,-0.0030017544,0.004135294,0.0042352937,0.004249905,0.005177676,0.0056781718,0.006757431,0.007361876,0.0075510717,0.008198014,0.009288884,0.012514168,0.013372853,0.014768054,0.017082151,0.018147169,0.018800337,0.01972513,-0.016904848,-0.0128505705,-0.009427706,-0.0052250237,0.005032009,0.008529683,0.0123042185,0.016749704
2017-07-07,-0.00096040213,-0.020206315,-0.017907927,-0.017159887,-0.016683374,-0.015569284,-0.01532196,-0.012900146,-0.011163358,-0.00892607,-0.008190015,-0.0077054277,-0.0074958326,-0.007395833,-0.006816474,-0.006140137,-0.0041141366,-0.004059365,0.004141398,0.004384159,0.0050253063,0.005758201,0.0060898247,0.0066257147,0.0072090523,0.007995008,0.008201386,0.009234576,0.01160378,0.013166159,0.014543474,0.017253952,0.018198458,0.018859942,0.019719984,-0.017137771,-0.0130942855,-0.009913399,-0.005767108,0.0053036227,0.008622256,0.012080872,0.016708702
2017-07-10,-5.0457573e-05,-0.020203423,-0.018049402,-0.017335353,-0.016776564,-0.015453664,-0.0142722465,-0.012582467,-0.01067443,-0.009002357,-0.008068076,-0.0079680765,-0.007541627,-0.0073629054,-0.0061627533,-0.0046919854,-0.0039419294,-0.0038283332,0.0033806427,0.0035566476,0.003663096,0.0046924627,0.0054627224,0.0071519422,0.007482362,0.0078654755,0.008241824,0.009178688,0.012216709,0.013271567,0.014913118,0.016779037,0.017930143,0.018789852,0.01970255,-0.01695106,-0.01277337,-0.009583857,-0.0053186156,0.004555042,0.008586079,0.012167786,0.016691227
2017-07-11,0.0030251443,-0.02009861,-0.017870735,-0.017179469,-0.016693795,-0.015731677,-0.014875271,-0.012394306,-0.010719659,-0.008998077,-0.007906047,-0.0074432227,-0.00742781,-0.0071439235,-0.006242833,-0.0049530817,-0.0034554845,-0.0033554845,0.003586699,0.003686699,0.0038758295,0.004896764,0.005765752,0.007005323,0.007105323,0.007205323,0.008403439,0.009086701,0.011131923,0.013040279,0.014755661,0.016848106,0.01788775,0.018668892,0.019678092,-0.017054018,-0.012833357,-0.009614542,-0.0050900215,0.004630263,0.008420675,0.0119100185,0.016598206
2017-07-12,-0.0016899735,-0.020243296,-0.018118773,-0.017375223,-0.016804142,-0.015730886,-0.014568779,-0.012583303,-0.010914057,-0.008786116,-0.008665957,-0.007327724,-0.0066640167,-0.0057871193,-0.0051160604,-0.0043130675,-0.003406947,-0.003306947,0.0030812304,0.003491488,0.0037339875,0.0050117364,0.005521286,0.0070425645,0.007559141,0.007999107,0.008099107,0.008788832,0.011491619,0.013124553,0.013937635,0.016873818,0.017839588,0.018647052,0.01972688,-0.017093174,-0.012845496,-0.009319985,-0.0046941494,0.004575517,0.008495268,0.0118687395,0.016461987
2017-07-13,-0.0023294848,-0.020148152,-0.018001419,-0.017236263,-0.016707968,-0.01586356,-0.014194773,-0.013044152,-0.010616993,-0.009418429,-0.008396686,-0.0076328455,-0.0075328457,-0.007066689,-0.006768637,-0.0062922295,-0.00445893,-0.004172616,0.005031591,0.0057353675,0.006898475,0.008107308,0.008617559,0.008734496,0.009277998,0.009377997,0.009477997,0.009577997,0.0112815155,0.013127547,0.014576416,0.016960172,0.018052071,0.018827423,0.01973781,-0.016983174,-0.012902121,-0.009561596,-0.0058650514,0.0070101484,0.00988712,0.012303425,0.016645875
2017-07-14,0.005911813,-0.020067833,-0.01779233,-0.017073872,-0.016607845,-0.015819993,-0.014551184,-0.012410945,-0.011015331,-0.009014204,-0.008048698,-0.0076966654,-0.007517813,-0.007417813,-0.006197012,-0.0054352693,-0.004089227,-0.003989227,0.0050249402,0.00512494,0.00512727,0.0058388673,0.0064836973,0.0070350585,0.008158797,0.008258797,0.008746349,0.010011216,0.012343692,0.013192857,0.014352889,0.016815176,0.017767256,0.018768888,0.019701531,-0.016967837,-0.012813108,-0.0097101685,-0.00548148,0.0058549633,0.008996326,0.012412274,0.01656627
2017-07-17,0.0015357233,-0.02019723,-0.017995052,-0.017215569,-0.016714701,-0.015748626,-0.014677415,-0.012826383,-0.0110240355,-0.009165428,-0.007918351,-0.007707354,-0.0076316986,-0.00715622,-0.0062522204,-0.0054805805,-0.0042152237,-0.0023362415,0.0020323717,0.003149015,0.005423762,0.005784345,0.0059070787,0.006491444,0.0070668506,0.007323862,0.007486823,0.009039658,0.011119304,0.013187654,0.014213761,0.016827613,0.017858734,0.018753003,0.019723916,-0.017066604,-0.012981767,-0.009681543,-0.0051983236,0.0046912683,0.00838994,0.011738434,0.01654119
2017-07-18,0.009456679,-0.020154057,-0.018015541,-0.017293751,-0.016751062,-0.015888412,-0.014595355,-0.012461261,-0.01109643,-0.008901867,-0.0075825113,-0.0069644144,-0.0068015,-0.0063552056,-0.0055595203,-0.0040332996,-0.002931508,-0.0020186473,0.0029673085,0.0039115613,0.005071955,0.006523752,0.006661325,0.0075294184,0.0076294183,0.007729418,0.0077545466,0.009060167,0.01092591,0.013139255,0.014353276,0.016755538,0.017873297,0.018592145,0.019671682,-0.017080884,-0.012869733,-0.009286201,-0.004301478,0.0052207992,0.008823916,0.011750636,0.016502377
2017-07-19,-0.0052325367,-0.020226141,-0.017950436,-0.017222894,-0.016643446,-0.01585313,-0.014635411,-0.012560862,-0.010843873,-0.009118095,-0.008085272,-0.0074988557,-0.007379297,-0.007030751,-0.006196325,-0.0058666016,-0.004965188,-0.004865188,0.0035307708,0.0038695345,0.0041246945,0.005460189,0.0061314763,0.0072091827,0.0073091825,0.008024449,0.008238318,0.009680849,0.012374043,0.013374388,0.013994702,0.016704995,0.017588822,0.018599484,0.019701498,-0.017061714,-0.0128762275,-0.009594921,-0.005878432,0.0048588747,0.0088840695,0.012251285,0.016475013
2017-07-20,0.01000814,-0.020192366,-0.017922826,-0.017188832,-0.016679108,-0.015750885,-0.01494242,-0.012389987,-0.010775457,-0.0089780055,-0.0079041915,-0.007537991,-0.007162972,-0.0070646247,-0.0064967475,-0.0057798545,-0.0039781644,-0.0036580781,0.0038841288,0.0050361305,0.005507466,0.006026685,0.0063023036,0.0071980385,0.007765638,0.007943092,0.008205346,0.009321574,0.012191531,0.0131313605,0.014237622,0.016745437,0.017847763,0.018573875,0.01967342,-0.017097522,-0.012854939,-0.009569934,-0.005490167,0.0056440094,0.008779274,0.012139516,0.016472343
2017-07-21,0.0018099241,-0.02010155,-0.017824808,-0.017123453,-0.016662296,-0.015837992,-0.014925497,-0.013309885,-0.012063332,-0.009956622,-0.0089113945,-0.008774079,-0.0079911435,-0.007230385,-0.0071611037,-0.006020974,-0.005485023,-0.004313899,0.004664963,0.0051957564,0.005901522,0.0069470946,0.0075062243,0.007606224,0.008245744,0.008474783,0.008850125,0.009448167,0.011190946,0.013205548,0.013723098,0.016876373,0.01798663,0.018672643,0.019698182,-0.017070428,-0.013475758,-0.01022435,-0.0063510155,0.006191016,0.009248189,0.012136282,0.016435169
2017-07-24,-0.0010795486,-0.020170497,-0.017954519,-0.017262315,-0.016739706,-0.015702667,-0.014412632,-0.012171485,-0.0114990035,-0.009489024,-0.008288284,-0.00787341,-0.0072197285,-0.006712093,-0.0059644855,-0.0049084257,-0.0042037913,-0.0041147075,0.0036442066,0.004557838,0.005016667,0.0058813686,0.0063741175,0.007184811,0.007363958,0.007831799,0.008213309,0.008940449,0.011790785,0.013151219,0.014232046,0.016899737,0.01788864,0.018667674,0.019685838,-0.016996004,-0.012966892,-0.0096263485,-0.005412964,0.0052928077,0.008696479,0.011996881,0.016527304
2017-07-25,0.001090274,-0.020134566,-0.017986862,-0.017276734,-0.016735015,-0.01579755,-0.014274668,-0.012814325,-0.01098377,-0.00891385,-0.0082384795,-0.0073780855,-0.007027753,-0.0070003336,-0.0059653763,-0.004684916,-0.0043861335,-0.003756637,0.0042088134,0.0043088133,0.0045183627,0.005841288,0.0067072473,0.0072673825,0.007975198,0.008075198,0.008181096,0.008932114,0.011459243,0.013133379,0.014393446,0.01711733,0.018190926,0.018821012,0.019731563,-0.016985733,-0.012852669,-0.009505001,-0.0052342294,0.005370495,0.008823064,0.011979352,0.016639346
2017-07-26,-0.0019281026,-0.020165138,-0.01795364,-0.017265141,-0.016766101,-0.015826609,-0.014992069,-0.01241841,-0.0109678665,-0.009291771,-0.008022386,-0.007669632,-0.0071029277,-0.0066339495,-0.0061183083,-0.0048889965,-0.004446001,-0.004346001,0.0030700488,0.0035867973,0.0041801454,0.0053420933,0.005991843,0.00748552,0.0077145165,0.00831765,0.008899601,0.010933248,0.012448126,0.013810479,0.0149715245,0.017481133,0.018355783,0.01905323,0.020573251,-0.017140713,-0.01298705,-0.00954384,-0.0054937876,0.0047787204,0.009307748,0.012889448,0.017177923
2017-07-27,0.0019581327,-0.020286579,-0.018059133,-0.017326394,-0.016789602,-0.015778173,-0.014675297,-0.012387318,-0.0110630635,-0.009809569,-0.008696142,-0.0078472765,-0.0075656795,-0.0072389576,-0.0071389577,-0.0057792123,-0.0040073646,-0.002817322,0.0049988367,0.0051635006,0.006093506,0.0065426445,0.0071707102,0.0072756433,0.007597475,0.008256271,0.008524788,0.009264897,0.01244691,0.013712615,0.014994291,0.017467313,0.018372228,0.01906656,0.0207403,-0.017117757,-0.013052328,-0.009847827,-0.0055180266,0.0060791923,0.009136027,0.012464288,0.017196216
2017-07-28,0.008534793,-0.020178175,-0.017857093,-0.017178867,-0.016682204,-0.015857944,-0.01548044,-0.014348135,-0.012502048,-0.01196787,-0.011302971,-0.011202971,-0.010198533,-0.0077984654,-0.0061780075,-0.0034707307,-0.0030192079,-0.0013049572,0.005138152,0.006028419,0.0072894013,0.009718996,0.010061855,0.010693098,0.010793098,0.010893098,0.011364092,0.013086487,0.013655038,0.014949155,0.01566524,0.017473888,0.018386314,0.019172816,0.020582354,-0.017211173,-0.014295472,-0.011456491,-0.005035175,0.007793613,0.011936738,0.014288217,0.01756869
2017-07-31,0.0059583685,-0.020169176,-0.01798534,-0.01724721,-0.016742034,-0.015771793,-0.01478864,-0.012663483,-0.011492356,-0.010026461,-0.009055053,-0.008773794,-0.008773739,-0.0067767333,-0.0066387663,-0.0030034154,-0.0028771886,-0.002437712,0.0043769167,0.004937984,0.005037984,0.0062899613,0.0071888133,0.008059392,0.010673847,0.011122496,0.011222496,0.011340954,0.012392527,0.013602166,0.014930142,0.017347032,0.018271228,0.01903394,0.020497637,-0.017091397,-0.013243629,-0.010177304,-0.0047461754,0.006263338,0.010262764,0.013365875,0.017082183
2017-08-01,-0.002256186,-0.020211663,-0.01788032,-0.01721636,-0.016652592,-0.015769148,-0.014582023,-0.012731455,-0.011330559,-0.010216291,-0.009442497,-0.009210411,-0.00877516,-0.00867516,-0.00863062,-0.0076847943,-0.006637701,-0.0050247866,0.0041561658,0.004390753,0.004790501,0.0056679063,0.007829852,0.007929852,0.008682819,0.010049089,0.0110462075,0.011146207,0.012398308,0.013691315,0.015375482,0.017803896,0.018633062,0.019303743,0.020750603,-0.017019149,-0.013215338,-0.01056108,-0.0074376627,0.005537629,0.010129263,0.013383019,0.017385008
2017-08-02,0.005245296,-0.020184884,-0.017976893,-0.017278995,-0.016753597,-0.015583839,-0.014705988,-0.012532032,-0.011080798,-0.009972782,-0.009302855,-0.0087736,-0.0086736,-0.008257888,-0.007806414,-0.0067954077,-0.006134921,-0.004333176,0.004250082,0.004350082,0.004450082,0.0053613465,0.006081343,0.0071105026,0.0088361595,0.00934998,0.009387034,0.011119137,0.012388048,0.013607918,0.014972722,0.017634932,0.01851768,0.019199297,0.020751141,-0.017041039,-0.013114119,-0.010404226,-0.0067687035,0.00544955,0.009453776,0.013003963,0.017233202
2017-08-03,0.0015627668,-0.020217504,-0.018052185,-0.017291112,-0.016760046,-0.01578833,-0.014146645,-0.012574697,-0.011720127,-0.010675067,-0.009369048,-0.009127343,-0.008767274,-0.008231032,-0.0073765498,-0.00454845,-0.00444845,-0.0043484503,0.0042094192,0.004305891,0.004786861,0.0067848056,0.008109553,0.010620357,0.010720356,0.010820356,0.010920356,0.011020356,0.012398102,0.013691478,0.015019083,0.017421797,0.01834257,0.01912104,0.0207341,-0.016992941,-0.013281529,-0.010446826,-0.005969849,0.006161467,0.01085242,0.013274571,0.0171975
2017-08-04,-0.0106463665,-0.020250356,-0.018017996,-0.017191289,-0.016674096,-0.015798308,-0.015293185,-0.0124960495,-0.011507458,-0.010602712,-0.009414604,-0.009314604,-0.009214604,-0.009114604,-0.009014605,-0.005711355,-0.0053051705,-0.004861118,0.004142765,0.0049835164,0.005446586,0.007198682,0.00885642,0.010045761,0.013044967,0.01373324,0.013943928,0.014043928,0.014143928,0.014243928,0.015180316,0.017529136,0.018474655,0.019119639,0.020529795,-0.01720679,-0.013418138,-0.010908891,-0.0068413704,0.006963304,0.012184655,0.0149700735,0.017320562
2017-08-07,0.002880108,-0.020089297,-0.017940229,-0.017167574,-0.016680252,-0.016390355,-0.015651222,-0.014379349,-0.013687588,-0.0127852885,-0.011370479,-0.011196362,-0.011096362,-0.010025942,-0.009374475,-0.006919687,-0.0061605386,-0.004053325,0.004771418,0.0060711172,0.007636174,0.009533909,0.010782063,0.012062237,0.012754965,0.013216307,0.013393738,0.013493738,0.013593738,0.014588641,0.014816995,0.017433414,0.018425837,0.019109664,0.020696212,-0.017350271,-0.014734204,-0.012366319,-0.007540877,0.008153517,0.012828598,0.014699139,0.017328987
2017-08-08,-0.0053334595,-0.019903833,-0.017769359,-0.01713438,-0.016658522,-0.015754797,-0.015135874,-0.012647794,-0.011386713,-0.010577353,-0.009496008,-0.009092883,-0.008238446,-0.0060716798,-0.0049233353,-0.0022468662,-0.001138066,-0.0010380661,0.004926528,0.0057583298,0.0061497167,0.007681525,0.008415972,0.009992409,0.010338303,0.013047833,0.0131924935,0.013292493,0.013392493,0.013673416,0.014935561,0.01748442,0.018456925,0.01919955,0.02075403,-0.017044477,-0.013376422,-0.010065744,-0.0036878432,0.00697088,0.011684425,0.014401564,0.017209396
2017-08-09,0.0019959342,-0.020180812,-0.018007584,-0.01725656,-0.016732195,-0.015757948,-0.014648669,-0.012134584,-0.011324555,-0.010221803,-0.010087188,-0.0099871885,-0.008768827,-0.008668827,-0.006744007,-0.0033980713,-0.0012812611,-0.0012026967,0.0060786707,0.0067585343,0.0077538313,0.0077945245,0.00947214,0.009930062,0.010996335,0.011822439,0.012552609,0.012652609,0.012752608,0.013613283,0.014894841,0.017432889,0.018303303,0.018966058,0.020501869,-0.017065441,-0.013117233,-0.010699613,-0.004522645,0.007876379,0.011498107,0.013974883,0.017081786
2017-08-10,0.00023830852,-0.02014344,-0.018016212,-0.017211791,-0.01670063,-0.01588206,-0.015024242,-0.013420383,-0.012152717,-0.010865131,-0.010363221,-0.010263221,-0.009014562,-0.0081301555,-0.005775758,-0.0041080215,-0.002912409,-0.0028124088,0.004898766,0.0057797143,0.006171911,0.0075322883,0.009330772,0.009796654,0.011641271,0.011650834,0.013053107,0.013964566,0.014064566,0.014164566,0.014768393,0.017449098,0.018341133,0.019183312,0.02067422,-0.017153317,-0.013734853,-0.010936979,-0.0051743635,0.0072047906,0.011781478,0.014717588,0.017247917
2017-08-11,0.005057027,-0.020141244,-0.017860541,-0.017178293,-0.016678397,-0.015866805,-0.014443683,-0.012518116,-0.011542703,-0.009834675,-0.00945827,-0.00935827,-0.008974753,-0.0088747535,-0.008606718,-0.0071732723,-0.0067729903,-0.0047675627,0.002267244,0.002950354,0.0044589005,0.006897153,0.008186398,0.009393475,0.01233906,0.01243906,0.012475329,0.013278698,0.013378697,0.013664954,0.015162162,0.017629823,0.018513553,0.019251244,0.020655716,-0.016998135,-0.013103494,-0.010658832,-0.0073357625,0.0057825423,0.011392517,0.014262247,0.01727278
2017-08-14,-0.0020638618,-0.020139286,-0.017845389,-0.017109917,-0.01662614,-0.015716799,-0.015210959,-0.014139655,-0.011972898,-0.011344469,-0.010914231,-0.009657846,-0.009557846,-0.008468187,-0.0056902603,-0.0030960387,-0.0022982063,-0.0018377544,0.0040860763,0.005190221,0.006012132,0.0076159537,0.008895079,0.009403675,0.011084342,0.0111168185,0.013518579,0.013618579,0.013718579,0.013871413,0.015043695,0.017489953,0.018450439,0.019107021,0.020562148,-0.017107714,-0.01395558,-0.011224824,-0.0045160213,0.006797745,0.011381113,0.014635518,0.017214846
2017-08-15,-0.004268351,-0.0203085,-0.018090958,-0.017377254,-0.016845966,-0.015913352,-0.014370018,-0.012778798,-0.0111083025,-0.010070854,-0.009717513,-0.009474598,-0.008107239,-0.007501869,-0.0054107057,-0.002537701,-0.0010593913,-0.0009593913,0.0048831906,0.006080068,0.0071684993,0.008837725,0.008937725,0.009387346,0.011372384,0.012112544,0.013173012,0.013273012,0.013373012,0.013725711,0.014966895,0.017614136,0.018471276,0.01918368,0.020616181,-0.017105758,-0.013141045,-0.010160988,-0.0038883574,0.0076683736,0.011487268,0.014403204,0.01722132
2017-08-16,-0.0029055711,-0.02009424,-0.017995497,-0.01725985,-0.01673212,-0.015818458,-0.014893759,-0.012547787,-0.011664948,-0.010512954,-0.009427822,-0.009327822,-0.009227823,-0.009156582,-0.0087242555,-0.0074434695,-0.0059381304,-0.005154954,0.0048046866,0.00539088,0.005908484,0.0067122644,0.007754866,0.009184017,0.010973796,0.0128509635,0.012950963,0.013037941,0.013137941,0.013572698,0.014984263,0.017664816,0.01855419,0.019187376,0.020777514,-0.017106814,-0.013375859,-0.010874188,-0.0073177265,0.006758022,0.011280097,0.014250746,0.017237334
2017-08-17,0.0028608355,-0.020146787,-0.018009527,-0.017262714,-0.016732661,-0.015886473,-0.01496979,-0.01318361,-0.011665501,-0.011050976,-0.010052038,-0.0099520385,-0.009852039,-0.0089989975,-0.008543068,-0.007816392,-0.006762319,-0.0050245384,0.005114145,0.0066723297,0.0073557794,0.009137014,0.010542979,0.010642979,0.010804711,0.011597114,0.0116971135,0.011797113,0.012649117,0.013456444,0.014971672,0.0174026,0.018327799,0.019113857,0.020572787,-0.017149048,-0.013626518,-0.011107673,-0.0076196706,0.007816796,0.011607326,0.013585517,0.017103473
2017-08-18,0.0010539484,-0.020043407,-0.017872412,-0.01715923,-0.016623147,-0.015645705,-0.015226777,-0.013568261,-0.0126169715,-0.010580749,-0.010501001,-0.01028032,-0.009281342,-0.008582949,-0.008482949,-0.006190674,-0.0058329003,-0.0048670187,0.0062204567,0.0070764227,0.008183948,0.008802002,0.009981606,0.010186005,0.0107594,0.010954796,0.011192382,0.011687364,0.012488461,0.013366929,0.014894528,0.017306942,0.018246796,0.019049153,0.020648643,-0.017082289,-0.013830398,-0.011241808,-0.007130772,0.008208446,0.0112353405,0.013396387,0.017053239
2017-08-21,0.0055113747,-0.020158576,-0.017979918,-0.017296884,-0.016762754,-0.015818201,-0.01428334,-0.012566331,-0.011104861,-0.010919778,-0.009803996,-0.009703997,-0.009603997,-0.009561175,-0.00935277,-0.008299121,-0.007088156,-0.005932499,0.005117394,0.0062533286,0.0073817195,0.008165827,0.00880436,0.009917312,0.010277166,0.010377166,0.010707922,0.011269657,0.012348934,0.013344806,0.014952937,0.017202202,0.018174239,0.019003782,0.020525433,-0.017000558,-0.01323424,-0.010871474,-0.008075309,0.0074390867,0.010742661,0.013169112,0.017005833
2017-08-22,-0.0042906096,-0.020219978,-0.018067498,-0.017346343,-0.0167853,-0.015833018,-0.014283206,-0.012609404,-0.011865623,-0.010509892,-0.010409893,-0.009648677,-0.009040954,-0.008940954,-0.00824045,-0.00661772,-0.005401006,-0.004113021,0.0049949773,0.0059812088,0.0065876544,0.007304732,0.0076827826,0.010017983,0.0101179825,0.010217982,0.010437129,0.010537129,0.013152739,0.01336585,0.015391055,0.01736798,0.018409569,0.019051874,0.020380488,-0.0170378,-0.013322894,-0.010908126,-0.0068041743,0.006997311,0.010364345,0.013180482,0.017111449
2017-08-23,0.0033399074,-0.020188652,-0.018050557,-0.017351273,-0.016816229,-0.015811747,-0.0143920295,-0.012630971,-0.011644188,-0.010185133,-0.00942408,-0.009206392,-0.008827697,-0.008336919,-0.006052434,-0.0050709983,-0.0035690775,-0.0029291834,0.0054190797,0.0067503983,0.0068227607,0.0069227605,0.008737209,0.008744687,0.010612927,0.010712927,0.010812927,0.010912927,0.012113524,0.013672207,0.01486236,0.017458536,0.018340642,0.019146074,0.020704633,-0.017051842,-0.013240719,-0.010524983,-0.005365617,0.007305586,0.010555992,0.013170445,0.017168762
2017-08-24,-2.1184062e-05,-0.01998874,-0.01776729,-0.017074626,-0.016619662,-0.015782934,-0.01426741,-0.012261692,-0.011412718,-0.010480341,-0.01010132,-0.01000132,-0.009901321,-0.009801321,-0.009726129,-0.007614251,-0.0068743485,-0.006499129,0.004742503,0.006451372,0.00678166,0.0070221396,0.007576394,0.008796612,0.009634732,0.009734732,0.009834732,0.010414774,0.012407402,0.0133840395,0.014874656,0.01764439,0.018509395,0.019117765,0.020704165,-0.016885206,-0.0130993575,-0.011096818,-0.008143036,0.0069264816,0.00998131,0.012910068,0.017145004
2017-08-28,0.014386075,-0.02029944,-0.018071933,-0.017297644,-0.016758077,-0.015811104,-0.014260032,-0.012784657,-0.011096119,-0.009500371,-0.007456621,-0.007433548,-0.0066376557,-0.0062776944,-0.0061776945,-0.0049121543,-0.004380059,-0.0036939133,0.0034211099,0.0046837577,0.0053879344,0.006874928,0.007749156,0.008645163,0.009223525,0.009351013,0.009451013,0.010005909,0.012345695,0.013389718,0.014883594,0.01752477,0.01843948,0.019098759,0.020522501,-0.017040117,-0.012987765,-0.009145624,-0.005319474,0.005918251,0.009828192,0.012726364,0.017083868
2017-08-29,0.0044005206,-0.020271536,-0.01798291,-0.017244674,-0.016727429,-0.01589522,-0.014315598,-0.0122974,-0.010893105,-0.009177959,-0.008106285,-0.0072867326,-0.0067456854,-0.0062576006,-0.006171143,-0.004287231,-0.0037573022,-0.0033056708,0.0037635088,0.004332798,0.00499153,0.007514807,0.007840166,0.009195346,0.009320274,0.009420274,0.009520274,0.010409788,0.012352821,0.013261312,0.014906308,0.017474415,0.018543761,0.019245803,0.020687122,-0.017038539,-0.012785748,-0.009263654,-0.004961616,0.0059845834,0.010025376,0.012817591,0.017114991
2017-08-30,-0.008208232,-0.020013137,-0.017762113,-0.017030668,-0.01656393,-0.015841125,-0.014272764,-0.0125716785,-0.011187781,-0.009931486,-0.008190215,-0.00797218,-0.0076085464,-0.007552099,-0.007452099,-0.006972346,-0.0058116606,-0.00524312,0.0050984747,0.0061481795,0.0069936262,0.0074807084,0.008622519,0.0116618015,0.011761801,0.011861801,0.013598608,0.013698608,0.0137986075,0.013898607,0.014950299,0.01750649,0.01840987,0.019116104,0.020497283,-0.016890615,-0.012998876,-0.009762282,-0.006690281,0.007496558,0.0119486675,0.01468086,0.017193757
2017-08-31,-0.0028401029,-0.020092739,-0.017811619,-0.017110417,-0.01664364,-0.01578881,-0.014491475,-0.013343908,-0.011937792,-0.0098099,-0.008837473,-0.008067662,-0.00795844,-0.007700545,-0.007450518,-0.006202919,-0.005702712,-0.0054960633,0.0049213986,0.00598607,0.0063959965,0.007958781,0.008058781,0.009302112,0.009978441,0.01144938,0.0117890565,0.01240906,0.01250906,0.013460955,0.014636975,0.017367005,0.01832894,0.019067114,0.02060096,-0.016965657,-0.013338698,-0.010185146,-0.006583975,0.0070481375,0.010936057,0.013699415,0.017026601
2017-09-01,-0.0013020466,-0.02017891,-0.01787488,-0.017164353,-0.01669534,-0.01577908,-0.01427882,-0.013034485,-0.011557499,-0.010944288,-0.010233537,-0.010009744,-0.009909744,-0.009809745,-0.009703444,-0.008537627,-0.008437702,-0.008362143,0.004820778,0.0066901622,0.0072581973,0.008857487,0.008957487,0.008992649,0.009968422,0.010068422,0.010172393,0.010901365,0.012049521,0.0133575415,0.014834111,0.017371185,0.018457025,0.0191632,0.02072962,-0.016961405,-0.013395891,-0.011157868,-0.0090101315,0.0075190095,0.010455494,0.012987569,0.01709113
2017-09-04,0.0032550902,-0.020191204,-0.01803955,-0.017243503,-0.01672959,-0.015817966,-0.015361129,-0.014492616,-0.013409771,-0.013309771,-0.013209771,-0.013109772,-0.0120006865,-0.010910042,-0.009686417,-0.00800975,-0.006026679,-0.005307684,0.004940453,0.0059208735,0.007591381,0.008208542,0.0095975995,0.010367749,0.011504112,0.012501587,0.012578034,0.012678034,0.013865334,0.015584523,0.015684523,0.017534055,0.018432958,0.019112155,0.02078599,-0.017227888,-0.014763358,-0.01297828,-0.008428061,0.0076330723,0.012145899,0.014627777,0.017740248
2017-09-05,-0.00044277546,-0.020196844,-0.017974569,-0.01728143,-0.016756264,-0.015912479,-0.01428438,-0.01275108,-0.011499775,-0.011399775,-0.011299775,-0.010522835,-0.010422835,-0.010322835,-0.008375756,-0.0073513156,-0.0060604406,-0.0052060834,0.0044973693,0.0057280916,0.006313001,0.007438789,0.008479826,0.010196075,0.010355399,0.011072686,0.011230755,0.011485917,0.012328054,0.013531831,0.01499842,0.017496357,0.018417697,0.01914334,0.020706447,-0.017024908,-0.013443288,-0.01156592,-0.007503286,0.0068665296,0.010953267,0.01339885,0.017175278
2017-09-06,0.0025071707,-0.020286644,-0.018016122,-0.017266667,-0.016762309,-0.015753359,-0.014363354,-0.012202252,-0.011624687,-0.011200736,-0.009448953,-0.009348953,-0.009248953,-0.0091489535,-0.008612276,-0.0074108317,-0.0057480275,-0.0053257444,0.0031426074,0.0051413826,0.0058632926,0.0068495534,0.0074451873,0.009960842,0.010922674,0.0111780185,0.011215283,0.011392193,0.013169372,0.013315872,0.015376072,0.017549502,0.018542536,0.019212797,0.020516377,-0.017036358,-0.01333154,-0.01076698,-0.0072891666,0.006383902,0.0106584225,0.013527051,0.017194126
2017-09-07,0.007149392,-0.020245904,-0.018016709,-0.017298948,-0.016766759,-0.015816042,-0.014106507,-0.01272981,-0.011752224,-0.011191566,-0.009234746,-0.009134746,-0.009034746,-0.0089347465,-0.008834747,-0.008402023,-0.0077421525,-0.007216569,0.0035817127,0.0047292225,0.005565544,0.007029283,0.008728826,0.008828826,0.010281387,0.010381387,0.010521128,0.010641085,0.012236098,0.0132069895,0.01489451,0.017418925,0.018396288,0.01909393,0.020578919,-0.016990384,-0.013415811,-0.010612594,-0.008266048,0.00623743,0.010357423,0.013000317,0.017038655
2017-09-08,0.0010865987,-0.02024837,-0.018001277,-0.017233731,-0.016722163,-0.016153311,-0.015512342,-0.014677717,-0.013516585,-0.0134165855,-0.012327859,-0.012227859,-0.0121278595,-0.011238758,-0.010567086,-0.008932917,-0.006749884,-0.0057177767,0.004974017,0.006361688,0.007884096,0.009839698,0.0114365835,0.011536583,0.012233641,0.012333641,0.012433641,0.0125336405,0.01263364,0.013283642,0.01538742,0.017645264,0.018507205,0.019211667,0.020849137,-0.017327493,-0.0148713915,-0.012944682,-0.008839104,0.008258628,0.012224818,0.013878353,0.017275427
2017-09-11,-0.0063283835,-0.020286594,-0.01807183,-0.017316861,-0.01677592,-0.015813364,-0.014692125,-0.013763456,-0.011958386,-0.010763708,-0.010635488,-0.010535488,-0.010435488,-0.010082955,-0.009046273,-0.006927695,-0.005958408,-0.00350103,0.0049471385,0.0061323484,0.0074389107,0.008757945,0.009581659,0.009857156,0.010680246,0.01112957,0.011401013,0.012365054,0.012369116,0.013451646,0.014963481,0.017627815,0.018526955,0.01917556,0.020780224,-0.017127967,-0.013698908,-0.011560888,-0.0071937786,0.0075913174,0.011277017,0.013622756,0.017199745
2017-09-12,0.00036353836,-0.020145176,-0.017853532,-0.017138226,-0.016633207,-0.015740488,-0.014229444,-0.012655673,-0.011414618,-0.010535233,-0.009221605,-0.009121605,-0.008881088,-0.008474064,-0.007710068,-0.005663365,-0.0043052947,-0.0038724127,0.005472818,0.006465901,0.006617063,0.0075102164,0.007570616,0.009976425,0.010076425,0.010141178,0.010372084,0.010992743,0.013101104,0.013386702,0.014900291,0.017608589,0.018531522,0.019159902,0.020526912,-0.01692037,-0.013194638,-0.010444163,-0.0061345487,0.007228485,0.010413533,0.013276832,0.017116481
2017-09-13,-0.005811522,-0.02015981,-0.017933499,-0.017230181,-0.016729442,-0.015895208,-0.014542609,-0.012519127,-0.011495408,-0.0099640535,-0.00969612,-0.009103204,-0.008696951,-0.008596951,-0.008496951,-0.006951615,-0.004765813,-0.0035847907,0.004987562,0.0058236485,0.0067610615,0.007331334,0.008597201,0.009001002,0.009788857,0.010188945,0.01030238,0.0105490405,0.012080441,0.013288295,0.014942734,0.017334694,0.01819655,0.019032815,0.02062437,-0.017052114,-0.013150277,-0.010605608,-0.006580475,0.0069384924,0.010324897,0.012883341,0.017044581
2017-09-14,-0.0010468938,-0.02011936,-0.017961057,-0.017267793,-0.016719904,-0.015897242,-0.014539486,-0.012329159,-0.011430242,-0.010502156,-0.009724899,-0.009347059,-0.009257497,-0.008950975,-0.008850975,-0.008423422,-0.006798792,-0.0047773113,0.0045777024,0.0053510894,0.006102996,0.007448104,0.008353208,0.010212284,0.010312283,0.011309932,0.012309248,0.012409247,0.012509247,0.013333124,0.01478827,0.017211342,0.018421173,0.01906236,0.020600444,-0.017047409,-0.013213767,-0.010780619,-0.0076395124,0.006758435,0.0111235585,0.013796407,0.016999109
2017-09-15,0.006060129,-0.020141719,-0.017803717,-0.017129919,-0.01664531,-0.01577653,-0.015384672,-0.014036844,-0.011702617,-0.010922877,-0.010131098,-0.010082755,-0.009223023,-0.00896986,-0.0066645183,-0.003914987,-0.0026831622,-0.0022091973,0.004894407,0.0061986363,0.006298636,0.0077811144,0.008449693,0.009404675,0.010053538,0.010536711,0.010833489,0.012123313,0.012179462,0.013329847,0.014916064,0.017582541,0.01852041,0.01915461,0.020539396,-0.01715039,-0.013835387,-0.011082254,-0.005110924,0.007045266,0.010768848,0.013397303,0.017104492
2017-09-18,-0.0015901115,-0.020136284,-0.017884394,-0.017197758,-0.016657487,-0.015795,-0.014925934,-0.012458852,-0.011475671,-0.010086533,-0.009986533,-0.009745932,-0.009645932,-0.0095459325,-0.009445933,-0.0071296757,-0.006377652,-0.006277652,0.0041926163,0.0058594234,0.0059769377,0.0070334664,0.008392307,0.00848455,0.010172969,0.010272969,0.010372968,0.011096219,0.012329586,0.013394401,0.014909878,0.017666511,0.018512657,0.019234454,0.02078825,-0.017079819,-0.01322895,-0.011116001,-0.007795369,0.006647083,0.010328089,0.0131411655,0.0171987
2017-09-19,0.003398925,-0.020300066,-0.018032834,-0.017282404,-0.016747518,-0.015738718,-0.014957568,-0.012777357,-0.011193309,-0.010029353,-0.009701417,-0.009601417,-0.009501417,-0.009401417,-0.008471942,-0.0072015156,-0.005400317,-0.005300317,0.004114112,0.005152466,0.0055495817,0.006624199,0.0076443534,0.007890781,0.009478331,0.009563991,0.010055272,0.010155272,0.012504398,0.013314133,0.015429354,0.017573388,0.018518629,0.019268129,0.020800218,-0.017155342,-0.013247998,-0.010951025,-0.0071951016,0.006183738,0.009713706,0.012909541,0.017277043
2017-09-21,-0.0028169856,-0.02014985,-0.017827025,-0.017112609,-0.016595203,-0.015474214,-0.014240847,-0.0126479035,-0.011229821,-0.010013432,-0.009458223,-0.0093582235,-0.009258224,-0.009158224,-0.008770353,-0.008500153,-0.007593739,-0.007493739,0.0036860832,0.004277136,0.005398551,0.0060845534,0.007842132,0.009177954,0.010449018,0.010662457,0.010959344,0.011059344,0.012341368,0.013438192,0.01495782,0.017474728,0.018398898,0.019121237,0.02073706,-0.016857427,-0.013048923,-0.0106690675,-0.008343241,0.0059790686,0.010436015,0.013239428,0.017145809
2017-09-22,0.0018231698,-0.020198524,-0.017981423,-0.017251763,-0.016735826,-0.015810875,-0.015264694,-0.014535633,-0.013383247,-0.013283247,-0.01278958,-0.01268958,-0.012563907,-0.011807378,-0.010203072,-0.0076132067,-0.0064311535,-0.005459919,0.0056997584,0.007099157,0.0076511106,0.010654092,0.0113446945,0.011444694,0.012201084,0.013075339,0.0131753385,0.013261302,0.013754321,0.015208752,0.01555092,0.01739169,0.018382423,0.01913394,0.020593727,-0.017198268,-0.014743717,-0.013161761,-0.008479386,0.008661041,0.012866956,0.014756428,0.017575804
2017-09-25,-0.009781897,-0.020262556,-0.018054629,-0.017341625,-0.01681024,-0.015845621,-0.014997438,-0.012731305,-0.011684526,-0.010639428,-0.009510561,-0.009410561,-0.009310561,-0.008819233,-0.008618174,-0.008518174,-0.008137581,-0.0067516756,0.0038789695,0.004655328,0.0064974707,0.007904195,0.009027117,0.00926339,0.010638294,0.010738294,0.0108382935,0.010938293,0.012404386,0.013547732,0.014980548,0.017603684,0.018463686,0.019198142,0.020729933,-0.017194096,-0.013478865,-0.010864464,-0.008287233,0.0067148516,0.010702965,0.0132384775,0.017212007
2017-09-27,-0.008907556,-0.020108381,-0.017794771,-0.017085249,-0.01663171,-0.015701538,-0.01416897,-0.012459181,-0.011269441,-0.010248342,-0.009461304,-0.009361304,-0.0092613045,-0.008882205,-0.0083673615,-0.006858504,-0.0046345005,-0.0033586062,0.005152322,0.005821119,0.00658119,0.007489035,0.0076095816,0.008488954,0.009762938,0.0098613575,0.010167537,0.010929887,0.012654427,0.013483773,0.014934551,0.017506598,0.018485768,0.019209642,0.020763544,-0.016881075,-0.013046237,-0.010608645,-0.0065160557,0.0069613205,0.0100747105,0.013144279,0.017179623
2017-09-28,0.0025591878,-0.020092655,-0.017833838,-0.01718581,-0.016716318,-0.015880192,-0.014996984,-0.012379739,-0.011264673,-0.010130182,-0.009669822,-0.009569822,-0.009469822,-0.009369822,-0.00820513,-0.007680905,-0.007133909,-0.0061597214,0.003936554,0.0050281924,0.0058933175,0.007280051,0.0073992177,0.008011933,0.010497685,0.010597684,0.010783173,0.011235499,0.012446948,0.013159007,0.014526074,0.017407117,0.018381951,0.01898177,0.020453116,-0.017103996,-0.013191478,-0.0109542245,-0.0077498974,0.0065271603,0.010080668,0.013201316,0.016905416
2017-09-29,0.0030670613,-0.020209601,-0.018012073,-0.017303325,-0.016743777,-0.015759414,-0.0145623805,-0.012508601,-0.011191409,-0.010927878,-0.01032159,-0.01022159,-0.010209153,-0.009925834,-0.008514456,-0.00805699,-0.0069402726,-0.00598877,0.004436736,0.004740763,0.0061569717,0.0064847195,0.007998615,0.008251348,0.009705873,0.009906978,0.009922686,0.011156905,0.011599387,0.01349265,0.014908501,0.017564625,0.018508755,0.019189144,0.02059583,-0.01705745,-0.013298718,-0.011242073,-0.007944415,0.006305012,0.010161299,0.012936076,0.017150149
2017-10-02,-0.005817814,-0.020118356,-0.017972615,-0.017243445,-0.016733559,-0.015799476,-0.014302257,-0.012363972,-0.010878126,-0.010731411,-0.009228379,-0.009142559,-0.008038366,-0.007938366,-0.007838367,-0.0076135797,-0.0063389614,-0.0042856084,0.004602185,0.004702185,0.0060271695,0.006804853,0.0073257927,0.0077232416,0.008137208,0.008826367,0.009178216,0.0101473015,0.012559628,0.013368737,0.014831077,0.017445385,0.018353555,0.019095909,0.020755848,-0.016985252,-0.013103843,-0.010077099,-0.0070438148,0.0060547204,0.009478288,0.012721488,0.017099392
2017-10-03,0.0012445155,-0.020279855,-0.017951733,-0.01722649,-0.01668687,-0.015869798,-0.014136076,-0.012672241,-0.011183933,-0.009759198,-0.009552437,-0.008998901,-0.0076505295,-0.007437494,-0.007192234,-0.00671457,-0.0058724433,-0.0052340017,0.004719967,0.005921564,0.006246266,0.006765896,0.008045019,0.008163371,0.00855863,0.008948821,0.0090488205,0.009870127,0.012229694,0.013507102,0.014703355,0.017524775,0.018432546,0.019112585,0.020591948,-0.016984867,-0.012995588,-0.009992094,-0.0068024294,0.006442465,0.009706887,0.012617657,0.017087955
2017-10-04,0.00020195471,-0.020126741,-0.01780854,-0.0171286,-0.016642299,-0.015503913,-0.014261768,-0.012380493,-0.011155072,-0.009096539,-0.00821403,-0.007888003,-0.007065275,-0.007000056,-0.0069000563,-0.005888151,-0.0046830485,-0.0045830486,0.0045348,0.006321024,0.0067026713,0.007034896,0.007502522,0.008192055,0.008563356,0.009217334,0.009632082,0.009732082,0.0122610945,0.013686306,0.014959826,0.017450703,0.018429661,0.019128028,0.020712323,-0.01686865,-0.012804493,-0.00953924,-0.0059884614,0.006631349,0.00966606,0.012748244,0.017187437
2017-10-05,-0.0047514127,-0.020076118,-0.01781477,-0.01712956,-0.01658445,-0.015715078,-0.014966461,-0.012717208,-0.010969893,-0.009660883,-0.008011314,-0.007487056,-0.007279759,-0.007179759,-0.007079759,-0.006581374,-0.0051259203,-0.003832137,0.0037159377,0.0053607766,0.007055693,0.0071556927,0.0076567754,0.008390678,0.009071479,0.009171478,0.009963546,0.010063546,0.012537702,0.013643674,0.015082654,0.017300423,0.01830149,0.019028056,0.020714944,-0.017031375,-0.013088802,-0.009681437,-0.006021249,0.0064719156,0.00978523,0.012901992,0.01715395
2017-10-06,0.00232526,-0.020276874,-0.01794034,-0.017262047,-0.016735889,-0.015910778,-0.01435044,-0.01253827,-0.010942467,-0.009705515,-0.008147578,-0.007213279,-0.0070618107,-0.006974228,-0.006827159,-0.005548671,-0.0054204264,-0.0041873422,0.0042218664,0.0052166027,0.005258918,0.005350767,0.006373686,0.007981763,0.008329053,0.010262967,0.011358794,0.011368201,0.012684162,0.013316513,0.014871589,0.017456302,0.018452745,0.019194769,0.020690138,-0.017042864,-0.012959747,-0.009495305,-0.0058393753,0.0056754416,0.0098606255,0.013436082,0.01710586
2017-10-09,0.00085195206,-0.020187585,-0.018034529,-0.017322527,-0.016795387,-0.015917005,-0.01408295,-0.012610494,-0.011122688,-0.009237027,-0.007877182,-0.0075886217,-0.007228137,-0.007128137,-0.006964738,-0.0063291793,-0.0051582693,-0.004683422,0.003256918,0.004357213,0.005666156,0.0065332437,0.0084269075,0.008526907,0.010814634,0.010914634,0.011875062,0.011975062,0.012785459,0.013458375,0.015386463,0.017478999,0.018365579,0.019166814,0.020671984,-0.017003492,-0.012875137,-0.009487819,-0.006144846,0.0061256327,0.010660377,0.013691908,0.017232526
2017-10-10,0.0052045463,-0.020216927,-0.01799449,-0.017285028,-0.0167747,-0.015847413,-0.015007684,-0.012414432,-0.011061932,-0.009261608,-0.00838076,-0.007716614,-0.0066644875,-0.0063766693,-0.0051413965,-0.0050413967,-0.004868592,-0.0044252058,0.0030472018,0.0044866763,0.004768855,0.0054903706,0.0068386383,0.008331521,0.01006689,0.01016689,0.011314723,0.011454954,0.012603921,0.013434968,0.015101085,0.01743115,0.018311473,0.019049717,0.020526694,-0.017168242,-0.013006138,-0.0094983075,-0.0054386407,0.0055719987,0.010045394,0.013424007,0.017108722
2017-10-11,0.003655198,-0.020138694,-0.017969795,-0.01722645,-0.016669197,-0.015874067,-0.014038058,-0.012489699,-0.010893403,-0.009409318,-0.008007424,-0.0074207466,-0.0073311203,-0.006830986,-0.005802102,-0.0044450555,-0.0027937833,-0.0023062609,0.0045151007,0.0060019833,0.006101983,0.0069520124,0.0069551547,0.0081440015,0.00987077,0.010462609,0.011544852,0.011644851,0.0126902135,0.013679979,0.014908787,0.017209899,0.018203426,0.01903317,0.020490628,-0.016937962,-0.012811385,-0.009420198,-0.0045535895,0.00668837,0.010177319,0.013552666,0.017064493
2017-10-12,-0.0005931405,-0.020183766,-0.017902331,-0.017162124,-0.01665424,-0.01574395,-0.014576002,-0.012254773,-0.011102368,-0.009143986,-0.008192318,-0.00733021,-0.00723021,-0.00711967,-0.005802789,-0.004208792,-0.0029178318,-0.0016244695,0.004837848,0.005549114,0.0060079647,0.0063467324,0.0071376744,0.007972401,0.009382192,0.01022103,0.011818618,0.011918617,0.012573424,0.0133992,0.014888846,0.017782608,0.018638387,0.019263001,0.020696733,-0.017012056,-0.01284785,-0.0096441135,-0.0043768184,0.0064247707,0.010129784,0.013669649,0.017206078
2017-10-13,-0.00028719794,-0.02008624,-0.017892046,-0.01718415,-0.016693193,-0.015581426,-0.0148699125,-0.012474683,-0.010913974,-0.009177572,-0.008028538,-0.007791801,-0.007302422,-0.006989464,-0.005806829,-0.0047645774,-0.0036405306,-0.0024208894,0.003939016,0.0040390156,0.0041390155,0.005067615,0.0064015696,0.007275951,0.0073000523,0.007400052,0.00846367,0.009024169,0.012196404,0.013634058,0.014896906,0.017286444,0.018306106,0.019020839,0.020474553,-0.017024565,-0.012924057,-0.009620862,-0.004884925,0.004896943,0.00874716,0.012324882,0.01706256
2017-10-16,-0.0023492482,-0.020157073,-0.017944967,-0.017154356,-0.016660018,-0.01570924,-0.015103386,-0.013676303,-0.011668546,-0.011010861,-0.009597156,-0.00938041,-0.007911993,-0.0078119934,-0.007763323,-0.0058725094,-0.0047255214,-0.0036447684,0.0046503753,0.0062809098,0.007643813,0.008219734,0.009239623,0.009797096,0.012789517,0.012889517,0.012989516,0.013089516,0.013189516,0.013422553,0.015172261,0.017372426,0.018240407,0.019080244,0.0205996,-0.017114937,-0.013722691,-0.010418614,-0.0062773065,0.00791687,0.011687661,0.014186302,0.017129418
2017-10-17,-0.00470661,-0.020125225,-0.01800662,-0.017308198,-0.016777422,-0.01581176,-0.014196291,-0.012434755,-0.01069837,-0.009942445,-0.008050746,-0.007586562,-0.0063449494,-0.0062449495,-0.0061449497,-0.0041728886,-0.0033173144,-0.0023131203,0.0033774201,0.0049281325,0.0057689543,0.0065621287,0.0070420443,0.008044992,0.009050568,0.009150567,0.011343606,0.011443606,0.0120962225,0.01338697,0.014801762,0.01742885,0.018410804,0.019166593,0.020838749,-0.016983464,-0.012916012,-0.009107062,-0.0047069667,0.005937441,0.009813637,0.013336241,0.017124584
2017-10-18,0.0017001602,-0.020140378,-0.018039137,-0.017256629,-0.016730102,-0.015902909,-0.014166192,-0.0123667065,-0.011147421,-0.009329923,-0.009028161,-0.0082890475,-0.007247034,-0.0072036106,-0.0070794676,-0.0052064485,-0.0046661505,-0.0029685257,0.0041731237,0.005368163,0.00646449,0.0072369124,0.0075907237,0.0076907235,0.008983374,0.010093207,0.01168273,0.0117994845,0.012907139,0.013446734,0.014906974,0.01742446,0.0184714,0.019208837,0.020808043,-0.016995745,-0.012853375,-0.009758484,-0.0056419275,0.0064452128,0.010124175,0.013661498,0.01715901
2017-10-19,0.0058286856,-0.020081682,-0.017863343,-0.017150553,-0.016653256,-0.015784182,-0.0144235315,-0.012744739,-0.010991049,-0.010105892,-0.008647007,-0.008059697,-0.0072390023,-0.007015186,-0.0060153706,-0.0054918937,-0.005093743,-0.003964311,0.0033139554,0.0034139554,0.0044044876,0.005441145,0.0057907873,0.0068576504,0.007477426,0.007879949,0.008479369,0.008866128,0.012202388,0.013334318,0.0149019305,0.017512988,0.018456332,0.01921379,0.020672457,-0.016961198,-0.0130831525,-0.009663155,-0.0057250033,0.004810194,0.008545767,0.012267707,0.017127097
2017-10-20,-0.0061642383,-0.020286892,-0.01808678,-0.017307408,-0.016703285,-0.015671985,-0.014581747,-0.012138322,-0.0107608335,-0.008744444,-0.007835026,-0.0075207013,-0.0069168084,-0.006690599,-0.0060335696,-0.0051656677,-0.004968404,-0.0038663186,0.004455679,0.0048154634,0.005205,0.0060537616,0.0070615634,0.007365239,0.008783081,0.00888308,0.00898308,0.009885211,0.012579934,0.013683176,0.014888989,0.017467437,0.018360192,0.01917645,0.020736866,-0.017066136,-0.012706551,-0.009357003,-0.0055109323,0.0058625964,0.009375654,0.012698318,0.017190583
2017-10-23,-0.00076497113,-0.020082558,-0.01791546,-0.017187258,-0.016690068,-0.015806941,-0.014538754,-0.012176764,-0.010698655,-0.0091843875,-0.007947034,-0.007847034,-0.0075165653,-0.0074165654,-0.006168179,-0.004949056,-0.003691011,-0.0029343676,0.003399389,0.0034390315,0.0041005146,0.0057312637,0.005913161,0.007078176,0.0075985803,0.00769858,0.008107747,0.008540826,0.012567144,0.013170193,0.014901959,0.017386809,0.018505104,0.01915023,0.020623703,-0.017006755,-0.012757164,-0.0096235145,-0.0051179295,0.004853756,0.0084801875,0.012178203,0.01704658
2017-10-24,0.00043568033,-0.020235833,-0.017815266,-0.01713988,-0.016634017,-0.015607106,-0.014503123,-0.012506595,-0.0110733565,-0.009129437,-0.007640268,-0.0075402684,-0.0069563068,-0.0066914908,-0.0055170483,-0.004561752,-0.0032586746,-0.0030552687,0.0032795558,0.0035672416,0.003999225,0.0047698664,0.005209919,0.0069057397,0.0075026317,0.007946785,0.008046784,0.009340094,0.0126729235,0.013718251,0.014895786,0.017335095,0.01833374,0.019213796,0.020746326,-0.016959067,-0.012870478,-0.00937291,-0.004786602,0.004623704,0.008624157,0.012422359,0.017181851
2017-10-25,0.00313978,-0.020148808,-0.017889047,-0.01712927,-0.016638424,-0.01580012,-0.014517949,-0.012739696,-0.010915121,-0.0089787375,-0.008878738,-0.008778738,-0.007373116,-0.0073491805,-0.006745159,-0.0047960267,-0.004639395,-0.0036814238,0.004038264,0.004207011,0.0043070107,0.0051498194,0.0058642174,0.0068570036,0.007107157,0.007343835,0.008571182,0.00860752,0.012607793,0.013592535,0.014926772,0.017483959,0.01841989,0.019121826,0.020590369,-0.016998868,-0.012856154,-0.009806821,-0.005728149,0.0049618524,0.008453022,0.012359785,0.017143091
2017-10-26,-0.00878002,-0.020205954,-0.017993664,-0.017266495,-0.016738046,-0.01588079,-0.014366921,-0.012785552,-0.011138567,-0.008914094,-0.008035566,-0.0077526006,-0.0072138663,-0.0065533402,-0.006271062,-0.0052336273,-0.0042814505,-0.0029906384,0.0031837877,0.0041611036,0.00463,0.006607299,0.0067946822,0.0076004555,0.0078040226,0.007904023,0.008004023,0.009160466,0.0121023245,0.013146786,0.014793145,0.017232295,0.018323243,0.019094674,0.02078753,-0.017037075,-0.012894325,-0.009461652,-0.005305876,0.005277243,0.008921282,0.012147369,0.017010886
2017-10-27,-0.010210416,-0.020067368,-0.01789574,-0.01723892,-0.016726617,-0.01588221,-0.015465265,-0.014711011,-0.012642597,-0.010998017,-0.0099360915,-0.009550209,-0.008906401,-0.007998217,-0.007983724,-0.0056950715,-0.0050874343,-0.004363775,0.0050068726,0.0055304733,0.005621791,0.0071241427,0.008542365,0.008642365,0.008686253,0.009515968,0.009663296,0.010343967,0.012416236,0.013355773,0.014830303,0.017459048,0.01831191,0.019064499,0.020603407,-0.01720744,-0.014211163,-0.0109897135,-0.006536043,0.0063939067,0.010080088,0.012818237,0.017062608
2017-10-30,0.004007244,-0.020271879,-0.018021148,-0.017266478,-0.016717305,-0.015453358,-0.014207378,-0.012509236,-0.011770927,-0.010710067,-0.0105768815,-0.010544701,-0.010444701,-0.0095965825,-0.009328936,-0.008793737,-0.00766357,-0.0072673573,0.005433087,0.0062744897,0.006847791,0.0073519098,0.009118076,0.009854367,0.009869147,0.0106897745,0.010789774,0.010889774,0.012651144,0.013643125,0.015429398,0.017583061,0.018514795,0.019229174,0.020679608,-0.016934212,-0.0132928165,-0.011319294,-0.00871966,0.007155285,0.010839023,0.013297724,0.017312873
2017-10-31,0.0018130579,-0.020221395,-0.018027168,-0.017225377,-0.016649107,-0.0158017,-0.014239571,-0.012562302,-0.011315707,-0.010423108,-0.009682987,-0.009582987,-0.009482987,-0.009382987,-0.0087733455,-0.007793113,-0.0076931133,-0.0075715827,0.0041235485,0.0044243163,0.004676783,0.0056354594,0.006465084,0.007698196,0.007798196,0.008044497,0.008418538,0.009333751,0.012686323,0.013513484,0.014992226,0.017465562,0.018427245,0.019095272,0.020653712,-0.01698779,-0.013153213,-0.010820848,-0.008282828,0.0053316606,0.009011002,0.012475869,0.01714405
2017-11-01,-0.0026132232,-0.020118881,-0.017904695,-0.017206058,-0.016716583,-0.015892936,-0.014940578,-0.012656496,-0.011161137,-0.009806145,-0.009721134,-0.009621134,-0.009353001,-0.009253001,-0.008774457,-0.007553596,-0.0057375394,-0.0045859036,0.0048929336,0.005250842,0.006201884,0.0063018836,0.006721535,0.007397073,0.008057658,0.008157657,0.008833494,0.0088347215,0.012632017,0.013393304,0.015022636,0.017631665,0.018586416,0.019260507,0.020723158,-0.017114734,-0.013154084,-0.0108857695,-0.007254526,0.00614104,0.008900858,0.012455991,0.017206253
2017-11-02,0.004643637,-0.020303592,-0.018018624,-0.017273223,-0.01673952,-0.015826054,-0.014473161,-0.012799735,-0.011268149,-0.010381707,-0.010233734,-0.010133734,-0.009574942,-0.009474942,-0.009374943,-0.007951061,-0.0074150143,-0.007270066,0.0042849965,0.00466202,0.004868138,0.00587129,0.006615693,0.007605227,0.008168495,0.0086327735,0.008732773,0.009161602,0.012374224,0.013763172,0.015262196,0.017373774,0.018271605,0.019128272,0.02056687,-0.01707219,-0.013239196,-0.011004986,-0.008428964,0.005570988,0.009155693,0.012460676,0.017218858
2017-11-03,-0.0047792126,-0.020105409,-0.01795652,-0.01717995,-0.01667899,-0.01574638,-0.014958635,-0.012787541,-0.011080114,-0.00929562,-0.008503783,-0.0074435873,-0.0070473556,-0.006947356,-0.0060215243,-0.005304689,-0.0048077954,-0.0047077956,0.0039794166,0.0040794164,0.004268939,0.0049497415,0.0063029034,0.0076424326,0.009292311,0.009392311,0.009492311,0.0095923105,0.012934912,0.0133838095,0.014784251,0.017428465,0.018315108,0.019101629,0.020440131,-0.017089186,-0.013060371,-0.009707449,-0.005657078,0.005313965,0.009262754,0.012743691,0.017027657
2017-11-06,-0.002693793,-0.020147584,-0.017903734,-0.017212907,-0.016709752,-0.015494039,-0.015470231,-0.012512157,-0.01102404,-0.008972032,-0.008342253,-0.007522098,-0.007396916,-0.0068818466,-0.0062638754,-0.0048268475,-0.0042693317,-0.003984244,0.0034054243,0.004394292,0.0046088505,0.0062960447,0.008085105,0.009291256,0.009391256,0.009800054,0.009900054,0.010000054,0.0115811415,0.014000447,0.015509708,0.017183553,0.018082405,0.01883551,0.020446824,-0.01714507,-0.013038273,-0.009823057,-0.0053732796,0.0056191734,0.010235382,0.0127128195,0.017195208
2017-11-07,-0.0008570692,-0.02008711,-0.01775767,-0.017038384,-0.016569136,-0.015715444,-0.014052384,-0.012483378,-0.011088042,-0.009537617,-0.008141852,-0.008041852,-0.0073426343,-0.0069473526,-0.006138734,-0.0049986346,-0.0048536947,-0.0032618039,0.004375682,0.0045787124,0.0049465466,0.005551631,0.006315697,0.0071580773,0.007805202,0.008686507,0.008786507,0.008886507,0.011596343,0.01437663,0.015612648,0.017463218,0.018349167,0.019151688,0.020781342,-0.016836349,-0.012839961,-0.009514453,-0.0054589435,0.005451555,0.009084684,0.012399031,0.017477104
2017-11-08,0.0008721747,-0.020229723,-0.017935907,-0.017221311,-0.01666766,-0.015899606,-0.014775671,-0.012343211,-0.010978426,-0.009284205,-0.008061395,-0.0076113264,-0.006898877,-0.006871086,-0.0063202875,-0.00402024,-0.0033048054,-0.0027383596,0.0039525256,0.0051886654,0.0053744814,0.0057740435,0.006880932,0.0072831274,0.008023472,0.008123471,0.008223471,0.008985345,0.012719226,0.014111584,0.015235443,0.017612187,0.018564701,0.019202424,0.020584673,-0.017101714,-0.012920564,-0.009517091,-0.0047990037,0.0056626373,0.0090768915,0.0125208665,0.017349262
2017-11-09,0.0033499282,-0.020130688,-0.01798005,-0.017267529,-0.016733103,-0.015818808,-0.014343771,-0.012383371,-0.010753558,-0.009396416,-0.0086185755,-0.007813223,-0.007424996,-0.0072049936,-0.006122562,-0.005151336,-0.0046256897,-0.0042921156,0.0047464543,0.0052923937,0.0053923936,0.0055015963,0.007061175,0.007161175,0.008014462,0.008552236,0.008652235,0.008752235,0.0123865595,0.013988002,0.0151451295,0.017442584,0.018431107,0.019120723,0.020468762,-0.017001284,-0.012828928,-0.009669179,-0.005600985,0.00578946,0.009102965,0.012442028,0.01723304
2017-11-10,0.0031929736,-0.02020614,-0.017938955,-0.017190317,-0.01667595,-0.015849238,-0.014528824,-0.012668282,-0.01107389,-0.009919992,-0.007925061,-0.007344481,-0.0068469713,-0.0068382556,-0.005409085,-0.003797414,-0.0029193566,-0.0028193565,0.0042286124,0.004259442,0.004359442,0.005213998,0.0057331715,0.007332624,0.0074807117,0.0075807115,0.00769646,0.009244378,0.0124779595,0.013971477,0.015398448,0.017496388,0.018464336,0.019120464,0.020808773,-0.01703982,-0.013076261,-0.0094426,-0.0044579385,0.005108441,0.008772472,0.012370922,0.01735911
2017-11-13,0.00025937028,-0.020234756,-0.018046023,-0.01733376,-0.016809963,-0.015862562,-0.014044344,-0.012365089,-0.010550641,-0.00899878,-0.008136805,-0.007288654,-0.007188654,-0.006425492,-0.0056887465,-0.0045670443,-0.0035207917,-0.00293105,0.004038208,0.0048910854,0.0049192244,0.0061399955,0.0065384167,0.0070028077,0.0073344577,0.007367352,0.008211224,0.008535535,0.012870337,0.014533935,0.015389496,0.017403118,0.01829369,0.01903757,0.02061759,-0.01699953,-0.012658523,-0.009269187,-0.004799257,0.0054645943,0.008795609,0.012488944,0.017396342
2017-11-14,0.0077797645,-0.020108877,-0.017793475,-0.017100874,-0.016624998,-0.015789116,-0.014357438,-0.012413524,-0.011025041,-0.0089218,-0.007674127,-0.007180358,-0.006541767,-0.006265636,-0.005765299,-0.005623404,-0.00525604,-0.0051745754,0.003363332,0.00345913,0.00355913,0.0059476146,0.0069566085,0.00702916,0.0071397573,0.0072197183,0.00763625,0.008553576,0.012436356,0.014008846,0.015659006,0.017538562,0.018429477,0.019146448,0.02069486,-0.01693478,-0.012763736,-0.009172802,-0.005799935,0.0046937927,0.008753581,0.0122129,0.017409544
2017-11-16,0.0015448942,-0.020155538,-0.017939458,-0.017182244,-0.01668832,-0.015892342,-0.014247704,-0.012490396,-0.011110477,-0.009416954,-0.008518664,-0.0077502583,-0.0069527794,-0.006027914,-0.0053823567,-0.0031345529,-0.002321159,-0.002221159,0.0027163276,0.0035473797,0.003971111,0.0068350295,0.0072214217,0.0074303797,0.0075303796,0.0076963664,0.0084493,0.008665597,0.012245867,0.014278214,0.015343073,0.017205939,0.018300556,0.01901933,0.02057268,-0.016984671,-0.012889555,-0.009371508,-0.004161897,0.0049200454,0.009058395,0.012387907,0.017283846
2017-11-17,0.00062832475,-0.02004576,-0.017845057,-0.017177066,-0.016648991,-0.015774779,-0.014847911,-0.012360972,-0.01065788,-0.008782481,-0.007939452,-0.007337952,-0.0073195207,-0.0073120287,-0.006180215,-0.005253525,-0.0033759184,-0.0025968307,0.004062919,0.004162919,0.004649412,0.0063287765,0.0074277865,0.0075277863,0.0077875266,0.008057453,0.008157453,0.008969215,0.010664617,0.014486003,0.015676992,0.017659154,0.018528882,0.019245902,0.020693967,-0.0170325,-0.012765261,-0.009615359,-0.0049488884,0.0053983107,0.009293648,0.012161234,0.017552402
2017-11-20,-0.002788015,-0.020159751,-0.017917868,-0.01717432,-0.016682174,-0.015797729,-0.014264948,-0.012717032,-0.011173154,-0.009358783,-0.00803411,-0.007564534,-0.007248743,-0.007148743,-0.0063845995,-0.00420664,-0.0027724956,-0.0022288214,0.004229094,0.0051375125,0.0052375123,0.0056434153,0.0058700177,0.006783485,0.0073802583,0.007480258,0.008171947,0.009272129,0.0108434,0.01431681,0.0153491525,0.017313315,0.01842085,0.019086404,0.02060615,-0.016964493,-0.012937647,-0.00957394,-0.004631418,0.0055255583,0.00874454,0.012205027,0.017334368
2017-11-21,-0.0019639216,-0.02006491,-0.017871547,-0.01716393,-0.016660722,-0.015816808,-0.0141612785,-0.012147577,-0.01074517,-0.008871731,-0.008027524,-0.0075964783,-0.0070627667,-0.006437508,-0.005222112,-0.0046991687,-0.003317074,-0.0028475896,0.003953635,0.004342713,0.004662192,0.0054959287,0.0056479922,0.006606846,0.0076415786,0.0077415784,0.007841579,0.008519914,0.011229266,0.014172592,0.015519041,0.017391883,0.018328786,0.019029334,0.020739611,-0.016915055,-0.012617936,-0.009286849,-0.0047364845,0.005219209,0.008537784,0.012018427,0.017370492
2017-11-22,0.005193226,-0.020111356,-0.01789659,-0.017206984,-0.016669858,-0.015890693,-0.014262333,-0.012798794,-0.011107361,-0.009260815,-0.00837923,-0.0075216093,-0.0074216095,-0.0073216096,-0.00722161,-0.005263632,-0.0041941274,-0.0027868624,0.0041530235,0.004191005,0.0053425347,0.00599336,0.0071735354,0.007274785,0.007506391,0.007606391,0.008238709,0.008579466,0.012541305,0.01460035,0.015618416,0.01739559,0.018338751,0.019100482,0.020448001,-0.016966168,-0.0129272565,-0.009698428,-0.0053975685,0.005437263,0.009046905,0.012459716,0.017432567
2017-11-23,0.0048202653,-0.02006352,-0.01783957,-0.017127682,-0.016632626,-0.015752312,-0.014505946,-0.011796846,-0.010755359,-0.008903633,-0.007900437,-0.0069760024,-0.0068760025,-0.0068087755,-0.0064131324,-0.004894946,-0.003035192,-0.0028378393,0.0035043138,0.0041676983,0.0052042045,0.005836805,0.0070377355,0.007148514,0.008281547,0.009207144,0.009307144,0.009407144,0.011313495,0.0138923,0.015580851,0.017582908,0.01845325,0.01920272,0.020644423,-0.016958794,-0.012617892,-0.009369304,-0.0048314226,0.0053989133,0.009338568,0.012474666,0.01738064
2017-11-24,0.007662744,-0.020087304,-0.017884403,-0.017184522,-0.01669417,-0.01559582,-0.013970396,-0.012143321,-0.0110735325,-0.01014921,-0.008345036,-0.007736015,-0.006998482,-0.0068984823,-0.006785329,-0.0052589397,-0.003288245,-0.0028995692,0.0044415346,0.0054290495,0.005663515,0.0057593808,0.0067645586,0.00723191,0.007821204,0.007903348,0.008194955,0.009027352,0.0120592415,0.014354399,0.015276379,0.017451301,0.018412672,0.01919725,0.020767834,-0.016846418,-0.012904197,-0.009457186,-0.0051936195,0.005822937,0.009056313,0.012409724,0.017409433
2017-11-27,-0.0012702567,-0.020110402,-0.017881515,-0.017217975,-0.016703427,-0.015797814,-0.014276781,-0.012099694,-0.011135888,-0.00889112,-0.008087904,-0.0076995515,-0.0070349327,-0.0066687576,-0.0058112955,-0.0039194967,-0.0031067743,-0.0025222965,0.0038739734,0.004085656,0.0048326715,0.0054894765,0.0055894763,0.007952302,0.008052302,0.008152301,0.008252301,0.0086019235,0.010708475,0.014372575,0.015278837,0.017474663,0.018406775,0.019050257,0.020774012,-0.016953986,-0.012724292,-0.009440852,-0.004611883,0.0052668154,0.0089337155,0.01206841,0.017390069
2017-11-28,-0.0041721594,-0.02026643,-0.018056383,-0.017308548,-0.016717684,-0.015405413,-0.014143039,-0.0123279225,-0.010377117,-0.008931846,-0.007978484,-0.0078102574,-0.007427955,-0.006867012,-0.0064279665,-0.004939881,-0.004919474,-0.0036089958,0.0040766206,0.004564671,0.0046646707,0.005207942,0.0053031784,0.007059549,0.008335732,0.008435732,0.008535732,0.008635731,0.012584303,0.014658081,0.015598113,0.017354418,0.01831587,0.019176241,0.020552445,-0.01691779,-0.012617695,-0.009358721,-0.005541315,0.005369927,0.008818454,0.012545943,0.01746786
2017-11-29,-0.0016737499,-0.020165903,-0.017955119,-0.017270401,-0.016728997,-0.015730264,-0.014058439,-0.012396464,-0.011086574,-0.009327313,-0.007820172,-0.0077339006,-0.0076339007,-0.0072549284,-0.006830619,-0.005705988,-0.004568928,-0.0032278784,0.0027082826,0.0028082826,0.003426219,0.0055718194,0.0067304084,0.007946378,0.008046377,0.008146377,0.00846763,0.008662465,0.01296542,0.014138624,0.015541502,0.01755496,0.018483358,0.019102998,0.020807175,-0.016927745,-0.012827839,-0.009570803,-0.0056134625,0.0045121964,0.009124851,0.0125434995,0.017429052
2017-11-30,0.0061395112,-0.020183966,-0.017953191,-0.017209008,-0.016712015,-0.015889497,-0.014949894,-0.012674001,-0.011047128,-0.008925398,-0.00784344,-0.007812557,-0.007288671,-0.00648724,-0.0063872403,-0.0053296923,-0.0052296924,-0.0045059924,0.0019558354,0.0037314482,0.0055556423,0.0082684485,0.008368448,0.009816077,0.010930515,0.010955895,0.012241468,0.012341468,0.012549429,0.01442905,0.01565688,0.017612085,0.018467916,0.019176045,0.020499783,-0.017137712,-0.012961085,-0.009523274,-0.0058530346,0.0060883784,0.011182187,0.014005867,0.017474767
2017-12-01,-0.004756464,-0.020066766,-0.017959082,-0.017210435,-0.016628817,-0.015859915,-0.014180554,-0.01250379,-0.011107334,-0.009279948,-0.007704379,-0.0075474735,-0.0074474737,-0.0070382585,-0.0068479297,-0.0053337547,-0.004174459,-0.004074459,0.0031348558,0.0033196786,0.0039811083,0.005976316,0.007169079,0.0074048415,0.008247877,0.008973909,0.009073908,0.009173908,0.011654648,0.013804364,0.015004856,0.017039564,0.018049618,0.01893101,0.020721374,-0.016939027,-0.012856412,-0.009495599,-0.005595615,0.004931967,0.00930522,0.012351289,0.017100234
2017-12-04,-0.001376718,-0.020239195,-0.018075498,-0.017370839,-0.016829625,-0.015897246,-0.014186285,-0.012571063,-0.01113496,-0.009617837,-0.007948667,-0.0074643153,-0.0072734645,-0.0067728097,-0.006104054,-0.005017103,-0.004295704,-0.004195704,0.0036752135,0.003910744,0.0053642304,0.008055512,0.008555523,0.009198047,0.0112672085,0.0115113845,0.011611384,0.011711384,0.01436601,0.014651249,0.0153671745,0.017500903,0.018401397,0.019065933,0.020502968,-0.017045569,-0.012976197,-0.009463238,-0.0054153763,0.006454582,0.011125518,0.014148285,0.017417645
2017-12-05,-0.0014229829,-0.020166676,-0.017770946,-0.017042233,-0.016559089,-0.01573569,-0.01407282,-0.0127455,-0.010861712,-0.008964764,-0.008275732,-0.007493052,-0.007295879,-0.0071958792,-0.0058096135,-0.004782006,-0.0045258417,-0.0041076946,0.003685388,0.0038459797,0.004594363,0.005329446,0.0060824,0.0072284564,0.0073284563,0.007716461,0.008109872,0.008677075,0.010500129,0.014555208,0.015434854,0.0175352,0.018412182,0.019178385,0.020841517,-0.016861046,-0.0127374055,-0.009540404,-0.0053436416,0.0049567265,0.00885192,0.012050894,0.017509032
2017-12-06,-0.003778394,-0.02005477,-0.017821474,-0.017080188,-0.01660114,-0.01586578,-0.014172881,-0.012619635,-0.010886764,-0.009264985,-0.007988067,-0.0078880675,-0.007690672,-0.007430823,-0.0056525255,-0.0055525256,-0.0032498029,-0.0031498028,0.005330279,0.005851504,0.0063616605,0.0068840347,0.0070015914,0.00733311,0.0076739714,0.007773971,0.007873971,0.008610082,0.00997916,0.014027177,0.015423553,0.017304132,0.018271767,0.01906412,0.020490674,-0.01690321,-0.012804891,-0.009633842,-0.005098545,0.0064202896,0.008949187,0.011752431,0.017261932
2017-12-07,9.5429255e-05,-0.020241763,-0.017833555,-0.017158631,-0.016658945,-0.015602928,-0.01403347,-0.012571572,-0.011093603,-0.009326925,-0.0077861384,-0.0076861386,-0.007586139,-0.007486139,-0.0069027976,-0.005428903,-0.0039082514,-0.002449869,0.005879828,0.0059798276,0.006508684,0.006592769,0.0070706094,0.0072642127,0.0073642125,0.007700229,0.008217506,0.008603242,0.01099261,0.014048817,0.015329815,0.017598426,0.018466119,0.019170873,0.02075728,-0.01687413,-0.012836841,-0.009597098,-0.0052751917,0.006465064,0.008937421,0.012065658,0.017381042
2017-12-08,-0.0029412818,-0.020096371,-0.017921092,-0.017223196,-0.016704071,-0.015719136,-0.014239453,-0.012319128,-0.010532825,-0.008839656,-0.008001562,-0.00790846,-0.00780846,-0.007668337,-0.0068943207,-0.005839217,-0.0051812762,-0.0043996186,0.0039981417,0.0046142517,0.0047142515,0.00498852,0.0055524376,0.0070167454,0.0075788028,0.0077353423,0.008136205,0.009062855,0.012385506,0.014495489,0.015537575,0.017494813,0.01840732,0.019157223,0.02064769,-0.016936023,-0.012630852,-0.009650128,-0.0060445787,0.0051787933,0.008772573,0.012497475,0.017466556
2017-12-11,0.0034076937,-0.020189216,-0.018010043,-0.017259954,-0.01665998,-0.015886398,-0.014296994,-0.012457409,-0.010847319,-0.008811035,-0.0077935574,-0.0077025522,-0.0076025524,-0.0073825424,-0.006758378,-0.0044604014,-0.0035732996,-0.003381871,0.0047628335,0.0048628333,0.005185021,0.0055835824,0.0056835823,0.0068354174,0.0074534724,0.007971939,0.008120685,0.009366464,0.012187891,0.014759135,0.015523676,0.017549276,0.018564723,0.019182784,0.020768039,-0.017008526,-0.012734542,-0.009584593,-0.0051753004,0.0055695483,0.008923308,0.012599779,0.017556582
2017-12-12,-0.0055538043,-0.019972937,-0.017885854,-0.017199218,-0.016707558,-0.015492323,-0.01424444,-0.012345568,-0.011150272,-0.009631617,-0.008255989,-0.007724282,-0.0075517157,-0.0065716864,-0.0058070384,-0.00438841,-0.0032614854,-0.0031614853,0.003432501,0.0036173146,0.0037940363,0.0048038564,0.0057842466,0.006546511,0.0074989353,0.007598935,0.007727165,0.0089911185,0.012589483,0.013974654,0.015603635,0.017717278,0.018610192,0.019258074,0.020829545,-0.016860623,-0.012914223,-0.00955482,-0.00486854,0.004629329,0.008579093,0.012378523,0.017476637
2017-12-13,0.0024161774,-0.020083029,-0.017986566,-0.017287012,-0.016708668,-0.015838608,-0.014308176,-0.011995296,-0.010723104,-0.008915519,-0.0080322595,-0.007505135,-0.006890896,-0.006790896,-0.0059355726,-0.0051337536,-0.004932582,-0.0047606956,0.002846619,0.003161772,0.0043518543,0.0065663317,0.0072234743,0.0076924264,0.0077924263,0.007949165,0.008223094,0.009285795,0.0124113755,0.014723988,0.015421657,0.017437125,0.01838383,0.019100064,0.02066416,-0.016985008,-0.012645823,-0.009349066,-0.005653548,0.0049438006,0.009374969,0.012605617,0.017469397
2017-12-14,0.0016825508,-0.020114556,-0.01802344,-0.017277315,-0.01673663,-0.015857931,-0.014958788,-0.012538618,-0.011066592,-0.009231016,-0.008346847,-0.007858747,-0.00768976,-0.007231444,-0.006458279,-0.004799331,-0.004302105,-0.0034814388,0.002421917,0.0026687502,0.0035977522,0.005651392,0.0059034,0.0073192785,0.0080199605,0.00811996,0.00821996,0.008627034,0.012856213,0.014536665,0.015560283,0.017355287,0.018381424,0.019122053,0.020504143,-0.017138269,-0.013014466,-0.0098586865,-0.00537998,0.0044719544,0.008901267,0.012524259,0.017415687
2017-12-15,-0.0011830135,-0.020114679,-0.017986601,-0.017275516,-0.016728926,-0.01583308,-0.015400498,-0.013987281,-0.011762681,-0.0101709915,-0.009069244,-0.009010173,-0.008457215,-0.007515453,-0.0071328543,-0.005649496,-0.0047849766,-0.004304766,0.0048511745,0.005398748,0.005497432,0.006231441,0.007819564,0.008575268,0.009118482,0.009218481,0.009287897,0.010229003,0.011810152,0.014627105,0.015633525,0.017764544,0.01866509,0.019309511,0.02080916,-0.017212758,-0.013719395,-0.010441018,-0.006176453,0.0062194555,0.010093885,0.01292385,0.01762877
2017-12-18,0.004086819,-0.020323856,-0.018149773,-0.017361676,-0.016825158,-0.015918612,-0.014079749,-0.011811508,-0.010780725,-0.008952396,-0.0080959555,-0.007642415,-0.0071636825,-0.006625355,-0.0058588954,-0.0044710557,-0.0028864476,-0.0021903242,0.005178061,0.005702424,0.0064794733,0.0071005784,0.007200578,0.007279019,0.007576186,0.007676186,0.008160659,0.008809473,0.011168218,0.014282692,0.015394507,0.017336741,0.018409876,0.019186782,0.020776045,-0.01705943,-0.012597211,-0.009349094,-0.004609828,0.0064073442,0.00904959,0.012166184,0.017395353
2017-12-19,-0.00018626862,-0.02023003,-0.01791692,-0.017185515,-0.016704554,-0.015797978,-0.014861906,-0.012662967,-0.010747966,-0.009675765,-0.007979349,-0.007255986,-0.0067671533,-0.005742538,-0.0054907333,-0.004255306,-0.0035768407,-0.0034768407,0.003927457,0.0047746026,0.0050245496,0.0054759313,0.0056238063,0.0068707317,0.007086012,0.0074190763,0.00807816,0.00851533,0.010848291,0.01421987,0.015427853,0.017643705,0.01852477,0.019247672,0.020754904,-0.017102277,-0.013026824,-0.009219782,-0.0048111416,0.005257711,0.008529763,0.012037284,0.0174588
2017-12-20,0.006191735,-0.020237152,-0.01797381,-0.017184963,-0.016702717,-0.015873862,-0.014239206,-0.012571457,-0.010742996,-0.008989888,-0.008246078,-0.007345041,-0.007278913,-0.0070181666,-0.0057039396,-0.0052263625,-0.003579537,-0.003499703,0.0034902014,0.004197903,0.0045915577,0.0056490544,0.0061528725,0.0072484645,0.007252204,0.007851996,0.008318596,0.008629705,0.012743239,0.0141620925,0.015552739,0.017391616,0.018383214,0.019100368,0.020628292,-0.017005349,-0.012745703,-0.009505073,-0.0050709164,0.005036184,0.008809026,0.012447369,0.01736702
2017-12-21,-0.0018952321,-0.020002028,-0.017902367,-0.017185474,-0.016631313,-0.015755538,-0.014265211,-0.012042679,-0.011109515,-0.009014004,-0.008206414,-0.0075146216,-0.0069997683,-0.0064917104,-0.0060316,-0.0048063705,-0.0034043393,-0.0031225686,0.005770865,0.006093142,0.006105211,0.0066114254,0.007108205,0.0074795424,0.008052048,0.008152048,0.008252048,0.008628851,0.01278152,0.014387941,0.015665185,0.017680261,0.018527415,0.019248694,0.0208569,-0.016911292,-0.012723376,-0.009414524,-0.0049759,0.006526538,0.009151317,0.012515554,0.017567797
2017-12-22,-0.0021818543,-0.020224692,-0.01802706,-0.01727102,-0.016734404,-0.015873982,-0.014203814,-0.012563486,-0.010718691,-0.008791211,-0.008096883,-0.0077286996,-0.0070404205,-0.0064104074,-0.0060675745,-0.0033869904,-0.0033086168,-0.0028135763,0.0044426606,0.004522059,0.004622059,0.005420108,0.0059928964,0.00711737,0.007862883,0.0079628825,0.008062882,0.008757984,0.011680133,0.014300801,0.015532805,0.017320428,0.018141551,0.018988842,0.020504698,-0.01701279,-0.012709645,-0.009294042,-0.0046610916,0.005373954,0.008826387,0.01218867,0.017329514
2017-12-27,0.005063291,-0.019861655,-0.017743059,-0.017124943,-0.016657295,-0.015775403,-0.014250233,-0.012440418,-0.010989211,-0.008911204,-0.0082932,-0.0075999144,-0.0070394822,-0.0065891366,-0.005883447,-0.004657639,-0.0039323997,-0.0028511493,0.0047332644,0.0049391426,0.0050391424,0.0059393537,0.0060332497,0.006829556,0.0073667015,0.0074667013,0.0076784287,0.008746632,0.011016672,0.013780842,0.01537554,0.01724741,0.018194195,0.01915276,0.02050624,-0.016857529,-0.012743202,-0.0094322525,-0.0049849097,0.005603521,0.008571397,0.011883354,0.017212559
2017-12-28,0.0035686938,-0.020195495,-0.017956395,-0.017237578,-0.016709879,-0.01589944,-0.014329003,-0.012400912,-0.011028947,-0.009182382,-0.00802155,-0.007840566,-0.007443522,-0.0068344204,-0.005483406,-0.00502506,-0.0040664026,-0.0036181987,0.0028664998,0.0034885583,0.0035885584,0.004820661,0.0054103434,0.005789544,0.0062836884,0.0077355965,0.007986261,0.00907077,0.012666525,0.014473781,0.015515898,0.017300796,0.018118061,0.01893306,0.020471543,-0.017018044,-0.012835765,-0.009531489,-0.005206727,0.004209593,0.008496007,0.01246308,0.017339015
2017-12-29,0.006059144,-0.020250509,-0.017884927,-0.01719717,-0.016680054,-0.01568864,-0.014069241,-0.012247406,-0.011089458,-0.00897312,-0.007506738,-0.0070332917,-0.0068814065,-0.0063164635,-0.0056280536,-0.0045410814,-0.00314464,-0.00304464,0.003300665,0.003400665,0.003900203,0.0052681477,0.0066555734,0.007164455,0.0072646374,0.007364637,0.007972208,0.008734328,0.012777885,0.014039185,0.015558623,0.017493393,0.018449437,0.019142697,0.020771703,-0.016914673,-0.012715278,-0.009172661,-0.0046783416,0.0046268636,0.008791635,0.012394609,0.01740112
2018-01-02,0.0029349185,-0.020174468,-0.017947696,-0.017240306,-0.01673197,-0.015880309,-0.014562799,-0.012249057,-0.011038422,-0.009014524,-0.008020972,-0.0071182176,-0.007018218,-0.006282982,-0.005102341,-0.0041352017,-0.00321031,-0.0022618112,0.0021204797,0.0032023871,0.0035597142,0.0054559233,0.0070155715,0.0071155713,0.007964882,0.008064882,0.008164882,0.008739457,0.012654715,0.0140554,0.015352355,0.01743039,0.018360797,0.019113954,0.020393625,-0.01705945,-0.0128210215,-0.009384679,-0.004365576,0.0044606775,0.008998176,0.01239505,0.017269144
2018-01-03,-0.0018426713,-0.02020387,-0.01785621,-0.017103238,-0.016611801,-0.015819935,-0.014086004,-0.012331544,-0.010103888,-0.008783518,-0.007838494,-0.007137561,-0.0070375614,-0.0068296622,-0.0053199427,-0.0049672173,-0.003981237,-0.0030588794,0.0017531795,0.0028999783,0.0047566295,0.0060142744,0.0070146797,0.0076987743,0.007798774,0.007957968,0.008057968,0.008699035,0.012514413,0.014673547,0.015614045,0.017454578,0.018425532,0.019096056,0.020329416,-0.016915565,-0.012481639,-0.009179122,-0.004892967,0.004644567,0.0092088,0.012474099,0.017433528
2018-01-04,0.004292916,-0.02020571,-0.0180859,-0.017364442,-0.016833853,-0.015783733,-0.0142082255,-0.011970881,-0.011086903,-0.00955384,-0.008730529,-0.0076302486,-0.0072661084,-0.00692747,-0.0059321253,-0.0042551826,-0.0030395656,-0.0022142804,0.0027546047,0.003439524,0.005140194,0.006289882,0.006999228,0.007328367,0.0074283667,0.0075283665,0.0079243,0.008602955,0.011853048,0.01429659,0.015501445,0.017430827,0.018342687,0.019089675,0.020617245,-0.017023483,-0.012836859,-0.009643847,-0.0046142805,0.0050105145,0.008951101,0.012203915,0.017387155
2018-01-05,-0.0032060149,-0.02013089,-0.017870212,-0.017200664,-0.016703576,-0.015883382,-0.014557165,-0.011949862,-0.011067316,-0.009707939,-0.008730231,-0.007950387,-0.0070415405,-0.0069415406,-0.006731543,-0.004459543,-0.0031711012,-0.001967354,0.0017860436,0.0027824754,0.004674243,0.0067511224,0.007159342,0.007444533,0.0075686397,0.00786541,0.00796541,0.008510207,0.011489869,0.01436338,0.015346183,0.017386915,0.018293308,0.019104373,0.020723974,-0.017029043,-0.012896588,-0.009667559,-0.0048559858,0.004712505,0.009068574,0.012124434,0.017384965
2018-01-08,-0.0050663385,-0.020216204,-0.017867342,-0.017133744,-0.016647277,-0.015570284,-0.014091848,-0.01229462,-0.011095485,-0.009845917,-0.008704891,-0.008166333,-0.007595408,-0.0068870536,-0.0068660565,-0.0054496033,-0.0046602585,-0.0035255062,0.0025206185,0.0030266473,0.0046206713,0.0065661334,0.006748912,0.0069624726,0.007884874,0.007984874,0.008084874,0.0089251185,0.012648199,0.014371005,0.015451061,0.017599965,0.018492289,0.01929317,0.020746186,-0.016878592,-0.012892324,-0.009674937,-0.005733551,0.0049237893,0.008998476,0.012504297,0.017492276
2018-01-09,-0.0038088113,-0.020203881,-0.017953862,-0.017235324,-0.016711093,-0.01589737,-0.014329419,-0.011940884,-0.010744588,-0.009510706,-0.008773387,-0.007754442,-0.007654442,-0.007162358,-0.006886747,-0.004349286,-0.0037741195,-0.003392852,0.0020417867,0.0021417867,0.003274678,0.005218784,0.0053187837,0.0060483105,0.0070735016,0.007499989,0.0075181685,0.008926739,0.012566311,0.014550113,0.015488382,0.017651368,0.018554796,0.019255614,0.020649586,-0.017019125,-0.012752185,-0.00973284,-0.0052314894,0.0039501074,0.008468786,0.012423226,0.017519012
2018-01-10,0.0044328165,-0.020098675,-0.017976094,-0.017206399,-0.016668765,-0.015780443,-0.014099393,-0.011862142,-0.010695414,-0.009880715,-0.0088473335,-0.00852223,-0.008234361,-0.0076536243,-0.006748139,-0.0056338008,-0.0036261785,-0.0031438805,0.0037480677,0.0043370486,0.004809788,0.0055474276,0.0058009927,0.0068608252,0.0074497564,0.007669766,0.0077526215,0.0091456175,0.012384403,0.0139382705,0.015482107,0.017389856,0.018418068,0.019171495,0.020786237,-0.016924674,-0.012748812,-0.009906026,-0.0055348454,0.005178418,0.008683095,0.012327796,0.017353594
2018-01-11,0.0055425777,-0.020197215,-0.017993825,-0.0172384,-0.016703427,-0.01580647,-0.014330416,-0.012108649,-0.010951621,-0.0092308605,-0.008114322,-0.0075141145,-0.007281896,-0.0071796346,-0.0062066154,-0.0044849706,-0.0038876303,-0.0029156103,0.00063564867,0.0013669531,0.0042323214,0.0059242235,0.0071322876,0.008870281,0.009581135,0.0096811345,0.009781134,0.009881134,0.012719781,0.014582606,0.015655149,0.017729694,0.018591218,0.019250318,0.020787971,-0.01700627,-0.012771991,-0.009571577,-0.005001788,0.004348056,0.010029489,0.013111174,0.017601147
2018-01-12,0.008141449,-0.020183833,-0.018000262,-0.017272515,-0.01674814,-0.016001897,-0.015551859,-0.014483836,-0.013666396,-0.012226922,-0.011385965,-0.010809221,-0.0107092215,-0.010609222,-0.010474879,-0.008957165,-0.00830376,-0.00820376,0.0039998363,0.0051404876,0.0064032697,0.007943278,0.008909192,0.009276259,0.009828237,0.011651978,0.011751978,0.011851978,0.012768092,0.013811909,0.015321282,0.01728449,0.01836179,0.019117001,0.020790724,-0.017297197,-0.014640306,-0.012384532,-0.009349757,0.0066630216,0.011100263,0.013709148,0.017265081
2018-01-15,0.009189693,-0.020294957,-0.01809092,-0.017313043,-0.016799863,-0.015685348,-0.014909116,-0.01353815,-0.011963566,-0.010783774,-0.00982886,-0.009712335,-0.009031304,-0.008389713,-0.0061388807,-0.0047337497,-0.0036000097,-0.002349989,0.0044462928,0.0052149813,0.005731927,0.007130447,0.007985885,0.008805108,0.010224928,0.0108735785,0.010973578,0.011722747,0.013014724,0.01397117,0.015545644,0.01734818,0.018333837,0.019096434,0.020688362,-0.01715604,-0.01370153,-0.010824512,-0.0053069927,0.006549715,0.010671698,0.013603212,0.017329957
2018-01-16,-0.0024969873,-0.020208506,-0.018070852,-0.017339036,-0.016807456,-0.015687332,-0.013619757,-0.012220294,-0.011454863,-0.010522429,-0.0093433065,-0.008865556,-0.007998776,-0.007898776,-0.0065926434,-0.004762132,-0.004267321,-0.003168295,0.004960725,0.005533608,0.005735512,0.007240191,0.0077024167,0.008975972,0.009847016,0.009947016,0.010047016,0.010732656,0.011732956,0.013936643,0.015565374,0.017104177,0.01814549,0.018986732,0.020367134,-0.01687878,-0.013031276,-0.010063095,-0.005531189,0.0066634105,0.010258941,0.012918952,0.017192012
2018-01-17,0.0010726512,-0.020257154,-0.018111683,-0.017354103,-0.016805705,-0.015765803,-0.015053409,-0.012951412,-0.011701257,-0.010969163,-0.010833473,-0.009795705,-0.009695705,-0.009681783,-0.008966751,-0.0073374305,-0.0065012984,-0.004799533,0.0050273873,0.0059427544,0.006990301,0.008877578,0.009748905,0.0112885805,0.011732052,0.011832052,0.012129491,0.012229491,0.012329491,0.013985166,0.015545864,0.01756088,0.018528508,0.019216897,0.02069283,-0.01719875,-0.013605868,-0.011393125,-0.0074801436,0.0077140145,0.011816839,0.0138404295,0.017400328
2018-01-18,-0.00030839708,-0.020036386,-0.017995011,-0.017249715,-0.01675514,-0.015266901,-0.014516238,-0.013084805,-0.011805032,-0.011362481,-0.010926427,-0.010434737,-0.009716262,-0.009573231,-0.009119483,-0.005408226,-0.004692859,-0.0021826457,0.006054094,0.0063447724,0.007117651,0.007645227,0.00908444,0.010698279,0.010913219,0.01098642,0.011015849,0.011115849,0.013422931,0.014141605,0.015628861,0.017610501,0.018508734,0.01928003,0.020841336,-0.016913936,-0.013603655,-0.011307439,-0.0063675903,0.0076149926,0.011205318,0.013640994,0.017500468
2018-01-19,-0.0014329447,-0.020123433,-0.01793706,-0.017222544,-0.016734488,-0.015355403,-0.014510368,-0.013223345,-0.012389994,-0.011006085,-0.010965454,-0.01060983,-0.0100834705,-0.00984033,-0.0091190385,-0.0060099396,-0.0042668767,-0.0031086958,0.0046645133,0.005981903,0.007207418,0.008765439,0.010083074,0.01311489,0.01369692,0.014145014,0.01471052,0.01481052,0.01491052,0.01501052,0.016167132,0.017495137,0.018122088,0.018877607,0.020407766,-0.01693215,-0.013670467,-0.011557924,-0.006622876,0.008063239,0.013432804,0.015512833,0.017591631
2018-01-22,0.0026374,-0.020067137,-0.017844727,-0.017101603,-0.016607275,-0.01598338,-0.014272918,-0.01251653,-0.01241653,-0.011570061,-0.010943508,-0.010784294,-0.010328308,-0.009555021,-0.008759538,-0.006422856,-0.0050784657,-0.004043309,0.005041573,0.0071757208,0.009619361,0.010588597,0.011165322,0.011265322,0.013846674,0.015406603,0.01584782,0.01594782,0.01604782,0.01614782,0.01624782,0.017618956,0.018383749,0.019083055,0.020643229,-0.016955087,-0.013575529,-0.011503257,-0.007017693,0.009254385,0.013986577,0.016475007,0.017948175
2018-01-23,0.0032203982,-0.020176448,-0.017961958,-0.017232528,-0.01673296,-0.015694264,-0.013955607,-0.012187963,-0.011149921,-0.009835203,-0.009735203,-0.009459803,-0.008874595,-0.00857791,-0.0071906284,-0.005284884,-0.0045975354,-0.0034742816,0.0050632963,0.006183005,0.0064307987,0.007080011,0.008523623,0.011084555,0.011721405,0.013043664,0.013574385,0.013674385,0.013774385,0.014718672,0.016189136,0.017610671,0.018328974,0.01905593,0.020598752,-0.016904246,-0.012872244,-0.010458647,-0.006001427,0.007295703,0.0122089805,0.014814159,0.017634634
2018-01-24,0.0071491404,-0.020219255,-0.017887121,-0.01720046,-0.016704151,-0.015494428,-0.01355849,-0.011868562,-0.010957141,-0.010613531,-0.009477416,-0.009025892,-0.008642089,-0.008519555,-0.007682041,-0.0053924164,-0.004248985,-0.002884745,0.005228582,0.0059725675,0.0071750646,0.007180606,0.0102767125,0.011484444,0.013778474,0.016534818,0.016634818,0.017983994,0.018083993,0.018183993,0.018283993,0.018383993,0.018483993,0.019136522,0.020476935,-0.016772691,-0.012839638,-0.010230939,-0.005846816,0.007867059,0.014892792,0.017874157,0.018893087
2018-01-25,0.009889314,-0.02014393,-0.017916912,-0.017181024,-0.016685445,-0.015913328,-0.01495381,-0.013003741,-0.011850235,-0.011750235,-0.011650235,-0.010710844,-0.010065552,-0.008759076,-0.0075799986,-0.005648271,-0.004972793,-0.004292158,0.0050409557,0.0062737125,0.007127691,0.008648918,0.008774493,0.01266014,0.013063064,0.013236641,0.01434914,0.015254536,0.015354536,0.015454535,0.015969692,0.017755738,0.018567275,0.019263782,0.020776743,-0.017122686,-0.0137478085,-0.011455782,-0.006640813,0.008030867,0.013076069,0.015796004,0.017844098
2018-01-26,-0.005838988,-0.020179706,-0.017954245,-0.017268846,-0.016723773,-0.015920801,-0.015031655,-0.0137870135,-0.013319253,-0.012833883,-0.0117011955,-0.011601196,-0.011501196,-0.010403467,-0.009303876,-0.0072886636,-0.006723171,-0.0056175715,0.0031394677,0.0041610356,0.0053917742,0.0071244007,0.008792469,0.009213099,0.010577545,0.010733743,0.012439894,0.012539893,0.014043132,0.015038009,0.016495328,0.017628754,0.018414142,0.019141842,0.020451874,-0.017162036,-0.0144481305,-0.012391353,-0.008106896,0.0060788444,0.011263443,0.014495013,0.017751161
2018-01-29,-0.0060553555,-0.020214658,-0.01802868,-0.017313175,-0.016775139,-0.015616958,-0.015118156,-0.0135791255,-0.0131242,-0.012991062,-0.012891063,-0.011986088,-0.011886088,-0.011786088,-0.011089769,-0.009230064,-0.008218713,-0.0076710614,0.004691645,0.0064412463,0.0074030333,0.0097139925,0.01006464,0.012301437,0.0123464605,0.012718926,0.012839203,0.013154398,0.013994231,0.0150733795,0.016447771,0.017870974,0.01869287,0.019393148,0.020904915,-0.017150719,-0.014425144,-0.012961119,-0.009639139,0.008119276,0.012662557,0.014750818,0.017938036
2018-01-30,0.004340504,-0.02024659,-0.018057693,-0.017327204,-0.016774837,-0.015690206,-0.014000431,-0.012162242,-0.011608451,-0.0116040055,-0.0111459335,-0.010032342,-0.009865283,-0.009765283,-0.009079413,-0.007621814,-0.0063519217,-0.005902107,0.0065891705,0.0069780434,0.0073271613,0.008597241,0.010398217,0.011419514,0.011554866,0.011654866,0.011754866,0.012170395,0.0128434375,0.014666331,0.015817402,0.017681157,0.018511828,0.019078255,0.020544402,-0.016953949,-0.013340468,-0.011277077,-0.007797519,0.0082092965,0.012061865,0.013989371,0.01755751
2018-01-31,0.003695747,-0.020159964,-0.017913574,-0.017200604,-0.016683113,-0.015487552,-0.014240417,-0.013569342,-0.012480818,-0.012268279,-0.011649117,-0.011402571,-0.011035403,-0.010935403,-0.009435709,-0.008138175,-0.0074958,-0.006549112,0.005038687,0.0060465233,0.007203586,0.007879349,0.008559601,0.010313317,0.011088666,0.011194754,0.01201544,0.0122820735,0.013800361,0.014903575,0.01646459,0.017767545,0.01857635,0.019186502,0.020581467,-0.016896924,-0.013951892,-0.0120682325,-0.008604273,0.007451362,0.011450665,0.01431556,0.017780736
2018-02-01,0.0010471226,-0.020153478,-0.017895566,-0.017145261,-0.016630251,-0.015602554,-0.0141010545,-0.011954352,-0.011564425,-0.01072636,-0.010168419,-0.010068419,-0.009627269,-0.009062841,-0.008573376,-0.00662653,-0.0065265303,-0.005813738,0.003379135,0.003587502,0.005416371,0.0076767136,0.0077767135,0.009638239,0.01108979,0.0119071165,0.012131992,0.0128820315,0.013715273,0.014952444,0.015990777,0.017580085,0.018302195,0.018974405,0.020339698,-0.016876582,-0.01309829,-0.010904802,-0.0075217187,0.006229902,0.011431308,0.014396787,0.017567482
2018-02-02,-0.0026701214,-0.02002466,-0.017625734,-0.017004058,-0.016532594,-0.015767915,-0.014857601,-0.013049054,-0.012626015,-0.012470612,-0.012384648,-0.012007961,-0.0110732345,-0.009918452,-0.0089648785,-0.0074529583,-0.0064551444,-0.0054758415,0.0057744486,0.007370114,0.007669775,0.008606194,0.00922372,0.010793932,0.011315362,0.011657489,0.011693883,0.0120325405,0.013172815,0.014762329,0.016283218,0.017733036,0.018558608,0.019177053,0.020821448,-0.0169617,-0.014001468,-0.01217199,-0.008071357,0.008147178,0.011694002,0.014044034,0.017755415
2018-02-05,-0.00128339,-0.02004507,-0.017937988,-0.017239444,-0.016704032,-0.015622779,-0.014889691,-0.012953639,-0.012389839,-0.012232633,-0.011572672,-0.010941147,-0.010841147,-0.0099199535,-0.00902674,-0.0064825253,-0.0052564563,-0.0041905884,0.003227952,0.003327952,0.004619667,0.00630191,0.008134674,0.0095916595,0.010879519,0.010962329,0.01113065,0.012115942,0.012654262,0.0147168115,0.01595898,0.01765919,0.018546993,0.019150347,0.020779092,-0.017039914,-0.01394105,-0.01192266,-0.007179491,0.0056713996,0.011104283,0.013832931,0.017652884
2018-02-06,-0.006109583,-0.020145122,-0.017936451,-0.01723078,-0.01671304,-0.015514726,-0.013993745,-0.011720451,-0.011436465,-0.010965512,-0.010011892,-0.009784473,-0.00963367,-0.009043343,-0.007926704,-0.0065910458,-0.006103445,-0.0055107037,0.004200964,0.0042576776,0.0052339765,0.0054368884,0.007405654,0.008170515,0.009051843,0.00929443,0.00986447,0.010215533,0.012385861,0.014588959,0.015898636,0.017443174,0.018232577,0.018901298,0.020513162,-0.016860615,-0.013069391,-0.010823823,-0.0071832747,0.0056362697,0.009935019,0.01305748,0.017469045
2018-02-07,-0.004168457,-0.020051675,-0.01786869,-0.017196944,-0.01669591,-0.015651148,-0.01550509,-0.014604731,-0.01380653,-0.01321044,-0.012831208,-0.01255899,-0.012028377,-0.011123258,-0.010654815,-0.00859746,-0.0076009096,-0.0069404203,0.0073365266,0.007599504,0.0079960255,0.008334554,0.009819024,0.010021762,0.010657701,0.011002355,0.0115925195,0.011750158,0.01318555,0.014574477,0.01597595,0.017646147,0.018462302,0.019229274,0.020774035,-0.017154504,-0.014864747,-0.0130588915,-0.009270519,0.008384863,0.011433555,0.013913001,0.017639976
2018-02-08,-0.0026656229,-0.021037271,-0.018624295,-0.017672978,-0.01699551,-0.01544674,-0.0135727,-0.012522551,-0.011555491,-0.011054867,-0.010332346,-0.009840474,-0.00942708,-0.00932708,-0.008374204,-0.006058264,-0.005768104,-0.005668104,0.0060144756,0.0063930075,0.00651225,0.00726611,0.0073661096,0.009594177,0.010339192,0.010451968,0.011413585,0.012293819,0.013093702,0.01465435,0.016036114,0.017684234,0.018469272,0.019119062,0.02077914,-0.017135303,-0.013275718,-0.01084294,-0.00714183,0.0073050065,0.010872085,0.013984946,0.01765458
2018-02-09,-0.00096087647,-0.021198072,-0.018686296,-0.017727626,-0.017107492,-0.016456056,-0.015572868,-0.014949371,-0.014875068,-0.014532382,-0.013575121,-0.013475121,-0.013375121,-0.013066644,-0.011782843,-0.008723135,-0.0073390915,-0.0047888868,0.005211913,0.0072190687,0.0081208525,0.010688514,0.010788514,0.011524458,0.01260942,0.01270942,0.0131410835,0.013241083,0.013341083,0.014883484,0.016380237,0.017686736,0.018477168,0.019221444,0.020635013,-0.017804157,-0.015531463,-0.014092964,-0.0092218155,0.008769954,0.012629392,0.014616782,0.017761383
2018-02-12,0.0023363212,-0.021138981,-0.018602347,-0.017608922,-0.017005833,-0.016454436,-0.0145275565,-0.014427557,-0.013589533,-0.013489533,-0.013125014,-0.013025014,-0.012925014,-0.01215483,-0.0100394925,-0.0092337625,-0.008729162,-0.0067561753,0.0057433336,0.0072271996,0.008138697,0.009421578,0.01010308,0.01169849,0.012363773,0.012463773,0.013054119,0.013463108,0.013563108,0.014668064,0.016053472,0.017797021,0.018617436,0.019279107,0.020754974,-0.01754583,-0.014728621,-0.01326439,-0.009556721,0.008578916,0.0124793025,0.014673168,0.017710527
2018-02-13,0.0065799723,-0.021201212,-0.018712932,-0.01777358,-0.01710497,-0.015869768,-0.013692483,-0.012240285,-0.011670292,-0.0112106595,-0.01111066,-0.010523906,-0.009884083,-0.008910978,-0.008070385,-0.007069779,-0.0060364227,-0.005398414,0.004711558,0.005021697,0.0061839423,0.008619262,0.008719262,0.010421816,0.01077062,0.010966901,0.011005462,0.011436987,0.012414877,0.0145888375,0.01629291,0.017620372,0.018434888,0.019190116,0.020588996,-0.017316272,-0.01331746,-0.011053699,-0.0074197813,0.007061416,0.01122676,0.01357621,0.017656246
2018-02-14,0.0035983974,-0.021116845,-0.018528381,-0.017641092,-0.017050793,-0.015699625,-0.014063046,-0.012458372,-0.011217498,-0.01075256,-0.010095079,-0.009665906,-0.008802442,-0.008264084,-0.007987727,-0.006175809,-0.005480774,-0.0049189897,0.0051105036,0.0058348137,0.006074266,0.006174266,0.0071809525,0.010221709,0.010893762,0.010993762,0.011012073,0.01132071,0.012710484,0.0145282615,0.016233854,0.017614515,0.018379979,0.019006168,0.020376442,-0.017291738,-0.013226514,-0.01048843,-0.0068458416,0.0068175225,0.010849078,0.013590301,0.017551849
2018-02-15,0.005992747,-0.021133875,-0.018540388,-0.017604388,-0.016988927,-0.016595315,-0.0156085715,-0.015508572,-0.014754508,-0.014654508,-0.013144203,-0.013124575,-0.012855635,-0.012406037,-0.011286259,-0.009462219,-0.00821748,-0.00811748,0.004442597,0.0052641015,0.0075004087,0.008474583,0.009165558,0.009898105,0.011924998,0.012943975,0.0130439745,0.013143974,0.013954267,0.014602092,0.01663881,0.017572498,0.018443566,0.01918479,0.020696068,-0.017773416,-0.015626108,-0.013753791,-0.010041603,0.0075213374,0.011950741,0.014637575,0.017738853
2018-02-16,-0.0023510165,-0.021315672,-0.018661007,-0.017695257,-0.017064303,-0.01649199,-0.014971125,-0.014410146,-0.012653926,-0.012577308,-0.0124159595,-0.011606903,-0.011506903,-0.010793181,-0.0101882685,-0.007156853,-0.007010046,-0.006168355,0.004889739,0.0066880025,0.0072443886,0.0089531625,0.009074662,0.01061509,0.0115650995,0.011903963,0.012530002,0.012630002,0.013653099,0.014780875,0.016338294,0.017722558,0.018463476,0.019200604,0.02075025,-0.01770082,-0.014461553,-0.01246822,-0.008426085,0.007868079,0.011800918,0.014411491,0.017758518
2018-02-19,-0.0041316594,-0.021046087,-0.018476386,-0.017603721,-0.017016798,-0.015917653,-0.014129376,-0.012273677,-0.01169287,-0.011301655,-0.010475661,-0.010375661,-0.009892221,-0.009653374,-0.008517172,-0.006442299,-0.006135999,-0.0052864836,0.005707129,0.00679325,0.008172924,0.0082729235,0.008372923,0.01102471,0.011989873,0.012506809,0.013145501,0.013245501,0.01338424,0.014587658,0.016266882,0.017657764,0.018451631,0.019172786,0.020778107,-0.01731726,-0.013400259,-0.011168701,-0.007351523,0.0081872195,0.011947521,0.014562907,0.017692639
2018-02-20,-0.0044890665,-0.021272061,-0.018589849,-0.017707355,-0.017081656,-0.015875198,-0.014082667,-0.013059568,-0.012397007,-0.01203354,-0.010815485,-0.010312173,-0.010212173,-0.009459532,-0.009126213,-0.0068876315,-0.0067876317,-0.0059494404,0.0049801464,0.0057497653,0.00651194,0.007744003,0.008165734,0.010462499,0.010562499,0.010565327,0.011752383,0.011852383,0.012461287,0.0147053255,0.016309008,0.017555403,0.018386234,0.019208563,0.02074759,-0.017380286,-0.013856026,-0.011393373,-0.007812617,0.007109671,0.011150254,0.013831523,0.017705178
2018-02-21,-0.0017537978,-0.021086838,-0.01867454,-0.017720629,-0.017029403,-0.015533372,-0.014610228,-0.012998862,-0.011818706,-0.011786415,-0.011315979,-0.011082571,-0.010035063,-0.009182074,-0.008484486,-0.008040948,-0.007012415,-0.005966385,0.00614996,0.0071083033,0.008395684,0.01103422,0.011289402,0.011823656,0.013680055,0.014144712,0.014439484,0.015112391,0.015212391,0.01531239,0.016363127,0.017773671,0.018546492,0.019237889,0.020681638,-0.017386874,-0.013786969,-0.01139241,-0.008117361,0.009273645,0.01353651,0.01572463,0.017873744
2018-02-22,0.00020696624,-0.021085583,-0.018644936,-0.017638154,-0.017004767,-0.015921824,-0.013916791,-0.01217767,-0.011268651,-0.011044519,-0.010541485,-0.010441485,-0.010115326,-0.009359492,-0.009277645,-0.009088381,-0.008702691,-0.0073803775,0.0036712992,0.005412908,0.0065057403,0.0072846985,0.0073846984,0.009461461,0.00956146,0.00966146,0.00976146,0.00986146,0.012937902,0.014771129,0.0163012,0.017593812,0.018437298,0.019081812,0.020702895,-0.01731478,-0.013209157,-0.0110403495,-0.008978116,0.0064872215,0.010228042,0.013153849,0.01769017
2018-02-23,-0.0018662727,-0.021007981,-0.018493254,-0.017554339,-0.016936125,-0.016565805,-0.014576779,-0.013967913,-0.013012069,-0.011746518,-0.0116465185,-0.011546519,-0.011361056,-0.010825323,-0.01068655,-0.00964089,-0.008530503,-0.008084559,0.003223485,0.005128172,0.0059080175,0.0060080173,0.0074617825,0.009368052,0.011067308,0.011589471,0.011689471,0.011789471,0.012756871,0.01459916,0.016255116,0.017564857,0.018394886,0.019152768,0.020836174,-0.01751599,-0.014171523,-0.01228435,-0.009697804,0.006267,0.010961587,0.013845971,0.017681615
2018-02-26,-0.0007320258,-0.021237735,-0.018741412,-0.017734969,-0.017106611,-0.015886642,-0.013965644,-0.012325163,-0.011232096,-0.01037914,-0.01027914,-0.010179141,-0.010033896,-0.009933896,-0.0098338965,-0.009466054,-0.008618938,-0.008207881,0.004112692,0.004508858,0.0053209304,0.007279638,0.009296955,0.010671491,0.010771491,0.01087149,0.011447061,0.011547061,0.012825693,0.014463901,0.016262121,0.01763044,0.018394632,0.019071713,0.02047865,-0.017387608,-0.013127403,-0.011088935,-0.009261182,0.0063987216,0.01137018,0.01373567,0.017581364
2018-02-27,-0.004197109,-0.02077642,-0.018399214,-0.017582582,-0.017012507,-0.015468049,-0.013971043,-0.012739797,-0.011065075,-0.010965075,-0.0108188875,-0.0107398275,-0.010066042,-0.009849507,-0.008701752,-0.0066756224,-0.0055747116,-0.005474712,0.0025776797,0.002820298,0.0040779314,0.005018567,0.0060256375,0.008114568,0.008405626,0.00893269,0.009631412,0.009964278,0.012645242,0.014803289,0.015949484,0.01766936,0.018422896,0.01914237,0.020716228,-0.017125446,-0.013264714,-0.011154111,-0.007433325,0.0045800204,0.009568092,0.013093424,0.017656146
2018-02-28,-0.0034847911,-0.02086294,-0.018424181,-0.017588185,-0.017013669,-0.015909856,-0.014067003,-0.012331011,-0.011103746,-0.010444878,-0.0103447735,-0.010119998,-0.010113169,-0.010064977,-0.009549056,-0.008505684,-0.008469161,-0.0070406934,0.004689133,0.0060077207,0.007217582,0.008006882,0.010478093,0.011511956,0.011611956,0.0119389575,0.012038957,0.012626091,0.013411488,0.01464054,0.016185919,0.017528823,0.018350402,0.018963423,0.020376284,-0.01725553,-0.0131069645,-0.0111387335,-0.008736918,0.0075066546,0.0122391265,0.014213495,0.017538998
2018-03-01,-0.0015796204,-0.02117813,-0.018602671,-0.017650325,-0.0170283,-0.015886588,-0.014203641,-0.0126361195,-0.011265822,-0.010753129,-0.010407619,-0.009611809,-0.007358825,-0.0067840805,-0.0058890637,-0.0042798608,-0.0032167786,-0.0029552747,0.0045209858,0.0059607034,0.006309231,0.0069371676,0.008517497,0.009874859,0.010809961,0.010909961,0.011430991,0.011596691,0.012770029,0.014384891,0.016366914,0.017756144,0.018536517,0.019187888,0.020677488,-0.017379865,-0.013301807,-0.010003997,-0.0051905573,0.0069076098,0.01105678,0.013743823,0.017674666
2018-03-02,0.010822528,-0.021146867,-0.018680139,-0.017647129,-0.01703612,-0.01587176,-0.013760495,-0.012098394,-0.011047035,-0.010960729,-0.010647068,-0.009865967,-0.009765967,-0.009490209,-0.008519681,-0.007091948,-0.006991948,-0.0057875677,0.003753128,0.0039400933,0.004719437,0.006526244,0.008668045,0.010261797,0.010796279,0.011020819,0.011120819,0.011220818,0.012779501,0.014960544,0.01621496,0.01753921,0.018426131,0.019126264,0.020613343,-0.017299077,-0.013102757,-0.010942155,-0.007651422,0.005947036,0.011226405,0.013701564,0.017690863
2018-03-05,0.0015017943,-0.021024356,-0.018399557,-0.017520973,-0.016901849,-0.016428435,-0.014654451,-0.014414829,-0.01219424,-0.011391517,-0.011274469,-0.011156565,-0.009873401,-0.009681327,-0.006460316,-0.0042996034,-0.0030674108,-0.002936537,0.0047402196,0.005276161,0.0062682047,0.0065055992,0.00791816,0.009275988,0.01045907,0.010683445,0.011242068,0.011405206,0.01256538,0.014553282,0.016416373,0.017767202,0.01861712,0.01934022,0.020844217,-0.01748173,-0.014035201,-0.0115355775,-0.0055840863,0.006649851,0.010767216,0.013676611,0.017784258
2018-03-06,0.0056823045,-0.02080833,-0.018251702,-0.01741297,-0.01682561,-0.015815893,-0.013989072,-0.012077643,-0.011557911,-0.010821133,-0.009693614,-0.009593614,-0.008953973,-0.007931074,-0.006600293,-0.005017476,-0.004151972,-0.0036034526,0.0041362313,0.0045986646,0.004922915,0.006300397,0.008076149,0.010175024,0.011262375,0.011362375,0.011462375,0.011562374,0.012481221,0.014712674,0.015988154,0.017574774,0.018473076,0.01916255,0.020712389,-0.017138122,-0.013171745,-0.010425129,-0.0057933615,0.0062441165,0.011177719,0.0137383435,0.01763011
2018-03-07,0.00039917504,-0.021034695,-0.018500524,-0.017546818,-0.016938275,-0.01588375,-0.013897828,-0.011928736,-0.011119824,-0.010685741,-0.010156794,-0.009976067,-0.009876067,-0.008345225,-0.0068460205,-0.004523267,-0.0034099044,-0.003397589,0.0045263516,0.0052725505,0.0063051023,0.0073904893,0.008660982,0.00999819,0.010224142,0.0108367335,0.011537933,0.011922782,0.012932591,0.01470217,0.016305339,0.017507149,0.018301977,0.01910881,0.020480476,-0.017251013,-0.013035789,-0.010679148,-0.0056305695,0.0067437277,0.011224171,0.013879491,0.017620789
2018-03-08,-0.0060956753,-0.021203026,-0.018654369,-0.017731434,-0.017087394,-0.015868872,-0.014217804,-0.012410472,-0.0112476535,-0.010270613,-0.010136456,-0.009608862,-0.009234946,-0.008131765,-0.0059577646,-0.0039759474,-0.0033629977,-0.0024864564,0.004602614,0.0052477317,0.0054900614,0.0073600058,0.009902045,0.010666931,0.011227059,0.011327059,0.011427059,0.011527059,0.012885541,0.014667637,0.015946245,0.017706333,0.018515976,0.019188123,0.020604702,-0.017406294,-0.0131755965,-0.010593725,-0.005078405,0.0067854943,0.011618147,0.013804655,0.017622607
2018-03-09,-0.00069583143,-0.021027183,-0.01856936,-0.017671762,-0.017024867,-0.01660255,-0.016202752,-0.015238488,-0.013987633,-0.013887634,-0.012949027,-0.011490854,-0.011006573,-0.010321716,-0.010133788,-0.0086075775,-0.007964857,-0.0065784,0.0063111447,0.0077091767,0.008583531,0.008927649,0.009449623,0.009794028,0.010157439,0.010973291,0.011002283,0.011551164,0.012937445,0.014547189,0.01644634,0.017789964,0.018604167,0.019207017,0.020648552,-0.017885342,-0.015397653,-0.01289354,-0.008955096,0.008337788,0.0112630585,0.013728449,0.017727813
2018-03-12,-9.335533e-05,-0.02108532,-0.018544884,-0.017599748,-0.01701024,-0.015880877,-0.013968548,-0.012479695,-0.011606094,-0.010873239,-0.010129615,-0.009922196,-0.009006164,-0.008761785,-0.008009721,-0.007630092,-0.005927465,-0.0045880927,0.005643682,0.0058022495,0.0062031997,0.0076124244,0.008830736,0.010812484,0.01102473,0.01112473,0.01122473,0.011327241,0.01293947,0.014941305,0.016380617,0.017713318,0.01862943,0.019304628,0.02071602,-0.017297974,-0.013305465,-0.010694441,-0.0072155134,0.0072572576,0.011407299,0.013812435,0.017811175
2018-03-13,0.0064836703,-0.02102765,-0.018361557,-0.017523648,-0.016953925,-0.015368421,-0.013810098,-0.011708155,-0.011242056,-0.01075308,-0.010116544,-0.009873134,-0.0095896255,-0.009163495,-0.009047212,-0.0069368826,-0.006172882,-0.0055125593,0.0029067849,0.004056208,0.0055006673,0.006580697,0.007124025,0.00851908,0.009409501,0.009509501,0.009671841,0.010474688,0.011629772,0.014500299,0.015912598,0.017615829,0.018305346,0.019009512,0.020562602,-0.017104331,-0.013007407,-0.010784363,-0.007508534,0.005690771,0.010025518,0.012916389,0.017520169
2018-03-14,-0.0029625045,-0.021101154,-0.018632773,-0.017677387,-0.017011419,-0.015854876,-0.01405914,-0.012076637,-0.011073438,-0.010668075,-0.009844084,-0.009818961,-0.009805951,-0.009705951,-0.009125709,-0.008260751,-0.006125901,-0.005949941,0.003363471,0.0046209903,0.005355191,0.007057358,0.00891586,0.010716991,0.01081699,0.01091699,0.01101699,0.011050326,0.012836389,0.014503006,0.016265634,0.017503647,0.01831429,0.019118452,0.020639557,-0.017331872,-0.013110936,-0.010897714,-0.007856252,0.0062427996,0.011220634,0.0135442,0.01760606
2018-03-15,-0.0033588146,-0.021112572,-0.018473364,-0.017592035,-0.016942164,-0.015792767,-0.013642156,-0.011794543,-0.011128148,-0.010844558,-0.010435663,-0.010335663,-0.010278727,-0.009687685,-0.008969274,-0.008406143,-0.008376696,-0.007372705,0.0039702132,0.0045142123,0.0060157594,0.0073233848,0.010509051,0.010586125,0.012901811,0.013001811,0.013101811,0.0137154125,0.01388679,0.01466599,0.015858743,0.017381413,0.018233748,0.01900022,0.020538006,-0.017192606,-0.013000287,-0.011034476,-0.008692096,0.006945076,0.012495678,0.01472075,0.017488873
2018-03-16,-0.0032235472,-0.021149045,-0.018766578,-0.017813945,-0.017176317,-0.015947053,-0.014111388,-0.012406348,-0.010854509,-0.009584643,-0.009564743,-0.00838682,-0.007939149,-0.007257362,-0.0071565975,-0.0051664445,-0.0035870795,-0.0032477083,0.004506755,0.005782379,0.006292095,0.007357369,0.007371233,0.008907732,0.009276479,0.009376478,0.009476478,0.010080346,0.012690132,0.014510397,0.016311914,0.017670361,0.018414246,0.019073637,0.020619756,-0.017430078,-0.012954166,-0.009945431,-0.0055089304,0.006643016,0.010049237,0.0130343195,0.017637212
2018-03-19,0.003888913,-0.021187805,-0.018446818,-0.01760304,-0.017012626,-0.01588806,-0.014127596,-0.012624085,-0.010560548,-0.010460548,-0.008940817,-0.008690462,-0.008590463,-0.008490463,-0.00773917,-0.0053557395,-0.004877321,-0.004429592,0.002501044,0.004516269,0.005496198,0.006820312,0.007581209,0.008369799,0.008549047,0.008993442,0.009093442,0.009711143,0.012446558,0.014599506,0.016495312,0.017784758,0.018517744,0.019197032,0.020581499,-0.01733258,-0.013075164,-0.010141978,-0.006218457,0.0055765742,0.00985102,0.012873678,0.017731622
2018-03-20,-0.0046811453,-0.021186918,-0.018646326,-0.017646775,-0.016975403,-0.015798192,-0.0135160955,-0.012352872,-0.010798857,-0.010698857,-0.008715043,-0.0077439155,-0.0076439157,-0.007259451,-0.006878562,-0.0042417063,-0.0029971416,-0.0028971415,0.0045853327,0.00578284,0.005951226,0.0067328326,0.007150516,0.008760092,0.009863518,0.009963518,0.010063518,0.010163518,0.01277824,0.014567154,0.016277624,0.017610746,0.018489363,0.019148463,0.020627046,-0.017224586,-0.013002691,-0.009586671,-0.0049516936,0.0065831495,0.01012096,0.013212359,0.017646205
2018-03-21,-0.0001833823,-0.020970037,-0.01847027,-0.017516645,-0.016926974,-0.015731936,-0.014079279,-0.012006953,-0.010721226,-0.010059991,-0.008742865,-0.008105871,-0.007867662,-0.0077676624,-0.0074052373,-0.003495806,-0.0026920235,-0.0023348194,0.003614315,0.0047912262,0.005829379,0.007177278,0.0075350357,0.00987837,0.011757513,0.011857512,0.011957512,0.012057512,0.012440119,0.014431511,0.015963176,0.017691502,0.018575177,0.019249447,0.02069558,-0.0172357,-0.012876819,-0.00983574,-0.004806751,0.006633942,0.011151988,0.013892366,0.017606243
2018-03-22,0.0034440039,-0.020832036,-0.018485062,-0.01759589,-0.016952947,-0.015866028,-0.013872439,-0.011976599,-0.0108666755,-0.009950065,-0.009549595,-0.009449525,-0.008432359,-0.00833236,-0.0070613683,-0.0048707593,-0.004302488,-0.0032843861,0.0030899106,0.0036033913,0.0043133697,0.005203647,0.0074169063,0.008804608,0.010865184,0.011607634,0.011908823,0.01259554,0.013154775,0.014655664,0.016318254,0.017716369,0.018499233,0.019206928,0.020694098,-0.017201701,-0.012852335,-0.010210685,-0.005793705,0.0054151006,0.011016071,0.014162807,0.017718263
2018-03-23,0.003907664,-0.02128315,-0.01865686,-0.017657492,-0.017008131,-0.015885036,-0.013524286,-0.0120211085,-0.010689054,-0.009926445,-0.008452223,-0.007952985,-0.0075427713,-0.007365581,-0.007348316,-0.005684788,-0.005011127,-0.0042397054,0.005289471,0.006319648,0.0074692704,0.008395643,0.008648422,0.0099406345,0.010040634,0.010377575,0.010640947,0.011626869,0.013322077,0.014476459,0.016326984,0.017506674,0.0182942,0.01905475,0.020471435,-0.017271493,-0.012763677,-0.0095147835,-0.0060473843,0.007502933,0.011013992,0.013672111,0.017567258
2018-03-26,0.0065527204,-0.021219369,-0.018674064,-0.017711185,-0.017087705,-0.01514225,-0.013945378,-0.012313964,-0.010884672,-0.009983489,-0.0093039,-0.0081474,-0.0080474,-0.0077154892,-0.0070301793,-0.005315163,-0.004681496,-0.0041893646,0.0029023506,0.004191523,0.0049918313,0.0063828775,0.009251403,0.010019462,0.010235695,0.010335695,0.010690831,0.010858632,0.012652027,0.0147935115,0.015998753,0.01772429,0.018479537,0.019156082,0.02070073,-0.017213752,-0.012967738,-0.009979368,-0.0058727204,0.005740856,0.0110517405,0.013494909,0.017674673
2018-03-27,-0.0025595224,-0.021071536,-0.018411206,-0.01753441,-0.016911102,-0.015780943,-0.013948405,-0.011929148,-0.0107981,-0.009964968,-0.008604417,-0.008504417,-0.007919418,-0.007041177,-0.006856318,-0.0054927235,-0.00397026,-0.003067056,0.0033550449,0.0042161504,0.0048760935,0.006218014,0.0072000227,0.0117742345,0.011874234,0.011974234,0.012229985,0.012384053,0.012866465,0.014451453,0.01575739,0.017655188,0.018393397,0.019064248,0.020649252,-0.017224638,-0.012835006,-0.009662303,-0.0055781547,0.0061079073,0.0115567995,0.01406507,0.017515507
2018-03-28,-0.004737881,-0.021279985,-0.018674549,-0.01776539,-0.017122628,-0.0159066,-0.013945022,-0.011790739,-0.010661111,-0.008888361,-0.007655921,-0.0073059923,-0.007105644,-0.006674022,-0.0061362083,-0.0055307075,-0.0034112327,-0.0027684895,0.004141712,0.005365524,0.0068186023,0.007577596,0.008678753,0.011057913,0.011157913,0.011257913,0.012165185,0.012265185,0.012365185,0.014653548,0.015974518,0.017618142,0.018434927,0.019096024,0.020528497,-0.017385755,-0.012610124,-0.009208344,-0.0050305263,0.0070122695,0.011582662,0.013976807,0.017574146
2018-03-29,-0.0050025117,-0.021092685,-0.018634764,-0.01759507,-0.016960546,-0.015852224,-0.014253098,-0.012217397,-0.011022822,-0.010466636,-0.009281101,-0.009181101,-0.009081101,-0.007859799,-0.00739204,-0.0055503366,-0.004575621,-0.0031107436,0.0042984164,0.004712433,0.0060126227,0.006051231,0.008428191,0.01117101,0.01127101,0.011464168,0.011564168,0.011664168,0.012640382,0.014872454,0.01607171,0.017814469,0.018600728,0.019308046,0.020871999,-0.017358664,-0.013111005,-0.010299584,-0.0059619686,0.0064691426,0.011519998,0.013868379,0.017787736
2018-04-03,-0.002181328,-0.021033121,-0.018379094,-0.017535333,-0.01695798,-0.015661987,-0.014186544,-0.011697041,-0.01088845,-0.009153837,-0.0077916,-0.0071406234,-0.0070636235,-0.0065797437,-0.005730206,-0.0047185556,-0.00345616,-0.0025217982,0.004736725,0.0053254324,0.0076194033,0.008420688,0.0091940565,0.009560493,0.011592851,0.012546342,0.012646342,0.0127463415,0.012846341,0.014678318,0.015977958,0.01755073,0.018433299,0.019068185,0.020488026,-0.017243747,-0.01269224,-0.009301992,-0.0047134687,0.00753902,0.01174511,0.014270129,0.017552644
2018-04-04,0.0024925582,-0.021037892,-0.018613579,-0.01764859,-0.017027568,-0.01546654,-0.013701995,-0.012041102,-0.010669628,-0.009409916,-0.008198513,-0.007679769,-0.0071854657,-0.0068785264,-0.0063048378,-0.004417392,-0.0029118403,-0.0018150393,0.005561269,0.0066780406,0.007579127,0.0076791267,0.008729743,0.01019711,0.010646533,0.012792514,0.012892514,0.012992513,0.013092513,0.0145633295,0.016324384,0.01762086,0.018418392,0.01910892,0.02058846,-0.017169515,-0.012694245,-0.009326825,-0.004625776,0.0076288194,0.011855042,0.014391853,0.01764119
2018-04-05,-0.005132394,-0.021227496,-0.01868514,-0.017689377,-0.017084396,-0.015887357,-0.014047119,-0.011517998,-0.010901142,-0.009704086,-0.00782813,-0.007165182,-0.0069077914,-0.006770805,-0.006004018,-0.0042702286,-0.0028958665,-0.002339118,0.0038711664,0.00558378,0.0076066176,0.0093221,0.009823244,0.011227543,0.012446767,0.012546767,0.012646766,0.012746766,0.012913973,0.014666961,0.015736153,0.01743492,0.018266467,0.018930938,0.02040879,-0.0173863,-0.0127719445,-0.009290998,-0.0045348825,0.0077660857,0.012202255,0.014248187,0.017435554
2018-04-06,0.003660825,-0.02116459,-0.018449588,-0.01758354,-0.017015375,-0.015877482,-0.014305349,-0.012273112,-0.010686169,-0.00891809,-0.0076584336,-0.0071946983,-0.0068067694,-0.0066763214,-0.006220467,-0.0048991223,-0.0039482033,-0.0030498374,0.004797724,0.004994037,0.0056546195,0.0064940276,0.007309491,0.007891268,0.0090434905,0.009663906,0.010459309,0.010559309,0.011634522,0.014575562,0.016310837,0.017541366,0.018400172,0.019168029,0.020647803,-0.017362477,-0.012753251,-0.009226608,-0.0050624656,0.00619678,0.009999907,0.013125775,0.01764872
2018-04-09,0.0036677667,-0.02091061,-0.018453527,-0.017615994,-0.016985988,-0.015906207,-0.013598134,-0.0115233045,-0.010963917,-0.008858688,-0.007880219,-0.007080959,-0.0068230755,-0.0066827866,-0.00599581,-0.005867001,-0.0050192857,-0.0038978267,0.0047785128,0.004936483,0.006116085,0.008026717,0.009295434,0.009974307,0.0109789,0.01151329,0.012186474,0.01336421,0.01346421,0.014630887,0.015864184,0.017467419,0.018198898,0.019017756,0.02052686,-0.017170891,-0.012512008,-0.009189626,-0.0055721765,0.0069673397,0.011755626,0.014368936,0.01750142
2018-04-10,0.0014864494,-0.021219807,-0.018618552,-0.01760515,-0.016952997,-0.015847323,-0.013872124,-0.0121943625,-0.010667358,-0.009019753,-0.007886419,-0.00738093,-0.007025084,-0.006461885,-0.0063001257,-0.00504782,-0.0044395006,-0.0030258491,0.004086725,0.0050847284,0.006719192,0.007352096,0.007953533,0.008267821,0.009714463,0.009814463,0.009914462,0.010014462,0.012770099,0.014901143,0.016353702,0.01765539,0.018453423,0.01909951,0.020547654,-0.01730216,-0.012671749,-0.009182574,-0.005238845,0.0065914406,0.010190284,0.013210717,0.01771148
2018-04-11,0.0037781536,-0.020944824,-0.018287199,-0.017474135,-0.016891912,-0.015852688,-0.01382837,-0.011790687,-0.010642288,-0.009115294,-0.008369692,-0.007611058,-0.0069840057,-0.006845572,-0.006316772,-0.0045836787,-0.0043775705,-0.004197811,0.004698853,0.004808394,0.006684291,0.007263038,0.009200377,0.009300377,0.009360002,0.010326931,0.010376969,0.011064314,0.012234416,0.014653425,0.015908219,0.017551279,0.018353034,0.019084435,0.020547446,-0.017160999,-0.012570155,-0.009333985,-0.005417378,0.0065629156,0.010909085,0.013336432,0.01754896
2018-04-12,-0.0053356346,-0.021039998,-0.018541208,-0.017663192,-0.017038194,-0.015848767,-0.014013565,-0.011833084,-0.010369055,-0.0088580875,-0.008653651,-0.0073036645,-0.0070303716,-0.0067738476,-0.006018145,-0.0046107373,-0.004320939,-0.0036171377,0.004571103,0.004706012,0.005163527,0.005750673,0.006422237,0.0068131825,0.0072914623,0.007391462,0.008220005,0.0088009965,0.011638544,0.014626511,0.01646148,0.017762039,0.018544773,0.019215338,0.020674188,-0.017296348,-0.012547398,-0.009368098,-0.0051741246,0.0054965555,0.008810878,0.012366165,0.017747913
2018-04-13,0.00023337104,-0.021084275,-0.01859364,-0.017643977,-0.01702168,-0.0155193,-0.013815444,-0.011865614,-0.0100067705,-0.008770527,-0.007706288,-0.007418733,-0.006777061,-0.0067063826,-0.0064555667,-0.004929976,-0.004040323,-0.003225692,0.004570884,0.0051459004,0.005533281,0.0059635737,0.006465375,0.0074157794,0.007515779,0.0076943333,0.008117526,0.008590408,0.011000669,0.0145092085,0.016250137,0.01746816,0.018230734,0.018891964,0.020566048,-0.017206868,-0.012420466,-0.009002389,-0.0052140583,0.0057458836,0.008935021,0.01208971,0.017537102
2018-04-16,0.0042136186,-0.021202264,-0.01851797,-0.017647812,-0.017004704,-0.015858136,-0.013971846,-0.012124624,-0.010738025,-0.00870463,-0.008300678,-0.007593022,-0.0071884557,-0.0066480627,-0.0064781425,-0.004859475,-0.004670238,-0.0043723932,0.0037823846,0.0046422407,0.0047422405,0.0058237533,0.0070038666,0.0071788295,0.0072788293,0.008633628,0.009386046,0.009486046,0.011005933,0.014749319,0.016311534,0.017580284,0.018320654,0.019061506,0.020459248,-0.017310984,-0.012637387,-0.009369413,-0.0055946545,0.0052538896,0.009410338,0.012589599,0.017632378
2018-04-17,-0.002269625,-0.021064078,-0.018723244,-0.017715145,-0.016625974,-0.01555125,-0.013845769,-0.012119944,-0.010880901,-0.008551006,-0.00776802,-0.007184491,-0.007084491,-0.0064423503,-0.0060372828,-0.0049172183,-0.004327037,-0.003564411,0.003422503,0.003522503,0.003622503,0.0048034913,0.0059740115,0.0073522865,0.007507661,0.0076076607,0.0077076606,0.009015203,0.012749456,0.014785442,0.016054774,0.017815083,0.018602027,0.019310214,0.02088837,-0.017162064,-0.012622553,-0.009204307,-0.005206088,0.004575732,0.008946921,0.012571958,0.017770777
2018-04-18,0.0028513728,-0.021131283,-0.018501163,-0.017624455,-0.016993342,-0.015365365,-0.013946873,-0.011926142,-0.010718739,-0.0090405885,-0.007933729,-0.0078337295,-0.0074332743,-0.0073332745,-0.006813256,-0.0054689525,-0.0048831743,-0.0035925836,0.0042241546,0.0045491992,0.004649199,0.0054271636,0.006056934,0.006677541,0.00799442,0.00809442,0.00819442,0.008400979,0.012118015,0.014583513,0.016365709,0.01773704,0.01830786,0.019228894,0.020784594,-0.017187607,-0.012651359,-0.009473178,-0.0057183392,0.0053688274,0.008762678,0.012320956,0.01773995
2018-04-19,-0.0035523153,-0.021126863,-0.018569073,-0.017654011,-0.016978916,-0.015874902,-0.013923084,-0.012300231,-0.010976169,-0.0089533385,-0.008572668,-0.0074734953,-0.0073734955,-0.007329316,-0.0066622826,-0.005535494,-0.0045848917,-0.0039187595,0.0042709652,0.0043555195,0.0043651788,0.0058670756,0.0060789045,0.007016579,0.007452143,0.007997321,0.008097321,0.008537855,0.011348745,0.014557939,0.016433014,0.017781207,0.018594127,0.019279104,0.02072712,-0.017294567,-0.012761367,-0.0096349465,-0.005634985,0.0052621765,0.008837719,0.012227198,0.017755676
2018-04-20,-0.0044154665,-0.021086117,-0.018604131,-0.01769097,-0.017029144,-0.01579781,-0.013985952,-0.011293576,-0.010712428,-0.008867921,-0.008065324,-0.007819647,-0.007719647,-0.0076235808,-0.0068380986,-0.005166734,-0.0044865003,-0.0037324785,0.004891861,0.004991861,0.005091861,0.005742547,0.006421445,0.007397149,0.007497149,0.007597149,0.007777348,0.008376641,0.01087742,0.014608873,0.01620757,0.017613495,0.018422846,0.019099219,0.020449277,-0.017300632,-0.01251017,-0.009621386,-0.005608692,0.005643056,0.008880252,0.012012625,0.017595688
2018-04-23,-0.005453765,-0.021121005,-0.018619549,-0.017705174,-0.0170763,-0.015877161,-0.013232569,-0.011325835,-0.009711301,-0.00875856,-0.0077783405,-0.0076783407,-0.007578341,-0.007478341,-0.006541041,-0.006092996,-0.005076619,-0.0050571547,0.0027327228,0.003056166,0.004181053,0.0059511554,0.007295962,0.008249024,0.008349024,0.008449024,0.008549023,0.008649023,0.012788342,0.014661691,0.015689392,0.017398678,0.018168302,0.018896706,0.020407215,-0.017185317,-0.012146687,-0.009155778,-0.00608923,0.0048540244,0.009460946,0.012563276,0.017410737
2018-04-24,0.001051428,-0.021069422,-0.018599411,-0.017655488,-0.016807044,-0.015818981,-0.01346205,-0.011609095,-0.010659672,-0.008505537,-0.008228125,-0.00757096,-0.0074709603,-0.0073709604,-0.0072709606,-0.005714982,-0.0045056865,-0.003992521,0.004047606,0.004147606,0.004247606,0.0056609022,0.006430851,0.006815291,0.007560584,0.007660584,0.008011396,0.008489516,0.011754742,0.01438159,0.016363936,0.017723672,0.018514633,0.019154493,0.02061726,-0.017151382,-0.0123783685,-0.009438354,-0.0058110217,0.005132861,0.008755567,0.012230376,0.01764819
2018-04-25,-0.0041938834,-0.020787396,-0.018343987,-0.017419038,-0.01685644,-0.015222241,-0.013219646,-0.011494102,-0.010611538,-0.008781033,-0.008068318,-0.0073349876,-0.0070798188,-0.0069526704,-0.0064457473,-0.0048965802,-0.0046549146,-0.0033962184,0.0023117485,0.0031276094,0.0037710972,0.006236764,0.006941299,0.007594351,0.0076807593,0.007683835,0.007921756,0.0085463,0.01134081,0.014522641,0.016340733,0.0176721,0.018508606,0.019210007,0.020493818,-0.016885942,-0.012305072,-0.009186398,-0.0053456896,0.0046255956,0.009057686,0.012168022,0.017647859
2018-04-26,-0.005199618,-0.021154743,-0.018671852,-0.017729606,-0.017107245,-0.015914382,-0.013598749,-0.011925001,-0.010148077,-0.008831956,-0.007978905,-0.007428757,-0.0071324413,-0.0067837136,-0.0064352085,-0.0038722,-0.0031525313,-0.0028186503,0.003650267,0.004738686,0.005251365,0.006008282,0.0067227073,0.0073051797,0.008337782,0.008437782,0.008537781,0.008637781,0.010102662,0.014661768,0.015928123,0.017597577,0.018430913,0.019074265,0.020695595,-0.017289395,-0.012446678,-0.009128377,-0.004741469,0.005597276,0.009153044,0.012074182,0.017591465
2018-04-27,-0.00047685156,-0.02089569,-0.018578302,-0.01759833,-0.017004672,-0.0164326,-0.014552201,-0.012468426,-0.011546885,-0.009486281,-0.008971903,-0.008466905,-0.00796656,-0.0077495263,-0.007397378,-0.006484137,-0.0050378363,-0.004021168,0.0052713105,0.0055816597,0.0062937303,0.007788195,0.008320243,0.010010281,0.0101102805,0.01021028,0.01031028,0.01041028,0.013027587,0.014799024,0.01637317,0.01769,0.018535856,0.019192293,0.020746347,-0.017492693,-0.013130425,-0.010157416,-0.006281485,0.0070090354,0.010750022,0.013416606,0.017760167
2018-04-30,-0.0028451874,-0.020986374,-0.0183968,-0.017571509,-0.016976874,-0.015509817,-0.014116717,-0.01167752,-0.010818535,-0.008884378,-0.00823881,-0.0075496323,-0.006955757,-0.0069212317,-0.006610452,-0.005369454,-0.0051112506,-0.0049464134,0.0035503288,0.0037804372,0.0047596106,0.0059194406,0.008168602,0.009106564,0.009747007,0.009847007,0.009947007,0.010192078,0.0125995325,0.014636142,0.01609991,0.017512765,0.018412327,0.019000452,0.020586325,-0.017197317,-0.012613731,-0.00941021,-0.00591744,0.005551365,0.010390079,0.013157417,0.017567119
2018-05-02,-0.008818399,-0.021232788,-0.018690398,-0.017768132,-0.01715519,-0.015925067,-0.014161709,-0.011798893,-0.01087512,-0.008857334,-0.008786302,-0.007855329,-0.007245215,-0.007067412,-0.0065115546,-0.0053831143,-0.0044783256,-0.0044140844,0.0035694384,0.0042304634,0.004440957,0.0055264994,0.006391829,0.006957825,0.0070948354,0.007319967,0.0077773747,0.008619208,0.01193762,0.0145231085,0.015910795,0.017575251,0.018332517,0.019062197,0.020582935,-0.017433029,-0.012692237,-0.009627151,-0.005728482,0.004972439,0.008762388,0.012237966,0.017530859
2018-05-03,0.00026735733,-0.021187233,-0.018527456,-0.017635792,-0.017034037,-0.015473486,-0.013343349,-0.011522757,-0.011162162,-0.009150913,-0.009050913,-0.008974072,-0.008874072,-0.008774072,-0.008768814,-0.0072736004,-0.0067324988,-0.006291637,0.0023051538,0.003124669,0.005034024,0.0065532527,0.008093761,0.009136432,0.009513394,0.009613394,0.009713394,0.011090433,0.012901102,0.014789823,0.016381929,0.017722638,0.01844322,0.019139646,0.020515157,-0.017113112,-0.012562995,-0.010240914,-0.0076081245,0.0053060986,0.010544769,0.013387593,0.01770984
2018-05-04,-0.0020990053,-0.02120998,-0.01848093,-0.01758009,-0.016962925,-0.016367273,-0.0152590275,-0.015058151,-0.01344815,-0.012328735,-0.011717118,-0.011376455,-0.011148902,-0.010531546,-0.010118153,-0.009590791,-0.00848714,-0.0068593565,0.0050294898,0.005607497,0.007899527,0.009741066,0.009988224,0.010795173,0.011552146,0.0115736425,0.011673642,0.011922474,0.011957859,0.014822766,0.01641729,0.017769469,0.01853217,0.019318806,0.020866305,-0.017656026,-0.014734832,-0.012420949,-0.009286379,0.007965946,0.011820456,0.013781781,0.017838927
2018-05-07,-0.0015708619,-0.02127015,-0.01871125,-0.017775053,-0.017159365,-0.01615944,-0.015206906,-0.013093029,-0.011699007,-0.010742915,-0.010642915,-0.010542915,-0.009426345,-0.009326345,-0.009234542,-0.009134542,-0.007998336,-0.0067200447,0.0047730124,0.0056064706,0.006551109,0.006981053,0.008021412,0.009741818,0.010803968,0.010903968,0.0112351,0.0113351,0.013063373,0.014478302,0.015990822,0.017739698,0.018484034,0.01917233,0.020550637,-0.017701421,-0.013703382,-0.011260304,-0.008726075,0.0069431225,0.010896119,0.0137191815,0.017586358
2018-05-08,-0.00538686,-0.021192443,-0.01864573,-0.01774545,-0.017107435,-0.01581402,-0.013991447,-0.011803185,-0.011087868,-0.009736516,-0.009141375,-0.0090413755,-0.008425391,-0.008325391,-0.007639886,-0.005794788,-0.003338282,-0.0026833783,0.003853334,0.0056957803,0.0060887416,0.0066352794,0.007802307,0.008275115,0.009467463,0.009567463,0.00957628,0.009714423,0.012811854,0.014762847,0.016496498,0.017810486,0.018588716,0.019238554,0.020743422,-0.017350215,-0.012872892,-0.010194294,-0.0056995424,0.0063481196,0.010024431,0.013090824,0.017810361
2018-05-09,-0.00091294263,-0.021150976,-0.018606892,-0.017699799,-0.017075965,-0.015875716,-0.013736407,-0.0118096825,-0.011214602,-0.00947613,-0.009274896,-0.008982404,-0.008640139,-0.0085401395,-0.0082717845,-0.0071770884,-0.0070770886,-0.0065444647,0.0053113597,0.0059632775,0.0073663876,0.008525406,0.010078775,0.010370259,0.012828247,0.0129282465,0.013028246,0.013365761,0.014236827,0.014699555,0.01588639,0.017684639,0.01853809,0.019132476,0.02064391,-0.017289191,-0.012787324,-0.010281237,-0.007610566,0.007998935,0.01228852,0.014773697,0.017609395
2018-05-10,0.0038170035,-0.021045642,-0.018403161,-0.017507141,-0.0169329,-0.015815808,-0.014155138,-0.012253854,-0.011146365,-0.009499641,-0.009048917,-0.008603644,-0.008503644,-0.008403644,-0.00781768,-0.006650863,-0.0046461886,-0.004555722,0.0025802893,0.0038040613,0.0057566203,0.008699221,0.009996425,0.013255077,0.013355077,0.013662305,0.01525444,0.01535444,0.015454439,0.015554439,0.015839277,0.017677618,0.01845891,0.019190919,0.020698456,-0.01727053,-0.012912428,-0.010251543,-0.0064548193,0.0068390532,0.013564537,0.016015332,0.017792141
2018-05-11,0.004551633,-0.021202914,-0.01879603,-0.017762743,-0.017105043,-0.016515272,-0.01479154,-0.013416446,-0.011149228,-0.010530659,-0.009413578,-0.009313578,-0.009166002,-0.008164205,-0.0060047945,-0.0031997885,-0.0018456186,-0.0009200378,0.0064301183,0.0074118283,0.007559413,0.009047489,0.010268667,0.012420386,0.012941272,0.01344857,0.013929716,0.014029716,0.014129716,0.014479873,0.016142262,0.017578071,0.018380301,0.019029282,0.02037749,-0.017682161,-0.013530123,-0.010536911,-0.0042567635,0.008678025,0.012929442,0.014989865,0.017521396
2018-05-14,0.0019977605,-0.021078007,-0.018584961,-0.017601585,-0.016942548,-0.015424182,-0.013998682,-0.011600258,-0.0110077085,-0.010186546,-0.0099367425,-0.009836743,-0.009736743,-0.009636743,-0.008348318,-0.0067957006,-0.0058342153,-0.0055091525,0.0030115652,0.0043631303,0.004873246,0.0072300634,0.008192517,0.010396712,0.010496712,0.010596712,0.011646191,0.011752607,0.012784934,0.014570692,0.016334819,0.017589778,0.018477181,0.01912105,0.020477157,-0.017205674,-0.012878956,-0.010863324,-0.0072648255,0.0059949434,0.0111018475,0.01384632,0.0176187
2018-05-15,-0.009358623,-0.021075303,-0.018581355,-0.017701037,-0.017056767,-0.015398194,-0.013520651,-0.011485999,-0.010996077,-0.009930206,-0.009830207,-0.009730207,-0.009630207,-0.009338074,-0.008116005,-0.0065092547,-0.0061740857,-0.0049995105,0.0041455324,0.005081559,0.0057468913,0.007273248,0.0073355837,0.009445966,0.01055551,0.011955113,0.0122559015,0.012355901,0.012455901,0.014878497,0.01635088,0.017592216,0.018537486,0.019204408,0.020617066,-0.017126452,-0.012726794,-0.010663043,-0.0071058124,0.006560548,0.011194212,0.014096737,0.017728614
2018-05-16,-0.006486034,-0.021054942,-0.018342638,-0.017478505,-0.016901346,-0.015794287,-0.014053009,-0.011609043,-0.010678809,-0.009818124,-0.009370351,-0.009270351,-0.009170352,-0.009070352,-0.008272756,-0.0069609387,-0.005039336,-0.0048552346,0.0050209514,0.0060313856,0.0061313855,0.009063434,0.009553858,0.011495315,0.012147066,0.013378888,0.013580793,0.013680792,0.013780792,0.014658063,0.016410114,0.017786026,0.018554699,0.01924706,0.020684583,-0.017229244,-0.012727497,-0.010468574,-0.006879723,0.007678844,0.012553384,0.014851028,0.01775717
2018-05-17,0.0008395487,-0.021068828,-0.018628478,-0.017722216,-0.017101623,-0.016698208,-0.014968561,-0.013258878,-0.0122978585,-0.011975488,-0.01176436,-0.010644206,-0.009784897,-0.008202416,-0.007329279,-0.0027445727,-0.0015239762,-0.0014355646,0.005477271,0.006639279,0.007396947,0.008051207,0.010525103,0.010625103,0.012359826,0.012459826,0.013180477,0.014514042,0.014614042,0.014714042,0.01595344,0.017591503,0.018264424,0.01903124,0.020315817,-0.01769314,-0.014044601,-0.011403618,-0.0047355196,0.007984906,0.012567623,0.015057405,0.017521208
2018-05-18,-0.0018390215,-0.021269895,-0.01861943,-0.017651998,-0.017053131,-0.015513269,-0.013291866,-0.011524452,-0.010984721,-0.010884721,-0.010692228,-0.010182567,-0.010082567,-0.0096502835,-0.009502486,-0.0068154177,-0.006715418,-0.005925809,0.0049059247,0.0057146656,0.0072188512,0.008103158,0.008783207,0.010605632,0.010610396,0.011235755,0.011393572,0.012762162,0.0134959305,0.0148279285,0.016011186,0.017811459,0.018560028,0.019229157,0.020647572,-0.01714952,-0.012867552,-0.010940333,-0.007828339,0.007310599,0.011642938,0.014207925,0.01770546
2018-05-21,-0.0006392525,-0.02101845,-0.018603085,-0.017714195,-0.017081238,-0.015904099,-0.013657112,-0.011435894,-0.011217579,-0.011117579,-0.01101758,-0.010549005,-0.010449005,-0.010349005,-0.009781478,-0.007663267,-0.007479252,-0.006887197,0.003172753,0.0038362632,0.004944435,0.0067425175,0.0075447597,0.008046233,0.009709903,0.009809903,0.010027385,0.010127385,0.011260443,0.014763898,0.016349807,0.017660957,0.018234665,0.019072128,0.020437684,-0.017252797,-0.013028473,-0.011338056,-0.008472039,0.0056811743,0.010058436,0.012882756,0.017656896
2018-05-22,0.0013799343,-0.021075463,-0.018518576,-0.01764242,-0.016994579,-0.015880484,-0.013696505,-0.011788144,-0.011110836,-0.011087462,-0.0109874625,-0.009347075,-0.009216742,-0.00864306,-0.0056553315,-0.0033732497,-0.0022778122,-0.0016985808,0.005629837,0.006210161,0.0070474446,0.0071474444,0.0072474442,0.008265016,0.008597511,0.008977501,0.009844057,0.0100984275,0.012395326,0.014386919,0.015962142,0.017624984,0.01825324,0.019142766,0.020544115,-0.017233122,-0.013065073,-0.01073092,-0.00447041,0.0069264793,0.009795061,0.012995595,0.017532185
2018-05-23,-0.0077693784,-0.021324828,-0.018689672,-0.017730122,-0.017052464,-0.015940944,-0.013517772,-0.011809829,-0.01098001,-0.01088001,-0.01078001,-0.009304823,-0.008509877,-0.008409877,-0.0048941206,-0.002428084,-0.0023280839,-0.0022280838,0.004244848,0.0052709216,0.0054340283,0.0069356966,0.008934753,0.010831678,0.010848659,0.010933179,0.011326034,0.011366608,0.011985177,0.014446216,0.016219024,0.01760508,0.018507425,0.01910907,0.020695196,-0.017305136,-0.012983548,-0.0104395095,-0.0042366395,0.006546831,0.011302486,0.013526291,0.017614916
2018-05-24,0.0030655488,-0.021170108,-0.018748086,-0.017801441,-0.017166233,-0.016550632,-0.015104119,-0.013598341,-0.011544433,-0.011444434,-0.010582012,-0.010482012,-0.0086554615,-0.0071243644,-0.0070243645,-0.0041549923,-0.0031863176,-0.0030863176,0.0041697724,0.005137222,0.0058815577,0.0059815575,0.0076875663,0.010243005,0.010343005,0.010683142,0.011189558,0.01132612,0.012779063,0.014523227,0.01620429,0.01751765,0.018266793,0.019013131,0.020699585,-0.017747838,-0.013898554,-0.0106020775,-0.0055868006,0.0063026226,0.010892612,0.013616952,0.017591577
2018-05-25,-0.005411611,-0.021304619,-0.018691318,-0.017739639,-0.01708865,-0.015481455,-0.013942082,-0.01218952,-0.01208952,-0.011672005,-0.011572005,-0.010133463,-0.010033463,-0.009758895,-0.009328716,-0.008012696,-0.0062503214,-0.0048503214,0.0037853948,0.0058014295,0.006655541,0.0069476687,0.008017277,0.009692962,0.011135549,0.011235549,0.011534584,0.012176581,0.012884058,0.014670612,0.015757956,0.017515637,0.018314961,0.019139498,0.020565813,-0.017301625,-0.013526553,-0.011479193,-0.0077151037,0.0068651163,0.011158596,0.013916159,0.017529903
2018-05-28,-0.0031768,-0.021236362,-0.018742014,-0.017778395,-0.01706591,-0.015476896,-0.01406397,-0.011513935,-0.011149109,-0.010441538,-0.010182702,-0.009427527,-0.009071903,-0.0064933747,-0.006393375,-0.0030107498,-0.0029107498,-0.0028107497,0.0034703987,0.0038824903,0.0056744525,0.007010708,0.00733848,0.009604672,0.010847505,0.011066675,0.012620497,0.012720496,0.013298876,0.014740156,0.015980087,0.017723827,0.018567229,0.019279398,0.020642027,-0.01731703,-0.01298939,-0.010192212,-0.00491063,0.006177111,0.011094096,0.014389451,0.0176731
2018-05-29,-0.006704312,-0.021267682,-0.01880837,-0.017798992,-0.017148543,-0.01552186,-0.013811718,-0.011724574,-0.011074657,-0.010717367,-0.010359697,-0.009263406,-0.009005619,-0.008905619,-0.0064149816,-0.004538595,-0.0044841347,-0.004097651,0.003356026,0.00403059,0.005467307,0.006633547,0.0078012273,0.00899508,0.00916905,0.009269049,0.009361721,0.009568033,0.012128678,0.014718266,0.016449507,0.017763807,0.018562302,0.019214865,0.020703532,-0.017311634,-0.013025461,-0.010631463,-0.0057597538,0.005731304,0.010070331,0.012867799,0.017769996
2018-05-30,0.009746089,-0.021100016,-0.01863026,-0.017627347,-0.017028872,-0.015968107,-0.014795666,-0.013324171,-0.011942449,-0.011363039,-0.011325585,-0.01077674,-0.0106947925,-0.009340828,-0.008656503,-0.006539441,-0.005209983,-0.004039671,0.0038136314,0.004180065,0.0057197455,0.0073771924,0.008742543,0.010293904,0.010393904,0.011057454,0.011251571,0.01162761,0.0131099615,0.014648338,0.016011715,0.017673504,0.018445717,0.019233014,0.02075674,-0.017504584,-0.013810533,-0.011619864,-0.007044467,0.0062969076,0.01127397,0.01381664,0.017664662
2018-05-31,0.00041786983,-0.021050327,-0.018434476,-0.017546983,-0.016942192,-0.016012242,-0.015675418,-0.014633644,-0.0132432645,-0.012284162,-0.012016438,-0.01166002,-0.0113247875,-0.010226158,-0.010164169,-0.007914856,-0.006678061,-0.005926987,0.005248363,0.0061828457,0.0073917527,0.009075446,0.009219833,0.011615406,0.011653856,0.011671769,0.012157301,0.012850227,0.013677914,0.015372904,0.015959261,0.017566685,0.018432595,0.01906682,0.020551456,-0.01762293,-0.014676695,-0.012497214,-0.008468819,0.007910453,0.012146028,0.014498187,0.017703425
2018-06-01,0.0007795568,-0.021156682,-0.018644063,-0.017645424,-0.01699304,-0.01645558,-0.016271183,-0.014894484,-0.014329613,-0.013510626,-0.012573714,-0.012473715,-0.011569517,-0.011119258,-0.009457689,-0.0092075765,-0.0077840034,-0.0069098915,0.0062887073,0.0080772815,0.009914314,0.010383715,0.010552242,0.011778007,0.01248934,0.012490771,0.012590771,0.0130125685,0.013607859,0.015361118,0.01662494,0.017705709,0.018532727,0.019169835,0.02066242,-0.01790411,-0.015330265,-0.013172656,-0.009166575,0.009430671,0.012638941,0.014621009,0.017904805
2018-06-04,0.0014760656,-0.021106433,-0.018727476,-0.017798457,-0.017171405,-0.015952582,-0.015228646,-0.013996924,-0.012341713,-0.01223271,-0.01171521,-0.01161521,-0.01082798,-0.009936238,-0.009355547,-0.008402896,-0.006494058,-0.005631183,0.0051006335,0.0053081596,0.00625123,0.007612888,0.009011862,0.010415468,0.010820439,0.0114564365,0.011600591,0.011910042,0.012965928,0.014521249,0.015761236,0.017496794,0.018333513,0.019145958,0.020613953,-0.017637309,-0.014319691,-0.012009958,-0.008299779,0.0070186704,0.011463012,0.013866263,0.017507838
2018-06-05,-0.0019707137,-0.021251114,-0.018633025,-0.01773361,-0.017071597,-0.015504072,-0.013199277,-0.012257336,-0.011400892,-0.0110048875,-0.010878402,-0.010245081,-0.010145081,-0.010045081,-0.0094884485,-0.008633835,-0.0075113215,-0.006534654,0.00561718,0.0063392473,0.006439247,0.0075857462,0.0076500145,0.008727371,0.010028815,0.010128815,0.0107268905,0.01082689,0.012644114,0.014453031,0.015939664,0.017749013,0.018566132,0.019234056,0.020800166,-0.017131817,-0.013119201,-0.011133747,-0.008482669,0.007202047,0.010357224,0.013443412,0.017635185
2018-06-06,0.00899594,-0.020960486,-0.018422,-0.017547917,-0.016864687,-0.015760163,-0.013508596,-0.012724899,-0.012624899,-0.0122759575,-0.010814681,-0.010215677,-0.009911222,-0.009432002,-0.008289176,-0.0067511234,-0.005584785,-0.005025687,0.0025739095,0.0034648324,0.0053614345,0.009947309,0.010365067,0.011387474,0.011487474,0.011587474,0.011687473,0.011787473,0.012223761,0.014556525,0.016038071,0.017696043,0.01848094,0.019188635,0.020486495,-0.017103188,-0.013736454,-0.01125828,-0.00717329,0.0065669916,0.011936803,0.013747235,0.017593155
2018-06-07,0.0031366458,-0.020970467,-0.01850077,-0.017566876,-0.016955037,-0.015434992,-0.014588913,-0.013848142,-0.012209936,-0.011771684,-0.011284219,-0.011184219,-0.011084219,-0.010569351,-0.01016836,-0.007906112,-0.0065629557,-0.004916385,0.0060513667,0.0060541416,0.007045395,0.008031358,0.009347835,0.009979813,0.010573839,0.011591135,0.0117510585,0.011848706,0.012896783,0.014735584,0.015758282,0.017647112,0.018467637,0.019245718,0.020550271,-0.017290035,-0.01399711,-0.011947328,-0.008147607,0.0075512202,0.011500614,0.0139399525,0.017587395
2018-06-08,-0.0034805795,-0.021058489,-0.018596878,-0.017679129,-0.017055148,-0.015824292,-0.0133891,-0.012023611,-0.011065832,-0.010750382,-0.010135492,-0.009316428,-0.0088367155,-0.008574008,-0.008218859,-0.007593305,-0.005884297,-0.0046711406,0.004268712,0.0049861423,0.005992915,0.00688919,0.008484732,0.008838837,0.009681737,0.010549961,0.0106499605,0.01074996,0.011444666,0.014636708,0.015723076,0.01747376,0.018250128,0.019018639,0.020446438,-0.017184783,-0.012981611,-0.01040023,-0.0071368054,0.0063637393,0.01065204,0.013146286,0.017459724
2018-06-11,0.0024092922,-0.021104423,-0.018615259,-0.017643323,-0.016992023,-0.015336452,-0.014076503,-0.011999246,-0.011227067,-0.011127067,-0.010917864,-0.010830266,-0.0105752265,-0.0103208255,-0.009960067,-0.008258569,-0.007015543,-0.006179605,0.0042273756,0.005011681,0.006432164,0.007894823,0.009149624,0.010127422,0.011192355,0.011230015,0.011330015,0.011430015,0.012486555,0.014642055,0.015965367,0.017695503,0.018493641,0.019152962,0.02069577,-0.017224934,-0.013214642,-0.0114234965,-0.008448809,0.00695168,0.011315826,0.013676455,0.017630331
2018-06-12,-0.0009112854,-0.02094354,-0.018510649,-0.017613098,-0.017002892,-0.015275001,-0.014104154,-0.011428568,-0.010946372,-0.010778503,-0.010533548,-0.010433548,-0.010333548,-0.0102335485,-0.009681824,-0.008888841,-0.008401194,-0.006831034,0.003456146,0.0042370013,0.006008713,0.007215085,0.007315085,0.00804512,0.009781928,0.010163358,0.010263358,0.010363358,0.011857242,0.014496321,0.0160114,0.017655045,0.018412124,0.019154588,0.02059748,-0.017167246,-0.012974138,-0.011230234,-0.008847288,0.006139775,0.010076648,0.013078481,0.017582966
2018-06-13,-0.0007041656,-0.020990774,-0.018402986,-0.017528346,-0.016907273,-0.015525884,-0.01360517,-0.011590137,-0.010932537,-0.010412588,-0.010225638,-0.009356611,-0.006967335,-0.006867335,-0.006204416,-0.006104416,-0.0044136173,-0.003424784,0.004425384,0.0054679215,0.007004751,0.00809013,0.009242752,0.010491363,0.012687303,0.01427457,0.01437457,0.01447457,0.01457457,0.01480904,0.01600082,0.017770967,0.018497657,0.0192017,0.020655608,-0.017086418,-0.012813756,-0.009719603,-0.005900769,0.0075350977,0.012658459,0.01534608,0.017687626
2018-06-14,-0.012719685,-0.020829262,-0.018325886,-0.017510362,-0.016890502,-0.015415,-0.013296716,-0.01119407,-0.0105738705,-0.009773802,-0.008911111,-0.008304787,-0.008208319,-0.008108319,-0.008008319,-0.007908319,-0.007324578,-0.005337084,0.003498541,0.0048185633,0.005152563,0.0058534667,0.0070283785,0.008024702,0.008124702,0.008371411,0.009086464,0.009739181,0.01071479,0.014725118,0.01592561,0.017716534,0.018472726,0.019164173,0.020670624,-0.016951473,-0.012469764,-0.009819667,-0.0073766173,0.0054895673,0.009577759,0.012547655,0.017640412
2018-06-15,-0.0015849858,-0.021178208,-0.01865218,-0.01767722,-0.01739909,-0.016077075,-0.015661985,-0.014537659,-0.013564058,-0.012732298,-0.011894564,-0.011866667,-0.011396887,-0.011296887,-0.009799151,-0.007502673,-0.0062848986,-0.0050604595,0.00446812,0.005465708,0.0061600544,0.0074039116,0.007880193,0.011373721,0.011744199,0.011844199,0.0119180335,0.012065011,0.013694579,0.014729377,0.016020205,0.017765496,0.018604152,0.019250946,0.0207655,-0.017793708,-0.014834644,-0.012762876,-0.00810277,0.007048399,0.0115785,0.014202232,0.017706305
2018-06-18,-0.00085267285,-0.020944813,-0.018442074,-0.017594147,-0.017012274,-0.016497094,-0.015629059,-0.015106658,-0.013860409,-0.013390439,-0.012525643,-0.012425643,-0.0117890965,-0.010742446,-0.010348327,-0.0075788666,-0.0067235027,-0.005731333,0.0056474893,0.007460847,0.009235955,0.011092939,0.011663088,0.013187183,0.013795343,0.013895343,0.013995343,0.014095343,0.014636696,0.014736696,0.016589794,0.017669516,0.018479867,0.019225633,0.020716688,-0.017705062,-0.015116143,-0.01290933,-0.008561535,0.009446515,0.01351553,0.015188789,0.017787667
2018-06-19,-0.0023723575,-0.021274235,-0.01865361,-0.017695352,-0.017034447,-0.015054026,-0.013536382,-0.012271715,-0.011408885,-0.011308885,-0.0107090995,-0.010057201,-0.009770169,-0.008997239,-0.008755791,-0.006912344,-0.0051690564,-0.004632415,0.004406635,0.005131745,0.0067580235,0.008520325,0.008620325,0.009878069,0.010541286,0.0108074695,0.010907469,0.011356204,0.012371037,0.014402278,0.015919719,0.017689483,0.018515956,0.019239686,0.02082364,-0.017110538,-0.013244244,-0.010884355,-0.0071053617,0.007071603,0.011012869,0.013510588,0.017614963
2018-06-20,0.0011523747,-0.021062108,-0.018659566,-0.017711272,-0.01654171,-0.015427442,-0.013907338,-0.012244533,-0.01171139,-0.011352134,-0.010400207,-0.010300207,-0.0097902855,-0.009569634,-0.00894343,-0.007466134,-0.0067156963,-0.006613476,0.005585807,0.006368591,0.007713363,0.008477672,0.008577672,0.009706111,0.011068034,0.011097128,0.012034501,0.012078498,0.012521814,0.014280372,0.015555235,0.017459298,0.018275257,0.018968267,0.020414198,-0.017119631,-0.013385333,-0.0110757705,-0.008007789,0.0078426935,0.011147955,0.013838088,0.017335474
2018-06-21,0.00072872,-0.021226155,-0.018483415,-0.017556254,-0.016986987,-0.015225696,-0.013834922,-0.012291547,-0.011611363,-0.011098525,-0.010883448,-0.010633323,-0.009990579,-0.009589274,-0.0088513605,-0.007409281,-0.0060655554,-0.0059453156,0.00570507,0.0064640227,0.0065640225,0.007330166,0.008109348,0.01080242,0.011074178,0.011450361,0.011550361,0.012992879,0.013250946,0.014599522,0.016025338,0.017712293,0.01850832,0.01922088,0.020525279,-0.017151434,-0.013278523,-0.011181918,-0.007780967,0.007427492,0.011590906,0.014180405,0.017616663
2018-06-22,0.0025699928,-0.021077631,-0.018489787,-0.017520932,-0.016943716,-0.01666422,-0.015163007,-0.013958502,-0.011903155,-0.010981768,-0.010604767,-0.010504767,-0.0104047675,-0.010193124,-0.008910035,-0.0074605667,-0.0066296486,-0.004691263,0.004156574,0.0043659024,0.005487953,0.0065265233,0.0075749946,0.0096241925,0.010944514,0.011044513,0.012129019,0.012229019,0.012676666,0.014030962,0.015841471,0.017646838,0.018520094,0.01915192,0.020638429,-0.017667672,-0.013905473,-0.011653764,-0.0076392563,0.0062962933,0.010900737,0.013917153,0.017461924
2018-06-25,0.005443144,-0.021179857,-0.018487332,-0.017583722,-0.01698594,-0.015544172,-0.014503054,-0.012571517,-0.0111407265,-0.010742524,-0.010353585,-0.010071952,-0.009971952,-0.009556086,-0.009124473,-0.007676017,-0.004801754,-0.0037478835,0.0054035187,0.0069473702,0.00764373,0.008087376,0.008472881,0.009777228,0.01012649,0.010761809,0.011261658,0.011654882,0.012880695,0.014452128,0.015870675,0.017514523,0.018363101,0.019182751,0.020616475,-0.017340071,-0.013308309,-0.011105081,-0.0070844158,0.007641697,0.011023785,0.013722492,0.017527308
2018-06-26,-0.001534115,-0.021201072,-0.018607248,-0.017678972,-0.017078204,-0.015517687,-0.014497123,-0.012855136,-0.011161877,-0.010796861,-0.010267077,-0.009855279,-0.008856171,-0.00878202,-0.008167111,-0.004957505,-0.004857505,-0.0047575054,0.0046216017,0.005242666,0.0058680233,0.006775703,0.008105735,0.010215626,0.010625627,0.010725627,0.011212752,0.011422373,0.0121475,0.014382128,0.015899528,0.017668115,0.018480739,0.019098008,0.020747162,-0.017380267,-0.013397994,-0.010712854,-0.006518981,0.0066267243,0.010970298,0.013529098,0.017558988
2018-06-27,-0.007539938,-0.020945955,-0.018509937,-0.017621178,-0.017007813,-0.015216902,-0.013830068,-0.012298244,-0.011184759,-0.010789389,-0.009798209,-0.009698209,-0.009365313,-0.009082032,-0.007727561,-0.0070689563,-0.005038398,-0.0041355924,0.004523,0.005528613,0.006301503,0.0071485993,0.008368456,0.010752223,0.011791652,0.013288931,0.014594646,0.014694646,0.014794646,0.014894646,0.015810868,0.017619023,0.018290235,0.01902597,0.020534888,-0.017102133,-0.013144729,-0.0106520755,-0.006733744,0.007058674,0.01239978,0.015453763,0.017577078
2018-06-28,-0.00044669784,-0.020955443,-0.01850605,-0.017629841,-0.017029233,-0.015500619,-0.014210816,-0.012118813,-0.011116493,-0.010685035,-0.010038719,-0.009574058,-0.009466748,-0.009221871,-0.008677362,-0.0066862176,-0.005390747,-0.0043216497,0.0032083553,0.003841787,0.005715171,0.0061939303,0.0073497295,0.009998438,0.0102078235,0.010846836,0.011516365,0.01230304,0.01300655,0.014619815,0.016028116,0.017820105,0.018576818,0.019240875,0.02081298,-0.017240431,-0.0131522,-0.010810929,-0.006930007,0.0058334135,0.011023572,0.014004518,0.017704379
2018-06-29,0.0081172455,-0.021213435,-0.018657025,-0.017738583,-0.017104624,-0.015383901,-0.014991255,-0.01392045,-0.011937913,-0.01163337,-0.01153337,-0.01143337,-0.010620284,-0.010413975,-0.009408069,-0.007542341,-0.0053075687,-0.0040266756,0.0042134984,0.00421378,0.005755993,0.005910936,0.007002143,0.009307081,0.010023474,0.010564347,0.011132595,0.011874972,0.012360967,0.014038951,0.015867138,0.017685585,0.018467752,0.019130157,0.020805625,-0.017470049,-0.014044313,-0.011899359,-0.007543605,0.0060235364,0.010557498,0.013575047,0.017505493
2018-07-02,-0.0062303892,-0.020991908,-0.018529741,-0.017561745,-0.016946377,-0.016229127,-0.016048258,-0.014251079,-0.013096238,-0.012247003,-0.0118897585,-0.011674294,-0.01131162,-0.010354922,-0.00981421,-0.007740233,-0.006295083,-0.0056822817,0.006177663,0.0063426215,0.007905344,0.008807502,0.010259978,0.010278792,0.012348914,0.012448913,0.012548913,0.012648913,0.013677956,0.014223151,0.015956974,0.017813956,0.018516483,0.01922577,0.02074184,-0.017749082,-0.014640865,-0.01254016,-0.00824122,0.008316409,0.01197195,0.014323083,0.017592339
2018-07-03,0.0041621937,-0.021261482,-0.018801782,-0.017813873,-0.017136863,-0.015618646,-0.0143179195,-0.0121934,-0.011177991,-0.0108006755,-0.010044688,-0.009612135,-0.009496294,-0.0089994995,-0.00884623,-0.008122441,-0.007758766,-0.006506576,0.0035644826,0.0043770163,0.0049220007,0.004984292,0.0059708147,0.008055483,0.008884937,0.009900741,0.010000741,0.010091471,0.01090697,0.013982401,0.016030138,0.017823696,0.018613968,0.01928817,0.020782622,-0.017427338,-0.0132607715,-0.010807278,-0.00816923,0.0053465455,0.009600182,0.01271911,0.017581405
2018-07-04,-0.0010045635,-0.021146277,-0.018617347,-0.01767424,-0.017053045,-0.015646396,-0.014040367,-0.012647312,-0.0110667655,-0.010741949,-0.010228024,-0.009543032,-0.00942496,-0.009088662,-0.0077391835,-0.0064677354,-0.005005691,-0.0040807463,0.0038626287,0.0048172507,0.005829505,0.0067709475,0.008883976,0.010538416,0.010878628,0.010978628,0.011157823,0.011257823,0.0125085255,0.014698727,0.015907612,0.017727878,0.018565888,0.019238772,0.020781701,-0.017300686,-0.013234126,-0.010769756,-0.006567278,0.006431793,0.011271514,0.013637757,0.017670939
2018-07-05,0.0047156913,-0.021268442,-0.018635212,-0.017701337,-0.016663712,-0.015622296,-0.014643282,-0.012308009,-0.011207501,-0.011066224,-0.010966225,-0.010866225,-0.010021416,-0.009921416,-0.008700857,-0.0074408506,-0.0061205956,-0.004943579,0.006625849,0.0068726684,0.007184116,0.008190254,0.008509494,0.008615065,0.009218136,0.009340767,0.010114982,0.010214982,0.012369491,0.014537623,0.015702313,0.017495442,0.018263845,0.018887604,0.020649591,-0.017366588,-0.013385271,-0.011351967,-0.0076144217,0.0076182047,0.010243585,0.0131001845,0.017454514
2018-07-06,0.003473774,-0.02101946,-0.018619623,-0.017695896,-0.016394077,-0.01555319,-0.014248326,-0.0125358915,-0.011243871,-0.010780084,-0.01037219,-0.010004567,-0.009463574,-0.008577828,-0.0062506716,-0.00426198,-0.0032575733,-0.0029578158,0.0054022195,0.00595627,0.007814486,0.008507297,0.0107338615,0.010833861,0.011203529,0.011512408,0.013152209,0.013252209,0.01490599,0.01500599,0.015894959,0.017670238,0.018515715,0.019161172,0.020663038,-0.017166937,-0.013300814,-0.010781158,-0.0053465213,0.0077767596,0.012267666,0.014966423,0.017679079
2018-07-09,0.00064094446,-0.021007076,-0.018445827,-0.017598057,-0.016601432,-0.01515919,-0.013938852,-0.012132302,-0.010864754,-0.009567455,-0.008797357,-0.008301228,-0.007873575,-0.007833299,-0.007274851,-0.0069931936,-0.0063745137,-0.0053779935,0.005035147,0.0056663738,0.005862108,0.0076636747,0.009142842,0.009641535,0.0097415345,0.009841534,0.009921387,0.009956621,0.012202476,0.014262075,0.015602546,0.017489329,0.018260157,0.01915334,0.020756302,-0.017030474,-0.012820284,-0.009861568,-0.0068643554,0.006793767,0.010568921,0.012920544,0.017452719
2018-07-10,-0.0013654293,-0.021096662,-0.01849124,-0.017625626,-0.017023059,-0.015587197,-0.014154543,-0.011996065,-0.0107527105,-0.009695717,-0.008914018,-0.008463837,-0.007887161,-0.0070888894,-0.006693403,-0.0057327636,-0.0055994145,-0.00474338,0.005012404,0.0060310997,0.0064346227,0.0075585395,0.0077066114,0.007725269,0.0077873254,0.008154097,0.00870677,0.009617421,0.012398644,0.014322073,0.01609606,0.01770223,0.0185291,0.019185234,0.020876883,-0.017270539,-0.012844932,-0.009759464,-0.00624656,0.0065647983,0.009505095,0.012714801,0.017636497
2018-07-11,-0.0005181154,-0.021203496,-0.018571526,-0.01767627,-0.017060248,-0.015560153,-0.014050875,-0.012689689,-0.010762714,-0.009348495,-0.008517074,-0.00833155,-0.007838647,-0.0075329826,-0.007040772,-0.0061985557,-0.0051187533,-0.0042149806,0.0038417755,0.0048903194,0.0057941987,0.006181078,0.006945734,0.007898593,0.008547185,0.008647185,0.008669498,0.009401686,0.01194985,0.014377516,0.01605541,0.017781004,0.018519925,0.019237308,0.020679329,-0.01728926,-0.012905608,-0.009740459,-0.0061809225,0.0058509116,0.009454143,0.012583695,0.017626112
2018-07-12,-0.0026780067,-0.02107243,-0.018580485,-0.017656192,-0.016991498,-0.01554133,-0.01449947,-0.011896244,-0.010835792,-0.009288589,-0.00846393,-0.007842313,-0.0077423127,-0.007676092,-0.007576092,-0.0074760923,-0.007180274,-0.0058428347,0.0035597992,0.004240582,0.005749057,0.0065207165,0.0070276437,0.009253019,0.010265631,0.0103656305,0.010754129,0.011017155,0.012591292,0.014079015,0.015916161,0.017673336,0.018506965,0.019140664,0.020660155,-0.017337043,-0.012835259,-0.009843519,-0.007183521,0.006067157,0.010348493,0.013389711,0.017493866
2018-07-13,-0.0020678635,-0.02086366,-0.01833604,-0.017490838,-0.016926974,-0.015576403,-0.014225902,-0.012062726,-0.010899934,-0.010199702,-0.00862762,-0.008318498,-0.007840607,-0.0077406075,-0.0076406077,-0.007487229,-0.0069437344,-0.0062481803,0.0039897673,0.004539819,0.0058821198,0.008130003,0.009476544,0.010801629,0.012901257,0.013001257,0.013608919,0.014106111,0.015122337,0.015222337,0.016089955,0.01758005,0.018364545,0.019032033,0.020608746,-0.017185796,-0.012975821,-0.009866933,-0.0073276497,0.007088593,0.012521575,0.015284849,0.017706623
2018-07-16,0.0038411901,-0.021174513,-0.01866117,-0.017739102,-0.017106855,-0.015548404,-0.014659497,-0.0123630855,-0.01068231,-0.010389788,-0.008729555,-0.007921832,-0.007821832,-0.0077047446,-0.0076184385,-0.007553968,-0.0064218817,-0.0058379895,0.004048656,0.004487889,0.006372929,0.007863528,0.008694921,0.010168452,0.011570802,0.012704382,0.013596148,0.013696148,0.013856694,0.014052739,0.015793521,0.017598147,0.018344795,0.01910039,0.020524759,-0.017430088,-0.013166755,-0.0099195875,-0.0070708217,0.00686876,0.0118633285,0.014709306,0.01741391
2018-07-17,-0.0042055426,-0.021125402,-0.018468818,-0.017530242,-0.016961316,-0.0155788595,-0.01419052,-0.011900315,-0.010862567,-0.010762568,-0.009147675,-0.008059316,-0.0074623204,-0.0073623206,-0.0072428174,-0.006010645,-0.005952466,-0.0058930307,0.0034307376,0.004240128,0.004932076,0.006353363,0.0075622424,0.0076622423,0.008142331,0.008192465,0.009143251,0.009319009,0.011299996,0.014002636,0.016096003,0.017646173,0.018480608,0.019110302,0.020651964,-0.017264983,-0.013049243,-0.009805081,-0.006631655,0.0054197274,0.009347719,0.012449099,0.017501416
2018-07-18,-0.0015102632,-0.020993268,-0.018607605,-0.017712817,-0.017096614,-0.015346323,-0.014152285,-0.01196385,-0.010823528,-0.010723528,-0.008849096,-0.008491793,-0.0076535554,-0.0075535555,-0.0069106217,-0.006111225,-0.005957565,-0.0055155605,0.0024131727,0.0028831167,0.0036116596,0.005173342,0.006889843,0.007787307,0.008690568,0.008890762,0.009077755,0.009257969,0.011160432,0.014305424,0.015851066,0.017658176,0.018381778,0.019120138,0.020680603,-0.01723922,-0.013075203,-0.009806404,-0.0065973527,0.004554372,0.00942626,0.012436671,0.017523084
2018-07-19,-0.0035486426,-0.021211475,-0.018620308,-0.017634038,-0.01697478,-0.015368711,-0.0140570775,-0.012263229,-0.010843735,-0.009620984,-0.008492611,-0.00827663,-0.007939194,-0.007635504,-0.007535504,-0.005871679,-0.0052452674,-0.0046804487,0.0040275184,0.0048727905,0.0055789086,0.005962912,0.0070976834,0.0071390867,0.008757092,0.009392588,0.009492588,0.009592588,0.011842857,0.014371402,0.015876811,0.017751936,0.018500673,0.019206433,0.020669213,-0.01724647,-0.012883812,-0.009793624,-0.0063219056,0.0058398442,0.00951867,0.012760023,0.01757516
2018-07-20,0.009003988,-0.021249326,-0.01860603,-0.017649904,-0.01703883,-0.015583608,-0.014599976,-0.01249013,-0.010899294,-0.010799294,-0.010690352,-0.008040929,-0.0075837355,-0.0074837357,-0.0070968275,-0.005073803,-0.0048696543,-0.0046740663,0.003936756,0.0040385737,0.00435316,0.006754508,0.008556431,0.0089445505,0.010387425,0.010487425,0.010587425,0.010687425,0.011730282,0.01408971,0.015873915,0.017583009,0.018399302,0.019079829,0.020518297,-0.017415553,-0.01328772,-0.010251419,-0.005951056,0.0058940845,0.0105531085,0.01309883,0.017428951
2018-07-23,-0.0005403518,-0.020922065,-0.018511172,-0.017585473,-0.016358094,-0.015420223,-0.014992186,-0.012796321,-0.011799941,-0.010821563,-0.009215792,-0.008900285,-0.008552497,-0.0083283475,-0.007373959,-0.006634579,-0.006534579,-0.0055594137,0.0044213133,0.005189184,0.0062242206,0.0069274837,0.008545088,0.009493532,0.010904098,0.011004098,0.011072915,0.011376031,0.011883939,0.01425246,0.015742216,0.01768101,0.018373998,0.019195335,0.02064517,-0.017240748,-0.013599096,-0.010577751,-0.007000563,0.0067332597,0.010934241,0.013391869,0.017503237
2018-07-24,-0.0016484878,-0.02114416,-0.018582953,-0.017649116,-0.016813243,-0.015342958,-0.014168325,-0.012410514,-0.01108623,-0.01098623,-0.010617681,-0.010276366,-0.0102153905,-0.009938487,-0.009622333,-0.0071251383,-0.005797741,-0.005697741,0.0029900463,0.0036202336,0.0044750604,0.00531556,0.0063992003,0.007328388,0.007939555,0.008571591,0.008825091,0.009406341,0.011446075,0.014403732,0.016198343,0.017736344,0.018583184,0.01923108,0.020741079,-0.017210329,-0.013260083,-0.011205222,-0.007703864,0.004868091,0.00922185,0.012532884,0.017662117
2018-07-25,-0.0005736523,-0.021184461,-0.018632747,-0.01771268,-0.016734207,-0.015591051,-0.01417772,-0.012397125,-0.011410657,-0.0113106575,-0.011210658,-0.010586902,-0.010194431,-0.009355338,-0.008512781,-0.0069772676,-0.006157328,-0.006057328,0.003962018,0.004231355,0.004536964,0.007313034,0.008291917,0.00870823,0.010791283,0.01083625,0.011975761,0.01207576,0.012150261,0.014272363,0.015800226,0.01767151,0.018384505,0.019092996,0.020487806,-0.017264036,-0.013401767,-0.011269761,-0.0076583214,0.006166931,0.010836904,0.0137717305,0.01746498
2018-07-26,-0.0018902422,-0.020941803,-0.018374205,-0.01747223,-0.016831368,-0.015395813,-0.0148822265,-0.012769481,-0.011297459,-0.011053947,-0.01083157,-0.010726009,-0.010493113,-0.009322056,-0.008511428,-0.006378156,-0.0046047987,-0.004161296,0.004228146,0.005539807,0.006897949,0.008052124,0.008109673,0.010784293,0.0116332825,0.011733282,0.011833282,0.011933282,0.012776702,0.014420033,0.016278084,0.017694118,0.018432962,0.019221978,0.020816425,-0.017285082,-0.01349507,-0.011365285,-0.0068763373,0.0072702616,0.011396112,0.013879252,0.017686127
2018-07-27,0.00046753525,-0.02205876,-0.019211696,-0.01737511,-0.017285462,-0.015703822,-0.014920797,-0.0123510305,-0.011372773,-0.010943798,-0.010550808,-0.010401685,-0.010266175,-0.009573991,-0.008807478,-0.0072405175,-0.007179786,-0.0067866854,0.004833542,0.0055369055,0.0067436844,0.007934643,0.008351934,0.0104855625,0.011763757,0.012796597,0.015178037,0.015278037,0.015378037,0.015478036,0.015998865,0.017679188,0.01848061,0.019237014,0.020665815,-0.017836107,-0.013392702,-0.011336909,-0.00808323,0.0073625064,0.012478033,0.015958551,0.017811785
2018-07-30,0.0049109035,-0.02260663,-0.019492872,-0.017515471,-0.017425451,-0.015712997,-0.014821083,-0.012575282,-0.010916719,-0.010281932,-0.008417702,-0.008103289,-0.0073683807,-0.0071311765,-0.006488396,-0.0038419662,-0.002547546,-0.0015795504,0.006107098,0.00670753,0.0076252692,0.008798267,0.008898267,0.009348792,0.010975229,0.012227464,0.012327463,0.012400854,0.012500486,0.014469274,0.015640724,0.017646635,0.018383011,0.01914394,0.020757599,-0.018011805,-0.0132220965,-0.009731012,-0.0045121494,0.008042678,0.01146893,0.014016217,0.017531635
2018-07-31,-0.0010246778,-0.02242935,-0.019433942,-0.01830877,-0.017525733,-0.015755495,-0.014712282,-0.012738885,-0.010965192,-0.0090667615,-0.0077635283,-0.007150463,-0.007050463,-0.00682028,-0.0063796365,-0.0037985733,-0.0026398774,-0.0021019238,0.0030308326,0.003273436,0.0042786463,0.0053387773,0.0074759647,0.009781435,0.009881435,0.009981435,0.010081435,0.010181434,0.011990432,0.013964476,0.015863052,0.017742109,0.018617822,0.019229602,0.020643966,-0.017971361,-0.013158378,-0.009462349,-0.004414095,0.005160625,0.010276949,0.01296712,0.01748864
2018-08-01,-0.0034317682,-0.022146707,-0.019339604,-0.018169496,-0.017317187,-0.015363013,-0.014949419,-0.012457336,-0.010845497,-0.009009047,-0.008626991,-0.007843403,-0.0077434033,-0.0070362296,-0.006664714,-0.0059314272,-0.005134202,-0.0037967102,0.003142055,0.0045181015,0.004971697,0.006036201,0.006469228,0.0068023857,0.007242615,0.0074783475,0.0075952243,0.008242612,0.011514934,0.0143416375,0.01581702,0.017670907,0.018423324,0.019223688,0.020698749,-0.017823186,-0.01308616,-0.009840308,-0.0058740913,0.0051821335,0.008666841,0.012023548,0.0175504
2018-08-02,-0.0045237574,-0.02296659,-0.019642761,-0.017518526,-0.017198684,-0.015573376,-0.014465374,-0.012828048,-0.010868737,-0.0090907095,-0.008829359,-0.008205837,-0.0077444115,-0.0072846785,-0.006413878,-0.0062967483,-0.0044059213,-0.003164225,0.003668469,0.0042041806,0.0054366253,0.0058769085,0.0064114234,0.0067170803,0.007117761,0.0071750702,0.0076710824,0.008330936,0.010548441,0.014459755,0.015974602,0.017773697,0.018513909,0.019196961,0.02068719,-0.017969359,-0.012954278,-0.009838512,-0.005697322,0.005260789,0.008618852,0.011904825,0.017618442
2018-08-03,-0.0014219237,-0.022230843,-0.019286744,-0.01748534,-0.017341917,-0.015626209,-0.014892856,-0.012227085,-0.0108255185,-0.008891895,-0.008336693,-0.0076764803,-0.007369988,-0.0073160613,-0.006532129,-0.005312553,-0.004333334,-0.0031352157,0.0037987917,0.004122874,0.0043156627,0.0050855335,0.005858598,0.0071434644,0.0072434642,0.007343464,0.0077211387,0.008508763,0.009362095,0.01465235,0.015751455,0.017636659,0.018422492,0.019282868,0.020704849,-0.017875712,-0.012864539,-0.009748223,-0.0053979424,0.0049132654,0.008701327,0.011733367,0.017605636
2018-08-06,-0.0028110102,-0.02274068,-0.01941096,-0.018244201,-0.017421149,-0.015757235,-0.014703459,-0.012643916,-0.010574371,-0.009268353,-0.008512167,-0.008350628,-0.008210533,-0.0070844362,-0.0068210065,-0.0061592404,-0.005306232,-0.004382741,0.0025680212,0.0026293565,0.0037470122,0.00606499,0.006540464,0.007249575,0.0076959454,0.0077959453,0.007895946,0.008350472,0.0101976795,0.013660117,0.015804816,0.017752534,0.018443774,0.019204445,0.02051745,-0.018006697,-0.01308686,-0.009816994,-0.0062039695,0.004541065,0.008719315,0.011709598,0.017387873
2018-08-07,0.0028843102,-0.021829559,-0.019077726,-0.01740242,-0.01690692,-0.015696064,-0.014351024,-0.012471382,-0.010872764,-0.008970667,-0.008350708,-0.008160343,-0.008060344,-0.007279343,-0.006653795,-0.0052855774,-0.005257275,-0.0048403186,0.0031723063,0.0036736445,0.0044380943,0.0045157424,0.0062081334,0.0062316596,0.007352686,0.007461826,0.0075618257,0.008724787,0.012396668,0.014158701,0.01568445,0.017554061,0.018196225,0.019064259,0.020528937,-0.01757226,-0.012813652,-0.009782837,-0.006039462,0.004630495,0.008557021,0.012207641,0.017398082
2018-08-08,0.000103473256,-0.022743857,-0.019581785,-0.01834161,-0.017202834,-0.015757373,-0.014538188,-0.011568976,-0.010866427,-0.008965771,-0.008851018,-0.008145192,-0.007918471,-0.007085232,-0.0060859285,-0.0059695174,-0.0050855614,-0.0036644852,0.002870391,0.0036406252,0.003656885,0.004820142,0.005589868,0.007431197,0.007531197,0.0076311966,0.0077311965,0.008518392,0.0092982305,0.014180193,0.015878268,0.017743139,0.018498749,0.019185774,0.02066864,-0.017964808,-0.012856195,-0.009851867,-0.0057901368,0.0045038476,0.008670169,0.0116453525,0.017531203
2018-08-09,-0.0027932194,-0.022864448,-0.019662414,-0.017562982,-0.017501019,-0.01581024,-0.014258623,-0.011830376,-0.010580492,-0.009776126,-0.008396351,-0.007858084,-0.007414695,-0.0066555124,-0.0063854903,-0.0045219376,-0.0038674525,-0.0033225052,0.003978998,0.004629795,0.004948812,0.005259587,0.006420606,0.0071701114,0.0072701112,0.007370111,0.0077337204,0.008554297,0.009187622,0.01371663,0.016175821,0.017698858,0.018486613,0.019137722,0.020553114,-0.018019348,-0.012801719,-0.009461135,-0.005191094,0.0052174604,0.008646351,0.011535776,0.01745643
2018-08-13,-0.01470714,-0.022355717,-0.019424576,-0.01749368,-0.01739368,-0.015790066,-0.014728871,-0.012482638,-0.010930124,-0.009630469,-0.008297942,-0.008173269,-0.007916189,-0.006907776,-0.0062846104,-0.0052595255,-0.0047608297,-0.0042772423,0.004160359,0.004826664,0.0053568236,0.006390092,0.0071397,0.0072397,0.007378031,0.007478031,0.008136786,0.008233768,0.009387883,0.0144418655,0.015961861,0.017726632,0.018566485,0.019234616,0.020712057,-0.017938584,-0.013053155,-0.0097561795,-0.005751095,0.0056223935,0.008906613,0.011753358,0.017615406
2018-08-14,-0.004020232,-0.022522682,-0.019473506,-0.018267795,-0.01745922,-0.015761357,-0.014654763,-0.011863206,-0.010798274,-0.009190246,-0.008559115,-0.008185415,-0.007781874,-0.0073261126,-0.006733783,-0.0051880097,-0.004575902,-0.004258926,0.0038639281,0.0042971857,0.004826636,0.0063218297,0.0070943157,0.00839707,0.009084504,0.009369134,0.01005028,0.011580601,0.011952794,0.014212034,0.01586054,0.017600033,0.018435521,0.019093925,0.02055499,-0.017974306,-0.012954856,-0.009824027,-0.0057884073,0.0056788167,0.010130631,0.013246246,0.017464304
2018-08-15,-0.0017414695,-0.02238472,-0.019274777,-0.018147726,-0.01738825,-0.015409544,-0.01491432,-0.011804417,-0.010966971,-0.009163254,-0.008687848,-0.008290495,-0.008190495,-0.007886758,-0.0070246286,-0.0052053337,-0.0051212315,-0.0043378347,0.0038756584,0.0049258294,0.005270482,0.0061398167,0.007858805,0.009169888,0.009269888,0.009369887,0.009578067,0.010964575,0.013291293,0.01408702,0.015915165,0.017768517,0.018522082,0.019214917,0.020818599,-0.017874321,-0.012999338,-0.0101292785,-0.0059959046,0.0058963345,0.010290036,0.013288608,0.017560843
2018-08-16,0.0049058166,-0.02208809,-0.019210903,-0.018127078,-0.017356439,-0.015749907,-0.014438838,-0.011669466,-0.01077126,-0.009625061,-0.008663723,-0.007865717,-0.007609051,-0.007367577,-0.0070404885,-0.0055529024,-0.0048280405,-0.0038431522,0.004282024,0.004596565,0.0054118964,0.0075089256,0.007946343,0.0095120175,0.009612017,0.009712017,0.010299248,0.011236183,0.013170826,0.0142184775,0.015877571,0.017707666,0.018515438,0.019186351,0.020683164,-0.017768834,-0.01292634,-0.00977009,-0.0058260597,0.006282286,0.010525008,0.013488035,0.017534645
2018-08-17,0.0019564843,-0.0219138,-0.01913534,-0.01733902,-0.017281821,-0.015719745,-0.0143068535,-0.012690071,-0.011274315,-0.009986131,-0.009621766,-0.009170928,-0.009070928,-0.008970928,-0.008870929,-0.008564676,-0.008214565,-0.007512333,0.00341785,0.004065954,0.0057428624,0.007450057,0.009697229,0.010101485,0.011009333,0.011109333,0.011327721,0.011427721,0.013450699,0.014462802,0.01584394,0.017641589,0.018476075,0.019120801,0.020513697,-0.017671514,-0.0131192785,-0.010648958,-0.008466686,0.0063372115,0.011359715,0.013829003,0.017516565
2018-08-20,0.0025560798,-0.02250782,-0.019348908,-0.017436452,-0.01729276,-0.015668929,-0.014249314,-0.012723278,-0.011259177,-0.010191699,-0.009416557,-0.009083222,-0.008983222,-0.008834252,-0.0068843686,-0.0038811972,-0.003035058,-0.0026331046,0.0037180937,0.0047831973,0.004883197,0.0055655246,0.0070288926,0.009687982,0.009787981,0.009795699,0.009895699,0.009995699,0.010095699,0.014022224,0.015776215,0.017714355,0.018535458,0.019247998,0.020739011,-0.017813545,-0.013171983,-0.010548504,-0.0051033897,0.005747599,0.0101061,0.012508956,0.017499961
2018-08-21,0.008240746,-0.022564324,-0.019543488,-0.018375464,-0.017491518,-0.015623528,-0.014994862,-0.012221928,-0.011510779,-0.01039544,-0.009853875,-0.009799431,-0.009754415,-0.0094459355,-0.008578775,-0.00799279,-0.00789279,-0.0075851697,0.0033222756,0.0043350956,0.0054048793,0.005949081,0.0064253826,0.007088084,0.0075529716,0.0076529714,0.0076962444,0.008406285,0.0104111545,0.014175954,0.015767915,0.017745381,0.018533448,0.019157358,0.02081345,-0.018043542,-0.013499695,-0.011111973,-0.008369791,0.005312861,0.008749736,0.011844617,0.017532011
2018-08-22,0.0052709193,-0.022473844,-0.019298682,-0.017466605,-0.017370686,-0.015480184,-0.014731566,-0.012289572,-0.011198843,-0.0098834615,-0.009491501,-0.009391502,-0.009291502,-0.009191502,-0.009091502,-0.008739746,-0.008220816,-0.007773297,0.00085466454,0.0018840358,0.0035158289,0.0043859114,0.0068536866,0.007534624,0.008292299,0.008892136,0.00930025,0.009926896,0.011029285,0.014019679,0.015959589,0.017873509,0.018654777,0.01931064,0.020796824,-0.017870992,-0.01311401,-0.010780984,-0.008643372,0.0037865478,0.009445405,0.012586178,0.017592048
2018-08-23,-0.0022580342,-0.022574367,-0.019428857,-0.017414562,-0.017380942,-0.015818859,-0.014374336,-0.011997151,-0.011311097,-0.010877377,-0.01028176,-0.009684027,-0.009584027,-0.0094840275,-0.009333426,-0.008014126,-0.007914126,-0.0074868593,0.0037179322,0.004460367,0.0050728545,0.0054127867,0.0065562855,0.008295699,0.009217272,0.009383102,0.009776723,0.012012495,0.01223783,0.014530865,0.01614316,0.017687038,0.018542321,0.019199662,0.020665677,-0.017915472,-0.013194906,-0.01100705,-0.008486512,0.0055762427,0.010155689,0.013420047,0.01764528
2018-08-24,0.004904618,-0.021984542,-0.019115977,-0.01802205,-0.017298456,-0.015481972,-0.014835695,-0.012526856,-0.011207124,-0.010574661,-0.009988529,-0.00975164,-0.00965164,-0.009631903,-0.009531903,-0.009039085,-0.007845539,-0.006863626,0.0046007712,0.0062803156,0.0069670808,0.009465416,0.009817372,0.010506328,0.010979638,0.011459341,0.011559341,0.011659341,0.013233195,0.01493678,0.016602442,0.01778192,0.018560939,0.019222012,0.020663988,-0.017743329,-0.013433278,-0.011062978,-0.008606358,0.007658644,0.011675833,0.01398992,0.017841429
2018-08-27,0.004409741,-0.022037929,-0.019202985,-0.017430814,-0.017357338,-0.01542719,-0.014551925,-0.0116025945,-0.011266343,-0.010020142,-0.009667871,-0.009549265,-0.009082416,-0.008359914,-0.0063994396,-0.002413452,-0.0015553292,-0.001402978,0.0059350184,0.007119256,0.008343467,0.008364346,0.008464346,0.009538298,0.009835706,0.010116164,0.010512268,0.010902075,0.013086607,0.014854605,0.016593983,0.017717531,0.018445477,0.019117635,0.020466201,-0.017715473,-0.012974364,-0.010585694,-0.0042640925,0.007919558,0.010775098,0.013560206,0.017749991
2018-08-28,0.003680254,-0.022388203,-0.01924424,-0.017405272,-0.017340505,-0.01572072,-0.0146385385,-0.011675615,-0.011221243,-0.010367558,-0.009963507,-0.009231431,-0.008878209,-0.007595954,-0.004478018,-0.0020788051,-0.0004960467,-0.00046888588,0.0043354677,0.0052000615,0.00658083,0.0067540295,0.0068540294,0.008541398,0.008641398,0.008741397,0.009181675,0.009281674,0.010347124,0.014586813,0.016451119,0.017726015,0.018447565,0.01922999,0.020719802,-0.017866442,-0.013061645,-0.010459491,-0.0033506374,0.0063023567,0.009601062,0.01236897,0.01774275
2018-08-29,-0.0017486758,-0.02212825,-0.019166691,-0.017429167,-0.017349554,-0.015747555,-0.014467602,-0.011675852,-0.011229533,-0.010314185,-0.010301241,-0.009763942,-0.009684422,-0.009627521,-0.008589099,-0.007739437,-0.0067280866,-0.006509308,0.0033120627,0.004375086,0.005295555,0.0058118757,0.007690106,0.007834631,0.008930975,0.0090309745,0.0097813,0.0098813,0.0099813,0.014932195,0.016616993,0.017728856,0.018602686,0.019233774,0.020605715,-0.01777193,-0.0130232675,-0.011062063,-0.007865975,0.005545111,0.009873842,0.012635755,0.017823506
2018-08-30,-0.004491367,-0.022644386,-0.019576829,-0.017443929,-0.01704774,-0.015460844,-0.014732329,-0.011727844,-0.011404846,-0.010169801,-0.0100698015,-0.009969802,-0.009585044,-0.008890865,-0.008125396,-0.006543702,-0.0053862534,-0.005125808,0.0021765144,0.003567004,0.0036670042,0.006338103,0.0072538974,0.0076362635,0.008074531,0.008174531,0.008421398,0.0085625425,0.010903705,0.014150825,0.016404647,0.017657982,0.0183011,0.01912878,0.02059454,-0.017892426,-0.013095749,-0.010936578,-0.007030192,0.0047646314,0.0091556115,0.012067914,0.017587354
2018-08-31,-0.00431758,-0.022708813,-0.019364396,-0.018066658,-0.017292928,-0.01566996,-0.014902894,-0.011933646,-0.010935721,-0.00960607,-0.008443927,-0.0077053322,-0.00728354,-0.0065529835,-0.0063597886,-0.006113882,-0.0045480896,-0.0042167665,0.0032834099,0.004420379,0.0049028886,0.0073285718,0.008681264,0.008781264,0.01071041,0.010860041,0.011978376,0.012412528,0.012512527,0.0146679785,0.01628254,0.017542917,0.01818413,0.018953362,0.020377006,-0.017987799,-0.013088998,-0.0096238125,-0.005788772,0.006129132,0.011080615,0.013951108,0.017564762
2018-09-03,0.0020094449,-0.022654913,-0.019418133,-0.018184664,-0.017443787,-0.015743097,-0.014025339,-0.012006935,-0.010964896,-0.008923341,-0.008520803,-0.007890352,-0.0075306185,-0.0065299105,-0.0064299107,-0.004652318,-0.0042586047,-0.004158605,0.0022421712,0.002575326,0.0043355557,0.0056427117,0.0080738235,0.009550325,0.0108559625,0.010955962,0.011055962,0.011156248,0.011769363,0.014838862,0.016413251,0.017638706,0.018379293,0.019081134,0.020716354,-0.017857054,-0.012821035,-0.009514313,-0.0054779584,0.0051303455,0.010915045,0.013439946,0.01773766
2018-09-04,-0.0046496065,-0.021919817,-0.019274382,-0.017571524,-0.01741865,-0.0152941225,-0.014504619,-0.0123800365,-0.010890691,-0.009275784,-0.008425267,-0.00791793,-0.0075830254,-0.006425411,-0.006064497,-0.003954953,-0.0031746097,-0.0029808525,0.00433696,0.0044410652,0.0058071846,0.0063499534,0.0075071356,0.008597527,0.009142923,0.009242923,0.009342923,0.009442923,0.009855429,0.014854909,0.01649197,0.01775331,0.018589081,0.019237347,0.020734306,-0.017682318,-0.0129245315,-0.009565802,-0.0048185685,0.0060156174,0.009929083,0.012417053,0.017814368
2018-09-05,0.0046151807,-0.022749763,-0.0193279,-0.018156407,-0.017376155,-0.015511873,-0.014190921,-0.012411157,-0.010916914,-0.009103381,-0.0086784735,-0.008054721,-0.0075547677,-0.0072880927,-0.007188093,-0.005218388,-0.004809317,-0.0035774787,0.0041946573,0.004294657,0.004824274,0.005961595,0.0072024423,0.009229048,0.009329048,0.009429048,0.009529048,0.0096290475,0.009835179,0.014777537,0.016293883,0.017443871,0.018291235,0.018987406,0.020510804,-0.017831322,-0.012955757,-0.009725833,-0.0057696,0.0057208464,0.010053424,0.012412409,0.0176027
2018-09-06,0.00037646916,-0.02210627,-0.019251632,-0.018092433,-0.016983874,-0.015701696,-0.014580148,-0.01251639,-0.010537997,-0.009043724,-0.008477597,-0.007984198,-0.007880511,-0.0068125115,-0.0067125116,-0.004691276,-0.004591276,-0.0036630947,0.0057686907,0.007621013,0.0078039994,0.009674782,0.010624248,0.011095017,0.01150604,0.012379216,0.0138813,0.014519692,0.014619692,0.014890732,0.016699433,0.01781241,0.018599546,0.019244742,0.020647611,-0.017724724,-0.012954138,-0.009657754,-0.005528471,0.008474905,0.0127017815,0.015302193,0.017858986
2018-09-07,-0.004492442,-0.022241779,-0.019151064,-0.01792646,-0.01678822,-0.015672123,-0.013926849,-0.012335344,-0.0109323,-0.009544573,-0.008991442,-0.008531218,-0.0076995655,-0.00754474,-0.0061033033,-0.0056283767,-0.0047479784,-0.004662966,0.0051399106,0.0062939464,0.0076675895,0.008925561,0.009128441,0.011939225,0.013365528,0.015227573,0.015949935,0.016049935,0.016149934,0.016249934,0.01648302,0.017649475,0.018367883,0.019038163,0.020465212,-0.017556008,-0.012933105,-0.00981898,-0.0059347684,0.008278507,0.01371902,0.016553525,0.01797716
2018-09-10,0.0028133723,-0.022288017,-0.019362178,-0.017437527,-0.01730255,-0.015761508,-0.014729383,-0.012289813,-0.010866237,-0.010208502,-0.010108503,-0.010008503,-0.009908503,-0.009255035,-0.007014543,-0.0044945283,-0.0043945285,-0.0040374943,0.00546222,0.0063452576,0.007766692,0.008095861,0.008920806,0.01054426,0.012165364,0.013539559,0.013639559,0.015024127,0.015124127,0.015224127,0.016425824,0.017562611,0.018374624,0.019095302,0.020656442,-0.017888727,-0.013106292,-0.010973533,-0.0059899194,0.007967079,0.012650576,0.015477313,0.017792862
2018-09-11,-0.0011209482,-0.022679139,-0.019496098,-0.017467454,-0.017367454,-0.01575537,-0.014846012,-0.012494349,-0.010845323,-0.009869111,-0.009326046,-0.008342368,-0.0077459165,-0.00733456,-0.0064717485,-0.005517736,-0.004340126,-0.0030752523,0.005599329,0.0073684766,0.00805186,0.009362736,0.009462736,0.010348087,0.011098029,0.011198029,0.012183298,0.012283298,0.012383298,0.014847213,0.016719712,0.017849488,0.018619975,0.019281091,0.020874383,-0.018028814,-0.013104451,-0.0100195715,-0.0055494457,0.0082960855,0.0116278725,0.014063416,0.017914377
2018-09-12,0.0030172302,-0.02200942,-0.019210285,-0.017368264,-0.01729816,-0.015427188,-0.014192468,-0.012630713,-0.0110892495,-0.010283063,-0.00892974,-0.008425596,-0.0082558,-0.006852165,-0.0067567895,-0.004893484,-0.004793484,-0.0046934844,0.004218041,0.0045384364,0.0054478203,0.0066326745,0.0067326743,0.0071107983,0.008877186,0.011607042,0.012432516,0.0132174,0.0133174,0.014268873,0.016431212,0.017653862,0.018464426,0.019152973,0.02068349,-0.017627504,-0.013112752,-0.009863885,-0.0059125675,0.0059428317,0.010587357,0.014340122,0.017638084
2018-09-13,0.0039296155,-0.022482133,-0.019408584,-0.018258052,-0.017497456,-0.0155072585,-0.01436845,-0.012573869,-0.010904631,-0.00977789,-0.008824544,-0.008215129,-0.00785154,-0.007269587,-0.006796932,-0.0046701017,-0.0036225514,-0.0031743974,0.004558425,0.0059114094,0.0064030485,0.007746895,0.009268114,0.010270325,0.01259373,0.013175083,0.013256941,0.013356941,0.013456941,0.014794119,0.016523993,0.01776962,0.018534858,0.0191773,0.020827595,-0.017852776,-0.013176578,-0.00984375,-0.0052958224,0.0074427016,0.012172917,0.014679959,0.017818525
2018-09-14,-0.0013846558,-0.022700917,-0.019586492,-0.017524047,-0.017087309,-0.01579399,-0.01449527,-0.012580481,-0.010932239,-0.00920058,-0.008650323,-0.008266748,-0.007915844,-0.0071859085,-0.0064628823,-0.0043841666,-0.0032829351,-0.0025680913,0.0047208564,0.005622756,0.0065949135,0.007617732,0.009428607,0.010523069,0.011875214,0.014351562,0.0144515615,0.014551561,0.014642255,0.014700268,0.016463852,0.017721877,0.018507151,0.019146148,0.020470256,-0.017932797,-0.012946524,-0.009835917,-0.0049929647,0.0072862944,0.012711014,0.01537056,0.01770048
2018-09-17,0.0025021276,-0.021799669,-0.018934527,-0.017427178,-0.016898835,-0.015311837,-0.014247284,-0.012573986,-0.011070745,-0.009884183,-0.009461355,-0.008461884,-0.007266494,-0.007120842,-0.006637692,-0.0042547747,-0.0033663632,-0.002082116,0.005407951,0.0063818493,0.006992171,0.008410254,0.008510253,0.010555114,0.0115353055,0.011945529,0.012045529,0.012145529,0.012245528,0.014779682,0.016424822,0.01769383,0.018479005,0.019196339,0.020678824,-0.01743843,-0.013040675,-0.009833343,-0.004960566,0.007745506,0.011587221,0.013939056,0.0177547
2018-09-18,0.00072290807,-0.022573333,-0.019486867,-0.018318633,-0.016896361,-0.015565745,-0.0142895095,-0.01220442,-0.010844575,-0.009036436,-0.008660406,-0.007939647,-0.007722052,-0.006755509,-0.005971273,-0.0046680574,-0.004429473,-0.0036664987,0.0034833765,0.0038901092,0.0043242015,0.004840086,0.00675452,0.008133067,0.008233067,0.0083330665,0.008525995,0.008580277,0.011678516,0.015078273,0.016560804,0.01777208,0.018536303,0.019177074,0.020717023,-0.017762363,-0.012938714,-0.00965441,-0.0053349896,0.004954168,0.00937584,0.012479873,0.01786105
2018-09-19,-0.00065230526,-0.022752859,-0.019521214,-0.018266698,-0.017069759,-0.015554557,-0.014145648,-0.012019668,-0.010823073,-0.009554718,-0.00848002,-0.008204947,-0.0076183355,-0.006917169,-0.006294243,-0.004619633,-0.0037694843,-0.0024199113,0.0030023728,0.003573474,0.0050539146,0.007942361,0.009060656,0.009160656,0.009260655,0.009360655,0.009460655,0.009560655,0.011797774,0.014821891,0.01658399,0.017845577,0.018595442,0.01928722,0.020748487,-0.017808806,-0.012961961,-0.00959685,-0.0050616437,0.0057665557,0.010392902,0.012847284,0.017857434
2018-09-20,0.0049000457,-0.022736683,-0.019585783,-0.018411111,-0.017200481,-0.015360111,-0.01457141,-0.012614271,-0.010735123,-0.00906823,-0.008479217,-0.0077630198,-0.0074094976,-0.006422686,-0.0054646963,-0.0040969644,-0.0027319144,-0.001683918,0.005901639,0.0067952224,0.0076804054,0.008046904,0.009293455,0.01045643,0.012355971,0.012455971,0.013645473,0.01407758,0.014177579,0.014197131,0.016436627,0.01775785,0.018449912,0.019230321,0.020750828,-0.017890893,-0.013080029,-0.009523587,-0.0043481025,0.008156029,0.012096113,0.014909534,0.017674552
2018-09-21,-0.00034068938,-0.022230875,-0.019482184,-0.017498516,-0.017036835,-0.01580609,-0.014243293,-0.012327088,-0.010450796,-0.009097267,-0.008382377,-0.007817928,-0.0072756503,-0.0068777674,-0.0064576627,-0.0040997635,-0.003174278,-0.0020646306,0.0061682975,0.006945141,0.007045141,0.009347004,0.010202507,0.010311842,0.012378523,0.012478523,0.015050843,0.015150843,0.015250843,0.015350843,0.016466191,0.017598307,0.018496558,0.019180255,0.020707773,-0.017759856,-0.012723392,-0.0094459765,-0.0047228523,0.008376822,0.012698911,0.015859986,0.017860673
2018-09-24,0.002896414,-0.022635143,-0.01958035,-0.017469557,-0.017119367,-0.015356105,-0.014494989,-0.012037599,-0.0110327555,-0.009683579,-0.008571908,-0.008088193,-0.0077207787,-0.007294073,-0.0067010433,-0.00460062,-0.0019261714,-0.0018100677,0.004710368,0.0050311233,0.005699961,0.006789883,0.006925783,0.007958447,0.008024167,0.008945211,0.009045211,0.0091452105,0.012016567,0.0146882,0.01627135,0.017516466,0.018302571,0.019026762,0.020416908,-0.017837191,-0.012943697,-0.0098229,-0.004625219,0.0060511003,0.009532571,0.012639552,0.017583938
2018-09-25,-0.00025272986,-0.02249858,-0.019483838,-0.017519735,-0.017502408,-0.015505283,-0.014544439,-0.012117424,-0.010714504,-0.008902905,-0.008624696,-0.008033745,-0.007657182,-0.0065846075,-0.0060533127,-0.0046387664,-0.003165512,-0.0024783385,0.0032181325,0.0037806658,0.0051334137,0.00571253,0.007869576,0.009700414,0.011048352,0.011148352,0.011248352,0.011348352,0.011448352,0.014881657,0.01653886,0.017729942,0.018481787,0.019221965,0.020711405,-0.01790691,-0.012759802,-0.009625086,-0.004873935,0.005778619,0.010989671,0.013481701,0.017816767
2018-09-26,-0.0011136214,-0.022331757,-0.019499717,-0.018334487,-0.017495582,-0.015735084,-0.014030515,-0.012459135,-0.010809058,-0.009094874,-0.008789772,-0.008062305,-0.00801842,-0.007719528,-0.007259765,-0.0053948276,-0.0043806857,-0.0032425132,0.0032163332,0.0044191102,0.00508604,0.0057318322,0.006715591,0.007226319,0.0076063303,0.0076345773,0.008332971,0.0085134525,0.009843525,0.014908747,0.016513063,0.01764536,0.018527592,0.019112254,0.020600595,-0.017818531,-0.012945613,-0.009873459,-0.0056680194,0.0052119293,0.008999737,0.012025257,0.017756004
2018-09-27,-0.0074467217,-0.022165257,-0.019156395,-0.017943395,-0.016784012,-0.015623821,-0.014096305,-0.0125531005,-0.01069338,-0.008923309,-0.008725717,-0.008470071,-0.0075877896,-0.00620922,-0.0054026833,-0.0034581448,-0.003188628,-0.0029979902,0.003865041,0.0040593892,0.004670668,0.0047993534,0.006549813,0.0072938735,0.007546131,0.007646131,0.008353556,0.008549039,0.012002901,0.014744976,0.016483946,0.017663669,0.018573092,0.019316351,0.020870246,-0.017565157,-0.012841898,-0.009462481,-0.0047035036,0.004988116,0.008956766,0.012444712,0.017815838
2018-09-28,-0.004138926,-0.022329466,-0.019248113,-0.017421793,-0.016886488,-0.015732775,-0.015418404,-0.014814413,-0.012621754,-0.010423399,-0.00934803,-0.008754731,-0.008513216,-0.0075784875,-0.0075675147,-0.0073691388,-0.0060718646,-0.0047952053,0.003523166,0.0037620983,0.0053928117,0.0072820736,0.008733213,0.009342586,0.010451308,0.010551308,0.010651308,0.010751308,0.011542264,0.014863499,0.016566347,0.01775683,0.018568482,0.019216068,0.020685082,-0.017923048,-0.014139953,-0.010695978,-0.0069116903,0.0060822917,0.0108483825,0.013275373,0.017817566
2018-10-01,-0.004756831,-0.022959597,-0.019668631,-0.0175498,-0.017170096,-0.015659116,-0.01439467,-0.011874188,-0.011453021,-0.010959625,-0.010100201,-0.010000201,-0.009600302,-0.009208616,-0.008392313,-0.0073850495,-0.005838595,-0.0052892,0.0033393847,0.004310007,0.0057201902,0.009054929,0.011016427,0.011116426,0.01306232,0.013339812,0.013822054,0.013922053,0.014022053,0.014261154,0.016423212,0.017657306,0.018442823,0.019159077,0.020738076,-0.017970422,-0.013246261,-0.010951363,-0.0073810713,0.0070973663,0.012731175,0.014894028,0.017647764
2018-10-02,-0.0006616231,-0.022854306,-0.019601526,-0.01752689,-0.0174437,-0.015365944,-0.01455148,-0.012225001,-0.010845279,-0.009524717,-0.008843054,-0.007956164,-0.0073469537,-0.0069062016,-0.006806202,-0.0053141587,-0.004033277,-0.0030060932,0.004326886,0.004426886,0.0052663935,0.007796232,0.009042047,0.009554504,0.009654504,0.009754504,0.009854504,0.009954504,0.012816234,0.014751161,0.016330069,0.017536676,0.018325912,0.01887543,0.02050801,-0.01796339,-0.012934673,-0.009698594,-0.005423179,0.0062941806,0.010611345,0.013140464,0.017600268
2018-10-03,-0.003006596,-0.022660248,-0.019454928,-0.018216792,-0.017404864,-0.015604564,-0.014281394,-0.012146597,-0.010694298,-0.009354174,-0.008771449,-0.007976992,-0.007876992,-0.007047219,-0.0069472194,-0.0055865864,-0.004768316,-0.0038345433,0.003437802,0.0036166352,0.004181363,0.0056984234,0.005798423,0.008323565,0.00848483,0.008721086,0.008821086,0.008921086,0.012443621,0.014746708,0.01634385,0.01764756,0.018370863,0.01914448,0.02061375,-0.0178812,-0.012938651,-0.00973427,-0.0058227316,0.0050838105,0.009302174,0.012660673,0.01769927
2018-10-04,-0.0015197308,-0.022585751,-0.019538859,-0.017475534,-0.017426347,-0.015440339,-0.014165619,-0.011807144,-0.011211436,-0.010576033,-0.010083765,-0.009605224,-0.009590512,-0.008917619,-0.008580886,-0.004505845,-0.004405845,-0.0040338053,0.002229513,0.003578803,0.0061770948,0.007076725,0.007986752,0.01020843,0.010428951,0.010528951,0.01082798,0.011888082,0.0122237895,0.014207202,0.016330283,0.017583672,0.018255902,0.019018326,0.020804575,-0.017831381,-0.013047153,-0.01079379,-0.006226321,0.005898217,0.010963884,0.013480592,0.017588813
2018-10-05,-0.00053245184,-0.022660477,-0.019490229,-0.018176872,-0.017099874,-0.015450394,-0.014198148,-0.011868308,-0.010339582,-0.009045408,-0.008575924,-0.0077518704,-0.007657627,-0.006426347,-0.006326347,-0.004976454,-0.004064208,-0.0039517637,0.0073225005,0.007576259,0.009333977,0.0112069715,0.011306971,0.015171321,0.015271321,0.015371321,0.015471321,0.01557132,0.01567132,0.01577132,0.016430013,0.017635329,0.018376492,0.019068515,0.020476852,-0.017779823,-0.012725663,-0.009439525,-0.005414129,0.010142205,0.014638451,0.016172355,0.017876407
2018-10-08,-0.002043333,-0.022451418,-0.0194087,-0.017495224,-0.017413137,-0.015746104,-0.014293174,-0.012201512,-0.011280031,-0.010711456,-0.010103442,-0.010003442,-0.009529367,-0.008793405,-0.007332594,-0.0047314805,-0.00415727,-0.00405727,0.002994061,0.0039019038,0.0040304256,0.006355786,0.008030154,0.009825889,0.010720085,0.011311916,0.0114119155,0.011511915,0.013184062,0.014756725,0.016468335,0.01770497,0.018427446,0.01917015,0.020668507,-0.017862504,-0.01319628,-0.010799884,-0.006056411,0.0056004524,0.011087319,0.013858413,0.017753737
2018-10-09,0.00035282204,-0.022548825,-0.019464774,-0.017500559,-0.017134646,-0.015790712,-0.014496093,-0.012189395,-0.010879799,-0.009093797,-0.008673324,-0.0077674687,-0.007549893,-0.006479376,-0.0060524843,-0.0053072907,-0.0043487996,-0.0041133696,0.0037192157,0.0048077577,0.00499597,0.006688138,0.006788138,0.008375912,0.008540326,0.008640326,0.008740325,0.008840325,0.010160698,0.0146896485,0.016586745,0.017734637,0.018559214,0.019225838,0.020759718,-0.01788701,-0.012831928,-0.009615697,-0.0055178823,0.0057502813,0.00946687,0.012198042,0.017799316
2018-10-10,0.005195133,-0.021944094,-0.019101346,-0.017266817,-0.016797848,-0.01529566,-0.014100084,-0.011730017,-0.011027128,-0.01072021,-0.010345789,-0.010245789,-0.009526485,-0.009093076,-0.0075909677,-0.0054820394,-0.005230456,-0.0043283436,0.0031594331,0.0039137225,0.004842463,0.0075437813,0.0076934556,0.010258593,0.012944361,0.013044361,0.013144361,0.013244361,0.0133443605,0.014266555,0.0165343,0.017643224,0.018384067,0.019144103,0.020595925,-0.017447805,-0.012968851,-0.010818513,-0.0065755188,0.006480752,0.011701465,0.014476741,0.01763682
2018-10-11,0.0020644667,-0.022456689,-0.01951124,-0.017486002,-0.017100614,-0.015750347,-0.014834098,-0.012268516,-0.0108619835,-0.009077186,-0.008357517,-0.008254534,-0.0069769165,-0.0065590437,-0.006459044,-0.0052600484,-0.003442465,-0.0026954308,0.0028019852,0.0037740075,0.0047680214,0.0061511304,0.0076845204,0.008173393,0.008651563,0.009167602,0.009267602,0.009367602,0.012053065,0.0146635305,0.01633216,0.01760607,0.01844465,0.019057455,0.020421263,-0.017930597,-0.012905558,-0.009517912,-0.0052223047,0.0052293413,0.00981133,0.012759289,0.017616097
2018-10-12,-0.000594666,-0.021905703,-0.019116998,-0.018059004,-0.017304,-0.015413553,-0.014131024,-0.012179273,-0.010710754,-0.009589856,-0.008567995,-0.008124622,-0.007470883,-0.0070423936,-0.0069708703,-0.0054050367,-0.0045190225,-0.0031838387,0.0064182254,0.0064463383,0.008851644,0.009640927,0.009740927,0.011613505,0.012945215,0.013391715,0.014116878,0.014252732,0.014352731,0.01493616,0.016647143,0.017799478,0.0184734,0.01918403,0.02067916,-0.017574256,-0.012933982,-0.00958461,-0.0056406776,0.008860471,0.012787009,0.015226381,0.017849196
2018-10-15,0.0031444733,-0.022492874,-0.019363593,-0.0175185,-0.017482849,-0.015833192,-0.014237154,-0.0120359585,-0.010614094,-0.008947137,-0.008427054,-0.008078956,-0.00786943,-0.0072538126,-0.0067100334,-0.0043793316,-0.0037002151,-0.0030126413,0.0031939542,0.004125168,0.0046868264,0.0067812786,0.0094879465,0.009587946,0.009687946,0.009787946,0.009887946,0.009987946,0.0100879455,0.0137655465,0.01568189,0.01737179,0.017956996,0.018992145,0.02054311,-0.017881934,-0.012670569,-0.009680309,-0.005176236,0.0056950347,0.010523466,0.012337277,0.017270897
2018-10-16,-0.0001293848,-0.02243617,-0.019372547,-0.017437974,-0.01734402,-0.015270592,-0.014031975,-0.012044261,-0.0108667,-0.009068652,-0.0089849625,-0.0080099935,-0.007181976,-0.00627863,-0.005710124,-0.0046452535,-0.0043020784,-0.0036905038,0.0034733743,0.0044383695,0.00551186,0.006491126,0.007564422,0.008627726,0.008727726,0.009233875,0.009333875,0.009433875,0.0098452205,0.013361977,0.015609928,0.017189126,0.017926041,0.01878897,0.020570958,-0.01769106,-0.012689913,-0.009468849,-0.0052715903,0.005728491,0.009644374,0.011980197,0.017104192
2018-10-17,-0.004534714,-0.02213668,-0.019240877,-0.01744394,-0.016972493,-0.01532127,-0.01439171,-0.012000463,-0.010707613,-0.009156603,-0.008290288,-0.0076645236,-0.007517205,-0.0065885866,-0.0055465605,-0.0032367222,-0.0024758612,-0.0020215262,0.004490649,0.005022012,0.005494885,0.006075464,0.007208675,0.008450492,0.008817145,0.0089171445,0.009017144,0.009117144,0.011854674,0.013648619,0.015961817,0.017239867,0.018169401,0.01915881,0.020872902,-0.017612606,-0.012740066,-0.0094990805,-0.0041890386,0.005980031,0.009468416,0.012361397,0.017376402
2018-10-18,-0.004052785,-0.022741262,-0.019509805,-0.017512156,-0.017095277,-0.015762769,-0.014273313,-0.011736573,-0.010856441,-0.0091144955,-0.008654233,-0.007876594,-0.007686496,-0.0062821596,-0.0058060107,-0.0028026898,-0.0024947014,-0.0019013247,0.0039327126,0.0045818356,0.0051521985,0.0055448283,0.0070876502,0.0086286,0.0087286,0.0088286,0.0089286,0.0090286,0.009395262,0.01444554,0.015947662,0.017484773,0.018204,0.019283097,0.020777348,-0.017876485,-0.012698595,-0.009550529,-0.0041762637,0.005588035,0.009603797,0.012000401,0.017587682
2018-10-19,0.0016582652,-0.022591064,-0.019426635,-0.017496115,-0.017093675,-0.015389338,-0.014352812,-0.01177077,-0.010737526,-0.009050323,-0.0083898,-0.007977155,-0.007532884,-0.006876686,-0.006359576,-0.0052165445,-0.004097081,-0.003322733,0.002278173,0.003301846,0.00460693,0.006139384,0.0071480973,0.0073876954,0.0080893645,0.00883974,0.008975214,0.009075214,0.0094725955,0.014376226,0.015802559,0.017092729,0.0179894,0.019047339,0.020426469,-0.017770704,-0.012681509,-0.009577942,-0.0053946176,0.0048831394,0.009365395,0.01197773,0.017349064
2018-10-22,-0.004008013,-0.022375282,-0.01943135,-0.01749067,-0.017116025,-0.01536212,-0.0142187085,-0.012191098,-0.010712206,-0.009083018,-0.008326899,-0.008226899,-0.0073562143,-0.007138127,-0.007038127,-0.0045102746,-0.0033882293,-0.0023010282,0.0033607897,0.003965673,0.005201961,0.0058370396,0.008097449,0.010674047,0.011281049,0.011381049,0.011481049,0.011581048,0.011681048,0.013974285,0.015799902,0.017388873,0.018101916,0.019089326,0.020672584,-0.017700696,-0.01273914,-0.009550432,-0.005092912,0.0059293024,0.011141576,0.01336387,0.017384995
2018-10-23,0.0011243864,-0.022227576,-0.01933717,-0.017470542,-0.016572362,-0.015419027,-0.014538461,-0.012167649,-0.010863434,-0.008978305,-0.008370303,-0.0074410154,-0.0073410156,-0.0062735653,-0.005615587,-0.004095615,-0.0032928449,-0.002893474,0.004798772,0.0048987716,0.006090147,0.007068212,0.007998338,0.008464651,0.008564651,0.0089341635,0.009034163,0.009134163,0.009648006,0.013553518,0.015644643,0.017353645,0.018014273,0.019034564,0.020775976,-0.01761892,-0.012803677,-0.009477356,-0.0046677073,0.006284111,0.009616966,0.011876824,0.017272469
2018-10-24,-0.007879823,-0.022340963,-0.019247962,-0.017432978,-0.016980167,-0.015357517,-0.014570839,-0.011458642,-0.010951796,-0.009060476,-0.008428089,-0.0078469515,-0.007653853,-0.006414939,-0.0059271595,-0.0047364472,-0.003957288,-0.003912887,0.0050155064,0.0051155062,0.0072670355,0.009121828,0.009691313,0.010225616,0.011867456,0.011967456,0.012616098,0.012716098,0.012816098,0.013925721,0.015774231,0.017373623,0.017931465,0.019075004,0.020470273,-0.01769949,-0.012694946,-0.009603904,-0.0052761463,0.0076774666,0.011705241,0.014001096,0.017323771
2018-10-25,-0.0013684505,-0.022740373,-0.019396855,-0.017511874,-0.016416453,-0.015453131,-0.014336118,-0.012169277,-0.010845479,-0.008986315,-0.007963153,-0.007863153,-0.007429706,-0.006557296,-0.00609852,-0.0047165197,-0.004320593,-0.004176866,0.0030105375,0.0032983965,0.004721727,0.007016254,0.0077407737,0.00780755,0.00790755,0.008183491,0.008450318,0.008578893,0.010138637,0.014074243,0.016024392,0.017314317,0.018191705,0.019219672,0.02077778,-0.017668586,-0.012769813,-0.00942635,-0.0054351306,0.005190893,0.009276991,0.011886759,0.017482081
2018-10-26,0.0012257623,-0.022238223,-0.019394128,-0.017464584,-0.016588852,-0.015149929,-0.014187437,-0.011867419,-0.010967082,-0.009193558,-0.008816405,-0.008312291,-0.007749735,-0.006269595,-0.0058589526,-0.0047730375,-0.0040332824,-0.0039332826,0.003481234,0.0043435767,0.0071050352,0.008322324,0.010382894,0.01145799,0.01155799,0.01165799,0.011757989,0.011857989,0.012071749,0.014034812,0.015897518,0.017472543,0.018072244,0.019221347,0.020753792,-0.017511714,-0.012736017,-0.009598051,-0.005382169,0.006962032,0.011878336,0.013558957,0.017476004
2018-10-29,0.00018000338,-0.022453016,-0.019203069,-0.017460162,-0.01697537,-0.015414442,-0.014327663,-0.012186454,-0.010751416,-0.009064594,-0.008281278,-0.007911302,-0.0077557634,-0.0066005853,-0.00582468,-0.0033769335,-0.0021818865,-0.0016680106,0.0042255176,0.0047456175,0.005744123,0.0061196107,0.007796187,0.009046311,0.00914631,0.00924631,0.00934631,0.00944631,0.009572625,0.01380228,0.015689101,0.017287366,0.018009495,0.019022986,0.020712512,-0.01767471,-0.0127580585,-0.009543342,-0.0041925623,0.0059962356,0.00986748,0.012035404,0.017302848
2018-10-30,-0.002272174,-0.022060012,-0.019259693,-0.017441353,-0.01698142,-0.015341491,-0.013834841,-0.011825899,-0.010604681,-0.009008593,-0.008471566,-0.0077296956,-0.0070674955,-0.0069564655,-0.0062572993,-0.0047677117,-0.0046340344,-0.003802819,0.0032614407,0.0042076837,0.004854578,0.0064137992,0.008151383,0.008926252,0.009026252,0.009126252,0.009226251,0.009356168,0.0107438555,0.013860254,0.015814403,0.017384468,0.01799447,0.019126313,0.020643666,-0.017495492,-0.012543073,-0.009387011,-0.005438312,0.0055527505,0.009884062,0.0122362,0.01736582
2018-10-31,-0.0028552187,-0.0222946,-0.019270299,-0.017454276,-0.016874677,-0.01532124,-0.014613313,-0.011847785,-0.010806582,-0.008987679,-0.00785826,-0.007581562,-0.0071675363,-0.00672937,-0.006209297,-0.0046074395,-0.0033082326,-0.0030402539,0.0041188835,0.0046652826,0.005580436,0.00578518,0.007188016,0.008143144,0.008243144,0.008343143,0.008443143,0.008543143,0.010583265,0.013955292,0.015906064,0.017467137,0.018197555,0.019323427,0.020863565,-0.017674824,-0.012741926,-0.009435012,-0.004949357,0.0056785853,0.009234548,0.011944479,0.017503098
2018-11-01,0.005724245,-0.022637283,-0.019496983,-0.017506646,-0.017150491,-0.015405874,-0.014345723,-0.011484836,-0.01085528,-0.009056607,-0.008666855,-0.0077558267,-0.0073370463,-0.00653389,-0.0063245785,-0.004394099,-0.0025771565,-0.0023369698,0.0041033183,0.004627702,0.0055352487,0.0062667066,0.0071543376,0.007799688,0.007899688,0.008001096,0.008258417,0.008619626,0.011569071,0.014464838,0.01604139,0.017356837,0.018167373,0.019175375,0.020733953,-0.017807271,-0.012649819,-0.009547759,-0.0046777264,0.0056865327,0.009207916,0.012215866,0.017554479
2018-11-02,-0.001655386,-0.021949334,-0.019084739,-0.017357927,-0.016882442,-0.01521965,-0.014106216,-0.011631032,-0.010793155,-0.009166013,-0.008591656,-0.007767412,-0.0077527426,-0.006873458,-0.006394215,-0.004679243,-0.00397934,-0.0036214904,0.0029457926,0.003231213,0.0048650475,0.005755838,0.0072646127,0.007772066,0.008309904,0.008335764,0.008435763,0.008522622,0.0098630665,0.014397479,0.01576858,0.017374093,0.018080411,0.019122569,0.020467531,-0.017448476,-0.012610868,-0.009623446,-0.00528834,0.0050215586,0.009258509,0.011859869,0.01742605
2018-11-05,0.001857182,-0.022629261,-0.019409576,-0.017504849,-0.017053517,-0.015123385,-0.014206439,-0.011922636,-0.0106838355,-0.009127025,-0.008342265,-0.008161267,-0.007455181,-0.006988739,-0.0068887393,-0.0051118582,-0.004617658,-0.004177939,0.0037026908,0.0046264245,0.005334854,0.005827306,0.006675846,0.008221389,0.009266842,0.009412259,0.009512259,0.010634401,0.012909999,0.013985956,0.015697246,0.017344287,0.017973924,0.019028397,0.02063701,-0.017684435,-0.012688955,-0.009535292,-0.0057914923,0.005751624,0.00978597,0.013003307,0.01733858
2018-11-06,0.0015734886,-0.022750102,-0.01957851,-0.017533408,-0.017178193,-0.015447379,-0.01468157,-0.012080739,-0.010727384,-0.008595213,-0.008340707,-0.0079075545,-0.00742855,-0.0072386307,-0.0069351275,-0.006614447,-0.006166554,-0.004337895,0.0028849917,0.0030640229,0.0040071914,0.005478478,0.006463828,0.006563828,0.007506339,0.0076063387,0.0077063385,0.008080727,0.009193126,0.013105584,0.015681079,0.017237958,0.017991971,0.019105505,0.02068202,-0.017927151,-0.012723664,-0.009683369,-0.006392315,0.0045882044,0.008364062,0.011215549,0.017162431
2018-11-07,0.004679511,-0.022321848,-0.019173529,-0.017412262,-0.016953774,-0.015275263,-0.014031214,-0.012074827,-0.01078686,-0.009092076,-0.008245042,-0.008217314,-0.008012025,-0.007637143,-0.006855529,-0.0055623604,-0.004247268,-0.0031581842,0.004589114,0.005234247,0.0057219174,0.006885829,0.0069858287,0.007866394,0.007966394,0.009497246,0.009597246,0.009697245,0.009797245,0.014085429,0.015733978,0.017367188,0.01800616,0.018960157,0.02078626,-0.017551128,-0.012679447,-0.0097424565,-0.005608131,0.0060795,0.009626429,0.012236665,0.017386604
2018-11-08,-0.0038827537,-0.022338396,-0.019505508,-0.017471036,-0.017050622,-0.01591085,-0.01579134,-0.014799289,-0.013181785,-0.013081785,-0.011753641,-0.011513515,-0.011196644,-0.010105093,-0.009758948,-0.007001609,-0.0058189,-0.0057189004,0.004675932,0.0059089744,0.007622928,0.008047662,0.010919593,0.011019593,0.011445148,0.011545148,0.011645148,0.011939408,0.013125294,0.014767265,0.016567599,0.017371569,0.01817742,0.019179637,0.020778444,-0.018119344,-0.014865048,-0.012405701,-0.007962375,0.007540129,0.012038201,0.013930907,0.017732903
2018-11-09,-0.006422731,-0.022901153,-0.019313836,-0.017409625,-0.01684237,-0.015306646,-0.014022683,-0.012018804,-0.011166031,-0.0104616815,-0.0100658685,-0.009961336,-0.009776329,-0.009072351,-0.007309177,-0.006222854,-0.005478235,-0.0049611623,0.0046608476,0.0049403175,0.0061024306,0.007023441,0.0092095835,0.009983604,0.011934643,0.0120346425,0.01404974,0.014082527,0.014182527,0.014427334,0.015876288,0.01726995,0.01816162,0.019188195,0.020834882,-0.017677339,-0.013015765,-0.010820651,-0.0067865527,0.006932336,0.011947538,0.01498075,0.01751933
2018-11-12,-0.0090585835,-0.022504227,-0.019463515,-0.017463405,-0.016537113,-0.015301107,-0.013990678,-0.011463539,-0.011316433,-0.011153524,-0.01043151,-0.010236675,-0.009893059,-0.008582995,-0.0075442605,-0.0071913134,-0.0065442086,-0.006444209,0.003113946,0.0036419197,0.0040754764,0.005860013,0.005960013,0.0077329758,0.008601118,0.009046297,0.009146296,0.009246296,0.009481217,0.014055273,0.015697109,0.017096922,0.018044505,0.019119501,0.020697625,-0.017559329,-0.013077515,-0.010842935,-0.007592133,0.0050584944,0.009208171,0.011994718,0.017333286
2018-11-13,0.0026962839,-0.022550495,-0.019461755,-0.017500702,-0.017081637,-0.015424071,-0.014712679,-0.01175538,-0.011196801,-0.0102114165,-0.00988375,-0.009627327,-0.008616365,-0.008381499,-0.006890248,-0.0049788505,-0.00354448,-0.002781201,0.004036417,0.0058905073,0.005990507,0.006183042,0.0074005476,0.007733372,0.008794284,0.009037886,0.009137886,0.0092378855,0.010391133,0.013215819,0.015746731,0.017100804,0.017967507,0.01914509,0.02053315,-0.017846126,-0.013075396,-0.010558219,-0.0055644214,0.006178952,0.009325102,0.011990046,0.01714832
2018-11-14,0.0024348253,-0.022283426,-0.01937736,-0.017490033,-0.017060304,-0.015220233,-0.014162554,-0.012023051,-0.011075135,-0.0101972865,-0.010149318,-0.009825158,-0.009284498,-0.0085643,-0.006858804,-0.0037657584,-0.0029091758,-0.0028091758,0.003905178,0.004386645,0.0050412132,0.0066317804,0.0072947363,0.00908992,0.010541446,0.010641445,0.010741445,0.012033429,0.012133429,0.0140904775,0.01584541,0.017462788,0.018232625,0.01922362,0.02073793,-0.017620776,-0.012989612,-0.010647161,-0.0052336142,0.006101252,0.010630002,0.013446281,0.017472047
2018-11-15,0.0008419546,-0.022389255,-0.019304637,-0.017291471,-0.016271176,-0.016030757,-0.013577543,-0.012092559,-0.011619901,-0.011413452,-0.011170018,-0.010743719,-0.010531158,-0.009551904,-0.007894181,-0.0059442935,-0.0040729586,-0.0038194156,0.0062720836,0.0071200426,0.008736837,0.010402452,0.010502452,0.011288283,0.012096252,0.013195801,0.013619485,0.013719485,0.013819485,0.013974006,0.015893318,0.017205402,0.018069657,0.019073443,0.02070078,-0.017514674,-0.013198985,-0.011290105,-0.0064949133,0.008925533,0.012536006,0.0146404235,0.017369391
2018-11-16,0.006789224,-0.02230168,-0.019315783,-0.017446307,-0.01655723,-0.01629245,-0.015405137,-0.0142627135,-0.013343205,-0.012884026,-0.011957554,-0.011577794,-0.010667355,-0.00999085,-0.008363359,-0.006853435,-0.005125429,-0.005025429,0.0062201535,0.0077171745,0.008541289,0.0087507805,0.009526691,0.009626615,0.010169368,0.010750735,0.012193047,0.013249173,0.013828701,0.014030267,0.016520876,0.017800618,0.018199898,0.019299485,0.020796716,-0.017974455,-0.014668278,-0.01227282,-0.0073890896,0.008279754,0.011436696,0.014300218,0.017689591
2018-11-19,0.005129507,-0.022218565,-0.019209713,-0.017387554,-0.016860401,-0.015692007,-0.014360834,-0.011777103,-0.01100474,-0.0104681635,-0.009648338,-0.00946893,-0.009140615,-0.008638255,-0.008441615,-0.0060351714,-0.0053660674,-0.004806637,0.0042901114,0.0053031542,0.0062309545,0.007539922,0.00836141,0.008746559,0.009388572,0.009488571,0.010837716,0.011701772,0.012662193,0.014171538,0.015869183,0.017395727,0.018224536,0.019262364,0.020767134,-0.017668303,-0.012999679,-0.010558557,-0.006823684,0.006550543,0.01049397,0.013519551,0.017493188
2018-11-20,-0.0038074122,-0.022657821,-0.019435296,-0.017443605,-0.01649507,-0.015259437,-0.014226544,-0.012013016,-0.011004287,-0.010726128,-0.010196864,-0.009638606,-0.008968644,-0.008435535,-0.008335535,-0.0061028893,-0.0058996785,-0.00554252,0.0035425252,0.003572751,0.003926316,0.005093652,0.0064708563,0.006502828,0.00754499,0.007669674,0.008931164,0.009790854,0.010633752,0.014052326,0.015547542,0.016850073,0.01779855,0.018774958,0.020402174,-0.017614832,-0.013082716,-0.010566375,-0.0071038455,0.0047360472,0.008897307,0.012241329,0.017125417
2018-11-21,-0.0014032752,-0.022555057,-0.019559126,-0.017521763,-0.01678635,-0.015295551,-0.014156502,-0.0121537065,-0.011261843,-0.010160843,-0.009854428,-0.009535041,-0.008998479,-0.0075934343,-0.006319211,-0.0037336035,-0.0032421108,-0.0027137385,0.0033712676,0.0049155722,0.005337678,0.005382429,0.006127042,0.0073051224,0.008587896,0.008687896,0.009082069,0.010143962,0.01054341,0.014162049,0.015814714,0.017178167,0.018013073,0.019123737,0.020749893,-0.017670516,-0.0130509315,-0.010372938,-0.005108741,0.005518968,0.009285214,0.012388912,0.017405713
2018-11-22,0.0010986687,-0.022004712,-0.01882858,-0.017173843,-0.016704176,-0.015119519,-0.014019298,-0.012096705,-0.011215139,-0.010649636,-0.009993108,-0.009475566,-0.009329022,-0.009229022,-0.008574706,-0.0065281163,-0.005453116,-0.0047797435,0.0028333503,0.0038046024,0.0051759575,0.0053987526,0.007134177,0.00809231,0.008719975,0.009630737,0.010495897,0.011637601,0.0120257735,0.01322736,0.015650852,0.017100142,0.018032433,0.019095728,0.020729057,-0.017335257,-0.013030926,-0.0107571175,-0.0069622495,0.0051865275,0.009944437,0.013083813,0.017160628
2018-11-23,-0.005545124,-0.022108193,-0.019166067,-0.017446304,-0.01640742,-0.015120287,-0.01384011,-0.011776148,-0.010808789,-0.00913816,-0.00878569,-0.008194877,-0.007888796,-0.00774005,-0.0076400503,-0.0068980604,-0.0067000864,-0.006268169,0.0032519884,0.0038561292,0.0039561293,0.0040333914,0.004945935,0.0064247176,0.007360481,0.008132469,0.008765656,0.009223776,0.010214364,0.014195961,0.015878212,0.017178278,0.01823204,0.019164836,0.020691633,-0.017328417,-0.012601902,-0.009812687,-0.007140249,0.004491624,0.008584572,0.012126359,0.017421784
2018-11-26,-0.00031300768,-0.021676933,-0.018888867,-0.017265238,-0.016230842,-0.015179409,-0.013811373,-0.011693408,-0.010682608,-0.00911493,-0.008669225,-0.008237639,-0.00813764,-0.007491018,-0.0070758145,-0.0064696055,-0.0057206517,-0.0053957636,0.0039881538,0.004609807,0.0051456653,0.005751373,0.0063831313,0.0071607917,0.0073420918,0.008350623,0.008849334,0.009402694,0.010796643,0.013792319,0.015813872,0.017151915,0.018015575,0.01893114,0.020607898,-0.017157486,-0.012513511,-0.009758373,-0.0065798955,0.0053674183,0.009017912,0.012171312,0.01725943
2018-11-27,-0.00434814,-0.022472547,-0.019329712,-0.017459812,-0.016964281,-0.015294666,-0.014097539,-0.012183591,-0.010748186,-0.009251159,-0.008785233,-0.007867735,-0.007767735,-0.0064092004,-0.0063092005,-0.004817778,-0.0043608546,-0.0038904345,0.0042069233,0.0049424316,0.006314778,0.0070569995,0.007347109,0.008147646,0.008173857,0.008274956,0.008917184,0.0092594735,0.010219573,0.013331976,0.01597715,0.017322682,0.018292008,0.019255202,0.020741826,-0.017631749,-0.012748057,-0.009561578,-0.0054492005,0.006138998,0.009272232,0.012004043,0.017325766
2018-11-28,-0.0013382909,-0.022092372,-0.019174097,-0.017348312,-0.016393377,-0.015404944,-0.014177406,-0.011529422,-0.010641473,-0.0093241,-0.008665596,-0.007982134,-0.007860543,-0.00733994,-0.006498864,-0.004578473,-0.004551529,-0.0043745483,0.004782229,0.004882229,0.0051438212,0.005871411,0.007339038,0.008276083,0.0084161125,0.008516112,0.009162136,0.010005994,0.012556679,0.013923441,0.015853727,0.017091956,0.01794484,0.01892547,0.020608073,-0.01744844,-0.012604143,-0.009736992,-0.0055971094,0.0058191605,0.009612134,0.012718618,0.017280534
2018-11-29,0.009800604,-0.022538789,-0.019404728,-0.017498394,-0.016621824,-0.015415462,-0.013687221,-0.01208806,-0.0106875375,-0.009124005,-0.009011444,-0.0080551775,-0.007955178,-0.0067030187,-0.0061359624,-0.004769944,-0.002860519,-0.002760519,0.0038976136,0.004380347,0.005549913,0.007224916,0.007895542,0.008751892,0.0103979325,0.011200993,0.011300993,0.011400993,0.012596444,0.014051432,0.015879422,0.01731924,0.018201461,0.019261563,0.020691425,-0.017533604,-0.012617044,-0.00960888,-0.0049164244,0.0062901443,0.01066017,0.013510264,0.017440615
2018-11-30,-0.005510675,-0.022228867,-0.019204764,-0.01744158,-0.016341494,-0.016117364,-0.01493863,-0.014450766,-0.013492389,-0.012361707,-0.011474414,-0.010896025,-0.010796025,-0.010539678,-0.010345471,-0.008017771,-0.0072388365,-0.005469211,0.0057208044,0.007962581,0.009405491,0.009505491,0.01088051,0.0113261165,0.01284049,0.01294049,0.013455401,0.013555401,0.01380861,0.014047184,0.016456934,0.018132236,0.018232236,0.019000845,0.02061309,-0.017766224,-0.014537014,-0.012248227,-0.008393464,0.009086972,0.01254994,0.014619766,0.017650057
2018-12-03,0.0020047931,-0.022270612,-0.019395754,-0.01748821,-0.017081998,-0.015646627,-0.014175799,-0.012062018,-0.011024935,-0.010659081,-0.010415923,-0.010315923,-0.009774657,-0.009626175,-0.008422051,-0.006257889,-0.0056035654,-0.0055146674,0.0032316656,0.0039827577,0.0050170356,0.0060106027,0.006658095,0.0077197403,0.00781974,0.009072849,0.010287585,0.010387585,0.012602953,0.014033813,0.015858319,0.017165694,0.01803528,0.01908813,0.020704426,-0.017714158,-0.013082008,-0.011003498,-0.007222819,0.00521236,0.009574416,0.013069443,0.017370077
2018-12-04,0.00033043796,-0.02236565,-0.019207656,-0.017440982,-0.016514326,-0.015063823,-0.014016139,-0.011846037,-0.011109639,-0.010749639,-0.009826481,-0.00942714,-0.0068966416,-0.006631129,-0.0057309126,-0.0044630454,-0.0033040463,-0.0032040463,0.002880353,0.0035632013,0.004145943,0.006816884,0.0077780634,0.008410935,0.009465901,0.0103413025,0.010441302,0.010909975,0.012524783,0.014010231,0.015451899,0.017079704,0.017929137,0.018977342,0.020786162,-0.01743352,-0.013032487,-0.009696006,-0.005225838,0.0053744568,0.010290101,0.013163087,0.017261067
2018-12-05,-0.0007094746,-0.022357762,-0.019149177,-0.0174022,-0.01639503,-0.015168505,-0.01343871,-0.012076762,-0.011050061,-0.010475354,-0.010209555,-0.009397886,-0.009042069,-0.0075069293,-0.0054855477,-0.005385548,-0.0036170303,-0.0035119154,0.004586578,0.0052147503,0.0061747106,0.006950032,0.0072952374,0.008108151,0.009086104,0.009220988,0.009903621,0.010411831,0.011176969,0.014052548,0.015622957,0.017145816,0.01798763,0.019079877,0.02070263,-0.017301837,-0.012888618,-0.010249465,-0.0054795854,0.0064024343,0.009817751,0.01270652,0.017320765
2018-12-06,0.003515994,-0.022417946,-0.019408714,-0.01744693,-0.016343465,-0.015192019,-0.014166349,-0.012020493,-0.011193959,-0.010716316,-0.010134642,-0.010002014,-0.009332075,-0.008590199,-0.006754282,-0.0050503085,-0.0040775253,-0.0035666835,0.0029112508,0.0034473438,0.0044770525,0.0060105873,0.007725435,0.007878205,0.008823487,0.009490188,0.009590188,0.010324635,0.012524545,0.014124497,0.015751418,0.017279772,0.018130492,0.019207457,0.020593567,-0.0175057,-0.0131088095,-0.010683444,-0.005890162,0.0051339446,0.009908592,0.012938872,0.017391343
2018-12-07,0.00072673865,-0.022673532,-0.01934707,-0.017404728,-0.016513955,-0.015376467,-0.014313406,-0.011387062,-0.010734816,-0.009639779,-0.008622113,-0.007964826,-0.0078026587,-0.0072985548,-0.006776585,-0.0059718536,-0.005190882,-0.0051564937,0.0045951335,0.0052197417,0.005914781,0.007893571,0.009219671,0.0100802565,0.012167072,0.012267072,0.012367072,0.012467071,0.012690047,0.013841229,0.015684972,0.01701327,0.018024158,0.01904267,0.020678425,-0.017644886,-0.012695959,-0.009754309,-0.006212128,0.0071580606,0.01157506,0.013877916,0.017252114
2018-12-10,-0.0013551016,-0.022477536,-0.01933906,-0.017455941,-0.01636945,-0.015168462,-0.013778462,-0.012038075,-0.011691112,-0.011451243,-0.0111310845,-0.011031085,-0.010931085,-0.010696508,-0.009411378,-0.0085341865,-0.007714686,-0.0070951274,0.0038708483,0.0049038427,0.0066522337,0.0071905367,0.009033673,0.009133673,0.009870449,0.010866795,0.011919937,0.012019937,0.013214537,0.01394312,0.01582373,0.01705854,0.018047564,0.01898391,0.02057151,-0.017426595,-0.013282967,-0.0116456505,-0.008757291,0.006497582,0.010999439,0.01382902,0.017276162
2018-12-11,-0.0046546906,-0.022465127,-0.019346545,-0.017410478,-0.016496412,-0.015173092,-0.013767467,-0.011949175,-0.011034275,-0.010448134,-0.010027198,-0.009656278,-0.009556279,-0.009456279,-0.008552644,-0.0074414955,-0.006189896,-0.0052477974,0.003885338,0.0048401295,0.005303234,0.006777013,0.0074906936,0.009020606,0.010438608,0.010539811,0.01202372,0.012512981,0.012570053,0.013869305,0.015628228,0.0170201,0.017836696,0.018873945,0.020596998,-0.017449727,-0.012921905,-0.0107683,-0.007417622,0.0062488643,0.010686679,0.01376255,0.017197715
2018-12-12,0.0038235907,-0.022252614,-0.019367058,-0.017462712,-0.016451523,-0.0152160935,-0.0139864525,-0.011263371,-0.0111074615,-0.010713392,-0.010353442,-0.010065472,-0.009708408,-0.009127477,-0.007922869,-0.0065940977,-0.006040367,-0.005527907,0.0021769132,0.0029700475,0.0050428,0.0071289116,0.007835521,0.008484409,0.008584409,0.009228892,0.010653818,0.010753959,0.0117374,0.013942511,0.015673596,0.017152002,0.018046204,0.018949183,0.020713435,-0.017454747,-0.012906678,-0.010856649,-0.0072301426,0.005180616,0.010049058,0.013026779,0.017286144
2018-12-13,-0.001624617,-0.0223821,-0.019163676,-0.01742051,-0.016296798,-0.015021177,-0.013735668,-0.011769553,-0.011024846,-0.0106813265,-0.010155695,-0.0099348165,-0.009219149,-0.009042225,-0.007659151,-0.004082344,-0.0036595515,-0.0035048558,0.0023904159,0.0036775589,0.0050245253,0.0058477065,0.0070289024,0.008814406,0.009544711,0.00964471,0.0100788595,0.010834477,0.012566568,0.013970821,0.015616499,0.017257975,0.018036282,0.019128209,0.020786319,-0.017319884,-0.01292638,-0.010635516,-0.005768144,0.0052969838,0.010058664,0.013097403,0.017351964
2018-12-14,-0.0044249226,-0.022396391,-0.01937336,-0.017446786,-0.016965883,-0.015555821,-0.01395472,-0.011786774,-0.011138862,-0.010087018,-0.009901302,-0.009651277,-0.009112603,-0.009012603,-0.007013662,-0.0055336272,-0.004388521,-0.003910069,0.004914846,0.005380889,0.00556839,0.0065511563,0.0074271485,0.008427923,0.00872661,0.009296216,0.009830268,0.010627015,0.012212895,0.013902798,0.01545583,0.017059894,0.017941859,0.018951677,0.020495335,-0.017649235,-0.0128828315,-0.0106240185,-0.0060994313,0.006228378,0.009936219,0.012902966,0.017173108
2018-12-17,0.0034594696,-0.022714498,-0.019233974,-0.017462486,-0.016506698,-0.015205418,-0.013243761,-0.011511165,-0.011061408,-0.01076599,-0.01066599,-0.010226356,-0.010195978,-0.009538611,-0.008948662,-0.00782174,-0.006609508,-0.0062287287,0.0032992442,0.0037026438,0.0048032952,0.007068196,0.0071681957,0.007486819,0.008775609,0.008875608,0.00971187,0.010402658,0.012277039,0.014004549,0.015735608,0.017363483,0.018310707,0.01928151,0.020793289,-0.017380869,-0.012808962,-0.01094115,-0.007966998,0.0055297976,0.009587566,0.012941363,0.017435689
2018-12-18,0.0025042824,-0.022523312,-0.019456757,-0.017495438,-0.01651269,-0.015401303,-0.014215609,-0.011661173,-0.01095277,-0.009377201,-0.008692586,-0.008087427,-0.0079874275,-0.006620099,-0.006520099,-0.0054992046,-0.0038245537,-0.0024804696,0.0051475246,0.0063499333,0.008011126,0.009493363,0.010287141,0.010387141,0.010619885,0.011024974,0.011124974,0.011224974,0.011785655,0.013876637,0.01575037,0.01718641,0.018106421,0.0191827,0.020772161,-0.017621934,-0.012740438,-0.009693699,-0.005282351,0.007924367,0.011360173,0.013223733,0.017353658
2018-12-19,0.004952618,-0.022900987,-0.019480892,-0.01750065,-0.016494824,-0.015357614,-0.014280868,-0.0118677495,-0.010775199,-0.008912385,-0.008569095,-0.008023864,-0.0072750435,-0.00618989,-0.0053610033,-0.003594832,-0.00308829,-0.0017652068,0.0060137785,0.0068909274,0.0069909273,0.007951033,0.009018746,0.009550999,0.009650999,0.009995995,0.010606636,0.012167819,0.012241578,0.013753026,0.015784536,0.017211901,0.017951004,0.019148039,0.020596074,-0.017703036,-0.01266737,-0.009418019,-0.004366639,0.0074995323,0.010897318,0.013344012,0.017298715
2018-12-20,-0.00041816957,-0.02221518,-0.01939441,-0.017442485,-0.016559802,-0.01508308,-0.013990757,-0.011911893,-0.010745575,-0.008879932,-0.008491792,-0.008391792,-0.008291792,-0.0076180995,-0.0066413158,-0.0040173586,-0.0026268132,-0.0017738132,0.0055774637,0.006170806,0.006748128,0.0075966446,0.008751797,0.011131408,0.011687006,0.012886996,0.012986996,0.013086996,0.013186996,0.013899697,0.015990088,0.017324554,0.01827347,0.019215534,0.020762118,-0.017448645,-0.012594128,-0.009827603,-0.0046902183,0.00755601,0.0119513795,0.014286831,0.017438397
2018-12-21,-0.0001467292,-0.022187559,-0.019286495,-0.017486434,-0.01665708,-0.016061803,-0.014730065,-0.013850965,-0.0135792475,-0.011451688,-0.010807512,-0.01061062,-0.010425618,-0.009881647,-0.009209658,-0.0077135796,-0.006806998,-0.0051960247,0.0037209464,0.0053952048,0.006205878,0.0070452276,0.0075423624,0.009334503,0.010434346,0.010534346,0.010634346,0.0114137605,0.012540525,0.01379809,0.015498763,0.016933918,0.017795436,0.018939178,0.020526456,-0.017784601,-0.014219681,-0.011884818,-0.007907376,0.006560321,0.010524613,0.013236431,0.01713928
2018-12-24,-9.637119e-05,-0.022745192,-0.01921256,-0.017403096,-0.016421108,-0.015642315,-0.014441262,-0.011903111,-0.011579856,-0.011479856,-0.010988596,-0.0109448,-0.010844801,-0.010744801,-0.009736383,-0.0073351925,-0.0059195245,-0.0033458595,0.004156001,0.004706061,0.006096946,0.0068529123,0.008497564,0.010232211,0.011417746,0.011517745,0.011617745,0.011940983,0.012194516,0.01400113,0.01579831,0.017213462,0.018011698,0.019181257,0.020703703,-0.017692488,-0.013361436,-0.011719863,-0.007456352,0.006645933,0.011237927,0.013553214,0.017379573
2018-12-27,-0.0011791084,-0.022652015,-0.019452615,-0.017447915,-0.016411498,-0.015233907,-0.014091263,-0.011340912,-0.010897559,-0.010847746,-0.009710828,-0.009439058,-0.008098179,-0.006280397,-0.0048283194,-0.0045352443,-0.0029343877,-0.0024589559,0.004785842,0.00536187,0.0059435,0.006182584,0.007366487,0.0074664867,0.0085062375,0.008681754,0.009859839,0.009959839,0.011295685,0.013726667,0.01563095,0.0171195,0.017989455,0.01910012,0.020746727,-0.017568259,-0.012925079,-0.009815645,-0.004839193,0.0061560064,0.009440246,0.012566296,0.017264793
2018-12-28,0.003305875,-0.022532359,-0.019275386,-0.01743397,-0.01699038,-0.015373016,-0.014544656,-0.012063837,-0.011178868,-0.010776097,-0.009838556,-0.009738556,-0.009603355,-0.009419049,-0.007951371,-0.0053688437,-0.0050193495,-0.0038647451,0.004960341,0.005695827,0.007328726,0.0076476284,0.009612942,0.009712942,0.009812942,0.01050076,0.01081831,0.011198237,0.012987941,0.013873426,0.01568416,0.017136885,0.01800477,0.01906003,0.020647239,-0.01774316,-0.013199484,-0.010916897,-0.0063885734,0.0070890924,0.010979662,0.013376537,0.01728035
2018-12-31,-0.0003257233,-0.021690007,-0.018946903,-0.01731522,-0.016202403,-0.014862399,-0.013748606,-0.012094409,-0.010932668,-0.010674468,-0.009793676,-0.009519451,-0.009407254,-0.008891649,-0.008279364,-0.0065103415,-0.005465102,-0.0050444747,0.0047678575,0.005273904,0.0061825616,0.007847717,0.008552509,0.010586161,0.011362834,0.011649455,0.012258683,0.012974752,0.013074752,0.013928339,0.015739094,0.017133584,0.018013755,0.019005952,0.020610638,-0.017090064,-0.012953075,-0.01055477,-0.006963746,0.007086975,0.011538243,0.014050056,0.017283522
2019-01-02,-0.0070453496,-0.022034587,-0.019182153,-0.017345853,-0.016405413,-0.015062956,-0.013531969,-0.011466137,-0.011105349,-0.01042394,-0.01030234,-0.009822256,-0.008896424,-0.008238358,-0.0064968863,-0.0049203173,-0.0042522373,-0.004091909,0.004738972,0.004975909,0.005890684,0.005990684,0.007141958,0.007738802,0.0078028115,0.008531398,0.009531498,0.009879672,0.011126464,0.013755817,0.01562888,0.017246123,0.01823433,0.019125095,0.02065818,-0.017243415,-0.012774649,-0.010414888,-0.005916721,0.005879812,0.009409529,0.0125055555,0.01728282
2019-01-03,0.0034158758,-0.022485897,-0.019424988,-0.01749731,-0.016500343,-0.015323123,-0.013635352,-0.011906248,-0.01129309,-0.011119021,-0.010950272,-0.010214188,-0.0101770805,-0.009378242,-0.008365266,-0.008101422,-0.0076635987,-0.0070029907,0.003759441,0.004072522,0.0041017723,0.0050517893,0.0063184453,0.008243966,0.008250695,0.008948785,0.0094221765,0.010555265,0.012762899,0.0136026265,0.014943853,0.016843189,0.017752752,0.018738586,0.02050375,-0.01747394,-0.0130902035,-0.011086808,-0.0082694935,0.005047244,0.009533817,0.012819144,0.0169264
2019-01-04,0.0015721257,-0.022826165,-0.019548664,-0.01752967,-0.0166579,-0.01512873,-0.0141450185,-0.011945798,-0.0115776295,-0.011215376,-0.010695452,-0.010118908,-0.009478096,-0.008621373,-0.008127795,-0.006610509,-0.0049142633,-0.004603845,0.004375181,0.0047020563,0.005779925,0.0064595686,0.0075927577,0.009508537,0.009608537,0.0103116585,0.010667677,0.011202142,0.012973812,0.013874822,0.015150324,0.017097408,0.017975096,0.018977258,0.02046697,-0.017661296,-0.013282699,-0.010903513,-0.006875064,0.006185054,0.010497984,0.013338709,0.017113356
2019-01-07,0.0046078297,-0.022638444,-0.01935699,-0.017393418,-0.015995812,-0.014909586,-0.013982447,-0.011637907,-0.0113241635,-0.010921451,-0.010359951,-0.009843812,-0.009206755,-0.009022197,-0.008291659,-0.006049882,-0.0050098337,-0.0040540546,0.005259644,0.005820307,0.006814625,0.008208078,0.008564182,0.009220013,0.009483467,0.009833786,0.010665385,0.011398892,0.013056577,0.013865449,0.015366365,0.017049903,0.017998794,0.019050276,0.020420095,-0.017376656,-0.013051878,-0.010779102,-0.006649848,0.0071172244,0.010576464,0.013397018,0.017150419
2019-01-08,-0.001914436,-0.022825949,-0.019472715,-0.01750779,-0.01701534,-0.0151383,-0.013686434,-0.011842027,-0.011000983,-0.010350526,-0.010103871,-0.0096790735,-0.009206639,-0.008875567,-0.007561722,-0.006337051,-0.0051982636,-0.005090982,0.0037500507,0.0038500507,0.005038887,0.005715964,0.0070045744,0.00849421,0.009646565,0.009746565,0.010702642,0.0108026415,0.011198339,0.013953775,0.015345117,0.017156929,0.018014973,0.019055102,0.02065389,-0.017627748,-0.012877552,-0.010574698,-0.0067734183,0.0056003034,0.010000354,0.012934474,0.017232964
2019-01-09,0.0060082222,-0.022946863,-0.019537488,-0.01747452,-0.016533893,-0.0152372075,-0.013454892,-0.011993655,-0.011083695,-0.01088936,-0.010031038,-0.009695312,-0.009286177,-0.00858766,-0.007555791,-0.004284171,-0.003422821,-0.0033777952,0.0032223319,0.0048298966,0.0049366592,0.005599206,0.007483709,0.0074989493,0.008236425,0.008415443,0.008917098,0.010335501,0.010684849,0.013713033,0.015249492,0.016995737,0.017876865,0.0189258,0.020500734,-0.017542068,-0.012979224,-0.010488693,-0.005667178,0.0053649037,0.009489327,0.012305468,0.01707696
2019-01-10,0.0010767021,-0.022710506,-0.019257959,-0.017374888,-0.01643654,-0.014680085,-0.013427797,-0.011533149,-0.011082643,-0.010567385,-0.009594977,-0.0094676055,-0.009415685,-0.008493761,-0.0066470606,-0.004129142,-0.0036071036,-0.0035015468,0.004347653,0.004709519,0.005379122,0.005398426,0.007810432,0.007910432,0.008605337,0.009237691,0.009851456,0.010744395,0.012734897,0.013826232,0.015043458,0.016845187,0.01774578,0.018698342,0.020624734,-0.017302576,-0.012797172,-0.010402972,-0.005470492,0.005688011,0.009905837,0.012980552,0.017007591
2019-01-11,-0.0039303545,-0.022576056,-0.019428557,-0.017393926,-0.01668381,-0.014994023,-0.013995068,-0.0118497815,-0.011116622,-0.01083379,-0.010388008,-0.010104893,-0.010004893,-0.009904893,-0.008681973,-0.007923004,-0.0074952124,-0.006305795,0.0039681094,0.004207529,0.004307529,0.005215833,0.0065903715,0.007973902,0.0091313515,0.009231351,0.009241295,0.010129713,0.012817829,0.0139014665,0.015603744,0.017076317,0.018014494,0.018578019,0.02079568,-0.017535504,-0.013037836,-0.011081897,-0.008102176,0.00536607,0.009565361,0.012820959,0.017191045
2019-01-14,-0.0008912589,-0.022320114,-0.019149564,-0.017383939,-0.016324472,-0.015194649,-0.0136822965,-0.011672999,-0.0106815705,-0.009510204,-0.0084959855,-0.008051519,-0.0077133668,-0.007613367,-0.007513367,-0.0073116417,-0.006873053,-0.006771218,0.0018242007,0.002384319,0.004024062,0.0059065754,0.006006575,0.007938711,0.008225643,0.008684128,0.010010646,0.010540703,0.012017603,0.013739728,0.015373827,0.017039185,0.017959926,0.018763212,0.020437699,-0.017334219,-0.012586202,-0.009637317,-0.0073041595,0.00447296,0.009381969,0.012853721,0.017070731
2019-01-15,-0.002455612,-0.02256799,-0.019365894,-0.017477898,-0.016444702,-0.015082865,-0.013889305,-0.011203225,-0.010607369,-0.009150914,-0.008322027,-0.0076908013,-0.0073649464,-0.007031318,-0.0069380864,-0.0063726096,-0.005570319,-0.0051936135,0.004002366,0.0043135607,0.0048133912,0.005360291,0.0061839675,0.0077452785,0.00812846,0.008228459,0.008692965,0.009270081,0.011466463,0.014197288,0.015903033,0.017287808,0.018288257,0.019284278,0.020796062,-0.017470151,-0.012465742,-0.009442993,-0.0063530863,0.0053236135,0.009125015,0.012383011,0.017493693
2019-01-16,-0.0039196243,-0.02258958,-0.019389618,-0.017457942,-0.016552428,-0.015202783,-0.013776203,-0.011306077,-0.010483676,-0.009262436,-0.008117595,-0.007929517,-0.007893496,-0.0074671865,-0.006778673,-0.006015364,-0.005398522,-0.004719457,0.0037898603,0.0043081017,0.005004891,0.00712948,0.0072805374,0.007388888,0.008705126,0.008894415,0.008975357,0.01003445,0.012670943,0.0137574375,0.01509628,0.01709695,0.017916007,0.018814575,0.020653784,-0.017502123,-0.012457266,-0.00954763,-0.006168307,0.005787492,0.009471145,0.012670839,0.017083805
2019-01-17,-0.0012316097,-0.022496808,-0.019178217,-0.017407585,-0.016455172,-0.015107408,-0.013593245,-0.011455384,-0.010665957,-0.009634558,-0.008263274,-0.0081046475,-0.0076836497,-0.0072009685,-0.0069584204,-0.0055616396,-0.005213901,-0.004378193,0.004052423,0.004152423,0.0044336063,0.0059728343,0.007086843,0.008198832,0.009107007,0.009207007,0.009480305,0.010171872,0.012415224,0.013997075,0.015699662,0.017125238,0.018034989,0.019119233,0.02052107,-0.01736617,-0.012551347,-0.009481419,-0.0060433606,0.0055436585,0.009732326,0.012819892,0.017292455
2019-01-18,-0.0011605493,-0.022663228,-0.0193654,-0.01745852,-0.01635697,-0.014669724,-0.0135039035,-0.011554297,-0.010673135,-0.009318482,-0.008248769,-0.007947478,-0.0075860983,-0.0066103423,-0.0055385507,-0.0048601944,-0.004371441,-0.0038396693,0.004623741,0.0058543663,0.005893567,0.007062659,0.0071941093,0.0078809075,0.008069338,0.0081597185,0.008560177,0.009208131,0.010948764,0.013996546,0.015278275,0.017216943,0.018040689,0.019093458,0.020764636,-0.017311845,-0.012501667,-0.009324449,-0.0053114668,0.006300734,0.009287883,0.012150861,0.017269973
2019-01-21,-0.0003145474,-0.022977725,-0.019573575,-0.017506376,-0.016693348,-0.015234012,-0.013800394,-0.01154573,-0.010623659,-0.0093377,-0.008909753,-0.008250009,-0.007178089,-0.006566918,-0.004849077,-0.0027768791,-0.00218385,-0.0014730386,0.004778729,0.0054056924,0.0063098497,0.0071520256,0.008993909,0.009093909,0.010378497,0.010391075,0.010901356,0.011001356,0.012133089,0.013922915,0.015219421,0.01718265,0.018078923,0.019162714,0.02072057,-0.01765581,-0.012562772,-0.0094157625,-0.003906571,0.006804958,0.010680633,0.013207528,0.017241653
2019-01-22,-0.0005677555,-0.022069199,-0.019149646,-0.017363716,-0.016401445,-0.015112304,-0.01421941,-0.011323773,-0.010915782,-0.009410738,-0.00866528,-0.008242547,-0.008142547,-0.0064041414,-0.004861111,-0.003255621,-0.002966395,-0.002866395,0.0035795863,0.0042204894,0.004598871,0.0057396083,0.0075435364,0.00939451,0.009805558,0.009828759,0.010137499,0.011419055,0.011519055,0.013844712,0.015328447,0.017170023,0.018014649,0.019020896,0.020600716,-0.017390402,-0.012646684,-0.009669432,-0.004438414,0.005588823,0.010406114,0.012986993,0.017192958
2019-01-23,0.0019352064,-0.021951925,-0.019256447,-0.017131604,-0.016463468,-0.015077757,-0.01350567,-0.011263682,-0.010733195,-0.009367595,-0.0081108585,-0.0074681453,-0.007015246,-0.005791348,-0.0052725524,-0.0032445453,-0.002486319,-0.002386319,0.0028401332,0.003188566,0.0036525968,0.0050259233,0.006935536,0.008648046,0.009760421,0.009860421,0.010612,0.011523109,0.011666018,0.014002642,0.015513416,0.017279427,0.01816598,0.019234437,0.020853696,-0.017251054,-0.01240035,-0.009031264,-0.0041715764,0.004893528,0.010193951,0.01319395,0.017376725
2019-01-24,-0.0022346182,-0.022022849,-0.019192532,-0.017377492,-0.016417822,-0.01519076,-0.013392556,-0.011852683,-0.01043037,-0.008804337,-0.008010676,-0.0069106314,-0.0066159405,-0.0056246016,-0.003628777,-0.0016291623,-0.0012540523,-0.0011540523,0.004331611,0.004431611,0.005869996,0.006558936,0.006658936,0.0076144873,0.0094068255,0.010907573,0.0110075725,0.0112092225,0.012484484,0.013875705,0.015180592,0.017044198,0.018031541,0.019180685,0.02064168,-0.017243303,-0.012371488,-0.0088148285,-0.0029153351,0.006119796,0.010053185,0.013321705,0.017184574
2019-01-25,0.0038129946,-0.022450252,-0.019380542,-0.017442683,-0.016504716,-0.0149592,-0.013651692,-0.011625891,-0.010747679,-0.008846484,-0.007928458,-0.0066738236,-0.0060089678,-0.005755749,-0.004332463,-0.0032198133,-0.0028609873,-0.0026859082,0.0031249525,0.003581091,0.0043500382,0.0061740014,0.008393443,0.010815361,0.01091536,0.01101536,0.011245308,0.011682192,0.011782192,0.013608328,0.015026576,0.016949158,0.017920278,0.019091463,0.020530466,-0.01738928,-0.012462886,-0.008818509,-0.003954599,0.0056290887,0.011102937,0.013247659,0.017041197
2019-01-28,0.0034182153,-0.022471182,-0.019496527,-0.017494557,-0.016601387,-0.015261983,-0.014164684,-0.012044784,-0.010782926,-0.0088392645,-0.0075810202,-0.007284944,-0.0068903,-0.006016332,-0.0059163324,-0.0045418576,-0.0033363,-0.0029964193,0.0028777828,0.0033014435,0.004416491,0.0058464124,0.006372333,0.008097283,0.008197282,0.008297282,0.008699018,0.008996926,0.011827407,0.013889655,0.015219215,0.017122403,0.01812466,0.019246291,0.020880751,-0.017599152,-0.012665244,-0.009087053,-0.004815171,0.0049278825,0.009130696,0.012307534,0.017271664
2019-01-29,-0.0017941463,-0.022442661,-0.019149441,-0.017475283,-0.016537122,-0.015150771,-0.013951304,-0.011426113,-0.010726997,-0.0089058755,-0.008607929,-0.008230492,-0.0072001815,-0.0071001817,-0.007000182,-0.0052573867,-0.004984714,-0.0038021787,0.003803778,0.0039325603,0.0046261917,0.0054584313,0.0060998164,0.007432476,0.007532476,0.007632476,0.0076427213,0.008452281,0.009914927,0.01379348,0.015173172,0.017083861,0.017984748,0.019095965,0.020466987,-0.01744626,-0.012497115,-0.009517319,-0.0058549903,0.0050706873,0.008682106,0.011557631,0.017122691
2019-01-30,0.00079244684,-0.021828234,-0.018963875,-0.017309912,-0.016410101,-0.014735451,-0.014033191,-0.011851423,-0.0104024885,-0.008865415,-0.008655227,-0.008555227,-0.008455227,-0.007979323,-0.0071151913,-0.0058189644,-0.0055097616,-0.0046491367,0.0035558408,0.004300483,0.0044905893,0.004980579,0.0059189275,0.0063002715,0.0069462126,0.007987682,0.008110863,0.0088676065,0.010815877,0.013326499,0.015404988,0.017017586,0.017810611,0.018932702,0.02089268,-0.01719417,-0.012492486,-0.0099050915,-0.0063296566,0.004854741,0.008480197,0.011786291,0.01711489
2019-01-31,0.0044060918,-0.022589564,-0.019533457,-0.01748339,-0.01671145,-0.0152947,-0.013844307,-0.011541384,-0.010565072,-0.008818314,-0.008718315,-0.008618315,-0.008390377,-0.007428443,-0.006542893,-0.005841623,-0.0046489686,-0.0044652335,0.0045180162,0.0052235173,0.0059379702,0.0063532493,0.0072754724,0.007375472,0.007502748,0.008504057,0.008604057,0.008635535,0.011801677,0.013968551,0.015185373,0.017084673,0.017983558,0.019146351,0.020585822,-0.017594695,-0.012450494,-0.009789303,-0.006023406,0.0059071006,0.009151817,0.012198676,0.017194154
2019-02-01,-0.0005753138,-0.022854585,-0.019676318,-0.017509429,-0.016752863,-0.015947517,-0.014166471,-0.012265027,-0.011455143,-0.009877378,-0.008912152,-0.008808188,-0.008509221,-0.007884076,-0.007266783,-0.006501521,-0.0051977583,-0.0038548708,0.00491723,0.006089828,0.0064210542,0.007180505,0.007898804,0.008484459,0.009766177,0.009866177,0.009964459,0.011297894,0.012756718,0.01434449,0.01585366,0.017201547,0.01803422,0.019174742,0.020624487,-0.017879551,-0.013054689,-0.010185412,-0.0063258247,0.0068749585,0.0103783645,0.013279555,0.017439786
2019-02-04,-0.003458851,-0.022048138,-0.01925056,-0.017426545,-0.016570026,-0.015107232,-0.013422087,-0.011948923,-0.0106407255,-0.008927659,-0.008063058,-0.0077349795,-0.0076349797,-0.007612117,-0.0066497917,-0.005853965,-0.004662326,-0.0044241846,0.004546166,0.0055539845,0.005616589,0.0059679584,0.0069889682,0.0072798855,0.0073798853,0.007512929,0.008238384,0.009548988,0.011963436,0.013511768,0.015053856,0.01722863,0.018024711,0.019134691,0.020548763,-0.017279608,-0.0124731865,-0.009474593,-0.0058650495,0.0058129164,0.008968508,0.012257457,0.01709554
2019-02-05,-0.0019442991,-0.022324175,-0.019402144,-0.017486976,-0.016583646,-0.0151988715,-0.013660551,-0.011313354,-0.01042213,-0.0085356,-0.007903185,-0.007348029,-0.007068935,-0.006968935,-0.0066116303,-0.005164145,-0.0046514035,-0.0045849327,0.0037091295,0.004052686,0.004752176,0.0064843055,0.0074615832,0.009274553,0.009374552,0.009474552,0.009704102,0.009804102,0.010761882,0.013701741,0.015315799,0.017169919,0.018159062,0.019204464,0.02069007,-0.017433878,-0.012283722,-0.009204747,-0.005672028,0.00567457,0.0099433055,0.012426177,0.0172164
2019-02-06,-0.0026092802,-0.022815723,-0.01957098,-0.017514294,-0.016533358,-0.01517034,-0.014134072,-0.0113418745,-0.010640244,-0.008872756,-0.008288078,-0.00816228,-0.007905315,-0.00759408,-0.0066340747,-0.0051522246,-0.003934871,-0.0038348709,0.003430525,0.0035305251,0.0045162234,0.006255608,0.008796988,0.009852776,0.009952776,0.010052776,0.010219336,0.010319335,0.010542878,0.013904051,0.0150347585,0.017015064,0.0180314,0.018543877,0.020609016,-0.017644893,-0.012500648,-0.009712358,-0.005543664,0.0055371313,0.010585185,0.012603399,0.017021354
2019-02-07,-0.0018056799,-0.022713304,-0.019271003,-0.017433545,-0.016500378,-0.01513494,-0.013351141,-0.0111990115,-0.010628019,-0.008792358,-0.007731042,-0.0076147607,-0.0071791257,-0.006884459,-0.006450988,-0.0062695323,-0.0054318374,-0.0048921187,0.0027992278,0.0034993878,0.00453339,0.0059040934,0.0076354425,0.008230356,0.008245615,0.008345615,0.008701458,0.0088014575,0.012482099,0.013789846,0.014984987,0.017078023,0.01744871,0.0183998,0.019993016,-0.017394152,-0.012280816,-0.0091547575,-0.006131848,0.004996343,0.0093605425,0.0122447135,0.016849134
2019-02-08,-0.0024685601,-0.022732724,-0.01947739,-0.017491687,-0.016648222,-0.014789992,-0.013813984,-0.01143195,-0.010443625,-0.008640988,-0.008000921,-0.007156233,-0.006935083,-0.006688988,-0.0051541687,-0.004253598,-0.004153598,-0.003605188,0.0013854215,0.0023040096,0.0033994082,0.004615573,0.0076168557,0.0087998565,0.008899856,0.008999856,0.009099856,0.009199856,0.010627862,0.013689737,0.014929708,0.01685521,0.017402891,0.018241087,0.019956801,-0.017492462,-0.012364447,-0.009176521,-0.004864557,0.0041208537,0.009661233,0.01200404,0.016734507
2019-02-11,-0.004651691,-0.022460658,-0.019240998,-0.017086547,-0.016185146,-0.015031326,-0.013018168,-0.011398995,-0.0100251185,-0.008755376,-0.0076937736,-0.0070000524,-0.0056864982,-0.00528738,-0.0043053348,-0.0027616976,-0.0024835493,-0.0021805223,0.0008625132,0.0010609594,0.0025170872,0.0034044883,0.004908523,0.005227754,0.0053277537,0.0065150126,0.006900315,0.008511391,0.010672487,0.013874814,0.015327989,0.017210634,0.01756791,0.018725522,0.020053681,-0.017187258,-0.012056841,-0.008342188,-0.0037462313,0.0026345602,0.0078074993,0.011505383,0.017038528
2019-02-12,0.0020310017,-0.022280477,-0.019455267,-0.017478686,-0.01625382,-0.015089231,-0.013168384,-0.011340761,-0.010605682,-0.008742762,-0.0083258245,-0.0071143876,-0.0061878418,-0.005754043,-0.0048208456,-0.0035310774,-0.0030221434,-0.002638154,0.0010870734,0.0027824435,0.0037620678,0.004593249,0.005593591,0.0062794317,0.0063794316,0.0073288754,0.007901128,0.008529964,0.0111053735,0.0137581695,0.015195561,0.01705985,0.017511057,0.018495636,0.020013258,-0.017249437,-0.012267254,-0.008808355,-0.004225322,0.003720853,0.008298007,0.011761138,0.016904494
2019-02-13,-0.00107811,-0.022114698,-0.019310063,-0.017453399,-0.01612235,-0.01519771,-0.013565288,-0.011169011,-0.010395748,-0.008839155,-0.008199008,-0.0066792076,-0.0057195066,-0.0056043696,-0.0047757574,-0.0038285083,-0.0035446691,-0.0029088438,0.0011836695,0.0016010307,0.0028099064,0.0037741277,0.0049008513,0.0050055543,0.006657929,0.006757929,0.007147264,0.009019635,0.011843533,0.013564411,0.015009785,0.01708327,0.017522367,0.018439325,0.019913903,-0.017262021,-0.01228452,-0.008696784,-0.004347397,0.003205333,0.007849677,0.011819442,0.016802138
2019-02-14,-0.00091963605,-0.022209773,-0.019314237,-0.017414453,-0.016559573,-0.0145581635,-0.01382956,-0.011119839,-0.010640342,-0.008844627,-0.007960192,-0.007262152,-0.0071621523,-0.0070621525,-0.005476763,-0.0041511366,-0.0031756551,-0.0029441654,0.0029497943,0.0030497944,0.0042680735,0.0065961736,0.007191351,0.008140665,0.008769213,0.008869213,0.008969213,0.009877663,0.012104855,0.013730946,0.0148360375,0.017004417,0.017448973,0.018318478,0.019981822,-0.017294262,-0.012369764,-0.009330879,-0.0046019745,0.0051266095,0.009561968,0.01242633,0.01677434
2019-02-15,-0.0011357537,-0.022561159,-0.019373775,-0.017403413,-0.016672827,-0.014946805,-0.013899656,-0.011420961,-0.010573838,-0.0089361705,-0.007964326,-0.007864326,-0.0077643264,-0.00771836,-0.0068353415,-0.0042582066,-0.0035878003,-0.0034878002,0.0017849791,0.003100198,0.004436858,0.005849488,0.0074028214,0.008067413,0.009044398,0.009771089,0.009871089,0.009971089,0.011819783,0.014052524,0.015273919,0.017256115,0.017584687,0.018607102,0.020074716,-0.017490845,-0.012446808,-0.009584101,-0.005206695,0.0048431843,0.009852988,0.012659835,0.017052876
2019-02-18,0.0038545425,-0.022851277,-0.019556938,-0.017513273,-0.016647499,-0.015203831,-0.013745094,-0.011529359,-0.010543901,-0.008909207,-0.008144919,-0.008137381,-0.008037381,-0.00675269,-0.0062332638,-0.0036786932,-0.0035786931,-0.003478693,0.0033360322,0.0037905306,0.0051272116,0.0060240445,0.006967921,0.0072506648,0.007304318,0.008238094,0.008338094,0.009190601,0.011861495,0.013158225,0.015089488,0.016952815,0.017466452,0.018463694,0.019875936,-0.017600928,-0.012448167,-0.009444797,-0.005021345,0.0051164273,0.008961101,0.012002973,0.016708031
2019-02-19,0.0023651714,-0.022865286,-0.019462341,-0.017438771,-0.016738698,-0.015241933,-0.01343903,-0.011393495,-0.010197119,-0.008633174,-0.008079804,-0.008001987,-0.007844178,-0.0069789365,-0.0058485474,-0.0036222357,-0.0035222357,-0.0034222356,0.0029235668,0.0037237788,0.004449755,0.0055359793,0.0069682333,0.007068233,0.007168233,0.0072682328,0.007925771,0.008685698,0.012116867,0.014052885,0.015411366,0.017048337,0.017525736,0.018442571,0.019994803,-0.017549459,-0.0122203175,-0.009307813,-0.004883448,0.0047602626,0.008808656,0.012061391,0.016989993
2019-02-20,0.0013644387,-0.02277903,-0.019651119,-0.017528823,-0.016831344,-0.015284763,-0.0134388385,-0.011936606,-0.010082608,-0.008858037,-0.008452688,-0.008159303,-0.008059303,-0.0071410835,-0.006557577,-0.0033387206,-0.0032387206,-0.0029837876,0.004576255,0.005681063,0.005781063,0.005781266,0.0066563967,0.0067563965,0.0068563963,0.006956396,0.0076322635,0.009348915,0.011509615,0.014002345,0.015112297,0.017010426,0.017497204,0.018468255,0.019988509,-0.01759702,-0.012368983,-0.009434905,-0.0048556216,0.0057352087,0.00874409,0.011998069,0.016916366
2019-02-21,-0.00017183002,-0.02256397,-0.019234547,-0.017046275,-0.016384926,-0.015067508,-0.013726429,-0.011457042,-0.010750566,-0.008942602,-0.008748133,-0.008373447,-0.007995553,-0.007466346,-0.007120817,-0.005211341,-0.004058997,-0.0037365763,0.0039293948,0.0044349586,0.0054111704,0.0075433566,0.0079576075,0.008784219,0.0088842185,0.008984218,0.009084218,0.009184218,0.0112559935,0.013719923,0.015047375,0.01704164,0.01748325,0.018336846,0.020047463,-0.017395478,-0.012384583,-0.009737405,-0.0057002357,0.00604062,0.009726038,0.012145521,0.016838651
2019-02-22,-0.00066556915,-0.022532541,-0.019402709,-0.01747057,-0.01654326,-0.015259041,-0.013140773,-0.011493884,-0.010435476,-0.009111444,-0.007652279,-0.007307623,-0.007207623,-0.0059792562,-0.005115354,-0.0030922734,-0.002465047,-0.0012795046,0.003178021,0.004329707,0.0050911685,0.0071441885,0.0072441883,0.008892696,0.008914085,0.009014085,0.009114085,0.009631893,0.012103459,0.0140182,0.015068775,0.017071376,0.017494528,0.018499006,0.02000163,-0.017375663,-0.01233043,-0.008883081,-0.0038519602,0.005731434,0.009760213,0.012472433,0.016931798
2019-02-25,0.00056421966,-0.022513816,-0.01932374,-0.01743493,-0.016498718,-0.015124842,-0.013191341,-0.011193756,-0.010269245,-0.008675739,-0.007850653,-0.00683736,-0.0064951396,-0.005683628,-0.0055403756,-0.0039163595,-0.0031468233,-0.00276017,0.0035017284,0.004637072,0.006193315,0.008374677,0.009094414,0.009194414,0.009294414,0.009394414,0.009494414,0.009594413,0.011553013,0.013758402,0.014950387,0.016860235,0.017322129,0.018230367,0.019921197,-0.01733049,-0.012153002,-0.0086980015,-0.0044402177,0.006400241,0.010207212,0.012344474,0.016744118
2019-02-26,0.0011010743,-0.021942155,-0.019172508,-0.01707969,-0.016288541,-0.01524046,-0.0130532095,-0.011506022,-0.009692623,-0.008803245,-0.008059392,-0.0069535538,-0.006787718,-0.006004242,-0.0059442637,-0.004604869,-0.004034182,-0.0033429882,0.0023828652,0.0030746832,0.0041271537,0.006109483,0.0075218375,0.008555994,0.008655994,0.008755994,0.008855994,0.009378527,0.010850205,0.0132762315,0.015035444,0.017032903,0.017430138,0.018585088,0.020023726,-0.017139375,-0.012026958,-0.008719437,-0.0049759713,0.004870036,0.009497716,0.011958219,0.016790677
2019-02-27,0.0020140286,-0.0223623,-0.01920551,-0.017406125,-0.016338613,-0.01510433,-0.013397526,-0.011085883,-0.009508175,-0.009391028,-0.008337212,-0.0071394886,-0.0067567145,-0.0058078654,-0.00517991,-0.003397163,-0.0026028256,-0.0018972981,0.0032011673,0.003918322,0.0054896297,0.006731611,0.0074857385,0.008045342,0.008145342,0.0082453415,0.008345341,0.009336738,0.01091391,0.013805909,0.015195396,0.017141663,0.0175498,0.018526241,0.01999002,-0.017281655,-0.0121577475,-0.008761498,-0.004043337,0.0054972144,0.009383814,0.01199034,0.016931845
2019-02-28,0.00042603188,-0.02283187,-0.019566653,-0.017296845,-0.016762523,-0.015284686,-0.013768521,-0.0114599895,-0.010505161,-0.009322336,-0.008030997,-0.007877966,-0.0067482446,-0.006088501,-0.0053636255,-0.00317618,-0.0024084111,-0.0021209733,0.004110127,0.004347722,0.005556112,0.006225087,0.007292224,0.008406485,0.009179918,0.009279918,0.009379918,0.009479918,0.011473758,0.013668467,0.015182487,0.016827688,0.017428955,0.018258747,0.019864889,-0.017642852,-0.01247057,-0.009028285,-0.004189431,0.0058837933,0.009625402,0.012286203,0.016760455
2019-03-01,-2.1955752e-06,-0.022882001,-0.019604644,-0.017484885,-0.016613826,-0.014478764,-0.013141673,-0.011115012,-0.010307996,-0.008782354,-0.007668567,-0.0069406596,-0.0065519237,-0.006338467,-0.005971899,-0.0032399374,-0.0023769164,-0.0017410179,0.0033554658,0.004243077,0.005906323,0.0074469014,0.008721882,0.009811263,0.009911262,0.010011262,0.010111262,0.010211262,0.011569556,0.013559629,0.014956716,0.017089592,0.017352067,0.018487563,0.019973062,-0.01734418,-0.012166384,-0.008801726,-0.004054086,0.006172606,0.01046306,0.012560755,0.016813312
2019-03-04,-0.0056166626,-0.022488207,-0.019398525,-0.017464915,-0.016756041,-0.015028948,-0.0131928595,-0.0113632865,-0.010124574,-0.008915844,-0.008372867,-0.0074735126,-0.0069006192,-0.0060134926,-0.004887916,-0.0031053743,-0.0028301203,-0.0023282368,0.0025960545,0.004142054,0.0050682556,0.0072586075,0.0084893955,0.008611413,0.008638578,0.008738577,0.008838577,0.0093955435,0.011362968,0.013982162,0.015071673,0.017136915,0.01755023,0.018442122,0.019970153,-0.017372917,-0.012212296,-0.008920883,-0.0041250316,0.00554071,0.009843418,0.012225896,0.016920606
2019-03-05,-0.0014317724,-0.022314182,-0.019266022,-0.017199961,-0.015980568,-0.015172566,-0.01296638,-0.011233396,-0.010718043,-0.008770083,-0.007928884,-0.0067616897,-0.00666169,-0.0061387876,-0.0052718217,-0.004597891,-0.0038899865,-0.0038653421,0.0021307857,0.0033913066,0.003566078,0.005904598,0.0066553857,0.007389565,0.008036919,0.008136919,0.008236919,0.009215259,0.010966471,0.014028136,0.015244006,0.017228363,0.017563771,0.018500203,0.019977273,-0.017139945,-0.0121775735,-0.008882756,-0.004877346,0.0046059373,0.009085053,0.012002111,0.016995596
2019-03-06,0.00095032464,-0.0225009,-0.019422492,-0.017459573,-0.016524063,-0.01515133,-0.013105774,-0.010995802,-0.009884726,-0.00908912,-0.007454238,-0.0072095827,-0.006628563,-0.0057168044,-0.0056168046,-0.0034670236,-0.0028973797,-0.0024860909,0.0037404692,0.0047936155,0.0056465752,0.006737663,0.007793924,0.00855003,0.00865003,0.00875003,0.00885003,0.009402786,0.011349964,0.013661534,0.014681216,0.01667924,0.017338932,0.018155063,0.019778153,-0.017340913,-0.012106998,-0.008558022,-0.0043353764,0.00591367,0.009631661,0.012120649,0.01659104
2019-03-07,-0.007538972,-0.022497466,-0.01932304,-0.017434482,-0.01657643,-0.014849635,-0.0131283235,-0.011483062,-0.010216166,-0.008781384,-0.008049462,-0.007311344,-0.0072113443,-0.005914498,-0.0051922873,-0.0036701488,-0.0033765004,-0.0028891051,0.0012291872,0.001866275,0.0034301928,0.0047793705,0.0062934267,0.006858457,0.0069584567,0.0070584565,0.008468503,0.0094276415,0.011334448,0.013617855,0.015121107,0.017059363,0.017492568,0.01845746,0.019999307,-0.01727498,-0.012208683,-0.00890396,-0.0044878772,0.0036526963,0.008651167,0.012068203,0.016851017
2019-03-08,0.0003516026,-0.022092566,-0.019171128,-0.017443016,-0.016448421,-0.015088534,-0.013254185,-0.011125977,-0.010119584,-0.008782674,-0.0072462084,-0.007112024,-0.0066120373,-0.0059146024,-0.0045450237,-0.0033697968,-0.0028043871,-0.0026870265,0.0024787725,0.004060984,0.004160984,0.0062707337,0.006687957,0.0067879567,0.0068879565,0.0069879564,0.0077534146,0.009525424,0.010998602,0.0136935515,0.014965528,0.017037014,0.017466178,0.018501172,0.019981802,-0.017210966,-0.012145087,-0.008629324,-0.0041036517,0.004771886,0.0087365685,0.011887434,0.016835812
2019-03-11,-0.0009727725,-0.021786842,-0.0189113,-0.016942767,-0.016287643,-0.014972227,-0.0133425845,-0.011023489,-0.0098180305,-0.008181326,-0.0070255874,-0.0069255875,-0.0065129143,-0.0064129145,-0.005465726,-0.0042656353,-0.0033806018,-0.0032806017,0.0027228715,0.0034435212,0.003911653,0.005813881,0.006896372,0.006996372,0.0070963716,0.0071963714,0.008506599,0.009951673,0.012221404,0.013847525,0.015329027,0.017314395,0.017600583,0.018773548,0.020061105,-0.01706012,-0.01186164,-0.008622406,-0.0046636304,0.00459766,0.008977663,0.012425557,0.017065119
2019-03-12,0.0045352257,-0.022407398,-0.019294983,-0.017388923,-0.016333712,-0.014970346,-0.013244262,-0.011350015,-0.009983484,-0.008692,-0.007662208,-0.007103657,-0.007003657,-0.0063585676,-0.0052533746,-0.002916093,-0.0023646948,-0.00223052,0.002982279,0.0040310067,0.0047379523,0.0060983063,0.007279315,0.007379315,0.0074793147,0.0075793145,0.008250943,0.008986085,0.011121603,0.013632218,0.015148529,0.017131986,0.017521346,0.0186016,0.020065114,-0.01725014,-0.012131738,-0.008850436,-0.0039736675,0.0050657718,0.00897125,0.011902439,0.016915891
2019-03-13,0.0029089416,-0.022390785,-0.019514468,-0.017506555,-0.016459715,-0.015090569,-0.013211504,-0.010997355,-0.009696766,-0.00829439,-0.007899748,-0.0077982093,-0.007145271,-0.0070452713,-0.0063440157,-0.005010869,-0.0040696235,-0.00356707,0.0011832436,0.0015135736,0.0037293665,0.0056959027,0.0062006633,0.0074656378,0.0075656376,0.0076656374,0.008769868,0.010944548,0.011900723,0.013604699,0.014920173,0.016968228,0.017475871,0.01842856,0.019979995,-0.017333407,-0.011941314,-0.008999712,-0.0053579574,0.0039375448,0.009176237,0.012539143,0.016780332
2019-03-14,-0.0004908714,-0.022683436,-0.019525457,-0.017466893,-0.016428178,-0.0150804855,-0.013074318,-0.011414501,-0.010371222,-0.008950114,-0.008823282,-0.008517738,-0.007983275,-0.00713996,-0.0060741347,-0.004386413,-0.004097656,-0.0036631047,0.0032183602,0.0046879165,0.0053202976,0.0066900165,0.0067900163,0.006890016,0.006990016,0.007090016,0.008320389,0.008998903,0.01115801,0.013847054,0.015018597,0.016774774,0.017264524,0.01807009,0.019755136,-0.017358374,-0.012255411,-0.009478411,-0.0053478093,0.005381321,0.008723201,0.0119177755,0.01669313
2019-03-15,0.0020370882,-0.022028053,-0.0191026,-0.017003665,-0.016217306,-0.015015797,-0.013183924,-0.011158561,-0.010003276,-0.009155728,-0.008630227,-0.008531612,-0.0084316125,-0.0074145324,-0.0061309584,-0.0040772413,-0.0034892908,-0.0031959617,0.0040465775,0.0051202844,0.005220284,0.005885267,0.0065165455,0.006715414,0.006815414,0.007149006,0.007346692,0.009469368,0.011203305,0.013865074,0.015415115,0.01723797,0.01757737,0.018685374,0.02006415,-0.017109536,-0.01210103,-0.009532714,-0.005085013,0.0054175653,0.008743081,0.011892362,0.017053537
2019-03-18,0.000930994,-0.02247153,-0.019414289,-0.017447233,-0.016265253,-0.015197136,-0.013776017,-0.011223403,-0.010744625,-0.008849284,-0.007798372,-0.007148045,-0.0068368874,-0.00602657,-0.0052235955,-0.0041848035,-0.0034610615,-0.002697934,0.00230637,0.0034617959,0.003921218,0.005485263,0.006194041,0.0068368525,0.0069368524,0.007036852,0.007606543,0.009318218,0.011276027,0.013835325,0.015153214,0.017162234,0.017560627,0.018507902,0.020012217,-0.017424846,-0.012408112,-0.009036494,-0.004543088,0.0044223,0.008644258,0.011919348,0.016934177
2019-03-19,0.0008067485,-0.022745118,-0.019530743,-0.01752546,-0.016096458,-0.01499789,-0.01340854,-0.011209358,-0.010323045,-0.008812422,-0.0081277825,-0.006970417,-0.0068704174,-0.005654981,-0.005003977,-0.004027366,-0.003363929,-0.0027319018,0.0027305493,0.0031404544,0.0038614927,0.0062547885,0.0066822153,0.007693036,0.007793036,0.007893036,0.007993036,0.009236809,0.011527124,0.013560813,0.015175828,0.017065916,0.017472928,0.01848121,0.020031547,-0.01735575,-0.012255765,-0.008876952,-0.004419518,0.004756064,0.009013182,0.011958142,0.016863063
2019-03-20,0.0005176514,-0.022758605,-0.01956852,-0.017310815,-0.015874034,-0.014420816,-0.013008235,-0.011527625,-0.010232653,-0.00856163,-0.0073096785,-0.006712786,-0.0065105697,-0.0052337865,-0.0044456176,-0.0026354222,-0.0019276455,-0.0018466591,0.0019691584,0.0029405756,0.0042052777,0.005509061,0.0065442603,0.008230258,0.008330258,0.008430257,0.008530257,0.009136355,0.010197931,0.013263943,0.015263394,0.017290246,0.017584605,0.018637085,0.020011246,-0.017126042,-0.012128191,-0.008458984,-0.003513626,0.004590866,0.009121014,0.011742619,0.016893182
2019-03-21,0.00074626785,-0.02245109,-0.019241514,-0.017384043,-0.015917528,-0.014886309,-0.013140918,-0.011551128,-0.010162199,-0.008721569,-0.007660018,-0.0070618507,-0.005176453,-0.004627823,-0.0042692176,-0.0031627326,-0.0025465512,-0.0019105884,0.0012468355,0.0015278679,0.002380404,0.003915355,0.004015355,0.0041153547,0.0043553123,0.0050101057,0.007601399,0.009418046,0.010815705,0.013992005,0.014923192,0.017082391,0.017559828,0.018551016,0.019989507,-0.017127471,-0.012191971,-0.008153481,-0.0037901879,0.0026851548,0.007310173,0.011877397,0.016907621
2019-03-22,-0.006876127,-0.022737816,-0.019660458,-0.017383585,-0.016102234,-0.016087687,-0.0152391335,-0.015054994,-0.014519404,-0.011364528,-0.011356391,-0.01076834,-0.010057856,-0.009599301,-0.009595718,-0.007577538,-0.0061270255,-0.0057434025,0.003966881,0.0050662155,0.006044968,0.0071634967,0.008353911,0.008453911,0.008553911,0.008653911,0.009326661,0.010386145,0.01271481,0.013644165,0.015008581,0.016786559,0.017389769,0.01823367,0.019952128,-0.017965466,-0.014712329,-0.012154417,-0.007962405,0.0061590946,0.009898409,0.01269231,0.01672502
2019-03-25,0.0034439736,-0.02298976,-0.019513898,-0.017450191,-0.015997095,-0.015506856,-0.013156147,-0.011614447,-0.009753367,-0.009169733,-0.008156807,-0.007836726,-0.0071069114,-0.0070069116,-0.005248651,-0.0044687237,-0.0031870778,-0.0024933855,0.0035131196,0.0046762256,0.006292021,0.0079576615,0.009164921,0.009287564,0.009526019,0.009556705,0.009656705,0.01086145,0.011389362,0.014190616,0.015361028,0.016935369,0.017512573,0.018544538,0.020003201,-0.017432751,-0.012228778,-0.009036029,-0.0046469127,0.0063930093,0.010612251,0.01272214,0.01700695
2019-03-26,-0.00374536,-0.022073012,-0.019335954,-0.017439077,-0.015770297,-0.015067762,-0.013268379,-0.011253662,-0.0097856745,-0.009111819,-0.0076491665,-0.0075491667,-0.0071051368,-0.006339144,-0.0058327476,-0.004070462,-0.0038735026,-0.003138537,0.002697603,0.0038904112,0.004793468,0.006768847,0.0070798653,0.0076486184,0.008007042,0.008107042,0.008207042,0.009240349,0.010370628,0.013766972,0.014697277,0.01672509,0.017195307,0.018285051,0.019790526,-0.017103082,-0.012171721,-0.0088295,-0.0048928834,0.0052314745,0.00916857,0.01175606,0.016652983
2019-03-27,-0.0025432375,-0.022625756,-0.019292813,-0.016940419,-0.01602716,-0.014488119,-0.013007029,-0.011139794,-0.010013758,-0.0089520365,-0.008145798,-0.0077040093,-0.007061009,-0.006337859,-0.006259022,-0.00545486,-0.0050232587,-0.004100697,0.002385979,0.0034183925,0.004208111,0.0060125967,0.007562142,0.0076621417,0.0077621415,0.007862141,0.008425521,0.009365345,0.010771786,0.013790676,0.015110281,0.016969293,0.017455844,0.018509649,0.019997817,-0.017088175,-0.012010608,-0.00891309,-0.0057083694,0.0047574444,0.0092484895,0.0119618345,0.016875545
2019-03-28,-0.0013430222,-0.02253845,-0.01948131,-0.017291008,-0.016101541,-0.015126902,-0.013089254,-0.011496942,-0.010839741,-0.010131821,-0.010031821,-0.009725849,-0.008881878,-0.008625017,-0.007636814,-0.004831057,-0.004452015,-0.0035678076,0.0029165016,0.0035318288,0.004482589,0.0061354544,0.0068480894,0.0072118132,0.0077009434,0.007800943,0.008520393,0.009802226,0.011409997,0.013991063,0.015096008,0.016990615,0.017450579,0.0184913,0.019983057,-0.017267492,-0.012569753,-0.0102935415,-0.0060427086,0.0049534636,0.009130826,0.012234852,0.016910408
2019-03-29,-0.00064547005,-0.022123538,-0.019112848,-0.017432196,-0.015948744,-0.014673432,-0.012993426,-0.011367659,-0.010404464,-0.008752802,-0.007909453,-0.0078094527,-0.007709453,-0.0071230703,-0.0063570826,-0.006123538,-0.004546122,-0.0037932515,0.0031164824,0.0052525816,0.007608048,0.009375424,0.009611398,0.009793578,0.009893578,0.009993577,0.010093577,0.011012941,0.011874624,0.0141382255,0.015169411,0.017103707,0.017499568,0.018617235,0.020019393,-0.016970398,-0.012190109,-0.009227973,-0.0057258895,0.007049223,0.010909944,0.012923787,0.017009595
2019-04-01,-0.0016846351,-0.02241931,-0.019448303,-0.017199485,-0.015836624,-0.014785904,-0.013118524,-0.011169783,-0.009805529,-0.00900819,-0.008192858,-0.008092858,-0.007992858,-0.007892858,-0.0068975263,-0.005633543,-0.00523662,-0.0051478893,0.0022578388,0.0031479094,0.004825227,0.0057499544,0.0067993766,0.007035427,0.0072039445,0.0075835553,0.0076618968,0.009594475,0.011813678,0.014114619,0.015147887,0.017070105,0.01752652,0.018342804,0.019972702,-0.017121734,-0.012060302,-0.009400526,-0.0062016873,0.0046369745,0.00902549,0.012142238,0.016929625
2019-04-02,-0.002076269,-0.022662008,-0.019478664,-0.017487902,-0.016007727,-0.014511196,-0.01311148,-0.011104695,-0.010311542,-0.008761761,-0.008661761,-0.008561761,-0.007964956,-0.0073301485,-0.0071122977,-0.0053401026,-0.00471946,-0.0040923716,0.0017921758,0.0034235546,0.0046493607,0.0067073675,0.0075988444,0.007798551,0.008036732,0.008136732,0.008192589,0.0093616415,0.011499633,0.013946568,0.014904097,0.01665304,0.017328858,0.018100196,0.020005248,-0.017154215,-0.012155476,-0.009475978,-0.0059651984,0.0049218377,0.009368466,0.012065858,0.01672183
2019-04-03,0.004944689,-0.022124937,-0.018922541,-0.01700074,-0.016007738,-0.014897721,-0.013192256,-0.011174607,-0.010324844,-0.008834709,-0.008207067,-0.008107067,-0.008102961,-0.0074420003,-0.0066348785,-0.0049297824,-0.0048834123,-0.00420345,0.0023482686,0.0044430355,0.004926844,0.0069684186,0.007251896,0.00785792,0.0079579195,0.008147535,0.00860806,0.009364435,0.011821165,0.013935029,0.015135715,0.017127994,0.0175327,0.018412877,0.019979967,-0.01702904,-0.0121054305,-0.009453826,-0.005751718,0.0053288974,0.009311363,0.012252279,0.016918316
2019-04-04,-0.0022798122,-0.021973446,-0.019240303,-0.017150776,-0.015955532,-0.014832095,-0.0132172685,-0.01110186,-0.0101762405,-0.00921092,-0.008213571,-0.008060317,-0.007295513,-0.007195513,-0.0060125813,-0.0044961637,-0.0029432236,-0.002574858,0.0026545026,0.0036116838,0.0050792536,0.007200945,0.00816054,0.00826054,0.00836054,0.008460539,0.008560539,0.009296246,0.012731374,0.014150671,0.015334102,0.01723931,0.017569704,0.018623067,0.01996524,-0.017043728,-0.012171413,-0.009219621,-0.0048174285,0.0053813853,0.009665707,0.012461707,0.017062478
2019-04-05,8.469533e-05,-0.022525946,-0.019240163,-0.017387878,-0.016007164,-0.014862796,-0.013156878,-0.011451797,-0.010451236,-0.009081832,-0.007934281,-0.006584853,-0.006484853,-0.005922976,-0.0048013693,-0.0024705308,-0.0024012919,-0.0020473322,0.0029293683,0.003620308,0.004941479,0.0066136117,0.0080604525,0.008512743,0.008612743,0.0087127425,0.008812742,0.008857535,0.011743973,0.013909799,0.014783665,0.016879046,0.017456573,0.018295124,0.019928234,-0.017158588,-0.012305924,-0.008790044,-0.0036610751,0.005343502,0.009610654,0.012156124,0.016759174
2019-04-08,0.003934872,-0.022713497,-0.019357746,-0.017164266,-0.01600624,-0.015125773,-0.0135226725,-0.0111879,-0.010553273,-0.008744436,-0.0077283545,-0.0070635965,-0.006334699,-0.005858995,-0.00474533,-0.004075966,-0.003729292,-0.0030766788,0.0011168865,0.0015305385,0.0024520194,0.0045495126,0.0047845966,0.004938812,0.006092364,0.006192364,0.0074795135,0.009443152,0.011324969,0.014154986,0.015156053,0.017104669,0.017476708,0.018416118,0.020046236,-0.017345186,-0.012234509,-0.0087995995,-0.0045381724,0.0031482645,0.0079027815,0.011975866,0.016975611
2019-04-09,0.0013998257,-0.022238595,-0.019223241,-0.01707177,-0.015882747,-0.01506708,-0.013077127,-0.011162161,-0.009965833,-0.008838396,-0.007817286,-0.0065809046,-0.005512235,-0.0054122354,-0.0053122356,-0.0046968083,-0.004382538,-0.0034665884,0.00087581365,0.0015513473,0.0029097686,0.004287616,0.0045624482,0.0051858653,0.006509597,0.006609597,0.008208979,0.008936569,0.012451801,0.01413773,0.015172153,0.01709147,0.017511839,0.018533036,0.020051213,-0.01709776,-0.012023057,-0.008356944,-0.004887815,0.0032268285,0.007886441,0.012249383,0.01699712
2019-04-10,-0.0009714617,-0.022591097,-0.019537091,-0.017282309,-0.016107414,-0.015128135,-0.013152664,-0.011111991,-0.010447703,-0.008875171,-0.007515555,-0.007211666,-0.006556699,-0.0058479356,-0.0049563004,-0.004267291,-0.0034745922,-0.0027867649,0.0011001009,0.0019242245,0.0034566235,0.00423088,0.0051061385,0.0052012037,0.0061731273,0.007293197,0.007888194,0.009283447,0.011471853,0.01402662,0.014832171,0.01666257,0.017330691,0.01831569,0.019901507,-0.01730328,-0.012173967,-0.008704111,-0.004539323,0.0033769913,0.008182121,0.01200016,0.016747711
2019-04-11,-0.000390625,-0.022490144,-0.019394513,-0.017426282,-0.016030457,-0.014929403,-0.013081728,-0.011375335,-0.010118557,-0.008731678,-0.007649181,-0.0072934167,-0.0057508936,-0.005378373,-0.0045321705,-0.003559666,-0.002736784,-0.0024677003,0.0014903897,0.0019600713,0.0034318005,0.0043021957,0.0054653394,0.0055653392,0.006534883,0.0067838356,0.008599062,0.0095213195,0.012538667,0.013755059,0.014995188,0.016955102,0.017487494,0.018538587,0.019970976,-0.01718525,-0.012146716,-0.008395746,-0.0041179475,0.003543868,0.0082181785,0.0123803215,0.016842982
2019-04-12,0.0037357544,-0.022424107,-0.019528816,-0.017475415,-0.016026596,-0.014949897,-0.013097558,-0.011184471,-0.0107643,-0.008795026,-0.007844362,-0.0068299375,-0.0067299376,-0.0056706714,-0.0049053845,-0.003920129,-0.0034368655,-0.0032518147,0.0011584655,0.0017534803,0.0032984954,0.0033984955,0.004070011,0.004170011,0.004247533,0.004378782,0.0072637442,0.009246153,0.011957823,0.014040157,0.014806945,0.01701365,0.01750829,0.018391462,0.019977383,-0.017205395,-0.012263354,-0.008821366,-0.004468826,0.002771294,0.0071810232,0.012003234,0.01684592
2019-04-15,-4.4232424e-06,-0.022305494,-0.019322162,-0.017454272,-0.015970789,-0.01497133,-0.013097994,-0.0111493645,-0.010680874,-0.009257331,-0.0075678313,-0.006719916,-0.0066199163,-0.0057159546,-0.0050367727,-0.0037325684,-0.0032157155,-0.002623859,0.0024328784,0.0025264067,0.0037966499,0.0040250514,0.004350522,0.004450522,0.0045505217,0.0046927007,0.008329757,0.009418446,0.011332285,0.01398753,0.0153578725,0.016987758,0.017483586,0.018381989,0.019934876,-0.017133554,-0.012327967,-0.008736514,-0.0042657666,0.0034663018,0.007379944,0.012110321,0.016930005
2019-04-16,-0.001000155,-0.022041382,-0.018981833,-0.017253663,-0.016002316,-0.014576665,-0.013034269,-0.01115752,-0.010212892,-0.00888147,-0.007244448,-0.006820164,-0.0067201643,-0.0057117753,-0.0048323474,-0.004344095,-0.0036785596,-0.0035721052,0.00089364493,0.001262251,0.0023622906,0.0030262503,0.0037471615,0.0038730544,0.004175676,0.0046151546,0.0083561195,0.009431323,0.011052442,0.013601995,0.015132237,0.016955685,0.017467462,0.018289184,0.01987281,-0.016927293,-0.012107963,-0.00858471,-0.0046494543,0.0023440227,0.007053738,0.011981868,0.016770383
2019-04-17,0.00031431575,-0.022202665,-0.019318067,-0.017473536,-0.016048191,-0.015013322,-0.013130593,-0.011119632,-0.010655711,-0.008865402,-0.008263324,-0.007005637,-0.0069250003,-0.005752204,-0.00508238,-0.0035157942,-0.0029359097,-0.002274703,0.0030000699,0.0038540452,0.004304714,0.0061912267,0.0066023157,0.00759746,0.00769746,0.0077974596,0.008141592,0.009418853,0.012751636,0.014047691,0.014905237,0.016969347,0.01750051,0.018444328,0.019953553,-0.017142568,-0.012248975,-0.008945366,-0.004162885,0.005009503,0.009092756,0.012372056,0.016864032
2019-04-18,-0.004925288,-0.02269156,-0.019205974,-0.017128022,-0.015963444,-0.0147450175,-0.013073708,-0.011117438,-0.01020503,-0.00874985,-0.0078382995,-0.0067778593,-0.0066778595,-0.0058877915,-0.005237696,-0.0038164684,-0.0032438005,-0.003191765,0.0011151381,0.0017110658,0.0026800656,0.003823766,0.0042621316,0.0044714073,0.004571407,0.004664636,0.008266775,0.00927548,0.012727724,0.014120852,0.015044822,0.017007707,0.017507158,0.018450743,0.020004574,-0.01713594,-0.01205481,-0.008736538,-0.0044535184,0.0027802887,0.007358901,0.012379598,0.016925741
2019-04-23,-0.002525282,-0.022912594,-0.019482316,-0.01718178,-0.01607519,-0.015160069,-0.012888796,-0.011233755,-0.010642727,-0.008298183,-0.0075106067,-0.0067755035,-0.0066755037,-0.0066376063,-0.0053947726,-0.0036424405,-0.0032398656,-0.0020643089,0.003434217,0.0035342171,0.004677249,0.0066241585,0.007125889,0.008440711,0.009086262,0.009186262,0.009286262,0.009748478,0.011360093,0.0141897015,0.015312135,0.017246211,0.01757136,0.018621424,0.019991474,-0.017303793,-0.012049048,-0.008871048,-0.0042233784,0.0054712207,0.009738209,0.012431179,0.01707219
2019-04-24,-0.0018590622,-0.021638477,-0.019018978,-0.017369011,-0.016010998,-0.014951659,-0.013240075,-0.0110980375,-0.009955063,-0.008795924,-0.008340037,-0.007675713,-0.00666074,-0.0058190576,-0.005017785,-0.0033326463,-0.0031745445,-0.0024355047,0.0023825297,0.0036888388,0.0044602538,0.006739276,0.0073092068,0.009151582,0.0092515815,0.009351581,0.009451581,0.009482704,0.012623134,0.014075432,0.015107206,0.016994001,0.017469427,0.018382305,0.019989306,-0.016972037,-0.012091622,-0.008802995,-0.0043272385,0.005304496,0.009874101,0.012620455,0.01690965
2019-04-25,-0.004641512,-0.022830168,-0.019672753,-0.01752822,-0.016518263,-0.01522111,-0.01303265,-0.011028705,-0.010276895,-0.0087119,-0.0075187017,-0.0069672456,-0.0065302327,-0.0063964,-0.0053215763,-0.0030577611,-0.002957761,-0.0018249863,0.0028395879,0.0037216623,0.0050568697,0.0068747937,0.007859225,0.007959225,0.008059225,0.008159225,0.008259225,0.00940752,0.011546518,0.014108652,0.015272888,0.017046269,0.01751496,0.018435992,0.019940957,-0.017454987,-0.012115674,-0.008750976,-0.0040258663,0.0053104283,0.009498769,0.012167375,0.016960952
2019-04-26,0.0012828796,-0.02217705,-0.01937725,-0.01725153,-0.016012706,-0.015152241,-0.0130487485,-0.011383078,-0.010649672,-0.008935814,-0.008176606,-0.007303488,-0.0064514116,-0.006168791,-0.005398215,-0.0034496877,-0.0029633986,-0.0025757705,0.002886642,0.0029966815,0.0044263033,0.0062965374,0.006396537,0.006858738,0.006881035,0.0071755913,0.007865308,0.009562952,0.012285792,0.014069008,0.014956936,0.01687098,0.017489683,0.0183519,0.019928362,-0.017153598,-0.012253769,-0.008899046,-0.004338112,0.0046974397,0.008812565,0.012254549,0.016835436
2019-04-29,0.0010752737,-0.022277545,-0.019356443,-0.017418914,-0.0161542,-0.014793841,-0.01306554,-0.011171359,-0.010462542,-0.008805385,-0.008110107,-0.00794232,-0.0074780383,-0.00684339,-0.00639113,-0.004528273,-0.0036159297,-0.0029067209,0.0032281217,0.0045365775,0.0053004525,0.0065087085,0.0066087083,0.006708708,0.006808708,0.006908708,0.008233629,0.008987581,0.012388541,0.013714734,0.015052652,0.016981486,0.017489348,0.018541073,0.020005932,-0.017129514,-0.012184748,-0.009191923,-0.005076875,0.0052765133,0.008585689,0.012162766,0.016859178
2019-04-30,0.0031184673,-0.022501891,-0.019398592,-0.017482592,-0.015845057,-0.0148400245,-0.013068001,-0.011447898,-0.0106409695,-0.00877287,-0.0075209853,-0.0069366717,-0.006597886,-0.005813184,-0.00515268,-0.0035579777,-0.0032553126,-0.002760971,0.0023253937,0.002820087,0.002947857,0.0056869327,0.006969225,0.007979267,0.008079267,0.008179267,0.008279267,0.009396345,0.010589412,0.014094392,0.015146511,0.017025303,0.017493987,0.018511258,0.020054298,-0.017130714,-0.0122824665,-0.008728205,-0.004332722,0.0043719076,0.009323699,0.011970681,0.016966352
2019-05-02,-0.0014741919,-0.02253679,-0.019272188,-0.017330732,-0.015985465,-0.014184069,-0.013192885,-0.01104227,-0.010035473,-0.0086935805,-0.0076686316,-0.0065595056,-0.00650237,-0.0058991807,-0.004838559,-0.0034729647,-0.0033380631,-0.0022649819,0.0025684556,0.0030356369,0.0034224174,0.005618382,0.0072045415,0.0075059035,0.0076059033,0.007705903,0.007792093,0.009347266,0.011567888,0.014115896,0.01512044,0.016828569,0.017318098,0.01831106,0.019896843,-0.01703428,-0.012058988,-0.008659707,-0.004094815,0.0044501587,0.009175902,0.012028249,0.016854562
2019-05-03,0.0003285309,-0.022117892,-0.019349804,-0.017202562,-0.015956573,-0.015204879,-0.013164048,-0.011073018,-0.009413898,-0.008715658,-0.008316892,-0.008216892,-0.008116893,-0.007658118,-0.006740259,-0.004473102,-0.0036934156,-0.0031258967,0.002405608,0.0027920145,0.004413796,0.0058182017,0.007122901,0.0072229006,0.0073229005,0.0074229003,0.009171379,0.010064229,0.012285609,0.014121371,0.015107304,0.01705884,0.017493332,0.01850428,0.020055514,-0.017158639,-0.011913838,-0.00933397,-0.005249913,0.004550504,0.009190861,0.012627184,0.016969463
2019-05-06,0.00077285105,-0.02223845,-0.019154346,-0.017430257,-0.015937049,-0.015131874,-0.012868618,-0.011197334,-0.010648674,-0.008667964,-0.007942692,-0.007377874,-0.006510087,-0.006154174,-0.0053817574,-0.0042843493,-0.0034775971,-0.0029126066,0.0040931106,0.0045703975,0.005756651,0.0072019263,0.007370208,0.0074702078,0.0075702076,0.0076702074,0.008500477,0.009265352,0.011746405,0.01392938,0.0150450505,0.017074393,0.017526196,0.018313592,0.020018268,-0.017066067,-0.012162569,-0.0088248495,-0.004686837,0.0058384584,0.009141071,0.012193562,0.016876137
2019-05-07,-0.0016715387,-0.022586234,-0.01945613,-0.01727926,-0.016052559,-0.015198686,-0.013121258,-0.011411747,-0.010510077,-0.008767333,-0.0077944333,-0.006851948,-0.006751948,-0.0065444764,-0.0056019034,-0.0047353725,-0.003860681,-0.0035112211,0.0026412166,0.0026733226,0.0039993357,0.0060696215,0.006867793,0.008136229,0.0082362285,0.008336228,0.008436228,0.009289412,0.0114762345,0.01412792,0.015192617,0.017121965,0.017546427,0.018472802,0.019982794,-0.017282974,-0.012217934,-0.008944439,-0.004912225,0.004723945,0.009351516,0.012175244,0.016979618
2019-05-08,0.0024772587,-0.022181464,-0.018990297,-0.016975442,-0.016331535,-0.014649613,-0.012998721,-0.011336247,-0.010303039,-0.008322174,-0.007108332,-0.0070083323,-0.0062396093,-0.0059972927,-0.005347015,-0.003959387,-0.0035174303,-0.0026395537,0.003498594,0.0038586173,0.0049771015,0.0063604782,0.0069945906,0.0075951195,0.0076951194,0.007795119,0.0078149205,0.008843155,0.01146189,0.014094183,0.015199192,0.017134272,0.017558003,0.018515851,0.020005435,-0.017030325,-0.011987125,-0.0085293995,-0.004494344,0.0052779824,0.009064433,0.01195443,0.016989786
2019-05-09,0.0019524596,-0.022694182,-0.019530378,-0.017498506,-0.016458789,-0.015193971,-0.0130127985,-0.011382973,-0.010083095,-0.008432338,-0.008332338,-0.008232338,-0.0077719553,-0.006363254,-0.006023188,-0.0046022455,-0.0037559916,-0.0031633452,0.0030152684,0.0042960937,0.005088571,0.0060819625,0.0066559883,0.00671441,0.00681441,0.00691441,0.008252355,0.009392974,0.010874287,0.014105063,0.015402267,0.016995288,0.01749217,0.018642504,0.020042479,-0.017378023,-0.012081942,-0.009112689,-0.0051554213,0.005059261,0.008756569,0.01202337,0.01703752
2019-05-10,0.0011905545,-0.022534281,-0.019405479,-0.017202461,-0.015986666,-0.015188802,-0.01318643,-0.011084729,-0.009818356,-0.008787814,-0.007610553,-0.0069620595,-0.006733946,-0.0060338904,-0.005315756,-0.0031251619,-0.0023065635,-0.0019462574,0.0029499568,0.003195597,0.0041730637,0.005156897,0.006617142,0.007310647,0.007410647,0.0075106467,0.008515874,0.00977416,0.011393747,0.013980198,0.015122512,0.017100628,0.017517695,0.018471535,0.019975645,-0.017260332,-0.012015958,-0.008676635,-0.0039311596,0.004577232,0.009038558,0.012236334,0.016930103
2019-05-13,-0.0007898359,-0.02262228,-0.019486034,-0.017521027,-0.01605838,-0.015294486,-0.013136009,-0.011437696,-0.010367805,-0.008293189,-0.007878673,-0.006632864,-0.006532864,-0.00584779,-0.005261009,-0.003128877,-0.0025960617,-0.0018469461,0.0028013831,0.0033814714,0.004982098,0.005957766,0.006949186,0.007989129,0.008089129,0.008189129,0.008821661,0.009321321,0.011425303,0.013969156,0.015089475,0.017073127,0.01751125,0.018353885,0.019921029,-0.017319437,-0.012151145,-0.008752628,-0.0038931514,0.0050423695,0.009283585,0.012209739,0.016881336
2019-05-14,-0.00223048,-0.022699106,-0.01946446,-0.017245304,-0.016226806,-0.015250123,-0.013068967,-0.011037412,-0.010390966,-0.008641131,-0.007882518,-0.0070861434,-0.006651826,-0.005534415,-0.005476095,-0.0047724294,-0.004248706,-0.003426691,0.002208863,0.0031493655,0.004201141,0.006072498,0.0066758525,0.0077269897,0.0078269895,0.007926989,0.008026989,0.009390509,0.012775542,0.014130663,0.01520734,0.017126365,0.017515685,0.018527173,0.02005699,-0.017341891,-0.012076756,-0.008705738,-0.005002013,0.004691771,0.009170201,0.012367878,0.017009707
2019-05-15,4.015249e-05,-0.022377986,-0.019140769,-0.01734285,-0.016097229,-0.015302195,-0.013213767,-0.010995738,-0.009891371,-0.008317755,-0.007564552,-0.007487636,-0.006986037,-0.005817649,-0.004781996,-0.0034795685,-0.002709127,-0.00234726,0.002713307,0.0034086055,0.0048825624,0.0064817513,0.007796257,0.007896257,0.008023987,0.008123986,0.008192926,0.009426951,0.011609108,0.014057966,0.014804455,0.016922876,0.017458934,0.01829717,0.019912984,-0.017226389,-0.011952296,-0.008694676,-0.004161117,0.0051020426,0.009460283,0.012149177,0.016799089
2019-05-16,-0.002646819,-0.022299096,-0.019168625,-0.017089108,-0.015929144,-0.015206774,-0.013526766,-0.011159719,-0.010652707,-0.008801032,-0.007993673,-0.0070139184,-0.006776251,-0.006045653,-0.0052952804,-0.003538469,-0.00202133,-0.0018829785,0.0025856227,0.003558986,0.004127095,0.0065055103,0.006820195,0.007669348,0.0077693476,0.007869348,0.008100262,0.009157335,0.011566236,0.01414349,0.015051247,0.016946081,0.017443988,0.01843392,0.019963814,-0.017226081,-0.012245866,-0.00899901,-0.0039503956,0.0049093124,0.009131943,0.012082262,0.01690771
2019-05-17,-0.0011412972,-0.022297783,-0.01924795,-0.01743469,-0.015872514,-0.014713489,-0.012886563,-0.011209002,-0.009966564,-0.008830264,-0.0076390635,-0.007577802,-0.00698288,-0.005999711,-0.0053682146,-0.0030273036,-0.0023599358,-0.0022599357,0.0016238044,0.0028829803,0.0037269476,0.005808067,0.006817925,0.007612505,0.007712505,0.007812505,0.0079125045,0.009539815,0.012048461,0.014164575,0.015200249,0.017038738,0.01751711,0.018478664,0.020002386,-0.01700366,-0.012065416,-0.008694956,-0.0041186386,0.0043508606,0.009189464,0.012236493,0.016976923
2019-05-20,0.00041415053,-0.0222328,-0.019162819,-0.017376281,-0.01599638,-0.01483878,-0.013152543,-0.011104324,-0.010233591,-0.008834751,-0.008045964,-0.0069127358,-0.006812736,-0.005779725,-0.0057752924,-0.005226744,-0.004786453,-0.004016275,0.0004144343,0.0009677086,0.0024286166,0.0031650688,0.0035841027,0.0041764113,0.0043140687,0.004955371,0.0076101897,0.009460986,0.011889226,0.014073628,0.015154154,0.017092882,0.017541021,0.018497542,0.020035045,-0.017076666,-0.012140298,-0.008804912,-0.0053435,0.0022579795,0.0072500994,0.012115011,0.01697065
2019-05-21,-0.0010412993,-0.022534482,-0.01915506,-0.017403448,-0.015944932,-0.015142415,-0.013371471,-0.011216563,-0.010422032,-0.008672687,-0.0077995863,-0.0074120457,-0.006983296,-0.005769536,-0.005328776,-0.0042062458,-0.003903804,-0.0034157732,0.0007573229,0.0013853335,0.0025589496,0.0035007873,0.003815425,0.003971109,0.0041754125,0.0050883275,0.007738939,0.009349741,0.011949623,0.013740503,0.0150025375,0.017008973,0.01749644,0.01839144,0.019882597,-0.017229673,-0.01221724,-0.008869184,-0.004853329,0.002475561,0.0071930215,0.012055049,0.01680521
2019-05-22,-0.00012323618,-0.02273702,-0.019561395,-0.017484775,-0.016014159,-0.014560105,-0.013161905,-0.0111526735,-0.009505372,-0.008619364,-0.007677694,-0.0068937507,-0.006633636,-0.0057985443,-0.0052558193,-0.003742913,-0.003309279,-0.0025091688,0.0012291776,0.0019905725,0.003555996,0.0041897334,0.0042897332,0.004404537,0.0045045367,0.0045545846,0.00885149,0.009108001,0.011905648,0.014145341,0.015033581,0.01715942,0.017566023,0.018548261,0.020071222,-0.017206917,-0.011984818,-0.00855543,-0.0043421863,0.0030940033,0.0073004393,0.0123153,0.016991565
2019-05-23,0.0012809145,-0.022666091,-0.019434048,-0.01752079,-0.016002197,-0.015153917,-0.012865469,-0.0111477235,-0.009409412,-0.00855096,-0.0075332634,-0.007099232,-0.005542008,-0.005263321,-0.004311333,-0.0036768087,-0.0034028983,-0.0032524602,0.0018009051,0.0018204813,0.0021528983,0.0036475826,0.003983379,0.0040833787,0.0044021984,0.00473779,0.00789544,0.009387087,0.01141175,0.01416973,0.0152964415,0.017163597,0.01755296,0.018579816,0.020035086,-0.017224345,-0.011898871,-0.008122695,-0.0043485463,0.0027648131,0.0072722733,0.0120833935,0.017048934
2019-05-24,0.002333671,-0.022436744,-0.019360185,-0.017032268,-0.015802098,-0.015131438,-0.013113118,-0.011305145,-0.010598108,-0.008680391,-0.00805831,-0.006973448,-0.006169311,-0.0054077394,-0.0048969295,-0.0034277032,-0.0029256248,-0.0026880926,0.0014726896,0.0018338205,0.0026721116,0.003614079,0.0036918712,0.0037918712,0.004325958,0.004698575,0.0068248617,0.009063764,0.012568675,0.0141406385,0.01528496,0.017125422,0.01753029,0.018463314,0.019940816,-0.017168717,-0.012145807,-0.008669318,-0.0041823597,0.0027837318,0.0070773438,0.012025645,0.01699103
2019-05-27,-0.00046897927,-0.022865482,-0.019630753,-0.017279372,-0.015989693,-0.01513822,-0.01308835,-0.011235821,-0.009632096,-0.008337159,-0.0074893706,-0.0065993713,-0.006497415,-0.005611829,-0.004677216,-0.0036642537,-0.0032040153,-0.0027074404,0.0011696015,0.0019988166,0.0034403885,0.0037933618,0.0038323523,0.004078003,0.0044024885,0.0044072266,0.006796623,0.009328801,0.012078647,0.014120983,0.015121264,0.017150903,0.017563885,0.018630449,0.0200269,-0.017342499,-0.01191456,-0.008463812,-0.0041704597,0.0029609313,0.007153474,0.011977787,0.0170101
2019-05-28,-0.001372469,-0.022449892,-0.019314718,-0.017091667,-0.015811872,-0.015075637,-0.013059617,-0.0110027185,-0.010256117,-0.008713758,-0.0079656625,-0.007745125,-0.006898386,-0.0056284093,-0.004570934,-0.0043278825,-0.0036198855,-0.003270384,0.0006313589,0.0014317771,0.0025301226,0.0037198123,0.0038650963,0.0041661114,0.0042180126,0.0044609155,0.0076898835,0.0093751,0.012526664,0.01349421,0.014912092,0.016960235,0.017492082,0.018215682,0.019892579,-0.017142346,-0.012024775,-0.008761639,-0.004706842,0.0025062165,0.007072286,0.012115588,0.016694961
2019-05-29,-0.0036863654,-0.022678113,-0.018887993,-0.017214054,-0.015892595,-0.01517406,-0.013151694,-0.011224178,-0.009479273,-0.008354824,-0.007790322,-0.0066918917,-0.005344557,-0.0052445573,-0.0046663512,-0.0034173464,-0.0025237924,-0.0024237924,0.0013205775,0.0016669617,0.0024539412,0.003270269,0.0036141623,0.0036564067,0.00420909,0.0043770378,0.007555232,0.009871552,0.012037839,0.014192444,0.0154352095,0.017276885,0.017571973,0.01862872,0.019962769,-0.017156892,-0.011884804,-0.008202081,-0.003944635,0.002584168,0.0071423203,0.012245807,0.017099207
2019-05-30,0.00032548467,-0.022534853,-0.019151524,-0.01721356,-0.017035475,-0.0151186185,-0.013442952,-0.010999913,-0.010249636,-0.008410865,-0.0072115078,-0.006594966,-0.0057635712,-0.0049994458,-0.0048999516,-0.0031441017,-0.0024292592,-0.0023292592,0.0011988721,0.0015366724,0.0028554897,0.0039877133,0.003995055,0.003997403,0.004266433,0.0044852877,0.008764812,0.009493104,0.011539002,0.014034209,0.0150823705,0.017004257,0.017496882,0.018422844,0.02000379,-0.017456684,-0.012063386,-0.008333423,-0.0038795075,0.0027690362,0.0072010113,0.012265602,0.016909493
2019-05-31,0.00091079384,-0.022769084,-0.019093947,-0.017241843,-0.016209116,-0.014752444,-0.013273901,-0.011137145,-0.009893197,-0.008842132,-0.008244106,-0.0070595965,-0.0053800805,-0.0049630483,-0.0047831144,-0.004292606,-0.004220521,-0.0037749573,0.0012317867,0.0015144428,0.002227197,0.0034236526,0.0037292722,0.003906288,0.004184236,0.00459356,0.0068204445,0.009240639,0.012045243,0.013968193,0.015112595,0.017004916,0.017522426,0.01860742,0.020063823,-0.017219698,-0.012077644,-0.008350867,-0.004826159,0.002516263,0.0070875906,0.0119193895,0.01695139
2019-06-03,0.0049745115,-0.02272215,-0.019166505,-0.017178742,-0.015941309,-0.015221068,-0.013575367,-0.011094661,-0.00940519,-0.008811405,-0.008329505,-0.00715367,-0.0053982786,-0.004563192,-0.0040943725,-0.0029699518,-0.0020122326,-0.0018187639,0.0017742373,0.002044201,0.0026016142,0.0035574983,0.0036335755,0.0037899269,0.0040112794,0.005100341,0.00826735,0.009405844,0.011571834,0.013430963,0.0150574185,0.01693583,0.01740541,0.018314421,0.019757695,-0.017325278,-0.012013073,-0.008254306,-0.0036097982,0.0027977661,0.0070721298,0.01201628,0.016699266
2019-06-04,0.0028384994,-0.021767076,-0.018659957,-0.016467137,-0.015812188,-0.01492817,-0.013076273,-0.0110336915,-0.009387305,-0.008722807,-0.007361723,-0.0063355556,-0.005459228,-0.0051257475,-0.004681647,-0.0031210522,-0.003034279,-0.0027622825,0.0010637722,0.0013156888,0.002319071,0.0033962294,0.0040105237,0.0041105235,0.004166667,0.0045627574,0.007466716,0.009174729,0.01180886,0.013911479,0.015175088,0.017048337,0.017511662,0.01838771,0.020018632,-0.016848732,-0.011737442,-0.0080820555,-0.003986963,0.0024522855,0.007154003,0.01197469,0.016908249
2019-06-05,0.00050269254,-0.022441184,-0.019032527,-0.016544785,-0.01581559,-0.014919894,-0.013161372,-0.010934818,-0.010271676,-0.008798069,-0.008302427,-0.007489624,-0.0068403706,-0.0066944202,-0.006249453,-0.003753983,-0.003172424,-0.0029757773,0.0032281366,0.0033281366,0.004219892,0.0067635756,0.008106189,0.008206189,0.0083061885,0.008406188,0.008566828,0.010853514,0.01143745,0.013874148,0.015008545,0.016952043,0.01736251,0.01828882,0.019971056,-0.017074112,-0.0119421445,-0.009054054,-0.004728252,0.005169186,0.009889246,0.01241889,0.016818922
2019-06-06,0.00457488,-0.022730667,-0.0193271,-0.017273365,-0.015889589,-0.015026652,-0.013475915,-0.011213851,-0.009631944,-0.009229383,-0.008380018,-0.008280018,-0.00806076,-0.007986357,-0.007025244,-0.0053917794,-0.004381237,-0.0038217604,0.0011207055,0.0022881909,0.003447372,0.0056149713,0.006644841,0.006652324,0.006752324,0.0068523237,0.00795682,0.009380564,0.011812186,0.013933402,0.015134446,0.01701686,0.017523745,0.018332645,0.020000875,-0.017289985,-0.012164893,-0.009506999,-0.005780008,0.0038447126,0.008692691,0.012121344,0.016883645
2019-06-07,0.0026881143,-0.02260419,-0.019258494,-0.017232707,-0.015924508,-0.015057178,-0.013086016,-0.011250889,-0.0099783,-0.008739142,-0.008370342,-0.007949342,-0.0072563724,-0.007191864,-0.0062219715,-0.005105275,-0.0033165063,-0.0032165062,0.0054149157,0.0065441816,0.006885639,0.008267849,0.008479659,0.008688543,0.008788543,0.008888543,0.010708969,0.011463725,0.011588993,0.014145452,0.01546902,0.017119627,0.017537909,0.018474981,0.020017428,-0.017186077,-0.012057411,-0.009176579,-0.00516192,0.007180226,0.010333184,0.0130890105,0.0170453
2019-06-10,-0.0012458913,-0.022426186,-0.019202266,-0.017297516,-0.015908381,-0.015032449,-0.013196514,-0.011184217,-0.010510039,-0.008781819,-0.008375393,-0.00801509,-0.0076756664,-0.0071814926,-0.0069348332,-0.0051328274,-0.0047576493,-0.0046576494,0.0028628507,0.0037091966,0.004177216,0.0060051265,0.006203268,0.0070557445,0.0071557444,0.007255744,0.008758344,0.00957069,0.011382542,0.014011134,0.014806028,0.016879054,0.017339716,0.018082898,0.019861167,-0.017153159,-0.012194021,-0.009387821,-0.0058996095,0.004782027,0.0088193165,0.012212485,0.016728057
2019-06-11,0.0004729146,-0.022629134,-0.01914185,-0.017241387,-0.01620669,-0.014648872,-0.013032553,-0.011131491,-0.009547364,-0.008678527,-0.00794825,-0.0077622305,-0.0075407913,-0.0070332405,-0.006212818,-0.006210258,-0.0061102584,-0.0059067425,0.0020275982,0.0032799656,0.0041244477,0.0060844235,0.006577294,0.00715005,0.0072500496,0.0073500494,0.007862578,0.009214803,0.011753382,0.014040873,0.014865985,0.016596723,0.017481966,0.018554164,0.020038208,-0.017131818,-0.011926264,-0.009020439,-0.0064404616,0.0045532966,0.008866614,0.01207072,0.01681919
2019-06-12,-0.0004684938,-0.02251938,-0.019159604,-0.017301101,-0.015903568,-0.015090509,-0.013030621,-0.011100728,-0.00957241,-0.008787919,-0.008264243,-0.007901493,-0.007622618,-0.0064026006,-0.00561536,-0.004593147,-0.003544582,-0.003181236,0.0048056385,0.005632984,0.005931877,0.0066653728,0.0066825924,0.0068036066,0.0069036065,0.0070036063,0.007647149,0.009382886,0.011739218,0.014051867,0.014881334,0.017000923,0.017509706,0.018249962,0.019908572,-0.017140737,-0.011958556,-0.008978499,-0.0049671633,0.005987896,0.008784911,0.012066165,0.01681853
2019-06-13,-0.0031747394,-0.022635026,-0.018925214,-0.017162474,-0.015871719,-0.01512365,-0.013045928,-0.011110231,-0.009857418,-0.008746852,-0.008169243,-0.008069243,-0.007527907,-0.0063878126,-0.005537903,-0.00470015,-0.0030235287,-0.0029235287,0.002670438,0.0033278447,0.0041677463,0.0059065986,0.0067710336,0.0071761515,0.0072761513,0.007376151,0.007824807,0.009183231,0.011909744,0.013620357,0.014809458,0.01690982,0.017487975,0.018421926,0.019985376,-0.017120307,-0.011984581,-0.008997662,-0.004850871,0.0046697557,0.008825385,0.012005223,0.016749388
2019-06-14,-0.005139868,-0.022219459,-0.019154187,-0.017260544,-0.015845489,-0.014926077,-0.0130911255,-0.011128235,-0.009612465,-0.008781175,-0.0076502278,-0.0075788386,-0.0070503484,-0.0059412844,-0.0048843487,-0.0036502688,-0.0033404687,-0.0026240258,0.0036096005,0.0037096005,0.0043685413,0.0059488085,0.008020619,0.008892719,0.0089927185,0.009092718,0.009192718,0.009284542,0.011925389,0.01415226,0.015278259,0.017196119,0.017539112,0.018608978,0.020021936,-0.017047267,-0.011974709,-0.00866909,-0.00441559,0.005325854,0.009888572,0.012418804,0.01705151
2019-06-17,0.0016034852,-0.022362057,-0.019233735,-0.017317118,-0.015783416,-0.014864812,-0.013428528,-0.011184359,-0.009508912,-0.008832029,-0.008311597,-0.0070793005,-0.006786344,-0.0061133094,-0.00490869,-0.003017989,-0.0024657308,-0.002276929,0.0024537412,0.002959509,0.0036914232,0.0050965226,0.0064234086,0.0064253695,0.0065253694,0.006625369,0.0074093593,0.0093926955,0.012149436,0.013880458,0.0151027115,0.016761797,0.017473385,0.01847785,0.020014307,-0.017134508,-0.012054188,-0.008829738,-0.003949728,0.004145313,0.00854946,0.012061067,0.016847424
2019-06-18,-0.0034484447,-0.022627275,-0.019243948,-0.017246885,-0.016322315,-0.014720552,-0.013549369,-0.011092371,-0.009142772,-0.0083284555,-0.007880437,-0.0069994344,-0.0066151237,-0.0050031734,-0.0046366737,-0.0024421224,-0.0019563006,-0.001814632,0.0024598876,0.0032432766,0.0038468787,0.006844211,0.0074716383,0.008302199,0.008402199,0.008502198,0.008602198,0.009420121,0.011636583,0.01358946,0.0151537405,0.01670962,0.017380297,0.01844118,0.019901086,-0.017292693,-0.011871971,-0.008438176,-0.0035698328,0.0049592904,0.0094571235,0.012125732,0.016759017
2019-06-19,0.0015685437,-0.022474442,-0.019218802,-0.01728999,-0.015816342,-0.014708726,-0.013762687,-0.011187985,-0.010305457,-0.008422631,-0.008324077,-0.0068771727,-0.006777173,-0.006422016,-0.0051083295,-0.0029911299,-0.002540973,-0.0024993815,0.0030108693,0.0032416615,0.00564519,0.0066077756,0.008011751,0.009059576,0.009159576,0.009259576,0.009359576,0.009924614,0.0112254005,0.014061908,0.0150211975,0.016958654,0.017340174,0.018354295,0.020002333,-0.017196199,-0.01219375,-0.009118282,-0.004003397,0.0055330144,0.010063485,0.012382334,0.016879678
2019-06-20,0.006194296,-0.022328807,-0.019254807,-0.017208017,-0.01592853,-0.015055178,-0.013020495,-0.011058229,-0.009842701,-0.008782711,-0.007604254,-0.007118383,-0.0070242556,-0.00599118,-0.005143374,-0.0033053653,-0.0030520908,-0.0026665537,0.002993474,0.0032204543,0.005072253,0.0073303157,0.007774123,0.009150269,0.009250269,0.009350269,0.009450269,0.009550269,0.011150226,0.01407411,0.015062752,0.017046582,0.017403651,0.018519383,0.019959815,-0.017117564,-0.011982431,-0.008696577,-0.0042571533,0.0055733533,0.009979809,0.012325705,0.016932528
2019-06-21,0.0040178415,-0.022327363,-0.018966254,-0.017195558,-0.015916677,-0.0149845835,-0.013067703,-0.010839852,-0.009893811,-0.008847704,-0.008337077,-0.008237077,-0.007932334,-0.00785765,-0.0066993395,-0.004772559,-0.0031551423,-0.0030551422,0.0019150926,0.003002675,0.0046905265,0.0061115506,0.006410407,0.007343985,0.007443985,0.007543985,0.008194324,0.009684701,0.012186216,0.014123353,0.01520754,0.017049799,0.01751347,0.018408982,0.019946909,-0.017052516,-0.011968926,-0.009417715,-0.0051838523,0.0046327664,0.009021287,0.012340413,0.016947318
2019-06-24,0.0056116004,-0.02218222,-0.01887209,-0.01710981,-0.015856704,-0.014865694,-0.012755669,-0.0111005185,-0.009042423,-0.00875951,-0.008226398,-0.008126399,-0.008026399,-0.0074826176,-0.007296033,-0.006054659,-0.0038292515,-0.002630419,0.0043779397,0.0050532524,0.0054707704,0.006575513,0.0071478602,0.0074169845,0.0074537667,0.0075537665,0.00853344,0.0095642265,0.0108761145,0.014080383,0.0149114225,0.016941004,0.017455475,0.018422011,0.019970395,-0.016906474,-0.011753586,-0.009106701,-0.0055873524,0.0057862485,0.009152644,0.012101928,0.016865043
2019-06-26,-0.00017776743,-0.022444623,-0.019297648,-0.017314397,-0.017067501,-0.015063319,-0.01305163,-0.011206174,-0.009141889,-0.008711345,-0.008037829,-0.007898403,-0.0076544858,-0.0070799924,-0.0058230204,-0.0050362246,-0.0033729032,-0.002288744,0.0040957807,0.0044922126,0.0052452884,0.0065780208,0.007696139,0.007707916,0.0077126706,0.00781267,0.00791267,0.009326086,0.011455222,0.014064677,0.014998247,0.016866889,0.017318876,0.01839804,0.019893391,-0.017384943,-0.011885087,-0.008993166,-0.004883859,0.005624795,0.009321498,0.012015507,0.016844248
2019-06-27,-0.001671681,-0.022921246,-0.019234814,-0.01725919,-0.015815785,-0.015197808,-0.013666514,-0.011038776,-0.009712938,-0.008763688,-0.008413692,-0.008397757,-0.007895893,-0.0071997438,-0.0068144784,-0.0052341553,-0.0040188474,-0.0039188475,0.0027860277,0.004420951,0.0057343277,0.0075333095,0.008969884,0.009691791,0.0097917905,0.009921274,0.010021274,0.010121274,0.011772827,0.014095074,0.015000063,0.016949331,0.017490584,0.018414775,0.020031,-0.017367234,-0.0120882215,-0.009377756,-0.005676817,0.0060532815,0.01055986,0.012700206,0.016898047
2019-06-28,0.00029016347,-0.022963334,-0.0196318,-0.017380238,-0.01607895,-0.014849322,-0.013105534,-0.010896643,-0.009617638,-0.008596251,-0.0079727955,-0.007853982,-0.0072228257,-0.0063539217,-0.006057404,-0.0046832743,-0.0043086265,-0.0036703306,0.0037960256,0.005122003,0.006011223,0.008016148,0.008912663,0.008943321,0.009237269,0.009337269,0.009437269,0.009537268,0.011485397,0.013718067,0.015079002,0.01707922,0.017539144,0.018559955,0.020020295,-0.017325789,-0.011919261,-0.008854543,-0.0053147236,0.006436534,0.010089718,0.012343429,0.016891306
2019-07-01,-0.005974089,-0.02288272,-0.01911683,-0.016998542,-0.01583493,-0.014760735,-0.01302585,-0.011151243,-0.009315806,-0.008775355,-0.008073538,-0.007973538,-0.0073796525,-0.0062341047,-0.0058472264,-0.0041055866,-0.0031003589,-0.0030003588,0.00184463,0.0026771203,0.004242154,0.005469725,0.0069363844,0.007809559,0.007815451,0.007915451,0.008015451,0.009400446,0.011588887,0.01340715,0.015029379,0.017090878,0.017538654,0.0185801,0.019994095,-0.017124213,-0.01185336,-0.008805791,-0.0048054135,0.004409816,0.009093799,0.011990117,0.01682032
2019-07-02,-0.000548493,-0.022558076,-0.019282531,-0.017309511,-0.016055612,-0.015230424,-0.013124793,-0.011044065,-0.0091281,-0.008318278,-0.008245047,-0.007599418,-0.007536183,-0.00639849,-0.0057839816,-0.0040945453,-0.003728775,-0.0026451861,0.0020060944,0.0032817468,0.005615908,0.008002348,0.008102348,0.008202348,0.008302348,0.008742059,0.0088420585,0.009359601,0.011081395,0.014080334,0.015083267,0.01693724,0.017432762,0.018435763,0.020045,-0.017250288,-0.01178495,-0.008886523,-0.004770381,0.005441689,0.009697339,0.01215923,0.01691632
2019-07-03,-0.002292327,-0.022623258,-0.019380694,-0.016727395,-0.015842821,-0.014987564,-0.012952714,-0.011097135,-0.009103165,-0.008970133,-0.008484137,-0.008384137,-0.007957189,-0.0068714353,-0.005332914,-0.0039777607,-0.0037009479,-0.0023828899,0.0009645683,0.0019265461,0.004719634,0.0063999016,0.00674399,0.00784739,0.00794739,0.0086992355,0.008799235,0.009235796,0.011009139,0.01349204,0.014913533,0.016716206,0.017244454,0.017997414,0.019703198,-0.01715741,-0.011770109,-0.009073729,-0.0047557303,0.004391608,0.00920369,0.011956133,0.01656448
2019-07-05,-0.0052511413,-0.022325369,-0.018992672,-0.01714553,-0.015856283,-0.014466948,-0.0130538605,-0.011179205,-0.00928275,-0.008566006,-0.008250929,-0.00778784,-0.0068523576,-0.0058155293,-0.0046858,-0.0029109658,-0.0021628537,-0.0015333476,0.0017274502,0.0031570622,0.004633845,0.007521011,0.007814918,0.00884589,0.00894589,0.00904589,0.009145889,0.009245889,0.0114504155,0.013840176,0.014974485,0.017022075,0.017466616,0.018473543,0.01999396,-0.016939025,-0.01184547,-0.008651085,-0.0038161618,0.0051970514,0.009758553,0.012229797,0.016860848
2019-07-08,-0.0006488562,-0.022654679,-0.019401237,-0.017352423,-0.015900364,-0.015246455,-0.013261417,-0.01114516,-0.009109415,-0.008601833,-0.007934623,-0.0075258533,-0.006949601,-0.006301377,-0.005021611,-0.0026440565,-0.0023163173,-0.0016505835,0.003795683,0.0040302356,0.004942245,0.008453223,0.0085869655,0.008748862,0.008848862,0.008948862,0.009048861,0.009140511,0.011484421,0.013735834,0.014989614,0.017034225,0.017510653,0.018414427,0.019913072,-0.017292831,-0.01189405,-0.008711288,-0.0038316841,0.00601405,0.009832207,0.0121840555,0.016817434
2019-07-09,6.245121e-05,-0.02228862,-0.019026944,-0.017156282,-0.0158835,-0.01450728,-0.013078566,-0.0111438455,-0.009407204,-0.008768657,-0.0077169924,-0.00709793,-0.0064119454,-0.0054311934,-0.0049684197,-0.0038721692,-0.0033590065,-0.002440748,0.0023674094,0.0028511132,0.0039136526,0.007383627,0.0074836267,0.008880411,0.008980411,0.009080411,0.009180411,0.009388682,0.011115111,0.013969184,0.015141097,0.017161962,0.01745085,0.018563826,0.020044653,-0.016956981,-0.011910911,-0.008409181,-0.004347655,0.005099243,0.009760463,0.012220847,0.016976144
2019-07-10,0.004535115,-0.022654932,-0.019278364,-0.017335791,-0.015872763,-0.015191261,-0.013317704,-0.01108194,-0.009309878,-0.008695631,-0.0072233067,-0.006762177,-0.006532892,-0.006318632,-0.0054247375,-0.004218441,-0.0031219602,-0.002519163,0.0018662912,0.0029819484,0.0045869746,0.006974554,0.008007029,0.008578906,0.008678906,0.0087789055,0.008878905,0.009261434,0.012550581,0.013803842,0.015060678,0.016903507,0.017440496,0.018383447,0.019930424,-0.017263005,-0.011948189,-0.008540483,-0.0044092955,0.0050177346,0.009686023,0.012387052,0.01681638
2019-07-11,5.7724545e-05,-0.022839176,-0.017912658,-0.01659968,-0.01568453,-0.014232517,-0.013037201,-0.010863412,-0.009025519,-0.00833756,-0.0076412135,-0.0073996056,-0.0067809317,-0.006206823,-0.00448642,-0.0025449938,-0.0022348096,-0.0019721838,0.0022895744,0.0028397217,0.0041149464,0.0052398588,0.006686274,0.006786274,0.008119113,0.008219113,0.0083191125,0.009830436,0.0115528675,0.013928688,0.015368489,0.017214634,0.017518913,0.01857956,0.020045565,-0.016741216,-0.011572674,-0.008538337,-0.0037276025,0.0045206426,0.009090157,0.012230003,0.017027387
2019-07-12,-0.00065959035,-0.022699092,-0.019502236,-0.016454935,-0.015568017,-0.014394404,-0.012774162,-0.011081789,-0.0091285035,-0.008692043,-0.008208364,-0.0074012983,-0.0068522864,-0.0065342034,-0.0050740624,-0.0027342408,-0.0019067021,-0.00094541756,0.002477906,0.0027641817,0.00379124,0.004579624,0.0065636616,0.0066636615,0.0067636613,0.006863661,0.007822128,0.009159767,0.011198493,0.014135324,0.0151056545,0.01704781,0.017477877,0.01837613,0.019966267,-0.016987583,-0.011626286,-0.008699504,-0.0036123444,0.0040753228,0.008677215,0.011958718,0.016926236
2019-07-15,0.00049750914,-0.02243999,-0.018490104,-0.016015198,-0.015807388,-0.0141420225,-0.012923329,-0.010956538,-0.009309856,-0.008527653,-0.00813098,-0.007442181,-0.006784291,-0.005970916,-0.005160724,-0.0037112671,-0.0028463635,-0.0024836923,0.0021057033,0.0027549681,0.003264887,0.0055237086,0.0067749247,0.0076359888,0.0077359886,0.007835989,0.008742582,0.0093050925,0.011428679,0.014042276,0.01490613,0.0168654,0.017357284,0.018181551,0.019883089,-0.016760567,-0.011546515,-0.008623874,-0.0043288455,0.0042770514,0.009118854,0.012175183,0.01677569
2019-07-16,-0.004234508,-0.022571804,-0.019042226,-0.01643286,-0.015938329,-0.0140251145,-0.012720787,-0.011231001,-0.009525718,-0.008741417,-0.007885393,-0.0070459405,-0.0066552283,-0.0055192867,-0.0050145723,-0.0036842867,-0.0035316616,-0.0031655799,0.0019552363,0.0029173456,0.0034461825,0.005900787,0.0074067437,0.007836646,0.007936646,0.008036646,0.008136646,0.009374483,0.011344084,0.014112131,0.015073807,0.017047811,0.017482279,0.018567422,0.019970791,-0.01685965,-0.011730356,-0.008461283,-0.004488408,0.0044312393,0.009353329,0.012089925,0.016954392
2019-07-17,0.0017511618,-0.02230062,-0.019004386,-0.016067872,-0.01599198,-0.014082432,-0.012979804,-0.011205114,-0.0097272275,-0.008700529,-0.007864222,-0.0070437323,-0.0065393066,-0.0063087577,-0.004581185,-0.003056114,-0.002633122,-0.0023715547,0.0027515932,0.0031879751,0.0040233005,0.0057823537,0.0066971835,0.0067971833,0.006897183,0.006997183,0.007905698,0.009385179,0.011013083,0.014056538,0.015151278,0.017210694,0.017553516,0.018585829,0.020061452,-0.016871843,-0.011736108,-0.008683863,-0.0039371415,0.004528481,0.008786653,0.011982803,0.017013159
2019-07-18,-0.00029832736,-0.021895071,-0.018742703,-0.015362741,-0.015262742,-0.013903186,-0.01289216,-0.0109694535,-0.009557861,-0.0082025435,-0.0077212234,-0.0065439073,-0.005841656,-0.0050322865,-0.0049322867,-0.003659916,-0.0029967115,-0.0028142487,0.0016663367,0.0017663366,0.0024935163,0.0033354338,0.0035686833,0.0038981934,0.0040435,0.004653143,0.0070773023,0.008516258,0.011386286,0.01337856,0.014824936,0.016980339,0.017502239,0.018444387,0.019989245,-0.016539173,-0.011396952,-0.008209038,-0.004189414,0.0026610247,0.0068029673,0.011572128,0.016723493
2019-07-19,-0.00062811415,-0.02222699,-0.019049702,-0.01597061,-0.015608758,-0.013420259,-0.012663783,-0.011033021,-0.009109587,-0.008667162,-0.007721862,-0.0073735025,-0.0053255497,-0.00522555,-0.004225027,-0.0034484982,-0.002851672,-0.002394319,0.001699213,0.0017966329,0.003121144,0.0046563935,0.0048379325,0.0049379324,0.005037932,0.005137932,0.008276925,0.0090480205,0.010773249,0.013440183,0.014957521,0.016897816,0.017478796,0.018425005,0.019937247,-0.0165939,-0.0114888325,-0.008009266,-0.004058604,0.0032622633,0.0074804,0.011803435,0.016731555
2019-07-22,-0.0005794621,-0.02216616,-0.019024955,-0.015981358,-0.015601491,-0.013856648,-0.012782088,-0.011095824,-0.009520799,-0.008695533,-0.007997883,-0.00721932,-0.0071193203,-0.0069818073,-0.0055048256,-0.003924441,-0.0029280086,-0.0018091399,0.0021046607,0.0023492225,0.003104178,0.0041927462,0.0057730284,0.0066468148,0.0067468146,0.0068468144,0.007029868,0.009022885,0.010885276,0.013606082,0.015003218,0.01696667,0.017362837,0.018267557,0.019966552,-0.016686268,-0.01161512,-0.00888038,-0.004277147,0.0036995248,0.008379125,0.011581389,0.016762014
2019-07-23,-0.005181023,-0.022503447,-0.018895138,-0.016138114,-0.015630716,-0.013894115,-0.012889057,-0.010973456,-0.009087749,-0.008446889,-0.007883791,-0.007213464,-0.006499442,-0.00594762,-0.004747652,-0.0039667976,-0.0034191594,-0.0032121977,0.0020166289,0.00268758,0.003617194,0.0062904977,0.0070865443,0.007186544,0.007286544,0.007386544,0.0074585476,0.0092205545,0.011205661,0.014098998,0.015217335,0.016806176,0.017515007,0.018433474,0.020033449,-0.016762495,-0.011507053,-0.008461532,-0.004511854,0.0043796888,0.008995837,0.0118997535,0.016917886
2019-07-24,-0.0013634124,-0.02271696,-0.01925928,-0.01603506,-0.015599119,-0.013574443,-0.012750187,-0.011185789,-0.009094382,-0.008590588,-0.007861046,-0.0070070075,-0.0064490614,-0.00611465,-0.0057364823,-0.0050202175,-0.0043318956,-0.0039151586,0.0011992799,0.0014544828,0.0018777463,0.003750245,0.0039362675,0.004207359,0.004259007,0.004754727,0.007824178,0.00937134,0.01100977,0.013949171,0.015142069,0.016892748,0.017427107,0.018485738,0.020014979,-0.016779998,-0.011531201,-0.008453866,-0.005202152,0.0025081523,0.0072437725,0.011916314,0.01689694
2019-07-25,0.0012737713,-0.022627296,-0.019064823,-0.016354855,-0.015545111,-0.013802402,-0.012774668,-0.011144778,-0.009309765,-0.0088382205,-0.007566036,-0.0070035113,-0.00664873,-0.005440107,-0.004285888,-0.003105885,-0.0023893516,-0.0022509045,0.0020978444,0.002341592,0.0032925596,0.0058324216,0.0075173792,0.007844824,0.007944824,0.008044824,0.008144824,0.009371018,0.011451613,0.013626627,0.015169184,0.016982883,0.017422713,0.018473553,0.019936664,-0.01676286,-0.011684457,-0.0083478615,-0.0038071082,0.0043018484,0.009280935,0.012003359,0.016837781
2019-07-26,-0.0030570836,-0.022461439,-0.01906037,-0.015993733,-0.0156070255,-0.013646262,-0.012609546,-0.01107883,-0.009006926,-0.008691364,-0.0078001493,-0.007196553,-0.007096553,-0.0069689834,-0.0052157748,-0.0034710187,-0.0027629095,-0.0024076237,0.002126807,0.003167826,0.004403538,0.0065135085,0.0066673406,0.008021267,0.008121267,0.008221267,0.008321267,0.008622374,0.011140304,0.013828002,0.0148228435,0.016732516,0.01739852,0.018166848,0.019863967,-0.016676929,-0.011476079,-0.008696431,-0.004210776,0.0048665893,0.00907205,0.011862094,0.016682837
2019-07-29,0.0019538405,-0.022787925,-0.019007128,-0.016505321,-0.015671913,-0.014388158,-0.012906505,-0.010986926,-0.009259659,-0.008762344,-0.007902644,-0.0074460115,-0.006897891,-0.0064714374,-0.004758597,-0.0033829766,-0.002568729,-0.0018676956,0.0019208293,0.003017103,0.004311189,0.0071605304,0.007897419,0.008238581,0.008338581,0.008438581,0.0085385805,0.008664643,0.011120599,0.012828691,0.015149344,0.016982373,0.01746522,0.018448826,0.019960692,-0.016952325,-0.011684151,-0.0086876275,-0.0040048016,0.0049496465,0.009213584,0.011723546,0.016673986
2019-07-30,0.0004217081,-0.022674304,-0.019393627,-0.015985617,-0.015741559,-0.013710174,-0.012854633,-0.010922424,-0.009376519,-0.008722905,-0.007863087,-0.0077224257,-0.0065366765,-0.0060580033,-0.0049201706,-0.0042574783,-0.0035248485,-0.003108744,0.0014544664,0.0025499242,0.0033049714,0.0059049507,0.007225731,0.007522816,0.0076228157,0.0077228155,0.008063742,0.008849289,0.011443689,0.01355759,0.015116493,0.017172318,0.017544067,0.018648814,0.019989328,-0.01687486,-0.011572419,-0.008537783,-0.004706734,0.0041674254,0.008975649,0.011891675,0.01689691
2019-07-31,-0.0015935543,-0.022417685,-0.018780882,-0.01624012,-0.015675897,-0.013676973,-0.012838978,-0.011019763,-0.009084087,-0.008765888,-0.0076237707,-0.0068470286,-0.0064836005,-0.005222357,-0.0042422703,-0.0027380008,-0.0022912845,-0.0021895133,0.0026248344,0.0026478446,0.0031356525,0.0061046565,0.0064807455,0.006904679,0.0070046787,0.0071046785,0.0074594896,0.009078595,0.011026294,0.0134065095,0.014829673,0.016850268,0.01743516,0.01845188,0.019945722,-0.016678084,-0.011589767,-0.008250559,-0.0036616195,0.004303533,0.008595042,0.011681208,0.01669681
2019-08-01,-0.0062279385,-0.022696642,-0.019411514,-0.015829185,-0.015705718,-0.01378149,-0.012842362,-0.011010869,-0.009104084,-0.00872362,-0.0073534157,-0.007299959,-0.006159554,-0.0059247143,-0.0050152834,-0.0039089015,-0.003362427,-0.0031356532,0.0019355562,0.0029970072,0.0039468314,0.00711832,0.00721832,0.0076740906,0.0077740904,0.00787409,0.00797409,0.009126742,0.0114173265,0.013481334,0.01502566,0.01712196,0.017547272,0.01844819,0.020018246,-0.016887546,-0.011502025,-0.008276826,-0.0045444453,0.004754361,0.009074915,0.011909353,0.016819078
2019-08-02,0.004690334,-0.022476764,-0.019051736,-0.01627087,-0.015732508,-0.013924204,-0.012860264,-0.011073033,-0.00910275,-0.008727411,-0.008051085,-0.0076221246,-0.0071681035,-0.006628884,-0.005374564,-0.0042426665,-0.0027706805,-0.0020966546,0.002869446,0.0034441706,0.0043530627,0.005228382,0.005884461,0.0071743345,0.0072743343,0.007968788,0.008546739,0.009976799,0.011878414,0.013218839,0.014923709,0.016979208,0.017498119,0.018433226,0.019867815,-0.016809095,-0.0116068665,-0.008762217,-0.004421338,0.004633879,0.008844644,0.012223782,0.01668456
2019-08-05,0.0075394586,-0.022508262,-0.018861718,-0.015919171,-0.015606165,-0.013884596,-0.012732694,-0.010915428,-0.00912482,-0.008560144,-0.008234645,-0.008134645,-0.008034646,-0.00748002,-0.0060913055,-0.004262379,-0.003273993,-0.0030478528,0.0028225258,0.0040880246,0.0045443913,0.005999108,0.006229841,0.0068228124,0.006922812,0.007022812,0.007752329,0.009681007,0.011409263,0.0134956585,0.015145389,0.017187702,0.01756257,0.018564565,0.020040687,-0.016718687,-0.011450452,-0.009121364,-0.0049620355,0.004875372,0.008650427,0.011980166,0.0168868
2019-08-06,-4.019104e-05,-0.022453962,-0.01920861,-0.016052233,-0.015609652,-0.013445335,-0.012888216,-0.011109251,-0.009084142,-0.008802598,-0.0080548115,-0.0077450196,-0.0073869852,-0.0068503357,-0.00582564,-0.00444971,-0.00313513,-0.0025874714,0.0043132105,0.0053822957,0.0054822955,0.0066413293,0.0071203876,0.008026584,0.008126584,0.008226584,0.008326584,0.009302638,0.0108235795,0.013988053,0.0151288975,0.017123591,0.017521577,0.01846979,0.020066287,-0.016721155,-0.011587287,-0.008852898,-0.0047485945,0.0059891427,0.009332849,0.011992486,0.016955325
2019-08-07,0.003501717,-0.022589644,-0.019119011,-0.016392846,-0.015560891,-0.0142623475,-0.012941751,-0.011197145,-0.009319747,-0.008767336,-0.008025509,-0.0076795705,-0.007456514,-0.0070258016,-0.0064036595,-0.0048375423,-0.004347772,-0.0037030925,0.0031927102,0.003865753,0.004912182,0.0070000603,0.00710006,0.00720006,0.00730006,0.0074000596,0.007744252,0.009386849,0.011334834,0.013016326,0.015112971,0.017160086,0.017532906,0.01839705,0.020015337,-0.01689473,-0.011723765,-0.008953864,-0.0053943275,0.005254153,0.008820671,0.011803034,0.016740354
2019-08-08,-0.0025643467,-0.021953225,-0.018791014,-0.015989268,-0.015492897,-0.013627533,-0.012588881,-0.011125928,-0.009047322,-0.008648405,-0.007918148,-0.00782148,-0.0068745534,-0.006839659,-0.006362129,-0.0046705455,-0.004628556,-0.0037213322,0.0024557733,0.0031324392,0.0034646946,0.0050501535,0.005280012,0.0062637967,0.0063637965,0.0064637964,0.007114689,0.009677547,0.011329727,0.013609747,0.015364421,0.016931463,0.01754767,0.01858065,0.020055767,-0.016490709,-0.011479961,-0.008653713,-0.0054408084,0.0040933713,0.00825898,0.011855876,0.016908411
2019-08-09,0.0012818814,-0.022870691,-0.019330507,-0.015936883,-0.015532462,-0.013268559,-0.012922055,-0.011017712,-0.009056126,-0.008553501,-0.007775357,-0.0074752485,-0.0071186204,-0.0065622167,-0.005935467,-0.00419978,-0.0035193267,-0.0033093605,0.0029925762,0.0033769128,0.0040116175,0.005948068,0.006658652,0.007593022,0.007890162,0.008657483,0.008757483,0.010147664,0.01125362,0.0140935,0.015024081,0.016745806,0.017374897,0.018343464,0.019936575,-0.016784854,-0.0114972545,-0.008686875,-0.0048878365,0.0048438674,0.009430064,0.012325433,0.016828686
2019-08-12,-0.0009294789,-0.0227104,-0.019188315,-0.016432857,-0.015689444,-0.0136075765,-0.012794166,-0.011044388,-0.009098561,-0.00866509,-0.007983752,-0.007752187,-0.0070600836,-0.006317386,-0.005646235,-0.00409871,-0.0036539296,-0.0035386835,0.0035081797,0.0040079225,0.0048037753,0.0071237744,0.007917319,0.008345418,0.0084454175,0.008545417,0.009363108,0.01026577,0.0113913715,0.014090848,0.015019423,0.017125474,0.017546024,0.018514708,0.020008488,-0.01679798,-0.011607012,-0.008650789,-0.004937949,0.005577814,0.009832954,0.012531424,0.016951788
2019-08-13,-0.0025275543,-0.022649843,-0.01925951,-0.016089194,-0.015560408,-0.013925083,-0.012910057,-0.011120873,-0.009074868,-0.008575719,-0.008118033,-0.007836173,-0.0070673423,-0.0058394657,-0.005145381,-0.0036346982,-0.0035346982,-0.0032495074,0.004038123,0.0043112524,0.0044065826,0.0050250906,0.0056669135,0.006638343,0.006738343,0.0068383426,0.0075923773,0.009316744,0.010319647,0.013548771,0.015080725,0.017040575,0.017497763,0.018607728,0.019971307,-0.01686098,-0.0115541415,-0.008601953,-0.0046800915,0.004903878,0.008401823,0.011655061,0.016849821
2019-08-14,-0.0034667824,-0.022658514,-0.019376455,-0.016011972,-0.01559096,-0.013515456,-0.01273027,-0.010880623,-0.009060616,-0.008603853,-0.007937916,-0.0076421956,-0.0075421957,-0.0070296265,-0.006458457,-0.004822874,-0.004501454,-0.0038373407,0.002475607,0.0031679275,0.0048870933,0.0066077053,0.0069987476,0.0073356107,0.0074356105,0.008046517,0.008257539,0.008496641,0.01175704,0.013456919,0.015030978,0.017057722,0.017368898,0.01834583,0.020044947,-0.01677433,-0.011457467,-0.008860124,-0.0054524643,0.004914789,0.008866887,0.011867408,0.01678728
2019-08-15,-0.0034878477,-0.022350816,-0.01888358,-0.015480919,-0.015331875,-0.014019764,-0.012706805,-0.01114993,-0.009084317,-0.008460199,-0.00809192,-0.00799192,-0.007483842,-0.0070209964,-0.006183387,-0.0046172864,-0.003785992,-0.0030498125,0.0031631442,0.004229977,0.004792682,0.006078678,0.006525066,0.0070283483,0.0074389144,0.007538914,0.007767501,0.009677497,0.010197436,0.0134195965,0.01492446,0.016335757,0.017217493,0.018207418,0.019974943,-0.016658569,-0.011376435,-0.008877576,-0.00512568,0.005140679,0.008837884,0.011655904,0.016572434
2019-08-16,-0.0013696966,-0.022425082,-0.019215075,-0.016497865,-0.015730258,-0.01379538,-0.012834834,-0.011016144,-0.009144293,-0.008629028,-0.008416248,-0.008316248,-0.007612145,-0.0073304144,-0.005498978,-0.004220929,-0.003603759,-0.0031443858,0.0020693277,0.002984571,0.0037001183,0.0048640673,0.005862679,0.0067978804,0.0070640687,0.007509881,0.0080950195,0.008812493,0.010932377,0.013249917,0.0151400585,0.017212173,0.01755012,0.018607333,0.020061174,-0.016800126,-0.011624433,-0.009067586,-0.00495686,0.0041364306,0.00844657,0.011727986,0.016854132
2019-08-19,0.0005161093,-0.022506876,-0.0193643,-0.016008953,-0.015750784,-0.013513281,-0.012801045,-0.011030287,-0.009229718,-0.00867487,-0.008058247,-0.007958247,-0.007525137,-0.007231253,-0.0056992057,-0.0039562453,-0.0035036602,-0.0034327288,0.0023300096,0.0035515572,0.005074515,0.0063720867,0.006931392,0.007570302,0.007670302,0.007770302,0.008118169,0.009386478,0.011300116,0.0135150105,0.015237146,0.017066322,0.01741971,0.018452393,0.020024586,-0.016787257,-0.011548974,-0.008969081,-0.0049100174,0.0049996944,0.009034697,0.011947897,0.01685909
2019-08-20,-0.00030873204,-0.022415409,-0.019269213,-0.015770392,-0.015740601,-0.014009031,-0.012890012,-0.010860292,-0.009038544,-0.008726843,-0.008086037,-0.007986037,-0.006746985,-0.006646985,-0.005847032,-0.00541621,-0.0045259437,-0.0044542504,0.0019317358,0.0027340609,0.0038043915,0.0051473817,0.00622976,0.006602288,0.0074772974,0.0075772973,0.007677297,0.009112094,0.0110452,0.013994856,0.015205214,0.017187301,0.01747088,0.018514033,0.020036051,-0.016864853,-0.011457217,-0.008681713,-0.0056458944,0.004218973,0.008703259,0.011860065,0.016987491
2019-08-21,0.00044841887,-0.02239765,-0.01923153,-0.01584429,-0.015652148,-0.01395565,-0.012818632,-0.010935293,-0.008953548,-0.007986407,-0.007235627,-0.006801462,-0.005137966,-0.0046048374,-0.0034429512,-0.002519749,-0.0018664653,-0.001635682,0.0036565023,0.0043344777,0.006144198,0.0077394843,0.008171573,0.008734918,0.008987478,0.009087478,0.009187478,0.009342743,0.010818582,0.013955559,0.0149941435,0.017023135,0.017513193,0.01837226,0.019986326,-0.016811121,-0.0113076335,-0.0077501223,-0.0032532618,0.0061724284,0.009858454,0.012163511,0.016866285
2019-08-22,-0.0007549917,-0.022740409,-0.019323561,-0.015914585,-0.015295325,-0.014030115,-0.012898227,-0.010956471,-0.009058346,-0.008618519,-0.007173414,-0.0064229714,-0.006411801,-0.0054717665,-0.0048769424,-0.0037706925,-0.003228361,-0.0028997757,0.0017528612,0.0027514938,0.0039884145,0.0070139105,0.007853216,0.008346397,0.008534513,0.008634513,0.008734513,0.009350872,0.011176521,0.013848034,0.015166283,0.017005727,0.017338254,0.018675294,0.020006415,-0.016857529,-0.011489229,-0.008202711,-0.004239748,0.0048082387,0.009606606,0.012089638,0.01694035
2019-08-23,0.005243855,-0.022518398,-0.018979961,-0.015830198,-0.015381114,-0.013529498,-0.012720795,-0.011026365,-0.008986528,-0.008324696,-0.007157086,-0.0067162067,-0.006616207,-0.005422218,-0.0042845733,-0.003216648,-0.0026448446,-0.0021328556,0.001852747,0.0026547527,0.0036646414,0.0066706985,0.0076723075,0.008781352,0.008881352,0.008981352,0.009081352,0.009181351,0.01107234,0.013933669,0.014991619,0.016749876,0.01751716,0.018517466,0.020045087,-0.016625952,-0.011377716,-0.008180566,-0.0037990257,0.004744838,0.009710006,0.012157175,0.016847543
2019-08-26,-0.0032618102,-0.022451285,-0.019220958,-0.015522162,-0.015422163,-0.013559786,-0.012881172,-0.011027521,-0.009087569,-0.008601881,-0.00789728,-0.0068522105,-0.0058785924,-0.0049397745,-0.0039525637,-0.002856695,-0.0020345915,-0.0009249443,0.0028125495,0.0029125495,0.0037278421,0.0070388853,0.007138885,0.00839285,0.00849285,0.00859285,0.008692849,0.009212867,0.011436907,0.01391126,0.015180744,0.017108472,0.017417258,0.018389631,0.020010926,-0.016707072,-0.011424061,-0.008136878,-0.0033242009,0.0049969354,0.009449743,0.012134229,0.016920207
2019-08-27,-0.0015041931,-0.022251897,-0.019267261,-0.015505202,-0.015287118,-0.013367091,-0.012861727,-0.010905036,-0.008939634,-0.00852909,-0.007602368,-0.0067081717,-0.006393306,-0.0053694802,-0.004083772,-0.0027187157,-0.0022886938,-0.0019621311,0.0033823254,0.004111468,0.0059574274,0.007128118,0.00810685,0.008752065,0.008852065,0.008952064,0.009052064,0.009199741,0.011515618,0.013239588,0.015029987,0.017041586,0.017323742,0.018289192,0.019972993,-0.01660702,-0.011348138,-0.008233303,-0.0035522967,0.0058862804,0.009650062,0.012066151,0.01671467
2019-08-28,-0.0009333764,-0.022653472,-0.01914527,-0.015642677,-0.01555458,-0.013306286,-0.012502907,-0.010987273,-0.009072735,-0.008492807,-0.008091576,-0.007636539,-0.005929609,-0.0037431235,-0.0029256474,-0.0018266652,-0.001586982,-0.0013112902,0.0041604037,0.0047188946,0.0057534697,0.008111443,0.008221822,0.00884913,0.00894913,0.00904913,0.0091491295,0.009213683,0.010588471,0.013229294,0.015158767,0.017040908,0.017411094,0.01852566,0.019969821,-0.016632503,-0.01133968,-0.00786799,-0.0030574247,0.0063386685,0.009712611,0.011918334,0.01678489
2019-08-29,-0.0022739575,-0.022661109,-0.019347506,-0.015369974,-0.015269974,-0.013512221,-0.012777489,-0.010976605,-0.009029582,-0.008237395,-0.007512459,-0.006770208,-0.0062251287,-0.004535242,-0.0035595899,-0.0020129168,-0.0018211396,-0.0017211396,0.004269766,0.0044431384,0.005832724,0.008265738,0.008524386,0.008840513,0.008940513,0.009040513,0.009140513,0.009286962,0.010907089,0.013536332,0.015308096,0.017191513,0.017463448,0.018584607,0.020048685,-0.016713658,-0.011278209,-0.00801598,-0.0031769988,0.0063503766,0.009845741,0.012066869,0.016933847
2019-09-02,-0.008260786,-0.022003915,-0.018871667,-0.015791425,-0.0155879175,-0.013401615,-0.012768192,-0.010913168,-0.008938982,-0.008591281,-0.007627,-0.007054346,-0.0065854127,-0.0052711065,-0.004284422,-0.0024689846,-0.0023689845,-0.0021388785,0.004103863,0.004537638,0.0061271433,0.008515687,0.008568563,0.009272806,0.009372806,0.009472806,0.009572806,0.009672806,0.011104004,0.013475899,0.015032102,0.016828237,0.017270517,0.018245706,0.019887177,-0.01652666,-0.011400608,-0.008238139,-0.0036631231,0.0065314276,0.010092576,0.012219206,0.016693825
2019-09-03,-3.1913125e-05,-0.022369677,-0.018990418,-0.01593872,-0.015578853,-0.013274927,-0.012756263,-0.011073252,-0.009074361,-0.008401193,-0.007349055,-0.006359272,-0.0062747844,-0.0053610518,-0.0051764995,-0.0048457235,-0.004748454,-0.0042014713,0.0009201244,0.0014976176,0.0028711462,0.0046182144,0.0047931834,0.005084397,0.005367512,0.006521059,0.0075894785,0.009224921,0.011164248,0.013375231,0.014945176,0.016642533,0.01741343,0.018351587,0.019964479,-0.016594026,-0.011448758,-0.008163103,-0.005066284,0.003054923,0.007799758,0.011753461,0.0166558
2019-09-04,0.005220187,-0.02245466,-0.019351603,-0.015851462,-0.015704082,-0.014031662,-0.012945047,-0.010991027,-0.009108367,-0.00877868,-0.007398527,-0.0066111516,-0.006580167,-0.0056508076,-0.0049192673,-0.0035339638,-0.0026527217,-0.0025527216,0.0036916188,0.0043014563,0.0050486065,0.0075637894,0.007841162,0.009633574,0.0097335735,0.009833573,0.009933573,0.010033573,0.01135254,0.013326246,0.015200819,0.016735705,0.017420983,0.018563543,0.020035552,-0.01689741,-0.011534916,-0.008336583,-0.004053965,0.0060678087,0.010133626,0.0124133825,0.01677237
2019-09-05,0.0012056768,-0.022580707,-0.018885266,-0.015825892,-0.0153385075,-0.014020504,-0.012843693,-0.011010171,-0.009060265,-0.008639632,-0.0075650704,-0.006739395,-0.006363628,-0.005763105,-0.004731053,-0.0035941915,-0.003298538,-0.0026642557,0.0042244047,0.0043423893,0.00520388,0.008268688,0.008464233,0.00908368,0.009244045,0.00931921,0.00941921,0.00951921,0.010392816,0.013265062,0.014775936,0.016567977,0.017316692,0.01828912,0.019999934,-0.016733736,-0.01147593,-0.008319152,-0.0042054867,0.006256682,0.009930279,0.011982598,0.016579606
2019-09-06,0.00038949453,-0.022733737,-0.019076489,-0.01596981,-0.015297027,-0.013512997,-0.0127610415,-0.011030675,-0.009102281,-0.00876789,-0.008038946,-0.0067365486,-0.0061655575,-0.00577267,-0.004991605,-0.0037340838,-0.0036340838,-0.002793352,0.0043802187,0.0044802185,0.005092402,0.0067277,0.0075322357,0.0076322355,0.0077322354,0.007832236,0.0079322355,0.009291328,0.0112779755,0.01348038,0.0150099015,0.016274644,0.017293219,0.018459838,0.020024035,-0.016676258,-0.01152634,-0.008368099,-0.004377934,0.005682555,0.009153683,0.011855028,0.016649758
2019-09-09,0.0012444595,-0.022497538,-0.019370161,-0.015816214,-0.015620075,-0.01325136,-0.012617731,-0.011182441,-0.009048419,-0.008016125,-0.0069633797,-0.006384517,-0.0062845172,-0.0061845174,-0.0054268325,-0.0044580135,-0.004432846,-0.003490401,0.0039290893,0.0039888243,0.004690597,0.0064567295,0.006936464,0.007759382,0.007859382,0.007959382,0.0080593815,0.00907024,0.011413824,0.013402804,0.01529007,0.016898718,0.017484525,0.018571496,0.019964468,-0.016671373,-0.011336187,-0.008219713,-0.0048385225,0.0053849244,0.009025654,0.011886155,0.016825512
2019-09-10,-0.0012399313,-0.022780985,-0.019221826,-0.015958084,-0.015406886,-0.013579325,-0.012542123,-0.01096893,-0.009082631,-0.008333946,-0.0077373954,-0.0072381063,-0.0065443893,-0.0064443895,-0.0052825916,-0.004146754,-0.0038331074,-0.0026422138,0.0028008753,0.0029008754,0.0040560584,0.0046842084,0.0048301374,0.0056047575,0.0057047573,0.0057882997,0.0078040506,0.009397077,0.0112274755,0.013544075,0.0151493875,0.016668485,0.017412765,0.018369935,0.01992189,-0.01670623,-0.011377144,-0.008470185,-0.004628555,0.004029355,0.007832869,0.011877088,0.016730756
2019-09-11,-0.003756316,-0.023010287,-0.019407922,-0.01601303,-0.015521207,-0.013537777,-0.01270955,-0.010926673,-0.009103885,-0.008129341,-0.0071650073,-0.0065456093,-0.0055973846,-0.004191036,-0.0032790788,-0.0024141597,-0.001873487,-0.0017734871,0.0027629528,0.0030539825,0.0032209223,0.0059841173,0.0066875843,0.007152996,0.007252996,0.0073529957,0.008358134,0.009113529,0.010071792,0.013667365,0.015042911,0.016644709,0.017423155,0.018418772,0.020027813,-0.01683735,-0.0113764955,-0.007753372,-0.0031771646,0.004454994,0.0087948935,0.011726795,0.016760314
2019-09-12,0.0065756105,-0.022272242,-0.019067261,-0.015975805,-0.015494846,-0.013750214,-0.012700886,-0.011018157,-0.009041346,-0.00827591,-0.006838875,-0.006410489,-0.0057414896,-0.004611248,-0.003783573,-0.0024935594,-0.0020584299,-0.0018427835,0.0024006874,0.0026174542,0.003429396,0.005750231,0.006726363,0.007570533,0.007670533,0.0077705327,0.007897295,0.009224604,0.010243255,0.013596778,0.014862862,0.016534496,0.017360663,0.01829647,0.019967802,-0.01665709,-0.011402421,-0.0077867685,-0.003317767,0.0043736603,0.0089777615,0.011664519,0.016651683
2019-09-13,2.4834148e-05,-0.022279106,-0.018972721,-0.018359823,-0.016417358,-0.016110672,-0.015704408,-0.014012332,-0.011454612,-0.010421918,-0.009668909,-0.009568909,-0.008892109,-0.007910126,-0.007033352,-0.006035715,-0.0049259174,-0.0044749146,0.0066483174,0.007736292,0.008471093,0.010126138,0.010226138,0.010610509,0.011437482,0.011537482,0.011637482,0.012435457,0.012586833,0.013890034,0.016335161,0.016382324,0.01820292,0.018246368,0.020009188,-0.017896853,-0.013990618,-0.010726033,-0.0064077615,0.008883866,0.011739925,0.013750544,0.016972614
2019-09-16,-0.006096061,-0.022345614,-0.019003997,-0.015497531,-0.014932442,-0.013360228,-0.012558213,-0.011038666,-0.009040964,-0.008486091,-0.007707422,-0.0076074223,-0.0075074225,-0.0074584372,-0.006705885,-0.005938476,-0.004772109,-0.0046025184,0.0024028884,0.0035207893,0.004831718,0.008115444,0.009058728,0.009158728,0.009258728,0.009358727,0.009458727,0.009558727,0.011372425,0.013443335,0.014920051,0.016455837,0.017297197,0.018360801,0.019956792,-0.0164401,-0.011324293,-0.008854492,-0.005925282,0.0056259134,0.010115649,0.012226082,0.016627362
2019-09-17,0.0051519293,-0.022274563,-0.019031703,-0.015921302,-0.015391913,-0.013281106,-0.012644018,-0.010949345,-0.009074409,-0.008743736,-0.007856034,-0.0077231983,-0.0068796435,-0.0062463013,-0.005389076,-0.0052890764,-0.0048849513,-0.0044264076,0.0013799976,0.0031562268,0.0037774714,0.0061851125,0.0066469354,0.0069085006,0.0074013835,0.0075707748,0.008214656,0.009042856,0.011127024,0.01359896,0.014743571,0.016559763,0.017255448,0.018127,0.019918507,-0.016524661,-0.011466562,-0.008540081,-0.005542542,0.0043800385,0.008753605,0.0118477885,0.016589561
2019-09-18,-0.00018305685,-0.022308342,-0.019012937,-0.015814656,-0.0154998535,-0.013961367,-0.012757127,-0.010804662,-0.009019849,-0.008390463,-0.007851957,-0.007657786,-0.00690502,-0.0068525076,-0.005698868,-0.0047949,-0.0040101297,-0.00391013,0.0033011374,0.0039460952,0.004543453,0.006214936,0.0064006643,0.0076894206,0.0077894204,0.007889421,0.008260436,0.009404386,0.01135026,0.013575212,0.015134491,0.016360177,0.017475648,0.01856131,0.019950991,-0.016707925,-0.01135735,-0.008677292,-0.0052143624,0.0051590083,0.008991821,0.012013188,0.016716437
2019-09-19,-0.0013094943,-0.022498172,-0.019164372,-0.015809093,-0.015364111,-0.013697043,-0.012843747,-0.011165176,-0.009351304,-0.00865768,-0.00794257,-0.007805861,-0.007145896,-0.0059288945,-0.005158451,-0.005058451,-0.0044801654,-0.0042073885,0.0030327642,0.003382577,0.0034773855,0.005442246,0.006474051,0.0068044085,0.0069044083,0.007004408,0.0074474225,0.00885767,0.010714279,0.013887147,0.015000873,0.016416183,0.017417625,0.018393189,0.020025382,-0.016713489,-0.0115654,-0.008642483,-0.0053420635,0.004447876,0.008605538,0.011664828,0.016744554
2019-09-20,-0.0039865174,-0.02227975,-0.019161223,-0.01593812,-0.015469571,-0.013593337,-0.012590145,-0.010947328,-0.008996415,-0.00874412,-0.008627492,-0.008127586,-0.007680991,-0.006829555,-0.005764187,-0.005200377,-0.004420075,-0.0041165166,0.0017206067,0.0025759495,0.004224869,0.0058322693,0.006627155,0.006727155,0.00786343,0.00796343,0.00806343,0.009419604,0.011287485,0.013471764,0.01516878,0.016035106,0.017292948,0.018356534,0.0199399,-0.016618807,-0.011443226,-0.008944919,-0.0055257482,0.0044434248,0.008841822,0.011907046,0.016594416
2019-09-23,-0.0011230821,-0.022561317,-0.018997334,-0.015688118,-0.014863906,-0.013775071,-0.012494992,-0.010902403,-0.009029502,-0.008386591,-0.0074141314,-0.006570534,-0.006299014,-0.005543265,-0.004200128,-0.0034430353,-0.0029119162,-0.0024713567,0.004954811,0.005622291,0.0062533137,0.008200429,0.009212626,0.009312626,0.009412626,0.009512626,0.009612625,0.009712625,0.010921189,0.013564278,0.0152883055,0.01660043,0.01755654,0.01869929,0.020071045,-0.016538525,-0.011300322,-0.00815618,-0.0039193938,0.006888694,0.010262957,0.012273451,0.01684467
2019-09-24,0.00079810916,-0.022378128,-0.01929781,-0.015973276,-0.015533274,-0.013769099,-0.012700024,-0.01104904,-0.0090226885,-0.008440202,-0.007573384,-0.006950243,-0.0061403266,-0.00593451,-0.0047219587,-0.0039646802,-0.0035956858,-0.0025961206,0.0017656863,0.0029445428,0.004366177,0.006337619,0.0064376188,0.0069214995,0.007892088,0.008889502,0.008989502,0.009089502,0.011305308,0.013573867,0.0150896,0.016594784,0.017364103,0.018292597,0.020014985,-0.016735667,-0.011437046,-0.008274186,-0.0043657375,0.0046612225,0.008982398,0.012064456,0.016713168
2019-09-25,-0.00454933,-0.022188267,-0.018863723,-0.015401949,-0.015301949,-0.013676205,-0.012426552,-0.0109387,-0.009048915,-0.008559781,-0.007278564,-0.0064894184,-0.005965919,-0.005332645,-0.0034722548,-0.002494394,-0.0018578025,-0.0018325235,0.004083078,0.005174335,0.005618833,0.008317217,0.008417217,0.008517217,0.008617217,0.008701746,0.008801746,0.0093912,0.011460763,0.013866636,0.014919754,0.016314248,0.017253926,0.018247047,0.020054592,-0.016491339,-0.011275179,-0.008010519,-0.0032292786,0.0063621355,0.009778803,0.012154855,0.016680455
2019-09-26,-0.001037143,-0.022230145,-0.019246675,-0.015963823,-0.015555238,-0.013872247,-0.012784534,-0.011013792,-0.009023957,-0.008709805,-0.0070858016,-0.006580547,-0.006372985,-0.005650138,-0.0045739175,-0.003655661,-0.003174559,-0.0025037457,0.0032047327,0.004128499,0.0061267894,0.008453008,0.009184759,0.009284759,0.009384759,0.009484759,0.009584758,0.009684758,0.011471655,0.01342267,0.014665376,0.016711876,0.017374484,0.018253863,0.019941827,-0.016737768,-0.011499182,-0.008183483,-0.004097686,0.006259558,0.010212341,0.012307664,0.016599122
2019-09-27,0.00037249012,-0.022895284,-0.01903404,-0.01568528,-0.0155896675,-0.013666126,-0.012708211,-0.010946376,-0.009069372,-0.00832144,-0.007361007,-0.006398446,-0.0058724596,-0.0054392526,-0.0037335525,-0.0030893662,-0.0025187891,-0.0015962987,0.0048359204,0.0061503267,0.0062503265,0.007915127,0.008476301,0.0087483,0.008919327,0.009019326,0.009119326,0.009202461,0.010943762,0.013516651,0.015076793,0.01621864,0.01731822,0.018434206,0.019934738,-0.016778667,-0.011346136,-0.008090061,-0.003467291,0.0068142056,0.009792608,0.012020084,0.016636204
2019-09-30,-0.0034170228,-0.02291851,-0.019583968,-0.016023772,-0.015751446,-0.014064234,-0.012660208,-0.010985972,-0.009077495,-0.008453316,-0.0077093607,-0.0065734745,-0.0063028885,-0.0051299976,-0.00399122,-0.0026975928,-0.002184666,-0.0017411201,0.0035070397,0.004090299,0.0054939697,0.007818958,0.008739714,0.008839713,0.008939713,0.009039713,0.009139713,0.009239713,0.010050457,0.01335702,0.014733066,0.016487729,0.017285291,0.018065382,0.019912805,-0.016995672,-0.011440152,-0.00817599,-0.0034376148,0.005969996,0.009843175,0.011814439,0.016511202
2019-10-01,0.0024523763,-0.022805782,-0.019311696,-0.015809339,-0.01547198,-0.01357833,-0.012874255,-0.010893582,-0.008996453,-0.008698282,-0.0076175514,-0.006861277,-0.005997913,-0.005332062,-0.0037588917,-0.0023633467,-0.0019804172,-0.0018913918,0.00436463,0.0050501227,0.006427752,0.007806324,0.008468015,0.009456267,0.0095562665,0.009656266,0.009756266,0.009856266,0.011133633,0.014003338,0.015445543,0.016545175,0.0175409,0.01868262,0.020028112,-0.01680841,-0.011454382,-0.008163648,-0.003371065,0.006641019,0.01028803,0.012458081,0.016940959
2019-10-02,0.0016840964,-0.022492263,-0.019201294,-0.015488025,-0.01548077,-0.013532542,-0.012873602,-0.011178902,-0.009071094,-0.008438613,-0.0075857807,-0.006547644,-0.006447644,-0.006118553,-0.004811132,-0.0038499793,-0.0031938176,-0.0024069916,0.0022433468,0.0029619213,0.004098796,0.0051108273,0.0058930893,0.0066394964,0.007820025,0.00820094,0.00830094,0.009506451,0.011146337,0.013322491,0.014914177,0.016291605,0.017399803,0.018408177,0.020022629,-0.016716093,-0.011410047,-0.008419335,-0.004161913,0.0044469833,0.008712494,0.011935204,0.016591817
2019-10-03,0.0036736764,-0.02206747,-0.018546108,-0.015841933,-0.015207608,-0.013542307,-0.012424798,-0.010728051,-0.008932453,-0.008537019,-0.007372419,-0.006788884,-0.006000701,-0.005749762,-0.004835488,-0.0043635555,-0.0029804995,-0.0025464057,0.0034384415,0.0035461744,0.0052585755,0.007720815,0.008578544,0.008594662,0.009213883,0.009313883,0.009413883,0.009513883,0.011057424,0.013598705,0.015017984,0.016293187,0.017372645,0.018317303,0.019934436,-0.016357658,-0.011292851,-0.008096026,-0.0043029664,0.005835578,0.009919936,0.012191308,0.016632322
2019-10-04,-0.0015434878,-0.022361493,-0.019258816,-0.015803594,-0.015576132,-0.013974464,-0.012894688,-0.011178035,-0.009067416,-0.008409257,-0.008111696,-0.008011696,-0.0078008524,-0.0067874254,-0.0056090653,-0.0048188944,-0.0038922892,-0.0037922892,0.0033943001,0.0040088412,0.0054723285,0.007946199,0.009016151,0.010649914,0.011636432,0.011736432,0.011836432,0.011936432,0.012036432,0.013227623,0.014901009,0.016504467,0.017309586,0.018230112,0.019942189,-0.016813118,-0.011470599,-0.008932416,-0.0052248472,0.00649162,0.011313311,0.013269301,0.01656108
2019-10-07,0.00097463233,-0.02181368,-0.018940294,-0.015648527,-0.015121699,-0.013354367,-0.012613047,-0.011097012,-0.009089419,-0.008823571,-0.008203863,-0.008103863,-0.0072254264,-0.0071254265,-0.006290811,-0.0053690188,-0.0047123306,-0.0036021608,0.0026092692,0.0044961157,0.0050135166,0.0064985245,0.007216221,0.007742594,0.007842594,0.007942594,0.0080425935,0.008927243,0.011714378,0.0136322845,0.015089464,0.01663559,0.017399257,0.018434947,0.019985244,-0.016368618,-0.011454316,-0.008851437,-0.0056156367,0.0052920044,0.009092187,0.011943151,0.016755506
2019-10-08,-0.0031870175,-0.022263361,-0.016869154,-0.015943168,-0.015535902,-0.01362694,-0.0124785425,-0.0110920565,-0.008961051,-0.008755897,-0.008183803,-0.007963305,-0.0071263807,-0.007026381,-0.006563054,-0.0053784815,-0.0052784816,-0.005043767,0.0029625471,0.0039942726,0.004701311,0.0063706804,0.006903531,0.0071890587,0.007643001,0.007743001,0.007843001,0.009268126,0.011126495,0.013993924,0.015199463,0.016385697,0.017410995,0.018476764,0.020075185,-0.01615478,-0.011446143,-0.008755231,-0.006045418,0.0051343623,0.0090195285,0.011928508,0.016826207
2019-10-09,0.002636057,-0.022760315,-0.018158568,-0.016025309,-0.015621201,-0.0136673935,-0.012614866,-0.011022794,-0.009065862,-0.008755469,-0.008100323,-0.006905484,-0.0064115003,-0.004600597,-0.004181375,-0.0029351213,-0.0021827011,-0.0015084951,0.002434742,0.0030355211,0.0047856476,0.0056912536,0.0067920163,0.006892016,0.007488375,0.00826663,0.0083666295,0.00893913,0.01084733,0.01307173,0.014843981,0.01625666,0.017329048,0.018285323,0.019918516,-0.01656447,-0.01149686,-0.00815863,-0.0035426351,0.0046871076,0.008792304,0.011710773,0.016475242
2019-10-10,0.0036234807,-0.022795998,-0.017849516,-0.016198745,-0.015383308,-0.013630965,-0.012569207,-0.010930699,-0.008850805,-0.008371651,-0.0075287065,-0.0065676314,-0.006346796,-0.005626725,-0.0054880115,-0.004597912,-0.00457318,-0.003966155,0.0033818432,0.0038484654,0.004914689,0.007536319,0.0077050678,0.008959962,0.009059962,0.009159962,0.009259962,0.009272041,0.01145576,0.013566897,0.014911676,0.016053122,0.017365657,0.018358592,0.019944942,-0.016445797,-0.011384222,-0.008184448,-0.005038578,0.0057482556,0.009732786,0.012184063,0.016567048
2019-10-11,0.0019359246,-0.02237394,-0.018014861,-0.0159601,-0.01551335,-0.013473209,-0.012592762,-0.011145322,-0.009219102,-0.008713174,-0.008296979,-0.0073472452,-0.006697842,-0.005297017,-0.0036471307,-0.0025809542,-0.0023883437,-0.0019238691,0.0032372978,0.0035402442,0.0053244964,0.008462028,0.009215702,0.009263005,0.009363005,0.009463005,0.009563005,0.009663004,0.009832371,0.01339299,0.014880798,0.01595903,0.017296286,0.018379379,0.019884538,-0.016393626,-0.011526091,-0.008420741,-0.0035775085,0.0059854137,0.010199541,0.011949532,0.016499346
2019-10-14,-0.0011375251,-0.02225644,-0.01803258,-0.016236637,-0.01576793,-0.013515341,-0.012717703,-0.011203642,-0.00916913,-0.008699656,-0.0076258252,-0.0067726355,-0.006457589,-0.0054277685,-0.0038479748,-0.0027300406,-0.0021817246,-0.0019560687,0.0023338548,0.003582699,0.0038378425,0.007099443,0.008057931,0.008396727,0.008496727,0.008596727,0.0086967265,0.009201157,0.0112916315,0.013580409,0.014874949,0.016733808,0.01739835,0.01851211,0.020052535,-0.016458,-0.011605354,-0.008279604,-0.0034976888,0.0050701136,0.00956659,0.012033654,0.016750762
2019-10-15,0.00080682454,-0.02223116,-0.017797804,-0.016096044,-0.015337743,-0.013584775,-0.01244931,-0.0111420145,-0.009065941,-0.008628893,-0.0070242463,-0.006392618,-0.0063140844,-0.005505889,-0.0042420565,-0.003906913,-0.0031709396,-0.0030709396,0.0024365347,0.0026563946,0.0031046385,0.006019672,0.007238225,0.0073718545,0.0074718543,0.007571854,0.007819446,0.0087927,0.010474015,0.01351469,0.0150448615,0.016642809,0.017437717,0.01844063,0.020055275,-0.01628016,-0.01147644,-0.008071894,-0.0041566934,0.0043378184,0.008897865,0.011607714,0.016739655
2019-10-16,0.003559471,-0.022548597,-0.017005568,-0.01565498,-0.015476923,-0.013870277,-0.012647794,-0.01112529,-0.009052977,-0.008680743,-0.0080710165,-0.006697691,-0.00636724,-0.0060516307,-0.005090263,-0.0042764805,-0.0033465824,-0.0027973596,0.004340583,0.004765098,0.0054378607,0.00748882,0.007882328,0.00969991,0.00979991,0.00989991,0.009999909,0.010791827,0.011135148,0.012957433,0.014320118,0.01627405,0.017208768,0.018236563,0.019930284,-0.016309833,-0.011432355,-0.008438131,-0.0044416757,0.006366454,0.0102462815,0.0124186175,0.016343689
2019-10-17,0.0048776083,-0.022540014,-0.017096613,-0.015985662,-0.015559655,-0.014153356,-0.012659949,-0.011119856,-0.009131887,-0.008895318,-0.008255045,-0.008155045,-0.00786442,-0.0069364333,-0.0065239137,-0.0044750017,-0.004375002,-0.004275002,0.0026150988,0.002968025,0.003018953,0.0045179892,0.0053974134,0.006142447,0.0062424466,0.0063424464,0.007589508,0.008601833,0.011196094,0.013877177,0.015045663,0.01635723,0.017298695,0.01824443,0.020001207,-0.016401917,-0.011558535,-0.008969547,-0.005560793,0.0038725026,0.008072263,0.011712661,0.01670514
2019-10-18,0.0023200982,-0.022089515,-0.016927496,-0.015644256,-0.014989826,-0.013499208,-0.012539723,-0.010905769,-0.009124097,-0.008577738,-0.008082988,-0.007676441,-0.0075764414,-0.0070840106,-0.006282735,-0.0050805947,-0.0042592576,-0.0038428572,0.0031753348,0.004360632,0.005748722,0.007679582,0.008309857,0.0099824285,0.010082428,0.010182428,0.010629527,0.0112917265,0.01151695,0.01383852,0.0150673855,0.01657958,0.017297748,0.018237095,0.019997988,-0.016009154,-0.011358316,-0.008881452,-0.005428377,0.00620934,0.010720992,0.012914896,0.016744113
2019-10-21,-0.00088342594,-0.022130191,-0.017004626,-0.015708784,-0.015512965,-0.014119128,-0.01249312,-0.011018366,-0.009141419,-0.008764169,-0.008291739,-0.008191739,-0.007911108,-0.006421419,-0.0055641714,-0.00454035,-0.0036829931,-0.002969382,0.0030886424,0.003756918,0.0048352163,0.006135807,0.0071320715,0.0074208407,0.0076675545,0.0077675544,0.007867554,0.008433435,0.011191707,0.013270896,0.0145179415,0.016437907,0.017363166,0.018291747,0.019910326,-0.016252007,-0.011425172,-0.008851761,-0.004989727,0.0050968276,0.008804959,0.011625352,0.016485764
2019-10-22,-0.00066420436,-0.022410095,-0.017163519,-0.01585651,-0.015531289,-0.013963203,-0.012887558,-0.010977132,-0.008987252,-0.008754993,-0.007976078,-0.0077547356,-0.0073073306,-0.006432422,-0.0063805464,-0.00530542,-0.0047553065,-0.0047235624,0.0041785957,0.0043173293,0.004614435,0.006062503,0.006240173,0.006805637,0.0069056368,0.0070056366,0.007672348,0.009252988,0.011010773,0.01372664,0.014649385,0.016131902,0.01714173,0.018269485,0.019972354,-0.016391132,-0.011492689,-0.008718128,-0.0057839146,0.0052157,0.008606215,0.011760896,0.016549954
2019-10-23,-0.0018018549,-0.022076055,-0.017064618,-0.015864221,-0.015558159,-0.014071249,-0.012513191,-0.010826958,-0.008943986,-0.008463223,-0.0075646155,-0.0064095175,-0.0061940183,-0.0060940185,-0.004564418,-0.003292923,-0.0030107987,-0.002613744,0.0040853797,0.0045884238,0.005674232,0.007327744,0.0074277436,0.0077869664,0.007886967,0.0079869665,0.008086966,0.009061998,0.011063901,0.013403717,0.014936839,0.016715763,0.017465718,0.018467477,0.020019576,-0.016256655,-0.011322317,-0.008261966,-0.00397828,0.0059125493,0.009133479,0.01181646,0.016708676
2019-10-24,-0.001764558,-0.02112084,-0.0168717,-0.015606135,-0.0153883565,-0.013942826,-0.012462501,-0.010916023,-0.008985137,-0.008138196,-0.007093612,-0.0060109585,-0.005907039,-0.0047242153,-0.003407815,-0.0024096353,-0.002160057,-0.001748416,0.003065767,0.0040316414,0.0052377926,0.0074167587,0.0075167585,0.008844568,0.008944568,0.009044568,0.009144568,0.009244568,0.010920292,0.013357228,0.014805191,0.016508987,0.017405052,0.018370701,0.019948028,-0.015957244,-0.011221598,-0.007834501,-0.0031473762,0.005739305,0.009601538,0.012014342,0.016598027
2019-10-25,-0.0015149605,-0.022230413,-0.017167715,-0.015789706,-0.015552363,-0.01354478,-0.012682039,-0.010869745,-0.009080755,-0.008396573,-0.0074317786,-0.0071493643,-0.006986528,-0.0060376953,-0.0045599327,-0.003231945,-0.0026768788,-0.0024094055,0.00375239,0.0037764187,0.0052839387,0.007895678,0.007960033,0.0080600325,0.008160032,0.008260032,0.008360032,0.00871455,0.011422662,0.013937611,0.015027103,0.016736304,0.01744433,0.018523833,0.020021703,-0.016235461,-0.011363763,-0.00844376,-0.0040055052,0.005773692,0.009386452,0.011975837,0.016849313
2019-10-28,0.0011138998,-0.022343738,-0.017175224,-0.015779205,-0.015534989,-0.013649042,-0.012622929,-0.011176626,-0.009048778,-0.008797336,-0.006998983,-0.0064723827,-0.006151967,-0.0057267114,-0.004597172,-0.0034500258,-0.002996477,-0.0023969878,0.0024723723,0.0027370434,0.003500525,0.006912146,0.007012146,0.00774341,0.00784341,0.0079434095,0.008043409,0.009372593,0.011081993,0.013409723,0.0150417965,0.016506571,0.0173437,0.018285464,0.019968502,-0.016265184,-0.011484975,-0.008109874,-0.003982609,0.0046930993,0.0090962555,0.0118502835,0.01664241
2019-10-29,0.002089159,-0.021484386,-0.01696455,-0.015720466,-0.015492879,-0.013556985,-0.012507891,-0.010923601,-0.009030796,-0.008635027,-0.007840811,-0.0065096086,-0.0063182167,-0.005318273,-0.004397648,-0.0041260775,-0.0033667414,-0.0029500828,0.0021463109,0.0026008359,0.0030295143,0.0066652773,0.006765277,0.007477751,0.007577751,0.0076777507,0.007802117,0.008609612,0.010167206,0.013408601,0.015027262,0.016569369,0.017461557,0.018503416,0.019968268,-0.016001338,-0.011363556,-0.008203198,-0.004270031,0.0044039376,0.008787798,0.011489818,0.016695384
2019-10-30,0.0005935332,-0.022248697,-0.017118866,-0.01578164,-0.015575988,-0.013618253,-0.012617842,-0.010950086,-0.009043924,-0.008616667,-0.007368643,-0.006518566,-0.0056166365,-0.0055367528,-0.0032134834,-0.0028499807,-0.0026798993,-0.0022070697,0.002758783,0.0028587831,0.003157908,0.0065560443,0.0072224042,0.008253115,0.008353115,0.008453115,0.008553115,0.009283729,0.0112753445,0.013885008,0.015103761,0.016657397,0.017482907,0.018589383,0.019990321,-0.016235929,-0.011402031,-0.00803676,-0.0034938,0.004736927,0.009419474,0.01209602,0.016845176
2019-10-31,0.0028727525,-0.02195013,-0.017143702,-0.015737692,-0.015018012,-0.013619785,-0.012565258,-0.010792137,-0.009071922,-0.008618441,-0.007848887,-0.0068446747,-0.0061289016,-0.004993874,-0.0036165246,-0.003064895,-0.0022930023,-0.0018146135,0.0017110284,0.0017248124,0.002487265,0.0037102816,0.0038102816,0.0039102817,0.004437069,0.0044995304,0.008231706,0.0094090635,0.011482887,0.0132969245,0.014532672,0.016520675,0.017406065,0.018433008,0.02000525,-0.016059378,-0.0113570895,-0.008121768,-0.003526742,0.0028140913,0.0069852164,0.011965329,0.016557707
2019-11-01,0.0012206637,-0.022359941,-0.017174935,-0.01589405,-0.015572454,-0.013680126,-0.012629308,-0.0110189505,-0.008931981,-0.00842939,-0.0075093284,-0.0066964193,-0.0063343826,-0.0055225603,-0.0047311694,-0.0037336966,-0.002881132,-0.002781132,0.0021615713,0.0028822597,0.0035429972,0.0066827834,0.007259446,0.007867795,0.007967795,0.008067795,0.008637797,0.010096192,0.011115596,0.013149857,0.014251384,0.016389966,0.01735891,0.018336898,0.019989202,-0.016283354,-0.011380737,-0.008185511,-0.0041647097,0.0046474813,0.009288217,0.012071671,0.01642346
2019-11-04,-0.0012520398,-0.022457078,-0.017144613,-0.015734486,-0.014873417,-0.013684046,-0.012510606,-0.010957867,-0.0090305,-0.008558472,-0.008010024,-0.0065333834,-0.0063884896,-0.005360451,-0.0041758693,-0.002396843,-0.0022192763,-0.002183924,0.0026473505,0.0026667407,0.0036338614,0.006015157,0.0060344324,0.0073728915,0.0080417255,0.008141725,0.008241725,0.009352115,0.011549733,0.013086848,0.014478066,0.016645126,0.017398514,0.018536057,0.02000876,-0.016133953,-0.011358386,-0.0082600145,-0.0035018593,0.004600967,0.008797603,0.011925787,0.01655097
2019-11-05,-0.0074279206,-0.021488378,-0.016961617,-0.015633201,-0.0150560355,-0.013530729,-0.012385231,-0.010929559,-0.009043714,-0.008622186,-0.0076719713,-0.0067112963,-0.006257158,-0.005870441,-0.0042224317,-0.004122432,-0.004022432,-0.0031598138,0.0036862388,0.0041784393,0.0056031914,0.007505163,0.0076631615,0.007696416,0.00772617,0.00782617,0.008002862,0.008960403,0.010410701,0.013171539,0.014465601,0.016602952,0.017469672,0.018479344,0.020037135,-0.015884398,-0.011322779,-0.008245703,-0.0044476814,0.0057398407,0.009063538,0.011603035,0.016551314
2019-11-06,0.00015126765,-0.02260528,-0.017234446,-0.015928445,-0.015599326,-0.0135984775,-0.012683784,-0.010867775,-0.00900597,-0.008701471,-0.0077349297,-0.007055368,-0.00661454,-0.0055216933,-0.004922105,-0.0033587585,-0.0030501427,-0.0022763622,0.004574023,0.0046468535,0.0051960736,0.00700795,0.007062265,0.008198677,0.008298676,0.008398676,0.008498676,0.009210372,0.0109572485,0.013190772,0.0143866725,0.016253365,0.017355278,0.018331092,0.020063374,-0.016344262,-0.011437489,-0.0083121825,-0.0041325474,0.0059447153,0.009212153,0.01184247,0.016445056
2019-11-07,-0.0024660311,-0.022712091,-0.017215505,-0.015783958,-0.015336992,-0.014101287,-0.01263899,-0.011007341,-0.00902613,-0.008742532,-0.007520097,-0.006469391,-0.0063665747,-0.005527441,-0.0044931923,-0.0036400387,-0.0030261169,-0.002845767,0.0037709414,0.004380244,0.00530193,0.007376584,0.0077803065,0.007921889,0.008021889,0.008121889,0.008337528,0.009197942,0.011343304,0.013154588,0.014534496,0.016624,0.017372414,0.018503143,0.020005303,-0.016400974,-0.01143979,-0.0082158465,-0.0040949015,0.0057703177,0.009235323,0.011881156,0.016564306
2019-11-08,-0.0022475484,-0.02266911,-0.017017588,-0.015686536,-0.015073688,-0.013974509,-0.012504753,-0.011068509,-0.009016892,-0.008621072,-0.007030453,-0.00651096,-0.0051833577,-0.004489071,-0.0033292563,-0.0029215692,-0.0028660023,-0.0026598778,0.0015579923,0.001634777,0.0024953792,0.0039440654,0.0040440653,0.004144065,0.004360333,0.004921654,0.0076719723,0.009036396,0.0117896395,0.013244929,0.014422416,0.016227655,0.01737641,0.01842761,0.020046184,-0.01624793,-0.011379552,-0.0076449052,-0.0036575333,0.0027985093,0.0070782215,0.011823868,0.016473759
2019-11-11,0.001169718,-0.02197916,-0.017059142,-0.015792768,-0.015219278,-0.013587406,-0.012778573,-0.010924155,-0.008980829,-0.008594187,-0.008053181,-0.0065940917,-0.00538157,-0.005015985,-0.0046405816,-0.0031141944,-0.002593174,-0.0020063915,0.0018194711,0.002186418,0.0029274023,0.003658229,0.004250073,0.0043500727,0.0044500725,0.004483128,0.0078045228,0.009362776,0.010788818,0.013303456,0.014439995,0.016526937,0.017497037,0.018548211,0.020021409,-0.016124712,-0.011414102,-0.008042028,-0.0037896868,0.0030083186,0.0071499012,0.011751322,0.016568001
2019-11-13,-0.002218186,-0.022398824,-0.017200578,-0.015720896,-0.015148475,-0.013752134,-0.012644506,-0.010796205,-0.008993855,-0.008274291,-0.0065791043,-0.006517181,-0.005730988,-0.004939346,-0.0041683745,-0.0035714298,-0.0032907287,-0.0032104678,0.0013311654,0.0016975598,0.0027278773,0.0037652082,0.0038652082,0.004123684,0.004223684,0.0043477374,0.0078924475,0.008615451,0.0111277085,0.013626607,0.014552655,0.016480401,0.017369239,0.018289417,0.019974716,-0.016228903,-0.011285951,-0.0077775596,-0.0041516363,0.002749099,0.006915738,0.01172629,0.016584758
2019-11-14,-0.0008177507,-0.022166334,-0.017164636,-0.015736926,-0.015103862,-0.013812767,-0.012624796,-0.010884904,-0.009061267,-0.008332162,-0.0072706225,-0.0064370856,-0.005453869,-0.004808947,-0.004451632,-0.004351632,-0.0043510622,-0.003715132,0.0017198483,0.002004856,0.0029652037,0.004108124,0.004208124,0.0043081236,0.0044081234,0.005279174,0.008007362,0.0089699,0.010502976,0.013907941,0.014722456,0.016597275,0.01742861,0.01841787,0.019932574,-0.016174478,-0.011328011,-0.0078439005,-0.004661309,0.0030412308,0.0073346524,0.011763358,0.016715623
2019-11-15,0.0044939006,-0.02236212,-0.017215801,-0.015908523,-0.015284757,-0.014036634,-0.012647578,-0.01105779,-0.009064513,-0.008330085,-0.007616083,-0.0065985876,-0.0056023956,-0.0049660373,-0.0044606337,-0.0035976032,-0.0034633223,-0.0031367722,0.0015931177,0.0019479953,0.0028543505,0.0037198423,0.0041978415,0.0042978413,0.004397841,0.005890254,0.008013458,0.008733229,0.011199797,0.013328761,0.014439721,0.016307486,0.017320052,0.018164257,0.01980998,-0.016309377,-0.011401698,-0.007979321,-0.0042513837,0.0029026293,0.0072895857,0.011719059,0.016410042
2019-11-18,0.0026997642,-0.022652581,-0.0171838,-0.015877021,-0.01529423,-0.013806731,-0.0125778355,-0.011031405,-0.009088941,-0.008291238,-0.0072810636,-0.006699281,-0.005482154,-0.0053312285,-0.004614305,-0.0039210306,-0.0035635063,-0.0031768682,0.0015367278,0.0015933097,0.0020716826,0.0036617387,0.003975466,0.0040754657,0.0042525646,0.0051474613,0.007545946,0.00920735,0.010866049,0.013053502,0.014336364,0.016308429,0.01730814,0.018575288,0.020046372,-0.016303036,-0.011373287,-0.007952245,-0.004394998,0.0026232046,0.007091849,0.011596198,0.016463991
2019-11-19,-2.2561726e-06,-0.022423726,-0.017219367,-0.015885852,-0.015594298,-0.013571167,-0.012603944,-0.010932185,-0.008978758,-0.008608329,-0.006969457,-0.006559536,-0.0054419176,-0.0052985405,-0.0045783203,-0.003659224,-0.0035784033,-0.0031640152,0.0015318154,0.0015680516,0.002050788,0.0035483604,0.0038265502,0.0039729327,0.0042917766,0.0045098215,0.007381755,0.008789521,0.011141611,0.0133307045,0.0145927025,0.016701166,0.017460437,0.018587897,0.020007797,-0.016282499,-0.011401814,-0.007858524,-0.0043078996,0.0025981585,0.006885906,0.0116208065,0.016644053
2019-11-21,-0.00041070822,-0.022146551,-0.016920188,-0.015602008,-0.015097017,-0.013511282,-0.012306436,-0.010884411,-0.008955483,-0.008326881,-0.0072575617,-0.006604652,-0.005525994,-0.00495003,-0.004343464,-0.003636373,-0.0035641496,-0.003172588,0.0016763133,0.0019887271,0.0025088757,0.0040253066,0.0041253064,0.004225306,0.004262473,0.0044135596,0.007092491,0.008829577,0.010975616,0.013790124,0.014525577,0.01660708,0.017411241,0.018344505,0.019995438,-0.015996296,-0.011215044,-0.007799101,-0.0042642453,0.0028923391,0.0070767747,0.011619809,0.016652543
2019-11-25,-0.0058585075,-0.022322305,-0.017187182,-0.015755707,-0.01529141,-0.013325968,-0.012585627,-0.0109093515,-0.008997698,-0.008622898,-0.0077796928,-0.006547871,-0.0055001066,-0.0049696364,-0.004489727,-0.004351929,-0.0042351456,-0.004148013,0.0020123785,0.0020501397,0.002279993,0.0034202575,0.004043894,0.0041438937,0.0042431564,0.0048582996,0.0074445168,0.009080922,0.010852489,0.013203676,0.014541823,0.016428666,0.017425213,0.01846023,0.019988539,-0.016142499,-0.011374256,-0.007966553,-0.0047545373,0.002801185,0.007066137,0.011601364,0.016524587
2019-11-26,8.627011e-05,-0.022028407,-0.017043017,-0.015678383,-0.01518377,-0.013754851,-0.012867898,-0.010987244,-0.009043251,-0.008390189,-0.0073395083,-0.0065041124,-0.0055239527,-0.004490052,-0.0043772846,-0.0036265121,-0.0036071774,-0.0034470733,0.0014750339,0.0016248969,0.0023707293,0.003402664,0.0036192385,0.0038795816,0.0043152617,0.004560009,0.007848303,0.008584665,0.011355277,0.013394083,0.014304637,0.016289536,0.017237136,0.018228337,0.019939875,-0.016175589,-0.011393392,-0.007852932,-0.0043124324,0.0026377174,0.006807516,0.011683893,0.016431294
2019-11-27,-0.0012402807,-0.021950068,-0.017036924,-0.015853519,-0.015552841,-0.013374447,-0.012582215,-0.010956963,-0.009026472,-0.008649378,-0.0076074824,-0.0066583906,-0.0055676657,-0.00451454,-0.003693042,-0.0036253352,-0.003566931,-0.0035517407,0.0015555938,0.001623517,0.002413994,0.0036334645,0.0038225155,0.0039900113,0.0042578736,0.004871195,0.0076200534,0.009157363,0.010017898,0.013155382,0.014480462,0.016794601,0.0174834,0.01848185,0.020060308,-0.016099298,-0.011413708,-0.007859675,-0.004219088,0.0026968885,0.006999294,0.011486819,0.016594522
2019-11-28,0.0006816633,-0.02231739,-0.017248934,-0.015635338,-0.015095874,-0.013341409,-0.012734848,-0.010931285,-0.009007595,-0.008274281,-0.0070033907,-0.006328524,-0.005484776,-0.004732206,-0.004279505,-0.0036704887,-0.0035704887,-0.0034306853,0.001523354,0.0015863231,0.0020894543,0.0036034414,0.003871351,0.0039069247,0.0042177425,0.0045801518,0.007825414,0.00912417,0.011249375,0.013147097,0.01460191,0.016568106,0.017285617,0.017805282,0.019573074,-0.016147692,-0.011316669,-0.007792563,-0.0042559383,0.0026040631,0.006925939,0.011726335,0.016339093
2019-12-02,0.0058703,-0.022724075,-0.017186135,-0.015913554,-0.015590832,-0.0137962205,-0.01256432,-0.010973928,-0.008993257,-0.00795814,-0.007494459,-0.0066459873,-0.00571816,-0.00457729,-0.0039020556,-0.0036644584,-0.0036314374,-0.0035524091,0.0013790424,0.001604523,0.0019838798,0.003399469,0.0037436709,0.003891469,0.0041727964,0.0047462853,0.007076563,0.009081089,0.010687956,0.013128613,0.014312489,0.016459277,0.01720338,0.017720487,0.019418996,-0.016372317,-0.011280639,-0.007869497,-0.00427927,0.0025079423,0.0069182254,0.01143552,0.016207973
2019-12-03,0.001013392,-0.022086227,-0.017150305,-0.015672991,-0.014967688,-0.0131748505,-0.012349292,-0.01095275,-0.009056015,-0.007865686,-0.006809334,-0.006398472,-0.0053956616,-0.0046330136,-0.0040356447,-0.0036038826,-0.0035568872,-0.0034131396,0.00152496,0.0016140665,0.0018657161,0.0035918765,0.0036328558,0.003958377,0.004250601,0.0048559895,0.0077744587,0.009123329,0.010973081,0.013194495,0.014184745,0.016296893,0.017037502,0.017665789,0.019549623,-0.015945673,-0.0111793475,-0.007648663,-0.004201605,0.002569444,0.0069530094,0.011620574,0.01617831
2019-12-04,0.0005277307,-0.02191046,-0.016614227,-0.015504215,-0.015126348,-0.013045688,-0.012451195,-0.010887083,-0.009033295,-0.008736741,-0.007542547,-0.00658302,-0.005426019,-0.004021203,-0.00296909,-0.0022332037,-0.0021332037,-0.0021235,0.0020391808,0.002139181,0.002317165,0.0031484934,0.0033766704,0.0038660602,0.0040551503,0.0050365594,0.00754276,0.008905842,0.011117535,0.013082251,0.014137691,0.016447246,0.01722975,0.017732922,0.019528097,-0.015829584,-0.011322506,-0.0076948516,-0.0032084032,0.0027398341,0.006853477,0.011575627,0.016185641
2019-12-05,0.00041927965,-0.022000132,-0.016634949,-0.015903106,-0.014567681,-0.013778379,-0.012793877,-0.010886045,-0.009030515,-0.00861399,-0.007898756,-0.006787993,-0.005808382,-0.0049686213,-0.004304244,-0.00422203,-0.00412203,-0.0036322349,0.0014597911,0.0014879223,0.0020575537,0.0028451164,0.003306557,0.0038297693,0.004176718,0.005157948,0.007109431,0.009390837,0.011325355,0.013485119,0.014257477,0.016589854,0.017253635,0.017724652,0.019535832,-0.015955005,-0.011445507,-0.008100031,-0.0046137064,0.0024054204,0.0070340456,0.011712876,0.016318586
2019-12-09,-0.0021342942,-0.022016678,-0.01654004,-0.01581531,-0.015112271,-0.013643976,-0.012707813,-0.010891065,-0.009012318,-0.008357641,-0.0070569315,-0.00649946,-0.0054257466,-0.004728501,-0.0046544443,-0.00444023,-0.0042437604,-0.0041522724,0.0016030214,0.0019841339,0.002272067,0.0035362865,0.0039965226,0.0040965225,0.0041965223,0.004397722,0.0074910847,0.009090984,0.010685451,0.013054665,0.014320433,0.016201913,0.016923381,0.017618557,0.01936686,-0.016004156,-0.011356829,-0.007786262,-0.0047980333,0.0027184063,0.006927283,0.0114491135,0.016112486
2019-12-10,0.0018886088,-0.02148608,-0.01663855,-0.015512399,-0.015170931,-0.013096291,-0.012709366,-0.010847083,-0.008947646,-0.0077264574,-0.0070361956,-0.006130341,-0.0053430726,-0.00453043,-0.0038531995,-0.0035980328,-0.003533793,-0.0034274764,0.0016443824,0.0017443823,0.0018368647,0.0033773535,0.003667119,0.0039143837,0.0041933176,0.0046086134,0.008066356,0.008754044,0.011174545,0.012999033,0.014535205,0.016507715,0.017210875,0.017707407,0.019433653,-0.015820244,-0.01114859,-0.0077133416,-0.0041085687,0.0025592602,0.0067886384,0.011640971,0.016236603
2019-12-11,-0.00049380766,-0.022304548,-0.01666237,-0.015896697,-0.014748228,-0.013858878,-0.012569289,-0.01060158,-0.009449457,-0.008750945,-0.007523996,-0.0067063486,-0.005507235,-0.004914264,-0.0042167823,-0.0037290547,-0.003620543,-0.003302649,0.0015579904,0.0016569262,0.0023838184,0.0034301037,0.0037105638,0.003956447,0.004304977,0.0052401195,0.0077138958,0.009291694,0.010521285,0.0133340685,0.014276088,0.016428696,0.017204829,0.017709676,0.019534634,-0.016028661,-0.011453593,-0.007992848,-0.0043150755,0.0026667633,0.0071065784,0.011613155,0.016256634
2019-12-12,0.0029412052,-0.021933371,-0.016720075,-0.015851066,-0.015248616,-0.013069351,-0.012314126,-0.010855806,-0.009012322,-0.008781505,-0.007524438,-0.0064490647,-0.0054906816,-0.0047435043,-0.004460025,-0.0035471304,-0.0034471303,-0.0032984824,0.0014549523,0.0015862044,0.0020954213,0.0033660952,0.0037375733,0.00388217,0.004081124,0.004809214,0.00801919,0.009243742,0.010657898,0.013085204,0.014235719,0.016435454,0.017148832,0.01766586,0.019502813,-0.015857108,-0.011362964,-0.007817014,-0.0042403666,0.0025167596,0.0069515808,0.011630973,0.01618501
2019-12-13,0.001646986,-0.02207105,-0.016576486,-0.015839035,-0.015426681,-0.013139213,-0.012272204,-0.010754599,-0.008931183,-0.008399663,-0.00766077,-0.006812386,-0.0061972826,-0.004365645,-0.0039891903,-0.0030269248,-0.0026264754,-0.0017711013,0.0016328538,0.0017759666,0.0020665012,0.003212982,0.0032276316,0.0035608155,0.004133232,0.00552933,0.007715868,0.008924981,0.011109851,0.013169591,0.014607348,0.01656641,0.01724981,0.017721921,0.01955122,-0.015897127,-0.011239337,-0.007885417,-0.0036452156,0.002564307,0.006882469,0.01163402,0.016323298
2019-12-16,0.00013469465,-0.022508912,-0.016642164,-0.015786916,-0.01540806,-0.014776381,-0.012986092,-0.011835748,-0.010009106,-0.009909106,-0.009427756,-0.009408192,-0.009308192,-0.008302426,-0.008267082,-0.0063754558,-0.0062519433,-0.0054671536,0.0038403776,0.0047599045,0.0064020962,0.0071358425,0.007808193,0.008553435,0.008653435,0.008753435,0.008853435,0.009504202,0.011193499,0.013147725,0.01444441,0.016564535,0.017279392,0.017687311,0.019492632,-0.016464323,-0.012105393,-0.010006714,-0.0071539655,0.006158331,0.009553398,0.011995651,0.016267324
2019-12-17,0.001693359,-0.022087002,-0.01656846,-0.015853036,-0.015488323,-0.013150358,-0.012367849,-0.010818077,-0.009110947,-0.008710612,-0.00808225,-0.00798225,-0.007136019,-0.006751946,-0.005275707,-0.004215696,-0.0038400055,-0.0031423536,0.003506312,0.0045292135,0.0045675016,0.0061926814,0.006292681,0.0065020183,0.006602018,0.006702018,0.0076967045,0.008671296,0.010364786,0.013138191,0.014312335,0.016558604,0.017325725,0.017741183,0.0195266,-0.015932398,-0.011372104,-0.008689802,-0.004891203,0.005079546,0.00826124,0.01143934,0.016255382
2019-12-18,-0.0027085054,-0.020507954,-0.016250571,-0.015681066,-0.015273179,-0.013117624,-0.012627512,-0.0108101,-0.009247087,-0.008735036,-0.007886983,-0.0074285027,-0.0068347007,-0.0056367773,-0.0044417693,-0.003815718,-0.0029106194,-0.0027664443,0.0039790166,0.0048536807,0.0049536806,0.006758831,0.0071651856,0.0077211484,0.007821148,0.007921148,0.008021148,0.008906888,0.010397444,0.013194008,0.01422135,0.01647901,0.01734633,0.017763201,0.019529128,-0.015555369,-0.01142016,-0.008446612,-0.004272611,0.0056732716,0.008981677,0.011573164,0.016237339
2019-12-19,-0.0009891865,-0.022631938,-0.016659493,-0.01588917,-0.015533805,-0.013305683,-0.012582781,-0.01087773,-0.009131979,-0.008750344,-0.0075929863,-0.007191833,-0.0070462814,-0.006027687,-0.0054896763,-0.0046411925,-0.0034967086,-0.0034225415,0.0038189301,0.004573228,0.0046732277,0.0061946157,0.0073698154,0.008243399,0.008343399,0.008443398,0.008543398,0.009720241,0.010001889,0.013149799,0.014197411,0.016259829,0.01708047,0.017596927,0.019464998,-0.016142739,-0.0114464,-0.008476342,-0.00484839,0.00552068,0.009385331,0.01169916,0.016133793
2019-12-20,-0.002553923,-0.021909548,-0.016559811,-0.015808279,-0.015462667,-0.013286682,-0.012519168,-0.01099457,-0.009062926,-0.008780032,-0.008376642,-0.008095623,-0.0075167893,-0.0068537006,-0.005704008,-0.0048706187,-0.0043200525,-0.003652337,0.0039320197,0.004328633,0.004428633,0.0050675347,0.006518376,0.0065600392,0.006660039,0.006760039,0.007433681,0.008347686,0.009939615,0.013144184,0.014184693,0.016489172,0.01727996,0.017666845,0.019519355,-0.015947577,-0.011432995,-0.008865845,-0.0053285277,0.0048833718,0.008266064,0.011229025,0.01620085
2019-12-23,9.019654e-05,-0.021129224,-0.01626425,-0.015733674,-0.01533999,-0.01354373,-0.012384152,-0.010790603,-0.009018632,-0.008398452,-0.007712877,-0.006508549,-0.005569976,-0.005241208,-0.0051083597,-0.0044964007,-0.004386906,-0.0040604286,0.0020076982,0.0021076982,0.0023817387,0.0036934884,0.0037934885,0.0038934886,0.004206737,0.0043405103,0.007909826,0.008354727,0.010403674,0.013114501,0.014308271,0.016617056,0.01732754,0.017742347,0.019562514,-0.01573227,-0.011265103,-0.007985368,-0.004912129,0.002879472,0.006699343,0.011422054,0.016268937
2019-12-24,0.00025476128,-0.021283291,-0.016449435,-0.015770722,-0.015411898,-0.013176166,-0.012427246,-0.010756664,-0.009079978,-0.008679369,-0.007322652,-0.0065666293,-0.0056176404,-0.004491547,-0.004118746,-0.0035929838,-0.0034929838,-0.0034506724,0.0015558151,0.0016120769,0.0024950411,0.0032280227,0.0036319555,0.0038693405,0.0042553185,0.0046182987,0.0077748247,0.009126384,0.011161122,0.0129668275,0.014310071,0.01651709,0.017260497,0.01771179,0.019533996,-0.015749607,-0.011342796,-0.0077878134,-0.004244403,0.0026292547,0.006842561,0.011657931,0.016207954
2019-12-27,0.0065451274,-0.022004435,-0.016481146,-0.015838023,-0.015464178,-0.01312816,-0.012543667,-0.010983011,-0.009089389,-0.008193299,-0.0068528336,-0.0065607275,-0.005755243,-0.0046939217,-0.0042755795,-0.0037321518,-0.003524716,-0.0032454445,0.0015452267,0.0015624943,0.002039306,0.0034706686,0.0037839045,0.0040215654,0.0042633926,0.004921451,0.0079253465,0.008665269,0.010173313,0.013124857,0.014303703,0.016557919,0.017284743,0.017759027,0.019531634,-0.015924316,-0.011329478,-0.0077870106,-0.0042677238,0.0025762175,0.00690341,0.011434706,0.016255427
2019-12-30,0.0034027707,-0.022018643,-0.016520692,-0.015851924,-0.015504708,-0.013236857,-0.012276629,-0.010648577,-0.009159652,-0.008786518,-0.0070182052,-0.0065510212,-0.0056262105,-0.004798688,-0.00391064,-0.0028059464,-0.0024244066,-0.0023681396,0.0018401504,0.0020266732,0.002511094,0.0034414027,0.003935501,0.004035501,0.0042110546,0.0043729586,0.008131197,0.009094638,0.010967362,0.013179365,0.014401159,0.016580753,0.017325088,0.017735992,0.019493047,-0.015911505,-0.011344659,-0.0077758776,-0.0036120308,0.002806075,0.0069235926,0.011739531,0.016278062
2019-12-31,0.0020067166,-0.02124235,-0.016427888,-0.015798472,-0.015458804,-0.013853378,-0.012250571,-0.010799131,-0.009053942,-0.008367199,-0.0068370714,-0.006548965,-0.0053742602,-0.00516439,-0.003549264,-0.0030351547,-0.0027104819,-0.0026313083,0.0018827618,0.0019907565,0.0023460814,0.0034696185,0.0038096327,0.003852412,0.0041644154,0.0044633937,0.0072303475,0.008919975,0.009933546,0.013179431,0.014361983,0.016078016,0.017278071,0.017733242,0.019509403,-0.015846599,-0.011253864,-0.007736047,-0.0036950347,0.0027707266,0.006844969,0.011308274,0.016172415
2020-01-02,-0.002042428,-0.021389153,-0.016528597,-0.015822036,-0.015461653,-0.013234885,-0.012384542,-0.010710553,-0.009006795,-0.008346555,-0.0075862496,-0.0064066513,-0.0054237577,-0.005323758,-0.0047400096,-0.004462263,-0.00426692,-0.0041302415,0.001942248,0.0021175444,0.0023014792,0.0034732705,0.0037696748,0.003947751,0.004277427,0.0045209047,0.0075069247,0.008620668,0.010190438,0.013107727,0.014425838,0.016095947,0.017268129,0.017753541,0.019547522,-0.015799766,-0.011254096,-0.007945021,-0.004801217,0.002822394,0.0067933453,0.011338778,0.016186114
2020-01-03,-0.0033267485,-0.021928724,-0.016604694,-0.01585289,-0.015490287,-0.013507478,-0.01239092,-0.010874167,-0.008862034,-0.008439713,-0.0072137667,-0.006553623,-0.005493006,-0.0047509065,-0.004409167,-0.0038485948,-0.0037485948,-0.003513451,0.0014801997,0.0015801997,0.001725341,0.0032240571,0.0035097015,0.003612037,0.004227758,0.00445381,0.007120243,0.009368547,0.010195004,0.013099195,0.014346069,0.016517343,0.01718503,0.017697731,0.019468345,-0.01598442,-0.011283945,-0.0077421265,-0.004414686,0.0024475113,0.006808658,0.011393604,0.016225737
2020-01-06,0.002268219,-0.022003409,-0.016408728,-0.015772618,-0.015344111,-0.013642398,-0.012270357,-0.010764696,-0.009040536,-0.008408119,-0.0075882073,-0.00676573,-0.005280931,-0.005180931,-0.00444698,-0.0036451395,-0.0033231403,-0.0029139624,0.001659771,0.001989977,0.0024513197,0.0038351198,0.0038663403,0.0039663403,0.00406634,0.0041653966,0.007778726,0.009208526,0.009833962,0.013129686,0.014220724,0.01658669,0.017322369,0.017779374,0.019507045,-0.0159338,-0.011251265,-0.007872192,-0.004218991,0.0028005056,0.0068672583,0.011454654,0.016244704
2020-01-07,-0.004216189,-0.022000141,-0.016622994,-0.015905865,-0.015581027,-0.013298415,-0.012277109,-0.010664654,-0.009086442,-0.008508047,-0.0077482224,-0.0065607736,-0.005564052,-0.005468269,-0.00425787,-0.004030367,-0.0039020428,-0.00363006,0.0012871736,0.0015036168,0.0028911545,0.003694128,0.004062961,0.0041629607,0.0042616483,0.00513515,0.007853277,0.009035094,0.011069348,0.013189094,0.014144051,0.016590377,0.016981063,0.017683195,0.019531628,-0.015955936,-0.011288423,-0.008028818,-0.004476222,0.0027275444,0.0071170526,0.011625576,0.016227668
2020-01-08,-0.001969758,-0.022512263,-0.01652817,-0.01583142,-0.015469446,-0.0132505335,-0.012160937,-0.010972041,-0.009087249,-0.00817724,-0.0069730845,-0.0065494557,-0.006414507,-0.005203612,-0.0045184237,-0.0035723406,-0.0032023608,-0.0028684621,0.00054225617,0.0006930853,0.0018049696,0.0037936338,0.004421522,0.0045215217,0.0046215216,0.004854313,0.0077235433,0.008897721,0.010250819,0.013252724,0.0143762315,0.01645331,0.0172725,0.017690763,0.019495491,-0.01598427,-0.011245778,-0.007967878,-0.0041422085,0.002291093,0.0071895598,0.011479462,0.016253704
2020-01-09,-0.0015885127,-0.021875769,-0.016510673,-0.015836492,-0.015434102,-0.01320389,-0.012272457,-0.010926999,-0.0091184825,-0.008519489,-0.0075122006,-0.0068074046,-0.006205707,-0.0056212633,-0.004318079,-0.0031432223,-0.0028154135,-0.0020855132,0.001963392,0.0020756721,0.002653768,0.0050935135,0.0051034656,0.0066664172,0.0067556226,0.0068556224,0.00716331,0.008656311,0.010804419,0.012764825,0.014348383,0.016593382,0.017313454,0.017723128,0.019484533,-0.015859377,-0.011334784,-0.008146022,-0.0038339265,0.0037083935,0.008009328,0.0113404635,0.016182851
2020-01-10,0.00096780807,-0.021807628,-0.016472962,-0.015801389,-0.015432045,-0.012995409,-0.012224578,-0.0108010685,-0.009071557,-0.00849329,-0.007572314,-0.006406929,-0.0063852426,-0.005307581,-0.004151253,-0.0033691602,-0.0032691602,-0.00316916,0.0021632223,0.0021714286,0.0027997617,0.005941372,0.006583292,0.008171637,0.008271636,0.008371636,0.008471636,0.009174034,0.011003156,0.013121194,0.014190961,0.016388018,0.017163517,0.01770652,0.01950397,-0.015786525,-0.011278377,-0.008112255,-0.0040731328,0.004269484,0.009084359,0.011786709,0.016182134
2020-01-13,0.0017891022,-0.020789504,-0.016373875,-0.01576306,-0.015382637,-0.013170455,-0.012513562,-0.010800688,-0.009017312,-0.008179346,-0.0073432536,-0.0064322962,-0.0063322964,-0.0052993596,-0.003984417,-0.003033713,-0.002836608,-0.0023078136,0.001623265,0.0020555058,0.0026011826,0.00602464,0.0064372104,0.0068132826,0.0069132824,0.0070132823,0.007539098,0.008772009,0.0113982605,0.013131153,0.014388257,0.016467126,0.017248144,0.017763061,0.019502008,-0.015646007,-0.011254793,-0.008101157,-0.0037189696,0.003843575,0.008433388,0.011617733,0.016250322
2020-01-14,-0.0009480952,-0.021772472,-0.016505342,-0.01580997,-0.015484815,-0.013234739,-0.0121490145,-0.010582215,-0.008948649,-0.008758952,-0.007005112,-0.0065631657,-0.0060514957,-0.005146381,-0.004742652,-0.0035886276,-0.0032167435,-0.0029507692,0.0024840548,0.0025840548,0.0029107803,0.005854862,0.006693648,0.008123715,0.008223715,0.008323715,0.008423715,0.008985406,0.010228663,0.012968421,0.014147687,0.0165211,0.017282294,0.017753176,0.019553209,-0.015829276,-0.01124976,-0.00786013,-0.0042123916,0.0044114934,0.009018982,0.0115777,0.016188718
2020-01-17,-0.0025521873,-0.02135087,-0.016503487,-0.015800705,-0.015429832,-0.013725855,-0.012631159,-0.01085313,-0.009114586,-0.008744305,-0.007082566,-0.0065715364,-0.0059736893,-0.0050095,-0.0049095,-0.004325001,-0.0041358084,-0.0041329577,0.0014391583,0.0016200425,0.0020964874,0.0037304177,0.0038547155,0.004201724,0.004301724,0.0043902504,0.007686186,0.008859804,0.010730084,0.013024007,0.014090207,0.01621596,0.016911082,0.017620483,0.019474294,-0.01592824,-0.011428778,-0.0079622995,-0.004814961,0.002637566,0.0068661002,0.011442233,0.01608499
2020-01-20,-0.000994279,-0.021671453,-0.01638462,-0.015769184,-0.015368212,-0.013204971,-0.01231714,-0.010775058,-0.008978856,-0.0081076585,-0.0068066744,-0.0064192703,-0.005349342,-0.004738842,-0.004413544,-0.0037424795,-0.0036385919,-0.0035774908,0.0015800417,0.0016702033,0.0022272407,0.0033093833,0.003914471,0.003932787,0.004174395,0.0043715793,0.0074332184,0.0089945635,0.010392096,0.0130736455,0.014139757,0.016433032,0.01724909,0.017732617,0.019540185,-0.01578928,-0.011189578,-0.0076381704,-0.0043582753,0.002592253,0.006857409,0.011428523,0.016183848
2020-01-21,0.0013232331,-0.022040963,-0.016719064,-0.015946459,-0.015593257,-0.013417324,-0.012369725,-0.011152962,-0.009098943,-0.008804517,-0.0074820374,-0.0061136684,-0.005493972,-0.0049571684,-0.004252131,-0.0036252365,-0.0035657305,-0.0032578865,0.0016792152,0.0017792152,0.0023914133,0.0037530165,0.003771022,0.0039041878,0.0041580326,0.004847932,0.007555378,0.008955562,0.010808581,0.013196124,0.0143209845,0.0160177,0.017262068,0.017679255,0.019499466,-0.016028065,-0.011474522,-0.007880369,-0.004162931,0.0027521786,0.006934966,0.011555543,0.016142705
2020-01-22,-0.0019979216,-0.022669185,-0.016760267,-0.01593716,-0.015618316,-0.013361782,-0.012621757,-0.010808039,-0.009101734,-0.008784616,-0.007691273,-0.0065211006,-0.005509338,-0.004589569,-0.004186328,-0.0035787364,-0.0035043869,-0.0032407069,0.0015194364,0.0016155965,0.0022492688,0.0035546601,0.0036546097,0.0038449867,0.00418477,0.004811427,0.007359563,0.008812679,0.010908148,0.012898261,0.014212112,0.016662112,0.01730949,0.017800227,0.019529853,-0.01620626,-0.011450661,-0.007902734,-0.004206252,0.0026247464,0.0068043927,0.011457629,0.016220514
2020-01-24,-0.0045519206,-0.021193743,-0.016413258,-0.015779296,-0.015396183,-0.013664914,-0.012418215,-0.010758824,-0.009108791,-0.0083531905,-0.0074449973,-0.006530035,-0.005412336,-0.004645561,-0.0040317276,-0.003621199,-0.0035581095,-0.0031829404,0.0015690612,0.0016886463,0.0024895654,0.0035918779,0.003642996,0.0039077634,0.00419801,0.0055989227,0.007492898,0.008733439,0.010860671,0.013123415,0.014178912,0.016363295,0.017036915,0.017531117,0.019292133,-0.015817262,-0.011283663,-0.00780598,-0.004184802,0.002707432,0.007001308,0.011449467,0.016097775
2020-01-27,-0.0011389549,-0.022211147,-0.01667258,-0.015926667,-0.01557797,-0.013885921,-0.012558409,-0.011116577,-0.009532638,-0.008344189,-0.0075724586,-0.0064877,-0.005361491,-0.004791157,-0.004556707,-0.0043251165,-0.0042251167,-0.0041347034,0.0019529624,0.0020013717,0.002233698,0.003443805,0.0036965574,0.003961374,0.004297663,0.005023931,0.007157653,0.009178058,0.010530838,0.013203738,0.014331354,0.016098082,0.017315805,0.017736038,0.019525593,-0.016181206,-0.011495696,-0.007963231,-0.0047458685,0.0027859,0.0070127323,0.011477219,0.016178962
2020-01-28,-0.0011266173,-0.021871628,-0.016596222,-0.015867513,-0.01555784,-0.013938954,-0.0126356315,-0.010891732,-0.009158103,-0.008830541,-0.007493557,-0.0066536404,-0.00564371,-0.0047528436,-0.0044312277,-0.003641344,-0.0035249249,-0.0033474837,0.0014157969,0.0014988563,0.001955651,0.003392775,0.0036048638,0.0040687067,0.004275777,0.0043797414,0.007720025,0.009022314,0.01073336,0.013104867,0.014273791,0.016428001,0.017223742,0.017738404,0.01954305,-0.016120056,-0.011476704,-0.007936769,-0.004319724,0.0025077711,0.0068360986,0.011560862,0.016217623
2020-01-30,0.0032106908,-0.022194019,-0.016588952,-0.015851326,-0.015488073,-0.013206133,-0.012643227,-0.010949309,-0.0091556385,-0.008006586,-0.0067712115,-0.006503652,-0.005235839,-0.0046225525,-0.0038362185,-0.0036122804,-0.0035152473,-0.0034550673,0.0014453743,0.0015211914,0.0021362738,0.003488097,0.003629057,0.003857641,0.004277015,0.004422759,0.007693092,0.009208328,0.01038397,0.013084837,0.014442486,0.01664259,0.01733942,0.017813,0.019552844,-0.016024081,-0.011321217,-0.007685694,-0.004184493,0.0025735903,0.0068405243,0.011541929,0.016307151
2020-01-31,0.0040400987,-0.021988902,-0.016517067,-0.015865358,-0.015514233,-0.013739646,-0.012446269,-0.011164744,-0.009608002,-0.008152124,-0.0070578638,-0.006548052,-0.0054367236,-0.0046915347,-0.0031418074,-0.0030418073,-0.0027508426,-0.0026223776,0.001686546,0.0020763252,0.0025391898,0.0035031743,0.0037307653,0.0039199805,0.0042261714,0.004263371,0.007519565,0.009218924,0.010880168,0.013084732,0.014232723,0.016621388,0.017380489,0.017804477,0.019571608,-0.016041223,-0.0114473,-0.007848078,-0.0036209773,0.0028062812,0.006843555,0.011616776,0.016262986
2020-02-03,-0.0022113284,-0.021762917,-0.016426275,-0.015832474,-0.015420931,-0.013705535,-0.012618344,-0.011108829,-0.009239716,-0.008708635,-0.0070234407,-0.006471872,-0.0056012343,-0.004659395,-0.0036947744,-0.0032993138,-0.0027908094,-0.0024424135,0.0018905781,0.001942255,0.002426288,0.003491222,0.0037338,0.0039213113,0.004284964,0.0048356866,0.007918467,0.009229581,0.010511002,0.01329442,0.014261709,0.015724905,0.017244494,0.017692689,0.019490743,-0.0159868,-0.0115016,-0.007828427,-0.0037398364,0.0028070614,0.00700296,0.011639592,0.016092893
2020-02-04,-0.0015841372,-0.02230258,-0.01672129,-0.015944932,-0.015604987,-0.013987608,-0.012659075,-0.01114153,-0.009130129,-0.008434545,-0.0075236224,-0.006572924,-0.0056156637,-0.0046179825,-0.0040956372,-0.003603741,-0.0035628593,-0.003377261,0.0015448066,0.0016078197,0.002040559,0.0033450217,0.003662023,0.0039880467,0.004009711,0.004649444,0.0077457046,0.00930356,0.009845974,0.012896786,0.01423729,0.015701856,0.017289575,0.017695906,0.01952025,-0.016255107,-0.011462042,-0.007909295,-0.0042424845,0.0025095835,0.0068999724,0.01141632,0.016010419
2020-02-05,-0.0032667092,-0.02030933,-0.016279764,-0.015697721,-0.015289129,-0.01309708,-0.012385362,-0.010878916,-0.009599024,-0.008779284,-0.0074790996,-0.0064501907,-0.0057543134,-0.0045947637,-0.004114551,-0.0036035778,-0.0034582075,-0.003297483,0.0015554539,0.0016108295,0.0022233261,0.0034403575,0.0036227952,0.003717787,0.0041129827,0.0043092365,0.0077983565,0.0089658955,0.010509172,0.013017029,0.014516406,0.015881395,0.017208973,0.017811215,0.019527838,-0.015472134,-0.011468061,-0.007962513,-0.004184802,0.00258859,0.006726549,0.011499885,0.016150776
2020-02-06,-0.0023454458,-0.022047643,-0.016525742,-0.015851581,-0.01548203,-0.013241228,-0.012785642,-0.0110530965,-0.009734441,-0.00833599,-0.0072366674,-0.006592444,-0.0054671047,-0.0048274,-0.0034985747,-0.002828797,-0.002746939,-0.0026224954,0.0017381618,0.0020314793,0.002532127,0.003339617,0.0036961876,0.00390192,0.004202648,0.0043822704,0.0078063803,0.009266609,0.0113364905,0.013245198,0.014192775,0.01621392,0.017382119,0.017787952,0.0195435,-0.016016457,-0.01155215,-0.008010251,-0.00365785,0.0027688066,0.0068984376,0.01180736,0.01619667
2020-02-10,-0.004817306,-0.021980416,-0.016579676,-0.01584349,-0.015472211,-0.013835123,-0.012469358,-0.01063299,-0.00919601,-0.008479634,-0.007345923,-0.00639891,-0.0056580347,-0.0041337535,-0.0039997725,-0.002501745,-0.0024257428,-0.0023257427,0.0016023654,0.00201093,0.0023750854,0.0034244428,0.0036717567,0.0037717568,0.0040663425,0.0051289946,0.008244092,0.008892447,0.01070335,0.013019164,0.014184365,0.015485285,0.01692618,0.017469207,0.019330595,-0.016067356,-0.011324297,-0.0077606156,-0.0035303826,0.002695833,0.0068968236,0.011557046,0.015897725
2020-02-11,-0.0006959739,-0.022082167,-0.016488634,-0.01581678,-0.015453285,-0.013679655,-0.012722521,-0.011094098,-0.009560056,-0.008781548,-0.0076143006,-0.006591705,-0.005492774,-0.0047771325,-0.0042537386,-0.0036336496,-0.0035470421,-0.003305093,0.0015215953,0.0016446051,0.0020309654,0.0034948096,0.0036803018,0.0038806992,0.0041489187,0.0052471585,0.0070748474,0.008895989,0.011159471,0.013183236,0.014386676,0.015878057,0.017288383,0.0177607,0.0195211,-0.016085252,-0.0115950005,-0.008033357,-0.0042662458,0.0025681786,0.006977477,0.011520385,0.016145956
2020-02-12,-0.0019646168,-0.021581464,-0.016610024,-0.015870992,-0.015510628,-0.013164744,-0.012484067,-0.011154017,-0.009404238,-0.008378994,-0.006773006,-0.0065423823,-0.0054711895,-0.0049413717,-0.0034171483,-0.003050973,-0.002683154,-0.002583154,0.0017303218,0.00190499,0.0022398382,0.003395538,0.0036465519,0.0038980881,0.004232729,0.0046360325,0.007734092,0.009153572,0.011023785,0.013080303,0.014316012,0.015911518,0.017309092,0.0177676,0.019548435,-0.015870186,-0.011458462,-0.007814774,-0.0036553622,0.0027006832,0.0068829097,0.011660169,0.016124774
2020-02-13,-0.004242688,-0.02248959,-0.016619073,-0.015865752,-0.015504564,-0.013713482,-0.01254125,-0.011081564,-0.009273747,-0.008727833,-0.007891668,-0.006503832,-0.0056750267,-0.004638761,-0.0031507113,-0.002428484,-0.0023543178,-0.0022543177,0.0016863896,0.0017764752,0.002297259,0.0029220025,0.0035564064,0.003926096,0.004067752,0.0052996515,0.007934417,0.008462948,0.010220866,0.013099175,0.014398197,0.015804116,0.017283214,0.017763698,0.019544765,-0.016173592,-0.011498029,-0.008004091,-0.0033383325,0.0025499756,0.0068688556,0.011400124,0.01612199
2020-02-14,-0.00022816607,-0.022101557,-0.016581822,-0.015891606,-0.015531277,-0.013820755,-0.012778447,-0.011194877,-0.009635091,-0.00876172,-0.008265774,-0.006584158,-0.0053567304,-0.004402271,-0.0040296963,-0.0032052055,-0.0031358374,-0.0027268224,0.00069077965,0.0008858058,0.0018174354,0.0031998681,0.003736612,0.004040083,0.0043199556,0.0048730653,0.00719818,0.00875788,0.01043477,0.013050247,0.014280634,0.015705653,0.017154459,0.017709156,0.019452587,-0.016162772,-0.011652348,-0.008087663,-0.003936344,0.002182769,0.006891577,0.011319106,0.016039656
2020-02-17,-0.0015108966,-0.021667145,-0.016654016,-0.015870476,-0.015508117,-0.0137357535,-0.012825716,-0.010909544,-0.009437982,-0.008393692,-0.007818718,-0.0068098656,-0.005607471,-0.0044834213,-0.0031700057,-0.0025654864,-0.0023493792,-0.0022493792,0.0018893634,0.0020195513,0.0025352326,0.0034905027,0.0038931689,0.004189179,0.0042102155,0.0044174283,0.007771013,0.009028114,0.011234154,0.013228562,0.014405336,0.01599807,0.017334644,0.017815836,0.019515803,-0.016078148,-0.011487482,-0.008034661,-0.003428823,0.002828973,0.00695129,0.011719298,0.016192721
2020-02-18,-0.00064426666,-0.021916866,-0.01656772,-0.01586271,-0.01551429,-0.0132504245,-0.012820215,-0.0110280095,-0.009261773,-0.008511951,-0.007444117,-0.0065821987,-0.005334237,-0.0046175523,-0.0043187644,-0.0037417118,-0.0036310742,-0.003559208,0.0015009259,0.0016647076,0.00212404,0.0035050462,0.0038590636,0.0038594534,0.0041560913,0.004693892,0.0075999666,0.008835962,0.010783505,0.013079254,0.014417256,0.015756173,0.017257348,0.017733647,0.019538898,-0.016013904,-0.011496932,-0.007895579,-0.0043665916,0.0025901622,0.006865525,0.011511207,0.016105046
2020-02-19,-0.0029031895,-0.021419039,-0.016442025,-0.015772332,-0.015376941,-0.013133237,-0.012616678,-0.011087248,-0.009392145,-0.008865661,-0.00803061,-0.0068863565,-0.0058588656,-0.0049618073,-0.0044587003,-0.0035779045,-0.0031612068,-0.0027468489,0.0010846559,0.0012479409,0.0022905462,0.003543996,0.0038215609,0.003921561,0.004406226,0.005064847,0.007672543,0.008940937,0.010979115,0.013148028,0.014303696,0.015768804,0.017234068,0.017605525,0.019476784,-0.015797583,-0.011546813,-0.008172022,-0.0041662036,0.002514673,0.0069793863,0.011594938,0.016060567
2020-02-20,0.0010512107,-0.022355292,-0.016733972,-0.015885174,-0.015483131,-0.013219712,-0.012546932,-0.011033145,-0.009278263,-0.008765717,-0.007723658,-0.0065800375,-0.0054537114,-0.004584677,-0.004099209,-0.0036262034,-0.0034935356,-0.0033935355,0.0015553767,0.00156545,0.0020224957,0.0034507543,0.0036448503,0.003949287,0.004176655,0.0045701745,0.0074929902,0.008431618,0.0107963355,0.0131144365,0.014255746,0.015895257,0.017372644,0.017798858,0.01954648,-0.016067808,-0.011501846,-0.007917449,-0.004238504,0.002554146,0.0067420737,0.011441605,0.016122155
2020-02-21,0.0046246834,-0.021476341,-0.016519614,-0.015787471,-0.015362601,-0.01350351,-0.012495113,-0.011025263,-0.009840778,-0.008757462,-0.007825441,-0.0065121455,-0.0060941917,-0.004779706,-0.0037137114,-0.0035626558,-0.0034626557,-0.0027001144,0.00089721504,0.001016724,0.0017778098,0.0031578038,0.0032125935,0.0034608583,0.004183044,0.0049250484,0.007229631,0.009015481,0.010939067,0.013094153,0.01413195,0.015747778,0.017301688,0.017723462,0.019486692,-0.015871435,-0.011581218,-0.0082070455,-0.003990256,0.0022065192,0.0067416267,0.011516003,0.016036808
2020-02-24,0.00028790202,-0.021931635,-0.016474925,-0.01583755,-0.015402264,-0.013239854,-0.012616328,-0.010971823,-0.009212668,-0.008272303,-0.007382136,-0.0070775785,-0.0063766474,-0.0058334274,-0.0039565903,-0.0032168431,-0.003116843,-0.0030919677,0.0024267167,0.0031681021,0.0041815583,0.0073208916,0.008089892,0.008213415,0.008313415,0.0084134145,0.008513414,0.008613414,0.010388777,0.012620256,0.014067242,0.015953913,0.017386796,0.017797515,0.01954514,-0.015933001,-0.011382135,-0.008284242,-0.0040919646,0.0050821365,0.009190078,0.011504531,0.015996814
2020-02-25,0.000826394,-0.02203693,-0.01659536,-0.015870651,-0.015483797,-0.013288472,-0.012501037,-0.010788915,-0.009097791,-0.008792559,-0.00774933,-0.007029715,-0.0069789523,-0.005442232,-0.004579366,-0.0038807553,-0.0033765014,-0.0030169599,0.0033601867,0.0038206482,0.0053294376,0.0066192835,0.006916741,0.008113022,0.008213022,0.008313022,0.008413021,0.008810548,0.011112911,0.01324677,0.014357373,0.015818372,0.01726032,0.017727043,0.019462846,-0.01598112,-0.01141019,-0.0083538685,-0.0043766596,0.005468515,0.009080021,0.0117687145,0.01612248
2020-02-26,0.00014955267,-0.02170529,-0.016577156,-0.015878472,-0.015478127,-0.013215243,-0.01277559,-0.010737662,-0.009011287,-0.008461069,-0.007365291,-0.0064847656,-0.0061861402,-0.004767118,-0.004336453,-0.003704804,-0.003604804,-0.0033075195,0.0017483891,0.0018993989,0.003233878,0.003616635,0.0046737604,0.005052279,0.0062961522,0.006396152,0.0078028147,0.008814819,0.010635856,0.013302493,0.014344564,0.016139021,0.017290654,0.01776096,0.019499717,-0.015950281,-0.011372816,-0.008021085,-0.004287669,0.0033588908,0.007647901,0.011569327,0.016209353
2020-02-27,0.0107640615,-0.02220488,-0.016601317,-0.015892457,-0.015564334,-0.013834082,-0.012861304,-0.010972513,-0.008935252,-0.008800302,-0.008244913,-0.007769876,-0.007508399,-0.007408399,-0.0056914273,-0.0044721966,-0.0040147533,-0.0034120572,0.003905108,0.004500708,0.0045949686,0.006557396,0.0067140036,0.0074040284,0.0075040283,0.007604028,0.008414166,0.00950127,0.010617541,0.013065437,0.014324278,0.016175155,0.017244808,0.017679919,0.0194308,-0.016213182,-0.011492366,-0.008991653,-0.0050720624,0.0054124417,0.008857754,0.011768645,0.016135117
2020-02-28,4.0967283e-05,-0.022339672,-0.016624648,-0.015889714,-0.01551688,-0.01333662,-0.012615878,-0.011068491,-0.009162175,-0.0087825265,-0.007906443,-0.007623574,-0.007286826,-0.0060478784,-0.0053076195,-0.0045579826,-0.0038144088,-0.0037637635,0.0033363544,0.0034363545,0.0041053486,0.0053782263,0.006936594,0.007506229,0.007606229,0.0077062286,0.008958515,0.009922088,0.011517318,0.013034527,0.0141162025,0.015778344,0.01716153,0.01767532,0.019448675,-0.016086739,-0.011503756,-0.008603839,-0.0050134696,0.0047725025,0.009021133,0.012118796,0.016010614
2020-03-02,0.013221748,-0.021741109,-0.016573545,-0.015856639,-0.015396105,-0.013686368,-0.012677161,-0.0116142295,-0.011295004,-0.011071671,-0.011022263,-0.010537623,-0.010196641,-0.009519724,-0.007921972,-0.0059577366,-0.0058008083,-0.0049395054,0.003405086,0.0040092855,0.0050362535,0.0065434035,0.0066434033,0.0071810964,0.008010054,0.008110054,0.008390984,0.010464242,0.0114925215,0.0130707715,0.014155059,0.015862348,0.017268687,0.01779058,0.01945705,-0.016014857,-0.012502941,-0.010942159,-0.007031529,0.005400817,0.009093913,0.012137441,0.01606716
2020-03-03,0.0043970104,-0.022459244,-0.016631488,-0.015911255,-0.015512059,-0.013303881,-0.012742964,-0.010990525,-0.009728049,-0.009628049,-0.00940572,-0.00894,-0.0076722186,-0.005575889,-0.0048374594,-0.0036765588,-0.0030506162,-0.0026324738,0.0046198796,0.0049771224,0.0052886833,0.008014716,0.008114716,0.008214716,0.008366138,0.008466138,0.008932259,0.010791639,0.011840061,0.013130379,0.014352866,0.01578585,0.01717302,0.01771287,0.019452948,-0.016129928,-0.011800168,-0.009024968,-0.0046274215,0.006253308,0.009743517,0.012373472,0.016086984
2020-03-04,-0.0036830308,-0.021878185,-0.016580611,-0.015898261,-0.015444187,-0.015276799,-0.0136119295,-0.0131413825,-0.010999944,-0.010899944,-0.010630205,-0.009998732,-0.009677983,-0.009291251,-0.008045577,-0.007945578,-0.0070099314,-0.006308813,0.0046675354,0.0047675353,0.0054072887,0.008418792,0.009672589,0.010714172,0.011932601,0.013211599,0.01373082,0.01383082,0.01393082,0.013949954,0.015566618,0.015946329,0.017356917,0.017781852,0.019564016,-0.016558342,-0.012910292,-0.010842262,-0.007861726,0.0070387507,0.012275827,0.014559867,0.016561754
2020-03-05,0.004407286,-0.021854158,-0.016553365,-0.015857851,-0.01569552,-0.01559552,-0.01549552,-0.015194722,-0.0144062545,-0.014281912,-0.0120322285,-0.011355663,-0.011046098,-0.010946098,-0.010846098,-0.009518747,-0.008843464,-0.008120214,0.0053139967,0.007307603,0.008787581,0.009318503,0.00963138,0.00973138,0.010485823,0.010751232,0.0111563075,0.011256307,0.012176729,0.013939826,0.014307317,0.016076945,0.017196076,0.017706089,0.019494042,-0.017038817,-0.015047252,-0.012785241,-0.009736838,0.008242701,0.011062024,0.013145049,0.016304845
2020-03-06,0.010867667,-0.022098558,-0.016618215,-0.015803317,-0.015384509,-0.015145406,-0.015045406,-0.015018026,-0.01130239,-0.0104390895,-0.010041705,-0.009367246,-0.008675567,-0.007934134,-0.007796104,-0.006279372,-0.0054669497,-0.0047491966,0.004193632,0.004477572,0.0048604766,0.006115755,0.006768323,0.007854371,0.008382295,0.008861108,0.009419801,0.010270641,0.011696603,0.013037564,0.0143410275,0.015855804,0.017261574,0.017704414,0.01947543,-0.016858418,-0.013521646,-0.010599841,-0.0067317737,0.005605946,0.009358401,0.012337236,0.01608285
2020-03-09,0.009676554,-0.022568982,-0.016734693,-0.01592609,-0.015599646,-0.015499646,-0.015005045,-0.013296629,-0.012074687,-0.011782221,-0.010591028,-0.0099872565,-0.009229109,-0.008756792,-0.007297085,-0.005875804,-0.0046349145,-0.0020013445,0.0072234985,0.0075789983,0.008981703,0.009966871,0.010154366,0.010542617,0.011398638,0.012672446,0.012982747,0.013109677,0.013209676,0.0142601235,0.014984832,0.015716266,0.017215062,0.017744755,0.019484445,-0.017081603,-0.013616934,-0.011131332,-0.005959281,0.009029942,0.012147846,0.014155457,0.016438086
2020-03-10,-0.0068600615,-0.021419661,-0.016469765,-0.015804948,-0.015396387,-0.015378244,-0.015210532,-0.015124492,-0.015111327,-0.014508006,-0.014408006,-0.0143080065,-0.014208007,-0.014108007,-0.013259448,-0.013159448,-0.010199061,-0.008841786,0.0033758208,0.0048595327,0.0075741275,0.010832167,0.012230708,0.012768196,0.012867718,0.0136283105,0.014284687,0.01461881,0.01502908,0.015234891,0.015563098,0.016200814,0.017356472,0.017740056,0.019560777,-0.016774919,-0.015151861,-0.014609176,-0.011953549,0.007901873,0.013696183,0.015304789,0.016859926
2020-03-11,-0.0054614088,-0.022517651,-0.016692642,-0.015878351,-0.015497386,-0.015397387,-0.014973191,-0.014401919,-0.01425808,-0.014238391,-0.014138391,-0.014038391,-0.013644378,-0.013338031,-0.012879397,-0.011642313,-0.008822096,-0.0075151995,0.0028397082,0.004294096,0.007718644,0.0103188045,0.0111415265,0.012545568,0.012754407,0.013868954,0.014295881,0.014843511,0.014943511,0.015033608,0.01595658,0.01605658,0.017146526,0.01761809,0.019434635,-0.01701565,-0.014749986,-0.014070414,-0.010979479,0.007585132,0.013486634,0.015252608,0.016819898
2020-03-12,-0.017751424,-0.021718249,-0.016553178,-0.015816325,-0.015438252,-0.015338252,-0.014137634,-0.013887227,-0.01364579,-0.013000187,-0.011676029,-0.0115760295,-0.010758377,-0.009877733,-0.007838385,-0.0066813077,-0.006640347,-0.00625214,0.0044863084,0.0049483767,0.006886943,0.0092994245,0.009792492,0.011090803,0.011539269,0.012064919,0.012893556,0.013296157,0.013655437,0.014773331,0.014836513,0.01568249,0.017238202,0.017692784,0.019507246,-0.016637113,-0.014097433,-0.012019113,-0.007797642,0.0074320645,0.012203541,0.014371337,0.016498473
2020-03-13,-0.0010856967,-0.021868594,-0.016595194,-0.015896639,-0.015561407,-0.015488611,-0.015135931,-0.014924346,-0.014720927,-0.014620927,-0.014520927,-0.014415541,-0.014315541,-0.014215541,-0.013652702,-0.012531999,-0.009177629,-0.008417566,0.0049132654,0.0072226045,0.011218063,0.013718892,0.014577112,0.015208018,0.015714856,0.015814856,0.015914856,0.016014855,0.016114855,0.01613384,0.01623384,0.017157279,0.01733564,0.017732013,0.019517284,-0.016929947,-0.015059754,-0.014581774,-0.0116390865,0.010557535,0.015549736,0.016302807,0.017354852
2020-03-16,0.0060499604,-0.021631612,-0.016555509,-0.015885781,-0.015522575,-0.015422575,-0.0151891615,-0.015121269,-0.014696379,-0.014596379,-0.014397614,-0.014297614,-0.014197614,-0.014097614,-0.013652269,-0.012899879,-0.01049946,-0.008852512,0.0037170514,0.00549042,0.008269258,0.011366304,0.012225069,0.013294945,0.013724711,0.015026754,0.015852617,0.01589672,0.015912905,0.016179504,0.016407695,0.016608665,0.017075852,0.017635953,0.019389875,-0.016864287,-0.015097794,-0.014515676,-0.012040347,0.008513549,0.014524599,0.01618352,0.017244337
2020-03-17,-0.014976454,-0.022299508,-0.016622983,-0.015899263,-0.01556608,-0.01546608,-0.015212333,-0.015094575,-0.0147859715,-0.014401921,-0.014301921,-0.014201921,-0.014101922,-0.014001922,-0.013470045,-0.012530919,-0.009698496,-0.008158943,0.00419626,0.0057973345,0.009057486,0.011664328,0.012759424,0.014441383,0.014901657,0.0150016565,0.015101656,0.015412213,0.015940102,0.01646478,0.016564779,0.01715117,0.01731888,0.017717913,0.0195116,-0.017033396,-0.015078813,-0.014480814,-0.011612065,0.009123413,0.014815891,0.016047526,0.017482048
2020-03-18,-0.0127201835,-0.022386175,-0.01667038,-0.015916502,-0.0155207515,-0.015420752,-0.015015152,-0.015002612,-0.014814855,-0.014492009,-0.014392009,-0.014292009,-0.014192009,-0.014163675,-0.013513042,-0.0125477975,-0.009264921,-0.007565912,0.004297819,0.00618006,0.0090381745,0.011798811,0.012798731,0.01418808,0.01428808,0.014466799,0.014984099,0.015980978,0.016080977,0.01650139,0.016652834,0.017022938,0.017074725,0.017645758,0.019507555,-0.017002642,-0.015048225,-0.01451554,-0.011436736,0.009120589,0.014787195,0.016124435,0.017466094
2020-03-19,-0.012404952,-0.021259276,-0.0164698,-0.015837425,-0.015444002,-0.015384363,-0.014872343,-0.01486712,-0.01478312,-0.014748804,-0.01435525,-0.014237023,-0.014137023,-0.0139489975,-0.013472468,-0.012738292,-0.009740271,-0.007977449,0.0034406758,0.0060332916,0.008052411,0.011326302,0.013383436,0.014478554,0.014578554,0.014823304,0.015220172,0.01585863,0.016071528,0.01620952,0.01630952,0.01685307,0.017238282,0.017669566,0.019526185,-0.016685959,-0.015021762,-0.014419347,-0.0116331,0.008686246,0.014950688,0.016119625,0.017313574
2020-03-20,-0.0015410179,-0.021606209,-0.016507987,-0.015845113,-0.01539549,-0.015295491,-0.015162343,-0.015065588,-0.014965588,-0.014522425,-0.014501455,-0.014390997,-0.014165453,-0.013592447,-0.012767804,-0.0117053,-0.008850828,-0.00805536,0.0050591375,0.0072933664,0.009255167,0.012822618,0.014036232,0.015062002,0.015121469,0.015134533,0.015358901,0.015669787,0.015783893,0.016507372,0.016607372,0.01688333,0.017103648,0.017673118,0.019485638,-0.016793504,-0.015112211,-0.014477457,-0.011154057,0.009910351,0.0152819855,0.01608472,0.017431367
2020-03-23,0.0071239406,-0.020985752,-0.016395696,-0.015764901,-0.015394834,-0.015294834,-0.015068775,-0.0148800565,-0.014780057,-0.014680057,-0.014548438,-0.014512888,-0.014193893,-0.014093894,-0.0128206955,-0.0114172,-0.009056714,-0.007334227,0.0040146085,0.006637261,0.00966043,0.012751983,0.014296686,0.015243042,0.015254819,0.015354819,0.015397569,0.015633667,0.01569141,0.01602802,0.016364222,0.017133934,0.017365519,0.017756237,0.019526307,-0.016627979,-0.01503477,-0.014537011,-0.011028345,0.00966382,0.015311247,0.016023237,0.017361745
2020-03-24,0.0033566225,-0.022403577,-0.016705608,-0.015949452,-0.015644718,-0.01563984,-0.0152699435,-0.015046745,-0.014768052,-0.0146668805,-0.01439702,-0.014297021,-0.0141876135,-0.013639355,-0.013097863,-0.0118046515,-0.0094061075,-0.0078004654,0.0038872147,0.007152549,0.009927782,0.013274384,0.013775476,0.014550899,0.015143342,0.015173572,0.015270193,0.015770324,0.015870323,0.016068203,0.01633559,0.017236754,0.017374475,0.017802067,0.019547911,-0.017132737,-0.015140215,-0.014452398,-0.011281221,0.009877054,0.015067695,0.016070703,0.017398104
2020-03-25,0.0036500145,-0.022303065,-0.016671587,-0.015911706,-0.015548176,-0.015327912,-0.015006477,-0.014906477,-0.014809275,-0.014686453,-0.014574548,-0.014387267,-0.013828623,-0.013078324,-0.012376102,-0.010825942,-0.008978,-0.00785867,0.0038715035,0.00722706,0.009591618,0.012713359,0.014212029,0.015133134,0.015309502,0.015409502,0.015509502,0.015609502,0.015709503,0.015933342,0.016396467,0.017002154,0.01722155,0.017756231,0.019511826,-0.016971443,-0.015064077,-0.014259448,-0.010885196,0.009742608,0.0152595015,0.01599668,0.017320003
2020-03-26,0.017286632,-0.021411173,-0.016462231,-0.015757076,-0.01538374,-0.01528374,-0.015279633,-0.014075379,-0.013964127,-0.013176207,-0.012489012,-0.011866689,-0.011052376,-0.009478607,-0.008388285,-0.0076518417,-0.006529481,-0.006320872,0.0059834635,0.007843702,0.008256095,0.011030655,0.01196997,0.01417475,0.014314778,0.014414778,0.014886631,0.015600569,0.01570057,0.01580057,0.016180266,0.017115839,0.017366232,0.017762015,0.019544244,-0.016764103,-0.014450485,-0.012452751,-0.008151433,0.009485738,0.014392128,0.015870914,0.017280586
2020-03-27,0.0032128997,-0.021428334,-0.016521141,-0.015812347,-0.015469691,-0.015197457,-0.015097457,-0.015087982,-0.0147128645,-0.014622061,-0.014347587,-0.014247587,-0.014159282,-0.013723636,-0.0121786,-0.011129065,-0.008796344,-0.007930041,0.0041975095,0.007205211,0.010356658,0.012927592,0.013981303,0.014661025,0.015155966,0.015277971,0.015638672,0.015738672,0.016012924,0.016132515,0.016194845,0.017130274,0.017308703,0.017752394,0.01950764,-0.016742814,-0.015066542,-0.014408166,-0.010856328,0.009968588,0.015158298,0.016166298,0.017343534
2020-03-30,-0.0038140581,-0.022911545,-0.0168107,-0.015914833,-0.015590019,-0.015490019,-0.015350321,-0.01374739,-0.013680393,-0.012686355,-0.011830047,-0.011730047,-0.011334624,-0.01019052,-0.008201296,-0.007429114,-0.0065359753,-0.0062233564,0.0058322223,0.0076861484,0.008247962,0.011938067,0.013214674,0.014001538,0.014496502,0.015150993,0.015250993,0.015674122,0.015774122,0.015874121,0.015974121,0.017216843,0.017315198,0.017794639,0.01956218,-0.017230522,-0.014275859,-0.01247718,-0.008023958,0.0096401805,0.01478309,0.01597771,0.01728438
2020-03-31,-0.00025191347,-0.022806957,-0.016654318,-0.015868776,-0.015480639,-0.015204731,-0.014734254,-0.0145820845,-0.014011209,-0.012812142,-0.012768362,-0.012374307,-0.011215699,-0.010915438,-0.007949462,-0.0065920544,-0.005905448,-0.005805448,0.0101041375,0.011066434,0.013150473,0.013321852,0.014738596,0.015859624,0.015959624,0.016059624,0.016159624,0.016259624,0.016359624,0.016459623,0.016559623,0.017089903,0.017155143,0.0177108,0.019404741,-0.016976181,-0.014401692,-0.012728992,-0.007725344,0.012720505,0.015875418,0.016478729,0.017444937
2020-04-01,-0.00742241,-0.021775842,-0.016439231,-0.015782068,-0.015408819,-0.015348428,-0.014434367,-0.0141945975,-0.013967337,-0.013867337,-0.013119529,-0.012244198,-0.011326407,-0.009774659,-0.00836843,-0.0077230013,-0.0073559466,-0.006209517,0.004739332,0.0072707445,0.010567114,0.012390679,0.013750718,0.01514963,0.0152496295,0.015279928,0.015346175,0.015526858,0.015871111,0.01604353,0.016708678,0.017191678,0.017299974,0.017766483,0.019537954,-0.016681338,-0.014449142,-0.01252446,-0.008380218,0.0100435,0.015150133,0.01601753,0.017449666
2020-04-02,-0.0064969556,-0.021969635,-0.016523,-0.015808756,-0.015708756,-0.015412849,-0.014696658,-0.013750015,-0.013086742,-0.012556906,-0.011743031,-0.011035003,-0.011004707,-0.009470123,-0.0068445844,-0.0065442664,-0.0056832707,-0.005583271,0.009272104,0.010776525,0.011396931,0.013675421,0.0146782845,0.015526764,0.015626764,0.015726764,0.015826764,0.015926763,0.016026763,0.016187647,0.016287647,0.01695728,0.0172394,0.01769099,0.019489033,-0.01686218,-0.013979815,-0.0120002525,-0.0071380795,0.012149548,0.015609245,0.016241467,0.01732252
2020-04-03,-0.0059071854,-0.021902781,-0.016558332,-0.015854208,-0.015523836,-0.015288201,-0.014719937,-0.014485541,-0.014083418,-0.01302904,-0.012692485,-0.012125637,-0.011599592,-0.011326116,-0.010376081,-0.008742855,-0.0076699588,-0.0072175665,0.008005605,0.010369781,0.010789316,0.012994083,0.0143605145,0.015459012,0.015808674,0.015908673,0.016090548,0.016190547,0.016290547,0.016390547,0.01643713,0.017158842,0.017315455,0.017752763,0.019550603,-0.01679862,-0.014434429,-0.0128843095,-0.00922642,0.011593491,0.01566186,0.016455527,0.017457977
2020-04-06,0.0008030614,-0.022072682,-0.016551694,-0.015846927,-0.01551587,-0.015323173,-0.015223173,-0.014343784,-0.013976308,-0.013549322,-0.013449322,-0.012509765,-0.012306912,-0.011373109,-0.008337652,-0.008183512,-0.008123302,-0.007009668,0.01019577,0.012903507,0.013003507,0.013782077,0.01511852,0.01521852,0.016455013,0.016555013,0.016655013,0.017051311,0.017151311,0.01725131,0.01735131,0.01745131,0.01755861,0.017649494,0.0195464,-0.01693732,-0.014587903,-0.013265764,-0.00883278,0.013267974,0.016238935,0.017133512,0.017849963
2020-04-07,0.0073089176,-0.022206118,-0.016556673,-0.015867729,-0.015496622,-0.014073604,-0.013973604,-0.013036258,-0.013027587,-0.012673194,-0.012505292,-0.012029503,-0.011531172,-0.0111647,-0.010761251,-0.008361018,-0.0073262188,-0.006879999,0.0084296465,0.010417744,0.011046528,0.012288338,0.012506876,0.0139611345,0.014061134,0.014161134,0.014261134,0.014281639,0.014681455,0.015583749,0.01568375,0.016811136,0.017236967,0.017769981,0.019541597,-0.016461324,-0.013715675,-0.012440471,-0.009071598,0.011248679,0.014098907,0.015208989,0.017078044
2020-04-08,-0.0020344905,-0.021548707,-0.016502924,-0.015844863,-0.015463184,-0.014087638,-0.013980672,-0.013073238,-0.012756114,-0.012146671,-0.010809558,-0.010367927,-0.010014825,-0.008028735,-0.0067727785,-0.0050502145,-0.0040306007,-0.003460902,0.0069977525,0.008225947,0.00874735,0.010127312,0.011159124,0.011259124,0.011451086,0.011551086,0.011767765,0.012384351,0.012968985,0.013995551,0.015076225,0.017054342,0.017137703,0.017599434,0.019446306,-0.016316626,-0.013560312,-0.011117981,-0.005936485,0.009109889,0.012069847,0.01365087,0.016634371
2020-04-09,0.0061071063,-0.021933045,-0.016623579,-0.015857702,-0.015487719,-0.015469854,-0.015369854,-0.013802186,-0.013750449,-0.012279743,-0.012218428,-0.011907716,-0.011509654,-0.010962983,-0.009721328,-0.00769412,-0.0062747584,-0.0050432286,0.006515971,0.0077630263,0.008946089,0.011041102,0.011794318,0.011894318,0.011994318,0.012094318,0.012194318,0.012294318,0.013384419,0.014530529,0.014630529,0.017108293,0.017208293,0.017772632,0.01951658,-0.01697681,-0.014211987,-0.012762274,-0.00812823,0.009252101,0.01252156,0.013922376,0.016711712
2020-04-14,0.0036300332,-0.02249554,-0.01666891,-0.015873399,-0.01545121,-0.014186585,-0.012681989,-0.011719643,-0.011619643,-0.0115196435,-0.011419644,-0.011319644,-0.01131633,-0.010815859,-0.008645305,-0.0070300084,-0.0066266796,-0.005095171,0.0067893513,0.007677659,0.0077776588,0.009665083,0.009765083,0.010875779,0.010975779,0.011237288,0.011337288,0.012178436,0.013089838,0.013857643,0.014240302,0.017169207,0.017296758,0.017825896,0.019481856,-0.016296845,-0.012682864,-0.011570692,-0.0077433614,0.0085771065,0.011582846,0.013551992,0.016514981
2020-04-15,-0.0056722895,-0.022192186,-0.016617127,-0.015836831,-0.015148014,-0.014041277,-0.012694987,-0.011358548,-0.010882991,-0.010303104,-0.0101579465,-0.009824313,-0.009604702,-0.009284638,-0.0069893342,-0.0055933283,-0.0049681873,-0.004675074,0.0046200557,0.0056536165,0.0064154156,0.008530303,0.009478892,0.010506311,0.010606311,0.010760479,0.0108604785,0.010889536,0.01287789,0.013610768,0.01516613,0.016866304,0.016974946,0.01753818,0.019517621,-0.016138718,-0.012215292,-0.010525052,-0.0064100474,0.0071651405,0.011049197,0.013042724,0.0165398
2020-04-16,-0.0061911163,-0.021841045,-0.016655505,-0.015894359,-0.015180885,-0.014168935,-0.012898805,-0.0111470325,-0.010686008,-0.010091362,-0.009991362,-0.009891362,-0.009786757,-0.009234047,-0.008090008,-0.004901647,-0.0045384765,-0.0041269306,0.006023142,0.0065970155,0.008534277,0.009437088,0.010653448,0.010816005,0.010916005,0.011016005,0.0112800645,0.01167342,0.012549324,0.01414759,0.015340196,0.017131943,0.017231943,0.017797751,0.019562064,-0.016149035,-0.012143513,-0.010519396,-0.0063096853,0.008301506,0.011661294,0.013376469,0.016795909
2020-04-17,0.00390581,-0.022635803,-0.016595954,-0.015876455,-0.0155100105,-0.014184089,-0.01274307,-0.011445152,-0.010784129,-0.010352307,-0.010070836,-0.009970836,-0.009077168,-0.008005003,-0.006321342,-0.0044660927,-0.004059671,-0.003959671,0.0060660713,0.0066192513,0.0082078995,0.0088510215,0.009206097,0.010825264,0.010925264,0.011025264,0.011125264,0.011882335,0.011982335,0.013914445,0.014633267,0.016996259,0.017096259,0.017609067,0.019498762,-0.016333785,-0.012240224,-0.010136041,-0.0057555228,0.008133901,0.011370681,0.013200127,0.01653036
2020-04-20,-0.0009767477,-0.022025153,-0.016614791,-0.015845472,-0.015497602,-0.014184588,-0.0129587315,-0.011624382,-0.011066759,-0.010419295,-0.0100629255,-0.010057521,-0.009430269,-0.0086973915,-0.006740839,-0.0048492304,-0.0040275343,-0.003833224,0.0054519624,0.0065200534,0.0069448883,0.00875194,0.009726117,0.010214777,0.010455705,0.010555705,0.011092906,0.011740509,0.012420294,0.0140193775,0.01509721,0.017102186,0.017302115,0.017758062,0.019542098,-0.016256172,-0.012382927,-0.010443216,-0.0059016696,0.00762491,0.011251298,0.01331504,0.016703788
2020-04-21,-0.0017144866,-0.02119027,-0.016433159,-0.015793107,-0.015087142,-0.014167236,-0.0129122455,-0.011326507,-0.010763385,-0.010467853,-0.010367854,-0.009974469,-0.009827099,-0.008409772,-0.0077373534,-0.006084688,-0.005308375,-0.0050982265,0.0060818815,0.0065195514,0.00691471,0.007969407,0.008706115,0.009859075,0.010015217,0.010376873,0.010593401,0.011061448,0.012236325,0.015000047,0.015100047,0.017467659,0.017678354,0.017803414,0.019535735,-0.015958011,-0.0122526195,-0.010456072,-0.0068406225,0.007500154,0.011000712,0.013313914,0.016981382
2020-04-22,-0.0023221155,-0.021975782,-0.016560493,-0.01584485,-0.015491887,-0.014210647,-0.012928086,-0.011273976,-0.010976707,-0.010614523,-0.010472564,-0.0101529015,-0.009960872,-0.009129237,-0.007245969,-0.0067126793,-0.005491177,-0.0050704433,0.006519687,0.007643401,0.008421111,0.0101456065,0.010207778,0.010307778,0.0105366185,0.010838558,0.011221179,0.011593276,0.012387522,0.014142319,0.015214842,0.01726884,0.01736884,0.017681824,0.019347327,-0.016233379,-0.012327628,-0.010693493,-0.006934634,0.008653285,0.011417942,0.013342626,0.01673103
2020-04-23,-0.001388464,-0.021731727,-0.016448678,-0.015807958,-0.015449668,-0.014145769,-0.013065345,-0.011476188,-0.010807418,-0.010453819,-0.009974062,-0.009874063,-0.009774063,-0.008709564,-0.007955309,-0.0068765213,-0.0055411137,-0.0043966626,0.0039018008,0.0043419264,0.0059259217,0.008063341,0.008241217,0.0083412165,0.009065903,0.009677676,0.009887595,0.010276267,0.012080433,0.014317965,0.015307095,0.017049234,0.017269265,0.01775,0.019534476,-0.016168239,-0.0123221455,-0.01046609,-0.0069287336,0.006259779,0.010170868,0.012766304,0.016791755
2020-04-24,-0.0015038397,-0.022238534,-0.01663099,-0.015908075,-0.015802676,-0.015222791,-0.013382846,-0.0122175105,-0.011661994,-0.011561994,-0.01151312,-0.010960504,-0.009387804,-0.008436401,-0.007828516,-0.0069961613,-0.0061600283,-0.0043876786,0.006243253,0.0063091153,0.007617555,0.009841609,0.010385653,0.010844816,0.010904094,0.011004094,0.011104094,0.011204094,0.012054428,0.013950182,0.014961808,0.017407898,0.017507898,0.017743247,0.019477399,-0.016655568,-0.012946484,-0.010876433,-0.0072665773,0.0081831245,0.011477768,0.013164138,0.016708106
2020-04-27,0.002876143,-0.021762865,-0.016454259,-0.015776392,-0.015389758,-0.014755738,-0.013577604,-0.012778211,-0.012263404,-0.011846442,-0.011567252,-0.011202594,-0.011102594,-0.011002595,-0.010633096,-0.0102246655,-0.008849355,-0.008070815,0.0050987112,0.005198711,0.006493157,0.009314924,0.009381237,0.010752729,0.011025392,0.011125392,0.011225392,0.011325392,0.012287796,0.01342787,0.015054718,0.01708825,0.017264718,0.017729351,0.019515475,-0.016388044,-0.013248411,-0.01190269,-0.009796105,0.007426179,0.011202524,0.0131062325,0.016563132
2020-04-28,0.00070851686,-0.021784233,-0.016501518,-0.015845198,-0.015081275,-0.014137084,-0.012702207,-0.011082109,-0.010917251,-0.01032554,-0.009938852,-0.009555814,-0.009455814,-0.008924054,-0.0083242925,-0.007354493,-0.006590243,-0.0061351843,0.0031824645,0.0044360063,0.0061084223,0.0072737252,0.007880596,0.008153909,0.009548882,0.009958608,0.01089474,0.01099474,0.012018201,0.013990566,0.014265256,0.016891068,0.017126026,0.01765496,0.019494072,-0.016041262,-0.012174461,-0.010387635,-0.007592005,0.0061099003,0.010195685,0.013004854,0.016459186
2020-04-29,0.001507677,-0.021831825,-0.016544778,-0.015862305,-0.015488066,-0.014004299,-0.012783456,-0.011341824,-0.010432799,-0.010389669,-0.010094141,-0.009950959,-0.008802335,-0.008334832,-0.0068218703,-0.0067218705,-0.00651314,-0.0064131403,0.00466278,0.0061178003,0.0078036524,0.0090082595,0.01030764,0.010608168,0.010708168,0.010800262,0.010900262,0.011346752,0.012168784,0.0142794065,0.014379406,0.017139489,0.017278189,0.017733417,0.01953906,-0.016130485,-0.012162011,-0.010089512,-0.0072841966,0.007660132,0.011468446,0.013194678,0.016614156
2020-05-04,0.0053117434,-0.020403633,-0.016310869,-0.015766196,-0.015349191,-0.013945992,-0.013215601,-0.011511402,-0.011027312,-0.010927312,-0.010633628,-0.010564249,-0.009464595,-0.008867007,-0.008442548,-0.0077673323,-0.0075323414,-0.0067455624,0.005931083,0.006951322,0.008544461,0.009301149,0.010720276,0.012558084,0.012658084,0.012877306,0.012977306,0.013077306,0.013177305,0.013717097,0.014248051,0.017008245,0.017162504,0.01761336,0.019461123,-0.015845057,-0.012489565,-0.010641629,-0.008210407,0.00867722,0.012590013,0.014022304,0.016409576
2020-05-05,-0.0061344597,-0.020892592,-0.016260764,-0.015675517,-0.014954556,-0.014027559,-0.012762693,-0.011061802,-0.010626234,-0.009956128,-0.009405627,-0.009273424,-0.008804534,-0.0069888635,-0.00496711,-0.0041253753,-0.003387555,-0.0030463426,0.004484567,0.00547803,0.006477647,0.006577647,0.00841103,0.009877439,0.010945847,0.010955188,0.011559545,0.012532942,0.01305505,0.014313717,0.015140584,0.017009016,0.017109016,0.017660638,0.019449968,-0.015779633,-0.012016475,-0.00971759,-0.0049599614,0.006792748,0.011218063,0.013714055,0.016714785
2020-05-06,-0.0034989095,-0.02214297,-0.016626885,-0.01590935,-0.0152329225,-0.014242727,-0.012872209,-0.011170693,-0.010481438,-0.010269505,-0.00977042,-0.009670421,-0.008025754,-0.0073917736,-0.00620308,-0.0043628276,-0.0042139133,-0.0041139135,0.005034216,0.0051268465,0.0056337425,0.006678022,0.008075088,0.008381844,0.008795583,0.009046329,0.009395741,0.010148564,0.011212871,0.012977165,0.01466315,0.015769126,0.017160024,0.017717613,0.019478537,-0.016223542,-0.012140639,-0.009708319,-0.005712831,0.006253682,0.009725798,0.012178874,0.016121117
2020-05-07,0.00080248195,-0.021376396,-0.016459867,-0.015835695,-0.015460843,-0.014158225,-0.012730511,-0.011026745,-0.010550335,-0.009972925,-0.0095520355,-0.0092520695,-0.008187696,-0.0073410915,-0.006589355,-0.0054179635,-0.004595817,-0.0038475706,0.0037157412,0.004510949,0.005460321,0.006330345,0.007317479,0.007929691,0.008510942,0.008722782,0.009690945,0.010084793,0.011580003,0.013086233,0.014368783,0.015756233,0.017297354,0.017810378,0.019522425,-0.016037168,-0.012023242,-0.0096723335,-0.005940555,0.0057056593,0.009428196,0.012347865,0.01610881
2020-05-08,0.0035997657,-0.021292225,-0.01643578,-0.015811935,-0.015458918,-0.0141767105,-0.01270942,-0.0110366,-0.0103660375,-0.009765725,-0.009719573,-0.009569899,-0.009058263,-0.008918042,-0.0072800787,-0.006034328,-0.005504462,-0.003943508,0.0043296097,0.0044296095,0.0057816897,0.0066989344,0.007178112,0.0074689244,0.008311525,0.00843473,0.009434565,0.010146487,0.010745581,0.0130439615,0.014339073,0.015778506,0.017260646,0.017738478,0.019480545,-0.016014611,-0.011937944,-0.010154268,-0.006466455,0.0059102736,0.0092544425,0.012126247,0.016076112
2020-05-11,-0.0033408888,-0.021649621,-0.016449237,-0.015801404,-0.015451909,-0.014194977,-0.012608572,-0.011054634,-0.010384989,-0.01014615,-0.009716309,-0.009689537,-0.008719204,-0.008041018,-0.007353862,-0.0062143602,-0.0055251787,-0.0041583944,0.0030274948,0.003369242,0.0047181766,0.0067238845,0.006956777,0.008196258,0.008296258,0.008972838,0.009742597,0.010366435,0.011187767,0.013035745,0.013920051,0.015741799,0.017310094,0.017799608,0.019506652,-0.016070863,-0.011999151,-0.009894019,-0.006588266,0.0052270116,0.009505611,0.012328527,0.016000772
2020-05-12,0.004254918,-0.02155674,-0.016511997,-0.015763365,-0.015108665,-0.013877441,-0.012765163,-0.011013918,-0.010887094,-0.010605176,-0.010505176,-0.010294917,-0.009792889,-0.009692889,-0.008316732,-0.0063323015,-0.005765448,-0.005221895,0.0040913178,0.0045280764,0.0055967793,0.006722918,0.0069209468,0.007350649,0.0077748075,0.007930236,0.009221679,0.00953987,0.010768854,0.013108427,0.014279072,0.015499438,0.017359033,0.017779896,0.019549357,-0.015964001,-0.012206943,-0.010728641,-0.007186259,0.00574278,0.008970025,0.011999573,0.016043238
2020-05-13,-0.002518478,-0.021499095,-0.01647479,-0.015819095,-0.015080809,-0.013926099,-0.012773788,-0.010967013,-0.0103524225,-0.010175125,-0.009841009,-0.009070629,-0.008876682,-0.008209663,-0.008139693,-0.0075389016,-0.006580063,-0.0061275004,0.004204568,0.004304568,0.0044045676,0.005289952,0.007313773,0.007329649,0.008567653,0.008819423,0.009139702,0.0098402165,0.01095369,0.013065721,0.014463178,0.015852224,0.017335953,0.017745778,0.019515293,-0.015950916,-0.0120174885,-0.010010714,-0.0074913576,0.0053542615,0.009273756,0.012067057,0.01612844
2020-05-14,-0.0034458048,-0.021943977,-0.016583651,-0.015879614,-0.015541704,-0.0139259845,-0.012811941,-0.011088017,-0.01033354,-0.009801211,-0.00927311,-0.008747794,-0.008399713,-0.008036998,-0.007936998,-0.0074856533,-0.0066066473,-0.005888437,0.0034749259,0.004174439,0.0042744386,0.0059677768,0.0071803015,0.0082347365,0.008588606,0.009092364,0.009798431,0.010136943,0.011009381,0.013101636,0.014488019,0.015887419,0.017391209,0.01780029,0.019535989,-0.016161453,-0.011982864,-0.00977106,-0.007333106,0.0052960375,0.009549197,0.01228752,0.01616267
2020-05-15,0.0015545087,-0.022202872,-0.016610218,-0.015891768,-0.01544917,-0.014177962,-0.012915154,-0.011014912,-0.009372957,-0.008887479,-0.008053102,-0.0079021845,-0.0071636466,-0.0064531676,-0.006230118,-0.0061951187,-0.005619817,-0.005457014,0.0037961062,0.004248793,0.004508318,0.0062462576,0.0071938094,0.008014986,0.008683193,0.008838432,0.009291977,0.010212048,0.010616202,0.01303276,0.014080867,0.015765205,0.017023984,0.017738886,0.019509953,-0.016271075,-0.011616454,-0.008791605,-0.0062808497,0.005496533,0.009458407,0.012035394,0.016025534
2020-05-18,0.008087368,-0.021654949,-0.016512416,-0.015838146,-0.015495739,-0.014154583,-0.01270358,-0.011108717,-0.00935395,-0.008789673,-0.008043414,-0.007967561,-0.007040875,-0.006644667,-0.00644874,-0.0063487403,-0.005970934,-0.0055814367,0.0028937296,0.0037843965,0.004820995,0.006283283,0.007858492,0.0081715835,0.009668992,0.010158869,0.0107649695,0.011745864,0.011845863,0.013074817,0.0143294735,0.015831009,0.01726125,0.017733105,0.01947351,-0.016104255,-0.011558814,-0.008757297,-0.006463482,0.0054902793,0.010201925,0.0129385535,0.016088383
2020-05-19,0.0030334098,-0.022576917,-0.01670195,-0.015929738,-0.015557826,-0.014234112,-0.012782418,-0.011048527,-0.010498415,-0.010221267,-0.009688465,-0.009660995,-0.0094614355,-0.009043969,-0.008149346,-0.0075996895,-0.0074996897,-0.007492825,0.0046537044,0.005773054,0.0063100103,0.0065578553,0.0076310486,0.00877404,0.00887404,0.009563563,0.009674029,0.009774029,0.010928991,0.013033398,0.014313598,0.015790118,0.017284283,0.017714057,0.019543236,-0.016370645,-0.012096073,-0.01029494,-0.0080805095,0.006433733,0.009755216,0.012138946,0.016078882
2020-05-20,0.0039080954,-0.021264609,-0.016342152,-0.01574512,-0.01536941,-0.014071343,-0.012869867,-0.0110483775,-0.010570731,-0.010421739,-0.009760878,-0.009660878,-0.008645164,-0.008545164,-0.0075093876,-0.0071030012,-0.006857746,-0.0066056037,0.0044181235,0.004656755,0.0064749066,0.0068127257,0.007970814,0.008401428,0.009285367,0.009619042,0.010508527,0.010608527,0.010708527,0.013081511,0.013795875,0.015714416,0.017203923,0.017625872,0.019522358,-0.015983475,-0.012131167,-0.01007836,-0.0075473236,0.006329575,0.009936264,0.012422202,0.015948007
2020-05-21,-0.0025238001,-0.022180948,-0.016599283,-0.0158361,-0.014942384,-0.013269265,-0.012583762,-0.010999482,-0.010762286,-0.010011277,-0.009416818,-0.009316818,-0.009216818,-0.009116818,-0.008661785,-0.008561785,-0.00841686,-0.0074499752,0.0033359493,0.003414384,0.003803826,0.005037655,0.0060293586,0.006199302,0.00715591,0.00725591,0.00840283,0.009267308,0.010936164,0.012914971,0.014228419,0.015730519,0.017176263,0.017724738,0.0194992,-0.01591513,-0.012038581,-0.0102193,-0.008481445,0.0045495452,0.00833337,0.011739507,0.01601957
2020-05-22,-0.0053513274,-0.021596368,-0.016607374,-0.0151540395,-0.014896747,-0.013296729,-0.012707769,-0.010996593,-0.010034403,-0.009934403,-0.009837845,-0.00981258,-0.009712581,-0.009480728,-0.008624049,-0.008175836,-0.006836199,-0.005684592,0.0033618913,0.004258676,0.004358676,0.0057768677,0.006255266,0.0076592723,0.008343772,0.0083984975,0.009040957,0.009703626,0.010822713,0.013055276,0.013922746,0.015674448,0.016968831,0.017743425,0.019429468,-0.015820999,-0.011765441,-0.010354665,-0.007826651,0.0052199764,0.009014388,0.011918281,0.015965072
2020-05-25,0.00017899269,-0.021879992,-0.016450228,-0.015361685,-0.01478046,-0.013199856,-0.012690438,-0.011046472,-0.009800879,-0.008930571,-0.007861834,-0.0077758967,-0.0074496674,-0.0073496676,-0.007249668,-0.006434982,-0.0055425167,-0.005076207,0.0021475013,0.0028217337,0.0033597497,0.005186491,0.006134545,0.0064674425,0.007092445,0.007671726,0.008255592,0.009092972,0.010826165,0.012824249,0.014325176,0.015663063,0.017169127,0.01771952,0.019489402,-0.015800195,-0.011566009,-0.009030497,-0.006415854,0.0041215844,0.008438187,0.0116336215,0.016004283
2020-05-26,0.0067780903,-0.021000186,-0.016363794,-0.015320752,-0.014668886,-0.0135764,-0.012431647,-0.010969475,-0.009521273,-0.0088380845,-0.007850017,-0.007625323,-0.007036787,-0.006579386,-0.0062760636,-0.0049577067,-0.0043149097,-0.00421491,0.0048275273,0.0053170114,0.006828983,0.007825491,0.008361976,0.009245093,0.009345093,0.009445093,0.009765997,0.009865996,0.010255483,0.013012686,0.014213868,0.015277934,0.017156538,0.017753229,0.01954334,-0.015608182,-0.011416246,-0.008683822,-0.0054777823,0.006828821,0.009986168,0.01201134,0.015960213
2020-05-27,-0.00012991557,-0.021862805,-0.016601134,-0.0157806,-0.014874857,-0.013277984,-0.012672465,-0.011029191,-0.009740329,-0.008886866,-0.008320385,-0.00795534,-0.0076683247,-0.0071313586,-0.0067978264,-0.0059977258,-0.0049654376,-0.0045947293,0.0045498423,0.0050313296,0.0055758352,0.0064650415,0.00647755,0.00657755,0.0067173457,0.007762109,0.008289323,0.009289553,0.010338788,0.013062192,0.014210376,0.015807116,0.017047008,0.01773072,0.01945486,-0.01585785,-0.011621891,-0.009106573,-0.006062212,0.005667879,0.008633791,0.011605373,0.016053053
2020-05-28,0.009148439,-0.02189643,-0.016545102,-0.015769726,-0.015669726,-0.015556545,-0.014511215,-0.012309995,-0.010745402,-0.010089374,-0.008875747,-0.008775747,-0.007802785,-0.0075328047,-0.007432805,-0.006669162,-0.00641701,-0.006053792,0.006278272,0.00691152,0.006983855,0.008302784,0.009286117,0.010121919,0.010628946,0.010728946,0.011411008,0.012644223,0.014330129,0.014430129,0.015012468,0.015274392,0.017165894,0.01771486,0.019485414,-0.016835803,-0.012685142,-0.009893591,-0.007069703,0.007821076,0.011442266,0.013996276,0.016383452
2020-05-29,0.0034339617,-0.021991495,-0.016561871,-0.015754584,-0.015223955,-0.013231882,-0.012528733,-0.01091496,-0.010024786,-0.008689757,-0.0077794967,-0.007679497,-0.0071375337,-0.00625839,-0.005641795,-0.0054780045,-0.004584286,-0.003570038,0.0034934643,0.0037040776,0.0039449204,0.0059983325,0.0072024744,0.008973492,0.009073492,0.009587346,0.0096873455,0.009782359,0.010642148,0.013038998,0.014308646,0.01541608,0.01692506,0.017778836,0.019491589,-0.01590759,-0.011582564,-0.008745788,-0.0053907237,0.005242857,0.009716934,0.012015182,0.016006831
2020-06-01,0.0014282808,-0.021501474,-0.016538538,-0.015189026,-0.014838493,-0.013630521,-0.012381707,-0.010972152,-0.010237394,-0.009561863,-0.00887959,-0.008354625,-0.0070013134,-0.006311849,-0.005388745,-0.0038922946,-0.0027727087,-0.0026727086,0.0060804407,0.0063158823,0.0069692996,0.008192624,0.009272125,0.009372124,0.009472124,0.009572124,0.009775778,0.010252033,0.011515083,0.012840746,0.013979185,0.015759956,0.016346285,0.017646858,0.019521166,-0.015778147,-0.011668428,-0.008962371,-0.0046162168,0.0074060736,0.010261831,0.012145986,0.015949583
2020-06-02,0.0038853819,-0.022530137,-0.016411226,-0.015656797,-0.015167792,-0.013574942,-0.012445107,-0.0108756665,-0.010346826,-0.009728662,-0.0091827605,-0.009082761,-0.008982761,-0.007877228,-0.0072605168,-0.0061187064,-0.0051380205,-0.0049367268,0.0044872873,0.004513388,0.004613388,0.0058955816,0.006517036,0.0066170357,0.0069556646,0.008095961,0.00861712,0.009924703,0.010413409,0.013003871,0.014334102,0.015783284,0.01726429,0.017726216,0.019517725,-0.016025841,-0.011810613,-0.009766936,-0.006507346,0.005293062,0.008831722,0.011844678,0.016073039
2020-06-03,0.007145732,-0.022367746,-0.016642652,-0.015214655,-0.014737036,-0.013821419,-0.012526544,-0.011197924,-0.010019307,-0.009926299,-0.009732953,-0.009458349,-0.00893256,-0.0076171765,-0.0063874065,-0.005825543,-0.0053950343,-0.005204638,0.0053496673,0.0063303257,0.0064303256,0.007188299,0.0081966445,0.008615716,0.009465656,0.009479424,0.009829256,0.010387409,0.01142546,0.013065797,0.014186267,0.015802577,0.017179372,0.017705029,0.019495355,-0.01601908,-0.011776946,-0.009765709,-0.0064541944,0.006952855,0.009948998,0.012377459,0.016051006
2020-06-04,0.0066711446,-0.021886982,-0.016462268,-0.015261077,-0.014859024,-0.0131400805,-0.012457168,-0.0110674,-0.009971165,-0.009736136,-0.009204917,-0.008586204,-0.00792595,-0.0067330357,-0.006589403,-0.005426945,-0.0046624313,-0.0039853603,0.00589077,0.0062012235,0.0065133474,0.007705462,0.008232064,0.008639444,0.009390069,0.009765719,0.009863699,0.011139992,0.0112399915,0.013062012,0.014283057,0.01582626,0.017365783,0.017839335,0.019556642,-0.015761103,-0.011698589,-0.009258447,-0.0058500688,0.0071401745,0.010167846,0.012534295,0.016113462
2020-06-05,-0.0022593485,-0.022640655,-0.016570885,-0.015771512,-0.014902919,-0.014802919,-0.013702547,-0.012270509,-0.011214838,-0.010741194,-0.010641194,-0.010430203,-0.008894566,-0.008794567,-0.008321624,-0.006912336,-0.0065505547,-0.006246573,0.0062195924,0.006854426,0.007064901,0.008628679,0.00979887,0.010089538,0.011214357,0.011352075,0.0120429285,0.014326099,0.014972367,0.015072367,0.01593894,0.01603894,0.017181143,0.017613543,0.019533874,-0.016523985,-0.01274012,-0.010649542,-0.007692258,0.007996391,0.01212779,0.014718981,0.016839532
2020-06-09,0.0045708865,-0.022303995,-0.016701972,-0.015854869,-0.01575487,-0.0150780305,-0.013549666,-0.012655831,-0.011311206,-0.010698654,-0.010388065,-0.010182723,-0.009170675,-0.008318741,-0.007061584,-0.0055460245,-0.0051108818,-0.005010882,0.008052052,0.009544645,0.009964461,0.011296418,0.011990271,0.01209027,0.012779527,0.013438029,0.013538029,0.014088477,0.014188477,0.014288477,0.015370379,0.015377329,0.01715641,0.017699018,0.019479014,-0.016677707,-0.012814045,-0.010547671,-0.0065824194,0.01032742,0.013179104,0.014651974,0.016442843
2020-06-10,0.0006034724,-0.020755816,-0.016276533,-0.015132266,-0.014531884,-0.013041285,-0.012541524,-0.011451704,-0.011039328,-0.010358547,-0.0101817325,-0.009907108,-0.00980381,-0.009329534,-0.007970556,-0.006412357,-0.0056662066,-0.005356144,0.0045308196,0.0055622035,0.006067009,0.008184777,0.008560903,0.0091596,0.0092596,0.010455549,0.010555549,0.011403682,0.011503682,0.013306609,0.014230015,0.015784694,0.0172411,0.01772102,0.019499384,-0.015429407,-0.012104674,-0.010579186,-0.0070624747,0.006720882,0.010577269,0.012802124,0.016108345
2020-06-11,0.0021158815,-0.022174222,-0.016456075,-0.015666647,-0.014760211,-0.0136285275,-0.012614851,-0.011101084,-0.010077237,-0.009977237,-0.009411983,-0.009311983,-0.00822094,-0.0073561277,-0.006013038,-0.005459737,-0.0054462356,-0.00494744,0.0025748552,0.0036122715,0.0047812397,0.007012607,0.007846198,0.007946198,0.008287953,0.008640696,0.009650177,0.010293078,0.0113203805,0.013160164,0.013872597,0.015674345,0.017108481,0.017600512,0.019457629,-0.015926776,-0.011887412,-0.009536227,-0.0062356866,0.0052537853,0.009577267,0.0123064555,0.01595305
2020-06-12,-0.0111797685,-0.020705175,-0.016406363,-0.016306363,-0.016206363,-0.016106363,-0.015332528,-0.015232529,-0.0139838355,-0.013883836,-0.0131193735,-0.010985517,-0.010885517,-0.0108220205,-0.010343247,-0.009975142,-0.008910489,-0.006523966,0.004005132,0.0041051316,0.0052689565,0.0066002193,0.0086991405,0.0111500425,0.011553003,0.01219212,0.012547105,0.013357515,0.0138141075,0.013849266,0.0152355805,0.015777502,0.017196307,0.017770791,0.019460626,-0.016951358,-0.014947819,-0.012828656,-0.009347672,0.006306489,0.011849618,0.01415286,0.016418753
2020-06-15,0.0015407674,-0.022234917,-0.016555004,-0.016455004,-0.016355004,-0.016255004,-0.016155005,-0.015846936,-0.015746936,-0.014164839,-0.01100794,-0.010907941,-0.009852956,-0.009752956,-0.009232896,-0.009132897,-0.0087588,-0.005922804,0.008012825,0.008648463,0.00966468,0.010180013,0.010280013,0.01183643,0.012054551,0.012250141,0.012918635,0.014610209,0.014710208,0.014810208,0.015064234,0.015903695,0.017352564,0.01778646,0.019541437,-0.017510986,-0.015673744,-0.012503159,-0.008791068,0.009712107,0.0127574,0.014880365,0.016621206
2020-06-16,-0.0010054479,-0.022673365,-0.016739136,-0.015235712,-0.015019258,-0.013296998,-0.012571388,-0.011182896,-0.010456286,-0.010356287,-0.009321142,-0.009221142,-0.009121142,-0.008233153,-0.0065476876,-0.005338653,-0.0052213757,-0.003625802,0.0041660806,0.004644744,0.005311989,0.0063437386,0.007774582,0.008675346,0.008829212,0.008929212,0.0100648515,0.010741278,0.01099433,0.013090609,0.014092025,0.015824249,0.017268986,0.017785668,0.019539798,-0.016060028,-0.011960513,-0.009940622,-0.005990932,0.005859153,0.009842205,0.012432011,0.01606647
2020-06-17,-0.0035415355,-0.021905217,-0.016433228,-0.015689023,-0.015374994,-0.014282969,-0.0135849,-0.0134849,-0.0133849,-0.0132849,-0.01164602,-0.011369758,-0.010844455,-0.0098927785,-0.009792779,-0.008954152,-0.008312208,-0.007032262,0.004723019,0.0054866932,0.007107112,0.007722577,0.008586531,0.009344418,0.009669405,0.0100630475,0.010375539,0.011521635,0.0116216345,0.013065731,0.014370369,0.015841926,0.017311947,0.017710298,0.019501412,-0.016316261,-0.013885724,-0.011870611,-0.009092232,0.006941761,0.010516273,0.012779297,0.016097946
2020-06-18,-0.0002563134,-0.021707961,-0.016503392,-0.015134356,-0.014864537,-0.014764537,-0.014664537,-0.014564537,-0.012350872,-0.012250872,-0.010557784,-0.010046868,-0.009695397,-0.009595397,-0.008476685,-0.007874197,-0.0060302466,-0.0048444085,0.0051480248,0.0052480246,0.0064707524,0.0075623435,0.007860514,0.008248319,0.00890304,0.008976411,0.009808278,0.010991217,0.012202504,0.013692628,0.014390893,0.015714485,0.01712395,0.017686974,0.01949924,-0.016500993,-0.0137930345,-0.011372797,-0.007454482,0.006666437,0.009953817,0.012763716,0.016196843
2020-06-19,-0.002394687,-0.021904597,-0.016475983,-0.015727237,-0.015209727,-0.013246878,-0.012567999,-0.011212941,-0.0104167,-0.010263307,-0.009556732,-0.009493844,-0.008770461,-0.0081540495,-0.0057842257,-0.005221902,-0.005103771,-0.0043852194,0.0052660126,0.0068051713,0.0074080494,0.0075088213,0.0087798145,0.009259314,0.010637523,0.0107375225,0.011015793,0.011211854,0.011311854,0.013118436,0.01428237,0.015888743,0.01739933,0.017836278,0.01954525,-0.015881035,-0.012037637,-0.009893188,-0.005997792,0.0075251153,0.010621388,0.012811454,0.016134216
2020-06-22,0.006392374,-0.021609562,-0.016530508,-0.01525494,-0.014701863,-0.013611462,-0.012569046,-0.01095898,-0.010185658,-0.009742871,-0.009645548,-0.00943142,-0.009119876,-0.007961579,-0.007326105,-0.0058923885,-0.0049099945,-0.0047727237,0.004121488,0.0043866104,0.005405105,0.006837084,0.0074410727,0.0077544022,0.00878559,0.00883728,0.009475064,0.010336312,0.01155615,0.01310096,0.013988139,0.015833337,0.017295234,0.01774276,0.019479277,-0.015804488,-0.011742299,-0.009896341,-0.0064665265,0.0059071756,0.009494005,0.012352744,0.016028894
2020-06-23,0.005521916,-0.022652013,-0.016556416,-0.015668152,-0.014851536,-0.013095285,-0.012366425,-0.011027037,-0.010145677,-0.010111999,-0.009369251,-0.0092692515,-0.009095604,-0.008600988,-0.008239352,-0.008139352,-0.006155796,-0.005837409,0.004566679,0.0046666786,0.005485785,0.006341946,0.0065760743,0.006621764,0.007091487,0.008312928,0.008412927,0.009595147,0.01117541,0.012887847,0.013936322,0.015347907,0.017091481,0.017614508,0.01944992,-0.015904335,-0.0118638575,-0.009915589,-0.007528232,0.005630515,0.008798752,0.011832562,0.0158473
2020-06-24,-0.0045920825,-0.021654418,-0.016513648,-0.015712759,-0.015178904,-0.013682135,-0.012769665,-0.010908992,-0.010240788,-0.009826661,-0.009759784,-0.009239085,-0.008112765,-0.00761741,-0.0074395477,-0.0064704292,-0.006093306,-0.0053934534,0.0051798355,0.005518075,0.005618075,0.0063231774,0.0074940473,0.008022986,0.008400602,0.008441244,0.009580608,0.009897337,0.010797391,0.012983623,0.01390123,0.015815185,0.017200174,0.017725963,0.019522896,-0.015959755,-0.011891773,-0.009700082,-0.006927164,0.006207953,0.009367848,0.012091826,0.015989779
2020-06-25,-0.0045196787,-0.020999366,-0.016475646,-0.015174372,-0.015074372,-0.013681053,-0.012667661,-0.010962824,-0.010119103,-0.010104308,-0.008976744,-0.008909786,-0.007912274,-0.0068631237,-0.0060286256,-0.0042511723,-0.0034635281,-0.003047895,0.0057067787,0.0062818234,0.006381823,0.006481823,0.0072216922,0.008104996,0.008963216,0.009212646,0.009734852,0.009834852,0.0109283775,0.013182557,0.014109327,0.015725207,0.017245146,0.017740367,0.019453572,-0.015779618,-0.011805654,-0.009307781,-0.005140201,0.006763093,0.009511349,0.012185156,0.016042206
2020-06-26,-0.00047025838,-0.022757085,-0.0165562,-0.015743684,-0.0149334185,-0.013159094,-0.012475805,-0.01109143,-0.010441807,-0.010315396,-0.010215396,-0.009811545,-0.009734852,-0.008883469,-0.008458043,-0.008165847,-0.007335139,-0.006997219,0.0034519134,0.00518184,0.006476219,0.0067924247,0.0074355914,0.0075355913,0.0086344145,0.009326855,0.010562389,0.010662389,0.011360646,0.013066667,0.01423608,0.01580816,0.017250845,0.017710442,0.01947724,-0.015976321,-0.0120136235,-0.0103502665,-0.00815356,0.0061073625,0.009605419,0.012580587,0.016059717
2020-06-29,0.001933108,-0.022281742,-0.016538363,-0.015721377,-0.015135805,-0.013173609,-0.012589558,-0.01097716,-0.009804096,-0.009182897,-0.008486059,-0.008161258,-0.007429108,-0.0072495295,-0.0062477095,-0.005584436,-0.0045689284,-0.0032370056,0.0033540174,0.004152274,0.0041907323,0.0047621205,0.0057961512,0.0068814903,0.0073141097,0.0076882513,0.008732906,0.009179145,0.0106712645,0.013060399,0.014067595,0.015801538,0.017236615,0.017754901,0.01942371,-0.015943814,-0.011655018,-0.009111671,-0.0055598677,0.004754651,0.0085210875,0.011776065,0.016021628
2020-06-30,9.78922e-05,-0.021493305,-0.016392332,-0.015162298,-0.014782282,-0.01357971,-0.012468889,-0.010982227,-0.009451642,-0.00915585,-0.008267343,-0.0081241885,-0.0074677886,-0.007367789,-0.0068563493,-0.005521164,-0.005069126,-0.0045604375,0.0026867855,0.0035863854,0.0044222907,0.0059114136,0.006981306,0.00740588,0.00795561,0.00805561,0.008800145,0.009629603,0.010702292,0.01318841,0.013871513,0.015829423,0.017220354,0.01772643,0.019443227,-0.015743304,-0.011444181,-0.009004691,-0.006026253,0.004912497,0.009052162,0.011908161,0.0160118
2020-07-01,0.0018847801,-0.021281615,-0.016414443,-0.015167646,-0.01467037,-0.013211206,-0.012532069,-0.011002268,-0.009585719,-0.009132967,-0.008407333,-0.008141008,-0.007968185,-0.0073897,-0.007229387,-0.00608191,-0.005453718,-0.005328605,0.0035062756,0.0041950867,0.0046338565,0.0055140015,0.00711877,0.007622589,0.008466702,0.008566702,0.009038813,0.010137148,0.010654708,0.013061505,0.014188076,0.015785774,0.017264994,0.017743858,0.019510543,-0.015621941,-0.011484134,-0.009176602,-0.0064469255,0.005263184,0.009301343,0.012031433,0.016057951
2020-07-02,-0.0019826724,-0.021720197,-0.016559767,-0.015739894,-0.015183553,-0.013786091,-0.012562808,-0.010980514,-0.009630523,-0.009000561,-0.008792903,-0.0077276733,-0.0072958055,-0.007203155,-0.006017854,-0.005905866,-0.005071442,-0.0043365248,0.005091801,0.006001317,0.006101317,0.0062701725,0.0067663435,0.0068581463,0.0075660935,0.008024854,0.008530958,0.008962456,0.010334383,0.013018656,0.014152786,0.015877802,0.01734776,0.017746987,0.01954373,-0.015962481,-0.011582861,-0.009097039,-0.0058118724,0.00620614,0.008726091,0.0116388425,0.016067993
2020-07-03,0.0006183398,-0.022531705,-0.016691647,-0.015873045,-0.015040816,-0.01330136,-0.012586283,-0.010992033,-0.009914567,-0.008813068,-0.00825453,-0.008044754,-0.0075384215,-0.006902968,-0.0065929512,-0.006061393,-0.005961393,-0.005352185,0.0037199312,0.0046689897,0.005566733,0.0058260807,0.0067344,0.007747675,0.008204049,0.008304049,0.008647164,0.009549484,0.011139301,0.013061442,0.014258127,0.015676253,0.017204747,0.017667029,0.019439407,-0.016030362,-0.011635799,-0.0090393545,-0.006402535,0.005597157,0.00907941,0.011920428,0.01602045
2020-07-06,0.005614255,-0.021927724,-0.016617186,-0.015202461,-0.014694901,-0.013220012,-0.012447152,-0.010952008,-0.009680644,-0.008988846,-0.008163202,-0.0077984035,-0.007507546,-0.0070916014,-0.006586277,-0.006486277,-0.0060388395,-0.004711155,0.0054099653,0.005886666,0.0063268295,0.0064672297,0.0075414632,0.008017074,0.008117074,0.008217074,0.008738875,0.00959435,0.010375859,0.0130832745,0.014153958,0.015879579,0.017262425,0.017774617,0.019557301,-0.015781395,-0.011454222,-0.00897803,-0.0063241897,0.006441553,0.009290648,0.0118109565,0.016089747
2020-07-07,-0.000778613,-0.022743588,-0.01656577,-0.015236919,-0.014902429,-0.01303096,-0.012265865,-0.010940479,-0.0096907215,-0.009227636,-0.0079957405,-0.0077924193,-0.0073685297,-0.0069748578,-0.006651911,-0.0060757855,-0.0059072888,-0.0040436857,0.004441015,0.0050827446,0.00635936,0.0065381746,0.006675645,0.006965754,0.007441667,0.008284487,0.00875186,0.00979695,0.01080194,0.013034305,0.014202277,0.01578221,0.016894694,0.017728955,0.019464966,-0.015901722,-0.011472324,-0.008859143,-0.006094218,0.0059725926,0.008951428,0.011855951,0.016042542
2020-07-08,0.0026805669,-0.02143225,-0.016446762,-0.015208466,-0.014859259,-0.013046562,-0.012039735,-0.010932598,-0.009756716,-0.009259437,-0.008994882,-0.008437642,-0.008129482,-0.007924,-0.0075992355,-0.0074992357,-0.007160908,-0.0063890815,0.0046286294,0.005323571,0.007168985,0.009623199,0.009723199,0.010022728,0.010646599,0.010746599,0.010846599,0.011559193,0.011659193,0.013020614,0.014277875,0.015859766,0.017272236,0.017741395,0.019533858,-0.015564914,-0.0114393905,-0.009368964,-0.0074172197,0.007478197,0.011014466,0.012871566,0.016086701
2020-07-09,-0.0027248245,-0.02220192,-0.016643193,-0.015796816,-0.01494054,-0.013669452,-0.012262275,-0.0107461065,-0.009270825,-0.008630591,-0.008138191,-0.007958951,-0.007847859,-0.0071838177,-0.0069746333,-0.0064629475,-0.0063629476,-0.0053631403,0.0043474887,0.005122509,0.0055521457,0.0076149846,0.0077149845,0.007814985,0.008489498,0.008553253,0.008653252,0.010598437,0.010698437,0.013090856,0.013883549,0.015321359,0.017043,0.017562343,0.019469475,-0.015943477,-0.011341323,-0.008940594,-0.0066245245,0.006225325,0.0095545035,0.012016797,0.015865516
2020-07-10,0.0017245958,-0.022412514,-0.016762415,-0.015910637,-0.015094357,-0.013273355,-0.012625044,-0.010870416,-0.009051208,-0.008733657,-0.00813765,-0.007735638,-0.00766121,-0.0067493017,-0.0055512795,-0.0052751857,-0.0050272527,-0.0049565537,0.004281189,0.005690148,0.007552437,0.0081217885,0.008673618,0.008977771,0.009077771,0.010466398,0.010566398,0.011143064,0.011987986,0.013023767,0.014227041,0.015864933,0.017387606,0.017830785,0.019551141,-0.016033538,-0.011438193,-0.008844882,-0.005709182,0.0069446666,0.010456923,0.012821764,0.016099533
2020-07-13,0.004188534,-0.02159903,-0.016347365,-0.0151540525,-0.014773039,-0.013460827,-0.012089786,-0.010801069,-0.0091437865,-0.008575457,-0.008124937,-0.0075386795,-0.006796948,-0.0066781966,-0.0059679192,-0.0049211243,-0.003782291,-0.003749031,0.00411086,0.0047134636,0.005237993,0.006345525,0.006834558,0.0076598977,0.008129707,0.008229706,0.009216587,0.00949751,0.010753408,0.013333927,0.014282957,0.015836038,0.017279668,0.01769909,0.019511474,-0.015654009,-0.01115283,-0.008566732,-0.005191809,0.00570751,0.00911112,0.01201622,0.016132697
2020-07-14,0.0036298078,-0.0226303,-0.01666909,-0.015789352,-0.0152218165,-0.013665636,-0.0122602265,-0.010957623,-0.009517613,-0.008824392,-0.008119697,-0.007561477,-0.0068257116,-0.0062900446,-0.006212424,-0.004951962,-0.004851962,-0.0045510987,0.0029567445,0.0037567131,0.004625629,0.0059293276,0.0062895506,0.0068225623,0.00737356,0.008012234,0.008116981,0.009432134,0.010526276,0.012934299,0.01445284,0.01582648,0.017334918,0.017815981,0.019530209,-0.016089413,-0.011469841,-0.008602658,-0.005625785,0.004928395,0.008698156,0.011668922,0.016111962
2020-07-15,-2.191913e-06,-0.021990499,-0.016569786,-0.015723167,-0.01517653,-0.013143827,-0.0122710895,-0.0109163625,-0.00924585,-0.0087296385,-0.008049297,-0.007670212,-0.0070442385,-0.0065130997,-0.0053282264,-0.005037382,-0.004841231,-0.004576585,0.003839263,0.0044737495,0.006116706,0.008157369,0.008460345,0.009175,0.009304339,0.011077204,0.011177204,0.011277203,0.011377203,0.013433186,0.014276679,0.015788712,0.017324325,0.017756026,0.019536022,-0.015830347,-0.011377221,-0.008624715,-0.0054907273,0.0063782856,0.010684587,0.012917826,0.016158124
2020-07-16,0.0023382297,-0.022181053,-0.016460732,-0.015662286,-0.01515761,-0.0136548,-0.01224961,-0.010884463,-0.0090360325,-0.00863572,-0.00792547,-0.0074311043,-0.0072368495,-0.0061463625,-0.0059449845,-0.0052561997,-0.004534127,-0.0042324984,0.0037640093,0.004891551,0.0056339744,0.0066823466,0.008228813,0.0085960785,0.008696078,0.010094224,0.010194223,0.010217505,0.012517121,0.012891024,0.0142854275,0.015468283,0.01730776,0.017745512,0.01953732,-0.015940761,-0.011293623,-0.008518865,-0.005479783,0.0059335916,0.010005529,0.012625526,0.015985513
2020-07-17,0.0004416353,-0.020781385,-0.016397635,-0.015615953,-0.014756811,-0.01298923,-0.012153669,-0.010737152,-0.009040521,-0.008594714,-0.007794669,-0.0073087164,-0.0072087166,-0.006391321,-0.0057900576,-0.004809304,-0.00364753,-0.002970281,0.0028084433,0.0050795753,0.005864721,0.0069677164,0.008954899,0.010523991,0.010607808,0.011436354,0.012824273,0.012924273,0.013024272,0.013124272,0.014297448,0.015310786,0.016875593,0.017679075,0.019498115,-0.015415746,-0.011228402,-0.008517779,-0.004905178,0.006265653,0.011392758,0.013754536,0.015981939
2020-07-20,0.0005069841,-0.022179548,-0.016639546,-0.015816005,-0.0149577465,-0.013115554,-0.012529158,-0.010778802,-0.008999077,-0.008687814,-0.008005445,-0.0074211815,-0.0070339283,-0.006154857,-0.005310225,-0.004187929,-0.0029527275,-0.0023862785,0.0047364538,0.0053131473,0.0056699687,0.00602602,0.007132719,0.0079598585,0.008432426,0.008532425,0.008542848,0.010107487,0.010207487,0.013120403,0.014403218,0.015959078,0.017379913,0.017812429,0.019519115,-0.01588431,-0.011362171,-0.008544493,-0.0044516684,0.006035603,0.009370578,0.0118716275,0.016162848
2020-07-21,0.0044077807,-0.021635903,-0.016440393,-0.015682995,-0.0147998715,-0.01297423,-0.012332509,-0.010715458,-0.009106149,-0.008726868,-0.008052884,-0.0078102713,-0.007181701,-0.0065156124,-0.0058879405,-0.004635132,-0.0035697827,-0.0034736714,0.003855949,0.0038699016,0.004249195,0.0050520287,0.0061516427,0.0066500995,0.007571888,0.008372333,0.008505116,0.00941813,0.0107195275,0.01308484,0.014228956,0.01567681,0.017171448,0.017734183,0.019467235,-0.015636582,-0.011312796,-0.008637771,-0.0050753593,0.0049197925,0.008735409,0.011779812,0.016038405
2020-07-22,0.00807181,-0.021921987,-0.016535832,-0.015181835,-0.014819215,-0.013009921,-0.012030562,-0.01076837,-0.009815375,-0.009500799,-0.009100984,-0.009000984,-0.008900984,-0.008510664,-0.0067127976,-0.0037574286,-0.0027375221,-0.002637522,0.005157632,0.0054329466,0.0062200446,0.007037156,0.0071371556,0.0075630313,0.0075800195,0.00837627,0.008576482,0.009485978,0.010485412,0.012596981,0.014556453,0.015507079,0.017276682,0.017769916,0.019480329,-0.015663503,-0.011459389,-0.009671715,-0.0049692513,0.0062855594,0.0090318825,0.011684307,0.015982151
2020-07-23,0.0030720534,-0.021854589,-0.016601315,-0.014951068,-0.014527553,-0.0139107825,-0.012299487,-0.010802508,-0.009773158,-0.009383033,-0.008591675,-0.008096885,-0.008084425,-0.0057836445,-0.0033261226,-0.002274372,-0.0012004616,-0.000864474,0.0035816173,0.004048727,0.0057660183,0.0058011985,0.0068056826,0.0074568996,0.008059414,0.008422798,0.009193524,0.00975407,0.010661121,0.013422198,0.014273314,0.015814925,0.017155107,0.017729532,0.01942225,-0.015838746,-0.011441851,-0.008906478,-0.003152463,0.005451395,0.00917233,0.012037205,0.016132444
2020-07-24,0.0010233567,-0.022061719,-0.01649543,-0.015258034,-0.014853221,-0.013586495,-0.0122155,-0.01078607,-0.009583319,-0.009226928,-0.00881789,-0.0081099635,-0.006918473,-0.006171674,-0.0051897867,-0.0046245623,-0.0032474655,-0.002826701,0.0037202756,0.004787475,0.0049413247,0.0062740054,0.00627452,0.008018448,0.008117172,0.008646369,0.0093052685,0.010660959,0.010760959,0.013096869,0.014180426,0.0158426,0.017260863,0.017674677,0.019517528,-0.015842473,-0.01141397,-0.00874137,-0.004799696,0.005568051,0.009339433,0.012216983,0.01606242
2020-07-27,0.009912588,-0.022525655,-0.016676972,-0.015225106,-0.015125106,-0.013698194,-0.012204608,-0.010851536,-0.009400273,-0.009300273,-0.009200273,-0.008993587,-0.00820865,-0.0077774115,-0.006721122,-0.004925289,-0.0034291602,-0.0029733297,0.0038723678,0.0045990488,0.0049734865,0.0051594554,0.0058041937,0.0067696725,0.007264694,0.007997673,0.008970298,0.010041478,0.01025865,0.013079131,0.014148945,0.015937477,0.017380508,0.017792236,0.019557195,-0.016046107,-0.011396359,-0.009358244,-0.005408498,0.0051738103,0.00873843,0.011946013,0.016102996
2020-07-28,-0.0015415804,-0.021432383,-0.016395222,-0.014804331,-0.014506903,-0.013459803,-0.012255905,-0.010633881,-0.009262823,-0.009162823,-0.009157694,-0.008750291,-0.008270848,-0.007125166,-0.0057999473,-0.0040716347,-0.0025348559,-0.002451644,0.0062901275,0.0065809074,0.00812324,0.00930024,0.01069449,0.01079449,0.010832081,0.01097545,0.012011842,0.012111842,0.013282361,0.013382361,0.0142334495,0.015726477,0.017206116,0.017582975,0.019467674,-0.015610044,-0.011223951,-0.009214488,-0.004721674,0.008225319,0.011591727,0.013598904,0.016078588
2020-07-29,0.003180627,-0.021595044,-0.016500257,-0.015165474,-0.014928713,-0.013193308,-0.012240666,-0.010702351,-0.009877214,-0.009777214,-0.009677215,-0.009577215,-0.008500361,-0.0075970143,-0.006024978,-0.0037059295,-0.0030829832,-0.0023797194,0.0056880675,0.0059119384,0.0060430397,0.0067627346,0.008339548,0.008784475,0.009444568,0.010594205,0.011338768,0.011438767,0.012413133,0.013532477,0.014830527,0.015945058,0.01740384,0.017819175,0.01955564,-0.015691597,-0.011552584,-0.009578494,-0.0049541653,0.0067700697,0.010537894,0.013225397,0.016336575
2020-07-30,0.0017805588,-0.021875016,-0.016590841,-0.015192288,-0.014367903,-0.013642262,-0.012147719,-0.010958859,-0.0097843055,-0.009227541,-0.008368262,-0.008145499,-0.00745046,-0.0057599256,-0.0056599258,-0.0033285506,-0.0020598078,-0.001290466,0.004135664,0.004725548,0.005087495,0.007404967,0.008591242,0.009139022,0.009264558,0.010047866,0.010718505,0.010818505,0.011661837,0.013053401,0.014406072,0.015861163,0.017382113,0.017839251,0.019550525,-0.015724748,-0.011462143,-0.008702134,-0.00409685,0.006123646,0.010330007,0.012726873,0.016142081
2020-07-31,0.0026553916,-0.021706417,-0.016556097,-0.015180666,-0.014573107,-0.013891898,-0.012256034,-0.012156034,-0.012056034,-0.01049634,-0.0103347935,-0.010234794,-0.010007834,-0.00776198,-0.0052770018,-0.005177002,-0.005077002,-0.0049770023,0.0048907404,0.00496039,0.005855934,0.0077727237,0.007872724,0.008390593,0.008903031,0.009050832,0.009499155,0.010671586,0.011182785,0.013347266,0.014547493,0.015836101,0.017256513,0.017704112,0.019480223,-0.01579671,-0.012429022,-0.010483335,-0.0061485604,0.006476564,0.0098666,0.012391461,0.01618304
2020-08-03,-0.0061473385,-0.021779856,-0.016585978,-0.015226405,-0.014904918,-0.013071436,-0.012238394,-0.010946172,-0.01006963,-0.00923061,-0.00913061,-0.00903061,-0.0089306105,-0.008250163,-0.0076385182,-0.0058455025,-0.0047371187,-0.004135495,0.004438326,0.0049636653,0.0050374856,0.0064947624,0.007023644,0.007941364,0.007957496,0.008715873,0.009517039,0.010812875,0.011881363,0.013094723,0.014040159,0.0153782265,0.01729257,0.017824927,0.019558322,-0.015716117,-0.011542243,-0.009723881,-0.0062774485,0.005778347,0.009517696,0.012519714,0.015979271
2020-08-04,0.0013735945,-0.02190936,-0.016535353,-0.014874047,-0.014374866,-0.01316713,-0.012252748,-0.010817278,-0.009607083,-0.009218799,-0.008781325,-0.008681325,-0.008354495,-0.006675726,-0.0055671535,-0.0054671536,-0.005367154,-0.005267154,0.005155661,0.005512696,0.005797994,0.0063890684,0.0074983584,0.008166223,0.008266223,0.008454578,0.009945794,0.010340447,0.011158413,0.012975213,0.013782926,0.015544263,0.017020548,0.017644687,0.019547937,-0.015647892,-0.01135399,-0.009134276,-0.006069988,0.006224328,0.009486964,0.012288083,0.015899006
2020-08-05,0.011081078,-0.02191987,-0.016507804,-0.014830919,-0.014343211,-0.013061188,-0.012180554,-0.01074305,-0.009593522,-0.009330244,-0.009029873,-0.008845721,-0.008181474,-0.0070398436,-0.006556401,-0.0050003086,-0.0038894303,-0.0035927705,0.0049362313,0.005797081,0.005897081,0.006332573,0.0076274113,0.008438666,0.008604907,0.008658066,0.00944582,0.010766453,0.011402937,0.012934469,0.014683703,0.015355247,0.01724644,0.017729804,0.019533884,-0.015602526,-0.011335658,-0.009205054,-0.0055769263,0.0063135745,0.009685013,0.012359224,0.016047422
2020-08-06,-0.0035429788,-0.02156325,-0.016596826,-0.015200451,-0.014594132,-0.013700946,-0.012316212,-0.010842524,-0.009455279,-0.009293248,-0.009198968,-0.009122927,-0.008663507,-0.008563507,-0.008125865,-0.006157819,-0.004856108,-0.0042034998,0.0041540996,0.004328201,0.004584853,0.006190892,0.007812256,0.008405189,0.008710318,0.008893572,0.009302229,0.010629876,0.011827785,0.013037813,0.014282036,0.015765741,0.017253088,0.017745132,0.01946612,-0.015754273,-0.011421543,-0.009639495,-0.0064932434,0.0055936733,0.00975574,0.012410158,0.016059369
2020-08-07,-0.006705506,-0.021897173,-0.016346596,-0.015121187,-0.014721854,-0.012962784,-0.012044905,-0.010701336,-0.009917807,-0.009406333,-0.009207271,-0.008963494,-0.008574866,-0.008474866,-0.0068520326,-0.00581241,-0.0053573353,-0.004287348,0.0055163517,0.0064318697,0.008128669,0.009703484,0.009803484,0.009903484,0.010003484,0.010103484,0.0102034835,0.010416044,0.011334626,0.013438209,0.0140633,0.015230671,0.016979799,0.017532282,0.019532181,-0.015594663,-0.011438314,-0.009643944,-0.006254524,0.007956771,0.010732941,0.012474433,0.015959328
2020-08-10,-0.0016552479,-0.020989891,-0.016187131,-0.015673773,-0.015286709,-0.013913424,-0.013802933,-0.012622979,-0.011292204,-0.010923181,-0.010823181,-0.010723181,-0.010623181,-0.010523181,-0.010423182,-0.009518921,-0.008224972,-0.0082041975,0.0036759852,0.0040616766,0.0055595697,0.007941481,0.009357393,0.010198077,0.010298077,0.010671968,0.010715975,0.010815975,0.011372862,0.012985823,0.014368511,0.015838288,0.017222816,0.017754434,0.019534267,-0.016036019,-0.012863013,-0.011412936,-0.009418891,0.0063073575,0.010805847,0.01262269,0.016096264
2020-08-11,0.00063352496,-0.021946052,-0.01641383,-0.015259806,-0.014370224,-0.013017645,-0.012234716,-0.010839701,-0.009450215,-0.009448909,-0.009348909,-0.009057007,-0.008599249,-0.0075055296,-0.0070762173,-0.0058205687,-0.0052779783,-0.004366025,0.0040957034,0.0041936478,0.0053543802,0.006719398,0.007491119,0.008139666,0.00880717,0.00890717,0.009438177,0.009543856,0.0107491175,0.012997693,0.013984427,0.015829656,0.017295266,0.01776637,0.019549582,-0.015596494,-0.011446669,-0.0094277235,-0.006319559,0.0058340603,0.0094159,0.0120048225,0.016025547
2020-08-12,0.00273994,-0.021991294,-0.016550915,-0.014926288,-0.014673386,-0.013877317,-0.012258754,-0.011013366,-0.0098780105,-0.009516946,-0.009115927,-0.009015927,-0.008981621,-0.008428471,-0.0070713847,-0.00539912,-0.004588163,-0.0035144205,0.005523179,0.0066043693,0.007669185,0.010046879,0.010146879,0.0102468785,0.010346878,0.010446878,0.010804835,0.010904835,0.011901064,0.012981951,0.013853794,0.015163922,0.017266646,0.017718602,0.019515963,-0.015870333,-0.011518673,-0.0097325565,-0.0059178034,0.008038098,0.010945484,0.012771865,0.015846847
2020-08-13,0.0018675961,-0.022115923,-0.016493976,-0.014843455,-0.014416264,-0.013674583,-0.012248893,-0.010814923,-0.010240105,-0.009551612,-0.009484224,-0.009385365,-0.009285365,-0.009185365,-0.00868499,-0.0071281614,-0.0048172027,-0.004014595,0.005379866,0.0057334877,0.0076799616,0.008911925,0.009011925,0.009391681,0.009783915,0.009883915,0.009983915,0.010722168,0.010918722,0.012794661,0.013921186,0.015623396,0.016627982,0.017221432,0.01940943,-0.015789928,-0.011539797,-0.01008879,-0.006806063,0.0074978312,0.0103608705,0.01220949,0.01579402
2020-08-14,0.001268483,-0.022512563,-0.01668571,-0.015260499,-0.014928434,-0.013165441,-0.012278583,-0.010784424,-0.010074998,-0.009974998,-0.009874999,-0.009820833,-0.009583712,-0.009297817,-0.007887027,-0.007460328,-0.0059779556,-0.005559244,0.004521391,0.00508604,0.0054234867,0.0063448916,0.007266959,0.008559514,0.009061255,0.009187253,0.0096832095,0.009997734,0.011272527,0.012960556,0.013770303,0.01543756,0.01718318,0.017420536,0.01955623,-0.015914146,-0.0116747,-0.010222022,-0.007341078,0.0060874126,0.009594403,0.012219442,0.015829038
2020-08-17,0.0030630867,-0.021662481,-0.016600134,-0.01515182,-0.014885282,-0.013085312,-0.01227383,-0.010694511,-0.010345136,-0.010245136,-0.009371831,-0.009271831,-0.009171831,-0.009071832,-0.008971832,-0.008871832,-0.008771832,-0.008142227,0.0050031883,0.0053280895,0.0067318776,0.00712354,0.007511387,0.008186122,0.008586648,0.008768812,0.009447822,0.009547822,0.010608868,0.01308788,0.013686711,0.015620392,0.016634855,0.017221754,0.019298924,-0.015701408,-0.011742087,-0.010046892,-0.00880591,0.0065546692,0.009420404,0.01186545,0.015783133
2020-08-18,0.0049502556,-0.022348162,-0.01660041,-0.014886918,-0.014426439,-0.013516986,-0.01229779,-0.01095675,-0.010240838,-0.009643747,-0.009543747,-0.009443747,-0.009343747,-0.009234388,-0.0091343885,-0.008901826,-0.007428174,-0.007323819,0.004522359,0.004622359,0.0055573685,0.006566567,0.0074003837,0.0079749,0.008416288,0.009053278,0.009153278,0.010477321,0.010751522,0.0128122065,0.013786812,0.01547892,0.016875317,0.017372956,0.019521525,-0.015837958,-0.011605209,-0.010132102,-0.008446391,0.005936988,0.009543617,0.01201393,0.015794484
2020-08-19,-0.0025119868,-0.022693284,-0.016685158,-0.015072731,-0.014474488,-0.01352144,-0.012159099,-0.010806705,-0.010706705,-0.01024639,-0.009750691,-0.009650691,-0.009550692,-0.009393584,-0.009293584,-0.008814949,-0.008070125,-0.0069650807,0.0043097353,0.004537483,0.005141699,0.006919337,0.007894573,0.008211149,0.008358025,0.008869477,0.008979281,0.009844939,0.01062549,0.012964189,0.013504815,0.015335452,0.016640646,0.01701447,0.019529501,-0.015906695,-0.011798325,-0.010312153,-0.008558886,0.0058532557,0.009556865,0.011810909,0.015669685
2020-08-20,-0.0031757583,-0.022109436,-0.016546227,-0.015248047,-0.014686805,-0.013123402,-0.012225065,-0.010707695,-0.009549769,-0.009331386,-0.008545341,-0.008450012,-0.007906729,-0.0078067295,-0.0077067297,-0.00760673,-0.0064380453,-0.0061692502,0.0029845797,0.003963866,0.0047352724,0.0061038784,0.006946466,0.007466969,0.00795552,0.008158045,0.008300029,0.00919954,0.010416986,0.012943736,0.013771851,0.015769351,0.01663985,0.017283449,0.019538213,-0.015738187,-0.011412392,-0.009206726,-0.007274153,0.005148623,0.008942951,0.011500028,0.015861321
2020-08-21,-0.007286053,-0.021352315,-0.016366687,-0.016266687,-0.016166687,-0.01502874,-0.013919649,-0.012875048,-0.012110648,-0.011022595,-0.0104302745,-0.010330275,-0.009819028,-0.008656986,-0.007168329,-0.0056690588,-0.004147757,-0.0037942484,0.0074951495,0.008487665,0.009365034,0.009501016,0.010694877,0.011043383,0.012012637,0.012501057,0.012594165,0.01322155,0.013866042,0.013966042,0.014215642,0.016145973,0.016440604,0.017124077,0.019359414,-0.016566817,-0.013238925,-0.010987317,-0.0062219333,0.0093723,0.0122853825,0.014017681,0.016162228
2020-08-24,0.002426115,-0.021246653,-0.01641289,-0.015122827,-0.014851235,-0.013899195,-0.0122354515,-0.010914548,-0.010630575,-0.010270386,-0.009167884,-0.009067884,-0.008937535,-0.0074651334,-0.006481461,-0.006097878,-0.0050831665,-0.0049831667,0.0047795763,0.0054211025,0.006422496,0.0071110465,0.007583237,0.008388351,0.008557158,0.008657157,0.009263761,0.00948448,0.010345532,0.012894429,0.013707789,0.015573202,0.016319396,0.017136615,0.01912681,-0.015729085,-0.011834757,-0.009687316,-0.0063427114,0.006458276,0.009401531,0.011661519,0.01568777
2020-08-25,0.0012658578,-0.022091791,-0.016613895,-0.014904796,-0.014611152,-0.01351758,-0.012175391,-0.010926448,-0.010066519,-0.009966519,-0.009866519,-0.009342949,-0.008619182,-0.007573547,-0.007054861,-0.0066766674,-0.0058777654,-0.0047284216,0.005472989,0.0055498937,0.006449198,0.007450156,0.0075501557,0.008292604,0.008572298,0.009282,0.009314995,0.009530176,0.010971974,0.01288776,0.013747731,0.015413618,0.016095156,0.016958063,0.019426852,-0.015801962,-0.011607935,-0.009660231,-0.0067361332,0.0066989074,0.00950854,0.011760013,0.015686806
2020-08-26,-0.000395673,-0.021639787,-0.016288567,-0.014796336,-0.01469316,-0.012918502,-0.012161323,-0.0108938245,-0.009385324,-0.009285324,-0.008793938,-0.008693938,-0.007996316,-0.007499734,-0.007050887,-0.0060277996,-0.0043897526,-0.0033524786,0.0046052462,0.0056213927,0.0067820945,0.007873311,0.008272503,0.008372502,0.008487768,0.008587767,0.008842508,0.009432061,0.010092763,0.013241238,0.013967215,0.015460191,0.01676977,0.017392913,0.01951444,-0.015540267,-0.011304426,-0.009167327,-0.005902971,0.006673963,0.009581214,0.011675668,0.0159152
2020-08-28,0.0073525016,-0.021627538,-0.01655548,-0.014944383,-0.014907226,-0.013706967,-0.012235252,-0.010836205,-0.009625261,-0.009367275,-0.008563785,-0.00803693,-0.00701983,-0.006253509,-0.0047859456,-0.0031543723,-0.002053224,-0.0018658482,0.0058231526,0.006493743,0.0072325924,0.0076838555,0.0077838553,0.007883855,0.007977335,0.008563292,0.009341671,0.009794226,0.010546763,0.012953396,0.013869762,0.015848724,0.016403073,0.017284378,0.019430194,-0.015806492,-0.011401676,-0.008739526,-0.0039792643,0.007042135,0.009395725,0.011807826,0.015877292
2020-08-31,0.0042095617,-0.02184312,-0.016500168,-0.014876476,-0.014634825,-0.013117433,-0.01224268,-0.010718017,-0.010649499,-0.0098642595,-0.0095954565,-0.009495457,-0.009307605,-0.009030529,-0.008148451,-0.0064246515,-0.0063246517,-0.0060778107,0.004665158,0.0052823513,0.0058425167,0.007314531,0.00803172,0.008408051,0.008909578,0.009368314,0.009734755,0.009834755,0.011357656,0.012883777,0.013474831,0.015759576,0.016760569,0.01699038,0.019531572,-0.015667645,-0.011670187,-0.010165153,-0.007294204,0.006402827,0.009705323,0.012114302,0.015728027
2020-09-01,-0.00012134272,-0.022292411,-0.01658895,-0.014912665,-0.0144106755,-0.013580543,-0.012272211,-0.01085039,-0.008974439,-0.008742491,-0.00784025,-0.00774025,-0.007303146,-0.0067623165,-0.0062203193,-0.0053243088,-0.005224309,-0.0038209914,0.003962194,0.0042760484,0.0054477053,0.006159153,0.0062995516,0.0066806697,0.008138889,0.008238889,0.008614355,0.009129845,0.010678827,0.012966126,0.013791362,0.01544059,0.016644595,0.016950067,0.019459745,-0.015828958,-0.011150439,-0.008630472,-0.0056660357,0.0055967984,0.008663016,0.01160675,0.015721578
2020-09-02,-0.0091893785,-0.021785498,-0.016533691,-0.014836157,-0.014420221,-0.013214816,-0.012160488,-0.012060489,-0.010412781,-0.010312781,-0.010212781,-0.009947566,-0.008715479,-0.0072263572,-0.005650673,-0.005550673,-0.0054506734,-0.0053506736,0.0060573737,0.006425924,0.0074666585,0.007997767,0.009687542,0.010287538,0.011141427,0.011241427,0.0113414265,0.011441426,0.011541426,0.012770226,0.013644643,0.015981443,0.016788661,0.01735611,0.019536825,-0.015622944,-0.011956538,-0.009745577,-0.0063900515,0.00781783,0.011085632,0.012776634,0.01585785
2020-09-03,-0.0008196202,-0.022765918,-0.016749082,-0.01503637,-0.014485723,-0.013692996,-0.012180568,-0.010616663,-0.0097527625,-0.00949286,-0.00939286,-0.008946851,-0.007188163,-0.0069240313,-0.005451046,-0.004687366,-0.003602587,-0.003492493,0.005855427,0.006852006,0.007171967,0.009002819,0.009102819,0.009202818,0.009609124,0.009635909,0.009735909,0.010073978,0.010894983,0.012946489,0.013774279,0.01561693,0.016076997,0.017239997,0.019534132,-0.015974859,-0.011415845,-0.009087676,-0.0052360683,0.007698269,0.010192404,0.011945671,0.015822366
2020-09-04,-0.00082029257,-0.022230051,-0.016521236,-0.015209075,-0.014807647,-0.012984556,-0.012197404,-0.010571093,-0.009366457,-0.009241561,-0.009099347,-0.008999347,-0.008973017,-0.008422064,-0.006408336,-0.0056368755,-0.005506645,-0.0043277047,0.0039153458,0.0047139376,0.0048785126,0.0066605243,0.006760524,0.008021687,0.008821076,0.009371452,0.009471452,0.009945507,0.010400435,0.012934673,0.01412354,0.015803447,0.01680588,0.017199786,0.019471904,-0.015748179,-0.011317118,-0.009611658,-0.0061757816,0.005797879,0.009406769,0.011911589,0.015906671
2020-09-07,-0.00012690946,-0.022056766,-0.016467795,-0.015170409,-0.01479161,-0.012944354,-0.01229075,-0.010718168,-0.009447762,-0.009347762,-0.008880002,-0.008800689,-0.008269816,-0.0074646105,-0.0055010943,-0.0053239893,-0.0052239895,-0.004515133,0.0065166336,0.0073522,0.008854067,0.008954067,0.010507684,0.010607684,0.010707684,0.010807684,0.0109076835,0.011007683,0.011107683,0.013087577,0.01369044,0.015803529,0.016595153,0.017187418,0.019516082,-0.015710255,-0.01139497,-0.009270588,-0.005872979,0.00847693,0.011203663,0.012541157,0.015857007
2020-09-08,-0.0025606635,-0.022449154,-0.016513927,-0.015162289,-0.014452612,-0.013607621,-0.012002778,-0.01071362,-0.009569927,-0.009469927,-0.009369927,-0.009269928,-0.009169928,-0.007695638,-0.006770625,-0.0052002794,-0.00463698,-0.0041957754,0.0048844386,0.0050819996,0.0063362047,0.007289618,0.0076703774,0.007931571,0.008565044,0.008812527,0.008912527,0.009526715,0.010468443,0.01280337,0.013719756,0.015486532,0.016449358,0.016964125,0.019501645,-0.015805218,-0.011383709,-0.00956164,-0.0060147173,0.0064314613,0.009348912,0.011632083,0.015695086
2020-09-09,0.0017967515,-0.02246178,-0.016676325,-0.015207292,-0.014828627,-0.013810666,-0.012083259,-0.010756535,-0.010403553,-0.00933004,-0.008394945,-0.008294946,-0.007665636,-0.0065895407,-0.0054839374,-0.0038974672,-0.0038334064,-0.002802471,0.0044615674,0.0046419417,0.0054961485,0.0068315538,0.0073952116,0.008621307,0.009264972,0.00949286,0.00959286,0.009616133,0.010464896,0.012873285,0.013417818,0.015534164,0.016499285,0.01715523,0.019039784,-0.015972132,-0.0115561355,-0.009027386,-0.0048624454,0.0061392365,0.009599759,0.011809291,0.015604055
2020-09-10,0.005848815,-0.022018658,-0.01654623,-0.015172464,-0.014703822,-0.013078242,-0.0122636175,-0.01090368,-0.009825824,-0.009712179,-0.009598527,-0.0093412325,-0.009199262,-0.008490952,-0.00822061,-0.0074487547,-0.007135822,-0.0066385954,0.004666932,0.0047669318,0.0048669316,0.0059534907,0.0069479807,0.007374791,0.00842714,0.00852714,0.009260037,0.00978162,0.010187687,0.013087632,0.013850898,0.016010635,0.016769381,0.01740838,0.019543137,-0.015722115,-0.011575553,-0.009875637,-0.007757003,0.0057362854,0.009143832,0.011817272,0.015980136
2020-09-11,-0.004046834,-0.021492213,-0.016483516,-0.015165524,-0.014566043,-0.013016399,-0.012186734,-0.01088317,-0.009462592,-0.009215868,-0.008539539,-0.008356378,-0.0073478376,-0.0072478377,-0.006239624,-0.0046719164,-0.004101975,-0.003945167,0.0037272302,0.0052507734,0.0063024713,0.007320597,0.008427884,0.008953385,0.009070302,0.009501466,0.009601465,0.009957606,0.011127207,0.012932131,0.013882382,0.015490075,0.016673952,0.017338179,0.01952251,-0.01554898,-0.011382778,-0.008956907,-0.0054630125,0.006334275,0.009954494,0.012058472,0.015833056
2020-09-14,0.0035668784,-0.022310711,-0.01656625,-0.0151836155,-0.014836871,-0.013820216,-0.012322879,-0.010847828,-0.009406655,-0.009306655,-0.00923967,-0.009072045,-0.008972045,-0.008872045,-0.008324319,-0.006920797,-0.0064070383,-0.005588954,0.0036103465,0.004049284,0.004324978,0.006539678,0.007418804,0.008205444,0.008305443,0.008405443,0.008523941,0.010546997,0.010599787,0.012801014,0.013893552,0.015576315,0.016477304,0.017176138,0.019345969,-0.015971387,-0.011413528,-0.009762659,-0.007262631,0.0053659463,0.00947554,0.011789809,0.015758598
2020-09-15,-0.0023568063,-0.022133552,-0.016566182,-0.01515511,-0.0148116825,-0.013061644,-0.012228166,-0.010741073,-0.009763533,-0.00973407,-0.009114585,-0.009014585,-0.008898664,-0.008798664,-0.008698665,-0.008095707,-0.007995707,-0.007202122,0.0033573597,0.0034122954,0.003972392,0.005377213,0.0060785157,0.006898961,0.007742383,0.007862569,0.007962569,0.009155051,0.010355901,0.012867291,0.013764189,0.0157815,0.01681473,0.017294222,0.019352002,-0.015760245,-0.01152439,-0.009760722,-0.008201357,0.004772329,0.008572477,0.011431108,0.015811842
2020-09-16,-0.0008973828,-0.02248624,-0.01650321,-0.015199983,-0.014856209,-0.013037366,-0.012175928,-0.010799047,-0.008919014,-0.008489397,-0.007887668,-0.0077263974,-0.0071893013,-0.0070893015,-0.0068402295,-0.005938608,-0.0056353165,-0.005157374,0.0025812087,0.002868556,0.002968556,0.0036230616,0.0046260385,0.005570658,0.006666294,0.007281755,0.007922329,0.009184201,0.010783763,0.012809952,0.0138844075,0.015487833,0.016680911,0.016989762,0.019550068,-0.01581179,-0.011116674,-0.008652242,-0.0062595853,0.0037415351,0.007894521,0.011476231,0.015744405
2020-09-17,-0.0010208277,-0.022326605,-0.016733842,-0.014967955,-0.014470796,-0.013078845,-0.012025521,-0.010727028,-0.009007697,-0.008624304,-0.0076646875,-0.0075943503,-0.007173828,-0.007073828,-0.006973828,-0.0068056732,-0.006415854,-0.006140694,0.003835131,0.0046996186,0.0053239185,0.0054201456,0.00666399,0.0078421505,0.0088009145,0.008906564,0.010388861,0.010488861,0.010526107,0.012878966,0.013542563,0.015533301,0.01664761,0.017232284,0.01939987,-0.015727121,-0.011070501,-0.008589112,-0.0067860805,0.0056159454,0.009356106,0.012186081,0.015717397
2020-09-18,0.0028168974,-0.022320941,-0.016706122,-0.014985453,-0.014725353,-0.013158712,-0.012127897,-0.012027897,-0.010094894,-0.010088546,-0.009041333,-0.009005341,-0.008265054,-0.008165054,-0.007689949,-0.0075899493,-0.006959025,-0.0066655856,0.0030177438,0.0039453753,0.0044954163,0.00647241,0.006954127,0.0071702576,0.008165302,0.008480047,0.009072488,0.009534466,0.011133545,0.012859749,0.013771452,0.015120675,0.016262323,0.017202824,0.018848227,-0.015807804,-0.011864937,-0.009538847,-0.00758197,0.0052192495,0.0089997295,0.011772513,0.015560585
2020-09-21,-0.010026097,-0.022081342,-0.016561927,-0.014774959,-0.014371305,-0.012983279,-0.011934767,-0.010393122,-0.0090374835,-0.008346651,-0.0076952917,-0.007393519,-0.0072712437,-0.007069127,-0.006471235,-0.0058866628,-0.00537593,-0.005174092,0.004380798,0.0047566043,0.005452512,0.0055525117,0.0059268153,0.006012011,0.0074251075,0.0075251074,0.008270094,0.008635359,0.009741871,0.012841236,0.013726157,0.014979435,0.01607559,0.016888456,0.018765738,-0.015586525,-0.010897396,-0.008601582,-0.006060288,0.0055135065,0.008188106,0.01111283,0.015440205
2020-09-22,-0.0030311684,-0.02190899,-0.016544063,-0.015239133,-0.014847612,-0.013138114,-0.012163653,-0.010670157,-0.009974137,-0.009831988,-0.009387423,-0.009127928,-0.008477784,-0.008272416,-0.008133271,-0.006934797,-0.006834797,-0.0066881534,0.0044298084,0.0044868826,0.0049032583,0.0059955753,0.0068257037,0.008222084,0.008394684,0.008494684,0.008856439,0.009374753,0.010675887,0.01293982,0.0138894385,0.015311899,0.016380882,0.017202199,0.018995715,-0.015720485,-0.011575813,-0.009655083,-0.0075437888,0.0056420416,0.009171409,0.0116455555,0.015667815
2020-09-23,-0.0021686184,-0.022020426,-0.016503798,-0.015048027,-0.0142944865,-0.013093129,-0.012375411,-0.010443517,-0.009440117,-0.009340117,-0.009240117,-0.0076183234,-0.0075183236,-0.0067676706,-0.005117813,-0.0036339038,-0.0030319293,-0.0029319292,0.0039021564,0.004728754,0.0049406416,0.0055705514,0.0060696388,0.0076637305,0.0081229415,0.008222941,0.00849624,0.0091475425,0.010447573,0.012886811,0.013192778,0.015050676,0.016169155,0.017046662,0.018984891,-0.01565745,-0.011329438,-0.009068327,-0.0044667795,0.005453009,0.008798133,0.011429464,0.015432363
2020-09-24,-0.0009596272,-0.021403214,-0.01640237,-0.014855507,-0.014359926,-0.013550659,-0.012079654,-0.010790245,-0.009459749,-0.009294056,-0.008460715,-0.008222583,-0.007610991,-0.0063319034,-0.005444703,-0.004662171,-0.004562171,-0.003873574,0.0048094625,0.004824518,0.0053807897,0.0061939317,0.0071301577,0.007967422,0.008696389,0.008796389,0.008849066,0.009829781,0.010678146,0.012852465,0.013268841,0.015296134,0.016379442,0.017214777,0.019242406,-0.015559165,-0.011295842,-0.008788602,-0.00535304,0.0059810183,0.009315243,0.01171778,0.015574925
2020-09-25,-0.004116695,-0.0222844,-0.0165484,-0.015261798,-0.014859741,-0.013034575,-0.012302264,-0.0107398275,-0.009695085,-0.00961142,-0.009057323,-0.009045328,-0.008766111,-0.0086653745,-0.007835347,-0.0068596057,-0.006759606,-0.006659606,0.0037691745,0.004430371,0.0045303707,0.005419954,0.005762679,0.007660147,0.008141194,0.008241193,0.009356555,0.009416506,0.010409667,0.012838737,0.013321328,0.015153225,0.016310727,0.017208146,0.019161362,-0.015805876,-0.011522079,-0.009697231,-0.0074318983,0.005258213,0.008783853,0.011666438,0.015536559
2020-09-28,0.0036301033,-0.021498213,-0.016549885,-0.014908383,-0.0144523885,-0.013078082,-0.01203068,-0.010724469,-0.009751693,-0.009520475,-0.009175736,-0.009075737,-0.008715601,-0.008615601,-0.008587603,-0.00776204,-0.0069290767,-0.0059331786,0.0027539057,0.003562662,0.0044177324,0.005381415,0.006608697,0.007213341,0.007858897,0.007958896,0.008282967,0.0097932005,0.010461116,0.012949188,0.013633766,0.015013919,0.016421048,0.017251968,0.01924202,-0.0155218495,-0.01138714,-0.009657862,-0.0076575265,0.0047949227,0.008904664,0.011581505,0.0156181725
2020-09-29,0.0048403563,-0.022219375,-0.01650349,-0.015161865,-0.014887588,-0.012984045,-0.0120341135,-0.010769732,-0.009040579,-0.00870511,-0.0077984715,-0.007540374,-0.007322012,-0.007222012,-0.0072045596,-0.006889303,-0.0060565984,-0.0059486623,0.0038144025,0.0039536324,0.0045700786,0.0046700784,0.005715749,0.0063399253,0.007702766,0.007783837,0.007883837,0.008917975,0.010260035,0.012920068,0.013269994,0.01503214,0.016240686,0.017081892,0.018894665,-0.015725723,-0.01114228,-0.0086834375,-0.0067278994,0.0049421913,0.00833551,0.01124452,0.015439752
2020-09-30,0.00045864956,-0.0213022,-0.016459413,-0.014834901,-0.014300663,-0.012906767,-0.011832888,-0.010587206,-0.009003291,-0.008414807,-0.007753037,-0.007578528,-0.0070501333,-0.006078175,-0.0059531466,-0.005853147,-0.005834971,-0.0041628303,0.0033399179,0.0045656585,0.0051473426,0.0060054837,0.0073571997,0.0074571995,0.0075571993,0.007657199,0.008692888,0.009046124,0.009767052,0.012869802,0.013291116,0.015230369,0.01637029,0.017164214,0.018958066,-0.015360387,-0.010934618,-0.008343505,-0.0058765244,0.0053231204,0.008877505,0.011349231,0.015502712
2020-10-01,0.002519883,-0.022169055,-0.016628832,-0.014937582,-0.014557707,-0.013031946,-0.012017178,-0.010433796,-0.008959512,-0.0084981555,-0.0075863027,-0.007373028,-0.0070019816,-0.0069463835,-0.006646208,-0.0061795884,-0.005544872,-0.005027398,0.0029448937,0.0034419065,0.0036781516,0.0043331813,0.00612519,0.0075140214,0.008002068,0.008119154,0.00950879,0.00960879,0.010773686,0.013143909,0.013782463,0.015041695,0.016183108,0.016989946,0.019053828,-0.015680943,-0.010969246,-0.008502272,-0.0061542187,0.00448004,0.008902213,0.011843657,0.015602368
2020-10-02,-0.003905006,-0.021384496,-0.016428782,-0.014817847,-0.014392539,-0.013012404,-0.011866403,-0.010558623,-0.008917545,-0.008627035,-0.007768333,-0.0076928134,-0.0067298417,-0.00635288,-0.0055153985,-0.0044924947,-0.003961357,-0.003679637,0.0036655422,0.004291669,0.004440106,0.005012492,0.005847322,0.0068380022,0.008097791,0.008334681,0.00887567,0.009579619,0.010699151,0.012951757,0.0132424375,0.0152576715,0.016417101,0.01726,0.01907474,-0.015416926,-0.01095749,-0.008327001,-0.0050683403,0.0051015196,0.008710276,0.011704659,0.015557321
2020-10-05,0.006721963,-0.022117272,-0.01648688,-0.015225357,-0.014851566,-0.013057331,-0.012056412,-0.01057061,-0.008896805,-0.008501225,-0.0076235887,-0.007553069,-0.0070847105,-0.0062026,-0.005421407,-0.005321407,-0.005171103,-0.004958029,0.003544088,0.0045479024,0.0046844343,0.0063486784,0.0065596197,0.008755683,0.008841886,0.0113837775,0.011483777,0.012353946,0.0126224775,0.012894892,0.0137991775,0.015216548,0.01635955,0.017191472,0.018861214,-0.015713891,-0.011050082,-0.008372824,-0.005685003,0.0055933977,0.010389583,0.0131429285,0.01559266
2020-10-07,-0.0015519563,-0.022475634,-0.016713519,-0.0152590815,-0.015072903,-0.013147057,-0.012490018,-0.010951962,-0.009012156,-0.00852497,-0.0075077317,-0.007407732,-0.006837724,-0.0061256913,-0.005459171,-0.0048556556,-0.0030760157,-0.002974169,0.0031361734,0.003944696,0.0047264197,0.005742097,0.007927742,0.009339829,0.009439829,0.009539829,0.0096398285,0.00968929,0.010126502,0.01322103,0.013252226,0.0149110425,0.016246848,0.017179053,0.019111643,-0.015979826,-0.011247638,-0.008394664,-0.0047545484,0.0053978427,0.009943543,0.0117847,0.015534999
2020-10-08,-0.0011735269,-0.021087427,-0.016467812,-0.014833657,-0.014614407,-0.0129950205,-0.012078464,-0.010597205,-0.009009179,-0.008444854,-0.007849626,-0.0076096132,-0.0071958764,-0.006738516,-0.005458654,-0.0048571993,-0.00466292,-0.0040955227,0.0037984094,0.0046344562,0.004734456,0.005610283,0.0075855036,0.008961025,0.009042303,0.009142303,0.009765746,0.010097532,0.01071345,0.013013062,0.013219682,0.015262013,0.016383018,0.017286146,0.018993529,-0.015448627,-0.010992671,-0.008574332,-0.0053367815,0.005563982,0.009759884,0.011994561,0.015554885
2020-10-09,0.005604335,-0.021972986,-0.016470397,-0.0151424995,-0.014836572,-0.012871744,-0.011997674,-0.010693726,-0.008900461,-0.008490709,-0.0077669285,-0.007568764,-0.0069939713,-0.0056591453,-0.004515302,-0.0044170986,-0.0041956594,-0.0040101707,0.004954802,0.005168557,0.0061283316,0.0062283315,0.00718206,0.008322104,0.008468225,0.008549282,0.009405927,0.009547623,0.00983275,0.012683475,0.013444171,0.015007951,0.016222669,0.01712526,0.019028349,-0.015629875,-0.0110450145,-0.008263635,-0.0049413987,0.0061896495,0.009256909,0.011538489,0.015457842
2020-10-12,-0.0011535113,-0.021482902,-0.016489847,-0.015099212,-0.014332582,-0.013078764,-0.012092077,-0.010875728,-0.009034878,-0.008683837,-0.0076953676,-0.0075953677,-0.0072777444,-0.0067122676,-0.0053459927,-0.0039589917,-0.0034901982,-0.0029389285,0.006170593,0.006953182,0.007053182,0.0072657797,0.007774608,0.008448035,0.00855871,0.00865871,0.010209633,0.0103119165,0.010411916,0.012946903,0.013337683,0.015115934,0.016199239,0.017054671,0.01900873,-0.015495233,-0.011157146,-0.008562467,-0.0046658954,0.0072002895,0.009628035,0.012015922,0.015492785
2020-10-13,-0.00578334,-0.021946605,-0.016527649,-0.015168161,-0.014705657,-0.013072168,-0.012002673,-0.010790055,-0.008943081,-0.008659361,-0.008564735,-0.008464735,-0.0072528236,-0.0061848946,-0.0047948123,-0.0047531486,-0.0032998084,-0.002642221,0.0018870684,0.0029150744,0.0031394842,0.0047045182,0.004804518,0.0060530608,0.0066405013,0.0071384925,0.008119796,0.008363207,0.009610869,0.01283204,0.013354557,0.015163715,0.016327893,0.017194176,0.019065,-0.01565095,-0.011112666,-0.008589642,-0.004790945,0.0038573295,0.007838264,0.011050761,0.015521897
2020-10-14,0.0014622671,-0.021194464,-0.016424512,-0.014889243,-0.014823219,-0.0135977985,-0.012106474,-0.010500142,-0.008865201,-0.008771212,-0.007908372,-0.007742397,-0.00741884,-0.0066474187,-0.005566544,-0.004384765,-0.0037614894,-0.0036614893,0.0027801706,0.0030957812,0.0037120602,0.00493978,0.00503978,0.0062964875,0.007043153,0.007143153,0.007907094,0.008504487,0.009510912,0.012813722,0.013160261,0.015068045,0.016135363,0.016982378,0.018820994,-0.015629295,-0.011026455,-0.008589261,-0.005023337,0.004314189,0.007959525,0.010974315,0.01536908
2020-10-15,-0.0046261144,-0.022653649,-0.0166411,-0.015049816,-0.01450213,-0.013231806,-0.01191866,-0.010637384,-0.009056337,-0.008552244,-0.00796099,-0.007738335,-0.006433842,-0.005746902,-0.0051651495,-0.004361492,-0.0031820766,-0.0027959037,0.0045005498,0.0047702705,0.0057153236,0.0071177357,0.0075992243,0.007660982,0.007760982,0.00818152,0.00828152,0.008514595,0.009280527,0.012886174,0.013257731,0.015325065,0.01646838,0.017294088,0.01921833,-0.015789468,-0.011042888,-0.0082233455,-0.0046485914,0.0059729726,0.0089684995,0.0110862395,0.015596276
2020-10-16,0.0013922167,-0.021891205,-0.016540425,-0.014982696,-0.014443447,-0.013016964,-0.012056514,-0.010701919,-0.008971027,-0.0086865,-0.0076916246,-0.0066660247,-0.006373789,-0.0056391046,-0.005305606,-0.0032170922,-0.001969953,-0.0018699531,0.0036396477,0.004631429,0.0048386273,0.006281922,0.0069425693,0.007042569,0.0072416645,0.007803713,0.007949356,0.0083863335,0.009599653,0.012952136,0.013887312,0.015195962,0.016270882,0.017133515,0.0189911,-0.015589711,-0.0110797305,-0.008146412,-0.003805726,0.005326658,0.0086254645,0.011031672,0.015632005
2020-10-19,0.0061223423,-0.021642571,-0.016455611,-0.015701886,-0.014641396,-0.013425009,-0.012033584,-0.010910584,-0.008900946,-0.008800946,-0.007903474,-0.0070452387,-0.0060845427,-0.0056197746,-0.0051233484,-0.0037792723,-0.0032871072,-0.0024346253,0.005974775,0.006074775,0.0064207753,0.0075127366,0.0076127364,0.0077127363,0.007812737,0.007912736,0.008012736,0.008488263,0.009809837,0.012739873,0.0137334205,0.015274154,0.016419105,0.017245926,0.019027166,-0.015639635,-0.01126959,-0.008108464,-0.0043339184,0.0067591593,0.008893269,0.011093962,0.015604109
2020-10-20,0.0029816255,-0.021587202,-0.016477624,-0.015241986,-0.014859707,-0.012996219,-0.0121266525,-0.010621623,-0.009044942,-0.008218256,-0.006906904,-0.006806904,-0.006517701,-0.005306852,-0.0045462414,-0.0037928536,-0.0032345944,-0.0025862763,0.0045050965,0.0052561928,0.005696641,0.006793952,0.0077051693,0.008430073,0.008530073,0.008630073,0.0087300725,0.008830072,0.009763393,0.012991049,0.013512454,0.015309844,0.016372923,0.017324971,0.019172674,-0.01560948,-0.011050692,-0.00798061,-0.004193374,0.006156391,0.009317287,0.011337502,0.015662199
2020-10-21,0.003912578,-0.021467471,-0.01653718,-0.015122746,-0.014815169,-0.013133472,-0.011948163,-0.0107289795,-0.009027365,-0.008661197,-0.007658543,-0.006736901,-0.0060707675,-0.0054772394,-0.0050182943,-0.0034256224,-0.003121912,-0.00254492,0.004184628,0.005122772,0.00607237,0.0072805225,0.007621655,0.008040178,0.00817892,0.008278919,0.008378919,0.008625827,0.009678811,0.012864165,0.013442787,0.015142222,0.016255787,0.01706871,0.019260403,-0.015580291,-0.01109769,-0.008036415,-0.00416953,0.0061678425,0.009086149,0.0111607015,0.015555657
2020-10-22,-0.0039231502,-0.021686854,-0.016431356,-0.015237021,-0.014386284,-0.0129796555,-0.0120635545,-0.010719635,-0.008875874,-0.008675887,-0.007932771,-0.0075921095,-0.0067546903,-0.005977741,-0.005295115,-0.004682897,-0.0039834636,-0.003536967,0.0030698748,0.003169875,0.0043139625,0.0052551255,0.0053551253,0.006095051,0.007170323,0.0076224734,0.00801033,0.0083453655,0.009591818,0.012802034,0.013752424,0.015068006,0.016198419,0.017058255,0.018929863,-0.01550954,-0.011114394,-0.008320926,-0.0050181104,0.004595832,0.00804401,0.010989593,0.015522117
2020-10-23,0.0016606175,-0.021041304,-0.016499195,-0.014767538,-0.014695277,-0.012880326,-0.011788939,-0.010552939,-0.008901311,-0.00857483,-0.008380272,-0.007692389,-0.0072792955,-0.0061646774,-0.0055646515,-0.005531445,-0.0048390483,-0.0036327087,0.0029908516,0.0032392312,0.004223772,0.0055153766,0.005734169,0.0069959564,0.0075129517,0.0076129516,0.007809939,0.00840397,0.009802935,0.012752564,0.013868736,0.015226777,0.016289037,0.017200835,0.019123372,-0.015381008,-0.010917111,-0.008502899,-0.005452049,0.0046964367,0.008299923,0.011011688,0.015634457
2020-10-26,-0.0023120958,-0.021985479,-0.016490236,-0.014848713,-0.01446159,-0.013509097,-0.0120297875,-0.010742584,-0.008960338,-0.008523409,-0.008076621,-0.00791209,-0.007832549,-0.007057665,-0.0061356975,-0.005115033,-0.0047581336,-0.003965369,0.0029106226,0.0034487213,0.0046753217,0.005273053,0.006542514,0.007387024,0.007763307,0.008700996,0.008800996,0.008834378,0.0096053975,0.012653748,0.013868119,0.015222708,0.01635041,0.017158557,0.019220902,-0.015695238,-0.011020967,-0.008791393,-0.005577265,0.004814205,0.008823732,0.011248986,0.015624806
2020-10-27,0.0015476246,-0.021581726,-0.01653749,-0.01518803,-0.01463329,-0.012954996,-0.012013284,-0.010724735,-0.00896905,-0.0077549275,-0.0070272163,-0.0069272164,-0.0066387467,-0.005833221,-0.005367186,-0.0038651526,-0.0037651525,-0.0034485015,0.0039919936,0.0040919934,0.00442638,0.005048456,0.0070808874,0.00824022,0.008256138,0.008356138,0.008456138,0.008556138,0.009450641,0.012747261,0.013254487,0.015057908,0.016257834,0.017187059,0.019169992,-0.015544157,-0.010930005,-0.008096304,-0.004674642,0.0051629925,0.008996129,0.0110936025,0.015483342
2020-10-28,-0.0070236726,-0.022112936,-0.01641038,-0.014933825,-0.014368711,-0.012991431,-0.011888499,-0.010673324,-0.008849316,-0.00790489,-0.007402621,-0.0070521496,-0.006668449,-0.0057985466,-0.004295569,-0.00339338,-0.00329338,-0.0031422297,0.004910541,0.005010541,0.005110541,0.0064437417,0.0080545675,0.008314959,0.008424278,0.008524278,0.008624278,0.008724278,0.009479694,0.012692962,0.013456965,0.01504251,0.016192393,0.017039463,0.019037757,-0.015554393,-0.01084997,-0.008121487,-0.004235341,0.005979928,0.009262209,0.0111427205,0.015453932
2020-10-29,-0.007984373,-0.02198221,-0.016434714,-0.01484897,-0.014372055,-0.013112561,-0.011929408,-0.01072978,-0.0089357225,-0.008235786,-0.008135786,-0.007608887,-0.007508887,-0.007242709,-0.0066075064,-0.004475219,-0.0043752193,-0.0042956583,0.0022329325,0.0028370915,0.0030336163,0.004013347,0.0047018705,0.0064588725,0.0067137205,0.0075126747,0.0076126745,0.008170086,0.009881636,0.012491346,0.013379138,0.015207982,0.01635505,0.017147604,0.018857427,-0.01556619,-0.010935934,-0.008750503,-0.005472498,0.0037661414,0.007866969,0.010902159,0.015416699
2020-10-30,-0.000898971,-0.021845886,-0.016602298,-0.015226942,-0.014892669,-0.012986793,-0.012461512,-0.010594464,-0.009070515,-0.008391489,-0.0077528306,-0.007652831,-0.007414934,-0.0066935327,-0.005963368,-0.004228992,-0.003842282,-0.002110623,0.0052453666,0.006014137,0.006114137,0.0062141367,0.006710095,0.007900629,0.009143147,0.0092431465,0.009343146,0.009443146,0.010271886,0.012373061,0.013055841,0.014382301,0.015541115,0.01658245,0.01892198,-0.015757833,-0.011148985,-0.008678665,-0.004759619,0.0065461844,0.009134015,0.011394471,0.015063127
2020-11-02,-0.0009406005,-0.022560721,-0.016727066,-0.015902394,-0.015321186,-0.013296874,-0.012150368,-0.010844573,-0.009082275,-0.00855882,-0.008364957,-0.008103627,-0.007875245,-0.006917429,-0.0064786645,-0.004203933,-0.0038450353,-0.0036743535,0.004659545,0.005490009,0.005590009,0.0057240697,0.0063514323,0.0067478926,0.0076185814,0.0077185812,0.008708774,0.008808774,0.009281268,0.012270156,0.01299779,0.01466847,0.015241191,0.016624028,0.018995808,-0.016011244,-0.011307687,-0.008878055,-0.0052611222,0.005816443,0.008379367,0.010862033,0.01511125
2020-11-03,0.008013935,-0.021577694,-0.016405284,-0.014880676,-0.014414852,-0.012971495,-0.0121715665,-0.010480415,-0.008861954,-0.008278643,-0.008178643,-0.0077479086,-0.0076204073,-0.0063055903,-0.0062055904,-0.004660474,-0.0038544843,-0.0035005098,0.00468942,0.0063262465,0.0064262464,0.006526246,0.007112016,0.0074300747,0.0075905514,0.007672808,0.007772808,0.007944166,0.009665057,0.012079039,0.012955405,0.014313407,0.015516365,0.01656675,0.018764177,-0.015508178,-0.010934651,-0.008627633,-0.005193793,0.006311742,0.00844762,0.010595487,0.014935756
2020-11-04,-0.0018816206,-0.022373317,-0.016610445,-0.0149360355,-0.014445967,-0.013049627,-0.012467031,-0.010779985,-0.008970137,-0.008539856,-0.0077195,-0.00759067,-0.007530025,-0.0061834212,-0.005924606,-0.003988007,-0.0029974156,-0.0020549311,0.0041037435,0.0048795226,0.0053528985,0.0063459026,0.0070065144,0.007049134,0.0078540025,0.007954002,0.008054002,0.008084683,0.009258162,0.012001594,0.013086106,0.014734111,0.015695533,0.016659364,0.01917415,-0.015789278,-0.011138609,-0.008574023,-0.0045111263,0.005707214,0.008419186,0.010618794,0.015131066
2020-11-05,0.009986187,-0.021421686,-0.016552318,-0.016452318,-0.016352318,-0.015250593,-0.013834049,-0.013285407,-0.011578913,-0.011478913,-0.011378913,-0.011278913,-0.0111789135,-0.011078914,-0.010978914,-0.010878914,-0.009519934,-0.007888176,0.00135112,0.0032752375,0.0046149627,0.0071923495,0.007656391,0.009636388,0.01052272,0.01062272,0.01072272,0.012026163,0.012126163,0.013325415,0.013983647,0.014399522,0.015688203,0.016775766,0.019292833,-0.016682193,-0.013325919,-0.01180994,-0.01010897,0.0053912783,0.010653416,0.012777734,0.015555437
2020-11-06,0.00402989,-0.021882132,-0.016583072,-0.014972169,-0.014479347,-0.013216089,-0.012236101,-0.010734806,-0.009282397,-0.009182397,-0.009068614,-0.008968614,-0.008449932,-0.007958858,-0.006156699,-0.0046365927,-0.0032953436,-0.0020759036,0.0040952875,0.0054827696,0.0057176556,0.0066737677,0.0076101995,0.007940841,0.008120632,0.008162582,0.008629787,0.009138057,0.010045018,0.0124675,0.012936107,0.014404842,0.015657254,0.016644824,0.018890766,-0.015679348,-0.011281574,-0.00939918,-0.00502663,0.0060180225,0.009063836,0.011187523,0.015068809
2020-11-09,-0.0037825652,-0.021035528,-0.016563201,-0.015738897,-0.0152696185,-0.01438668,-0.013402205,-0.013111129,-0.010488018,-0.010388019,-0.010348772,-0.010248772,-0.010148772,-0.010048772,-0.00988793,-0.007835415,-0.005941146,-0.0047814203,0.005130263,0.0052402,0.006345411,0.007747715,0.008247742,0.009043621,0.00950802,0.01069305,0.01079305,0.01089305,0.011839065,0.013013134,0.013409002,0.014356018,0.015850108,0.016630147,0.018818181,-0.016131448,-0.012625652,-0.010887308,-0.0077389367,0.0067943214,0.01037812,0.012477682,0.015245296
2020-11-10,-0.0006448633,-0.021917999,-0.016641924,-0.015196077,-0.014437597,-0.0137960585,-0.013696059,-0.013596059,-0.012333378,-0.011849095,-0.010882012,-0.01059312,-0.01049312,-0.0072266255,-0.0071266256,-0.006643625,-0.0059510325,-0.0036314963,0.004292178,0.0047546467,0.005381945,0.006932885,0.007006526,0.0074153356,0.008643149,0.008743149,0.0100655705,0.01016557,0.011455847,0.012531164,0.01303876,0.014519984,0.015402725,0.016452,0.018657707,-0.016097927,-0.013334133,-0.010926239,-0.00678918,0.0060009607,0.009172349,0.011924176,0.015039923
2020-11-11,-0.0052844877,-0.021457851,-0.016523026,-0.014795626,-0.014358906,-0.013571637,-0.0130966855,-0.012838433,-0.011679737,-0.010890911,-0.009685151,-0.009585151,-0.008547365,-0.008459412,-0.0073808027,-0.004706813,-0.0028634479,-0.0017431132,0.0055736587,0.006268232,0.0076430202,0.008796982,0.009261303,0.0093613025,0.010400753,0.010552121,0.01128646,0.011861446,0.011961446,0.013193169,0.014058199,0.01504765,0.015540703,0.016572658,0.01868233,-0.01580162,-0.012660278,-0.010293671,-0.005255866,0.007736529,0.010845868,0.012768644,0.0155108
2020-11-12,0.0044550686,-0.020625556,-0.016345179,-0.014894531,-0.014586292,-0.012911059,-0.012135561,-0.010919415,-0.009637047,-0.009497721,-0.008818925,-0.0087189255,-0.008116237,-0.0076759206,-0.006277094,-0.005051219,-0.003693424,-0.0021092477,0.0040462003,0.0047293003,0.0061073396,0.0074740113,0.007550914,0.008582081,0.00879295,0.009336126,0.01142479,0.01152479,0.01162479,0.011766717,0.013082031,0.014462497,0.015696844,0.016678596,0.01908193,-0.0153207285,-0.011416854,-0.009276738,-0.0051699816,0.0062299604,0.0097521255,0.012407586,0.015014353
2020-11-13,0.00082095905,-0.021576425,-0.016445946,-0.015257487,-0.014755635,-0.013013836,-0.0118996315,-0.010538912,-0.00928358,-0.009248708,-0.008800428,-0.0087004285,-0.008484861,-0.00760363,-0.006073784,-0.0052451966,-0.004443385,-0.004126571,0.0043623075,0.004938373,0.0050325864,0.0054171276,0.006379831,0.006479831,0.007347915,0.0074479147,0.008065605,0.0094316695,0.009518948,0.011975179,0.012918826,0.014579175,0.015592501,0.01660792,0.018891776,-0.015538295,-0.011245663,-0.009214425,-0.005717873,0.0054196618,0.008342885,0.010916781,0.014994575
2020-11-16,0.0012555248,-0.022064501,-0.016632384,-0.015176456,-0.014897311,-0.013099457,-0.011991061,-0.01081307,-0.009403291,-0.008963121,-0.008419662,-0.008416778,-0.007510878,-0.0066589685,-0.0055761556,-0.004981789,-0.003985688,-0.0033131607,0.0028244115,0.0036866905,0.0041224086,0.00475395,0.0063397884,0.0064397883,0.0069794594,0.0077205608,0.0077388715,0.008721641,0.009068759,0.012505019,0.013049612,0.01426126,0.015458043,0.016432976,0.018657533,-0.015736943,-0.0112694,-0.008796772,-0.0052547143,0.004473384,0.00834536,0.010698467,0.01498128
2020-11-17,0.0034477448,-0.020734698,-0.016401421,-0.014862927,-0.014381632,-0.013031945,-0.012454484,-0.010699384,-0.008879913,-0.00814897,-0.007600403,-0.007500403,-0.0070663285,-0.005726082,-0.004966732,-0.0042143995,-0.0039966423,-0.003188856,0.0040176325,0.004426696,0.0049989643,0.0054067145,0.00585967,0.006059325,0.006792766,0.0072685755,0.007668295,0.009034403,0.00952901,0.0116521185,0.0129955225,0.014332426,0.01556197,0.016617114,0.01887282,-0.015400836,-0.011009136,-0.008345442,-0.004773407,0.005128554,0.007974818,0.010689159,0.014893999
2020-11-18,-9.262787e-05,-0.022031058,-0.01643794,-0.014790553,-0.014332161,-0.0129095595,-0.01187043,-0.010674,-0.008894096,-0.008328557,-0.008131661,-0.0076335245,-0.0065783253,-0.006335419,-0.004693036,-0.0037427032,-0.0027923954,-0.0018441819,0.0061118035,0.006561221,0.006661221,0.0067612207,0.0068612206,0.0068903347,0.007264197,0.00794798,0.00804798,0.008679817,0.009785283,0.011918358,0.012984036,0.014335405,0.015531396,0.016507482,0.018982176,-0.015516231,-0.010911527,-0.008361986,-0.004141168,0.0066719325,0.008459543,0.010792566,0.014945492
2020-11-19,-0.0029707428,-0.022447933,-0.016492084,-0.014926758,-0.014870909,-0.01310049,-0.012134384,-0.010878025,-0.008901414,-0.0077880165,-0.007119497,-0.0069879857,-0.006730953,-0.005729968,-0.004614815,-0.003533927,-0.0029944347,-0.0028351217,0.005097114,0.0054287165,0.0059834314,0.0071513955,0.007912674,0.008136394,0.008236394,0.008336394,0.008436394,0.0085539855,0.009405051,0.011663402,0.0128968395,0.014348485,0.015514747,0.016392052,0.019034157,-0.01580916,-0.0109257195,-0.008123243,-0.0041932566,0.0063794097,0.008920571,0.010714715,0.014866987
2020-11-20,0.0012387064,-0.022463849,-0.016710203,-0.015015584,-0.014796682,-0.013248902,-0.012263125,-0.01066733,-0.009199505,-0.007917535,-0.006986475,-0.0065785935,-0.0064820214,-0.0050966325,-0.0042771357,-0.002372858,-0.0017136406,-0.0016136407,0.004482543,0.0049752267,0.0055865175,0.007607312,0.007896274,0.0084344745,0.008534474,0.008634474,0.008734474,0.008834474,0.009127217,0.012275393,0.012998351,0.0145568615,0.015617691,0.016688403,0.019223291,-0.015896551,-0.011012616,-0.008005552,-0.0033111735,0.0062372144,0.009215018,0.01091785,0.015148461
2020-11-23,-0.0031874438,-0.022656271,-0.016570939,-0.014853953,-0.014477452,-0.013050825,-0.012116231,-0.010708694,-0.008807391,-0.00815308,-0.007178023,-0.007078023,-0.005759694,-0.005430135,-0.0040540667,-0.0031070034,-0.0017576724,-0.0013914347,0.0046968795,0.004788562,0.0054952684,0.006622434,0.0076544015,0.007996614,0.008233789,0.008333789,0.008433789,0.008482066,0.009565675,0.011957216,0.01311431,0.014493315,0.01552288,0.016438048,0.01888819,-0.015774343,-0.01092787,-0.007858295,-0.00347764,0.005967387,0.008884817,0.010792324,0.014978215
2020-11-24,0.0048205275,-0.022331877,-0.016647588,-0.015016989,-0.014454956,-0.013729151,-0.012076721,-0.010728885,-0.008912659,-0.008254675,-0.007260268,-0.006993876,-0.0061260653,-0.0048892354,-0.004323842,-0.002627289,-0.001171932,-0.001071932,0.0057600336,0.006663929,0.006763929,0.007912195,0.008012195,0.008112195,0.008212195,0.008312195,0.008412194,0.008727795,0.009722492,0.011720425,0.01313992,0.014448285,0.015785292,0.01682183,0.019322231,-0.01584806,-0.0109979855,-0.007852989,-0.0032377741,0.007062456,0.0089769615,0.01087364,0.015090538
2020-11-25,0.00236797,-0.022180824,-0.016640762,-0.015255502,-0.015196663,-0.013080372,-0.0122002745,-0.010680144,-0.008906689,-0.008177974,-0.0077831843,-0.007424272,-0.006920325,-0.0059688627,-0.005328311,-0.0044297273,-0.0036997595,-0.0026791613,0.0027333358,0.0035768514,0.0036630626,0.0050784987,0.0051800627,0.0065593263,0.007280102,0.008294921,0.009207514,0.009683014,0.009783014,0.011499599,0.013078364,0.014378175,0.015536817,0.016511418,0.018747708,-0.015859779,-0.011044117,-0.008355867,-0.0047122464,0.00446637,0.008243384,0.011141991,0.014843052
2020-11-27,0.003566591,-0.022628745,-0.016698157,-0.014934947,-0.014412988,-0.013035021,-0.011882979,-0.010505215,-0.0088537065,-0.00801114,-0.007710731,-0.0076107313,-0.00723591,-0.006268192,-0.005478499,-0.0051336368,-0.0045242887,-0.0039012404,0.0037253243,0.0053128754,0.005676068,0.006804754,0.0073359786,0.0074359784,0.007815416,0.008032141,0.00869441,0.0091284085,0.009605146,0.011970729,0.012812965,0.01435322,0.015567207,0.016506603,0.01858748,-0.015731579,-0.010837598,-0.008390304,-0.005329679,0.0058668875,0.008780647,0.01099318,0.014846198
2020-11-30,0.0016207815,-0.021156605,-0.016427318,-0.014739287,-0.014312124,-0.013049188,-0.012302138,-0.010811935,-0.008826362,-0.008293716,-0.007625829,-0.0072894124,-0.0064568375,-0.005018132,-0.004616619,-0.003131219,-0.003031219,-0.002405269,0.0045816996,0.0055306046,0.005998689,0.0060020294,0.0064846873,0.006584687,0.0070251534,0.007313028,0.00811199,0.008676633,0.009613039,0.011767387,0.0131205255,0.014376515,0.015517397,0.016504182,0.018580692,-0.015449474,-0.010994688,-0.00804586,-0.0040947474,0.0058276355,0.008165285,0.01073729,0.014869859
2020-12-01,0.0056427866,-0.021040266,-0.01640975,-0.014830565,-0.014532423,-0.01311043,-0.01186511,-0.01088345,-0.008953917,-0.0085358,-0.0076897773,-0.0075897775,-0.007009424,-0.006275254,-0.0054773865,-0.0041032,-0.0032051255,-0.0027884156,0.005698389,0.006040729,0.006385688,0.006485688,0.006585688,0.007180687,0.007317861,0.0077334545,0.008555566,0.0088670645,0.009575078,0.011997279,0.0128948465,0.014535587,0.015597215,0.016535018,0.019114863,-0.015391596,-0.011013769,-0.0083586965,-0.0046327813,0.0063856705,0.008472835,0.010918441,0.015015518
2020-12-02,0.0038884531,-0.022226151,-0.016609771,-0.014926158,-0.0144312605,-0.013008527,-0.012470238,-0.010586177,-0.008913207,-0.008367981,-0.007793987,-0.007579459,-0.0070898454,-0.0059317104,-0.0058289403,-0.0045719272,-0.0040857387,-0.0033869008,0.003855593,0.0048480188,0.0050580697,0.0062076175,0.0069887424,0.007122091,0.007931271,0.0080312705,0.008301784,0.009012917,0.009508225,0.011941803,0.012875762,0.014391836,0.014862319,0.01628961,0.018262712,-0.01574919,-0.011052752,-0.008439798,-0.0050905934,0.0055801137,0.008619365,0.010725411,0.014752345
2020-12-03,0.006842115,-0.021622917,-0.016412528,-0.014865223,-0.014357754,-0.012984546,-0.012430327,-0.010584291,-0.008775496,-0.008420559,-0.0076780342,-0.007626803,-0.0072886273,-0.0064175148,-0.0049233087,-0.0036489987,-0.0031847998,-0.0023121985,0.0047573615,0.0053981673,0.0055718534,0.005911441,0.008134894,0.00897971,0.009492282,0.00983667,0.010561804,0.01165955,0.011759549,0.012766244,0.013472153,0.014258453,0.015522092,0.01651458,0.01900018,-0.015561615,-0.011015179,-0.008518,-0.004339222,0.006226221,0.010275413,0.0124538485,0.015202323
2020-12-04,-0.0017426966,-0.022057017,-0.01664358,-0.015228162,-0.014969741,-0.013217293,-0.012040404,-0.010879144,-0.00896506,-0.008467858,-0.0077356943,-0.0076106745,-0.0072141374,-0.005753885,-0.0051795156,-0.004811406,-0.004585686,-0.004341893,0.0040666675,0.0049052415,0.005570242,0.007199638,0.007287865,0.007387865,0.007868787,0.008203022,0.008303022,0.00858521,0.009495329,0.0121659925,0.012864106,0.014446748,0.015685473,0.016789196,0.019082168,-0.015785607,-0.011116125,-0.008341836,-0.005305835,0.0059221154,0.0087259915,0.010847005,0.015069643
2020-12-07,-0.0006117953,-0.02197727,-0.016615644,-0.015210993,-0.014903748,-0.013009855,-0.012331185,-0.01065879,-0.008916549,-0.008284973,-0.007880594,-0.007753214,-0.0068669296,-0.0062319664,-0.0055873804,-0.0052526784,-0.0051526786,-0.004363344,0.0032772003,0.003885505,0.0044468,0.006602646,0.0070129978,0.007202831,0.007238311,0.007727503,0.008597751,0.008697751,0.009541244,0.01220346,0.013117093,0.014551132,0.015501781,0.016425977,0.018585512,-0.01576754,-0.011080498,-0.0084454445,-0.005621859,0.0050900923,0.008568908,0.010908397,0.014976634
2020-12-08,-0.0015754985,-0.022195,-0.016338672,-0.015149082,-0.014594909,-0.01340004,-0.011738922,-0.010674716,-0.008764671,-0.008348518,-0.00801046,-0.007849268,-0.0074952054,-0.0066650896,-0.006210364,-0.0043762894,-0.0035469611,-0.0029525189,0.003402436,0.0042494023,0.0052609323,0.005360932,0.0054793777,0.006157532,0.006434709,0.0066860067,0.0072749425,0.008006697,0.0092862975,0.011683106,0.012889494,0.014322657,0.015551928,0.01651099,0.01873511,-0.01565351,-0.010935182,-0.008534869,-0.0049870806,0.0049416823,0.0076025436,0.010360594,0.01482827
2020-12-09,-0.0025603182,-0.022248887,-0.016587794,-0.01578482,-0.015245402,-0.013117303,-0.012498335,-0.01072214,-0.008943367,-0.008418311,-0.0077557545,-0.007521942,-0.0070624202,-0.006193443,-0.005802267,-0.005246806,-0.005131857,-0.004063804,0.0042279474,0.0046037086,0.0057155406,0.0058624176,0.0059097963,0.006009796,0.00704259,0.0073380596,0.007411155,0.0080428235,0.009388913,0.012500881,0.01300444,0.014426498,0.015615339,0.016647665,0.019222768,-0.015939545,-0.011273394,-0.008490664,-0.0055533354,0.005490441,0.007960271,0.010591823,0.015160451
2020-12-10,0.0041708453,-0.021840928,-0.016575532,-0.014882885,-0.014706078,-0.013093315,-0.012158423,-0.010600743,-0.008964279,-0.008510091,-0.007960444,-0.0075063515,-0.0071450723,-0.0063602524,-0.005351884,-0.0050532715,-0.0044475477,-0.0038604268,0.0036785845,0.005207593,0.0058069224,0.0063810106,0.006560619,0.0065639387,0.006677694,0.0071210973,0.007586237,0.008534564,0.008754673,0.012448955,0.012929004,0.014199873,0.0154876765,0.01645655,0.019215671,-0.015674856,-0.011023285,-0.008517695,-0.0052438965,0.0055503612,0.008245835,0.010562422,0.015050012
2020-12-11,-0.002151388,-0.0216407,-0.016374173,-0.014787269,-0.014439715,-0.012937036,-0.011781026,-0.010665289,-0.009027386,-0.008570962,-0.0077884477,-0.007769303,-0.007373888,-0.0061640097,-0.0055457917,-0.004742197,-0.0040963464,-0.0034594256,0.0057821088,0.0066551967,0.006863678,0.0076436945,0.008898817,0.010032494,0.010188328,0.010288328,0.010388328,0.010488328,0.010588327,0.012302314,0.012969675,0.014360979,0.015604156,0.016585723,0.018870134,-0.015434531,-0.010966386,-0.008426951,-0.0051226127,0.007426601,0.010402055,0.01187429,0.015017766
2020-12-14,0.001485633,-0.02204627,-0.016556911,-0.01522646,-0.015205812,-0.013637162,-0.01221605,-0.010747752,-0.008844889,-0.008599456,-0.007868749,-0.0077387844,-0.0072109415,-0.006305997,-0.0060028443,-0.0051384345,-0.0043699043,-0.004137413,0.005055221,0.0053968807,0.0072016106,0.0076295454,0.010325284,0.010425284,0.010525283,0.010581452,0.010681452,0.010781452,0.010881452,0.012113157,0.012911261,0.014332713,0.015610867,0.0166215,0.01898646,-0.01593244,-0.011126922,-0.008489326,-0.005477476,0.007161708,0.010845326,0.012013676,0.014993018
2020-12-15,0.0023292343,-0.02229405,-0.016632756,-0.01495663,-0.014496156,-0.013258972,-0.012538156,-0.010711886,-0.008983689,-0.008253586,-0.007853023,-0.007629106,-0.0072304783,-0.006326147,-0.0054794727,-0.0048154136,-0.0038210982,-0.0037210982,0.0040300805,0.004915083,0.005531638,0.007016668,0.009655458,0.009755458,0.010543999,0.010643999,0.011109636,0.011209636,0.011309636,0.012547555,0.013066876,0.01432048,0.015559144,0.016593149,0.018983468,-0.01584402,-0.01108879,-0.0085863,-0.005093238,0.0064074933,0.010762421,0.012347122,0.015102306
2020-12-16,0.0028244515,-0.021519534,-0.016544342,-0.014901298,-0.014434225,-0.01312119,-0.012200999,-0.010766105,-0.008854664,-0.008085924,-0.007872338,-0.007611806,-0.007185327,-0.006988208,-0.0059154965,-0.005657387,-0.004881792,-0.0047268798,0.0047479635,0.0055591483,0.0059536705,0.006303954,0.0068367906,0.008183354,0.008381074,0.009481373,0.010193573,0.010293573,0.010393573,0.011972765,0.01300225,0.014371346,0.01558727,0.016499264,0.01859282,-0.015564057,-0.010961799,-0.008620308,-0.005758672,0.006189162,0.009353572,0.011688151,0.014887689
2020-12-17,0.00471086,-0.021832932,-0.016451364,-0.014893792,-0.014515921,-0.013436827,-0.012045399,-0.01067092,-0.00883377,-0.00819989,-0.007837138,-0.0076587736,-0.0071854237,-0.006724323,-0.0065533654,-0.005542011,-0.003787038,-0.0036870379,0.0043756394,0.00527108,0.005671171,0.007526626,0.008590382,0.008690381,0.009157525,0.009711061,0.010556914,0.010656914,0.011322362,0.012508642,0.012989813,0.014415583,0.015528366,0.016558047,0.01892078,-0.01565649,-0.010928754,-0.00852521,-0.005445645,0.0064004078,0.010031476,0.012114639,0.015078573
2020-12-18,-0.0008231067,-0.021155175,-0.016386349,-0.01476012,-0.014248845,-0.012930894,-0.011961467,-0.0108273765,-0.008986828,-0.008306124,-0.007918237,-0.007818237,-0.007718237,-0.0076182373,-0.007403575,-0.0063977353,-0.0052443924,-0.0046703434,0.003470206,0.004484115,0.0061628516,0.0075975535,0.0076385466,0.008031337,0.008131336,0.008231336,0.008771156,0.008872981,0.009834563,0.012424045,0.012971497,0.014377487,0.015633954,0.016673097,0.019226661,-0.015336546,-0.0109683825,-0.008840601,-0.006306857,0.0059692124,0.009039649,0.01110734,0.015134558
2020-12-21,-0.0019614366,-0.021421308,-0.016451824,-0.015181368,-0.014698271,-0.0129520595,-0.011961975,-0.010733886,-0.0090028215,-0.008312358,-0.007839531,-0.0073813978,-0.006845138,-0.0060428707,-0.005263397,-0.0051176576,-0.004687174,-0.004474274,0.0033856835,0.004051875,0.0045886515,0.005633425,0.006071015,0.0065109488,0.0069686067,0.007082218,0.0078023095,0.00806538,0.00931227,0.011945749,0.013089303,0.014391302,0.0156078795,0.01659624,0.018771386,-0.015497087,-0.011038482,-0.008338467,-0.00538478,0.004925648,0.007935062,0.010546717,0.014958796
2020-12-22,-0.0030921053,-0.021448847,-0.016378583,-0.014997176,-0.014230169,-0.012968446,-0.011758223,-0.010366478,-0.010017317,-0.009281522,-0.009181522,-0.009081522,-0.008981522,-0.008881522,-0.008513249,-0.0056736884,-0.005637255,-0.004381118,0.0041960347,0.0050830934,0.006174077,0.0067193224,0.0075443788,0.008523532,0.008623532,0.008723532,0.008899286,0.008999286,0.009981249,0.012225521,0.012939156,0.014272354,0.0154009415,0.016486637,0.018464563,-0.015356854,-0.011284144,-0.009764021,-0.0066573666,0.0061592115,0.00920325,0.011101257,0.014877645
2020-12-23,0.0009052459,-0.022421842,-0.016632952,-0.015219935,-0.014462178,-0.013155304,-0.012045864,-0.010915712,-0.009839797,-0.009788977,-0.00917698,-0.009020095,-0.008888062,-0.008788062,-0.008688062,-0.008384438,-0.007545145,-0.006139848,0.0042012134,0.004808631,0.0050903414,0.0063397447,0.0063872356,0.007049571,0.007107772,0.0077463565,0.008604308,0.008677304,0.009934739,0.011903463,0.013036246,0.014327895,0.01549534,0.01643838,0.018805008,-0.015743628,-0.011562057,-0.009747753,-0.007955518,0.0055095404,0.008352786,0.01092303,0.014902199
2020-12-24,-0.00017852105,-0.02203344,-0.016550848,-0.014999576,-0.014554009,-0.013075951,-0.012083546,-0.011182092,-0.010251261,-0.009796477,-0.0096183345,-0.009518335,-0.00933966,-0.009239661,-0.008985581,-0.008691976,-0.008383864,-0.007408624,0.0041498034,0.0045176693,0.0049972334,0.005975482,0.006075482,0.00663653,0.00692319,0.0074320063,0.008730606,0.008830606,0.0110542,0.012014315,0.01295599,0.014590134,0.015287143,0.01663566,0.018855339,-0.01565956,-0.01166259,-0.010106492,-0.008597675,0.0053126756,0.008197788,0.011183374,0.015010287
2020-12-28,0.0026724285,-0.022035513,-0.016516097,-0.015740624,-0.014471437,-0.013171249,-0.012210671,-0.010574481,-0.008887864,-0.0084256325,-0.007870012,-0.0075504547,-0.006772319,-0.005882416,-0.005782416,-0.00496968,-0.004517451,-0.003689117,0.0022932878,0.0028324192,0.003614858,0.00449145,0.0055688024,0.005802049,0.0061641242,0.006769719,0.0070908703,0.008131916,0.009082965,0.011913086,0.012992511,0.0144510195,0.01521785,0.016371112,0.018796783,-0.015680993,-0.011167854,-0.008324657,-0.0053018234,0.003879228,0.0076371143,0.010287337,0.014904901
2020-12-29,0.0023999112,-0.02159143,-0.016448589,-0.014896371,-0.01430862,-0.013027751,-0.011925017,-0.010754966,-0.008941104,-0.008346585,-0.008001772,-0.007578323,-0.0071298494,-0.006622736,-0.006522736,-0.0063347644,-0.0055289622,-0.0049436595,0.003241887,0.0035182568,0.004290486,0.005359515,0.0062128906,0.007078091,0.007178091,0.0072768773,0.007477003,0.008190335,0.009077226,0.011832621,0.012926056,0.014303883,0.015455931,0.016462797,0.01881371,-0.015460283,-0.010972808,-0.008524096,-0.006181689,0.004717647,0.008118163,0.010406623,0.014867812
2020-12-30,0.0045997137,-0.02090456,-0.016449058,-0.014920523,-0.014346016,-0.013052197,-0.012165487,-0.010736759,-0.009026758,-0.008449709,-0.007915789,-0.0074764127,-0.007376413,-0.0061565037,-0.006056504,-0.00563841,-0.0051190485,-0.004585597,0.004666937,0.0050295712,0.0052109743,0.006368136,0.007897097,0.008935938,0.0090359375,0.009135937,0.009235937,0.00954419,0.00964419,0.01204041,0.0130587695,0.014408468,0.015634682,0.016683558,0.019060073,-0.015383464,-0.011059848,-0.00852819,-0.0057751946,0.006062311,0.009510715,0.011219882,0.015050257
2021-01-04,-0.0050816867,-0.021565022,-0.016600184,-0.015187041,-0.015087041,-0.013120701,-0.012056439,-0.010528391,-0.008912335,-0.008318149,-0.007825175,-0.007765249,-0.0072009475,-0.0065574967,-0.006516567,-0.005643492,-0.0050070416,-0.004429186,0.0052376185,0.005699525,0.006029061,0.007866473,0.009500699,0.0097782565,0.010966869,0.011066869,0.011166869,0.011266869,0.011366868,0.011740556,0.013147977,0.014347185,0.015185107,0.016671484,0.01887084,-0.015685877,-0.011000471,-0.00851048,-0.005872307,0.0071599097,0.01067065,0.012145253,0.014955608
2021-01-05,0.0003544214,-0.022029422,-0.016708463,-0.015208257,-0.0151082575,-0.013258277,-0.012110633,-0.010916195,-0.008914215,-0.008575646,-0.008065759,-0.0077052377,-0.0071725696,-0.0063597998,-0.0053902697,-0.004147518,-0.0029692284,-0.0026877054,0.004653545,0.004753545,0.0049400646,0.0057030004,0.006424324,0.006524324,0.006624324,0.0067243236,0.0074284584,0.008040322,0.009360016,0.011588491,0.012964794,0.014561346,0.015588274,0.016549733,0.018839212,-0.01584301,-0.01114499,-0.008524595,-0.004579992,0.005334896,0.007860357,0.010401112,0.014900716
2021-01-06,0.0005334322,-0.02161578,-0.016624976,-0.015162263,-0.01492671,-0.013150232,-0.012183979,-0.010680134,-0.008976619,-0.008717798,-0.0079050595,-0.007680498,-0.0070030172,-0.00610738,-0.005559362,-0.0053521,-0.005082432,-0.003926103,0.0044074724,0.0050518815,0.005207648,0.005376661,0.006324661,0.006424661,0.0065246606,0.0068551544,0.007527973,0.007924301,0.00883693,0.011933547,0.0130738225,0.014374726,0.015201014,0.01661378,0.01901695,-0.015700337,-0.011144159,-0.008435211,-0.005520099,0.0053136647,0.007892465,0.010284753,0.015002565
2021-01-07,-0.0018397095,-0.021853738,-0.01650321,-0.015086342,-0.014613784,-0.013385497,-0.011843436,-0.01060821,-0.008876698,-0.008193543,-0.007984472,-0.007784395,-0.007684395,-0.0075843954,-0.0074843955,-0.004563804,-0.003630558,-0.0033714517,0.0031074295,0.00388115,0.0051487824,0.0062439987,0.007231277,0.007331277,0.008074893,0.0081748925,0.008189827,0.009162288,0.009604236,0.012494948,0.013094213,0.0144896945,0.015456928,0.016442547,0.018613541,-0.015639933,-0.010921646,-0.008794678,-0.0053669205,0.0052912505,0.008878937,0.010981646,0.015026988
2021-01-08,-0.00036508447,-0.022166554,-0.016668715,-0.015168972,-0.014686762,-0.013073535,-0.0119272545,-0.01094862,-0.008918833,-0.00842303,-0.007831827,-0.007731827,-0.0072525656,-0.0066713737,-0.006015999,-0.0044613057,-0.003910465,-0.0036013476,0.003220136,0.0038564256,0.0039620684,0.0043537174,0.0054871663,0.0069730855,0.0075815083,0.007681508,0.008315868,0.0084390845,0.010042042,0.012398333,0.013069886,0.014373617,0.015629921,0.016566107,0.018892143,-0.015704563,-0.011077343,-0.00852037,-0.005144189,0.0045947707,0.008195835,0.010965049,0.015060017
2021-01-11,-0.008596476,-0.02093124,-0.016415676,-0.014848398,-0.01438331,-0.013645819,-0.011965873,-0.010880026,-0.009838913,-0.009422751,-0.009157399,-0.0090205595,-0.008317333,-0.007106739,-0.005559196,-0.0036173821,-0.0025982754,-0.0021238774,0.003793829,0.004356176,0.005461467,0.0059406445,0.007233952,0.0076320986,0.007769927,0.008128633,0.008649938,0.009046206,0.009825445,0.012535798,0.012967898,0.014303589,0.015487146,0.016476287,0.018939314,-0.015468383,-0.011391191,-0.009277252,-0.0045838584,0.0054644085,0.008915337,0.011108907,0.015044577
2021-01-12,0.00044844803,-0.021209797,-0.016454589,-0.014906129,-0.014373508,-0.0129981935,-0.0119985035,-0.010574768,-0.0097745,-0.0090841185,-0.008664901,-0.008253418,-0.0072397757,-0.006234286,-0.0050340192,-0.0038973263,-0.0026985577,-0.0021950726,0.004246626,0.004800827,0.005629994,0.0063378527,0.006918943,0.0070835813,0.0077671045,0.008329805,0.010052063,0.010063894,0.010394783,0.012167036,0.013112825,0.014573166,0.015526086,0.016545717,0.018838465,-0.015406919,-0.011267604,-0.008782393,-0.004415679,0.005756481,0.008912652,0.011640772,0.015047443
2021-01-13,0.00033312017,-0.02192173,-0.016429909,-0.014808348,-0.014277379,-0.012777578,-0.012250684,-0.010844638,-0.009794593,-0.009288459,-0.008590958,-0.008463904,-0.0071888682,-0.006204042,-0.0051568476,-0.0044828053,-0.0029846893,-0.0018707195,0.0046747765,0.0058571678,0.005888539,0.0074227396,0.0081767235,0.008302517,0.0091574425,0.01019096,0.010871169,0.010971169,0.011071169,0.012018228,0.012953203,0.014355579,0.015559467,0.016559528,0.01880489,-0.015531456,-0.011397345,-0.008805829,-0.0045917933,0.006600133,0.009931919,0.01209824,0.014938286
2021-01-14,-0.0019921474,-0.021897271,-0.016448207,-0.014852424,-0.014397181,-0.013098119,-0.012008861,-0.010657909,-0.009758772,-0.009607414,-0.0093378555,-0.009237856,-0.008984862,-0.0082544265,-0.0074809007,-0.0071988814,-0.00671806,-0.005587188,0.0037837154,0.004647461,0.0055411453,0.007235769,0.008583389,0.008683389,0.011223414,0.012046945,0.013878304,0.013978303,0.014078303,0.014178303,0.014278303,0.014446387,0.015667664,0.016658833,0.018958392,-0.015569928,-0.011377076,-0.009668956,-0.007244577,0.0064863013,0.011494066,0.014356175,0.015704043
2021-01-15,-0.003487567,-0.021654505,-0.01652939,-0.015231817,-0.014917132,-0.013152828,-0.012089007,-0.010652646,-0.009293556,-0.009193556,-0.009093557,-0.008993557,-0.008735925,-0.007792142,-0.0073475195,-0.006200345,-0.0057079704,-0.005103829,0.0042290404,0.0048468835,0.0049468833,0.0058234055,0.006784081,0.008436653,0.010318812,0.010418812,0.010537628,0.010743128,0.010944048,0.012379196,0.012961999,0.014626903,0.015653545,0.01669831,0.019092523,-0.015668575,-0.011292117,-0.009400837,-0.0066706436,0.0060330047,0.009752374,0.01205151,0.015151786
2021-01-18,-0.0015350785,-0.02206918,-0.016539868,-0.014857652,-0.014301085,-0.012907314,-0.01219722,-0.010677734,-0.008948989,-0.008189808,-0.00767096,-0.0074884635,-0.007016232,-0.005614337,-0.004029426,-0.00369897,-0.00359897,-0.0030143172,0.004515581,0.0048328564,0.0059734117,0.0070597106,0.0071597104,0.007447914,0.008087039,0.009352262,0.009654965,0.010177342,0.010317082,0.01217525,0.013050594,0.014291018,0.015555836,0.016563496,0.019090353,-0.015602933,-0.010974281,-0.008289548,-0.0043660295,0.0060937195,0.009262496,0.011576096,0.015034142
2021-01-19,0.0043714563,-0.020495951,-0.016154226,-0.014742036,-0.014316962,-0.012887059,-0.011832547,-0.010750535,-0.00899322,-0.008188116,-0.007612204,-0.0072638583,-0.0066219117,-0.005558352,-0.0048160376,-0.004187328,-0.004087328,-0.003484427,0.0037578326,0.004456606,0.005630722,0.0064117904,0.0073636123,0.008108538,0.0092120785,0.009411108,0.009511108,0.009611107,0.009711107,0.0120440405,0.013114873,0.014436777,0.015632592,0.016633287,0.019163944,-0.015137349,-0.010901291,-0.0081236465,-0.0047677956,0.005893806,0.009307681,0.0113019915,0.015078584
2021-01-20,-0.0018260021,-0.021614345,-0.016577812,-0.014869284,-0.014384899,-0.0129794665,-0.011950163,-0.010507851,-0.008966914,-0.008434905,-0.008334905,-0.008122221,-0.007902861,-0.006180598,-0.005976768,-0.0049545863,-0.0039431094,-0.003513451,0.003384265,0.0039165546,0.0049233013,0.0052638147,0.006124027,0.006563788,0.007276756,0.007530409,0.0076304087,0.008103701,0.008664302,0.01229698,0.013055771,0.014647228,0.015669487,0.016719447,0.019134602,-0.015501337,-0.010945823,-0.008667087,-0.0053020273,0.0049529383,0.008123781,0.010472976,0.015170805
2021-01-21,0.0038564764,-0.021480806,-0.0166006,-0.014862218,-0.01439884,-0.013026961,-0.011813793,-0.010618522,-0.00892199,-0.008326218,-0.007972504,-0.007872504,-0.0075379773,-0.0069619147,-0.006861915,-0.0055032545,-0.004771703,-0.004163479,0.0041860794,0.004895181,0.0052779727,0.0055187023,0.006087372,0.0069281165,0.0076203803,0.00772038,0.0079529155,0.007953992,0.009311726,0.012175944,0.0130698085,0.014532943,0.015578469,0.01660031,0.019005485,-0.0154642,-0.010908549,-0.008641636,-0.0058345706,0.0054996633,0.00817316,0.010594609,0.015076898
2021-01-22,0.0016279886,-0.022404984,-0.016667541,-0.014961782,-0.014476439,-0.013072284,-0.012066665,-0.010736424,-0.008916246,-0.008277329,-0.008013983,-0.007732236,-0.0069487817,-0.006253344,-0.0053654867,-0.004423964,-0.004323964,-0.003788572,0.003009848,0.0032443479,0.0034788407,0.0034824642,0.0036240492,0.0045150504,0.006103599,0.0067480113,0.0072623314,0.008114024,0.009321932,0.012177004,0.013112311,0.014575087,0.01563049,0.016612893,0.018683532,-0.015737582,-0.01099169,-0.0084398035,-0.005126844,0.00386382,0.007035628,0.010501157,0.015032165
2021-01-25,-0.0034873816,-0.021950984,-0.016553698,-0.015186022,-0.014482267,-0.0131203765,-0.011850957,-0.010687411,-0.008926754,-0.008467478,-0.008193353,-0.008102109,-0.00718975,-0.0063172937,-0.005555479,-0.0044011236,-0.0037972063,-0.0036972063,0.0029084706,0.0030084706,0.0031084707,0.003956467,0.0042259106,0.004661038,0.0057532843,0.00678406,0.007132662,0.008121455,0.0087572625,0.011840893,0.013038464,0.014333712,0.015145819,0.016571088,0.01910082,-0.015591656,-0.011023724,-0.008495621,-0.0051106242,0.0037470325,0.0071266713,0.010199619,0.014976996
2021-01-26,0.0031422721,-0.02199251,-0.016490115,-0.014819669,-0.014264153,-0.012902593,-0.012096167,-0.0107552335,-0.008956299,-0.008285679,-0.007992214,-0.007620646,-0.0073267897,-0.0070452685,-0.0069452687,-0.0046313577,-0.0036380684,-0.0028864983,0.003484171,0.0044123745,0.005395409,0.005645932,0.0061665657,0.0062940056,0.0067264945,0.007068225,0.007836463,0.008152288,0.009043681,0.012088478,0.01296517,0.01437132,0.015623115,0.016668834,0.018963195,-0.015549108,-0.010982608,-0.008683348,-0.005144368,0.0051328763,0.007953912,0.010548806,0.0150114
2021-01-27,-0.0063171927,-0.021932323,-0.016431196,-0.015220879,-0.0145798335,-0.012909089,-0.012129987,-0.010255323,-0.008932602,-0.008685301,-0.008136749,-0.007833743,-0.0070733344,-0.0064175273,-0.0062235994,-0.0049451636,-0.0037314813,-0.0025018218,0.0038185196,0.0046479357,0.005318758,0.005838545,0.0066252714,0.006725271,0.006825271,0.0070637027,0.0076675983,0.008116804,0.009394362,0.012054328,0.013101304,0.014625044,0.015664311,0.01662906,0.018868273,-0.015596485,-0.011044818,-0.008538039,-0.005047162,0.0052898056,0.008117075,0.01057948,0.015055602
2021-01-28,0.0025254807,-0.021882758,-0.016650774,-0.014958924,-0.014471855,-0.013132693,-0.011994261,-0.010710572,-0.008978581,-0.00875115,-0.0082007535,-0.00803492,-0.0075403987,-0.0065074824,-0.0064074825,-0.0059539196,-0.0051995204,-0.004879867,0.004258753,0.0052029877,0.0065184087,0.0066184085,0.008160468,0.008260468,0.008444846,0.00878433,0.009528817,0.010053506,0.011956899,0.012060241,0.01296878,0.014351537,0.015198934,0.016586715,0.018965565,-0.015626468,-0.011078698,-0.008644296,-0.006095142,0.0062086806,0.009463802,0.01175968,0.014986567
2021-01-29,0.0022166655,-0.019698905,-0.016106999,-0.014757613,-0.014071035,-0.012838678,-0.012112325,-0.010533246,-0.008986625,-0.00825209,-0.007808445,-0.007764076,-0.0071653016,-0.0067615896,-0.0063431184,-0.004129771,-0.0040297713,-0.0038286308,0.004891115,0.0051231934,0.006043675,0.0075050243,0.009550003,0.009650003,0.009882415,0.010146332,0.010548068,0.010648068,0.010748068,0.012094735,0.012960192,0.014604355,0.015631761,0.016580282,0.019018237,-0.014965588,-0.010928379,-0.008566858,-0.0052190735,0.006689084,0.010417828,0.011934141,0.015051561
2021-02-01,-0.005294347,-0.02189178,-0.016546259,-0.015196863,-0.014899163,-0.0131576825,-0.012103677,-0.010761463,-0.008789153,-0.008633012,-0.007886269,-0.0077330535,-0.00722192,-0.00671415,-0.0064236037,-0.005995172,-0.0051916167,-0.003909702,0.0041107615,0.004809375,0.0054075057,0.0069323895,0.0075341775,0.008517358,0.010363218,0.010463218,0.010563218,0.010663218,0.010763218,0.011822735,0.01297517,0.01430674,0.015508909,0.016549438,0.018836297,-0.015719712,-0.011096833,-0.008543034,-0.0058506294,0.0063246503,0.009800142,0.011864259,0.014898077
2021-02-02,-0.004754908,-0.021873552,-0.016542695,-0.015197238,-0.014396657,-0.013042872,-0.011992117,-0.010718023,-0.0088703055,-0.00851477,-0.007879568,-0.007525544,-0.0069037974,-0.00639543,-0.0053757792,-0.0051405663,-0.0041518896,-0.0037739866,0.0048635025,0.005820765,0.006443921,0.0068823253,0.0075880056,0.0076605836,0.0077605834,0.007860583,0.007960583,0.0092815505,0.00938155,0.012720399,0.0131695755,0.014648941,0.015363765,0.016725475,0.019114524,-0.01556958,-0.011058492,-0.008408244,-0.005193553,0.0063542193,0.009022224,0.01094157,0.015275782
2021-02-03,-0.0013790624,-0.021124693,-0.016508456,-0.014818649,-0.014360688,-0.013422012,-0.011737985,-0.010520011,-0.008938511,-0.008075399,-0.007935437,-0.007752857,-0.0075197243,-0.006959691,-0.006206304,-0.0054278076,-0.004782336,-0.0044245794,0.0045305905,0.0054009357,0.005865668,0.005908214,0.007294043,0.00819986,0.008832691,0.009069266,0.010489419,0.010589419,0.010689419,0.012424716,0.0131106125,0.014636885,0.015715657,0.016775737,0.0192058,-0.015430766,-0.010818111,-0.008618269,-0.0057187765,0.00610762,0.009515461,0.011981726,0.01523075
2021-02-04,-0.0026740965,-0.022973955,-0.016742803,-0.01522187,-0.015012266,-0.013586348,-0.012171507,-0.010547756,-0.008964104,-0.008038823,-0.007873159,-0.0072119497,-0.00711195,-0.006084789,-0.0056781527,-0.0054101488,-0.0048001525,-0.003922879,0.004666449,0.004712003,0.0052557723,0.0063863234,0.0066111973,0.006833498,0.00697907,0.00707907,0.007705979,0.007974192,0.009593329,0.011703044,0.012937399,0.014323677,0.01555622,0.016519263,0.018792458,-0.016097376,-0.010988812,-0.008441102,-0.0054046563,0.0055999234,0.0080402,0.010506554,0.014855167
2021-02-05,0.0038265658,-0.021166068,-0.016488805,-0.01481368,-0.014393177,-0.013018264,-0.012144771,-0.0106906295,-0.008873292,-0.008277252,-0.007880641,-0.0075322455,-0.0065615205,-0.00623633,-0.005609011,-0.0049744383,-0.0042496794,-0.0034282857,0.0028905228,0.003929449,0.0046134405,0.005906232,0.0065160217,0.006548961,0.007020081,0.0072345072,0.0072864895,0.008261489,0.009414535,0.012282778,0.0130786365,0.014428096,0.015573824,0.01653391,0.018827735,-0.015442217,-0.010959925,-0.008339311,-0.005158732,0.004871945,0.008168751,0.010563822,0.015030232
2021-02-08,0.0018673405,-0.021641284,-0.016508939,-0.014849345,-0.01440128,-0.012907721,-0.012011148,-0.010850278,-0.008832626,-0.008594503,-0.008146501,-0.007893171,-0.007174494,-0.0064113713,-0.006138996,-0.0048309555,-0.0042215767,-0.0035147853,0.0042076483,0.0047246916,0.005348652,0.0059147924,0.006169153,0.0065884,0.0069280732,0.007028876,0.0072384514,0.008099608,0.008599134,0.011706419,0.012912459,0.014300538,0.015317398,0.016625887,0.018810589,-0.015494074,-0.01102758,-0.0085152285,-0.005319897,0.0054247715,0.007918491,0.010192202,0.01487118
2021-02-09,0.0042037927,-0.0210336,-0.016433604,-0.015096506,-0.014161259,-0.013476386,-0.012206631,-0.010913762,-0.008866367,-0.008123011,-0.0081055695,-0.007991662,-0.007162666,-0.0064014033,-0.005391835,-0.0051841354,-0.00412639,-0.0037235813,0.004826573,0.0056137745,0.006307572,0.0068682684,0.007020573,0.007120573,0.007220573,0.0073205726,0.007625484,0.007870526,0.0093763955,0.011738958,0.013088386,0.014634189,0.015612256,0.016630137,0.018881477,-0.015462296,-0.011041256,-0.008548526,-0.0052835206,0.006167352,0.00821424,0.010444724,0.014994629
2021-02-10,0.002744658,-0.022459636,-0.016588166,-0.014945787,-0.014452893,-0.013097523,-0.012091713,-0.010908579,-0.009001798,-0.008667225,-0.008465264,-0.008365264,-0.007294159,-0.005917033,-0.005741372,-0.004827065,-0.003396464,-0.0026138546,0.003996076,0.004937542,0.005246731,0.006935069,0.0070350687,0.0071350685,0.007348756,0.0076049375,0.008407516,0.010176641,0.010276641,0.011909574,0.012816255,0.014370951,0.015227087,0.016724467,0.019265695,-0.015737986,-0.01112302,-0.008553994,-0.004988804,0.005692835,0.008772258,0.011199492,0.015017388
2021-02-11,-0.0001051075,-0.021487419,-0.016464064,-0.014799081,-0.0142565975,-0.013439164,-0.011850657,-0.010449274,-0.008862109,-0.008239971,-0.00802152,-0.0075929696,-0.0062108943,-0.005658664,-0.0050656,-0.003972994,-0.0031252434,-0.0020464843,0.0036487258,0.0046015223,0.0057924096,0.007388681,0.008494158,0.00886464,0.00896464,0.00906464,0.009700621,0.010039295,0.010139295,0.012105008,0.012967782,0.014426847,0.015678184,0.016690519,0.019009985,-0.01549958,-0.010840218,-0.00812077,-0.004360658,0.0060791955,0.009713548,0.01153248,0.015040028
2021-02-12,-0.00083713245,-0.020679437,-0.016437393,-0.015131514,-0.014406982,-0.013099371,-0.012080035,-0.010692407,-0.008395749,-0.007424455,-0.006847866,-0.006613923,-0.0063648755,-0.0056893937,-0.0051654107,-0.004158696,-0.0032994477,-0.0029518271,0.0030969984,0.003792513,0.0043956977,0.004417842,0.004713834,0.005595825,0.0056322305,0.0072980835,0.0073980833,0.008167949,0.009440528,0.012560306,0.012992946,0.01468023,0.015337031,0.01680574,0.019146005,-0.015340644,-0.010744832,-0.007875584,-0.004437861,0.0042670565,0.0076671997,0.01058078,0.0152370455
2021-02-15,0.0009813948,-0.021835705,-0.016622901,-0.015208917,-0.01445662,-0.013214491,-0.012244443,-0.010517614,-0.009055812,-0.0075058956,-0.0068455557,-0.006745556,-0.0058996496,-0.005372077,-0.004721673,-0.0041170623,-0.0034155068,-0.0027944497,0.0012525038,0.0022906428,0.0025924596,0.003974332,0.0048532765,0.005348768,0.0061914353,0.0071941414,0.007950385,0.008837383,0.009358402,0.012126901,0.013109015,0.014401497,0.01534448,0.016680388,0.019155556,-0.015674833,-0.010906537,-0.007883508,-0.0043588495,0.0032602749,0.007672094,0.010723511,0.015094672
2021-02-16,-0.0010020226,-0.021968156,-0.016633302,-0.014970995,-0.014458078,-0.013059295,-0.012183611,-0.010423959,-0.008887664,-0.0072712353,-0.0064350558,-0.0059713703,-0.005562889,-0.0049596042,-0.0040490837,-0.0028799276,-0.0024118242,-0.0015361599,0.0019077711,0.0032736403,0.0037152206,0.004367829,0.004969563,0.005790801,0.006555714,0.007197561,0.007276587,0.0077185035,0.009318234,0.012089746,0.013089398,0.014542712,0.015576887,0.016554765,0.019237313,-0.015660489,-0.010747493,-0.007605765,-0.003369673,0.003964035,0.0075532347,0.010395992,0.015102786
2021-02-17,-0.0071816086,-0.021234175,-0.016505335,-0.015161262,-0.014358741,-0.013067542,-0.0121690035,-0.010440974,-0.008921165,-0.0076141297,-0.006668826,-0.006028185,-0.005248417,-0.0048559206,-0.0039200736,-0.0022890812,-0.0016691514,-0.0015313454,0.0017745253,0.0026602044,0.002890928,0.003936973,0.004973617,0.005748792,0.006311575,0.006431836,0.007012408,0.00755637,0.009383285,0.012124321,0.013003474,0.014391066,0.015174097,0.016539501,0.018953096,-0.01546696,-0.010861306,-0.0075726667,-0.0030875672,0.0035148412,0.0073669874,0.010250097,0.015002293
2021-02-18,0.0033166977,-0.021819621,-0.016473437,-0.014795663,-0.014328545,-0.013162684,-0.012053204,-0.010533141,-0.008876501,-0.0073625613,-0.006526081,-0.0061126477,-0.0057042306,-0.004633848,-0.0045395317,-0.0024138049,-0.0019294139,-0.0015794898,0.0014464678,0.0027259698,0.0028190787,0.004207413,0.0049219453,0.0057321973,0.007391701,0.007491701,0.007850799,0.007950799,0.009447987,0.011595259,0.01311082,0.014404197,0.015218985,0.01662914,0.018853812,-0.015567498,-0.010724214,-0.007558773,-0.0033149775,0.003718126,0.0075383806,0.010412766,0.014918646
2021-02-19,0.0045866333,-0.021972107,-0.01648966,-0.015142952,-0.014401259,-0.013126621,-0.011855993,-0.010636396,-0.008886485,-0.0069973813,-0.006213595,-0.0060476745,-0.005535485,-0.004832086,-0.003899697,-0.0025056205,-0.0015500967,-0.0014500967,0.0010996877,0.0016425698,0.0034149257,0.003995527,0.0046770764,0.005741651,0.007909601,0.0080096,0.0081096,0.0082096,0.009405648,0.011960858,0.013065181,0.014277612,0.015512753,0.016532894,0.018875461,-0.015569128,-0.010703841,-0.0074647292,-0.003090637,0.0036124624,0.0077197575,0.010639692,0.014942402
2021-02-22,0.00089009403,-0.02204868,-0.01666608,-0.014942748,-0.014539571,-0.013112177,-0.011939446,-0.010661041,-0.008536303,-0.0073383125,-0.006577455,-0.0063905464,-0.0055443607,-0.0050798156,-0.00373562,-0.002497419,-0.0013622083,-0.0012382042,0.0017124378,0.0029509778,0.0032348668,0.005145519,0.0053490195,0.005441812,0.006337472,0.0064374716,0.0071829967,0.007399165,0.009280015,0.012382637,0.013026606,0.014409877,0.015661508,0.016660912,0.01892894,-0.015661191,-0.01068357,-0.0075354762,-0.0030447994,0.0038762547,0.0074020214,0.010381265,0.015081795
2021-02-23,0.0016585697,-0.022762127,-0.016749294,-0.015017982,-0.014488879,-0.013194654,-0.01238814,-0.010659638,-0.008821799,-0.007437309,-0.0063963006,-0.0063794605,-0.0055398974,-0.00519721,-0.0045193825,-0.0023085645,-0.0013480476,-0.0009771705,0.0044243624,0.0049028406,0.005910211,0.006560804,0.0066608037,0.006839413,0.006939413,0.007039413,0.0071394127,0.0072394125,0.00931632,0.011405801,0.012830945,0.014271337,0.015115973,0.016554872,0.018984243,-0.01591662,-0.010864974,-0.0076686693,-0.0031065252,0.005747526,0.00783697,0.010043384,0.01480944
2021-02-24,-0.0030187552,-0.022209117,-0.016686011,-0.014855201,-0.01436135,-0.013209489,-0.012119897,-0.010410507,-0.00881553,-0.007472986,-0.006699286,-0.006380774,-0.005306395,-0.0050728475,-0.0039651096,-0.0027887144,-0.00192404,-0.0013471039,0.0023800246,0.0024800247,0.0038698472,0.0059164083,0.0061670803,0.00626708,0.00636708,0.0064670797,0.0065670796,0.0066670794,0.009316054,0.01144234,0.012811819,0.014638616,0.015687894,0.016731707,0.018989464,-0.015717173,-0.010734824,-0.007602791,-0.0032811486,0.004202677,0.007402132,0.00993609,0.01492279
2021-02-25,0.008278725,-0.021721214,-0.0166098,-0.014930038,-0.014830038,-0.013138605,-0.011949167,-0.010531949,-0.008836874,-0.007441669,-0.0070181135,-0.0068205926,-0.0055451025,-0.0054451027,-0.005041795,-0.0029773663,-0.0025759484,-0.0023912673,0.0030824717,0.0038103212,0.0045891018,0.0067494134,0.0071066213,0.0072351727,0.0073351725,0.0074655735,0.0075655733,0.007665573,0.009325919,0.011163371,0.012858109,0.014274517,0.015007371,0.016406914,0.018544717,-0.015649766,-0.010737939,-0.0077588717,-0.003961394,0.005113296,0.008127262,0.010145562,0.014649527
2021-02-26,-0.0069391346,-0.022662645,-0.016604137,-0.015184979,-0.014889111,-0.013085696,-0.012112049,-0.01201205,-0.0088384645,-0.0079591265,-0.007788564,-0.007302112,-0.0063300706,-0.0062300707,-0.0055090263,-0.0037917858,-0.0031578958,-0.0030578957,0.0019358065,0.00270341,0.003213269,0.0040503913,0.004960234,0.005187647,0.005950765,0.0073345834,0.007843334,0.008139744,0.009404675,0.0114243515,0.012795762,0.0144874,0.015502445,0.016528482,0.01881499,-0.015870728,-0.011221333,-0.008259843,-0.004563743,0.0035707285,0.007409312,0.01046291,0.014810197
2021-03-01,-0.007354783,-0.022228332,-0.016624412,-0.014934903,-0.01468323,-0.013225374,-0.012270521,-0.011930879,-0.009834977,-0.009193639,-0.008364779,-0.0076466775,-0.0075626406,-0.0074626408,-0.0071019866,-0.0070019867,-0.0059564626,-0.0058564628,0.0020007817,0.0032176233,0.004609772,0.0061355676,0.0073732142,0.0077330386,0.008283773,0.009015978,0.009198378,0.009298378,0.010343124,0.0120181795,0.0133112725,0.014437185,0.015680676,0.016721187,0.019012595,-0.015806373,-0.011632984,-0.009099112,-0.006712715,0.0048495037,0.009087758,0.011307748,0.015100082
2021-03-02,0.0010181748,-0.022090213,-0.016499657,-0.015221458,-0.014826015,-0.012950377,-0.011987165,-0.01058074,-0.00883003,-0.008104471,-0.0076716393,-0.0075477953,-0.0062858467,-0.006185847,-0.006043704,-0.0039429953,-0.0032887633,-0.0028688582,0.0028107408,0.0041478937,0.0052432097,0.006195199,0.006295199,0.006814322,0.006914322,0.007281821,0.007360655,0.008103089,0.009142488,0.011542201,0.012851778,0.014411021,0.01518763,0.016685963,0.018829446,-0.015670685,-0.0109447725,-0.008192105,-0.004738423,0.005062273,0.008007327,0.010267213,0.0148640815
2021-03-03,0.0009011837,-0.021206433,-0.016426528,-0.014856961,-0.014406648,-0.012886297,-0.012161709,-0.010560515,-0.008939524,-0.007985062,-0.007603869,-0.0071467697,-0.0066942256,-0.006381442,-0.006132648,-0.004540226,-0.00356141,-0.0030898973,0.0021734983,0.0031310574,0.0038299335,0.0044978554,0.005615584,0.0069377157,0.007380978,0.007863415,0.007963415,0.008063415,0.009499448,0.011449613,0.012795834,0.0143281175,0.01554957,0.016534567,0.019102074,-0.015417522,-0.0109007545,-0.008356154,-0.0048941905,0.004202665,0.007985948,0.010505092,0.014842041
2021-03-04,-0.0027371373,-0.022009645,-0.01652306,-0.015021259,-0.014509192,-0.01316996,-0.012143118,-0.010646717,-0.008839641,-0.008354267,-0.0077588647,-0.0073435334,-0.007091231,-0.0068729073,-0.0063702506,-0.0047948533,-0.004583765,-0.004308014,0.0016696021,0.0032288895,0.00385121,0.004888331,0.0060669966,0.0067494926,0.007164253,0.007802673,0.007902673,0.008002673,0.009131604,0.010477646,0.012582844,0.014511328,0.015455925,0.016536543,0.019027453,-0.015670996,-0.011001,-0.008541153,-0.005480083,0.0041604573,0.007819897,0.010194104,0.014627161
2021-03-05,-0.011097572,-0.021881757,-0.016463583,-0.014827602,-0.014365147,-0.013019877,-0.012094004,-0.010675271,-0.008817046,-0.008301808,-0.007817625,-0.0070097838,-0.006909784,-0.0066769565,-0.0060531856,-0.003804398,-0.0035699704,-0.00312286,0.00076951133,0.0016197485,0.0027507737,0.0035815933,0.005274893,0.0058172727,0.007131085,0.0072310846,0.0073310845,0.0074310843,0.009162098,0.011586979,0.01302397,0.014583211,0.01579498,0.01682564,0.019347234,-0.015564874,-0.010943146,-0.008463083,-0.0047120396,0.0031705424,0.007468262,0.010261245,0.0150734065
2021-03-08,-0.0041637667,-0.02198396,-0.016473254,-0.014884986,-0.014395284,-0.012977773,-0.012030217,-0.0104114525,-0.008860424,-0.008184532,-0.008173918,-0.007721801,-0.0072764335,-0.0071764337,-0.005804472,-0.0039367275,-0.0032298802,-0.0031809814,0.0034309777,0.0046627787,0.005119298,0.006422527,0.0068986714,0.0073042405,0.007658419,0.007758419,0.008657216,0.008757216,0.009746991,0.011925124,0.012868126,0.014547585,0.015534603,0.016584262,0.018867584,-0.015572098,-0.010874322,-0.008703486,-0.0047747726,0.0054588006,0.008528734,0.010924229,0.014958535
2021-03-09,0.0023669945,-0.021060796,-0.016404938,-0.014751981,-0.014307559,-0.012825535,-0.011990888,-0.010790646,-0.008814157,-0.008181509,-0.0077973236,-0.007466978,-0.007366978,-0.00693769,-0.005635779,-0.0054200594,-0.0046525756,-0.004439625,0.0023669729,0.0035060372,0.00461837,0.0053421515,0.006077765,0.0063762767,0.00688848,0.007033816,0.007427227,0.0075970115,0.009208668,0.011244808,0.012779747,0.014604089,0.015633523,0.016616777,0.019029316,-0.015317944,-0.010905836,-0.008581407,-0.005523003,0.0045444025,0.007665935,0.010222248,0.014854947
2021-03-10,0.0008494034,-0.022650216,-0.016636943,-0.014986459,-0.01449269,-0.013108332,-0.012142479,-0.010219722,-0.008751431,-0.008174097,-0.0077873883,-0.0075642955,-0.00751447,-0.0068716495,-0.00603441,-0.0049449443,-0.0046657273,-0.0040750024,0.0042684986,0.0043531004,0.005113768,0.0053115287,0.0063439123,0.0076121325,0.0077121323,0.008289013,0.008442519,0.008542519,0.009231068,0.010960475,0.013067035,0.014249571,0.015448159,0.01646395,0.019002365,-0.015806133,-0.010854838,-0.008613484,-0.0054568755,0.0053518056,0.0083496105,0.010524948,0.0147486795
2021-03-11,0.0052736723,-0.022445278,-0.016701126,-0.015194875,-0.015094875,-0.013134765,-0.012228593,-0.010321873,-0.008813332,-0.008281421,-0.0078029763,-0.0077955658,-0.007695566,-0.0071400227,-0.006060996,-0.0059943777,-0.0054186285,-0.0050986027,0.0040294724,0.004129472,0.0043544327,0.0053497646,0.005857606,0.005957606,0.0064822687,0.0077735526,0.007873553,0.008520974,0.009138186,0.011160206,0.013115866,0.01453648,0.0155261215,0.01653185,0.019078726,-0.015920928,-0.010968019,-0.008736098,-0.0060736337,0.004869082,0.0078539895,0.0104438085,0.014884626
2021-03-12,-0.0018078572,-0.02158203,-0.016540088,-0.015264592,-0.014481742,-0.013177686,-0.012237951,-0.01068068,-0.008869796,-0.008019411,-0.0076657664,-0.0075657666,-0.007265349,-0.006873142,-0.00659488,-0.005757457,-0.005013992,-0.0038190172,0.0037708024,0.0047897957,0.0048897956,0.0059126616,0.0077715344,0.008489294,0.009275808,0.009898847,0.011111908,0.011321374,0.011421374,0.011925374,0.013016658,0.01431695,0.01553927,0.016511174,0.018634574,-0.0156039,-0.011014486,-0.008582401,-0.0057502226,0.0057277726,0.009881285,0.01226386,0.014880946
2021-03-15,-0.0018174258,-0.022094654,-0.016578326,-0.014929664,-0.014451115,-0.013087074,-0.012157852,-0.01066011,-0.008738742,-0.0080270665,-0.0077447393,-0.0076447395,-0.0075447396,-0.0072211525,-0.006827626,-0.0056964634,-0.0048872326,-0.0044801324,0.0052939896,0.0057976097,0.005965495,0.0065460107,0.008394571,0.009867699,0.009967699,0.011795896,0.011895896,0.011995896,0.012095896,0.012195895,0.013019304,0.01436975,0.015575378,0.016681725,0.019165825,-0.015673805,-0.010902687,-0.008681444,-0.0059072385,0.0067141606,0.010849992,0.012751793,0.015086499
2021-03-16,-0.0017807985,-0.02190308,-0.016626636,-0.0149142565,-0.014391508,-0.01302516,-0.012159292,-0.010667168,-0.008823761,-0.008199261,-0.0077514485,-0.0074107796,-0.0073253573,-0.0061748563,-0.005725851,-0.004682292,-0.0039789793,-0.003072983,0.0056658457,0.0057658455,0.0061189868,0.0073958836,0.008037796,0.009121749,0.009697644,0.009797644,0.009897644,0.0099976435,0.010097643,0.010747291,0.0127881905,0.01421551,0.015439488,0.01636381,0.018523337,-0.015621136,-0.010952747,-0.008446943,-0.004974177,0.006928841,0.009540425,0.011235942,0.014527628
2021-03-17,0.00082359347,-0.021717716,-0.016606025,-0.015233285,-0.014870393,-0.013015575,-0.011935809,-0.010702451,-0.008860843,-0.008343592,-0.0078044794,-0.0073840567,-0.007128836,-0.006292511,-0.005514825,-0.0043051443,-0.0041102963,-0.003613791,0.004728299,0.0051301606,0.0061247996,0.0064363503,0.008251439,0.008835209,0.010029269,0.010129269,0.010229269,0.010329269,0.010429269,0.011355127,0.01302159,0.014466847,0.015198203,0.016410127,0.018689662,-0.015629103,-0.011015196,-0.008404495,-0.0049856226,0.006489776,0.009780062,0.011508228,0.01478867
2021-03-18,0.0018548016,-0.021428915,-0.016551854,-0.014832176,-0.014592347,-0.013009966,-0.012366889,-0.01069266,-0.008792751,-0.008151341,-0.008051341,-0.00761515,-0.00751515,-0.006606528,-0.0061336295,-0.0054640984,-0.0043904157,-0.0026779512,0.0060994816,0.006792965,0.0068929647,0.0069929645,0.0070929644,0.007254499,0.0074689244,0.007568924,0.0077213775,0.007944018,0.009167155,0.011392307,0.0127574345,0.014306633,0.01547822,0.01653566,0.018727515,-0.015589994,-0.010967163,-0.008666532,-0.005256249,0.0068494603,0.008250542,0.010340615,0.014743909
2021-03-19,-0.0014411598,-0.022517199,-0.01673468,-0.015262602,-0.015007953,-0.013046439,-0.012075838,-0.010478936,-0.008836329,-0.008320763,-0.008037982,-0.007941507,-0.0077565736,-0.006719196,-0.0061922525,-0.004862384,-0.0044178027,-0.003933881,0.006109317,0.0071374024,0.0073747127,0.007581175,0.007818275,0.009273033,0.0093730325,0.009473032,0.009573032,0.009673032,0.010625451,0.012264856,0.013093829,0.014551591,0.01555012,0.016610356,0.018920098,-0.015876422,-0.0109948935,-0.008685184,-0.0054695653,0.007515128,0.009700445,0.011537299,0.015088147
2021-03-22,0.0019378469,-0.022451656,-0.01649192,-0.015153035,-0.0147860525,-0.013039586,-0.012107039,-0.010515748,-0.008792113,-0.008363565,-0.007874036,-0.007527727,-0.007186706,-0.0061793323,-0.0056754733,-0.0044526234,-0.003565811,-0.003141653,0.0066453386,0.0074328347,0.0077523678,0.007852368,0.008050162,0.008150162,0.008238088,0.008338088,0.008438088,0.008538088,0.009286644,0.011392359,0.0128713455,0.014429377,0.015647558,0.01659421,0.01902967,-0.015775252,-0.0109863,-0.008427845,-0.004872658,0.0075841993,0.008893772,0.010660547,0.014863392
2021-03-23,-0.005024334,-0.021443546,-0.016411206,-0.0151143605,-0.014292523,-0.0130197,-0.0121465335,-0.010638602,-0.008791235,-0.0086694965,-0.008076427,-0.00780547,-0.006754665,-0.006333504,-0.0060601053,-0.004949626,-0.0034304464,-0.0028314425,0.0054839654,0.006253118,0.0069619175,0.007843573,0.0079435725,0.008043572,0.008143572,0.008243572,0.008343572,0.008443572,0.009088132,0.010934923,0.01286976,0.014283544,0.015543333,0.016618226,0.018787194,-0.015462701,-0.011072045,-0.008420473,-0.005015418,0.0069372295,0.008721842,0.010470706,0.014698729
2021-03-24,-0.0035164768,-0.021808047,-0.01658669,-0.014882144,-0.014377843,-0.013123503,-0.01227624,-0.010437379,-0.00880566,-0.008455426,-0.007804815,-0.0075413496,-0.0068598427,-0.0063181557,-0.0053581316,-0.0048829117,-0.003923897,-0.002659212,0.005252085,0.0055528507,0.0062376456,0.006839392,0.0075397957,0.0076397955,0.0077397954,0.008277772,0.008377772,0.008477772,0.009225269,0.011296358,0.012908497,0.014430214,0.015682181,0.016680637,0.019043917,-0.015634466,-0.010971369,-0.008412942,-0.0048731,0.0063243536,0.008646298,0.010611871,0.014871923
2021-03-25,-0.0045749126,-0.021975162,-0.016574172,-0.014948074,-0.014875737,-0.01311999,-0.011853409,-0.010500354,-0.008816526,-0.008238647,-0.007903276,-0.007739125,-0.007639125,-0.00724191,-0.0072291736,-0.006689108,-0.005543986,-0.004806324,0.0048205433,0.005935478,0.0065179868,0.0069173174,0.007962678,0.008062677,0.008162677,0.008262677,0.008362677,0.008462677,0.009252087,0.011500887,0.012837852,0.014393151,0.015324712,0.016652208,0.019025108,-0.015679693,-0.010871401,-0.008690849,-0.0064015435,0.0064708004,0.008850319,0.010580609,0.01488184
2021-03-26,0.0017371187,-0.0216896,-0.016545767,-0.0151469875,-0.0148027055,-0.0132331,-0.011894125,-0.010477816,-0.008867087,-0.008042337,-0.0077595757,-0.007659576,-0.006880763,-0.0065797684,-0.0060451794,-0.0048198774,-0.0041832174,-0.0033603648,0.0027423692,0.0032614772,0.0032743495,0.0044090003,0.0048515424,0.0053406986,0.005754983,0.0062671127,0.007296455,0.008138454,0.009311531,0.011142729,0.0129823955,0.014372031,0.01551158,0.016515322,0.018623445,-0.01563306,-0.010885671,-0.008396263,-0.005213643,0.0038884357,0.007148107,0.01028015,0.014727185
2021-03-29,-0.0015864065,-0.02180093,-0.016393295,-0.014816061,-0.014341386,-0.013014285,-0.012151738,-0.010620934,-0.008851435,-0.008479323,-0.007662227,-0.0071882005,-0.0063038794,-0.0058393194,-0.005382836,-0.0042963396,-0.0037029039,-0.0031465162,0.0031598501,0.0039598476,0.0056649167,0.005814821,0.005914821,0.0060148207,0.006664101,0.0071140067,0.0075059305,0.008237265,0.008755552,0.011199123,0.012801444,0.014291054,0.015554579,0.016636403,0.019122582,-0.015540327,-0.010983897,-0.00816172,-0.004743359,0.005052707,0.0076960074,0.010250489,0.014810121
2021-03-30,-0.0046464214,-0.022104211,-0.016645666,-0.014940031,-0.014393404,-0.013074962,-0.011728513,-0.010367687,-0.00887368,-0.008386199,-0.0082861995,-0.007325553,-0.007225553,-0.0062361895,-0.0061191074,-0.0052878084,-0.003993871,-0.0033818868,0.004099283,0.0043763057,0.0044867503,0.0056394306,0.0057394304,0.005936842,0.006142415,0.006595218,0.007993712,0.008093712,0.009358351,0.01130813,0.01297551,0.014453817,0.015341448,0.016438432,0.018773014,-0.015589351,-0.010859222,-0.008470027,-0.0052216453,0.0049488368,0.0075346665,0.010419071,0.014789781
2021-03-31,0.0015980469,-0.021906612,-0.016573742,-0.014952136,-0.014431831,-0.013043623,-0.011998703,-0.010547215,-0.0084289,-0.0071907504,-0.006565491,-0.0065566883,-0.0065082414,-0.0064082416,-0.0052193953,-0.004412813,-0.0036684754,-0.002813409,0.003645283,0.004260389,0.0052960264,0.007016997,0.008042519,0.008625535,0.008740629,0.008840629,0.009805173,0.0099051725,0.010005172,0.0114002265,0.013019291,0.01462098,0.01572886,0.016740454,0.01918511,-0.0155909015,-0.010623542,-0.007981915,-0.004534156,0.0057918653,0.009362816,0.011368921,0.014993213
2021-04-01,0.0025006074,-0.021845154,-0.016485311,-0.015230086,-0.014778857,-0.013086206,-0.011850481,-0.010641186,-0.00879027,-0.007933512,-0.0073157316,-0.007257226,-0.007093596,-0.0057071857,-0.005187139,-0.004104033,-0.0035326711,-0.0027599365,0.0036461358,0.0040016966,0.005041204,0.006162132,0.007827094,0.0083204005,0.0084204,0.008452803,0.010068995,0.010168995,0.010268995,0.010591108,0.012847038,0.014544752,0.015657824,0.016672267,0.019186104,-0.015609202,-0.010889107,-0.008151452,-0.0045682015,0.005454314,0.00907208,0.011351183,0.014768253
2021-04-06,0.006722259,-0.021463335,-0.016518043,-0.0149174,-0.01464186,-0.013081184,-0.011902885,-0.010433252,-0.008778842,-0.0074056387,-0.0068083005,-0.0066992156,-0.006599216,-0.00652224,-0.0056159566,-0.004541127,-0.0036878707,-0.003192019,0.0038663312,0.003966331,0.0046224534,0.0066095246,0.007736788,0.007836788,0.007867916,0.007967915,0.008067915,0.009025917,0.009087892,0.011396064,0.012932384,0.014333517,0.015444711,0.01644621,0.018881684,-0.015521461,-0.010687603,-0.008122297,-0.0047472375,0.005386511,0.008792695,0.0106045,0.0147979725
2021-04-07,0.0032244131,-0.02164817,-0.016336087,-0.01488004,-0.01445529,-0.012969507,-0.011967045,-0.010223981,-0.008793981,-0.00706164,-0.0067293467,-0.006629347,-0.0065998314,-0.006335647,-0.005650144,-0.0044399397,-0.0036608872,-0.0027623076,0.0032710144,0.0039595147,0.004730631,0.006600808,0.0074572805,0.008224403,0.008324402,0.0084757935,0.008575793,0.008675793,0.009087286,0.010970855,0.012943545,0.01453831,0.015529103,0.01654615,0.018777149,-0.015475219,-0.010585337,-0.00808517,-0.004628525,0.005377274,0.008760825,0.010567767,0.0147552015
2021-04-08,0.0011978163,-0.02151441,-0.01654777,-0.014871063,-0.014393195,-0.013002799,-0.011768043,-0.010596155,-0.008833658,-0.007695167,-0.0070962505,-0.0070867166,-0.006461073,-0.0064074304,-0.0059301076,-0.005266322,-0.003891161,-0.0030611265,0.0035270674,0.004132821,0.005093065,0.0060151936,0.0071640057,0.008262093,0.008362093,0.008462093,0.008562093,0.008563704,0.009205242,0.011521461,0.012897129,0.014695688,0.015286311,0.016750561,0.019120151,-0.015445243,-0.010752817,-0.008113291,-0.0050470866,0.005426048,0.008794672,0.010627762,0.014996998
2021-04-09,-0.00062184484,-0.022193188,-0.016397947,-0.014883521,-0.01445127,-0.012976359,-0.012037706,-0.01063285,-0.008740372,-0.0077213654,-0.0064401217,-0.0061947037,-0.005258982,-0.0051058014,-0.003900447,-0.0021950006,-0.0020950006,-0.0014524631,0.003642185,0.0042248713,0.006058005,0.007228416,0.0074877595,0.007529079,0.0076409527,0.0076900255,0.008104495,0.008147874,0.009217132,0.011380687,0.012727493,0.0143523505,0.015541443,0.016582003,0.01907275,-0.015611294,-0.010803163,-0.0075165965,-0.003167523,0.0057588858,0.0084470855,0.010478326,0.014823057
2021-04-12,0.00091372646,-0.022539856,-0.016561743,-0.01490752,-0.014392114,-0.013076887,-0.012084878,-0.010391657,-0.00878515,-0.0070910202,-0.006120555,-0.005831057,-0.0057310574,-0.0056310575,-0.0047457297,-0.0023683489,-0.0018662276,-0.0014744466,0.0026092737,0.0033063467,0.0045565446,0.006603121,0.0073079676,0.008563895,0.008663895,0.008763894,0.008863894,0.008963894,0.009072317,0.011107737,0.012915011,0.014712348,0.01572925,0.016754434,0.019140594,-0.015731096,-0.010652045,-0.0076705394,-0.0032571622,0.005147836,0.008941477,0.010747418,0.014926026
2021-04-13,0.0026084492,-0.02231404,-0.016713286,-0.0149795925,-0.014500809,-0.013268025,-0.012045975,-0.010389732,-0.008819677,-0.007180219,-0.0063885315,-0.00586234,-0.005146147,-0.0049440437,-0.0036882975,-0.0017575315,-0.0016279028,-0.001191891,0.00233136,0.0034696946,0.005265575,0.006240156,0.006950336,0.007628174,0.007798143,0.0078981435,0.007998143,0.008098143,0.009029741,0.010397564,0.012918865,0.014402654,0.0152202,0.016612323,0.018920552,-0.015768427,-0.010683039,-0.0074688746,-0.0028255924,0.005020986,0.008194473,0.010148758,0.014650392
2021-04-14,0.003004691,-0.021313015,-0.016505888,-0.015389916,-0.014668321,-0.013086364,-0.012118265,-0.010405905,-0.008828699,-0.0073063043,-0.0062396484,-0.0061411997,-0.00511098,-0.004776484,-0.00401763,-0.0025998543,-0.0024115138,-0.0017120957,0.0031454584,0.0046912543,0.0060673477,0.0061673475,0.0062027373,0.0067450553,0.006845055,0.006945055,0.007045055,0.0071450546,0.008948774,0.010481998,0.012795898,0.014538105,0.015569669,0.016543316,0.018816723,-0.01553837,-0.010809818,-0.0074148155,-0.0033764585,0.0053832927,0.0075039803,0.00983811,0.014635208
2021-04-15,-0.0009420455,-0.022789394,-0.016730495,-0.015282014,-0.015125169,-0.013837086,-0.012292882,-0.010577437,-0.008461043,-0.007380248,-0.006263436,-0.006163436,-0.0052301907,-0.0049087135,-0.004152001,-0.0027742595,-0.0019378858,-0.0014386922,0.0028653922,0.0037211564,0.004033182,0.004993857,0.0058908165,0.0061658113,0.006413518,0.006513518,0.0066135176,0.0067135175,0.008768945,0.011472378,0.012896184,0.014656818,0.015708478,0.01673198,0.019064113,-0.016155006,-0.010798724,-0.007431254,-0.0032932549,0.004405421,0.0073512075,0.009855367,0.014964295
2021-04-16,0.00129691,-0.02244578,-0.016732562,-0.015191695,-0.014462686,-0.013222443,-0.012173556,-0.01027903,-0.008646429,-0.0071818824,-0.006405357,-0.0056820177,-0.004959367,-0.0046221456,-0.004366161,-0.003032428,-0.0017832991,-0.0013663974,0.0022662454,0.0026676287,0.003662263,0.0048849005,0.0052287164,0.0059168884,0.006016888,0.006116888,0.006216888,0.006763055,0.009150922,0.011280665,0.0128037175,0.014283579,0.015526559,0.016523825,0.018794196,-0.015807405,-0.010694519,-0.00736137,-0.0032460608,0.003899585,0.007061243,0.009787618,0.014737196
2021-04-19,0.0041301157,-0.02227159,-0.016638571,-0.0149878245,-0.014544701,-0.013247187,-0.012106326,-0.0105268,-0.008912875,-0.007398384,-0.0064997207,-0.0056516123,-0.0055516125,-0.0054516126,-0.005185752,-0.002922544,-0.0024598052,-0.0017935941,0.0020142568,0.0030629148,0.0035762787,0.0044829925,0.005658118,0.006036863,0.006386699,0.006486699,0.006586699,0.006633397,0.009251318,0.011342258,0.013068492,0.014587733,0.015591386,0.01670493,0.01892578,-0.015761675,-0.010786442,-0.0077044293,-0.0036026617,0.0039046283,0.0072314674,0.009881011,0.014925839
2021-04-20,0.0013168801,-0.021667447,-0.01657551,-0.0152115,-0.014759575,-0.013462826,-0.011822198,-0.010186236,-0.008802226,-0.007005343,-0.0064813755,-0.0061655063,-0.0053555155,-0.0045149685,-0.0041356487,-0.0030242824,-0.0017359016,-0.0015163723,0.0036701306,0.0037701307,0.0038701307,0.004545622,0.005750963,0.0060766875,0.0063335197,0.0064335195,0.0065335194,0.006633519,0.009230128,0.011379045,0.012841285,0.014646954,0.015678296,0.016668737,0.018949213,-0.01565751,-0.010605501,-0.0073952572,-0.0033155424,0.004437907,0.0072547467,0.009890902,0.014897047
2021-04-21,-0.0008908853,-0.022337979,-0.016652059,-0.01495246,-0.014474775,-0.013176975,-0.012448777,-0.01046722,-0.008450621,-0.007291135,-0.0067402488,-0.0067213723,-0.0057330155,-0.004719306,-0.0043164943,-0.0033658806,-0.001952965,-0.0014161663,0.0028525242,0.0033576903,0.0037264745,0.0044901604,0.00525221,0.006330644,0.0064306436,0.0065306434,0.0066306433,0.006730643,0.009199012,0.011269751,0.012814124,0.0146894455,0.015632719,0.01669397,0.019030146,-0.015818113,-0.010722043,-0.007618393,-0.0035545756,0.0041714986,0.007222778,0.009892554,0.014899488
2021-04-22,-0.0018361888,-0.021660227,-0.016411008,-0.014957836,-0.014370177,-0.01284953,-0.011927694,-0.010476541,-0.008839142,-0.007771404,-0.0068489034,-0.0064828563,-0.005572885,-0.004446448,-0.004346448,-0.0033827783,-0.0029141067,-0.0022239338,0.0033241566,0.0034241567,0.0034593327,0.0047933594,0.0060094623,0.0065468512,0.006646851,0.006746851,0.0068468507,0.0069468506,0.008811015,0.010447772,0.012841649,0.014353792,0.015539176,0.016630905,0.019021038,-0.015443727,-0.010794523,-0.0075270147,-0.0038700246,0.004329571,0.007339558,0.009718333,0.014659032
2021-04-23,0.004755081,-0.021513723,-0.01650071,-0.014948917,-0.014397936,-0.013555483,-0.011975851,-0.010414753,-0.008527444,-0.007996719,-0.007561182,-0.0073064547,-0.0058015357,-0.0057084663,-0.0051737097,-0.004476496,-0.0029521326,-0.0028643685,0.0020816715,0.0021816716,0.0022816716,0.00313583,0.0034786197,0.0043873833,0.005396148,0.005496148,0.005596148,0.0064395224,0.008975646,0.010313028,0.012494877,0.014231164,0.015471643,0.016452301,0.018768322,-0.015588741,-0.010772737,-0.007914895,-0.004554632,0.0030153985,0.00602294,0.009359198,0.014451939
2021-04-26,0.0011842112,-0.02135821,-0.016401006,-0.014736691,-0.014303752,-0.012939912,-0.011979191,-0.010351219,-0.008448616,-0.007985535,-0.0067992373,-0.0060590785,-0.005556546,-0.0051367185,-0.0044968016,-0.0034691978,-0.003360047,-0.0029473647,0.0021883077,0.0025415402,0.002973338,0.0040408634,0.0057758507,0.00637737,0.00647737,0.0065773698,0.0066773696,0.0067773694,0.008042002,0.011154169,0.013033728,0.014292925,0.015566108,0.016584143,0.018819343,-0.015396413,-0.01070025,-0.0075840624,-0.004066498,0.0036442839,0.0073324265,0.009643404,0.014776861
2021-04-27,-0.00034973465,-0.022494167,-0.016643317,-0.01487113,-0.014452481,-0.013097278,-0.0119362315,-0.010381154,-0.008801159,-0.008274485,-0.007929599,-0.007413177,-0.006197101,-0.0060498207,-0.0050334097,-0.0038683068,-0.0032606157,-0.0027786577,0.0026920466,0.0032255277,0.0034264908,0.004184448,0.0057806624,0.006371613,0.006471613,0.0064917402,0.00659174,0.00669174,0.009132093,0.0109091615,0.013069626,0.014566542,0.01563978,0.016641274,0.01913798,-0.015724694,-0.010852831,-0.008182783,-0.0044708336,0.0040000253,0.0072489837,0.009792903,0.014864917
2021-04-28,0.0016007415,-0.02108488,-0.016393496,-0.015096277,-0.014345563,-0.013046459,-0.012105564,-0.009860639,-0.00875692,-0.007602388,-0.006625507,-0.0063635665,-0.005502709,-0.005136756,-0.0045902003,-0.0040362612,-0.003660075,-0.002909459,0.0029265434,0.003417005,0.0036996196,0.0049203024,0.0059721386,0.0061978255,0.00646532,0.00656532,0.0066653197,0.00680325,0.008916111,0.011478243,0.012830016,0.014421989,0.015695548,0.016708547,0.019074442,-0.015395192,-0.010684358,-0.007625492,-0.0043119127,0.004285758,0.007403356,0.0099116955,0.014902647
2021-04-29,0.0010182596,-0.021874895,-0.016595792,-0.015349908,-0.01440951,-0.01302957,-0.011959046,-0.010229717,-0.00846234,-0.0077364077,-0.006601979,-0.006501979,-0.006322751,-0.0060579604,-0.0046911794,-0.0036620197,-0.0028976223,-0.0027976222,0.002722262,0.00279815,0.0030589304,0.0049302867,0.005613914,0.006267837,0.0063958038,0.0064958036,0.0065958034,0.0066958033,0.009158331,0.0101137925,0.013076697,0.014349779,0.0155987125,0.016588142,0.019033713,-0.015573762,-0.010747483,-0.007880815,-0.0041100844,0.0039810864,0.0070374296,0.009632489,0.014632424
2021-04-30,-0.0066341795,-0.022554697,-0.016655626,-0.014985833,-0.014491047,-0.013174997,-0.012346104,-0.010246237,-0.008829919,-0.007478769,-0.007326518,-0.00726467,-0.006025089,-0.0051033404,-0.0048413565,-0.0036122527,-0.0034899777,-0.003059488,0.0033707966,0.0034383873,0.0035383874,0.0049715876,0.006263184,0.0069611315,0.0071881684,0.007288168,0.007388168,0.007488168,0.009646801,0.011255338,0.012734133,0.014557815,0.015541591,0.016615605,0.018924624,-0.015844494,-0.010777372,-0.007926194,-0.0044535487,0.0045014657,0.007851198,0.010264013,0.014817503
2021-05-03,0.0023641875,-0.02181847,-0.016608745,-0.015226956,-0.015126957,-0.013208136,-0.012259774,-0.010080452,-0.008791689,-0.008387583,-0.007346652,-0.006718914,-0.006604899,-0.005399885,-0.004757273,-0.0034372343,-0.003016875,-0.0022749547,0.002536219,0.0026288028,0.0027288029,0.0032501388,0.0042667408,0.0050723567,0.0052527017,0.005733768,0.006032062,0.006887661,0.009235875,0.011399308,0.012736563,0.014304975,0.015536336,0.016516179,0.0188493,-0.015804416,-0.010949291,-0.008080579,-0.0040410506,0.0032793332,0.0066719665,0.009818248,0.014761264
2021-05-04,-0.0036659406,-0.021412728,-0.016523965,-0.014895836,-0.01462496,-0.012937495,-0.01201134,-0.009864635,-0.009052095,-0.008497715,-0.008375002,-0.007083372,-0.0061202496,-0.0052658217,-0.0048036803,-0.0042629945,-0.003356455,-0.002561529,0.0012259193,0.0015320354,0.0021855377,0.0036385814,0.0038857989,0.0045914166,0.005767437,0.0061800214,0.0062800213,0.0063775764,0.008887729,0.0107980855,0.012992605,0.014379788,0.015242175,0.01663935,0.018991029,-0.015502098,-0.010864323,-0.008164902,-0.004413606,0.0028699022,0.0063665793,0.0095171165,0.014760172
2021-05-05,-0.0010305427,-0.021623638,-0.016526688,-0.015011456,-0.014540427,-0.0131026795,-0.012178382,-0.010504511,-0.008934535,-0.007860756,-0.0075721038,-0.0069476077,-0.0064792857,-0.005571615,-0.004907907,-0.003568808,-0.003468808,-0.0028202282,0.0022528886,0.0023528887,0.002651192,0.0035610346,0.004437761,0.005129371,0.005804,0.0058727027,0.0060895192,0.0068283407,0.008171915,0.011317098,0.0128869,0.014417957,0.015605032,0.016677463,0.018937733,-0.015594363,-0.010897928,-0.008147185,-0.004342672,0.003324401,0.0067170546,0.009602381,0.01484743
2021-05-06,0.0039124996,-0.022102261,-0.016571645,-0.0149301225,-0.014438529,-0.013285357,-0.0121315075,-0.009892951,-0.008468119,-0.0073274295,-0.006659122,-0.0065591224,-0.00625481,-0.005464904,-0.0041852104,-0.0037086052,-0.0034490419,-0.0028699245,0.0020047487,0.0024639587,0.0026405777,0.0037539839,0.005292279,0.005635726,0.0057357256,0.005978502,0.006514145,0.0065484503,0.008249753,0.010427158,0.012757046,0.0145940455,0.015572372,0.016599938,0.018876484,-0.01570586,-0.010550026,-0.0077956924,-0.004154381,0.0033197987,0.006776423,0.009462376,0.014650935
2021-05-07,0.009554512,-0.02234509,-0.016604155,-0.014989858,-0.0146867065,-0.013114988,-0.011958869,-0.01028413,-0.008364873,-0.0077851284,-0.0076851286,-0.007005724,-0.0062277443,-0.005246612,-0.0045816475,-0.0036168625,-0.002948723,-0.0022176527,0.0024113553,0.0029290824,0.0039437204,0.004925664,0.005911017,0.00621186,0.00631186,0.0064118598,0.0065696123,0.007367954,0.008833626,0.0114301145,0.012934381,0.014538233,0.015582657,0.016659439,0.019022014,-0.015741963,-0.010676571,-0.007896645,-0.004074122,0.0041043363,0.0074665607,0.009956794,0.014916837
2021-05-10,0.00040682981,-0.022052158,-0.016538301,-0.015770342,-0.015243545,-0.014320739,-0.013262743,-0.012893805,-0.010331157,-0.010231157,-0.010128314,-0.009086991,-0.00796595,-0.0073805116,-0.006303473,-0.0054002665,-0.0045436057,-0.0043128696,0.0034335656,0.005097165,0.0058383006,0.008178353,0.009543,0.011049097,0.011149097,0.011166471,0.011788084,0.011888084,0.011988084,0.01249904,0.013313963,0.014619771,0.015656063,0.016633945,0.019120201,-0.016283497,-0.01249784,-0.009813735,-0.005929441,0.006739296,0.011229138,0.012763871,0.015237384
2021-05-11,-4.7249512e-05,-0.02250667,-0.016656792,-0.014993298,-0.014488452,-0.013250678,-0.01199523,-0.010212058,-0.008908938,-0.00845378,-0.0074548614,-0.0070982846,-0.006532459,-0.005601324,-0.0047526495,-0.0040583783,-0.0036667748,-0.00319405,0.0026887832,0.0036483952,0.004430087,0.0046921046,0.0053202244,0.005619829,0.005719829,0.005849686,0.006158221,0.006750158,0.008438509,0.0100113,0.012791398,0.014508307,0.015494332,0.016451968,0.018961566,-0.015779564,-0.0109126605,-0.008098562,-0.004554027,0.00423584,0.0067102397,0.009370504,0.014544907
2021-05-12,-0.007899375,-0.022449357,-0.01661667,-0.0149067035,-0.014358106,-0.0130386455,-0.012117502,-0.010301803,-0.008765647,-0.008177194,-0.0076209093,-0.007007263,-0.00639599,-0.00552724,-0.0048902086,-0.0041222707,-0.0034847376,-0.0031362828,0.0030943418,0.003645064,0.0051458655,0.0052585853,0.005459438,0.005559438,0.0056466428,0.006133162,0.006395578,0.0068866867,0.008973725,0.011316608,0.013094895,0.014373377,0.015590141,0.016549254,0.018953035,-0.015716057,-0.010853769,-0.008085458,-0.0045281528,0.0045581,0.0070710666,0.009832548,0.014857434
2021-05-13,-0.00033136172,-0.02194066,-0.016403724,-0.015121386,-0.014629623,-0.013098952,-0.0122941015,-0.011768727,-0.010604872,-0.009976903,-0.009876903,-0.009776903,-0.0096769035,-0.009525056,-0.007612341,-0.0064500105,-0.0057054735,-0.004294034,0.0030029642,0.0031029643,0.0037613309,0.006475868,0.0070047206,0.008107061,0.00820706,0.009081389,0.009681906,0.009922471,0.010980899,0.011872687,0.012899551,0.014325165,0.015244443,0.016552238,0.018982198,-0.015673412,-0.011953198,-0.010395568,-0.0067677526,0.004910038,0.009197665,0.011540482,0.014926368
2021-05-14,0.0058283433,-0.022348145,-0.016564254,-0.015037197,-0.014726484,-0.013152821,-0.01215224,-0.010581161,-0.009536636,-0.009007618,-0.008577766,-0.007996575,-0.007896575,-0.0070895804,-0.0060368027,-0.0048087086,-0.004063213,-0.002185814,0.004299957,0.004944221,0.0050361226,0.005460157,0.005560157,0.007464061,0.007564061,0.008155046,0.008822079,0.008922079,0.009290504,0.01137248,0.012702341,0.014312863,0.015530439,0.01654534,0.01879247,-0.01578879,-0.01126297,-0.009050559,-0.005018222,0.005460904,0.008294765,0.010787517,0.0147450995
2021-05-17,0.0012183728,-0.020856278,-0.01646379,-0.014860881,-0.014149405,-0.01291792,-0.012049627,-0.010314456,-0.009238508,-0.008718101,-0.007688749,-0.0075887493,-0.0069756536,-0.0068756538,-0.0056110397,-0.00551104,-0.005261281,-0.004544774,0.0029933734,0.0039615803,0.004592009,0.005815951,0.005915951,0.006350599,0.006881883,0.006893008,0.007813459,0.00801546,0.008691965,0.01103609,0.012960368,0.014605471,0.015627505,0.016607,0.018812884,-0.015287404,-0.011036314,-0.008565638,-0.005703377,0.00484896,0.007642222,0.010236895,0.014804363
2021-05-18,0.0038880282,-0.021303369,-0.016431848,-0.015126471,-0.014797603,-0.01306545,-0.012185412,-0.009760881,-0.00881495,-0.0080788275,-0.007710203,-0.007247626,-0.007147626,-0.006926541,-0.005336088,-0.0047721867,-0.004317108,-0.0042209416,0.0054939003,0.0057162596,0.006229501,0.0071601383,0.00857035,0.00867035,0.008770349,0.00884014,0.00894014,0.009525424,0.009625424,0.011338957,0.01306554,0.014514863,0.015695836,0.016809696,0.019176766,-0.015556736,-0.010793308,-0.008556946,-0.0051787905,0.00667403,0.009389045,0.011025156,0.014981164
2021-05-19,0.0011323603,-0.021890538,-0.016554946,-0.014828665,-0.014334835,-0.012866645,-0.012029409,-0.010041423,-0.0087565975,-0.007966201,-0.007667371,-0.0074280063,-0.0073280064,-0.0072280066,-0.0068917293,-0.0050338698,-0.0046482547,-0.004124021,0.004726389,0.0058604325,0.0064448225,0.007647555,0.009075906,0.009785396,0.010172344,0.010272344,0.0103723435,0.010472343,0.010572343,0.011182799,0.01301917,0.014409304,0.015654817,0.016727597,0.019242117,-0.0155352745,-0.01072446,-0.008601878,-0.0056251762,0.0069703087,0.010157757,0.011650929,0.014916196
2021-05-20,0.00071602175,-0.021968996,-0.016575135,-0.014995117,-0.014420086,-0.013095677,-0.0124015445,-0.010304427,-0.008774957,-0.0074223857,-0.007237199,-0.0065460037,-0.005437033,-0.005116741,-0.004924034,-0.0041756667,-0.00331045,-0.0030827879,0.0019644056,0.0031628702,0.0038706076,0.0052327644,0.00566024,0.0064684977,0.0067273034,0.0070039136,0.0072281053,0.007896896,0.00923324,0.0105260005,0.012748927,0.014349207,0.015577456,0.016563503,0.019000888,-0.015692288,-0.010779686,-0.007793495,-0.0044077886,0.00419159,0.00751111,0.01009234,0.014637706
2021-05-21,-0.0038952054,-0.02164016,-0.016537618,-0.014968752,-0.014454428,-0.013273004,-0.012275268,-0.010128909,-0.008492362,-0.007648273,-0.0070968117,-0.0065163216,-0.006012222,-0.005587087,-0.0046957335,-0.0040864777,-0.003732494,-0.003024754,0.0039527058,0.0042304555,0.0047152117,0.006159543,0.0066115977,0.0069489097,0.0070489096,0.0071823,0.008005623,0.009219883,0.009319883,0.011078826,0.012639593,0.014301991,0.015501205,0.016415145,0.018932255,-0.015636096,-0.010702712,-0.00789275,-0.0044111563,0.0052213646,0.008208303,0.010625084,0.014673563
2021-05-24,0.002665378,-0.021742165,-0.016646918,-0.01480109,-0.014318036,-0.013074967,-0.012064935,-0.009841015,-0.00847638,-0.008083481,-0.0073560285,-0.0067913453,-0.006413059,-0.005562418,-0.005114854,-0.004084862,-0.0031396,-0.002298952,0.004092379,0.005175789,0.0052757887,0.0053757885,0.005599701,0.006014275,0.0066206176,0.0067206174,0.008188281,0.008288281,0.008655347,0.010830845,0.01274147,0.014329168,0.015275647,0.016544612,0.01907539,-0.015569404,-0.010653379,-0.007974564,-0.0042859227,0.0053080725,0.007490744,0.010247679,0.014704296
2021-05-25,0.0018860713,-0.022227788,-0.016620917,-0.014957313,-0.014415899,-0.013389622,-0.012498079,-0.010220733,-0.008814058,-0.008433481,-0.00824453,-0.007533595,-0.0064441534,-0.0064345347,-0.005515423,-0.004927651,-0.00315148,-0.0027461976,0.0026206227,0.003001719,0.0034405251,0.004639779,0.005489356,0.0057789697,0.005810799,0.006125413,0.0069915038,0.0076065953,0.008146335,0.010977369,0.012638159,0.0143196555,0.015528031,0.0165689,0.01874991,-0.015830461,-0.010984733,-0.008487071,-0.0047748694,0.003902689,0.0071955407,0.009849967,0.0146507975
2021-05-26,-0.0023776067,-0.021705678,-0.016422799,-0.014828248,-0.014310118,-0.012907689,-0.012141156,-0.010161598,-0.008711939,-0.008266036,-0.0074129836,-0.0073129837,-0.006948173,-0.0060891546,-0.005182506,-0.0050959378,-0.0043646693,-0.003346944,0.0026599013,0.0037095766,0.0037924014,0.0043067248,0.004842195,0.005385948,0.006188852,0.006475857,0.0068148007,0.0072589885,0.008323318,0.010350052,0.012789116,0.014337335,0.01526863,0.016580837,0.018945362,-0.015497488,-0.010821795,-0.008260681,-0.0050606085,0.0041314913,0.0068626083,0.009603159,0.01460054
2021-05-27,-0.0007849093,-0.021816859,-0.016548986,-0.014850484,-0.014370317,-0.012950704,-0.011733744,-0.010063725,-0.008493242,-0.008162337,-0.0080623375,-0.007962338,-0.007862338,-0.007762338,-0.006238322,-0.0058593857,-0.0041962164,-0.0028440154,0.0025362244,0.0032486224,0.0033508874,0.004327583,0.004954521,0.0059569096,0.006356677,0.0067264712,0.0078447,0.008336614,0.009184209,0.0110773705,0.012710006,0.014449326,0.015275608,0.016618393,0.018822033,-0.015484122,-0.010660706,-0.008782799,-0.0054200552,0.0039639985,0.0074103773,0.0103437,0.014735425
2021-05-28,-3.4853598e-05,-0.022050595,-0.016650684,-0.014920118,-0.014212806,-0.012950954,-0.012140362,-0.010051307,-0.008463658,-0.007949772,-0.007394839,-0.0072948392,-0.0066161877,-0.005632173,-0.005532173,-0.0043046614,-0.0032560907,-0.0023277572,0.00247551,0.00326246,0.0036838201,0.0045927116,0.0048239306,0.0055741877,0.005915066,0.006731046,0.008741301,0.0087982975,0.009371088,0.0112231085,0.012909613,0.014453893,0.015704002,0.016790831,0.019283641,-0.015601081,-0.0107050445,-0.008049443,-0.004543104,0.0039859135,0.007430114,0.010767559,0.014932218
2021-05-31,0.0029275643,-0.019756489,-0.016149621,-0.0147034535,-0.01422146,-0.012803093,-0.011866771,-0.009796056,-0.0085344715,-0.0077855336,-0.007701057,-0.007038836,-0.0068335687,-0.0061716773,-0.0058962563,-0.0050729467,-0.0038530587,-0.0033338706,0.0027647144,0.003060374,0.0032632393,0.0043383352,0.005031439,0.0060128327,0.006478738,0.0069084833,0.007516875,0.008026575,0.008651881,0.010010328,0.012738484,0.014219471,0.015353045,0.016495265,0.01895961,-0.014959487,-0.010537257,-0.008221509,-0.005038994,0.0039810804,0.0071979314,0.009911741,0.014484632
2021-06-01,0.00089498266,-0.021789385,-0.016539445,-0.0149046155,-0.014349574,-0.01305394,-0.01230317,-0.010300247,-0.008507489,-0.0077553885,-0.00706767,-0.0069676703,-0.0069181267,-0.006153721,-0.005224126,-0.004816473,-0.0039847605,-0.0038067896,0.0038860892,0.0044267853,0.00452296,0.006369627,0.0069888863,0.007372518,0.00764691,0.0077469097,0.00784691,0.007946909,0.008481064,0.010427305,0.012459841,0.014231101,0.0151025895,0.016438682,0.018547766,-0.015607104,-0.010754182,-0.008190036,-0.004959964,0.0053704744,0.008096505,0.009960955,0.014420939
2021-06-02,-0.0022512423,-0.021719277,-0.015915489,-0.0150018735,-0.014450683,-0.013062018,-0.012075465,-0.010183679,-0.008732047,-0.007937807,-0.007420806,-0.0066125863,-0.0052779056,-0.0052529736,-0.0049683633,-0.0047277776,-0.0039994586,-0.0030941651,0.0039862962,0.0047692126,0.0052606496,0.005608628,0.006869391,0.006969391,0.0070693907,0.0071272706,0.0072218897,0.007580248,0.009094777,0.010698309,0.012826632,0.014437468,0.01572177,0.016757555,0.019168695,-0.015444587,-0.010786175,-0.0077518397,-0.00468047,0.0053388355,0.007848922,0.010063398,0.014777732
2021-06-03,-0.0075141434,-0.021634318,-0.016600521,-0.014894715,-0.014423625,-0.013312113,-0.011999919,-0.00996598,-0.008316394,-0.0077233384,-0.007130683,-0.005927895,-0.005425497,-0.0053406553,-0.004464865,-0.0040856865,-0.003310135,-0.0031545416,0.0018074902,0.0023660501,0.003936705,0.005409902,0.0065742997,0.0067042043,0.0070895567,0.0071895565,0.0072895563,0.0076841875,0.008627457,0.011143502,0.012707699,0.014509884,0.015286616,0.016764497,0.019057512,-0.0155941,-0.010580068,-0.0076426296,-0.0041886247,0.004121941,0.00785915,0.010006264,0.014836619
2021-06-04,0.0042109312,-0.021761568,-0.01661492,-0.014961244,-0.0143721495,-0.012996929,-0.012098081,-0.009741958,-0.008511385,-0.0073914286,-0.006935745,-0.0065944092,-0.0051083993,-0.004925693,-0.004825693,-0.0041871797,-0.0033336543,-0.0027432893,0.0022441745,0.0031277984,0.0040984373,0.0052591683,0.0055203103,0.0061260597,0.0062260595,0.006578022,0.007420884,0.007653919,0.008242334,0.011049287,0.012990975,0.014350364,0.01552133,0.016545044,0.018790698,-0.015568729,-0.010540819,-0.007515861,-0.004336845,0.0041911276,0.0073855193,0.00997755,0.014745275
2021-06-07,0.0021295766,-0.022191225,-0.016642032,-0.015050312,-0.01449662,-0.013675706,-0.011873092,-0.010296104,-0.008068272,-0.0072446316,-0.006577193,-0.0065328167,-0.0065178624,-0.00630114,-0.005240624,-0.0047098435,-0.0036375949,-0.0032602255,0.005005034,0.005336161,0.0055934093,0.0064033917,0.0087431725,0.008843172,0.008943172,0.009004164,0.010404413,0.0104874885,0.010587488,0.010977364,0.012884739,0.014312462,0.015500447,0.016617164,0.018870553,-0.015775736,-0.010506482,-0.007867512,-0.004676221,0.006256234,0.009611072,0.01159144,0.014732456
2021-06-08,-0.001575204,-0.022287706,-0.016721833,-0.01501003,-0.014476613,-0.013463081,-0.012160375,-0.01001565,-0.008550822,-0.007459366,-0.0070913658,-0.006461115,-0.0063611153,-0.0062611154,-0.005521323,-0.0044301613,-0.0035298031,-0.0025143267,0.004287385,0.00529465,0.0055109966,0.005771136,0.0071992837,0.00763752,0.007882242,0.008335407,0.008435407,0.009180539,0.009280539,0.010895355,0.012685996,0.014387787,0.015726918,0.016785609,0.019080179,-0.015821923,-0.010639248,-0.008084958,-0.004491346,0.0057492824,0.00864962,0.010703752,0.014766986
2021-06-09,0.0003653073,-0.022165155,-0.016462632,-0.014937403,-0.014324569,-0.0129654845,-0.0121951755,-0.010433595,-0.008211891,-0.0074763102,-0.0066896006,-0.006223482,-0.0052434695,-0.004693871,-0.0041181226,-0.0028276737,-0.0027276736,-0.002332474,0.0029965285,0.0038641407,0.004226576,0.005405514,0.0068499707,0.0069499705,0.0070499703,0.00714997,0.00724997,0.00740897,0.008282268,0.01045392,0.012928949,0.014318332,0.015090202,0.016563173,0.01898723,-0.015622603,-0.010650875,-0.007406801,-0.003645885,0.004708546,0.00776256,0.009697067,0.014650321
2021-06-10,-0.0008991422,-0.020929556,-0.016329065,-0.01481152,-0.014277903,-0.01281152,-0.012139442,-0.00976419,-0.008190085,-0.0075852773,-0.006866205,-0.0062425,-0.005020886,-0.0049208864,-0.0048208865,-0.0044340272,-0.003847479,-0.002647136,0.0021667883,0.0030486954,0.0038117028,0.0048332904,0.0062537743,0.006353774,0.006415478,0.006515478,0.0066154776,0.0067154774,0.008745428,0.010216874,0.012901027,0.014331022,0.015280402,0.016514163,0.018801102,-0.015297497,-0.010498103,-0.007427501,-0.004398406,0.004055191,0.007211075,0.009514732,0.014552837
2021-06-11,-0.0059902375,-0.020910807,-0.016442703,-0.014743593,-0.014280154,-0.013344929,-0.012240634,-0.009722589,-0.00882072,-0.0079258345,-0.006406866,-0.006109947,-0.0051635904,-0.004810779,-0.004280546,-0.0034978066,-0.002829469,-0.002367961,0.0031371282,0.0040785377,0.00438255,0.0051131817,0.006332074,0.006598215,0.006698215,0.0067982147,0.0068982146,0.0069982144,0.00867352,0.011027039,0.012657111,0.014274535,0.015351081,0.016404873,0.018624661,-0.015443845,-0.010690674,-0.007488518,-0.003817146,0.0046819225,0.0075507513,0.009789614,0.014597644
2021-06-14,0.0020577817,-0.022329371,-0.016675133,-0.014985578,-0.014508495,-0.013683837,-0.012390008,-0.009403956,-0.008465229,-0.0073932176,-0.0068779155,-0.0061444747,-0.005669555,-0.005128269,-0.0045926697,-0.0035547332,-0.0030201129,-0.0021263196,0.00258821,0.0031624378,0.004288468,0.0044818847,0.0045818845,0.004763848,0.004803058,0.005111937,0.0051853107,0.006587511,0.007943387,0.010188218,0.012794674,0.014374783,0.015258627,0.016759135,0.019155651,-0.01591737,-0.010527598,-0.007706195,-0.0038876622,0.0038648117,0.0062466795,0.009032611,0.014654492
2021-06-15,-0.0004475219,-0.021539591,-0.016460326,-0.014951148,-0.014269183,-0.01298534,-0.01229907,-0.010044188,-0.00814075,-0.0072532305,-0.0063881245,-0.0061602714,-0.0059787165,-0.005716195,-0.0052568447,-0.0049259444,-0.004116687,-0.0032082929,0.0009373343,0.001523419,0.0021356395,0.0034449403,0.0043451856,0.004379203,0.004479203,0.0045792027,0.005182672,0.006558555,0.008095218,0.01110785,0.012879895,0.014202197,0.0151379,0.016486017,0.019209962,-0.0155107025,-0.010537677,-0.007704571,-0.004733608,0.0025041073,0.006193999,0.009216439,0.0147771835
2021-06-16,-0.00014440464,-0.022279195,-0.01667248,-0.014997366,-0.014500904,-0.013136601,-0.012168429,-0.010130245,-0.00879392,-0.007521732,-0.0061908914,-0.0061125294,-0.0049146544,-0.0048146546,-0.0046079424,-0.0034726455,-0.0033726455,-0.0020791674,0.0012123269,0.001642413,0.0027893032,0.0034466342,0.0041489056,0.0042516966,0.0042768507,0.0044722287,0.005967463,0.006523908,0.008227519,0.01140693,0.012743069,0.014445809,0.015707528,0.016808406,0.019357795,-0.015751522,-0.010722338,-0.0073765097,-0.003928986,0.0026735056,0.0061607338,0.00956667,0.014952402
2021-06-17,-0.01723402,-0.022440689,-0.016604146,-0.015000723,-0.014502801,-0.0131042935,-0.011996747,-0.009864515,-0.0077794148,-0.0072282655,-0.006101804,-0.0055573112,-0.0046397075,-0.0045397077,-0.004439708,-0.004339708,-0.0034361123,-0.00275168,0.0012025181,0.002007309,0.0028097646,0.0039235493,0.0041242815,0.0042242813,0.004324281,0.0044451132,0.0059939646,0.0064801015,0.008072947,0.010677581,0.012321141,0.014403092,0.015556896,0.016682368,0.019241618,-0.015729735,-0.010373933,-0.007011476,-0.004104904,0.0028534844,0.0059902715,0.009356298,0.014665159
2021-06-18,-0.0032565477,-0.021540567,-0.016570086,-0.016470086,-0.016370086,-0.015999861,-0.01508147,-0.011682363,-0.010537233,-0.010192885,-0.009869502,-0.009838374,-0.007831731,-0.007731731,-0.0070245783,-0.0050095445,-0.0038071962,-0.0030504928,0.0043718615,0.00480691,0.005804683,0.0076732864,0.008699143,0.008799143,0.008899143,0.008999143,0.009099143,0.009199142,0.009582757,0.011053087,0.01280138,0.014356569,0.01618184,0.01659548,0.019155284,-0.017112413,-0.012792808,-0.010210333,-0.0057460372,0.006311177,0.009349932,0.011023194,0.01479236
2021-06-21,0.0030802216,-0.021493414,-0.016441697,-0.014855302,-0.014367643,-0.012904022,-0.012126206,-0.0103403125,-0.008787431,-0.007771804,-0.007353855,-0.0065020714,-0.005817772,-0.0048280563,-0.0042469106,-0.0023982723,-0.0022982722,-0.0021441982,0.0038487746,0.004596859,0.0056210333,0.0061806417,0.006338111,0.00715101,0.0072501167,0.0073833377,0.0083101345,0.008720047,0.009184221,0.01131015,0.0135044325,0.015026856,0.015620478,0.016628116,0.019090388,-0.015466596,-0.0107762115,-0.007782664,-0.0035179448,0.005499485,0.008180531,0.010629006,0.015111988
2021-06-22,0.00010495977,-0.022023173,-0.016721403,-0.015012903,-0.01449625,-0.013114201,-0.011816028,-0.009973694,-0.008487565,-0.008309057,-0.007146484,-0.006742841,-0.0061322036,-0.006032204,-0.0054146373,-0.004865598,-0.004089794,-0.003926584,0.00195218,0.0030755335,0.004592049,0.0053308713,0.0057392702,0.00583927,0.0065406454,0.0070289155,0.0071779722,0.0073702163,0.008344567,0.010141993,0.012814782,0.01427182,0.015494634,0.016610667,0.01894502,-0.01563421,-0.010719849,-0.007922897,-0.0050078905,0.004298256,0.007223933,0.009705877,0.014556855
2021-06-23,0.003352909,-0.021109581,-0.016506298,-0.014922635,-0.014389454,-0.012970489,-0.01177122,-0.009852598,-0.008225133,-0.008077807,-0.007144898,-0.006553802,-0.0061029014,-0.0060029016,-0.0059029018,-0.0049646837,-0.0040046796,-0.003750444,0.00090681505,0.0017215806,0.0023151666,0.0033340675,0.0042060176,0.005449902,0.005538225,0.0057115033,0.006259063,0.006618548,0.008154822,0.010120538,0.012676629,0.014315408,0.015538027,0.016486488,0.018681737,-0.015349409,-0.010569879,-0.007849411,-0.0050353026,0.0027631712,0.0064213015,0.009338199,0.01445616
2021-06-24,-0.0019433177,-0.022118293,-0.016687302,-0.0150363175,-0.0142691815,-0.01311821,-0.011953453,-0.010395885,-0.009353524,-0.009055655,-0.008399197,-0.007979172,-0.007727682,-0.0075431676,-0.0065973913,-0.0046228967,-0.004219197,-0.0037412543,0.0021946025,0.0025713567,0.003052537,0.0040055546,0.0050310907,0.005654891,0.0058103446,0.0065768044,0.006931906,0.0073271138,0.008389085,0.010871812,0.01292538,0.014325489,0.015609266,0.016667392,0.018955814,-0.015629288,-0.011158967,-0.0089954045,-0.0054319827,0.003526879,0.0070923427,0.009825836,0.014749177
2021-06-25,0.0010810178,-0.0227528,-0.016737415,-0.014902661,-0.014385731,-0.012957306,-0.011838416,-0.009788966,-0.008449366,-0.007669129,-0.007569129,-0.006943576,-0.0058928654,-0.0053476226,-0.0052476227,-0.003288962,-0.0030010834,-0.0025609557,0.0033041313,0.0048913932,0.005324767,0.005773574,0.0064219018,0.006438468,0.006538468,0.006638468,0.0067384676,0.0068384674,0.008510679,0.010518407,0.012732051,0.014320806,0.01554347,0.016606368,0.018939897,-0.015734334,-0.010529707,-0.007819479,-0.00420844,0.005166467,0.0073711425,0.009629898,0.014623506
2021-06-28,-0.0002429177,-0.020972567,-0.016402878,-0.014801493,-0.014259262,-0.012939048,-0.012247884,-0.009567838,-0.008232422,-0.0071757636,-0.007074817,-0.006526078,-0.005097473,-0.00442108,-0.004348129,-0.0027448346,-0.0018938689,-0.0017536021,0.002879712,0.0049384916,0.0050384915,0.00527203,0.0056364425,0.005787919,0.006197072,0.006297072,0.0063970718,0.0065252963,0.0077665416,0.010370269,0.012788439,0.014341182,0.014961306,0.016537772,0.018753836,-0.015364328,-0.01040508,-0.007414735,-0.0034533024,0.0048651593,0.0069234,0.009204097,0.0145582985
2021-06-29,-0.0025836015,-0.021322051,-0.016402386,-0.014978241,-0.014450457,-0.012970138,-0.012335982,-0.009123359,-0.008115672,-0.0076237624,-0.0075237625,-0.0071048774,-0.0070048776,-0.006199377,-0.005596277,-0.0040675676,-0.003061516,-0.002255602,0.002788119,0.003100917,0.0037152397,0.004878359,0.0052034394,0.005885119,0.0061489213,0.006356632,0.0064566317,0.0065084696,0.008973049,0.011053336,0.0130322855,0.014520582,0.015424077,0.016830977,0.019106565,-0.015496204,-0.010435403,-0.008235934,-0.004417168,0.0041263113,0.007001399,0.009683113,0.014908749
2021-06-30,-0.0048454376,-0.021144433,-0.01574507,-0.014777365,-0.014354102,-0.012954189,-0.0123180095,-0.009952589,-0.008178682,-0.007851796,-0.006995482,-0.0067072916,-0.005346063,-0.0042589223,-0.0039114035,-0.0029127228,-0.0021273582,-0.0014178887,0.0018717335,0.003365126,0.0036167072,0.0048313434,0.005249134,0.0059585804,0.006298746,0.006398746,0.0064987456,0.0065987455,0.008257,0.009915015,0.012665747,0.014219199,0.015246663,0.016587203,0.019004662,-0.01530316,-0.01061569,-0.007419431,-0.003415333,0.0039967312,0.0068240436,0.009303234,0.014478365
2021-07-01,0.0006264706,-0.021846231,-0.016357992,-0.01478201,-0.014260722,-0.012988625,-0.011820727,-0.009525334,-0.00841443,-0.0072288793,-0.0072189253,-0.0066429973,-0.0053872396,-0.004551575,-0.004049356,-0.0032991043,-0.0021106997,-0.0020106996,0.002718531,0.0032316549,0.004015244,0.004756954,0.005358876,0.0055049555,0.00606106,0.0061610597,0.006516356,0.0071398146,0.007956883,0.011022356,0.012481984,0.014388025,0.01559013,0.016637292,0.019305728,-0.01545486,-0.010354276,-0.007478579,-0.0036225715,0.004156689,0.0070374124,0.009645108,0.014767078
2021-07-02,-0.00073408586,-0.021992667,-0.016487176,-0.014874874,-0.014490892,-0.012861351,-0.011984952,-0.009484765,-0.008108694,-0.0073201545,-0.0071749096,-0.0066947676,-0.0049709985,-0.004884195,-0.0039243363,-0.0025629054,-0.0018598769,-0.0015905814,0.0023184267,0.003945683,0.005310168,0.005556129,0.0056561287,0.0058194916,0.0061319903,0.00623199,0.006423041,0.0065291678,0.007918968,0.011043631,0.012930147,0.014403072,0.015615233,0.01670182,0.0190437,-0.015563408,-0.010354687,-0.0074247494,-0.0033264935,0.004652479,0.007056081,0.009506008,0.014824474
2021-07-05,0.0016066936,-0.021376086,-0.016596105,-0.01494398,-0.014475213,-0.0130099505,-0.011877409,-0.009635357,-0.008946955,-0.008412322,-0.008312322,-0.008212322,-0.006779013,-0.006459695,-0.004622819,-0.0033519461,-0.00278903,-0.002121634,0.0016630158,0.0024096882,0.0033441314,0.0039077126,0.0054746256,0.0060621086,0.0060822195,0.0061822194,0.0069160177,0.00752268,0.008496224,0.010676009,0.012578264,0.014407891,0.015631378,0.016692955,0.018951152,-0.015466953,-0.010763205,-0.008475078,-0.00421955,0.0034813534,0.0071835285,0.0098484615,0.014661254
2021-07-06,-0.004180246,-0.021620534,-0.016481249,-0.014906624,-0.014421778,-0.013353965,-0.012261444,-0.0094216885,-0.008218301,-0.007263376,-0.006713233,-0.0061191106,-0.00569065,-0.0056610084,-0.004855573,-0.0037960997,-0.0032905603,-0.0029821682,0.0026552575,0.0035842152,0.0036442387,0.0050105043,0.00592568,0.00602568,0.006116556,0.006196241,0.006298172,0.006542927,0.008058274,0.010760837,0.012724284,0.014384117,0.014970528,0.016594252,0.019042542,-0.015627794,-0.010414286,-0.007708927,-0.0042087026,0.0042021545,0.007090273,0.009326148,0.014701207
2021-07-07,-0.0011621693,-0.022512797,-0.016649278,-0.014906458,-0.014443549,-0.013061153,-0.011966154,-0.009935441,-0.008467562,-0.007924509,-0.007824509,-0.0076713087,-0.006911686,-0.004719335,-0.0045136837,-0.0028530832,-0.0020510927,-0.0013226107,0.0020238613,0.0026481585,0.0029872856,0.003692347,0.0043112705,0.0044112704,0.0049141226,0.0052519096,0.0056753093,0.0063729053,0.008403815,0.010702393,0.012649912,0.014256089,0.01546529,0.016373992,0.018717276,-0.015726587,-0.010640025,-0.007977849,-0.0036823556,0.0032531552,0.00620995,0.0093239425,0.014539933
2021-07-08,0.0031172372,-0.021452699,-0.016383387,-0.014863399,-0.014303702,-0.012921938,-0.012288158,-0.010087718,-0.0082045905,-0.007502506,-0.007430538,-0.0067511913,-0.0050824094,-0.0043263673,-0.0042337365,-0.0023936857,-0.002058668,-0.0016733423,0.002157459,0.002325176,0.0026167487,0.0032394584,0.0038111913,0.0040201116,0.00476855,0.0051508555,0.0058755926,0.006270231,0.00864953,0.009969808,0.012710586,0.014419614,0.015565727,0.016587764,0.019150373,-0.015469978,-0.010589274,-0.007466412,-0.0034221248,0.0030214787,0.0058444394,0.009266177,0.0145676285
2021-07-09,0.0017215194,-0.022096533,-0.016682101,-0.015042575,-0.0144861005,-0.013074522,-0.011899605,-0.009904895,-0.008759058,-0.007865197,-0.007765197,-0.007524991,-0.005924343,-0.005410243,-0.004532849,-0.004284249,-0.0035681862,-0.0034681861,0.0026681488,0.003574886,0.004014973,0.0042349664,0.0049788305,0.0053408174,0.006026972,0.0066795917,0.0068680868,0.007637495,0.008635371,0.010481375,0.012714936,0.014294561,0.015214233,0.01655373,0.01857324,-0.015647773,-0.010694265,-0.00795169,-0.0046756924,0.0041039893,0.0070236223,0.009767312,0.014523569
2021-07-12,-0.00020026963,-0.022197656,-0.01647947,-0.014947896,-0.0144332675,-0.012937939,-0.0117582,-0.009468772,-0.008098683,-0.00791515,-0.0073374086,-0.0071591646,-0.0055017956,-0.0046632113,-0.0041837906,-0.0035292385,-0.0021551978,-0.0015149878,0.00385265,0.0050304304,0.005558858,0.005658858,0.0063432837,0.00695488,0.00705488,0.007388564,0.0074885637,0.007541394,0.008267694,0.0112853255,0.012715711,0.014349634,0.015716817,0.016694672,0.019032441,-0.015561307,-0.01043774,-0.0074718604,-0.0037084757,0.005431135,0.007902689,0.010059959,0.014815557
2021-07-14,-0.0027255423,-0.02181599,-0.016448466,-0.015007137,-0.014417675,-0.01294064,-0.011804942,-0.009135601,-0.008240215,-0.007988124,-0.006982273,-0.006814928,-0.0055044675,-0.0048473217,-0.004254007,-0.0033421407,-0.0018295539,-0.0012706055,0.003401711,0.0042104637,0.0043104636,0.0046583707,0.0047583706,0.005343668,0.0061927964,0.006378814,0.007021426,0.0072018947,0.007653568,0.010157824,0.01269179,0.01417698,0.015477721,0.016409073,0.018696185,-0.015485543,-0.010435204,-0.007475844,-0.0035022467,0.0045547606,0.006768115,0.009502486,0.01442637
2021-07-15,-0.0016799793,-0.022213977,-0.016599357,-0.015034561,-0.014520469,-0.012951433,-0.012202802,-0.009174044,-0.008213183,-0.0076214233,-0.0071095005,-0.006694213,-0.0055612954,-0.0049471552,-0.003953739,-0.0025994894,-0.0022435638,-0.0016284161,0.0027993186,0.0028103471,0.0033654792,0.004828161,0.004928161,0.005670753,0.0057707527,0.006365561,0.0073346454,0.007724779,0.008371935,0.009907009,0.012957804,0.014267076,0.015492351,0.01647936,0.018672189,-0.015697608,-0.010449203,-0.007606787,-0.003423884,0.0039148116,0.0069192527,0.009766144,0.0144566875
2021-07-16,0.000285838,-0.022141952,-0.01666518,-0.015078883,-0.014746065,-0.01307467,-0.012206939,-0.009109487,-0.008110933,-0.007435661,-0.007163298,-0.0064863428,-0.005266386,-0.005245812,-0.0046140295,-0.003209039,-0.0019425311,-0.0017179372,0.0028037447,0.0038037878,0.0045694006,0.004961688,0.0058845324,0.006106004,0.006345552,0.006814883,0.0069279503,0.0074535552,0.008905176,0.011056919,0.012845841,0.014300328,0.015089775,0.016447958,0.01882928,-0.01576696,-0.01038838,-0.0075986735,-0.0035939761,0.0044968342,0.007463178,0.0098866755,0.014696064
2021-07-19,-0.0003239559,-0.020815019,-0.016402349,-0.0148471445,-0.014378268,-0.012968869,-0.011952652,-0.010154886,-0.0077901683,-0.0074373134,-0.0067827147,-0.006004845,-0.004951768,-0.0048517683,-0.0040301834,-0.0032860935,-0.0020778165,-0.0017008331,0.0026486143,0.0034742986,0.004529978,0.0053894604,0.005551742,0.0056517418,0.005877575,0.006068223,0.0069637913,0.007063791,0.008399378,0.010894858,0.012532205,0.014243751,0.015219039,0.016549634,0.019312888,-0.015303431,-0.010436432,-0.0072658146,-0.0034199543,0.0043839854,0.0070460713,0.009708172,0.014706667
2021-07-20,-0.0025826932,-0.02228517,-0.016732002,-0.015007437,-0.0144873625,-0.012935863,-0.012362382,-0.009412329,-0.008059315,-0.0073284577,-0.007228458,-0.0069624484,-0.005787719,-0.0052421,-0.0039323196,-0.0030502938,-0.0022332706,-0.0021131383,0.0010251198,0.002380992,0.0030161228,0.0040623574,0.004505778,0.005278459,0.0054615065,0.0058921287,0.0059921285,0.0072785867,0.0073292595,0.010026062,0.012623301,0.014164617,0.015422129,0.01638841,0.018709814,-0.015760556,-0.010433985,-0.007735995,-0.003658294,0.0031892196,0.006596203,0.009209633,0.0143824415
2021-07-21,0.001981085,-0.021177245,-0.016432228,-0.014913508,-0.014409518,-0.012955798,-0.012044884,-0.009673222,-0.008007464,-0.0074492567,-0.0066783354,-0.0061468775,-0.0052029924,-0.0048226914,-0.00450141,-0.0030273376,-0.0024884618,-0.0020106758,0.0019219501,0.0022907525,0.0033790881,0.0044903043,0.0052154628,0.0053154626,0.0053912816,0.0054912814,0.0059735384,0.0065002707,0.007357893,0.00984834,0.012640446,0.014365103,0.015577351,0.016646218,0.018858714,-0.015403936,-0.010417667,-0.007351273,-0.0036349525,0.003494675,0.0064741634,0.0090514785,0.014471765
2021-07-22,-0.0026352378,-0.021424938,-0.01655692,-0.0151216,-0.014457983,-0.012931335,-0.012326621,-0.009373278,-0.008214977,-0.007073108,-0.0069879834,-0.006983749,-0.0052282996,-0.0051283,-0.0042766244,-0.0028859572,-0.002131731,-0.0020280485,0.00257178,0.00267178,0.0027219262,0.0032342316,0.0036745581,0.004266944,0.004839737,0.0053810077,0.0062184236,0.006679042,0.007966687,0.010586443,0.012736134,0.014269822,0.015221658,0.016593508,0.018884348,-0.01553956,-0.010421917,-0.007577236,-0.003661222,0.003207891,0.0061175986,0.009334451,0.014614051
2021-07-23,-0.0005908043,-0.022104226,-0.016619697,-0.014981904,-0.014465084,-0.013053655,-0.011953604,-0.009560004,-0.008151163,-0.007556587,-0.006877831,-0.006266786,-0.005621652,-0.0047960887,-0.0042159883,-0.0036881561,-0.0030298773,-0.0025456185,0.0032622856,0.0036984915,0.00398058,0.0050396523,0.0057481513,0.006027644,0.006560166,0.0066601657,0.0067601656,0.007432862,0.009937861,0.011325434,0.012722628,0.014445768,0.015363999,0.016717196,0.019075539,-0.015639253,-0.010440652,-0.0074800677,-0.0039492855,0.004508235,0.007438851,0.010164064,0.014857313
2021-07-26,0.004212998,-0.02131584,-0.016409058,-0.01489488,-0.014329918,-0.013012541,-0.011753442,-0.0091752475,-0.007551032,-0.0073759463,-0.006965424,-0.0064604976,-0.005354158,-0.0044205682,-0.0037749112,-0.0034308892,-0.002528072,-0.0021721467,0.0034806815,0.00399569,0.004229853,0.0044997754,0.005257076,0.005359369,0.00600145,0.00610145,0.00620145,0.0063014496,0.007983297,0.009916312,0.012051026,0.013775598,0.015241442,0.016615693,0.019076582,-0.01536416,-0.010150109,-0.0072089257,-0.0036733034,0.00444149,0.0065871314,0.009128789,0.014287042
2021-07-27,0.0017723788,-0.02211401,-0.01665532,-0.015168278,-0.014094443,-0.012987783,-0.012112421,-0.009175575,-0.007583081,-0.0072776275,-0.0071776276,-0.0066181826,-0.0051696072,-0.005065002,-0.004316411,-0.0036255093,-0.0031456945,-0.0021931913,0.003781188,0.0039810836,0.0040810835,0.0049070995,0.0055357404,0.005781164,0.006031109,0.0060515148,0.0061137252,0.006213725,0.0075830747,0.009918459,0.012721718,0.014365486,0.015616258,0.016666915,0.018991748,-0.015592796,-0.010263396,-0.007421548,-0.0039797975,0.0045563127,0.006700121,0.009089048,0.014532866
2021-07-28,-0.0018104835,-0.022157451,-0.016597614,-0.015003007,-0.014508259,-0.013218675,-0.011899196,-0.01015755,-0.007935518,-0.0072031817,-0.0068336637,-0.0056164055,-0.0049909744,-0.0048909746,-0.0041801212,-0.0028346982,-0.0027117643,-0.0024802478,0.0027200812,0.0028185246,0.0029185247,0.0043463716,0.00523943,0.0058391946,0.0059391945,0.0063264505,0.0064264503,0.00652645,0.007747233,0.010224178,0.012850821,0.014415585,0.015656633,0.016695842,0.019014243,-0.01567624,-0.01043969,-0.0073100654,-0.0035646472,0.0037485394,0.0068311407,0.009316189,0.014640135
2021-07-29,0.006448613,-0.022052653,-0.01655036,-0.014968243,-0.014452565,-0.013336798,-0.011917795,-0.009257588,-0.008213892,-0.007311124,-0.006983738,-0.006309169,-0.0058764056,-0.0047533084,-0.0037548002,-0.003269762,-0.0028961573,-0.0018998099,0.0031239793,0.0032239794,0.0035636926,0.004815993,0.005760917,0.005961716,0.0064099324,0.006509932,0.006609932,0.0066841613,0.0077789016,0.0099212,0.013039633,0.014356855,0.015648544,0.016689045,0.019264782,-0.015662033,-0.010333728,-0.007549028,-0.0036259398,0.0042275153,0.0069675855,0.009328548,0.014654303
2021-07-30,-0.0018463493,-0.022754919,-0.016648637,-0.015035398,-0.014513449,-0.013235823,-0.012236907,-0.009728116,-0.0076287165,-0.007126458,-0.006821461,-0.0063339835,-0.005050799,-0.004473602,-0.003894602,-0.003794602,-0.0035749308,-0.0030592286,0.0019135136,0.002630778,0.003520322,0.004283659,0.005154915,0.005254915,0.0053208168,0.0057661906,0.00590596,0.0065806545,0.0075235604,0.00982059,0.012528607,0.014377752,0.015555212,0.0165959,0.019199988,-0.015877947,-0.01035112,-0.0072422973,-0.004131469,0.0035338178,0.006515453,0.009077196,0.014504569
2021-08-02,0.000758321,-0.021487476,-0.016480178,-0.014785061,-0.013906556,-0.012631817,-0.011744575,-0.009332907,-0.00736872,-0.006942039,-0.0064804815,-0.0061023138,-0.005461073,-0.005433031,-0.0047473814,-0.0043799723,-0.0037945202,-0.0030931819,0.0034928804,0.004019116,0.0043211062,0.005027821,0.0053722057,0.0060648727,0.0061648726,0.0062648724,0.006364872,0.006464872,0.007150843,0.009917471,0.012406252,0.01430175,0.015426237,0.016444627,0.018755382,-0.015250121,-0.01003466,-0.0072975764,-0.004423474,0.0046051596,0.006816859,0.009064859,0.014365097
2021-08-03,-0.0012114816,-0.021886246,-0.016547503,-0.014892531,-0.014121951,-0.012768902,-0.012067699,-0.009684536,-0.00823785,-0.0070903185,-0.0067935623,-0.005977181,-0.005853379,-0.005095621,-0.003990868,-0.003890868,-0.0031798503,-0.0027583232,0.0016997958,0.0021731907,0.0034748465,0.0045709466,0.0056569823,0.005783146,0.0058831456,0.0060853893,0.006355459,0.0064710365,0.007946374,0.009994206,0.013032836,0.014469682,0.01535736,0.016697593,0.019163286,-0.015478459,-0.010394586,-0.007609622,-0.0039594183,0.0035603852,0.006798152,0.009224887,0.014671521
2021-08-04,-0.0013712706,-0.021868568,-0.016416036,-0.014808058,-0.013850529,-0.012666686,-0.011671922,-0.009346278,-0.008083392,-0.007200717,-0.0069027944,-0.0059459317,-0.005157731,-0.005100431,-0.0041903886,-0.0040509184,-0.0032374226,-0.0030222726,0.0036954293,0.0038017218,0.0045790463,0.005983424,0.006300835,0.006400835,0.0065008346,0.0066008344,0.0067008343,0.006800834,0.007580458,0.009934747,0.012450867,0.014289215,0.015329429,0.016785441,0.019148946,-0.015294748,-0.010222074,-0.0073832544,-0.0040893867,0.004912091,0.007207617,0.00926926,0.014521843
2021-08-05,-0.00040963618,-0.022030506,-0.016431393,-0.015108131,-0.01389989,-0.01293624,-0.011501128,-0.009393661,-0.008242233,-0.0069721746,-0.006872175,-0.006583347,-0.005948711,-0.0054789484,-0.0049891965,-0.0040055853,-0.0038229967,-0.0034280943,0.0014990584,0.00202688,0.0029607804,0.004265658,0.005576445,0.0056528845,0.0062688943,0.006368894,0.006468894,0.0067330245,0.008301652,0.010085558,0.01282413,0.014438895,0.015281676,0.016794162,0.019140739,-0.015359831,-0.010243465,-0.0076086386,-0.004565844,0.003404254,0.0068833614,0.009374161,0.014656696
2021-08-06,-0.0065112025,-0.021838982,-0.01642584,-0.014851997,-0.013935722,-0.0129311625,-0.011385853,-0.009133346,-0.007842136,-0.006998774,-0.0066680973,-0.006139881,-0.005540863,-0.005042646,-0.004129144,-0.003715542,-0.0030743724,-0.0028973923,0.00072294596,0.0010274263,0.0022275494,0.003942025,0.004392627,0.004492627,0.0052348687,0.0053348686,0.0057205115,0.0061864736,0.0076559074,0.010050194,0.012932626,0.014244136,0.015629046,0.016623897,0.018917022,-0.015303512,-0.0100424215,-0.007295919,-0.0039912662,0.0026309632,0.006091358,0.0090484265,0.014553575
2021-08-09,-0.001048547,-0.022133289,-0.016003706,-0.01491698,-0.014051401,-0.012760303,-0.011371093,-0.009181859,-0.008330024,-0.0070506874,-0.0069506876,-0.0065259114,-0.005797525,-0.0051117316,-0.004488551,-0.0038284217,-0.0033057835,-0.0027496368,0.0014167115,0.0016692857,0.0025798348,0.0041010994,0.0042219353,0.0044725332,0.0049324613,0.0050469516,0.005877562,0.0064627533,0.007468959,0.009816331,0.01302065,0.014465183,0.015650816,0.016650895,0.019096198,-0.015263958,-0.010170129,-0.007512212,-0.004179661,0.0029398785,0.006004101,0.009055285,0.014609851
2021-08-10,-0.002364858,-0.021511551,-0.016525263,-0.0148451505,-0.013970904,-0.012545486,-0.011562903,-0.009158308,-0.007302196,-0.0069733546,-0.006761422,-0.0066467146,-0.0058820285,-0.0057820287,-0.00537296,-0.0046110246,-0.0033497165,-0.0031304674,0.0015340018,0.00258689,0.0034031835,0.0041010818,0.0049535264,0.005217144,0.0053171436,0.005908015,0.0063916883,0.006471311,0.007956508,0.010287817,0.012668251,0.014301182,0.015228902,0.016493388,0.01882807,-0.01522322,-0.009968383,-0.007458116,-0.0046221768,0.0033884603,0.0065675625,0.009267245,0.014515741
2021-08-11,0.001379115,-0.02222863,-0.016543953,-0.014916602,-0.014115814,-0.012682907,-0.011201513,-0.0091765765,-0.0073338496,-0.0069726277,-0.006778073,-0.0063220058,-0.0053760125,-0.005341871,-0.0047710435,-0.0040019974,-0.0029568835,-0.002696567,0.002076313,0.0026730204,0.0031787916,0.004060009,0.0043595294,0.004796691,0.0048966906,0.005053048,0.0060518356,0.0065207314,0.008507275,0.009853812,0.012735954,0.013769965,0.015694138,0.0167066,0.019117018,-0.0153545635,-0.009920234,-0.0072062635,-0.004149699,0.0033769652,0.0061167623,0.009325558,0.01443667
2021-08-12,-0.00013420431,-0.022250999,-0.016589496,-0.01493905,-0.014033419,-0.012634865,-0.011310385,-0.009104223,-0.007869396,-0.006508228,-0.006408228,-0.005945501,-0.0056006475,-0.004818615,-0.004035636,-0.0033631553,-0.002412994,-0.002028875,0.0013031221,0.0021082324,0.0032992822,0.0037620335,0.0044735214,0.004573521,0.004673521,0.0046766372,0.00527462,0.0064161536,0.00825237,0.01006038,0.01242957,0.013741061,0.015182833,0.016732808,0.019230504,-0.015363833,-0.009946256,-0.007201454,-0.003557232,0.0030292382,0.0060400427,0.009037272,0.014438865
2021-08-13,0.0051676845,-0.022309363,-0.016621405,-0.014964936,-0.014171223,-0.0127468025,-0.011331488,-0.009144082,-0.0075330124,-0.006604334,-0.006011565,-0.0060077896,-0.0057019456,-0.005601946,-0.0054407455,-0.0029753738,-0.0024393394,-0.0023884287,0.0024334898,0.0026220067,0.0031414512,0.004010231,0.004246217,0.0044923597,0.004780442,0.0050763343,0.0058685546,0.006496793,0.0077012093,0.009887518,0.012598327,0.013753632,0.014908832,0.016471922,0.018922854,-0.015436056,-0.009915571,-0.0072359913,-0.0038503357,0.003397524,0.0060398444,0.0089725815,0.01432685
2021-08-16,-0.001756396,-0.02263606,-0.016672224,-0.014972558,-0.013928182,-0.012741877,-0.011482054,-0.009096862,-0.008131604,-0.0067388723,-0.0057287635,-0.0056287637,-0.005528764,-0.005428764,-0.005328764,-0.0049065044,-0.004594813,-0.003414491,0.0026470185,0.003058015,0.003697828,0.0041008946,0.0044126012,0.004512601,0.004612601,0.0049119154,0.0049732043,0.0065188333,0.0077898637,0.009912208,0.012934723,0.014391132,0.0149343405,0.016495619,0.018901553,-0.015492079,-0.010084391,-0.00725999,-0.0047746673,0.0036232714,0.0060536317,0.00882569,0.014527047
2021-08-17,-0.0053027146,-0.02254039,-0.016650984,-0.015020343,-0.014354919,-0.012820164,-0.012093192,-0.009350441,-0.008223495,-0.006773832,-0.0058187963,-0.0053907577,-0.005024277,-0.004959441,-0.0036587878,-0.003400027,-0.0029237238,-0.0023925984,0.0031879868,0.0037448732,0.0040775314,0.0042202044,0.0048002945,0.005143211,0.005266446,0.005488833,0.005723778,0.006507668,0.0075873476,0.010411899,0.012466636,0.01326353,0.015021015,0.016338555,0.018618044,-0.01569193,-0.01029226,-0.00722384,-0.0035531789,0.0040994086,0.0064703813,0.009050341,0.014219734
2021-08-18,-0.0009801714,-0.022121586,-0.016698191,-0.014966365,-0.014151633,-0.012736479,-0.011343617,-0.0090918485,-0.0079689985,-0.0065399227,-0.005764841,-0.005240508,-0.004955355,-0.004361612,-0.0035297226,-0.0023630825,-0.0022630824,-0.0021630824,0.00228092,0.0024233274,0.00315438,0.0036508448,0.0038652713,0.003971584,0.0043832557,0.004508295,0.0055949995,0.006431102,0.00794514,0.010906649,0.012991777,0.014439074,0.015333494,0.016650675,0.018899167,-0.015410301,-0.00998215,-0.006878885,-0.0031118956,0.0031785457,0.0059365802,0.009242277,0.0147774685
2021-08-19,-0.0007010165,-0.021826278,-0.016506871,-0.014857057,-0.014016251,-0.012715064,-0.011800461,-0.009127602,-0.0073940326,-0.006514585,-0.005764043,-0.0057429597,-0.005738941,-0.005638941,-0.004206031,-0.003694003,-0.0032508124,-0.0029472038,0.002310693,0.0027740889,0.0034426933,0.003965459,0.0039763576,0.0044317413,0.0045100944,0.005198064,0.0057167606,0.0063744537,0.007204038,0.009998179,0.012964613,0.014398098,0.01525716,0.016507482,0.018610667,-0.015372986,-0.009938748,-0.0072672837,-0.003968202,0.0034006059,0.0059957593,0.008910119,0.014495808
2021-08-20,-0.00025231522,-0.022359127,-0.016714118,-0.015043338,-0.014275339,-0.012807551,-0.01201586,-0.009483706,-0.007536744,-0.007363098,-0.007017161,-0.006391895,-0.0054254252,-0.004914151,-0.0038350134,-0.0030391295,-0.002678262,-0.0023891437,0.002957193,0.0030138707,0.0034611516,0.003866243,0.0050201667,0.00590263,0.006275043,0.0063750427,0.007397317,0.007779271,0.008496632,0.010923291,0.012769795,0.014368556,0.015292484,0.016708473,0.01910204,-0.015634399,-0.01028855,-0.0073818685,-0.0036666885,0.0039147004,0.00720008,0.009977799,0.01477443
2021-08-23,0.0035181087,-0.02228341,-0.016622525,-0.014943999,-0.014236724,-0.012736678,-0.0121333,-0.009298583,-0.0074600643,-0.0071726427,-0.0066390303,-0.006026691,-0.0048419493,-0.0047419495,-0.0046419497,-0.003551457,-0.0024695175,-0.0021360782,0.0027737932,0.0032670142,0.0033670142,0.0037842968,0.004081276,0.0044658957,0.0045658955,0.005232901,0.0058029266,0.006536918,0.00832456,0.009894699,0.0124831945,0.01385362,0.014310773,0.016545486,0.018861353,-0.015602527,-0.010201718,-0.0071632587,-0.0037651386,0.003551603,0.006042338,0.008973976,0.01432767
2021-08-24,0.0012777976,-0.022325212,-0.016504351,-0.014970932,-0.0143093355,-0.012675879,-0.011078683,-0.0089109065,-0.0074730827,-0.0070080464,-0.006875212,-0.0059392094,-0.00555542,-0.0054554204,-0.005001855,-0.003956277,-0.003378649,-0.00306486,0.0029854008,0.0038816193,0.0039292476,0.0048726113,0.00554156,0.0061690887,0.0062266234,0.0063266233,0.006426623,0.0065499595,0.0072212294,0.009886276,0.012796139,0.013885534,0.014969858,0.016484953,0.019102499,-0.015378693,-0.0098883305,-0.0072875633,-0.0042681703,0.0043791,0.0068947016,0.00901079,0.01443108
2021-08-25,0.00084670587,-0.021577688,-0.016479505,-0.014899495,-0.014471502,-0.012626005,-0.011609164,-0.009088038,-0.0074625583,-0.0067129745,-0.0061797923,-0.0059254537,-0.0051696743,-0.0050696745,-0.004448455,-0.0040039364,-0.0036211344,-0.0030163357,0.0033287958,0.00376194,0.004055366,0.004168899,0.0056661163,0.005766116,0.005998685,0.006098685,0.0061433427,0.0066538434,0.008055297,0.0110504255,0.012597465,0.014144477,0.014946267,0.016742095,0.019219883,-0.015352773,-0.009954446,-0.007098173,-0.004203063,0.004262737,0.0070470376,0.009369835,0.014750868
2021-08-26,0.0004847248,-0.021872347,-0.016574604,-0.014911062,-0.014338784,-0.01266768,-0.011362532,-0.009002809,-0.008119881,-0.0072378633,-0.00650655,-0.0060048494,-0.005142838,-0.00493566,-0.003913832,-0.0037954748,-0.0031160489,-0.0022709325,0.0032370985,0.0048527536,0.0049637435,0.0057986057,0.0060663708,0.0063606026,0.0064606024,0.006560602,0.0070001604,0.0071001602,0.00720016,0.0098787015,0.012162151,0.013922019,0.014434542,0.016636968,0.019179014,-0.015363189,-0.010126829,-0.007213493,-0.0038202275,0.0050625606,0.0071932874,0.009122745,0.014355771
2021-08-27,0.0026808728,-0.022386266,-0.016648399,-0.014980134,-0.01410944,-0.012775419,-0.0112270275,-0.009066837,-0.007584695,-0.0066343755,-0.0063948906,-0.006047159,-0.0046704113,-0.004654899,-0.003953945,-0.0035529165,-0.0022216393,-0.001313951,0.0017957317,0.0018017185,0.002334566,0.003266759,0.0041645137,0.0044464995,0.004519193,0.00493981,0.005432168,0.0064908373,0.007115486,0.009735393,0.012215401,0.014050371,0.014450465,0.016621063,0.019106977,-0.0154293105,-0.009898613,-0.006906385,-0.0034179222,0.0027435936,0.0059554107,0.00864487,0.0143458415
2021-08-30,9.11464e-05,-0.021089252,-0.016418053,-0.01478544,-0.013803951,-0.012668248,-0.0111746,-0.009099767,-0.007836921,-0.0075508286,-0.0067814654,-0.0062892,-0.0060353363,-0.005553432,-0.0046961107,-0.004251975,-0.0036320104,-0.0036005524,0.0028677448,0.003430642,0.004279244,0.0052027567,0.006043845,0.0062127947,0.0063127945,0.0064127943,0.006522146,0.0070215533,0.0075639095,0.010218896,0.012295441,0.014024649,0.014359834,0.016442975,0.018916016,-0.015030822,-0.010089511,-0.0074763508,-0.0044939695,0.0044186367,0.007181977,0.009137267,0.014379595
2021-08-31,0.0004259463,-0.021801803,-0.016497197,-0.014990945,-0.013907683,-0.012751464,-0.011824229,-0.009081348,-0.0072038784,-0.006905214,-0.0067316173,-0.0056756493,-0.005015881,-0.00452035,-0.004203149,-0.0032020102,-0.0023653351,-0.0019064192,0.0021861512,0.0025998324,0.0026998324,0.00412838,0.0043577095,0.004714593,0.0049929405,0.0051594167,0.005557669,0.006232014,0.0072226194,0.009886132,0.011914988,0.014134437,0.014903804,0.016671581,0.018865073,-0.0153564755,-0.010001122,-0.0070591914,-0.0034705126,0.0033214272,0.006069973,0.008760448,0.014294443
2021-09-01,0.0042516235,-0.022335123,-0.016746737,-0.014966632,-0.014183364,-0.012801466,-0.01143689,-0.009212492,-0.0077429363,-0.007363421,-0.0070441635,-0.0062225545,-0.0054357573,-0.005229809,-0.0048284875,-0.0039326777,-0.003480334,-0.0021467067,0.003152557,0.003252557,0.003352557,0.0034269656,0.0038131976,0.004308284,0.004934241,0.0050200666,0.005582886,0.006464185,0.008036835,0.009825702,0.012216144,0.014027181,0.014871646,0.016413791,0.01860013,-0.015500715,-0.010144474,-0.0073779104,-0.004122152,0.0036237754,0.0058862874,0.008956251,0.01421659
2021-09-02,0.0006200583,-0.022222908,-0.016554166,-0.014808921,-0.013836375,-0.012657739,-0.011175138,-0.009116326,-0.0076661706,-0.0071898918,-0.0062488653,-0.0061488654,-0.005578652,-0.005249911,-0.005164999,-0.004339496,-0.0033915243,-0.0025285615,0.0026342324,0.0027342325,0.0028342325,0.0035834156,0.0036834157,0.0041710827,0.0043426133,0.0049847104,0.0053685238,0.0062495023,0.0074567175,0.009933106,0.0119474,0.014063066,0.015073967,0.01653735,0.018723173,-0.015289265,-0.00999129,-0.007183747,-0.0043146894,0.0032257452,0.0058043636,0.008816363,0.014240819
2021-09-03,0.002190323,-0.021369366,-0.016522428,-0.014824112,-0.0139379045,-0.012735027,-0.011234228,-0.008980525,-0.0073588765,-0.0071271346,-0.0066599795,-0.0065599796,-0.00645998,-0.00635998,-0.0060656257,-0.0053797853,-0.0051606223,-0.0040698145,0.0012263824,0.0016244701,0.0026929157,0.0034266445,0.0043639587,0.004692574,0.0053794617,0.0054794615,0.005707017,0.0063136774,0.0074266386,0.010046449,0.011721369,0.0141014345,0.014600317,0.016585309,0.019143846,-0.015159791,-0.009904975,-0.007614609,-0.005447165,0.002869975,0.006179224,0.008818819,0.0143196825
2021-09-06,-0.0014863693,-0.021314777,-0.016413383,-0.014760506,-0.013700731,-0.012513575,-0.011077955,-0.008785901,-0.007552974,-0.007375464,-0.0068492363,-0.0067276354,-0.0066276356,-0.005952446,-0.004618251,-0.004068345,-0.003920456,-0.0030211692,0.0022916137,0.0027828147,0.0032392235,0.00410789,0.0047571026,0.0049567167,0.005251391,0.005504805,0.005598859,0.00634671,0.007535397,0.009812502,0.012779562,0.013802773,0.014903693,0.01666792,0.019107552,-0.0150040835,-0.009910559,-0.0076120496,-0.004471171,0.0035345866,0.006275567,0.008839432,0.014434062
2021-09-07,-0.0014295024,-0.022178615,-0.016646734,-0.014935109,-0.014094401,-0.012769109,-0.011151503,-0.0090807285,-0.0073287906,-0.007028215,-0.0065385676,-0.0058742696,-0.004908967,-0.0046074106,-0.0041834754,-0.0032767723,-0.0030319453,-0.0021389332,0.002060651,0.0025877622,0.0032124806,0.003863591,0.004629808,0.0051160445,0.005544013,0.0056440127,0.006030653,0.0063154446,0.0074279606,0.009934027,0.012495344,0.014034665,0.014814862,0.016648745,0.019139042,-0.015368071,-0.00990487,-0.006907048,-0.003701079,0.0034536994,0.0063278675,0.008904589,0.014450366
2021-09-08,-0.0025901112,-0.020855976,-0.016274268,-0.015029968,-0.013760828,-0.012595721,-0.011162159,-0.009017363,-0.0073039345,-0.0072039347,-0.0064961375,-0.0061018,-0.0049526775,-0.0048526777,-0.0047026444,-0.004483527,-0.0036424198,-0.002871557,0.002564716,0.0030403484,0.0039386093,0.004072802,0.0041623646,0.0044365074,0.004536507,0.004636507,0.0053342893,0.0064305486,0.007025524,0.0100653665,0.012143492,0.013771442,0.014791541,0.016599948,0.019063018,-0.014929791,-0.009943472,-0.0069535174,-0.00436039,0.0036305967,0.0059462585,0.008729453,0.014328653
2021-09-09,0.00076547824,-0.02221254,-0.01661396,-0.014873717,-0.01411494,-0.012791627,-0.011211763,-0.0091065345,-0.007922486,-0.0064589647,-0.006358965,-0.006258965,-0.0057566683,-0.005342518,-0.0046626925,-0.004135485,-0.0032950735,-0.0027437445,0.0025206634,0.0031438614,0.0034860102,0.004456387,0.0045563867,0.0046563866,0.0047223736,0.0048223734,0.005232359,0.0061364654,0.006954164,0.010265959,0.011980622,0.0139347715,0.014466066,0.016708083,0.01911651,-0.015388966,-0.009914693,-0.0073184804,-0.004219192,0.0036658593,0.0060875146,0.008611003,0.014401188
2021-09-10,-0.00047359697,-0.022597522,-0.016676804,-0.015008898,-0.0143170245,-0.012822088,-0.011791829,-0.009053444,-0.0077914377,-0.0071398458,-0.006790258,-0.006718171,-0.0054672495,-0.0053088786,-0.0049030804,-0.0037269352,-0.003072127,-0.0025045676,0.0024039273,0.0027227914,0.0030715966,0.004324528,0.0057875533,0.005887553,0.005921554,0.0060215537,0.0064784605,0.006762916,0.0071056047,0.010097803,0.012280966,0.013957716,0.015078977,0.016493235,0.019015575,-0.015641052,-0.010157091,-0.0074299304,-0.004184976,0.0036888793,0.006911476,0.009104752,0.014369058
2021-09-13,-0.0010706481,-0.021190738,-0.01637804,-0.014851816,-0.013768944,-0.012666179,-0.011209687,-0.0090936525,-0.007413662,-0.0060687303,-0.0053004804,-0.005042573,-0.004935151,-0.0045624776,-0.0038478326,-0.0035174142,-0.00306726,-0.0025866213,0.0024138512,0.0025138513,0.0027374967,0.0034132104,0.00356917,0.0038430877,0.0043932875,0.0044932873,0.0049309744,0.006517485,0.006957602,0.010047516,0.0118042445,0.014056043,0.015079393,0.016611565,0.01879682,-0.015042718,-0.00972751,-0.006684291,-0.0036123402,0.0030943393,0.005694109,0.008706594,0.014263237
2021-09-14,0.0011806102,-0.022159496,-0.01659385,-0.014919457,-0.014037024,-0.0127775865,-0.0112392,-0.009207681,-0.0074457615,-0.0063256463,-0.0062354156,-0.006054799,-0.005877923,-0.0057779234,-0.005347632,-0.004675479,-0.0043491735,-0.0037340512,0.00020969252,0.0006168559,0.0013855592,0.0031312704,0.0036016917,0.0040753162,0.0043994742,0.0046919165,0.0056768064,0.006493425,0.007454188,0.009960269,0.012500254,0.014089858,0.015036197,0.016632084,0.018914236,-0.015361431,-0.009827549,-0.0073152445,-0.004832227,0.0019485705,0.005764524,0.008924177,0.01441934
2021-09-15,-0.000983745,-0.021797717,-0.016563242,-0.014912375,-0.014160998,-0.012730127,-0.011183404,-0.008979839,-0.007747581,-0.0072587943,-0.0068308874,-0.0067222626,-0.006011109,-0.005351058,-0.0043035024,-0.0036264563,-0.003148274,-0.0026160597,0.0018598284,0.0022644312,0.0028552497,0.0029552497,0.004207895,0.004603339,0.0046232613,0.0046759048,0.005373481,0.0065013706,0.0075487727,0.00994125,0.012069771,0.014095764,0.0146817975,0.016585436,0.01911949,-0.0152870985,-0.0100163985,-0.007424808,-0.0040833107,0.002911604,0.005985952,0.008809334,0.014362341
2021-09-16,-0.0040700682,-0.021146987,-0.016468978,-0.014783719,-0.014000326,-0.012652029,-0.01117978,-0.009074646,-0.00743637,-0.0064341095,-0.0063655754,-0.005996849,-0.005356172,-0.0047048493,-0.0041613113,-0.0028140377,-0.0022626936,-0.001935871,0.002271348,0.002371348,0.002471348,0.0036373555,0.0040723174,0.004085648,0.004705876,0.0047596605,0.005621054,0.0065241978,0.0073589217,0.009779947,0.012315111,0.0138081545,0.014779946,0.016643252,0.01879625,-0.015089619,-0.009781724,-0.0070085498,-0.0034341526,0.0030914552,0.0058443537,0.008812813,0.014268543
2021-09-17,-0.0025365169,-0.021352539,-0.016546477,-0.014885742,-0.014022945,-0.012720187,-0.011268087,-0.0093038315,-0.007504903,-0.006912055,-0.0062989634,-0.0058399173,-0.005574811,-0.0048012664,-0.0044908198,-0.003308548,-0.002920697,-0.0016019205,0.0029329995,0.0036305788,0.0040083984,0.004479393,0.0047192886,0.0048192884,0.0048232293,0.004923229,0.005582012,0.0064274813,0.0072037745,0.009812372,0.012399263,0.014089179,0.014704342,0.01659319,0.019077048,-0.015182046,-0.009974924,-0.007089606,-0.0036323804,0.0039749197,0.0061403317,0.008745996,0.014394211
2021-09-20,-0.0003878538,-0.022032637,-0.016678581,-0.015020494,-0.014231779,-0.012765391,-0.01112857,-0.0090761185,-0.0074542034,-0.0073767244,-0.0062395968,-0.006139597,-0.005733679,-0.005633679,-0.0046912106,-0.0038090113,-0.0032336356,-0.0019236194,0.0028360551,0.0033350007,0.004018416,0.0043006106,0.0044855666,0.004689597,0.004789597,0.0049441033,0.0060947645,0.006416931,0.00752482,0.010435376,0.012303683,0.01411783,0.01482448,0.016649492,0.01922476,-0.0153673915,-0.010011222,-0.0072379457,-0.0039594145,0.0038559358,0.006194315,0.009059275,0.014546228
2021-09-21,-0.0003816074,-0.021012612,-0.01633454,-0.014665559,-0.013803658,-0.012574247,-0.011181635,-0.009006428,-0.0074034147,-0.006699043,-0.0060909553,-0.0059909555,-0.0058909557,-0.0055937553,-0.005222051,-0.0047967285,-0.0041076546,-0.0031864226,0.002397053,0.002497053,0.0030055281,0.004013948,0.004356031,0.0045764754,0.004726804,0.0049954504,0.005552652,0.0062585184,0.0068998323,0.009893473,0.012747304,0.013780227,0.014533883,0.016744737,0.019316772,-0.014981339,-0.009791216,-0.007232143,-0.0046607624,0.003328077,0.00601599,0.008627672,0.0144965025
2021-09-23,0.0008291176,-0.02248385,-0.016656844,-0.014924444,-0.014122826,-0.012662765,-0.011151206,-0.009064859,-0.0073176376,-0.0071605807,-0.0065886495,-0.0060749967,-0.005991852,-0.0051812576,-0.004782008,-0.003490523,-0.002618351,-0.0019513926,0.0017204394,0.0018204394,0.0022634002,0.003379408,0.0036816148,0.003970382,0.0041233967,0.0045775,0.0052242503,0.006249176,0.006936647,0.009900589,0.012528494,0.013933487,0.015426793,0.016772583,0.01905764,-0.015415497,-0.009923746,-0.0072461204,-0.0037834544,0.0026614168,0.0056758523,0.008747491,0.014438559
2021-09-24,-0.0017421552,-0.021598484,-0.016531812,-0.014981783,-0.013938546,-0.012625185,-0.012232363,-0.010641205,-0.010441653,-0.010341654,-0.009514212,-0.0089384895,-0.00883849,-0.008413648,-0.005934787,-0.004989333,-0.0039918767,-0.003610868,0.0057016457,0.006142829,0.006859598,0.0075944364,0.008390682,0.008552476,0.009016846,0.009116846,0.009216846,0.009316846,0.009416846,0.010553687,0.012460309,0.014140428,0.014456776,0.016612088,0.018978084,-0.015385279,-0.011727732,-0.009888073,-0.0054930705,0.0070630712,0.009186108,0.0105922,0.014548918
2021-09-27,-0.0010591435,-0.021550223,-0.01648192,-0.01493638,-0.014010924,-0.012686786,-0.011774813,-0.009127062,-0.008307537,-0.007498384,-0.0073896353,-0.0071100267,-0.006029453,-0.0059294533,-0.005630754,-0.003686095,-0.0030426953,-0.00248066,0.0035732666,0.005376704,0.005721328,0.005854912,0.006237483,0.0062669297,0.0063669295,0.0064669293,0.006566929,0.006666929,0.0067144413,0.00980351,0.011518539,0.01406011,0.014814013,0.01673537,0.019020144,-0.015300932,-0.010328835,-0.007886178,-0.004390046,0.005378628,0.0070883567,0.008913165,0.014227534
2021-09-28,-0.0018690475,-0.021715937,-0.016517604,-0.014865647,-0.014001917,-0.012667014,-0.011716192,-0.009024505,-0.008390736,-0.0076182433,-0.0074553243,-0.006361288,-0.006164814,-0.0056883637,-0.0047702566,-0.0032157518,-0.0025328724,-0.001670677,0.004587682,0.005086081,0.0053894166,0.005655971,0.00635228,0.0064522796,0.0065522795,0.0066522793,0.006752279,0.006852279,0.0074599218,0.009911155,0.012142327,0.013996587,0.015004686,0.016486783,0.019004438,-0.015323733,-0.010323064,-0.007883086,-0.0037101693,0.005454286,0.007244055,0.0091960635,0.014308259
2021-09-29,-0.0058477814,-0.022274086,-0.016628733,-0.014943733,-0.014190248,-0.01277911,-0.011862359,-0.008882911,-0.008278346,-0.008109673,-0.0072516967,-0.006609147,-0.0065556224,-0.006068132,-0.0047192182,-0.0034073556,-0.0031900792,-0.0026714986,0.0036654077,0.0045419284,0.005537923,0.006523791,0.0066237906,0.0067237904,0.0068237903,0.00692379,0.00702379,0.0071237898,0.0072237896,0.009877052,0.012497215,0.014105067,0.01532324,0.016672727,0.019156922,-0.015546908,-0.010415404,-0.008003231,-0.0041194595,0.005418568,0.007454443,0.009314332,0.014461796
2021-09-30,-0.0028957373,-0.021603068,-0.0164578,-0.01483302,-0.01397637,-0.012690536,-0.011261945,-0.009074933,-0.008477605,-0.0077843387,-0.007531423,-0.0071190745,-0.006285337,-0.005772044,-0.0052935504,-0.0033455424,-0.0032455423,-0.0030074534,0.00378921,0.004317929,0.004363465,0.007256127,0.007944112,0.009313931,0.009435537,0.009535537,0.009635537,0.009735537,0.009835537,0.009874357,0.011443948,0.014142723,0.014923249,0.01668566,0.019102987,-0.015197943,-0.010286368,-0.00786567,-0.0044022324,0.0058324537,0.009280695,0.010800844,0.014249936
2021-10-01,0.0016698997,-0.021867791,-0.01661856,-0.014980229,-0.014065583,-0.012769381,-0.011258094,-0.0090824915,-0.0075670653,-0.0073357904,-0.006443556,-0.006426884,-0.0057970607,-0.0049983286,-0.00446701,-0.003888224,-0.0031856135,-0.0031384744,0.0023227008,0.0028540508,0.0028878276,0.00442916,0.0057109264,0.005810926,0.005910926,0.006010926,0.0062124874,0.007030171,0.0074182125,0.010288376,0.011807536,0.013603035,0.014615186,0.016603116,0.01902879,-0.015315881,-0.010044734,-0.0072128205,-0.004221241,0.0036809328,0.0069702654,0.009112886,0.014266171
2021-10-04,0.0020243009,-0.02137716,-0.016521359,-0.014801122,-0.013909798,-0.012714798,-0.01118493,-0.009048281,-0.0076190075,-0.006914712,-0.0066803093,-0.0065988977,-0.005858781,-0.005068755,-0.0046529355,-0.0034537683,-0.002591436,-0.0024019221,0.0030194784,0.0031194785,0.0032194785,0.0041527883,0.0055580097,0.005769107,0.006255754,0.0063557536,0.00669187,0.007070538,0.0076904045,0.010033692,0.01261213,0.013963695,0.014446571,0.016730802,0.019047968,-0.015141609,-0.00991361,-0.0072823567,-0.0039397916,0.0039533954,0.00695742,0.009186615,0.014477657
2021-10-05,-0.0010331735,-0.021858595,-0.016569145,-0.014885391,-0.0139679015,-0.01252341,-0.011255486,-0.009096685,-0.007401667,-0.007226909,-0.006693476,-0.0057252795,-0.005539246,-0.005320124,-0.0044591175,-0.0035741644,-0.0024532152,-0.0022679772,0.0029599597,0.0034471322,0.0036085427,0.0050794324,0.00560986,0.00608644,0.0066772364,0.006689319,0.0070511936,0.007167145,0.008001115,0.010446415,0.012948003,0.013986687,0.014940712,0.016530437,0.018657297,-0.015234908,-0.009973227,-0.007242,-0.0036959506,0.0043544606,0.007199836,0.009521316,0.014513768
2021-10-06,-0.0055521806,-0.021512711,-0.016444603,-0.014828873,-0.013883082,-0.012651748,-0.011105463,-0.0089494,-0.007368964,-0.0070165666,-0.006525585,-0.0059636664,-0.0057424526,-0.00506284,-0.004480494,-0.003572013,-0.0029306,-0.0027230063,0.0026370557,0.0035459483,0.004382651,0.004671035,0.005481936,0.005725613,0.0063113696,0.0064871516,0.0070811664,0.0077196653,0.008068435,0.009916251,0.012761284,0.013702777,0.0149338,0.01646791,0.018843723,-0.015119521,-0.009853853,-0.007161061,-0.003933956,0.0043096123,0.007066123,0.009543863,0.014338389
2021-10-07,0.0013698528,-0.022561073,-0.016596984,-0.014605349,-0.014126285,-0.012750549,-0.011029802,-0.009075587,-0.008238667,-0.007395771,-0.0066537424,-0.0065537426,-0.0064537427,-0.006353743,-0.0060687214,-0.0041380003,-0.0033490986,-0.0028274432,0.002511936,0.0033290496,0.0042197183,0.0047228825,0.0059908377,0.006205013,0.0066439654,0.0066848923,0.007292011,0.007295298,0.007956831,0.0103361355,0.012610025,0.013850692,0.015082709,0.0165659,0.018640243,-0.015412939,-0.010069035,-0.0077459393,-0.0045874016,0.00428551,0.0073024356,0.009592597,0.014400599
2021-10-08,0.0010310204,-0.022223366,-0.016642815,-0.014987155,-0.014203671,-0.012777665,-0.011227496,-0.00924189,-0.007206424,-0.0061744223,-0.0059332745,-0.0056916326,-0.005591633,-0.0049645016,-0.0048518614,-0.0038219977,-0.0033890074,-0.0028892038,0.0023802593,0.003359921,0.003834987,0.003934987,0.004449136,0.0045510503,0.0051842616,0.0057514952,0.006363359,0.0065407483,0.008388797,0.010629596,0.012583166,0.013694902,0.014936661,0.016511716,0.01902805,-0.015415003,-0.009767477,-0.006984666,-0.0041287406,0.0037388832,0.0063844053,0.009371832,0.014489487
2021-10-11,2.1603311e-05,-0.021826899,-0.016558103,-0.014774849,-0.013902106,-0.01263829,-0.011268714,-0.009107386,-0.0072079604,-0.0071079605,-0.0065061348,-0.005879026,-0.005750115,-0.005399935,-0.005211521,-0.0037322328,-0.003376027,-0.002668467,0.0020419757,0.002457075,0.003265895,0.0038190274,0.0039706645,0.0040410683,0.004510803,0.004930289,0.005355919,0.006555322,0.007899524,0.010359053,0.012801609,0.013969084,0.014754273,0.01645671,0.01861745,-0.015238823,-0.009893374,-0.0072265714,-0.004173455,0.0032189551,0.0059712795,0.008984818,0.0144407805
2021-10-12,-0.0027841884,-0.022642987,-0.016751556,-0.015020571,-0.014284638,-0.012799339,-0.011309482,-0.009109793,-0.0072887223,-0.0062869643,-0.0061869645,-0.0056444122,-0.0049671787,-0.0045845723,-0.0040927017,-0.002869048,-0.0027690479,-0.0022069165,0.002364308,0.0031397792,0.0038393252,0.003919257,0.00476189,0.0048840498,0.0049840496,0.0050840494,0.0058055692,0.0063324645,0.00870325,0.010380766,0.012681357,0.01396594,0.01485175,0.016648153,0.019035285,-0.0155576,-0.009803107,-0.0068673836,-0.0035164251,0.003649344,0.006288644,0.00921476,0.014542301
2021-10-13,0.0023930962,-0.0218927,-0.01646774,-0.014721642,-0.013697182,-0.012601864,-0.011667711,-0.008978672,-0.0073692594,-0.0062895394,-0.005417064,-0.005170998,-0.004668585,-0.0044058957,-0.0038939598,-0.002950266,-0.002554761,-0.002089933,0.0024472643,0.0027733038,0.003162739,0.0035578974,0.004674284,0.0047742836,0.0048742834,0.0049119536,0.0055679916,0.0064095706,0.008468588,0.010508922,0.01279931,0.01361763,0.014624012,0.016482204,0.01869283,-0.015265438,-0.0098053645,-0.0067057027,-0.003331984,0.0033630976,0.0062558027,0.009115817,0.01442018
2021-10-14,0.0019647179,-0.021411413,-0.01646803,-0.014833834,-0.014061079,-0.012676939,-0.012027351,-0.009050306,-0.0074517643,-0.005967881,-0.005348457,-0.0048874677,-0.0047087865,-0.0038857064,-0.0032807987,-0.0022551022,-0.002155102,-0.0020284818,0.0022054615,0.002549302,0.0026493021,0.0036092978,0.0044407905,0.0045407903,0.0047766403,0.005378251,0.005478251,0.006188184,0.008078842,0.010284729,0.012584255,0.014081346,0.014805626,0.016629048,0.01916349,-0.015328963,-0.009866227,-0.0066844136,-0.0029213906,0.0031580008,0.006166549,0.008967127,0.014548573
2021-10-15,0.00023723206,-0.02224289,-0.015895242,-0.014370655,-0.013127517,-0.012326583,-0.011116214,-0.0090129385,-0.0074027423,-0.006111338,-0.005425577,-0.0051779905,-0.0048647816,-0.0046427147,-0.004265645,-0.003370335,-0.003002408,-0.0020482885,0.0026637581,0.0038249674,0.004492754,0.004592754,0.004692754,0.004795804,0.004895804,0.0049561327,0.0054731425,0.0062131775,0.009073108,0.011095064,0.012946252,0.013839947,0.014580926,0.016643628,0.019101178,-0.01494169,-0.009602777,-0.0066904062,-0.0035729334,0.0040940074,0.0063505867,0.0092870835,0.014725214
2021-10-18,0.0013274605,-0.021921748,-0.017069284,-0.015292043,-0.013528135,-0.012689439,-0.011208646,-0.008917299,-0.0073496746,-0.0059517194,-0.005410599,-0.0049853013,-0.0042761457,-0.004176146,-0.00373199,-0.002724339,-0.002582481,-0.0022071926,0.0025066969,0.00360817,0.004469981,0.0045306413,0.004773381,0.004873381,0.004973381,0.0050733807,0.005834039,0.006266376,0.008645611,0.010615963,0.012988643,0.014000729,0.014237048,0.01648855,0.01864998,-0.0152834505,-0.009743877,-0.0064842426,-0.0032462608,0.004017774,0.0063204966,0.009119807,0.014548773
2021-10-19,0.0019921912,-0.022298092,-0.016103897,-0.01457559,-0.01352544,-0.012792773,-0.0113342395,-0.00911459,-0.007086068,-0.0060806596,-0.0053955195,-0.005313448,-0.004651971,-0.004371638,-0.004076649,-0.0029055846,-0.0024570078,-0.0022522574,0.0025781936,0.0027976655,0.0032882048,0.0036222897,0.004149882,0.004337539,0.004743996,0.0048000966,0.0056841057,0.0061234008,0.008417669,0.011087328,0.012762392,0.01408178,0.014919855,0.016746555,0.019221174,-0.015210887,-0.009638229,-0.006567887,-0.0034009896,0.0034060702,0.0060996497,0.009246471,0.014779846
2021-10-20,0.0009452243,-0.022043588,-0.01710577,-0.015275072,-0.014323033,-0.01251247,-0.0112559935,-0.0090405205,-0.007655313,-0.0071153734,-0.006530889,-0.0062460005,-0.0055729663,-0.0045313556,-0.0033932151,-0.002291688,-0.002191688,-0.0018097119,0.0017294654,0.0019779329,0.0023076034,0.0040217666,0.0041661034,0.004410416,0.0045618755,0.0047985194,0.0057873838,0.0066267685,0.008143998,0.010335057,0.012585852,0.014095191,0.014737166,0.016607055,0.018930508,-0.015448171,-0.010068455,-0.007109304,-0.0031864606,0.0029197286,0.006067373,0.009126075,0.014510733
2021-10-21,-0.00010736687,-0.020973356,-0.016013661,-0.014480073,-0.013392627,-0.012577036,-0.011235883,-0.009062147,-0.007374045,-0.0058560204,-0.0054954616,-0.0047894535,-0.004767822,-0.0044508195,-0.0042565945,-0.003224143,-0.0023229297,-0.002228562,0.0026444367,0.0035842732,0.0041298377,0.004198189,0.0042594364,0.0044965385,0.0046012076,0.0046835616,0.0055437265,0.006348283,0.009208655,0.010306167,0.012827653,0.0140410485,0.014790274,0.016528632,0.018703809,-0.014838512,-0.009601634,-0.0066648065,-0.0033643364,0.003831589,0.0060187974,0.009239421,0.014481463
2021-10-22,-0.0008292605,-0.022429096,-0.016080888,-0.015301961,-0.014523747,-0.012598246,-0.012003419,-0.009090261,-0.007303863,-0.006228769,-0.005847807,-0.0051598693,-0.004481057,-0.0044620023,-0.003900611,-0.003099124,-0.0026633642,-0.002326535,0.0024733446,0.0036316253,0.0041403556,0.0042403555,0.0042793094,0.0043793092,0.004479309,0.0045463587,0.005125186,0.0065111835,0.008355423,0.010717362,0.012508975,0.014079477,0.014822727,0.01665195,0.019132027,-0.015527079,-0.009985655,-0.0068196296,-0.0034299004,0.003792998,0.0060867043,0.009106377,0.014617959
2021-10-25,-0.0019038835,-0.022246694,-0.017110618,-0.015295543,-0.014427193,-0.012579776,-0.011127981,-0.009132251,-0.007349229,-0.0062944866,-0.0056711943,-0.0048742127,-0.004700111,-0.0046001114,-0.004088688,-0.003490955,-0.002431176,-0.002063202,0.0031577249,0.0037829059,0.0038901067,0.0040617697,0.0041617695,0.0043017487,0.0046415436,0.004902793,0.005492778,0.006274225,0.008985865,0.010613,0.0125841955,0.014061835,0.014770049,0.01667045,0.019179871,-0.015498454,-0.009839898,-0.006689725,-0.0033896468,0.00390681,0.0060507073,0.009227185,0.014621871
2021-10-26,-0.0016961083,-0.021977592,-0.017103365,-0.0145148635,-0.014479608,-0.012586519,-0.011100201,-0.0091867475,-0.007276119,-0.00589511,-0.00568293,-0.0049451436,-0.004713637,-0.004658061,-0.0041086753,-0.003442966,-0.003014043,-0.002759561,0.0018069228,0.0021599263,0.0024591696,0.0033681088,0.004144082,0.004302713,0.0047118412,0.0049838503,0.0057186508,0.00648854,0.008186008,0.010283099,0.0125961425,0.014035314,0.014756206,0.016493069,0.018863223,-0.015449459,-0.009594609,-0.0066861897,-0.0036540776,0.0029011937,0.0060404567,0.009086501,0.014454169
2021-10-27,0.000845181,-0.022586647,-0.017077947,-0.015258258,-0.014493922,-0.012681856,-0.011109869,-0.009138828,-0.00731047,-0.0062243626,-0.005574724,-0.005413786,-0.0051580337,-0.0045304117,-0.004385314,-0.003630249,-0.0028056044,-0.0021136554,0.0032138869,0.0038261216,0.004362227,0.0044622268,0.0045622266,0.0046622264,0.0047622263,0.004862226,0.004962226,0.00652102,0.00849625,0.010364712,0.0122436825,0.014160009,0.014570655,0.01671983,0.019246114,-0.015590047,-0.009808357,-0.006736702,-0.0036697215,0.0041253376,0.006194482,0.008982973,0.014546869
2021-10-28,0.0072238143,-0.021499764,-0.01597556,-0.014513451,-0.013469162,-0.01218669,-0.011133944,-0.009353153,-0.0074273716,-0.005865726,-0.0052396287,-0.0052251713,-0.004815522,-0.0037273925,-0.0033217994,-0.002765216,-0.0022851273,-0.0020567535,0.0011919778,0.0011945915,0.0018827294,0.0032420335,0.0041288887,0.005017162,0.0051171617,0.0052171615,0.005776283,0.007070346,0.00893458,0.009856874,0.011735614,0.013845548,0.014378645,0.016614497,0.01875328,-0.014853025,-0.00965873,-0.006468772,-0.0031308136,0.0025256989,0.0062580868,0.0092033455,0.014161164
2021-10-29,-0.011556444,-0.02181747,-0.016032947,-0.014471784,-0.013543667,-0.012545665,-0.011112427,-0.009706718,-0.008171041,-0.007514283,-0.0064649275,-0.0063649276,-0.006264928,-0.0053503793,-0.004445227,-0.0038677482,-0.0028575968,-0.0025656298,0.0036799917,0.0042336797,0.004264659,0.0048810886,0.005974578,0.0068153,0.0069152997,0.0071871104,0.0076939305,0.00845837,0.009032341,0.011626603,0.011726603,0.013649991,0.014281746,0.016045269,0.019131416,-0.015010436,-0.010195251,-0.00747274,-0.004020226,0.0047949436,0.008012393,0.010218598,0.014435977
2021-11-01,0.0035780377,-0.022491556,-0.01712382,-0.014540296,-0.014440296,-0.012643928,-0.011307842,-0.009003137,-0.008162798,-0.007972508,-0.0072304965,-0.007072842,-0.0066217068,-0.005560369,-0.0049382034,-0.003544132,-0.0026414283,-0.0024332756,0.0027046183,0.0029699178,0.003069918,0.0030872503,0.0038418279,0.0042395294,0.006122026,0.006207976,0.00650573,0.007607166,0.007669611,0.009794969,0.011362485,0.014003575,0.01432056,0.016493907,0.018888328,-0.015601489,-0.010197316,-0.0077766427,-0.004125976,0.0035907463,0.0063382937,0.009179607,0.014108652
2021-11-02,-0.00091489736,-0.02142047,-0.01698166,-0.014509639,-0.014399247,-0.01262255,-0.01142115,-0.009093361,-0.007375315,-0.007275315,-0.006986983,-0.006871315,-0.0061001736,-0.005383434,-0.0045137806,-0.0037004128,-0.0027558578,-0.0021669972,0.0028324001,0.0032638179,0.0035304658,0.0036699583,0.004557787,0.004927712,0.0060271374,0.006127137,0.0064720497,0.0073128524,0.007877066,0.009882571,0.011611558,0.014107938,0.014325282,0.016194152,0.019147383,-0.015369016,-0.009934956,-0.007453411,-0.0040016724,0.0038647559,0.006561612,0.009173964,0.01418872
2021-11-03,0.00029786507,-0.021720394,-0.015786832,-0.014463456,-0.0143634565,-0.012675597,-0.011202802,-0.0092365835,-0.008522457,-0.007294558,-0.007194558,-0.0066567725,-0.006374046,-0.0053714607,-0.0043328716,-0.0038086022,-0.003269704,-0.002684569,0.0027547618,0.0028598325,0.0035106034,0.0042970767,0.0048234276,0.005232377,0.005729886,0.006269412,0.006947106,0.0072048786,0.007619341,0.009881255,0.011316986,0.014014191,0.014471522,0.016576039,0.019069163,-0.015149817,-0.010143971,-0.0077330647,-0.004150504,0.0038304322,0.00668227,0.00922482,0.014171528
2021-11-04,-0.0033420338,-0.022565158,-0.01707655,-0.0145052895,-0.01440529,-0.012394159,-0.011039236,-0.009010317,-0.008097766,-0.0074070003,-0.0067487382,-0.0066487384,-0.0063085984,-0.0053197904,-0.0049429596,-0.0036695544,-0.0032229507,-0.002764492,0.0026679218,0.0036491167,0.004279141,0.0043791407,0.0045431433,0.0051282677,0.0056985416,0.0058433297,0.006300519,0.0069739805,0.0078994585,0.009784037,0.011362931,0.0140529955,0.014903069,0.01666019,0.018990245,-0.015496078,-0.010011922,-0.0075028255,-0.004249739,0.0041347723,0.006454551,0.009172213,0.01417008
2021-11-05,0.0005866366,-0.022399746,-0.015688794,-0.0144636035,-0.013494844,-0.012296053,-0.011200147,-0.009088949,-0.007768547,-0.0073651616,-0.007307291,-0.006660481,-0.006487558,-0.0053485474,-0.004971884,-0.0038091599,-0.002946183,-0.0024163802,0.0032889203,0.0034521387,0.003766011,0.004772927,0.0059216544,0.007592838,0.008003971,0.008155882,0.009048888,0.009496719,0.01094072,0.011469548,0.011891252,0.014089289,0.014839668,0.016781263,0.019128708,-0.015015917,-0.009977281,-0.007622418,-0.0041608177,0.0046567935,0.008527328,0.011159109,0.014672013
2021-11-08,0.0031675133,-0.021962807,-0.01612301,-0.015251491,-0.013637926,-0.01274191,-0.011415634,-0.009274356,-0.007676222,-0.0070665386,-0.0067455093,-0.006350528,-0.005533652,-0.005433652,-0.0047218567,-0.003216497,-0.002555415,-0.0019351867,0.0033706834,0.0036485966,0.0037485966,0.00414239,0.0056684623,0.005768462,0.005868462,0.0059684617,0.006296563,0.0070926542,0.008098453,0.009833505,0.011519391,0.01397349,0.014791144,0.01609018,0.01869103,-0.015176257,-0.010136848,-0.007360934,-0.0037558966,0.004155746,0.006866309,0.009222465,0.014021519
2021-11-09,-0.00035384865,-0.021861654,-0.01700887,-0.015296624,-0.013281626,-0.01271749,-0.011380495,-0.009127289,-0.007513533,-0.007129156,-0.006398817,-0.0060743396,-0.005635852,-0.004822272,-0.0045867516,-0.0030840393,-0.0021796552,-0.0014199526,0.0034083677,0.0041363956,0.0042363955,0.004478378,0.005189046,0.0064305235,0.0065305233,0.0066287704,0.0071433685,0.008054613,0.008404015,0.009892209,0.011587872,0.014080265,0.015190868,0.01652823,0.018639408,-0.015250027,-0.010089419,-0.007150193,-0.0034689475,0.004558012,0.0072390325,0.009737015,0.014145598
2021-11-10,-0.0057285912,-0.021628017,-0.016946068,-0.015204758,-0.013694642,-0.012552742,-0.011189261,-0.009257037,-0.0077835377,-0.007683538,-0.0074922196,-0.0073922197,-0.006572237,-0.00517159,-0.0041559814,-0.0032134154,-0.0021146943,-0.0017705335,0.002464584,0.003027791,0.003076406,0.0038841167,0.0050719003,0.00535972,0.0060538794,0.0061049704,0.006880587,0.0070133656,0.008030183,0.009904899,0.010528119,0.013181724,0.014400002,0.01616343,0.018701458,-0.015202145,-0.010223626,-0.007641769,-0.0037293688,0.0037013558,0.0066909706,0.009245807,0.0136959255
2021-11-11,-0.00418458,-0.021350898,-0.01631789,-0.015152583,-0.014521233,-0.012510165,-0.011333869,-0.00921994,-0.008465957,-0.0077605853,-0.0069523877,-0.006632412,-0.006532412,-0.006432412,-0.0056466605,-0.0046983254,-0.0043144473,-0.0040549263,0.003825572,0.0050249756,0.0055166646,0.0065573333,0.006657333,0.00691845,0.0075014383,0.007601438,0.007701438,0.0078014378,0.009507144,0.011241946,0.012211874,0.013810208,0.014324835,0.01626858,0.01910785,-0.015206811,-0.010386586,-0.007943408,-0.005069354,0.0056851967,0.008044121,0.01011536,0.014528091
2021-11-12,-0.0023041987,-0.021604745,-0.016939629,-0.0151836425,-0.014149642,-0.012621374,-0.011089581,-0.009072607,-0.008816683,-0.0074247885,-0.0073247887,-0.0069028083,-0.0064522466,-0.0064199697,-0.0055835336,-0.0041521247,-0.003679269,-0.003028407,0.0045985123,0.004974948,0.0054163104,0.0061611463,0.0065540303,0.0066356193,0.007028409,0.0071650255,0.0076381145,0.008762238,0.009870618,0.01129329,0.01139329,0.013601562,0.014298657,0.016146049,0.019108523,-0.015280994,-0.010317461,-0.008020653,-0.0046692286,0.005635865,0.0080820415,0.010372584,0.014308542
2021-11-15,-0.0020949652,-0.02166421,-0.01685827,-0.014407077,-0.013883426,-0.012568668,-0.011139054,-0.00901683,-0.007918819,-0.007651368,-0.0073066778,-0.006615861,-0.006124341,-0.0055301124,-0.0047733206,-0.0035164934,-0.0034164933,-0.0033164932,0.0026679772,0.0035379624,0.003921995,0.004524928,0.005164519,0.005896371,0.0060451673,0.006716289,0.0075820135,0.0076820133,0.007800153,0.00994854,0.011420856,0.0134248575,0.014236591,0.016379418,0.019220803,-0.015222725,-0.010026629,-0.007603801,-0.004327732,0.004139606,0.007081547,0.009449862,0.014078895
2021-11-16,-0.006150555,-0.0222341,-0.017167918,-0.015299046,-0.014661895,-0.012685755,-0.011234437,-0.009096317,-0.008413962,-0.008037305,-0.0071743703,-0.0070743705,-0.005965446,-0.005527283,-0.0047008134,-0.0038605162,-0.0036624742,-0.0025676421,0.0018301707,0.002511531,0.003355555,0.0043366286,0.0051888693,0.0056202463,0.0060610864,0.006421094,0.0065210937,0.007158087,0.0076532685,0.009888392,0.011135795,0.013633654,0.014350413,0.016163938,0.019228287,-0.015596822,-0.010416214,-0.0076630996,-0.0043731635,0.0036189943,0.0068553374,0.009114251,0.014010012
2021-11-17,-0.00374262,-0.022043427,-0.017030943,-0.014558435,-0.014458436,-0.012562247,-0.011183037,-0.009021445,-0.007977749,-0.007877749,-0.0071747713,-0.006838742,-0.006047644,-0.0053076753,-0.0044037015,-0.0021658852,-0.0013770112,-0.0012770112,0.0044586947,0.0052428837,0.006052273,0.0077550914,0.0079211565,0.007930719,0.008597107,0.008810999,0.008910999,0.0090109985,0.009829238,0.010874783,0.011796097,0.013668343,0.014261123,0.016126316,0.019087404,-0.0154556185,-0.010123683,-0.0075381757,-0.00321247,0.00642121,0.008909731,0.010577428,0.014310589
2021-11-18,0.0035421625,-0.02199305,-0.017031923,-0.014485506,-0.013991689,-0.012499093,-0.011211052,-0.009344595,-0.007948026,-0.007848026,-0.0078346655,-0.006961333,-0.0066298298,-0.0059552165,-0.004573877,-0.0030692276,-0.0025588248,-0.0021309445,0.0043661343,0.005401809,0.0064463574,0.0074698064,0.009111326,0.009211326,0.009311326,0.009411326,0.0095113255,0.009611325,0.010072362,0.011326507,0.012124543,0.0135361655,0.014243541,0.01630155,0.019071432,-0.015345362,-0.01016744,-0.007915758,-0.0038588413,0.0065990863,0.009734362,0.010953012,0.014472039
2021-11-19,-0.0026648329,-0.022473104,-0.017140266,-0.014650175,-0.014124183,-0.012638648,-0.011294299,-0.009345458,-0.008415083,-0.007667472,-0.0075341607,-0.0069671185,-0.006360261,-0.0051612444,-0.004299523,-0.003143771,-0.002782128,-0.002682128,0.0038998981,0.0047275885,0.005549052,0.007134481,0.00815568,0.010310698,0.010571169,0.010671169,0.010771168,0.010871168,0.010971168,0.011071168,0.011524304,0.014292548,0.014395726,0.015688127,0.019125191,-0.0155341,-0.010274497,-0.0077530094,-0.0039749336,0.006376438,0.010215977,0.011616079,0.014340268
2021-11-22,-0.00630868,-0.021995245,-0.01708263,-0.014490773,-0.014442123,-0.012621223,-0.011084468,-0.00943655,-0.008482039,-0.008300548,-0.0073758964,-0.0070281983,-0.0066853375,-0.006275899,-0.005378685,-0.0050071683,-0.004856383,-0.004544383,0.002420335,0.0031502647,0.004404176,0.0053527704,0.006028051,0.007812817,0.008038253,0.008083538,0.008595122,0.008672465,0.009834863,0.010830208,0.01242768,0.013969265,0.014162738,0.01665081,0.018785963,-0.015445138,-0.010358876,-0.0079807285,-0.0053629633,0.0046731597,0.008285416,0.010419079,0.014532785
2021-11-23,0.001570363,-0.02165279,-0.016048526,-0.014560697,-0.013894809,-0.012615843,-0.011177607,-0.009086891,-0.008986891,-0.008886891,-0.008170445,-0.008070446,-0.007975347,-0.0071707843,-0.005902216,-0.004935465,-0.004770213,-0.0039867153,0.0035375715,0.004232201,0.0043677576,0.005093014,0.006735732,0.007959889,0.008447527,0.008582067,0.009136674,0.009302392,0.010183526,0.011734215,0.012492748,0.013393802,0.01371997,0.014870397,0.018407438,-0.015077914,-0.010539795,-0.008696215,-0.005533011,0.0051356144,0.008862859,0.010815355,0.01417972
2021-11-24,-0.0060595856,-0.022019304,-0.017159352,-0.015326401,-0.01446577,-0.012638957,-0.0111851115,-0.009293487,-0.008616098,-0.008592134,-0.0076787234,-0.0075787236,-0.0073059425,-0.0060263756,-0.0054598358,-0.0051636505,-0.0048603364,-0.004218925,0.0038232792,0.0038765348,0.0045361533,0.005017269,0.0056737643,0.007255355,0.0077408147,0.00797596,0.00826842,0.0083684195,0.008439313,0.009919533,0.011038382,0.0141899,0.014221138,0.015685765,0.018897798,-0.015493698,-0.010602647,-0.008162451,-0.005456294,0.00499881,0.007838606,0.009843364,0.013946274
2021-11-25,0.0012028151,-0.022014217,-0.017039398,-0.01445668,-0.014450531,-0.01269226,-0.011067253,-0.009119917,-0.008647637,-0.008547638,-0.00793694,-0.00783694,-0.0077008936,-0.006618718,-0.00655621,-0.00611782,-0.0056405645,-0.004417634,0.0035508303,0.0045310915,0.005477603,0.006296204,0.0066428077,0.007881647,0.00859853,0.00861351,0.008961585,0.009362306,0.009365128,0.011045566,0.01146713,0.014051524,0.014193425,0.016240185,0.019073987,-0.0154527305,-0.010367826,-0.008394288,-0.0061138337,0.0056908517,0.008709167,0.010585601,0.014375677
2021-11-26,0.009524399,-0.02194423,-0.015948078,-0.014402403,-0.013682338,-0.012557745,-0.0111914,-0.009044439,-0.008535275,-0.008313833,-0.0074149165,-0.007356457,-0.0065568117,-0.006456812,-0.006356812,-0.005947327,-0.0044657094,-0.0035389112,0.0050113644,0.005590092,0.0064778565,0.0064779106,0.0065779104,0.00667791,0.007101603,0.0075007733,0.007600773,0.007700773,0.008561187,0.009792792,0.01132084,0.013995781,0.014277817,0.016021643,0.018997014,-0.015064758,-0.01029747,-0.008031043,-0.0055330433,0.0061317654,0.0076500317,0.009586668,0.014025614
2021-11-29,-0.004467901,-0.022197723,-0.016058488,-0.01460277,-0.014570106,-0.0126064615,-0.011479073,-0.00912007,-0.008552588,-0.008367709,-0.008203722,-0.008118534,-0.0070227697,-0.006004719,-0.0058258027,-0.0044628573,-0.0038738635,-0.003172646,0.00507826,0.0052731717,0.0061361454,0.006975823,0.0071544764,0.0077581326,0.008551742,0.008882799,0.009032701,0.0094208205,0.009580147,0.010806843,0.011249341,0.013573192,0.014276951,0.015912224,0.018923642,-0.01538237,-0.010424442,-0.008252574,-0.0050907405,0.006403028,0.008804614,0.010623493,0.014093049
2021-11-30,-0.00061262544,-0.021422073,-0.017041069,-0.014485575,-0.014385575,-0.01260995,-0.011175598,-0.009109719,-0.009009719,-0.008909719,-0.007900325,-0.007800325,-0.006932833,-0.0064280382,-0.0055291336,-0.0049946685,-0.0043544965,-0.0032923487,0.0048583024,0.0051233126,0.0062440033,0.007313467,0.008765084,0.009329868,0.010264052,0.010364052,0.010660239,0.010760238,0.010860238,0.010960238,0.011422275,0.014230632,0.014330632,0.016094415,0.018936325,-0.015326853,-0.010538066,-0.008289303,-0.0051941946,0.006760628,0.010035897,0.011514316,0.014328778
2021-12-01,0.0066411314,-0.022485923,-0.01564236,-0.014402419,-0.01382223,-0.012601354,-0.011140879,-0.00981442,-0.008491102,-0.008487017,-0.008310329,-0.007902099,-0.0076496596,-0.0049853073,-0.0035074048,-0.0034074048,-0.0030338413,-0.002630976,0.004805392,0.0053025866,0.006433014,0.0072820634,0.007459228,0.008131186,0.008765819,0.0088560125,0.009304879,0.009900835,0.0099864695,0.011235953,0.011850599,0.0141610475,0.014261047,0.01618015,0.019097937,-0.015138549,-0.010467167,-0.0081154555,-0.004096345,0.0065177754,0.009116643,0.010937838,0.014505138
2021-12-02,-0.001485499,-0.021626417,-0.01603731,-0.015294941,-0.014442414,-0.012555686,-0.011453531,-0.010441247,-0.010341248,-0.009297536,-0.008824835,-0.008724835,-0.008146371,-0.0062418436,-0.0052733384,-0.0049102386,-0.0044160043,-0.0041779657,0.004159431,0.0048592337,0.005721214,0.005821214,0.0077731917,0.008211653,0.008764876,0.008864876,0.008964876,0.009064876,0.010331878,0.010783954,0.012040595,0.014130017,0.014309267,0.016202813,0.019225746,-0.015223071,-0.011365701,-0.009001566,-0.0055004763,0.005865194,0.00893971,0.010690969,0.014476625
2021-12-03,-0.003425267,-0.021020845,-0.017005693,-0.014485626,-0.014427112,-0.012537614,-0.011284783,-0.009759576,-0.00938898,-0.009066725,-0.008860659,-0.008485146,-0.008385146,-0.007869433,-0.0077553517,-0.006786272,-0.0061787865,-0.0052296263,0.0025152215,0.0030351763,0.00344664,0.004197647,0.0054834685,0.0067174514,0.0076099024,0.0076694316,0.0077543347,0.008080589,0.00837859,0.009881502,0.0108296145,0.013561192,0.01412183,0.016678574,0.01896006,-0.01525521,-0.010797138,-0.0091578,-0.0068870364,0.0041609174,0.0075664883,0.00964337,0.013982189
2021-12-06,-0.00063855544,-0.021371225,-0.016835524,-0.015112158,-0.014328269,-0.012566746,-0.0111832,-0.009464726,-0.009320897,-0.008986059,-0.008865503,-0.008765503,-0.008665503,-0.008204793,-0.0075535844,-0.006950321,-0.0058562947,-0.0045366636,0.0041682553,0.004784087,0.005314773,0.005414773,0.0063266424,0.007952355,0.008419249,0.009114831,0.009162815,0.009729976,0.010033842,0.010655164,0.0112993345,0.014353473,0.014453473,0.016419146,0.019150652,-0.0152569935,-0.0108134085,-0.009247979,-0.0067324736,0.005620227,0.008755794,0.010807054,0.014375554
2021-12-07,-0.0023248568,-0.022164203,-0.015622184,-0.014554009,-0.014066922,-0.012702457,-0.011234114,-0.009059563,-0.0088432515,-0.008743252,-0.008643252,-0.008193641,-0.007835177,-0.007562593,-0.0074625933,-0.0063394527,-0.0058947355,-0.0050324816,0.0031004427,0.0033436858,0.0042959275,0.004907969,0.006455016,0.006732082,0.0071603255,0.0073646335,0.007879379,0.007898517,0.0084346235,0.009972171,0.011323493,0.013705372,0.014218425,0.01662383,0.018901505,-0.015157975,-0.010486838,-0.008823678,-0.006584581,0.00456167,0.007684483,0.009680623,0.014105273
2021-12-08,0.007713154,-0.021061618,-0.016049445,-0.014631106,-0.014039184,-0.01263876,-0.011112487,-0.009328116,-0.008768546,-0.008135034,-0.0075729312,-0.007253832,-0.00691723,-0.006670374,-0.005568433,-0.0051836325,-0.005008347,-0.004153377,0.0022856696,0.0026356499,0.003563728,0.00500945,0.005388007,0.0057515847,0.0070849983,0.007184998,0.007917533,0.008018389,0.008487667,0.010095433,0.01151821,0.014020468,0.014423228,0.01553109,0.018901573,-0.0149802985,-0.0103950575,-0.008208314,-0.0054335245,0.004115899,0.0072876825,0.00978845,0.014013355
2021-12-09,-0.004315402,-0.02184206,-0.015965242,-0.015176909,-0.014380979,-0.012226073,-0.010998566,-0.008913145,-0.008849662,-0.008092814,-0.007928836,-0.0076093026,-0.007472938,-0.0063550686,-0.006255069,-0.006033044,-0.0048121605,-0.004299719,0.005271487,0.005682476,0.005758768,0.00583183,0.0065155397,0.00654169,0.006737818,0.006922234,0.007662226,0.007915565,0.008354195,0.009999897,0.011669724,0.013905269,0.014186161,0.015918104,0.018653639,-0.015082585,-0.0104062185,-0.008321014,-0.0058018593,0.005856476,0.0075789853,0.0096236095,0.014029327
2021-12-10,0.0015629466,-0.02194195,-0.01703426,-0.014422477,-0.014172612,-0.011884911,-0.010739054,-0.00888804,-0.00878804,-0.008552878,-0.008040863,-0.007750587,-0.006545728,-0.0065129595,-0.006441065,-0.005194788,-0.0042821555,-0.0037085756,0.0049510975,0.005803874,0.006125718,0.0067809843,0.006880984,0.006980984,0.007122926,0.007222926,0.007378837,0.0076925927,0.008411234,0.009980629,0.011238005,0.013876849,0.014160016,0.015878193,0.018998623,-0.015154558,-0.010278097,-0.008125329,-0.0054754345,0.00615692,0.0077516227,0.009524661,0.01399446
2021-12-13,-0.0023142956,-0.021572027,-0.017016485,-0.014548405,-0.013502424,-0.0118870465,-0.010987761,-0.009138257,-0.008942069,-0.008119475,-0.008088078,-0.0079880785,-0.007487991,-0.007387991,-0.0069153737,-0.0040425216,-0.0037037928,-0.002448966,0.005771009,0.006237546,0.0067225765,0.008128952,0.008658405,0.008758405,0.009035476,0.009135475,0.011288974,0.011388974,0.011488974,0.011588974,0.011688974,0.013765079,0.014429452,0.01597574,0.01926346,-0.014993149,-0.010347193,-0.008578778,-0.0050197463,0.007179112,0.009906048,0.0120370705,0.014456445
2021-12-14,-0.00024170417,-0.021561274,-0.016834818,-0.015121738,-0.014486275,-0.012318023,-0.011087581,-0.008983124,-0.008612291,-0.007855419,-0.007305057,-0.007107508,-0.0064007724,-0.0063007725,-0.005798302,-0.005110972,-0.0037768327,-0.0035134866,0.0038658662,0.004733707,0.0052539846,0.006993978,0.009016012,0.009626248,0.009726248,0.010046492,0.010146492,0.01055537,0.012346973,0.012446973,0.012546972,0.014101675,0.014447196,0.016446777,0.018838711,-0.015257594,-0.010332031,-0.007941294,-0.0050614206,0.006114756,0.010338219,0.011988601,0.014876221
2021-12-15,-0.0018335311,-0.021637801,-0.016316084,-0.014501622,-0.01434815,-0.012098797,-0.011098831,-0.009075632,-0.008392555,-0.007845458,-0.0074743708,-0.007374371,-0.007274371,-0.0068906983,-0.006707062,-0.0045538777,-0.0039487905,-0.003822705,0.005050134,0.0058739954,0.006251543,0.0063515427,0.006926583,0.007026583,0.007281598,0.008400946,0.008500946,0.008600946,0.0094473455,0.009937142,0.011267879,0.014108071,0.014253553,0.016609235,0.01866257,-0.015099933,-0.010182818,-0.008226166,-0.0052813613,0.006161762,0.00817844,0.010147987,0.01411698
2021-12-16,0.0048539587,-0.022187015,-0.017063264,-0.014504028,-0.014267547,-0.011737898,-0.010509046,-0.008885096,-0.008417346,-0.008317346,-0.008080137,-0.007945373,-0.0069995043,-0.0058635296,-0.005461757,-0.0044049844,-0.003606073,-0.0033230896,0.0044763675,0.0051649907,0.006117854,0.0061554983,0.006222695,0.006322695,0.0068580266,0.006906037,0.006941224,0.007178273,0.008282673,0.00989057,0.011276985,0.014242503,0.014258066,0.016252847,0.019023724,-0.015152954,-0.010126572,-0.007973912,-0.0049482556,0.0057545477,0.0073040547,0.009310161,0.014137326
2021-12-17,-0.0029139821,-0.022425827,-0.01721681,-0.015336667,-0.014557553,-0.011220439,-0.010699898,-0.009413673,-0.008683447,-0.00808732,-0.0075207716,-0.0070131766,-0.005634892,-0.004295314,-0.002835732,-0.0021846998,-0.0016993516,-0.0016415726,0.0042432537,0.00500986,0.005412534,0.00650575,0.006884466,0.0072378786,0.008207666,0.00872491,0.009037296,0.009807518,0.009877668,0.011153388,0.011502678,0.014246564,0.014346564,0.016711505,0.019036772,-0.015224105,-0.010444201,-0.0073668645,-0.0030749065,0.005875813,0.008761631,0.010844487,0.01453018
2021-12-20,0.0013229728,-0.021685567,-0.015713453,-0.01521048,-0.014249787,-0.011905508,-0.010844479,-0.00899748,-0.008325231,-0.007895842,-0.0077958424,-0.0073171263,-0.0070568644,-0.006293005,-0.0060069375,-0.005077389,-0.0041402746,-0.0035267887,0.004440206,0.004696712,0.0058745323,0.007345464,0.007974723,0.009829056,0.009929056,0.010029056,0.010129056,0.010438276,0.010531511,0.010631511,0.011500087,0.014328124,0.014522274,0.016230933,0.01892015,-0.0148797585,-0.0102547025,-0.008063084,-0.005213703,0.0064571938,0.009780524,0.011250525,0.014322162
2021-12-21,-0.0022037085,-0.022324406,-0.01703402,-0.014512362,-0.014404169,-0.011439249,-0.010645458,-0.008947725,-0.008515146,-0.007874425,-0.007122918,-0.007022918,-0.0062148185,-0.0056905276,-0.005590528,-0.00497948,-0.003981058,-0.0035422165,0.0037535406,0.004824775,0.005776562,0.0072861183,0.009377441,0.009967125,0.010067125,0.010167125,0.0109043,0.0110043,0.0111043,0.0112042995,0.011304299,0.014111444,0.014243198,0.016689956,0.018762682,-0.015169459,-0.010099024,-0.0076377736,-0.00502324,0.006341624,0.010344057,0.011692079,0.014414537
2021-12-22,0.0051116357,-0.022192014,-0.015713299,-0.015238649,-0.0143696815,-0.011503107,-0.010683366,-0.008930499,-0.008553657,-0.007963945,-0.00712908,-0.0069776485,-0.00657151,-0.0060856557,-0.0056473026,-0.004898831,-0.0041009365,-0.003418485,0.0041992,0.0046988125,0.0061884574,0.0070866933,0.009542887,0.009642887,0.009939066,0.010039066,0.010139066,0.010578076,0.010678076,0.010778076,0.01155462,0.014183472,0.014308196,0.01622582,0.018902821,-0.014892293,-0.010274024,-0.0078046536,-0.0050086402,0.006422446,0.010116199,0.011296298,0.014328962
2021-12-23,-0.0011577349,-0.021905787,-0.017009431,-0.015282144,-0.013978473,-0.011084132,-0.010627741,-0.008952369,-0.008174054,-0.007950243,-0.0075652245,-0.007066859,-0.0066407416,-0.006540742,-0.0064560445,-0.0063560447,-0.005833697,-0.0049811574,0.0034259367,0.004480513,0.0050380616,0.0063823694,0.007791665,0.008186818,0.008286818,0.008386818,0.008486818,0.008586817,0.008686817,0.009986709,0.011526632,0.014236894,0.0143683925,0.014921593,0.01914188,-0.014921112,-0.01019731,-0.0079097,-0.00613876,0.00552274,0.0085877655,0.0100231115,0.013962743
2021-12-24,-0.00010611909,-0.022666711,-0.017180543,-0.014520011,-0.014452278,-0.011047673,-0.010633912,-0.008941576,-0.008141017,-0.0075156884,-0.0074156886,-0.0073868074,-0.0062618065,-0.0058196043,-0.0057196044,-0.004630633,-0.00392761,-0.003348399,0.0028993601,0.003112949,0.0037762148,0.0044126464,0.00544507,0.006081101,0.006216061,0.006417079,0.0069220704,0.0074886605,0.008217431,0.009891434,0.011577948,0.01405827,0.014647818,0.01617329,0.019011231,-0.015196224,-0.009950441,-0.007654406,-0.005002611,0.004083446,0.007064669,0.009433483,0.014142434
2021-12-27,0.0009900072,-0.021522872,-0.015923562,-0.014441724,-0.014135613,-0.011287086,-0.010727752,-0.008895106,-0.0086038,-0.008577822,-0.0078092413,-0.0069441446,-0.006840878,-0.0060755517,-0.0059953453,-0.0043829023,-0.003553176,-0.0031113385,0.004772604,0.0055970196,0.0063948226,0.0064948224,0.0065948223,0.006694822,0.006794822,0.0068948218,0.0069948216,0.0073264632,0.0083140535,0.009957062,0.011161716,0.0139555875,0.014316389,0.016131809,0.019023929,-0.014719377,-0.01024924,-0.0080114445,-0.0047973813,0.006010818,0.007493599,0.009381758,0.014046023
2021-12-28,-0.0020341119,-0.02194637,-0.016026104,-0.014561801,-0.01411446,-0.011353957,-0.010952392,-0.008970771,-0.008870771,-0.0084773395,-0.0072256285,-0.0071256286,-0.007036405,-0.0061959857,-0.005634404,-0.004506162,-0.003971835,-0.0038787788,0.005281571,0.006498857,0.0072469073,0.007396021,0.0074960208,0.0075960206,0.0076960204,0.0077960202,0.00789602,0.00799602,0.008336697,0.009952676,0.011378548,0.014121451,0.014172077,0.016790539,0.01918797,-0.014878656,-0.010366615,-0.008056236,-0.005023361,0.006823876,0.008167351,0.009670698,0.014286237
2021-12-29,0.0047692107,-0.021902652,-0.017120924,-0.015299324,-0.014544153,-0.011784754,-0.010980445,-0.008879945,-0.008643036,-0.008543036,-0.008508533,-0.008449571,-0.0064017205,-0.0063017206,-0.006121371,-0.005151906,-0.00465683,-0.0034606135,0.003871464,0.0042804866,0.0043804864,0.004986047,0.0050860466,0.00544459,0.00583577,0.0058822846,0.0065678675,0.0072358875,0.008070304,0.009938313,0.01154233,0.014272738,0.014901798,0.016043898,0.019173114,-0.015266585,-0.010469157,-0.008167091,-0.005568058,0.0046708505,0.006717424,0.009342833,0.014194079
2021-12-30,-0.0016820824,-0.021299802,-0.016001768,-0.0151670985,-0.014515602,-0.011164028,-0.01097313,-0.008973974,-0.008512553,-0.008412553,-0.0080984505,-0.007998451,-0.0061113,-0.005761147,-0.005189737,-0.0044939984,-0.004265104,-0.003817516,0.0035510873,0.004150952,0.0045022597,0.0046022595,0.0052969498,0.00579053,0.006014326,0.006124816,0.0066619823,0.0070627504,0.008300338,0.009968017,0.012022555,0.014145289,0.014326714,0.016175015,0.018923057,-0.014790866,-0.010407861,-0.007891316,-0.005152961,0.004564177,0.0068486123,0.009263961,0.014246787
2021-12-31,0.003629584,-0.021751685,-0.01599396,-0.015258474,-0.01433988,-0.01124102,-0.010960233,-0.008868298,-0.007768258,-0.0065203994,-0.006270119,-0.006027427,-0.0053913114,-0.005131799,-0.0046270015,-0.0041206847,-0.0030892217,-0.0026341535,0.004757202,0.004857202,0.005001083,0.0057836305,0.0063961777,0.0064961775,0.0067965346,0.0068965345,0.0070570027,0.0076085282,0.00938179,0.010546911,0.011043597,0.0144416345,0.01569646,0.01678953,0.019282026,-0.014857356,-0.009875132,-0.0071043437,-0.004099698,0.0054391306,0.0075888657,0.010058138,0.01442074
2022-01-03,-0.0070576095,-0.021568127,-0.017075645,-0.014444078,-0.013915149,-0.011759683,-0.01060792,-0.008957467,-0.007644434,-0.007273047,-0.0061778775,-0.0060778777,-0.0060441503,-0.00558508,-0.005372209,-0.0051812944,-0.0048985668,-0.0045960275,0.0042606806,0.004413994,0.004903977,0.0059866235,0.006408935,0.0068111764,0.0074337902,0.0075582094,0.008218754,0.008583706,0.008697132,0.0106621,0.01117139,0.014079378,0.014179378,0.016183143,0.01855036,-0.014985305,-0.0097853895,-0.0072118924,-0.0052251955,0.005399813,0.008004826,0.010068214,0.014129274
2022-01-04,0.001517649,-0.021695198,-0.017102798,-0.014553851,-0.014453852,-0.011483008,-0.010998319,-0.008652296,-0.007826062,-0.0068330113,-0.0063121524,-0.0057420237,-0.005642024,-0.0051454306,-0.0050454307,-0.0042439788,-0.004056346,-0.0037564149,0.0043268516,0.0047805277,0.0048805275,0.005801245,0.006901739,0.007256725,0.007849582,0.008156163,0.0082561625,0.008356162,0.008456162,0.009705115,0.011457637,0.014195561,0.014765342,0.016244052,0.0191748,-0.015146634,-0.009772709,-0.0071847974,-0.004568839,0.005527747,0.00807518,0.009907789,0.014155433
2022-01-05,0.0024618292,-0.021041205,-0.016889896,-0.014557202,-0.01379083,-0.0116081005,-0.0109893875,-0.008989753,-0.007876782,-0.0074327583,-0.0065539223,-0.0065309475,-0.0055850893,-0.0054850895,-0.0053850897,-0.0049156547,-0.004446544,-0.004049547,0.004884741,0.0049189636,0.0058931713,0.0076803174,0.009631146,0.0103318775,0.010431877,0.010531877,0.011366159,0.011466159,0.011566158,0.011666158,0.011766158,0.0137779545,0.014296291,0.016744252,0.019281851,-0.014863884,-0.009969177,-0.0072980537,-0.0050655566,0.006761814,0.010725443,0.012072185,0.014647275
2022-01-06,-0.0036518604,-0.022084108,-0.015619702,-0.014487688,-0.014387689,-0.011385865,-0.010757231,-0.008872367,-0.00755544,-0.006781179,-0.006314136,-0.0060633696,-0.005847171,-0.005705807,-0.0054635024,-0.004891878,-0.004106706,-0.0037326328,0.0043123974,0.0050646556,0.005883036,0.007223407,0.008691716,0.009967543,0.0105846785,0.010684678,0.010784678,0.010884678,0.010984678,0.011084678,0.011394653,0.014256516,0.016260376,0.016754959,0.018834898,-0.014846919,-0.009690781,-0.007235957,-0.004851618,0.0066136345,0.010262659,0.011999818,0.01446514
2022-01-07,0.004588633,-0.021514073,-0.01705845,-0.014519259,-0.014369512,-0.011234872,-0.010979645,-0.008967359,-0.007909567,-0.0070938105,-0.0062554823,-0.0061554825,-0.005671173,-0.0055120992,-0.004637286,-0.004031738,-0.0034006916,-0.003022135,0.004892227,0.0057607344,0.0058014547,0.007428501,0.008401994,0.009283752,0.009383752,0.009483752,0.009583752,0.0096837515,0.009885946,0.010928148,0.011390394,0.014111544,0.0143225305,0.016233973,0.019172639,-0.015031311,-0.009893929,-0.007265593,-0.0042494666,0.0066533335,0.009556279,0.010880826,0.014367339
2022-01-10,-0.0025567026,-0.022254609,-0.016058346,-0.014509997,-0.014447422,-0.011362314,-0.010768015,-0.008748677,-0.0074492395,-0.007023535,-0.006461507,-0.0063026967,-0.0059836325,-0.0051929136,-0.0047412906,-0.0037652107,-0.0036652107,-0.0034626632,0.0048084245,0.0049084243,0.004926284,0.0068202536,0.006897864,0.008465967,0.009543587,0.00961485,0.010606669,0.011080946,0.011180946,0.0112809455,0.011380945,0.014029046,0.014399294,0.015922334,0.01868195,-0.014978141,-0.009699893,-0.007171062,-0.0043874145,0.006201395,0.009468115,0.01170976,0.014259043
2022-01-11,0.0019264066,-0.021891847,-0.016074,-0.014621937,-0.013987963,-0.011242121,-0.010570416,-0.008931648,-0.007957903,-0.007388988,-0.0064207804,-0.0062840316,-0.0061397357,-0.005192419,-0.0046971017,-0.0041534933,-0.0039282045,-0.0035636623,0.005382219,0.0056476435,0.0059282235,0.00697907,0.0076671415,0.008543344,0.008643344,0.008743344,0.008843344,0.008999097,0.010000647,0.010100647,0.01147568,0.014057048,0.014268945,0.01627191,0.01887682,-0.01475327,-0.009894178,-0.00725625,-0.0045252987,0.0065161004,0.008810715,0.010442536,0.014156421
2022-01-12,0.007073501,-0.022023143,-0.016131192,-0.015667675,-0.014100801,-0.011301383,-0.010764264,-0.008970613,-0.007333406,-0.007233406,-0.0063351574,-0.006196968,-0.0057559563,-0.0054989085,-0.0054035634,-0.0044960105,-0.004171231,-0.0035668893,0.004520763,0.0051412135,0.005202461,0.006147177,0.006772164,0.0068721636,0.0073633906,0.0074633905,0.0075633903,0.008046161,0.008146161,0.009997357,0.011506354,0.014225632,0.014248018,0.01673024,0.018781833,-0.014864157,-0.009993872,-0.0071375384,-0.0047669327,0.0056750006,0.007830247,0.0096002165,0.014248284
2022-01-13,0.003480993,-0.021551166,-0.015987098,-0.014522511,-0.013966877,-0.011494956,-0.011023126,-0.008964161,-0.007934659,-0.007063763,-0.005922917,-0.005822917,-0.005782124,-0.00537266,-0.004898567,-0.004399716,-0.0040059537,-0.003534546,0.0046574413,0.0047813673,0.0051662046,0.0055383537,0.0064337365,0.0074213287,0.007657529,0.0077575287,0.0078575285,0.007957528,0.008264995,0.010048637,0.011225748,0.0140677625,0.01431124,0.016762769,0.019235121,-0.014804644,-0.009901645,-0.007207097,-0.00453234,0.0055601792,0.007923752,0.009687985,0.014268006
2022-01-14,-0.0024045901,-0.022181986,-0.017152434,-0.015711125,-0.013961827,-0.011481374,-0.010785622,-0.008904049,-0.0072422526,-0.007018201,-0.0059642605,-0.0058642607,-0.0055177007,-0.004693131,-0.0038444656,-0.0037444655,-0.003101311,-0.0030013109,0.0046062,0.004767999,0.005177913,0.0054221177,0.0056650117,0.005886991,0.0066663,0.006823616,0.0073344945,0.0074563418,0.0080798175,0.009717448,0.011353814,0.013861015,0.014467226,0.016201656,0.01893457,-0.015112649,-0.00993225,-0.006840593,-0.0039111627,0.005328106,0.007109882,0.009411065,0.014013702
2022-01-17,-0.0025572549,-0.022112116,-0.016061865,-0.0145644,-0.013981745,-0.011384952,-0.010873683,-0.008865094,-0.007365203,-0.007188928,-0.006035322,-0.005935322,-0.005586097,-0.004818225,-0.004718225,-0.0042201397,-0.0039351033,-0.0036795435,0.004961939,0.005560839,0.005660839,0.0064074155,0.006713422,0.006786307,0.006891666,0.0070304605,0.007859002,0.007959002,0.008114454,0.0098283375,0.011255647,0.014023837,0.014460534,0.01678318,0.019098438,-0.014882872,-0.009771461,-0.006935706,-0.004497667,0.0058965394,0.0076635056,0.009644265,0.014197888
2022-01-18,-0.0053281407,-0.02187216,-0.017071068,-0.01567816,-0.0144547,-0.011435833,-0.010955484,-0.008956295,-0.0073999246,-0.006920129,-0.0061200005,-0.005706697,-0.005606697,-0.005506697,-0.0054066973,-0.0040069423,-0.0039069424,-0.0033658403,0.003573218,0.004364453,0.004405917,0.004505917,0.005060781,0.005277884,0.005377884,0.005477884,0.006174184,0.0072857006,0.008290121,0.009867696,0.011423164,0.014014323,0.014294875,0.015900994,0.018677406,-0.015157849,-0.009981998,-0.0071177604,-0.0044786236,0.0044454774,0.0065939887,0.009182515,0.013976717
2022-01-19,0.00014544974,-0.021991467,-0.016086811,-0.014709613,-0.014108925,-0.011475002,-0.010715517,-0.008936852,-0.007787617,-0.007066027,-0.006184501,-0.0060395044,-0.006011935,-0.0052223676,-0.0046763537,-0.0031675913,-0.0030675912,-0.0026584757,0.0038263446,0.004074847,0.004349307,0.005555992,0.0056074318,0.005897476,0.0066121984,0.0066267764,0.00679589,0.0070551992,0.0080065215,0.009998182,0.011269992,0.014219813,0.014726436,0.016217263,0.019163717,-0.014875544,-0.009843125,-0.0071843877,-0.003921903,0.004883738,0.007037013,0.009316446,0.014173794
2022-01-20,0.00028202406,-0.020431478,-0.01592785,-0.015162914,-0.014435375,-0.011185255,-0.010448344,-0.008793233,-0.007787106,-0.007019703,-0.006117002,-0.006005655,-0.005769039,-0.0051259813,-0.004469357,-0.0030332734,-0.0029332733,-0.0028332733,0.0024577996,0.0027373675,0.0033630922,0.0044338126,0.0044851843,0.005048081,0.005945508,0.0060455077,0.0064459746,0.0075345295,0.0076345294,0.009901564,0.011406679,0.013845848,0.014504805,0.016017612,0.019191766,-0.01448566,-0.00984226,-0.007049495,-0.0038549663,0.0037875162,0.0066029737,0.009204281,0.014072694
2022-01-21,-0.00017625571,-0.022219814,-0.016016437,-0.014516962,-0.01367007,-0.01181651,-0.010967075,-0.008775079,-0.0075583076,-0.006997099,-0.006285106,-0.0057214587,-0.0056689195,-0.0048727724,-0.004561555,-0.0042678323,-0.0034738474,-0.0029970398,0.0014066896,0.0020821786,0.0025921513,0.003466172,0.0046450202,0.0054846606,0.005862656,0.006000309,0.0064770803,0.007032337,0.0079171825,0.010016968,0.011582597,0.014289617,0.014316065,0.016212914,0.019150801,-0.014937982,-0.009762904,-0.007070436,-0.004204347,0.0030819695,0.0066358587,0.009151926,0.014250579
2022-01-24,-0.0032840318,-0.022415774,-0.017093524,-0.015685445,-0.014377966,-0.011802179,-0.01102278,-0.008769008,-0.007690763,-0.006976012,-0.0058498965,-0.005695706,-0.005187237,-0.0045890706,-0.004214431,-0.002745351,-0.0023270233,-0.002103613,0.0031747706,0.0037003146,0.0039586676,0.0052590356,0.0055110035,0.0057672802,0.0061139986,0.006828362,0.0069969697,0.007282592,0.007961853,0.009905503,0.011520424,0.01418105,0.014263644,0.01599964,0.019203141,-0.015342444,-0.010028802,-0.00686795,-0.0034172249,0.004441357,0.0070589483,0.009282112,0.014161952
2022-01-25,-0.0030775182,-0.022516936,-0.01714106,-0.015772814,-0.014008458,-0.012212431,-0.010777755,-0.008815408,-0.0073918747,-0.00728321,-0.0063128932,-0.0059915367,-0.0053798347,-0.005253355,-0.0047194953,-0.0026532093,-0.0015806116,-0.0012203599,0.0024871875,0.0027945857,0.0039084656,0.004121107,0.0051178997,0.005998653,0.006139874,0.006810632,0.0070655993,0.007077263,0.008001312,0.010074487,0.011340317,0.014244451,0.014670471,0.016629562,0.019051192,-0.015331328,-0.010008211,-0.007023142,-0.0032330428,0.0038902438,0.007015787,0.009377827,0.014268002
2022-01-26,0.0005630743,-0.021804448,-0.016067758,-0.015766088,-0.014275026,-0.011712546,-0.010866775,-0.0089784125,-0.0074503636,-0.006970737,-0.006560102,-0.0060563735,-0.0051883343,-0.0044960068,-0.0044750464,-0.0034389219,-0.0026482218,-0.0023207285,0.0031223325,0.0037339083,0.004313787,0.0052261725,0.0053261723,0.0057555465,0.0066500953,0.0069133732,0.006956012,0.007362062,0.007989864,0.00989578,0.010883872,0.014482063,0.014591839,0.016663436,0.019119784,-0.014945311,-0.010006475,-0.006912316,-0.0037878584,0.0046092593,0.0070505873,0.009359112,0.014208987
2022-01-27,-0.011698804,-0.02220226,-0.015895383,-0.014508155,-0.0138016185,-0.012192812,-0.010846315,-0.008881059,-0.0075176107,-0.007222182,-0.006287653,-0.0057585337,-0.0051866197,-0.004682358,-0.004582358,-0.0038550282,-0.003198871,-0.0022180832,0.0037310557,0.0042326082,0.0044795335,0.0047953865,0.0048953863,0.0053794906,0.0055279597,0.0058825193,0.0069291056,0.0070291054,0.007847733,0.0098887505,0.012045108,0.014057064,0.014671864,0.016802875,0.019293698,-0.014987677,-0.009795064,-0.0069041117,-0.0039225747,0.0045533087,0.00661505,0.009273311,0.014417499
2022-01-28,0.0013623798,-0.021819236,-0.01605686,-0.01574148,-0.014078367,-0.01128957,-0.010943054,-0.008986792,-0.007436405,-0.007336405,-0.0070659453,-0.0069659455,-0.0059748376,-0.0053297966,-0.004235568,-0.003175072,-0.0031525092,-0.0030277653,0.0050457353,0.005646112,0.0059216665,0.0060216663,0.0067487755,0.0071436414,0.0074630473,0.00819823,0.008298229,0.009074858,0.009105664,0.0104162665,0.011338091,0.014350236,0.014816285,0.016691195,0.018747611,-0.014837417,-0.0100888265,-0.007350008,-0.004111372,0.0060196454,0.008316355,0.010342261,0.014308681
2022-01-31,0.0041384795,-0.022540156,-0.016090974,-0.015713485,-0.014072565,-0.011383661,-0.010744336,-0.008940189,-0.0074313455,-0.0073313457,-0.0064642215,-0.0063264533,-0.0060942452,-0.0057474547,-0.0051125432,-0.004874723,-0.004380487,-0.004185299,0.0057137148,0.006656964,0.0072077927,0.008218786,0.009336789,0.011255504,0.011355503,0.011455503,0.011480085,0.01152962,0.01162962,0.0117296195,0.0118204225,0.014109983,0.014321191,0.016730381,0.019077342,-0.014966339,-0.01003214,-0.00729632,-0.004975901,0.007830552,0.011061408,0.012138027,0.014693549
2022-02-01,0.0032549314,-0.02212949,-0.01695787,-0.015285001,-0.014306163,-0.012019337,-0.011013618,-0.008948981,-0.0078767575,-0.0077563766,-0.0063025686,-0.0062123565,-0.0061123567,-0.005719314,-0.0051969313,-0.0050969315,-0.004491051,-0.0041662063,0.0047546853,0.005078239,0.005709659,0.007017757,0.008207798,0.008332609,0.010010984,0.010110984,0.010210983,0.011788312,0.011888312,0.011988312,0.012088312,0.014239714,0.015006349,0.016216572,0.019082809,-0.015285296,-0.010176146,-0.0074049234,-0.005032695,0.0065142647,0.010085603,0.012176454,0.0147231445
2022-02-02,0.004382509,-0.022007048,-0.017053777,-0.015583972,-0.014069639,-0.011590599,-0.010992897,-0.008986748,-0.0074990406,-0.0067219455,-0.0062854397,-0.0061920485,-0.005975537,-0.0054312046,-0.0052964147,-0.005196415,-0.005096415,-0.0048466306,0.0044229827,0.0047843335,0.005854099,0.006099706,0.0069711157,0.007394463,0.00816808,0.00826808,0.008381895,0.008818519,0.009690037,0.010367325,0.011485832,0.014284859,0.015473104,0.016308969,0.01893066,-0.015142793,-0.0099569205,-0.0072368244,-0.0053255847,0.00586584,0.0083639,0.010546176,0.0142755285
2022-02-03,0.010640904,-0.022112668,-0.016054306,-0.0145964045,-0.014080623,-0.012302097,-0.010957777,-0.008783581,-0.007488818,-0.007388818,-0.0062584826,-0.0061584827,-0.005618071,-0.0055591087,-0.0055295345,-0.004937259,-0.0041959994,-0.003668511,0.0030619302,0.0034904492,0.0035983936,0.005214123,0.00546706,0.0063543045,0.0065338383,0.0070105954,0.007365958,0.007690377,0.007893946,0.0097460635,0.011267911,0.014240577,0.015359427,0.016119981,0.019094048,-0.015101495,-0.009843079,-0.0071764514,-0.004897957,0.004379747,0.0072536804,0.009611154,0.014093717
2022-02-04,0.002134762,-0.021899763,-0.016190637,-0.016090637,-0.015990637,-0.015890637,-0.015396727,-0.011895512,-0.011795512,-0.011695513,-0.011595513,-0.011495513,-0.011395513,-0.010981043,-0.009445136,-0.008472013,-0.006736976,-0.006090128,0.0051230653,0.005365579,0.006944482,0.007927133,0.009274,0.0098247165,0.010152829,0.010242262,0.010928386,0.011028386,0.011128386,0.012791242,0.012891242,0.014291207,0.016460134,0.017283034,0.018800722,-0.01707368,-0.01337478,-0.012232862,-0.0084479535,0.0071026175,0.010632122,0.012467307,0.01521149
2022-02-07,0.00011360955,-0.021330578,-0.016954752,-0.014547433,-0.0143445,-0.0119452905,-0.011845291,-0.01102082,-0.010756704,-0.010656704,-0.010556704,-0.010456705,-0.010392453,-0.008920623,-0.008338206,-0.008208848,-0.0066077407,-0.00531285,0.0061049648,0.006464303,0.007159536,0.007924706,0.008811682,0.009695136,0.01027778,0.01037778,0.010756209,0.010856208,0.010956208,0.011803959,0.012633601,0.014291759,0.015511494,0.01697611,0.019124359,-0.015284082,-0.011765391,-0.010494355,-0.0077848695,0.007586257,0.010308953,0.011976816,0.014965957
2022-02-08,-0.0021936332,-0.022877304,-0.017106267,-0.014508071,-0.014454361,-0.011336675,-0.011072792,-0.010030415,-0.009930415,-0.009830415,-0.009579737,-0.0093113845,-0.00786826,-0.0077682603,-0.0073636095,-0.0070386673,-0.0059600105,-0.0051086433,0.005331943,0.0058848923,0.005984892,0.0062323753,0.006332375,0.006745392,0.0067921435,0.0068718,0.0077401795,0.008189913,0.008357328,0.009855268,0.011408399,0.014000528,0.014354386,0.016231483,0.019005716,-0.01536948,-0.011074422,-0.0092438925,-0.006956463,0.0060452493,0.007598949,0.0096994145,0.014100279
2022-02-09,0.0008819684,-0.022770233,-0.017186422,-0.014537028,-0.014408274,-0.0118395565,-0.011109802,-0.009495225,-0.009395225,-0.009295225,-0.009181665,-0.008711866,-0.0077705504,-0.0073748594,-0.0068584993,-0.0065199165,-0.005873251,-0.005358966,0.004148984,0.0046783206,0.0051088776,0.0055783694,0.0059932773,0.006586908,0.007103219,0.007203219,0.007308244,0.008009664,0.008373598,0.009655832,0.011330896,0.014153829,0.014504912,0.016762491,0.0189071,-0.015462858,-0.010766501,-0.008966421,-0.0066644996,0.0053235544,0.0074897804,0.0095704505,0.014162031
2022-02-10,0.003380595,-0.021484,-0.017072378,-0.015236347,-0.01451218,-0.011392208,-0.010996395,-0.009124119,-0.008846149,-0.00835049,-0.00825049,-0.008081779,-0.007981779,-0.0076761907,-0.006998322,-0.006466616,-0.0059861983,-0.005140774,0.0038686148,0.0039896755,0.0040896754,0.0048061945,0.0060481685,0.006574348,0.007238441,0.0072767367,0.0077658305,0.00786583,0.008830909,0.01002359,0.01136133,0.014341036,0.014502547,0.016763298,0.019093266,-0.015091432,-0.0105107,-0.0087502,-0.006534738,0.0047985204,0.007557735,0.009797742,0.014316505
2022-02-11,-0.005662616,-0.021027459,-0.015912436,-0.015812436,-0.015712436,-0.015612436,-0.014733862,-0.0121771805,-0.012077181,-0.011681739,-0.011341651,-0.011241651,-0.010409822,-0.010309822,-0.009964034,-0.008632837,-0.0071430816,-0.004649096,0.0048706713,0.0054194247,0.0070339567,0.007896181,0.008073383,0.0095038405,0.009753836,0.010193064,0.0108288145,0.010905681,0.011005681,0.0115068555,0.013252313,0.014124077,0.015858736,0.016410105,0.01848399,-0.016599726,-0.01329648,-0.011774467,-0.00832614,0.0069948137,0.010036565,0.012021153,0.014755468
2022-02-14,-0.008468264,-0.021130223,-0.016069561,-0.015338252,-0.014077769,-0.011261194,-0.010965176,-0.009291001,-0.009124413,-0.0088081015,-0.008708102,-0.008608102,-0.0075135175,-0.005869339,-0.0036747104,-0.0030133121,-0.0022432252,-0.0015961708,0.005046608,0.0056893807,0.005946862,0.0064139864,0.006546051,0.007380761,0.008122321,0.008869208,0.009025137,0.009183677,0.010170576,0.011070369,0.012025152,0.014147808,0.014499926,0.016016997,0.018768262,-0.014700785,-0.010705389,-0.008436109,-0.0038271039,0.0062438315,0.008610013,0.010789936,0.014405718
2022-02-15,0.0043201568,-0.02173519,-0.015598601,-0.014499131,-0.013465613,-0.011369174,-0.010948994,-0.009339808,-0.009239808,-0.008572526,-0.0084475,-0.007697303,-0.0069935457,-0.006227419,-0.0058136787,-0.004643863,-0.004400439,-0.0037461466,0.0041459734,0.004899992,0.004999992,0.005229402,0.006362925,0.007766865,0.0082092015,0.008273208,0.0089329025,0.009357408,0.0094574075,0.01075741,0.0118013695,0.01400003,0.01438042,0.016669285,0.01862546,-0.014623515,-0.010520054,-0.008371453,-0.005260286,0.0054969126,0.008503563,0.01057711,0.01437071
2022-02-16,0.00089787156,-0.022544026,-0.016056594,-0.014616485,-0.014516485,-0.011244537,-0.0109971585,-0.009373942,-0.009273943,-0.00917144,-0.008889586,-0.008876696,-0.007962539,-0.007054847,-0.0050719376,-0.00362274,-0.002269831,-0.0020952953,0.005064687,0.005633167,0.0058701537,0.0066031474,0.006703147,0.0076828697,0.00812282,0.0085586235,0.00886604,0.009789978,0.010199785,0.01066148,0.011349585,0.014216833,0.01546902,0.016690223,0.01906433,-0.01507176,-0.010686594,-0.008835615,-0.0043873,0.0062587955,0.0086792195,0.010997261,0.0143964905
2022-02-17,0.00036947764,-0.021417355,-0.016881844,-0.015610908,-0.013948525,-0.01147073,-0.011443385,-0.009864799,-0.009429562,-0.008899302,-0.008371997,-0.008271997,-0.008064216,-0.007358196,-0.006489871,-0.0057577007,-0.0046323645,-0.004110034,0.0041282373,0.0041334997,0.004986681,0.0054422785,0.0056795543,0.006144428,0.006456461,0.006848187,0.007488864,0.008119678,0.0084656235,0.009895083,0.0114631755,0.014261753,0.015189995,0.01612983,0.019154178,-0.015032369,-0.011049591,-0.0089334715,-0.005852393,0.0050294315,0.0073373853,0.009831848,0.014180804
2022-02-18,-0.0024878099,-0.021843757,-0.015936952,-0.015836952,-0.014988328,-0.0148883285,-0.014572375,-0.0131447995,-0.012823733,-0.0124834785,-0.012086163,-0.011793049,-0.011192767,-0.009599811,-0.009154103,-0.008641576,-0.0076695043,-0.0061784885,0.0057207863,0.0061465134,0.0071599996,0.008415604,0.008665496,0.009364886,0.009778373,0.010194553,0.010700979,0.011113697,0.011266641,0.012184092,0.012948957,0.014271694,0.016239427,0.016791292,0.01892559,-0.016445948,-0.013772267,-0.01205497,-0.008687344,0.007444255,0.010304545,0.012300966,0.015024325
2022-02-21,-0.0004541977,-0.022173356,-0.015666073,-0.015168582,-0.014014441,-0.01174801,-0.011034499,-0.00936335,-0.009122774,-0.009032828,-0.008780804,-0.008260323,-0.008097272,-0.006685579,-0.006047444,-0.0057094847,-0.004497893,-0.003968657,0.003005159,0.0031316425,0.0039164647,0.0049405866,0.005826278,0.0063252905,0.006959629,0.0070562777,0.007922889,0.008022889,0.00846659,0.009823113,0.0114426995,0.01429262,0.01445054,0.016063714,0.01896072,-0.014927277,-0.010744406,-0.008744186,-0.0056967605,0.004390696,0.00741077,0.009737204,0.014116573
2022-02-22,-6.616251e-05,-0.0218796,-0.017072521,-0.015284046,-0.014632698,-0.0117901275,-0.011036319,-0.008973745,-0.008573502,-0.0077777077,-0.007161913,-0.0071468237,-0.006548136,-0.0052542486,-0.004841023,-0.0047383425,-0.004114907,-0.0038171948,0.0033167528,0.0036600023,0.0038373147,0.004482549,0.0054493677,0.006154587,0.006965776,0.0075017083,0.007757557,0.00786585,0.008512635,0.00991144,0.011477529,0.014352658,0.014619756,0.016220255,0.019021748,-0.015282253,-0.010329064,-0.007714824,-0.0049316585,0.004452479,0.0073765903,0.009733448,0.0141967265
2022-02-23,-0.00096647145,-0.022115363,-0.016047435,-0.015701933,-0.014636673,-0.012080551,-0.010977409,-0.009499593,-0.00840681,-0.007901928,-0.0073234476,-0.007223448,-0.0060514635,-0.004941527,-0.00460881,-0.0040956587,-0.0032231973,-0.0025691052,0.0035252552,0.004887903,0.005603633,0.0059719,0.0071596047,0.007762992,0.00852983,0.009034893,0.009123943,0.009789941,0.009985928,0.010993415,0.011568711,0.014042435,0.0142871495,0.016733583,0.018970491,-0.015171486,-0.010497535,-0.0075401315,-0.004344044,0.005703704,0.008948169,0.010836075,0.014461728
2022-02-24,-0.01913884,-0.021977069,-0.017064575,-0.014543918,-0.013843224,-0.011373042,-0.011017145,-0.009407544,-0.00909621,-0.009012261,-0.008896509,-0.008813739,-0.007970329,-0.0071315817,-0.0067675514,-0.0052185403,-0.0047100964,-0.0042907237,0.0037853657,0.0038853658,0.0039141853,0.0047036726,0.0051148604,0.0053775893,0.006504432,0.00712972,0.007412987,0.0077559194,0.00828766,0.009988678,0.011331293,0.01437275,0.014554685,0.01631232,0.018952927,-0.015055011,-0.010615415,-0.0088223545,-0.00596013,0.004558604,0.007073353,0.009599986,0.014191593
2022-02-25,0.012093842,-0.021735506,-0.017046519,-0.016145553,-0.016045554,-0.015945554,-0.014275461,-0.011600227,-0.010851193,-0.010169557,-0.009981689,-0.009609464,-0.00903913,-0.0076997825,-0.006745848,-0.0057466305,-0.00559644,-0.005229889,0.0073005636,0.008025964,0.008722999,0.009681661,0.009978906,0.010078906,0.01063773,0.010951959,0.011274847,0.0116575025,0.011757502,0.012900501,0.013560811,0.014254823,0.014807008,0.016898135,0.019246263,-0.017009718,-0.012608399,-0.010369452,-0.006585655,0.008873784,0.011113555,0.012479472,0.015372107
2022-02-28,-0.0011990396,-0.02210543,-0.016910985,-0.016052907,-0.015945025,-0.015845025,-0.015117255,-0.013135393,-0.013035393,-0.012141703,-0.011520266,-0.0112696,-0.011220242,-0.010858471,-0.00890014,-0.006538426,-0.005853627,-0.005170558,0.00861941,0.009457768,0.010226783,0.011059074,0.011821042,0.011921042,0.0120210415,0.012211264,0.013310477,0.014778058,0.014878058,0.014978058,0.015078058,0.015782455,0.01609454,0.017207403,0.018557496,-0.017184744,-0.01389653,-0.0123503255,-0.0075464705,0.010276815,0.013141893,0.014807838,0.016320694
2022-03-01,-0.008144245,-0.022023628,-0.017579552,-0.01572465,-0.01562465,-0.01552465,-0.014184049,-0.013305798,-0.0114798155,-0.011379816,-0.011309471,-0.011209471,-0.011109471,-0.0110094715,-0.010291903,-0.008862567,-0.0068323133,-0.00601066,0.004650705,0.0058322777,0.007784567,0.009197865,0.009848391,0.010564212,0.0112882415,0.011410399,0.01282868,0.01336615,0.01346615,0.01383276,0.014350106,0.015384873,0.016581794,0.01748658,0.018966705,-0.016987305,-0.013214827,-0.011818456,-0.008641383,0.007750731,0.011804381,0.0140151065,0.016004205
2022-03-02,-0.006468172,-0.021480547,-0.016890867,-0.016243385,-0.015490151,-0.014704062,-0.014604062,-0.013972553,-0.013769677,-0.013500265,-0.013176533,-0.012158151,-0.01036377,-0.008493173,-0.0072000837,-0.0065999576,-0.0050660274,-0.00290561,0.0043802396,0.005788517,0.0068798913,0.007904407,0.00796039,0.00934715,0.0097337095,0.009833709,0.010724068,0.0115185045,0.011886458,0.0128921885,0.013097525,0.01514368,0.015478728,0.016269902,0.018973356,-0.016633937,-0.014417988,-0.012081442,-0.0067859655,0.0069373534,0.010310389,0.01249999,0.015275331
2022-03-03,-0.0006077647,-0.021753509,-0.017850384,-0.017750384,-0.017650384,-0.017550385,-0.017450385,-0.014994239,-0.014773873,-0.013345096,-0.012245844,-0.011782375,-0.010465297,-0.009535546,-0.009044321,-0.0076082707,-0.007509813,-0.00699362,0.0074990178,0.008651383,0.009886921,0.010453994,0.011009179,0.011346381,0.011908229,0.012279074,0.012781805,0.015274625,0.015374625,0.015474625,0.01628698,0.01638698,0.01695615,0.017400946,0.019265728,-0.018451009,-0.015662795,-0.012894189,-0.00858768,0.009679909,0.013076777,0.015172367,0.016963053
2022-03-04,-0.012984212,-0.022411311,-0.0171561,-0.0170561,-0.016624002,-0.016524002,-0.016424002,-0.015442073,-0.0153420735,-0.0146133825,-0.012075996,-0.011193827,-0.011093827,-0.01078995,-0.009831819,-0.008686187,-0.007891508,-0.0065620425,0.0051693325,0.0060610743,0.0077093993,0.009284014,0.010435362,0.010866537,0.01137874,0.01183224,0.012137592,0.013185377,0.013285377,0.013632103,0.014170231,0.01536865,0.016053665,0.016153665,0.018852724,-0.017827883,-0.015775526,-0.013145169,-0.008833077,0.007920512,0.011990325,0.013658823,0.015635474
2022-03-07,-0.0039159553,-0.020934273,-0.017853158,-0.017753158,-0.017408472,-0.017308472,-0.017208472,-0.016465882,-0.015059909,-0.014959909,-0.013796259,-0.013109901,-0.011855365,-0.011087036,-0.010607624,-0.007937345,-0.0067154975,-0.0057561607,0.008241993,0.008874193,0.01010015,0.010413469,0.010513469,0.011390946,0.012168344,0.013567357,0.013837593,0.014337547,0.014437547,0.016298065,0.016398065,0.016498065,0.017347101,0.01737188,0.018891407,-0.01814257,-0.016289467,-0.013801408,-0.008825306,0.009959629,0.013221477,0.015251571,0.017091496
2022-03-08,-6.20629e-05,-0.022160128,-0.01712032,-0.01702032,-0.01692032,-0.01682032,-0.016720321,-0.016620321,-0.015211409,-0.015111409,-0.013144531,-0.011499784,-0.011459023,-0.01047774,-0.009590652,-0.008800011,-0.008056865,-0.007456487,0.0044507026,0.0049246675,0.00653087,0.009012129,0.009821132,0.011185916,0.011588033,0.012664607,0.012922983,0.014375264,0.014593165,0.01508866,0.01518866,0.016550047,0.016934913,0.017365238,0.019057471,-0.017948281,-0.016136756,-0.013402605,-0.00908076,0.0073012807,0.0126271155,0.014782997,0.016650015
2022-03-09,0.015344998,-0.020969843,-0.017430712,-0.017284194,-0.017184194,-0.017084194,-0.016984195,-0.016501063,-0.016401064,-0.015558407,-0.013459928,-0.012209168,-0.011215259,-0.011030709,-0.009332026,-0.009025954,-0.008256682,-0.007068576,0.005189533,0.0053470833,0.0064760963,0.0089743845,0.009655245,0.011026424,0.012271865,0.012470437,0.013084674,0.015273566,0.015373566,0.015430494,0.015530494,0.016029226,0.016129225,0.017329132,0.019198248,-0.017930629,-0.016545784,-0.013818231,-0.00917848,0.0076517924,0.012771232,0.015058306,0.01670352
2022-03-10,-0.002279872,-0.021381902,-0.018329918,-0.017953634,-0.017853634,-0.017526597,-0.017479125,-0.01643744,-0.01633744,-0.015470308,-0.014676976,-0.013060877,-0.012132013,-0.012090855,-0.011374199,-0.011000968,-0.010277096,-0.008732831,0.006181806,0.00841398,0.009308716,0.011696503,0.013623662,0.015098304,0.015198303,0.015298303,0.015398303,0.015609217,0.016271954,0.016371954,0.016471954,0.017025366,0.01746875,0.017491953,0.018868066,-0.018514235,-0.01673559,-0.014543283,-0.010889193,0.010159862,0.015200287,0.016224036,0.017245859
2022-03-11,-0.0048466665,-0.021728575,-0.017123517,-0.017023517,-0.016923517,-0.016823517,-0.016723517,-0.015387499,-0.014863759,-0.014763759,-0.01466376,-0.01456376,-0.01446376,-0.01436376,-0.01426376,-0.0141637605,-0.013814513,-0.011664365,0.001491386,0.0027720332,0.0055274176,0.009817949,0.011369522,0.012358485,0.013957613,0.013994076,0.014619441,0.014719441,0.015155465,0.016571434,0.016671434,0.016910523,0.017466005,0.017566005,0.018839406,-0.017864529,-0.01575241,-0.015015712,-0.013694031,0.0067132795,0.013802591,0.015706357,0.01731176
2022-03-14,0.0012394879,-0.022316482,-0.017874356,-0.017774357,-0.016689397,-0.01588371,-0.01578371,-0.01568371,-0.015583711,-0.015144029,-0.014106409,-0.013958336,-0.01362829,-0.012487081,-0.0116207795,-0.011340872,-0.01061731,-0.0089136595,0.0058600907,0.007814076,0.010593547,0.012135639,0.014348024,0.015125049,0.015225049,0.015325049,0.015425049,0.015525049,0.015625048,0.015670864,0.015770864,0.015870864,0.01737877,0.017385926,0.018857826,-0.017709533,-0.015993904,-0.01431784,-0.011290191,0.01032568,0.015198807,0.015924957,0.016711269
2022-03-15,-0.00056259177,-0.021771865,-0.016959617,-0.01520738,-0.01510738,-0.012318836,-0.012218836,-0.012118836,-0.012018836,-0.011827335,-0.01177483,-0.011313907,-0.011235044,-0.010062065,-0.009245454,-0.008440539,-0.008340539,-0.00677597,0.007175466,0.009047737,0.00966966,0.01132523,0.01142523,0.0137707135,0.013870713,0.013970713,0.014070713,0.014258473,0.014358473,0.014820205,0.015284579,0.015956827,0.0167988,0.0168988,0.018589433,-0.015675306,-0.012678245,-0.011461923,-0.008823282,0.010217762,0.013649067,0.014861333,0.016309971
2022-03-16,0.0017391387,-0.022195037,-0.01786452,-0.015231461,-0.015131461,-0.0127055505,-0.012605551,-0.012505551,-0.012405551,-0.012305551,-0.012205551,-0.012105552,-0.011325388,-0.010918918,-0.008005054,-0.007905054,-0.0069741155,-0.0061712894,0.0065674963,0.007564987,0.010088458,0.011641968,0.012141076,0.013561685,0.013768939,0.013868939,0.013968939,0.015541102,0.015641103,0.015741102,0.015866788,0.015966788,0.016763449,0.017289001,0.018921943,-0.016100425,-0.013010733,-0.011892192,-0.008232213,0.009926369,0.014170781,0.015531139,0.016757125
2022-03-17,0.010655366,-0.02103769,-0.017784882,-0.017684883,-0.017232995,-0.017132996,-0.017032996,-0.01660226,-0.0157957,-0.0145768495,-0.013828969,-0.012939847,-0.012292092,-0.011750154,-0.010516168,-0.009083361,-0.007703058,-0.006348648,0.006082239,0.0067819604,0.009071618,0.011030935,0.012132406,0.013446459,0.013546458,0.013709823,0.014477516,0.015413052,0.015513052,0.015735447,0.015762758,0.015862757,0.016095214,0.017337902,0.018935677,-0.018044312,-0.016338538,-0.014139982,-0.009318216,0.009302642,0.014087437,0.015446857,0.016726907
2022-03-18,-0.0055578453,-0.021738125,-0.017638287,-0.017538287,-0.017477373,-0.017377373,-0.017277373,-0.017177373,-0.017077373,-0.016393399,-0.013385081,-0.0118088415,-0.011708842,-0.011295131,-0.009839231,-0.008713329,-0.006672288,-0.0050117383,0.008555341,0.009934848,0.010526096,0.01080679,0.011360877,0.012088534,0.012203965,0.013390513,0.0139129255,0.015235135,0.015335135,0.016029755,0.017197274,0.017297274,0.017490208,0.017590208,0.019239051,-0.018301707,-0.01709276,-0.01414876,-0.008409086,0.010405408,0.013620962,0.015600632,0.017470714
2022-03-21,-0.00027836525,-0.021672657,-0.01611167,-0.014446983,-0.014346983,-0.0118639525,-0.011154853,-0.01059535,-0.01049535,-0.010349471,-0.009562637,-0.009462637,-0.00894404,-0.00884404,-0.0077086417,-0.0070817764,-0.005957077,-0.0044698305,0.004438874,0.005791505,0.0070092836,0.007628658,0.0085034305,0.009065889,0.010581909,0.011221697,0.011321696,0.011388555,0.012562596,0.013509532,0.014553169,0.015372713,0.016513003,0.016613003,0.018966222,-0.015030024,-0.011408401,-0.009800184,-0.0069359923,0.0070900456,0.01073782,0.013059077,0.015802927
2022-03-22,-0.0020981517,-0.022472735,-0.016015243,-0.014569132,-0.013874128,-0.011464975,-0.011023999,-0.010107191,-0.010007191,-0.009907192,-0.009763074,-0.009403407,-0.008647353,-0.008547354,-0.007561708,-0.006806494,-0.005792944,-0.0041884156,0.00439955,0.0054560956,0.0069040973,0.009021884,0.01015733,0.01025733,0.01061882,0.01071882,0.0108188195,0.010918819,0.011087006,0.012468578,0.014160926,0.015336308,0.016925711,0.017025711,0.018723387,-0.014970216,-0.01112294,-0.009597794,-0.006750594,0.007280089,0.010904175,0.0124437865,0.015542981
2022-03-23,-0.0018502946,-0.022595523,-0.017219225,-0.015287048,-0.013959077,-0.011672693,-0.011001035,-0.010857855,-0.010275589,-0.0101755895,-0.01007339,-0.00997339,-0.009956902,-0.009056328,-0.008172785,-0.0053223874,-0.004176574,-0.0029393083,0.005757088,0.006681618,0.008166777,0.008974086,0.010073231,0.010177904,0.010277904,0.010940873,0.0115111815,0.012885404,0.013564972,0.015119243,0.015219243,0.015319243,0.016224293,0.016651252,0.018796667,-0.015289511,-0.011519424,-0.0100726485,-0.006116889,0.007971494,0.011839331,0.013861018,0.01622113
2022-03-24,0.00041803456,-0.02151278,-0.016046692,-0.014541356,-0.013998816,-0.011739518,-0.011099827,-0.009817732,-0.009674602,-0.009412018,-0.009312018,-0.00930261,-0.008636078,-0.008530134,-0.007996313,-0.0068372823,-0.00639392,-0.004950072,0.005345276,0.0058674514,0.006086316,0.008440487,0.008955108,0.009820029,0.010696464,0.010796464,0.011021833,0.011788871,0.0121504,0.0122504,0.013124756,0.014255674,0.01606281,0.016774813,0.018682836,-0.014879527,-0.0109091075,-0.009450532,-0.0070960396,0.007287199,0.010722174,0.012654863,0.015017696
2022-03-25,-0.002139724,-0.021885121,-0.016028684,-0.01444553,-0.012999552,-0.0112985745,-0.01094203,-0.009159945,-0.009023515,-0.008684884,-0.00842797,-0.008251015,-0.008004747,-0.007161182,-0.0070822374,-0.006093593,-0.0056498386,-0.0046774284,0.0035373198,0.0040898216,0.0055239396,0.0072609284,0.007360928,0.0090378085,0.009137808,0.009237808,0.009742188,0.010686168,0.011531261,0.012053494,0.012801106,0.014887981,0.014926743,0.01677477,0.019026898,-0.014630793,-0.010451181,-0.008711888,-0.0063508227,0.0059099635,0.009675241,0.011787971,0.015108851
2022-03-28,-0.00058518484,-0.022632211,-0.015619145,-0.015519145,-0.014313338,-0.0116063915,-0.011055291,-0.009861396,-0.008977201,-0.008912846,-0.008456065,-0.008443753,-0.007825273,-0.007084057,-0.006319637,-0.0060155718,-0.005880533,-0.0047668167,0.003582811,0.0045652036,0.005533732,0.006019271,0.007203242,0.008149278,0.008781415,0.009534389,0.00973615,0.010814164,0.011061955,0.01184988,0.013052948,0.014214508,0.014890096,0.016173095,0.018986046,-0.015045275,-0.010865176,-0.008679578,-0.0062852623,0.0056964867,0.009510191,0.01167045,0.014855295
2022-03-29,0.011821462,-0.021146702,-0.015983216,-0.014321789,-0.01417559,-0.011304267,-0.010939325,-0.009758591,-0.009640261,-0.009540261,-0.0087963315,-0.008464588,-0.007819645,-0.006961705,-0.00577366,-0.004658154,-0.0032919315,-0.0028091013,0.004253543,0.0073429523,0.007442952,0.008290972,0.010310164,0.011726462,0.011826462,0.011926462,0.012026462,0.012126462,0.012226461,0.012526352,0.012742631,0.014575588,0.01536929,0.016135914,0.01915894,-0.01470982,-0.010840045,-0.008831454,-0.0049994867,0.007831377,0.01172318,0.012855005,0.015027886
2022-03-30,0.0050472273,-0.022512691,-0.01604487,-0.01594487,-0.01584487,-0.01574487,-0.014618809,-0.013690817,-0.01259339,-0.011768445,-0.011668446,-0.011568446,-0.010906485,-0.00990778,-0.009014861,-0.008195235,-0.0067944494,-0.0051377914,0.0034908873,0.0051818523,0.007849057,0.01048899,0.01152005,0.011776196,0.012053199,0.012894107,0.013561167,0.015502947,0.015602947,0.016776381,0.016798774,0.016898774,0.01733934,0.017397033,0.019161116,-0.016953222,-0.013723266,-0.011938983,-0.0081421565,0.007812797,0.013693936,0.015756557,0.017406415
2022-03-31,-0.006299502,-0.02198968,-0.016089119,-0.014582839,-0.014482839,-0.011767175,-0.010960801,-0.010923065,-0.010484056,-0.010404639,-0.010060078,-0.009893945,-0.009890858,-0.008630338,-0.007086041,-0.0054191146,-0.0040846136,-0.002816222,0.006553169,0.009153377,0.009757263,0.0106613785,0.01303111,0.01313111,0.01323111,0.01333111,0.0134311095,0.013531109,0.013631109,0.014385142,0.015261896,0.015308788,0.016097283,0.016241772,0.018893749,-0.015057923,-0.01147108,-0.010005226,-0.0058599873,0.009871259,0.013481917,0.014215151,0.01601827
2022-04-01,-0.004390826,-0.021942766,-0.016937353,-0.015212582,-0.013713312,-0.011707496,-0.011607496,-0.010960102,-0.010860102,-0.010760102,-0.010660103,-0.010560103,-0.010460103,-0.009471169,-0.007844121,-0.0069174543,-0.0061900765,-0.0052705496,0.0067556933,0.0073150904,0.008580054,0.010428691,0.011476743,0.011675335,0.011775334,0.012450697,0.012550697,0.012685997,0.013146342,0.014646705,0.015572931,0.015672931,0.015963338,0.016645811,0.019165767,-0.015181685,-0.011880077,-0.010611795,-0.007356461,0.008970972,0.012587095,0.013798615,0.01634083
2022-04-04,-0.0046694176,-0.022251938,-0.015990572,-0.014605886,-0.01388908,-0.011286031,-0.010999664,-0.010899664,-0.010488155,-0.010088662,-0.010078244,-0.0100407,-0.009583936,-0.008210218,-0.006776479,-0.004875073,-0.0034807005,-0.0027659743,0.0053498973,0.0073295482,0.009609654,0.010837905,0.01196241,0.01247405,0.01287292,0.01297292,0.01307292,0.01317292,0.014380735,0.014443333,0.014752134,0.015460632,0.016317513,0.016738787,0.01917466,-0.014883456,-0.011416406,-0.0098720435,-0.0055877855,0.009199984,0.013005127,0.014277485,0.016113909
2022-04-05,-0.0065735746,-0.02161984,-0.016020587,-0.014347437,-0.014247437,-0.011706682,-0.010995369,-0.010618788,-0.010518788,-0.010166315,-0.009383208,-0.009283208,-0.009196726,-0.007862357,-0.0071560894,-0.005684449,-0.005640538,-0.0041290056,0.0060723387,0.008135567,0.0091350265,0.009522659,0.010099267,0.011325637,0.011425637,0.011525637,0.011625636,0.011725636,0.011825636,0.013022809,0.014619367,0.015152645,0.016444676,0.016533863,0.019144708,-0.014917983,-0.01132934,-0.009591291,-0.006378658,0.008858246,0.011539797,0.012928879,0.015694678
2022-04-06,-0.0009344361,-0.022526184,-0.01567357,-0.014591366,-0.014055558,-0.0113415355,-0.010945599,-0.010536166,-0.009759999,-0.009582145,-0.009256243,-0.009156243,-0.009056243,-0.008956243,-0.008177785,-0.0072041014,-0.006333183,-0.006244977,0.003152316,0.004150295,0.0053625912,0.00650345,0.008010027,0.009156421,0.00938477,0.00948477,0.00958477,0.009684769,0.010067841,0.011916495,0.012702208,0.013933087,0.015376192,0.016688196,0.0188191,-0.01490849,-0.011083054,-0.009594866,-0.007423258,0.0057106847,0.009650497,0.011326013,0.0148118185
2022-04-07,-0.0011027495,-0.022156589,-0.01706979,-0.014794941,-0.014502158,-0.0113497665,-0.011027348,-0.010447154,-0.010347154,-0.010319992,-0.010219992,-0.009158437,-0.009114303,-0.009014303,-0.0075570955,-0.0074863834,-0.0064740954,-0.0061566513,0.003772179,0.003872179,0.003900458,0.0051160296,0.006932479,0.008583962,0.008638196,0.00915121,0.00925121,0.009534602,0.009634602,0.011149901,0.011624836,0.0143283615,0.0151890395,0.016214984,0.019257784,-0.015221131,-0.011387318,-0.00994462,-0.007366533,0.0050598085,0.009070431,0.010951871,0.014515174
2022-04-08,-0.002280424,-0.021263601,-0.016959243,-0.014596793,-0.014496793,-0.011499096,-0.010982668,-0.010735165,-0.009832462,-0.009642395,-0.008877915,-0.008547019,-0.007878321,-0.0069240886,-0.0068240887,-0.0056086886,-0.004335923,-0.004296633,0.004020956,0.00499795,0.005234615,0.006551377,0.0069291387,0.007324827,0.0081505,0.008756757,0.0094974125,0.010047647,0.010533404,0.01199311,0.01209311,0.014228426,0.014368745,0.016711218,0.01874648,-0.01504028,-0.011157896,-0.008899091,-0.0059224707,0.0057910793,0.009010296,0.011288064,0.0147544695
2022-04-11,0.00018621139,-0.021828668,-0.017052155,-0.014571657,-0.014040631,-0.011272018,-0.010990195,-0.010682621,-0.009246009,-0.008757493,-0.008246707,-0.0082441475,-0.007246279,-0.007186393,-0.006531106,-0.006431106,-0.006331106,-0.006075942,0.0028802769,0.004032494,0.004761053,0.0063585546,0.0064190696,0.006820475,0.0073712394,0.008665761,0.009434656,0.009694332,0.009779565,0.011166088,0.011381274,0.014415004,0.014515004,0.01623825,0.019328095,-0.015036734,-0.010849595,-0.008583116,-0.006722681,0.005080723,0.008553145,0.01091793,0.014505742
2022-04-12,-0.002117036,-0.02177977,-0.01710721,-0.014759504,-0.013980003,-0.011618895,-0.011011631,-0.010098124,-0.009353299,-0.00908251,-0.0086569525,-0.008152487,-0.007869502,-0.007138715,-0.006561672,-0.006124071,-0.006024071,-0.0057078614,0.00077295484,0.0020704684,0.0029778776,0.0041215117,0.00521804,0.006153056,0.0062530558,0.006825291,0.0073588383,0.0079192035,0.008514235,0.009998676,0.0113275265,0.014301533,0.014457843,0.0149841085,0.019263083,-0.015099501,-0.010861014,-0.00880602,-0.0065140324,0.003239174,0.0072228536,0.009649759,0.013974985
2022-04-13,0.0017675738,-0.020998748,-0.016218068,-0.0144197075,-0.014063336,-0.0113852825,-0.010942588,-0.010006336,-0.009931423,-0.009831423,-0.009624674,-0.009524674,-0.008546083,-0.008279062,-0.007035815,-0.0055343285,-0.0054343287,-0.0038939202,0.0042685815,0.005051091,0.005652891,0.0069936723,0.008058639,0.008804282,0.008904282,0.009004282,0.009244445,0.009791526,0.010327501,0.010944563,0.011460682,0.014374701,0.014549102,0.016675843,0.019129502,-0.014721604,-0.011026295,-0.009464766,-0.006284613,0.0061741034,0.009320659,0.010971428,0.014517059
2022-04-19,-0.007612639,-0.022410167,-0.017011207,-0.01461622,-0.01455095,-0.011351423,-0.011024598,-0.010110623,-0.009736097,-0.0096910605,-0.009580874,-0.009480874,-0.008686312,-0.00750503,-0.00740503,-0.0070696617,-0.0065758056,-0.0058927364,0.0034657023,0.0038243404,0.004284217,0.005833497,0.006728801,0.0075800726,0.00853507,0.008783276,0.009309275,0.009780579,0.009880579,0.010892185,0.011538882,0.014209707,0.014233281,0.016749393,0.018884767,-0.015269669,-0.01103572,-0.009306582,-0.0072848215,0.0051885652,0.008752983,0.01081918,0.014454988
2022-04-20,0.006045455,-0.022133557,-0.017034307,-0.0156779,-0.013966881,-0.011704632,-0.011090539,-0.009220648,-0.008515343,-0.008418606,-0.008027445,-0.0078373635,-0.007535749,-0.006593337,-0.006493337,-0.0061289524,-0.0060289525,-0.0052679204,0.002940054,0.0034639637,0.004400098,0.006581865,0.0072783,0.007912444,0.008990318,0.009090317,0.009190317,0.009698692,0.009798692,0.010854675,0.011571852,0.013922079,0.015115533,0.01615727,0.018773988,-0.015185984,-0.010584607,-0.008352483,-0.0063513056,0.0052752597,0.008966886,0.010931582,0.014255973
2022-04-21,-0.0011868015,-0.022065122,-0.01715556,-0.01446416,-0.014036045,-0.011306042,-0.011020192,-0.009812324,-0.009339097,-0.009239097,-0.009139097,-0.009039097,-0.008939098,-0.008401527,-0.0073052533,-0.0056378455,-0.0042918525,-0.0039481535,0.004369091,0.0044701844,0.005933732,0.006975287,0.008005764,0.008981504,0.009185586,0.009285586,0.009385586,0.010036613,0.010136613,0.010927415,0.011239894,0.014136453,0.014294053,0.016019015,0.01907047,-0.015116593,-0.010774975,-0.009367802,-0.006044441,0.0061867763,0.009447376,0.010956056,0.014278648
2022-04-22,-0.004891093,-0.021781707,-0.01628105,-0.014558305,-0.014091626,-0.011713238,-0.010963687,-0.009837557,-0.00906327,-0.008748248,-0.008648248,-0.008431056,-0.00807746,-0.007383506,-0.007131611,-0.0053724363,-0.0037612855,-0.0034506521,0.0051835543,0.0058899075,0.00675934,0.007602623,0.0077992785,0.009026367,0.009126367,0.009226367,0.009239369,0.009929295,0.010640191,0.011339644,0.011534987,0.014249111,0.014556759,0.016615044,0.019029409,-0.014966262,-0.010634213,-0.008827234,-0.0056294077,0.006912358,0.009464191,0.011141052,0.014553639
2022-04-25,-0.008016923,-0.021916406,-0.017084587,-0.015267545,-0.014443915,-0.012389446,-0.011113697,-0.009805945,-0.009156235,-0.008567652,-0.008407795,-0.008300217,-0.0077252914,-0.006455783,-0.0053899805,-0.0048424895,-0.0036618342,-0.0033592281,0.004642528,0.0058311177,0.00641709,0.0067351265,0.009091511,0.009138474,0.009428385,0.009428963,0.009772152,0.010002023,0.010418501,0.010900251,0.011337126,0.0141215045,0.014541082,0.016731877,0.019355396,-0.015389611,-0.010782215,-0.00857176,-0.00511075,0.0066108494,0.009712244,0.011126801,0.014489231
2022-04-26,-0.0041100886,-0.022212476,-0.016099142,-0.014767696,-0.014555676,-0.011831826,-0.011556346,-0.010773219,-0.009369586,-0.009269586,-0.009169586,-0.009087594,-0.008360759,-0.006813912,-0.005825301,-0.0038561795,-0.0027491169,-0.0026491168,0.005740793,0.005803446,0.006627194,0.007958802,0.008689947,0.008789947,0.0092168115,0.009316811,0.009442442,0.009980042,0.011000108,0.011321056,0.012150631,0.013818719,0.014275274,0.01680651,0.018896908,-0.015251093,-0.011147287,-0.009054038,-0.0048334617,0.00706941,0.009619561,0.0112037845,0.0145987645
2022-04-27,-0.010710018,-0.020764349,-0.01602632,-0.014468123,-0.013920399,-0.011515145,-0.011087462,-0.009624591,-0.009524591,-0.009267753,-0.0090767285,-0.008976729,-0.008876729,-0.0076841065,-0.0064278375,-0.004937364,-0.003442226,-0.003342226,0.005424251,0.006130361,0.007296215,0.007960006,0.008579295,0.008947996,0.009606069,0.009706069,0.01039157,0.010495753,0.010926965,0.011214709,0.011251317,0.014131547,0.0154998,0.016398376,0.01901631,-0.014662735,-0.010794504,-0.009249924,-0.0054252767,0.0072833807,0.009788765,0.011705759,0.014402452
2022-04-29,-0.004319189,-0.022354998,-0.016011028,-0.015706658,-0.015145825,-0.015045825,-0.014006699,-0.012706409,-0.011767954,-0.01128752,-0.011147731,-0.011047731,-0.010751788,-0.010311077,-0.009684837,-0.009272542,-0.0070441854,-0.0065167355,0.0028457292,0.0039398433,0.0050164037,0.0072189975,0.00860721,0.010137574,0.010262947,0.010362946,0.0115183145,0.011819139,0.011919139,0.012149514,0.012761795,0.014302887,0.014803755,0.01673625,0.01892077,-0.016512875,-0.013095048,-0.01159705,-0.008713206,0.0058567845,0.010615276,0.012441972,0.014974242
2022-05-02,-0.001756777,-0.021686446,-0.016872397,-0.016772397,-0.016461678,-0.016361678,-0.016261678,-0.016161678,-0.015711768,-0.015611768,-0.015149838,-0.013492423,-0.012457531,-0.012357531,-0.012007631,-0.009838364,-0.009475079,-0.0076136705,0.0045464165,0.005211633,0.007200241,0.009238767,0.009683208,0.010564473,0.010903863,0.0113653885,0.012472048,0.012931313,0.013031313,0.013131313,0.014267173,0.014354629,0.015463226,0.016890686,0.01879752,-0.017528776,-0.01610386,-0.01438767,-0.010485434,0.0074201836,0.01153514,0.013405843,0.015488264
2022-05-03,0.0009903471,-0.020784242,-0.016991274,-0.016891275,-0.015807625,-0.014904819,-0.014611898,-0.013070174,-0.012618769,-0.012019774,-0.011919774,-0.011718786,-0.0103429435,-0.009891597,-0.008977263,-0.0061456156,-0.0056167254,-0.003945873,0.004337767,0.0057627633,0.007630379,0.008011181,0.0097958045,0.009895804,0.009995804,0.010472858,0.011127103,0.011236534,0.011943104,0.013113505,0.013213505,0.0153605705,0.016159631,0.016259631,0.019090386,-0.016619971,-0.013842377,-0.011876996,-0.0072808526,0.007147579,0.010902902,0.012715976,0.015407519
2022-05-04,0.0008399573,-0.021690622,-0.017033521,-0.016346168,-0.015339247,-0.013338793,-0.013238793,-0.013138793,-0.013038794,-0.012938794,-0.012196427,-0.012170164,-0.011225179,-0.008786235,-0.0074234335,-0.0069720116,-0.0048687034,-0.0038106248,0.0051615005,0.005912574,0.0074836244,0.00832628,0.009181949,0.0095171975,0.009979359,0.010236981,0.011385576,0.011818004,0.01252,0.01369565,0.01379565,0.015518795,0.015810687,0.016762264,0.019090967,-0.016128194,-0.013740269,-0.011697086,-0.007048987,0.0073726675,0.010889957,0.013045984,0.015772665
2022-05-05,-0.0032617466,-0.022338858,-0.0170835,-0.0145803215,-0.014480322,-0.011376892,-0.010979186,-0.010785882,-0.010550791,-0.0103511745,-0.010151222,-0.009729628,-0.009559886,-0.008965088,-0.007383039,-0.006779324,-0.004749136,-0.0031606923,0.003202761,0.0043705394,0.006776963,0.0075970576,0.008032058,0.009180523,0.010756345,0.010856344,0.011097492,0.012013236,0.012100175,0.012200175,0.012960813,0.015033657,0.016409269,0.01678256,0.019157974,-0.015251751,-0.011449471,-0.010041235,-0.006360364,0.006540733,0.010456468,0.012764069,0.015227037
2022-05-06,0.0061298367,-0.022077836,-0.017213026,-0.017113652,-0.017013652,-0.016913652,-0.016813653,-0.016713653,-0.015536037,-0.015436037,-0.015336038,-0.013696352,-0.013633921,-0.013533921,-0.013433921,-0.013262917,-0.011700982,-0.008747163,0.0013287627,0.0020811672,0.0026460716,0.0054476303,0.007054413,0.007947822,0.01054804,0.011324051,0.013034141,0.014326915,0.014943102,0.015220753,0.01541373,0.015901625,0.016133318,0.01678755,0.01905215,-0.018006364,-0.016322607,-0.014970714,-0.012168268,0.0044103344,0.0111747915,0.014731646,0.016475162
2022-05-09,-0.0013299983,-0.021463282,-0.017037982,-0.016937982,-0.016837982,-0.016737983,-0.01649464,-0.015995694,-0.015211298,-0.014758232,-0.0144557115,-0.013579475,-0.013295819,-0.012262216,-0.011881022,-0.011781022,-0.010404241,-0.008507164,0.0026894303,0.0039411914,0.0056820675,0.0077436604,0.008652078,0.009005897,0.012041941,0.0120421555,0.013503086,0.01462154,0.014715806,0.015492139,0.015714355,0.015814355,0.016033547,0.016972989,0.018986585,-0.017714374,-0.015879568,-0.014343937,-0.011230585,0.0064196587,0.011962762,0.014873223,0.016596084
2022-05-10,-0.0024207777,-0.02171326,-0.017824423,-0.017445471,-0.015581685,-0.012060455,-0.011960455,-0.011860455,-0.011760456,-0.011740245,-0.011640245,-0.011429476,-0.010722878,-0.008946804,-0.00772246,-0.0069844034,-0.0066403775,-0.0057825195,0.0067549627,0.007610087,0.008037949,0.008137949,0.008237949,0.008934805,0.009052752,0.010266139,0.01093957,0.012769866,0.01320443,0.013846932,0.013946932,0.015700841,0.015985595,0.016799787,0.019182745,-0.015828054,-0.0129534155,-0.011006167,-0.0077118473,0.00791874,0.010811138,0.013349278,0.015895447
2022-05-11,0.00055770134,-0.021681042,-0.017005831,-0.016371371,-0.016254164,-0.01251518,-0.01241518,-0.01231518,-0.01221518,-0.0121151805,-0.012015181,-0.01137838,-0.01127838,-0.01117838,-0.010769545,-0.009361717,-0.009223784,-0.0077069774,0.007007766,0.007107766,0.007843346,0.008743758,0.010183848,0.012247992,0.012347992,0.013609608,0.0137096075,0.013978493,0.014005158,0.014233038,0.014333038,0.015175996,0.01610684,0.016204333,0.018471558,-0.01597428,-0.013086418,-0.01182046,-0.009688081,0.008610126,0.012850595,0.014406627,0.015683591
2022-05-12,-0.0155223515,-0.021783654,-0.017909117,-0.016356437,-0.015640916,-0.013470834,-0.013370834,-0.013270834,-0.013170835,-0.013070835,-0.011881939,-0.010953659,-0.010853659,-0.00821133,-0.0066794315,-0.0066699376,-0.006207326,-0.006107326,0.00734033,0.008404721,0.008906199,0.010124057,0.011004144,0.013164502,0.013931682,0.014031682,0.014131682,0.014231682,0.014941891,0.015041891,0.01514189,0.016099075,0.017102567,0.017202567,0.019192532,-0.016435072,-0.013847955,-0.011497719,-0.007323536,0.009741398,0.013494779,0.015089942,0.016535591
2022-05-13,0.003497508,-0.02200595,-0.017067451,-0.017047709,-0.016947709,-0.01684771,-0.01674771,-0.01664771,-0.01654771,-0.014386188,-0.013370416,-0.013270416,-0.011713998,-0.0108516,-0.009979097,-0.009879097,-0.008838311,-0.0078024105,0.0064458842,0.006545884,0.0077969264,0.010475713,0.011737105,0.013819306,0.014396716,0.014496716,0.014596716,0.016021745,0.016334552,0.01679174,0.016965393,0.017065393,0.017165393,0.017328985,0.018967431,-0.017923305,-0.016275404,-0.0138462875,-0.009953866,0.009132225,0.014573323,0.01618203,0.017423788
2022-05-16,0.00079209445,-0.021750277,-0.016025024,-0.01563464,-0.015534639,-0.011756053,-0.0117158005,-0.011615801,-0.011515801,-0.010187145,-0.010099933,-0.009999933,-0.008359301,-0.008159277,-0.0067034066,-0.005565038,-0.0049438714,-0.0038348262,0.0060445154,0.006919627,0.00848138,0.00949652,0.011336738,0.012157935,0.012257935,0.012641586,0.012996933,0.013096933,0.013905544,0.014158755,0.014189317,0.015159737,0.01581123,0.01637355,0.019063922,-0.015356359,-0.012133837,-0.009970022,-0.006209415,0.008639995,0.012678389,0.013993879,0.015789056
2022-05-17,0.010796107,-0.021611739,-0.017039012,-0.015612928,-0.013796523,-0.011216309,-0.010891963,-0.010791963,-0.010691963,-0.0106167095,-0.01051671,-0.00894424,-0.008844241,-0.007920604,-0.0074090995,-0.006640378,-0.0056387894,-0.004679372,0.005646518,0.007319798,0.008745306,0.009926083,0.011064997,0.012632535,0.012764148,0.012864148,0.013286557,0.013386557,0.013486557,0.014405027,0.014505027,0.015161078,0.016205186,0.016697936,0.019123035,-0.01491111,-0.011721104,-0.009773096,-0.006662376,0.008880371,0.012870653,0.014153977,0.01597842
2022-05-18,-0.0039312313,-0.021877032,-0.017121129,-0.016268868,-0.015255968,-0.01505435,-0.014940196,-0.014840196,-0.013444628,-0.012811347,-0.012574498,-0.011354083,-0.011104067,-0.011004067,-0.010746028,-0.009495934,-0.007884496,-0.0071193473,0.0054468373,0.007351477,0.009164455,0.010287326,0.011944221,0.013266295,0.013366295,0.013520999,0.013829477,0.013929477,0.014037376,0.015664186,0.015764186,0.015931418,0.016524829,0.016872425,0.018864637,-0.016849736,-0.014461046,-0.012613492,-0.009319978,0.009123278,0.013665035,0.014797069,0.016619371
2022-05-19,0.009061579,-0.021665612,-0.016057955,-0.015510068,-0.0137458565,-0.011237355,-0.010965011,-0.01062979,-0.010602217,-0.010502217,-0.0104022175,-0.009910745,-0.0097716,-0.0074199857,-0.005311518,-0.0040954463,-0.0031777944,-0.0025757554,0.0052859583,0.0069514434,0.0092522,0.009750068,0.011003499,0.012135072,0.0122350715,0.012925292,0.013025292,0.013125292,0.013712991,0.014865291,0.014965291,0.015065291,0.016197009,0.016332477,0.019122712,-0.014734358,-0.011641861,-0.009832206,-0.005014252,0.008694949,0.012810891,0.014185175,0.016070213
2022-05-20,-0.0026838162,-0.021974241,-0.01710417,-0.01571624,-0.014216553,-0.014019512,-0.013919512,-0.013569669,-0.012561424,-0.012461424,-0.011487166,-0.01138461,-0.011259256,-0.01050415,-0.009766915,-0.007212721,-0.0064068176,-0.0063068178,0.005909704,0.007404008,0.008792007,0.011371276,0.012606735,0.01387802,0.01397802,0.01407802,0.01417802,0.01427802,0.01437802,0.015145948,0.015245948,0.015402254,0.016913991,0.017013991,0.01901749,-0.0162468,-0.013645654,-0.011946301,-0.008215576,0.009491003,0.013997349,0.014978799,0.016365126
2022-05-23,0.010434599,-0.02247778,-0.017151652,-0.015762867,-0.01454672,-0.011736748,-0.010986282,-0.010362253,-0.010262253,-0.010162253,-0.010106426,-0.009952666,-0.0094028255,-0.008249731,-0.0066165985,-0.0042223195,-0.003959799,-0.0028214508,0.00599284,0.0078829,0.01039771,0.010951095,0.012082307,0.012942775,0.013520083,0.013620083,0.013720083,0.013820083,0.014696352,0.014796352,0.014896352,0.015450994,0.01607873,0.016774422,0.018664664,-0.015379837,-0.011507181,-0.009801504,-0.005514567,0.009748926,0.013452319,0.014622319,0.016116556
2022-05-24,0.006902602,-0.022229284,-0.017141944,-0.014645548,-0.014545548,-0.011875303,-0.011775304,-0.011675304,-0.011575304,-0.011475304,-0.011455469,-0.011286241,-0.010753049,-0.010635284,-0.008906555,-0.0061299764,-0.0061115976,-0.004082739,0.006155929,0.008099176,0.010122297,0.010268368,0.012917647,0.014041839,0.014141839,0.014241839,0.014341839,0.0144418385,0.014541838,0.015022468,0.015122468,0.0152224675,0.015937585,0.016769143,0.019082842,-0.015513477,-0.012229352,-0.011238882,-0.007303422,0.009757522,0.014133126,0.014857113,0.016243879
2022-05-25,-0.008051426,-0.022467438,-0.017196279,-0.0162196,-0.0161196,-0.0160196,-0.014125844,-0.013901079,-0.013801079,-0.012510744,-0.011547756,-0.011447757,-0.010340155,-0.009767148,-0.0087426705,-0.006777747,-0.00562618,-0.004557546,0.00956811,0.010127091,0.012222212,0.012322212,0.013888672,0.014123815,0.014903391,0.015003391,0.01510339,0.0152226435,0.015845044,0.016461492,0.017184777,0.017284777,0.017384777,0.017484777,0.018857343,-0.017185751,-0.01411167,-0.011916396,-0.0074303807,0.011828603,0.014940003,0.016003469,0.017454633
2022-05-26,0.0064118225,-0.022417847,-0.017179687,-0.015650319,-0.013953147,-0.011260997,-0.0110225,-0.010833265,-0.010733265,-0.010523368,-0.009973075,-0.009873075,-0.009773076,-0.009063513,-0.008406179,-0.0062140026,-0.004509623,-0.0034035617,0.006932801,0.008578385,0.009751139,0.010822083,0.011867645,0.011898114,0.011970476,0.012070476,0.01245759,0.012557589,0.01350846,0.014039692,0.014196566,0.015102093,0.016214708,0.016706588,0.018879447,-0.015166836,-0.011752543,-0.010113086,-0.0064812885,0.009610977,0.012486703,0.013755607,0.015784878
2022-05-27,-0.0016633098,-0.020981198,-0.016928457,-0.015609171,-0.013709131,-0.012284662,-0.011021189,-0.01092119,-0.010856861,-0.00962232,-0.00952232,-0.00942232,-0.00932232,-0.008444745,-0.007866569,-0.0047439435,-0.0039600944,-0.0028483432,0.0067515513,0.008382667,0.009413637,0.012498773,0.012753602,0.012853602,0.012953602,0.013053602,0.013153601,0.013253601,0.013353601,0.014051091,0.014151091,0.015261266,0.016123116,0.016498687,0.018949734,-0.014984928,-0.011606146,-0.009833487,-0.0057682535,0.010000046,0.013193101,0.013987002,0.015782373
2022-05-30,0.006810638,-0.0216572,-0.01620007,-0.015539097,-0.013738231,-0.011426535,-0.010918433,-0.010818433,-0.010718433,-0.0100787645,-0.009988764,-0.0098887645,-0.0085661365,-0.007106081,-0.0049072397,-0.0028204545,-0.0027204545,-0.0023479166,0.0071044937,0.009123603,0.009620042,0.011007302,0.011597116,0.012716007,0.012816007,0.012916007,0.013016007,0.013116007,0.013812046,0.014543918,0.014643918,0.015093034,0.016079042,0.01644014,0.019004622,-0.014788094,-0.011614631,-0.00945957,-0.004536966,0.009934289,0.012977811,0.014113404,0.015945125
2022-06-01,-0.012713994,-0.022572935,-0.015989183,-0.015729656,-0.014228462,-0.0117665725,-0.011003344,-0.010184282,-0.010084283,-0.009799252,-0.009798476,-0.009698476,-0.009598476,-0.009094874,-0.008756234,-0.007310315,-0.0067535224,-0.0060530063,0.003261767,0.004339832,0.0045474847,0.006719419,0.008774876,0.010721764,0.010821763,0.010921763,0.011021763,0.011121763,0.011346067,0.012705411,0.013075176,0.01423466,0.015406974,0.016728912,0.019211207,-0.015112099,-0.011360164,-0.00991589,-0.007714311,0.005938053,0.010849115,0.012320396,0.015191073
2022-06-02,0.008195808,-0.021487787,-0.016943442,-0.01450849,-0.014478214,-0.011110039,-0.010932596,-0.010347024,-0.010346825,-0.009820379,-0.009660827,-0.009057194,-0.008957194,-0.008314536,-0.008214536,-0.00644022,-0.005202229,-0.004514752,0.0058991765,0.006707338,0.007973005,0.009891271,0.011694303,0.011794303,0.011894302,0.011994302,0.012094302,0.012194302,0.012294302,0.013473926,0.013584016,0.014338763,0.014913223,0.016704703,0.01887222,-0.014990416,-0.011191064,-0.009642395,-0.006685786,0.008473019,0.012230227,0.012994011,0.015394727
2022-06-03,-0.0019633041,-0.021032074,-0.016932342,-0.014522606,-0.014420246,-0.0112464195,-0.010996671,-0.010061869,-0.009936539,-0.00983654,-0.009422763,-0.009322763,-0.009089119,-0.008749058,-0.0068876687,-0.005318026,-0.004962025,-0.004202788,0.0061360877,0.0072797607,0.0075304876,0.008736243,0.0106893685,0.011601237,0.0117012365,0.011801236,0.011901236,0.012001236,0.012101236,0.012201236,0.01322026,0.014176136,0.014864039,0.016742755,0.018869268,-0.01492555,-0.011070845,-0.009638829,-0.006138654,0.008276763,0.011658862,0.012613798,0.015041931
2022-06-06,-0.0012938757,-0.021915773,-0.01704992,-0.014539248,-0.014111725,-0.011624511,-0.011046156,-0.010946156,-0.01084177,-0.010304512,-0.009911078,-0.008735327,-0.008635327,-0.0074305558,-0.007330556,-0.007230556,-0.0071305563,-0.006772239,0.005674399,0.0068567204,0.0077575617,0.008638659,0.010636683,0.011212759,0.011802944,0.012479601,0.013436913,0.013536912,0.013636912,0.013736912,0.013836912,0.014355356,0.016384907,0.016762737,0.019155495,-0.015149618,-0.011535568,-0.009572977,-0.007439847,0.008146057,0.0123205725,0.014146511,0.015569481
2022-06-07,-4.674164e-05,-0.02217545,-0.017014729,-0.015200476,-0.014376898,-0.012514133,-0.010989767,-0.010534752,-0.010184984,-0.009977683,-0.009877684,-0.009777684,-0.009677684,-0.009577709,-0.00932559,-0.009187735,-0.007881619,-0.007337454,0.0036507882,0.003938872,0.004693693,0.007571182,0.0086454535,0.010379262,0.010479262,0.010579262,0.010679262,0.010779262,0.010879261,0.012358851,0.012975289,0.014363919,0.015439256,0.016337276,0.018849125,-0.015414196,-0.011377533,-0.010061565,-0.008702016,0.006066759,0.010548418,0.012027179,0.014976892
2022-06-08,0.004170093,-0.022263598,-0.017102417,-0.014590551,-0.013722201,-0.01193023,-0.010871567,-0.010867649,-0.009845292,-0.009563461,-0.008374787,-0.008274787,-0.008001403,-0.0073780688,-0.0051399013,-0.0050399015,-0.0048814244,-0.0042582345,0.0043249535,0.0044249534,0.004524953,0.005599506,0.005937925,0.007428853,0.0075339144,0.008899835,0.00913812,0.010214118,0.010314118,0.010958931,0.0116527295,0.0142087815,0.014214252,0.01612012,0.018964605,-0.015178002,-0.011147704,-0.008894223,-0.00551885,0.005281656,0.008687933,0.010967908,0.014381033
2022-06-10,-0.02082218,-0.022272892,-0.01605747,-0.014489282,-0.013950317,-0.011565034,-0.010995209,-0.010640915,-0.0103121,-0.00900852,-0.008960229,-0.008435852,-0.008335852,-0.006939275,-0.006230332,-0.0051356116,-0.0046475753,-0.0043292595,0.0032252197,0.0038340746,0.0043218387,0.0057152067,0.0058964724,0.0069329883,0.008186131,0.00837861,0.008913842,0.009828812,0.009849343,0.010784452,0.011642678,0.014267459,0.016277708,0.016711239,0.019031622,-0.014968185,-0.011089205,-0.009108533,-0.0057557262,0.005056494,0.008364267,0.011130831,0.01448749
2022-06-13,-0.00816522,-0.021823172,-0.01608613,-0.01598613,-0.01588613,-0.01578613,-0.015379391,-0.01391349,-0.0131773185,-0.01191706,-0.0112900715,-0.0100905355,-0.00956933,-0.00946933,-0.0071566333,-0.00636799,-0.0059126,-0.0058126003,0.007974143,0.008245668,0.008501623,0.008601623,0.008711156,0.009167785,0.009975807,0.011295842,0.011912334,0.01218119,0.0123543115,0.012754907,0.013079458,0.015148594,0.01597299,0.017210081,0.018647855,-0.01699219,-0.014074678,-0.011777088,-0.0070680724,0.008659773,0.010822176,0.013035146,0.0153681785
2022-06-14,-0.001690512,-0.022653788,-0.017093025,-0.015741471,-0.014134714,-0.0118077705,-0.011707771,-0.011574236,-0.010547673,-0.0104476735,-0.00988503,-0.009244803,-0.008466304,-0.0075270217,-0.006010167,-0.004491674,-0.0032661518,-0.0031661517,0.004447208,0.004622613,0.0049509644,0.006275332,0.007264388,0.0080681415,0.008874002,0.00960757,0.010565174,0.010814563,0.012227073,0.012327073,0.012427073,0.014304588,0.014527185,0.016652893,0.018928302,-0.015479414,-0.012003765,-0.00962676,-0.0052357893,0.0058340235,0.009616347,0.012092215,0.014927986
2022-06-15,-0.002963485,-0.021960089,-0.016058786,-0.015958786,-0.015335063,-0.015235064,-0.014564913,-0.014464913,-0.014364913,-0.012515655,-0.012422362,-0.011045143,-0.010945143,-0.010592066,-0.009010537,-0.008020487,-0.00719713,-0.006858483,0.0052316166,0.0072073583,0.00822257,0.010046081,0.0101460805,0.010537664,0.010692618,0.0111235,0.012128043,0.013495588,0.013595588,0.013695587,0.013795587,0.015262388,0.016048023,0.016919779,0.018934052,-0.016630782,-0.014373836,-0.012577879,-0.008426356,0.008280048,0.011799684,0.013792565,0.01572148
2022-06-16,0.013674348,-0.022705033,-0.01791452,-0.01781452,-0.01771452,-0.017614521,-0.017514521,-0.017414521,-0.017314522,-0.014786023,-0.012534877,-0.011551882,-0.011302563,-0.011078977,-0.010435924,-0.008686448,-0.007474296,-0.0061228904,0.004302814,0.005672052,0.006313238,0.009942585,0.0100425845,0.010049727,0.011021747,0.01204465,0.012886085,0.014808566,0.014908566,0.015008566,0.015108566,0.015873099,0.01627329,0.01718324,0.019060988,-0.018692624,-0.016968822,-0.013949092,-0.008854289,0.0074504875,0.012390818,0.014777014,0.016446892
2022-06-17,-0.0052897707,-0.022524951,-0.017862376,-0.01750402,-0.01740402,-0.01730402,-0.01720402,-0.015813047,-0.015111308,-0.015011308,-0.014637926,-0.014537926,-0.014437926,-0.014337926,-0.014042579,-0.013157217,-0.012588247,-0.009917751,0.0033386135,0.0051967185,0.0052967183,0.0074942983,0.01042584,0.01312271,0.014962983,0.015199637,0.015299637,0.015574894,0.016339228,0.016439227,0.016539227,0.016639227,0.016739227,0.016781876,0.018989945,-0.018459877,-0.01612874,-0.015145821,-0.012848744,0.007257866,0.014152463,0.016078442,0.017077899
2022-06-20,0.0061275647,-0.022323716,-0.017932612,-0.017832613,-0.017732613,-0.017632613,-0.017055016,-0.016931877,-0.016207708,-0.016090775,-0.0143870665,-0.014170373,-0.01378798,-0.013645918,-0.012512164,-0.011470428,-0.010915443,-0.010156996,0.009754446,0.010774024,0.012994831,0.013094831,0.013825349,0.015494211,0.015816962,0.015916962,0.016016962,0.017562957,0.017662957,0.017762957,0.017862957,0.017962957,0.018062957,0.018162956,0.018880496,-0.018535312,-0.016823597,-0.015016737,-0.01184508,0.0124870185,0.016112488,0.017413758,0.018126464
2022-06-21,0.00096982525,-0.022320013,-0.017846283,-0.01636411,-0.015613799,-0.012794509,-0.012568236,-0.0124682365,-0.012368237,-0.012268237,-0.011376939,-0.011000639,-0.010698891,-0.009783969,-0.008881829,-0.008781829,-0.008755614,-0.007200036,0.0065308088,0.0075742817,0.0076742815,0.009469224,0.011358999,0.0125065595,0.012743496,0.012843496,0.012943496,0.013101238,0.013201238,0.013689198,0.014467909,0.015599242,0.01627269,0.016731964,0.018712344,-0.016228568,-0.013207411,-0.011359254,-0.00892399,0.008798419,0.012699899,0.013841572,0.015840132
2022-06-22,0.0030290862,-0.021573806,-0.016914811,-0.016547197,-0.01567937,-0.012954246,-0.012832477,-0.012732477,-0.012323076,-0.012223076,-0.011251093,-0.01054464,-0.010193493,-0.009146023,-0.008640162,-0.007687003,-0.0075318115,-0.0063983477,0.0075206603,0.008757611,0.008857611,0.010222483,0.01275898,0.014479214,0.014911972,0.015011972,0.015111972,0.0152119715,0.015311971,0.015411971,0.015511971,0.015927793,0.016027793,0.01624174,0.019211816,-0.015990943,-0.013331661,-0.011149232,-0.008160392,0.010054068,0.014574821,0.015415137,0.016461058
2022-06-23,-0.0074042967,-0.020623641,-0.016805733,-0.016323293,-0.016282944,-0.013919731,-0.013819731,-0.013719731,-0.013619731,-0.013519731,-0.0134197315,-0.011773815,-0.010559255,-0.010459255,-0.010359256,-0.008202514,-0.0071850345,-0.005606022,0.007019185,0.0077454387,0.008062894,0.009321098,0.012150252,0.013144925,0.014515615,0.014615615,0.014715615,0.014929585,0.015029585,0.015129585,0.015229585,0.0153295845,0.016320098,0.016757246,0.018832397,-0.016290355,-0.014200443,-0.012375541,-0.008625329,0.009332846,0.013993993,0.015224894,0.01625568
2022-06-24,0.0034267362,-0.021771,-0.017071208,-0.015595901,-0.015495901,-0.015395901,-0.014401959,-0.014095894,-0.013995894,-0.013332432,-0.0115342755,-0.011434276,-0.011334276,-0.010558897,-0.010375965,-0.008622069,-0.0075211176,-0.007357124,0.00844989,0.009342028,0.010600011,0.010691899,0.01240811,0.013727593,0.013886758,0.014334237,0.014804827,0.014911955,0.014955025,0.015704768,0.01645095,0.01655095,0.016849348,0.017295945,0.019047314,-0.016827192,-0.014284415,-0.01236506,-0.00906211,0.0105941165,0.014217332,0.015445185,0.017009985
2022-06-27,0.005873166,-0.022111554,-0.016985457,-0.015269056,-0.014110114,-0.011805342,-0.011705342,-0.011605342,-0.011505342,-0.010510093,-0.009761289,-0.009668622,-0.008687933,-0.0073940083,-0.0048912917,-0.0039368644,-0.0031167555,-0.0027732833,0.0062609375,0.0071293823,0.0074912813,0.008508373,0.01086065,0.012601066,0.013411022,0.013511022,0.013611021,0.014071994,0.014171994,0.014271994,0.014371994,0.014384114,0.015875753,0.016341569,0.018767448,-0.015343562,-0.012119034,-0.009810783,-0.0048773633,0.008560199,0.013063346,0.014400551,0.015627423
2022-06-28,-0.006245688,-0.02224911,-0.01570876,-0.014638367,-0.014188993,-0.011416363,-0.011003011,-0.010903011,-0.010803011,-0.010692511,-0.010592511,-0.010492511,-0.00980642,-0.00898876,-0.0066333283,-0.0065333284,-0.006145633,-0.00468166,0.0054791286,0.0055232802,0.0067993496,0.009914781,0.01196215,0.012733597,0.013097932,0.013747032,0.014370807,0.01618716,0.01628716,0.016387159,0.016487159,0.016587159,0.016687158,0.016787158,0.019153947,-0.014913248,-0.011607982,-0.010238742,-0.0068972916,0.008162894,0.014203419,0.015983889,0.017080516
2022-06-29,-0.005461367,-0.022030093,-0.015999518,-0.01519868,-0.014467648,-0.011546661,-0.010957187,-0.010820395,-0.0107203955,-0.010620396,-0.010145726,-0.009881242,-0.008948044,-0.007941479,-0.004686673,-0.0044623828,-0.003833413,-0.003481896,0.0051900176,0.006102799,0.0077917855,0.007891785,0.011084985,0.012456153,0.013210769,0.013310769,0.0134107685,0.013736258,0.013836258,0.013936258,0.014036258,0.015649488,0.016159879,0.016782913,0.019151041,-0.015000221,-0.01166341,-0.009742567,-0.0052691214,0.008037431,0.012904884,0.014215885,0.015911192
2022-06-30,-0.0007686487,-0.022626799,-0.017147558,-0.014536321,-0.014095371,-0.011232666,-0.011074483,-0.010974484,-0.010874484,-0.010774484,-0.009971065,-0.009871066,-0.00964695,-0.0072914804,-0.005272334,-0.004822323,-0.004535237,-0.0031791353,0.0054520597,0.006369104,0.00814066,0.008891233,0.011861121,0.012370804,0.012470804,0.012570804,0.012670804,0.013713679,0.013813679,0.013913679,0.014013679,0.014212215,0.015860798,0.016567571,0.019013561,-0.015235377,-0.011646851,-0.009771693,-0.005536019,0.008264772,0.012886018,0.013994528,0.015544142
2022-07-01,-0.00589667,-0.022054464,-0.016024554,-0.01483744,-0.014224941,-0.011954397,-0.011892382,-0.011792382,-0.011692382,-0.011592383,-0.011492383,-0.011395688,-0.011295688,-0.010844301,-0.010200169,-0.008157512,-0.0072512897,-0.0066359197,0.004658646,0.0057022776,0.005740852,0.0076954155,0.0099785905,0.01197619,0.012710323,0.012821747,0.012866581,0.012909993,0.013134183,0.013229221,0.013623029,0.014425388,0.015661916,0.017373119,0.019253813,-0.015230147,-0.012361394,-0.011443427,-0.008728116,0.007301503,0.012183148,0.013560379,0.015580913
2022-07-04,0.0019414523,-0.021451887,-0.01695255,-0.016103523,-0.015041925,-0.014697978,-0.014444494,-0.01376107,-0.013740513,-0.012990163,-0.01242947,-0.012343615,-0.011368722,-0.011351181,-0.009105002,-0.008236891,-0.0076943845,-0.0070077917,0.0046679955,0.00582261,0.0063311486,0.009900429,0.011302814,0.012767037,0.013355534,0.013376858,0.013808552,0.013908552,0.014008552,0.014108552,0.0142085515,0.014249748,0.014344088,0.017354274,0.019094488,-0.016517768,-0.014207952,-0.012666876,-0.008877536,0.008015543,0.013092762,0.01403566,0.015803123
2022-07-05,-0.016795618,-0.021483285,-0.015710477,-0.014916456,-0.014217602,-0.012167776,-0.010989803,-0.010889803,-0.010789803,-0.010689803,-0.010589804,-0.009291006,-0.009191006,-0.009013177,-0.008291329,-0.0060084793,-0.0054572048,-0.0053103925,0.0038385394,0.0039385394,0.0040385392,0.006689214,0.00946385,0.00956385,0.00966385,0.0105237225,0.010623722,0.011035348,0.011135348,0.012116501,0.012216501,0.014193614,0.01603775,0.01649878,0.018980298,-0.014913788,-0.011655134,-0.010114719,-0.0068716826,0.0056337365,0.010540655,0.012189734,0.014801139
2022-07-06,-0.008186413,-0.021389386,-0.016920255,-0.016820256,-0.01643903,-0.01633903,-0.015326989,-0.014231125,-0.013175514,-0.0130101945,-0.012477262,-0.01187616,-0.01177616,-0.011676161,-0.010646652,-0.009228582,-0.008195722,-0.007538729,0.0066134576,0.0073742815,0.009146821,0.01120453,0.012951045,0.014460801,0.014782012,0.014922845,0.015022845,0.015288051,0.015388051,0.015488051,0.015588051,0.01568805,0.015929524,0.017245485,0.018831255,-0.017282937,-0.014512816,-0.012886417,-0.0094971685,0.00982422,0.014622157,0.0154233035,0.016568178
2022-07-07,-0.0011707587,-0.022091089,-0.017035399,-0.01623272,-0.01613272,-0.015621248,-0.014709767,-0.014609767,-0.013764042,-0.012314373,-0.011741819,-0.010992985,-0.010892985,-0.010792986,-0.00993634,-0.008686832,-0.0074470947,-0.0062656584,0.0089825,0.010199031,0.010243499,0.011842391,0.013066572,0.013416084,0.014222288,0.014322287,0.014422287,0.015252708,0.015329949,0.01626195,0.016876021,0.016976021,0.017076021,0.017261645,0.018686412,-0.017118046,-0.014326133,-0.01238032,-0.008665782,0.011097942,0.014463921,0.015668582,0.01721241
2022-07-08,0.0019668783,-0.022276549,-0.01704929,-0.015727432,-0.015627433,-0.015527433,-0.015453884,-0.013752189,-0.013019968,-0.012515497,-0.01237067,-0.012076911,-0.011976911,-0.011876911,-0.010660693,-0.008865643,-0.0080605075,-0.005675104,0.0059165303,0.0074129477,0.0088036265,0.0111857215,0.013219508,0.013517517,0.013933172,0.014033172,0.014084359,0.0141843585,0.014284358,0.01507397,0.015314619,0.015414619,0.016727049,0.0173599,0.019073384,-0.01718692,-0.014093794,-0.012939669,-0.009067772,0.0094504,0.014005706,0.01487082,0.016447298
2022-07-11,-0.009169079,-0.021840053,-0.017006211,-0.016906211,-0.016806211,-0.016706211,-0.016606212,-0.015760612,-0.015660612,-0.014788155,-0.012883616,-0.012783616,-0.01179815,-0.010800935,-0.010490251,-0.008693881,-0.00784905,-0.0057167653,0.005714124,0.0067142495,0.008855524,0.011370691,0.012067009,0.013152964,0.013380565,0.013855876,0.0138932895,0.015318464,0.015418463,0.015532197,0.015838379,0.016063007,0.016163006,0.016899606,0.019013707,-0.01779298,-0.01594436,-0.013549904,-0.009106712,0.009207031,0.013985303,0.015265083,0.016669381
2022-07-12,-0.0016795615,-0.02165179,-0.017875578,-0.015280841,-0.015180841,-0.013107883,-0.01309283,-0.012964136,-0.012414363,-0.011682489,-0.010765173,-0.010278757,-0.009120422,-0.007882614,-0.0059739663,-0.0049107787,-0.004274194,-0.003678162,0.00634436,0.0072580366,0.009134299,0.010728034,0.010942948,0.0128651615,0.012965161,0.013065161,0.013165161,0.013265161,0.01425047,0.015105752,0.015184085,0.015284085,0.016562533,0.016840806,0.019129032,-0.016181786,-0.013086932,-0.010655081,-0.0058231717,0.009285978,0.013048838,0.0144698145,0.016308751
2022-07-13,0.000935643,-0.022498226,-0.017856665,-0.017465591,-0.017365592,-0.017265592,-0.017165592,-0.016075185,-0.014880888,-0.013011778,-0.012751954,-0.012357348,-0.011372908,-0.011228848,-0.009756693,-0.009035453,-0.007937863,-0.005576292,0.008798457,0.008989018,0.012727553,0.013044348,0.013218364,0.0134441,0.013941207,0.014029087,0.014129086,0.014403424,0.014607364,0.014782221,0.015458005,0.015558004,0.017008482,0.017340701,0.01870067,-0.018430334,-0.015719807,-0.013480039,-0.008932729,0.011500116,0.01397544,0.0149861155,0.016367922
2022-07-14,-0.0050359773,-0.022410601,-0.017910697,-0.017077943,-0.016977943,-0.016877944,-0.016777944,-0.015588733,-0.014974442,-0.014255511,-0.014155511,-0.014055511,-0.013955511,-0.013855511,-0.0137555115,-0.013655512,-0.013555512,-0.010172653,0.004187973,0.0056630136,0.005896036,0.007373326,0.008449945,0.009960076,0.012572545,0.013891839,0.014869336,0.016096815,0.016196815,0.016758269,0.017269138,0.017369138,0.017469138,0.017569138,0.018877277,-0.018191027,-0.015734915,-0.014743784,-0.013038939,0.0071385787,0.013031389,0.016278075,0.017568592
2022-07-15,0.006230937,-0.022438304,-0.017865513,-0.017465018,-0.017365018,-0.017265018,-0.016755493,-0.016147627,-0.0154522825,-0.014351556,-0.014228967,-0.01255461,-0.01245461,-0.011721665,-0.011567964,-0.010123181,-0.009743001,-0.00789614,0.009921599,0.010104027,0.011649314,0.011749314,0.012583551,0.012683551,0.014613348,0.014713348,0.014740038,0.016090814,0.016383002,0.016483001,0.01686561,0.016965609,0.017065609,0.017313257,0.019202009,-0.01833787,-0.016034395,-0.014122603,-0.01037698,0.011607521,0.014510852,0.016152492,0.017365897
2022-07-18,0.0069381795,-0.02217057,-0.01710776,-0.01700776,-0.01690776,-0.016807761,-0.016707761,-0.015865292,-0.015848644,-0.014722635,-0.013683372,-0.012761662,-0.012661662,-0.012015152,-0.011319795,-0.00967621,-0.00957621,-0.008026421,0.009585071,0.010361677,0.011406357,0.012020475,0.013010833,0.013290539,0.013606447,0.014831083,0.014931083,0.016448382,0.016548382,0.016814487,0.017345292,0.017445292,0.017545292,0.017645292,0.019103872,-0.017940322,-0.01603042,-0.014183318,-0.010272059,0.011396006,0.014879066,0.016457524,0.017670846
2022-07-19,0.007696456,-0.021590296,-0.018421475,-0.017275762,-0.015639024,-0.0127166025,-0.012616603,-0.012516603,-0.012416603,-0.012316603,-0.011770554,-0.011697964,-0.01089168,-0.008801808,-0.0075336546,-0.0065300846,-0.006505266,-0.0049009803,0.0074013905,0.009949809,0.010785853,0.011700152,0.01229637,0.01336639,0.01346639,0.013846446,0.013946446,0.0140464455,0.015049908,0.015402846,0.015410172,0.01652316,0.016691582,0.016791582,0.019052217,-0.016196799,-0.013428435,-0.011299449,-0.0074335895,0.010660718,0.0137917,0.015027446,0.016635995
2022-07-20,-0.0023418814,-0.022198511,-0.017101286,-0.017001286,-0.016901286,-0.016801286,-0.016701287,-0.016277421,-0.016177421,-0.014739491,-0.014304077,-0.014154077,-0.012949287,-0.012622733,-0.010732133,-0.009396557,-0.009296557,-0.007678633,0.0052353535,0.0059880232,0.008496713,0.0130059635,0.014101091,0.015146231,0.015222612,0.015264281,0.015364281,0.015464281,0.016046256,0.016999355,0.017045395,0.017145395,0.017245395,0.017280186,0.019022122,-0.017940732,-0.016179381,-0.014550962,-0.010251591,0.009589734,0.015395047,0.016223913,0.01749849
2022-07-21,-0.0014352159,-0.021658527,-0.017906968,-0.017524682,-0.017424682,-0.017324682,-0.017073078,-0.016854411,-0.0158042,-0.014006543,-0.0125907175,-0.011310916,-0.010865671,-0.0098266285,-0.009801061,-0.0076994766,-0.007170282,-0.0066698464,0.009447482,0.009692072,0.011268623,0.011368623,0.011468623,0.012567028,0.013375345,0.013972473,0.014512061,0.015509504,0.015880581,0.016585784,0.01688897,0.01698897,0.01708897,0.01718897,0.018990926,-0.018277586,-0.016252583,-0.01323206,-0.008530317,0.011030429,0.014020683,0.01591538,0.017328724
2022-07-22,0.0025995085,-0.022143193,-0.017863708,-0.017763708,-0.017663708,-0.017563708,-0.016210753,-0.015193231,-0.014967166,-0.014712688,-0.014495656,-0.014395656,-0.014295656,-0.014195656,-0.014095657,-0.013995657,-0.013250114,-0.011128655,0.0032061518,0.0051348936,0.0052348934,0.007962816,0.008517597,0.01016111,0.0127014555,0.01366751,0.014262566,0.015791625,0.015891625,0.016904566,0.017004566,0.017104566,0.017204566,0.017462797,0.018941237,-0.018289013,-0.015769508,-0.014832976,-0.013373147,0.006848042,0.013008481,0.01601099,0.017483547
2022-07-25,-0.0016269614,-0.021771181,-0.01783796,-0.01773796,-0.01754297,-0.01744297,-0.015920874,-0.015209906,-0.015109906,-0.01482145,-0.014529181,-0.013513409,-0.012517541,-0.0122763105,-0.01075554,-0.009910493,-0.009810493,-0.008576722,0.010141267,0.011138844,0.011430306,0.011989964,0.012416946,0.012428303,0.013573951,0.014565036,0.0146650355,0.01495473,0.015836641,0.016094094,0.016838659,0.016938658,0.017038658,0.017138658,0.018904002,-0.018103192,-0.01576002,-0.014070761,-0.010513331,0.011654867,0.014091822,0.01571783,0.017182814
2022-07-26,-0.009301089,-0.022081872,-0.01705028,-0.01695028,-0.015782688,-0.01372849,-0.01362849,-0.01352849,-0.013428491,-0.013328491,-0.013228491,-0.0126631325,-0.012563133,-0.012271799,-0.011751341,-0.010235716,-0.009336687,-0.0060901833,0.0069581904,0.007888386,0.0086102225,0.01015506,0.012253687,0.012812778,0.012851463,0.013899607,0.013904144,0.013918563,0.0148491515,0.015611024,0.01606021,0.016539533,0.016838938,0.0173689,0.01911992,-0.016454365,-0.014172849,-0.01302408,-0.010015411,0.009292664,0.013699132,0.015024364,0.016939918
2022-07-27,-0.001018748,-0.021401279,-0.017872358,-0.017358083,-0.016733829,-0.015765632,-0.015665632,-0.0153726805,-0.015272681,-0.014487008,-0.014387008,-0.013832588,-0.012731709,-0.012631709,-0.012253128,-0.012125347,-0.01194939,-0.009622523,0.006674033,0.008049771,0.009222911,0.011062446,0.012051764,0.012762307,0.013670426,0.014726571,0.014826571,0.0149265705,0.01502657,0.01512657,0.01630875,0.016819535,0.016883694,0.01741922,0.01881888,-0.017487746,-0.015631218,-0.014137748,-0.011956595,0.009735918,0.013918756,0.015357995,0.016898591
2022-07-28,0.005732993,-0.021887807,-0.017866883,-0.015240726,-0.015140726,-0.012545096,-0.012445096,-0.012345096,-0.012245096,-0.012061083,-0.010675875,-0.010501473,-0.009011107,-0.0072388677,-0.0066270186,-0.0059194337,-0.0055615897,-0.0047120564,0.0061440747,0.006523934,0.007316088,0.008596991,0.009610256,0.010996998,0.011096998,0.011763529,0.011863529,0.012988074,0.01385154,0.015178412,0.015278412,0.015439694,0.016664632,0.016764631,0.019048372,-0.015977122,-0.012867419,-0.010323208,-0.006664315,0.007935617,0.012107454,0.014109237,0.016341904
2022-07-29,0.003744187,-0.021170842,-0.016976407,-0.016876407,-0.016776407,-0.016676407,-0.015577837,-0.015083244,-0.01462918,-0.014360704,-0.014260705,-0.014160705,-0.014060705,-0.013960705,-0.013860705,-0.0137607055,-0.013660706,-0.011863147,0.003273512,0.004529913,0.004629913,0.0075181737,0.0086475825,0.011390746,0.012620987,0.013542308,0.013642307,0.015850637,0.015950637,0.0165305,0.0166305,0.0167305,0.01676001,0.017310398,0.01896792,-0.01743558,-0.015305474,-0.014497827,-0.013461193,0.0065145,0.013192356,0.015746817,0.017233964
2022-08-01,0.006519391,-0.022064613,-0.01779518,-0.017454118,-0.017354118,-0.017254118,-0.017154118,-0.016599374,-0.0151927,-0.015027175,-0.013831953,-0.013789243,-0.01322675,-0.012578022,-0.012090298,-0.012007684,-0.011092897,-0.009179997,0.0057284352,0.007340882,0.007613775,0.009973291,0.011413967,0.011952497,0.012092168,0.013593684,0.013693684,0.015323361,0.015675291,0.015852412,0.016909827,0.017009826,0.017212508,0.017312508,0.01867837,-0.01832443,-0.016285498,-0.0143967075,-0.011632024,0.008549711,0.013627185,0.0155514525,0.017152587
2022-08-02,-0.00705622,-0.02204886,-0.0170053,-0.015266384,-0.015166384,-0.013124262,-0.013024262,-0.012924262,-0.012923971,-0.012823971,-0.012553668,-0.012453668,-0.012353668,-0.011853037,-0.011753038,-0.011207611,-0.009825638,-0.007378135,0.007505005,0.0078722695,0.008669031,0.010327198,0.010427197,0.010723653,0.012024508,0.012124508,0.0125085,0.013162288,0.013578444,0.015183953,0.0152839525,0.01547572,0.015830304,0.016655622,0.01922353,-0.016073814,-0.01339257,-0.012541722,-0.010523618,0.009279602,0.01232432,0.014052698,0.016364556
2022-08-03,-0.0050415955,-0.022021174,-0.017878613,-0.017778613,-0.017678613,-0.017578613,-0.017187342,-0.014903275,-0.0148032755,-0.014111542,-0.0131086605,-0.012550783,-0.012543399,-0.011308999,-0.011294517,-0.010339653,-0.009097803,-0.007946269,0.009802145,0.010675223,0.01132581,0.013135609,0.013235609,0.013819362,0.014529267,0.016377587,0.016477587,0.016577587,0.016677586,0.017314874,0.017759802,0.017859802,0.017959801,0.018059801,0.019084603,-0.018468872,-0.01575681,-0.013790335,-0.010245805,0.0118936105,0.015465003,0.017001487,0.018015776
2022-08-04,0.0075932485,-0.021926254,-0.017958153,-0.017858153,-0.015952282,-0.015852282,-0.015657166,-0.015246434,-0.0151309725,-0.013937477,-0.013111302,-0.013011302,-0.012824628,-0.012323296,-0.012058474,-0.011844824,-0.011744824,-0.008686791,0.0063897753,0.008048957,0.009328087,0.011619962,0.012203586,0.013077274,0.013652578,0.013752578,0.013853223,0.014608753,0.015688172,0.015788171,0.015888171,0.015988171,0.016533565,0.017311372,0.018757453,-0.017469227,-0.015566041,-0.013809472,-0.011469243,0.009807872,0.013886072,0.015294376,0.016746668
2022-08-05,-0.005176207,-0.021480484,-0.016976304,-0.016876305,-0.01629327,-0.013607524,-0.0135075245,-0.013407525,-0.012988383,-0.011695144,-0.011203065,-0.010346998,-0.009977933,-0.008176062,-0.0068158987,-0.0061391015,-0.0052214414,-0.0027229374,0.005927446,0.006182358,0.0073321634,0.0088146655,0.009314211,0.0096288975,0.011493621,0.011593621,0.012114878,0.012214878,0.012879564,0.0143012395,0.014628321,0.01512105,0.016876312,0.016886476,0.019031813,-0.016373022,-0.013694976,-0.011170593,-0.006249276,0.007950051,0.01141057,0.013677375,0.01599378
2022-08-08,0.0036391383,-0.021881448,-0.017017705,-0.016917706,-0.016817706,-0.016717706,-0.016617706,-0.01580943,-0.01570943,-0.013000758,-0.011395902,-0.011295903,-0.010748291,-0.010638941,-0.0100760255,-0.008964464,-0.007249355,-0.00519827,0.008545168,0.0091618085,0.010910785,0.011214885,0.011218997,0.011310823,0.012948038,0.013048038,0.014149784,0.0146240415,0.015682647,0.016798472,0.017160047,0.017260047,0.017360047,0.017460046,0.019230682,-0.017810453,-0.015611006,-0.013022055,-0.008556804,0.010556136,0.013400073,0.015723,0.01758186
2022-08-09,0.0018549566,-0.02268814,-0.017067641,-0.015691897,-0.014119449,-0.01122204,-0.010909038,-0.010809038,-0.010709038,-0.010221431,-0.009507092,-0.009354663,-0.009254663,-0.00854594,-0.0077904616,-0.0073870975,-0.007339298,-0.005453501,0.0049538016,0.0060379417,0.0071089556,0.008917198,0.009017197,0.010038785,0.011038204,0.011479477,0.012623376,0.012905758,0.0134311,0.015776975,0.015876975,0.015976975,0.016764447,0.016864447,0.018981975,-0.015201261,-0.011668089,-0.009785155,-0.007465004,0.00761122,0.0118436385,0.0143003315,0.01669547
2022-08-10,0.010540468,-0.021561224,-0.016962657,-0.015611794,-0.0145792365,-0.0117467735,-0.010983746,-0.010398766,-0.010298766,-0.010198766,-0.010098361,-0.009863367,-0.009027333,-0.008955136,-0.007292597,-0.0071925973,-0.005783651,-0.0052190395,0.0053555174,0.006845599,0.007559109,0.009018302,0.010392081,0.010492081,0.010592081,0.012425102,0.012525102,0.013009776,0.0141931,0.0142931,0.0143931,0.014541892,0.016028317,0.01615985,0.018900767,-0.015166727,-0.011498367,-0.009872668,-0.007070251,0.007874122,0.012122428,0.01400988,0.015657742
2022-08-11,0.00035798774,-0.022167455,-0.017096289,-0.017039157,-0.016939158,-0.016839158,-0.016780429,-0.016325302,-0.016225303,-0.015261924,-0.013324496,-0.012145241,-0.012018709,-0.010972697,-0.010712286,-0.009452595,-0.008702202,-0.0064785965,0.0037904591,0.004895812,0.008122685,0.00885167,0.010856601,0.010956601,0.012255604,0.013402081,0.013502081,0.014198187,0.015084349,0.015853541,0.016342005,0.016627258,0.0174856,0.0175856,0.018983543,-0.017964497,-0.016326424,-0.013864326,-0.009498185,0.0075832466,0.013053402,0.015224752,0.017078388
2022-08-12,-0.008066381,-0.02199868,-0.015996551,-0.0147438655,-0.013792112,-0.012032993,-0.010908001,-0.010808001,-0.010708001,-0.0104329735,-0.010264058,-0.010164058,-0.010064058,-0.009373542,-0.009273542,-0.006302817,-0.0059075113,-0.003704142,0.0056489795,0.0062102014,0.007637037,0.007737037,0.008795076,0.009212378,0.010794274,0.010951017,0.011751613,0.012101521,0.012957632,0.014182328,0.014559518,0.0150914695,0.015921235,0.016315524,0.018836595,-0.014945668,-0.011520168,-0.0102635315,-0.007070414,0.0076055056,0.011048464,0.013382867,0.015797088
2022-08-15,-0.006749138,-0.022363648,-0.01710169,-0.0157615,-0.014253107,-0.011980176,-0.0112567665,-0.011156767,-0.011056767,-0.01076633,-0.010089394,-0.009442703,-0.009342703,-0.008113048,-0.0070906766,-0.0048277304,-0.0045040403,-0.003967081,0.0053149094,0.006987784,0.00740895,0.008561646,0.009279308,0.0099489,0.01116434,0.011607019,0.011707019,0.012678712,0.014072943,0.015092417,0.0151924165,0.015368556,0.016710892,0.016810892,0.018765537,-0.015391077,-0.011999627,-0.009971736,-0.0059664464,0.0078875255,0.011721271,0.014052397,0.016245965
2022-08-16,-0.0011862266,-0.022629006,-0.017106859,-0.014998955,-0.014204434,-0.011383668,-0.01101273,-0.010834237,-0.010734237,-0.01007514,-0.009826996,-0.009307457,-0.009207457,-0.008744927,-0.0072788666,-0.0064053247,-0.006057742,-0.0046559907,0.0046388884,0.005576971,0.0070012463,0.007888949,0.008872706,0.009719157,0.011551274,0.011651274,0.012717963,0.012817963,0.012917963,0.013735892,0.014570197,0.014947821,0.016053136,0.016714709,0.019113803,-0.01526734,-0.01153106,-0.009905269,-0.0067410767,0.007331466,0.011359398,0.0136485845,0.015816484
2022-08-17,-0.0011162884,-0.021304822,-0.01703106,-0.015616646,-0.014242165,-0.012067498,-0.011001983,-0.01073275,-0.010632751,-0.010532751,-0.01015953,-0.010025581,-0.00977488,-0.009480872,-0.007566979,-0.0048984657,-0.0041333544,-0.0040333546,0.0062367646,0.006758154,0.0075931475,0.008693795,0.009477232,0.0100161955,0.010476782,0.011243871,0.012422359,0.012639716,0.013214578,0.014208426,0.0147048235,0.016186982,0.016848385,0.016948385,0.019047685,-0.015129505,-0.011703377,-0.010210003,-0.006131547,0.007951729,0.011517088,0.013866693,0.01621926
2022-08-18,-0.0048731263,-0.021339603,-0.016987301,-0.015653873,-0.01405649,-0.011872545,-0.011111737,-0.010356899,-0.009891426,-0.00958816,-0.00948816,-0.00938816,-0.009062333,-0.008459493,-0.0069645946,-0.006329375,-0.0052565895,-0.0044910684,0.005878704,0.0060865646,0.0071562105,0.0075760186,0.008818317,0.009176261,0.009643558,0.010250776,0.010827276,0.010927276,0.01181852,0.013019201,0.013680503,0.014667787,0.014876494,0.016703093,0.018755702,-0.015073535,-0.01132042,-0.00960263,-0.0064859567,0.0072682113,0.010438366,0.012293753,0.015365258
2022-08-19,-0.0074840174,-0.021442333,-0.016908001,-0.015224952,-0.013924166,-0.011524265,-0.010970087,-0.010781017,-0.010017866,-0.009807475,-0.009707475,-0.008966365,-0.008454795,-0.0078583835,-0.006822423,-0.0048270943,-0.0044022407,-0.0032207274,0.0060506607,0.006494161,0.007462621,0.0074903397,0.008018007,0.008966967,0.009668653,0.010320316,0.010673207,0.010773207,0.010873207,0.013495761,0.013595761,0.014324338,0.01653197,0.016745938,0.019243697,-0.01495377,-0.011360279,-0.009401721,-0.00564777,0.007433287,0.010314852,0.0124694705,0.015481098
2022-08-22,-0.010264563,-0.022133036,-0.017048053,-0.014553223,-0.014453223,-0.011937225,-0.011035925,-0.01053243,-0.009802597,-0.00919521,-0.009095211,-0.0090124365,-0.008912437,-0.008123978,-0.0073532495,-0.0060607125,-0.0053592953,-0.0046902625,0.004762846,0.0058336817,0.006284258,0.006780406,0.0074141202,0.008924961,0.010038479,0.010138479,0.010329402,0.010538518,0.010545421,0.012602555,0.013092523,0.01399446,0.015267383,0.016663099,0.018817067,-0.015321493,-0.011023877,-0.00939403,-0.0064951912,0.0067399344,0.009923726,0.0118566565,0.015033941
2022-08-23,0.0039004225,-0.022707766,-0.016064323,-0.01571857,-0.014677856,-0.011409383,-0.011199514,-0.010414247,-0.010314248,-0.009583271,-0.009311123,-0.009211123,-0.009111123,-0.009011123,-0.007393278,-0.0065863826,-0.006021218,-0.005734034,0.0057069566,0.006178361,0.007042868,0.0074122115,0.009369035,0.0108913155,0.0116562005,0.011802174,0.011902174,0.012002174,0.012102174,0.0130951535,0.013195153,0.014284348,0.015387033,0.016536243,0.019013265,-0.015211768,-0.011445971,-0.009789427,-0.006989207,0.0075993193,0.01143197,0.012897742,0.015224832
2022-08-24,-0.00063939986,-0.02202656,-0.017110506,-0.015657762,-0.015557762,-0.015457762,-0.014898807,-0.012758091,-0.012658091,-0.012558091,-0.0119301835,-0.011086698,-0.010381302,-0.01031268,-0.0092990715,-0.00742039,-0.0063880295,-0.0056854975,0.0071640844,0.008743323,0.009773128,0.010732371,0.012743339,0.013051057,0.013311665,0.013595024,0.013831219,0.013924983,0.015435775,0.015535775,0.015635775,0.015735775,0.015835775,0.016919913,0.018900221,-0.017010279,-0.013706168,-0.012036214,-0.007975938,0.009944914,0.013770035,0.014912705,0.016545493
2022-08-25,-0.0010138477,-0.022543002,-0.01606326,-0.01596326,-0.015391073,-0.014280175,-0.014180175,-0.0126533015,-0.012553302,-0.012120033,-0.011904571,-0.011804571,-0.011704572,-0.011513825,-0.010330806,-0.009108425,-0.008774948,-0.0086749485,0.005978074,0.007609117,0.009912489,0.011438374,0.013376667,0.01456458,0.01466458,0.01476458,0.01486458,0.01496458,0.015064579,0.015164579,0.016123837,0.016223837,0.016252654,0.017307479,0.018992081,-0.016491538,-0.013494015,-0.012371289,-0.0097387405,0.009920526,0.014566997,0.015262194,0.016762363
2022-08-29,0.0040992494,-0.021335466,-0.017020592,-0.016189426,-0.015891856,-0.015791856,-0.013895125,-0.01304044,-0.01294044,-0.011879394,-0.011480827,-0.011380827,-0.011280827,-0.011180827,-0.010897829,-0.010274314,-0.009457166,-0.0073124324,0.008507114,0.009827149,0.011526247,0.012409911,0.012991352,0.013462265,0.013599475,0.01373144,0.0141872335,0.014490342,0.014590342,0.015191298,0.015924975,0.016024975,0.016446877,0.017381135,0.01895061,-0.01678698,-0.013588965,-0.012155609,-0.009864514,0.011173978,0.01397334,0.01498122,0.0166946
2022-08-30,0.0020333587,-0.022002144,-0.01759869,-0.01609421,-0.015081613,-0.0149816135,-0.014881614,-0.014781614,-0.014681614,-0.014581614,-0.0124000665,-0.012300067,-0.011818538,-0.011718539,-0.011292802,-0.010221609,-0.00921558,-0.008480264,0.0050214357,0.0065356977,0.009261965,0.011257118,0.01199626,0.013177304,0.013283599,0.0139774615,0.014077461,0.014177461,0.01464869,0.01474869,0.01484869,0.014948689,0.01631275,0.017424908,0.01927893,-0.016909136,-0.015004133,-0.013100075,-0.010302064,0.009071963,0.013615435,0.01479301,0.01624998
2022-08-31,0.00446187,-0.021258652,-0.017509995,-0.017409995,-0.017309995,-0.017209996,-0.017109996,-0.017009996,-0.015650962,-0.014919957,-0.011889934,-0.010860692,-0.010406088,-0.010306088,-0.009229177,-0.007874948,-0.006886089,-0.0062078177,0.009231675,0.010543405,0.010643405,0.011306843,0.01222779,0.01400785,0.014950375,0.015050375,0.015162577,0.0154123455,0.015512345,0.015878621,0.016429555,0.01666395,0.01676395,0.01721344,0.018880732,-0.018079726,-0.016420182,-0.013072613,-0.008211745,0.011335141,0.014515397,0.015745968,0.01701326
2022-09-01,-0.011473644,-0.022609549,-0.017191965,-0.017091965,-0.016991965,-0.016891966,-0.016791966,-0.016014192,-0.015914192,-0.0145091545,-0.01180829,-0.0108440835,-0.010744084,-0.010344523,-0.009301459,-0.00784903,-0.0070227855,-0.0058581266,0.009363039,0.009704447,0.01024339,0.012530407,0.012871903,0.013644205,0.0146496575,0.015789263,0.015889263,0.015989263,0.016089262,0.016489139,0.016589139,0.016689138,0.017298436,0.017362097,0.018947633,-0.018095482,-0.016064294,-0.013120612,-0.008175097,0.011298189,0.014956755,0.016351072,0.017215427
2022-09-02,0.008186438,-0.022108575,-0.01784028,-0.01774028,-0.01764028,-0.01754028,-0.01744028,-0.01566684,-0.015566841,-0.014548598,-0.012088765,-0.01104458,-0.010328244,-0.010228245,-0.008945273,-0.008378596,-0.00665627,-0.0055820826,0.008946112,0.010284395,0.010384395,0.012664682,0.01290097,0.015086916,0.015186916,0.015891286,0.016504701,0.016604701,0.0167047,0.0168047,0.0169047,0.0170047,0.0171047,0.0172047,0.018976439,-0.018513938,-0.016192567,-0.013130476,-0.00812136,0.011493301,0.015457715,0.016744701,0.01737905
2022-09-05,-0.010098148,-0.021940477,-0.01709855,-0.01636815,-0.015084184,-0.013705288,-0.013605288,-0.013505288,-0.013405289,-0.013305289,-0.012951739,-0.011889335,-0.011789335,-0.011502545,-0.010010906,-0.008945727,-0.008278327,-0.0079024695,0.0059696487,0.00740634,0.007917721,0.009726453,0.011507929,0.013633309,0.013733309,0.013833309,0.013933308,0.014047581,0.014147581,0.01424758,0.01434758,0.015272916,0.016287439,0.01739422,0.019210909,-0.016286757,-0.014037861,-0.012650838,-0.009405353,0.0089506935,0.013453941,0.014532697,0.01609464
2022-09-06,-0.0017085363,-0.022261368,-0.017856799,-0.016899504,-0.016292073,-0.01382186,-0.01372186,-0.01362186,-0.013387268,-0.0123831285,-0.010940533,-0.010199985,-0.009897799,-0.009024307,-0.008124296,-0.0064687505,-0.0048079654,-0.0039158515,0.0050444985,0.0057807164,0.0063113254,0.008804785,0.009626026,0.011599547,0.01219779,0.0123233255,0.012423325,0.013065601,0.013165601,0.013175579,0.013536821,0.01452976,0.016120285,0.016709303,0.01874694,-0.016790792,-0.014002724,-0.011394354,-0.0067033693,0.0076278234,0.011958015,0.013590078,0.015339682
2022-09-07,0.002707609,-0.022746908,-0.017063254,-0.015667168,-0.015233272,-0.015133272,-0.015033272,-0.014933272,-0.014833272,-0.014511979,-0.012263465,-0.012163465,-0.010840447,-0.010657685,-0.010556382,-0.009362078,-0.008743008,-0.0069691497,0.005122581,0.006545205,0.0069464385,0.010158701,0.012140351,0.013453502,0.014111259,0.014211259,0.014311259,0.014374743,0.014474743,0.014574743,0.014674743,0.015930325,0.016157022,0.016787201,0.019120885,-0.017041994,-0.014995793,-0.012725629,-0.009558816,0.008576837,0.01375092,0.014778502,0.016217578
2022-09-08,0.0014502755,-0.022117484,-0.016016912,-0.015916912,-0.015222117,-0.015044985,-0.014630532,-0.014530532,-0.014430532,-0.013681234,-0.012833856,-0.012227255,-0.011785744,-0.010925973,-0.010825973,-0.009513572,-0.009100169,-0.007472077,0.0043051117,0.0052544577,0.0064370325,0.009552799,0.010850292,0.011658406,0.013404542,0.013560426,0.013660426,0.013760426,0.014094697,0.014297817,0.014397817,0.015278425,0.01614829,0.016638082,0.018977948,-0.016606405,-0.014637949,-0.012921328,-0.009827809,0.007790788,0.012825474,0.014392331,0.015918016
2022-09-09,0.009160614,-0.02204095,-0.017850826,-0.01739535,-0.01729535,-0.01719535,-0.01709535,-0.01699535,-0.01553745,-0.015150981,-0.014907013,-0.01481886,-0.012481299,-0.011382299,-0.010949304,-0.009488067,-0.008815675,-0.0066730343,0.005403037,0.006624875,0.009852743,0.011409711,0.013350934,0.013939078,0.014039078,0.014139078,0.014957394,0.01528578,0.0154212415,0.016154416,0.016530752,0.016630752,0.016730752,0.016779926,0.019190764,-0.018295566,-0.016434897,-0.014280682,-0.010148989,0.009465888,0.014573857,0.015709916,0.017057322
2022-09-12,0.007986776,-0.021366712,-0.016923908,-0.016823908,-0.016723908,-0.016623909,-0.016523909,-0.0141170705,-0.014017071,-0.013815545,-0.0119111445,-0.01100652,-0.010855273,-0.010286153,-0.008350166,-0.0071896506,-0.006243954,-0.006143954,0.008563305,0.010554661,0.011843766,0.0128920665,0.013980336,0.01482958,0.014924992,0.015024992,0.01522968,0.01540321,0.016687406,0.017318135,0.017418135,0.017518135,0.017618135,0.017718134,0.018884646,-0.01763247,-0.015059501,-0.01271871,-0.007786849,0.011755759,0.015311251,0.016451314,0.017771436
2022-09-13,-0.012836649,-0.021237832,-0.017793782,-0.017320756,-0.017220756,-0.017120756,-0.017020756,-0.014933557,-0.0145661235,-0.013557476,-0.012056912,-0.011134557,-0.011034558,-0.0109004555,-0.009184636,-0.008217363,-0.008117363,-0.008017363,0.009610165,0.01054318,0.011764145,0.013037619,0.014081717,0.014455778,0.014555777,0.01462808,0.01474059,0.015554185,0.0155956065,0.016488813,0.017104056,0.017204056,0.017304055,0.017329779,0.018988945,-0.018078778,-0.015479734,-0.013115761,-0.008934257,0.011902178,0.0150417145,0.01593665,0.01742313
2022-09-14,-0.0002851376,-0.022773199,-0.017924225,-0.017824225,-0.017724225,-0.017624225,-0.01675388,-0.015349476,-0.015124743,-0.015077646,-0.01481622,-0.01471622,-0.01461622,-0.01451622,-0.014498422,-0.014177482,-0.0129428,-0.009804639,0.001693229,0.0033284572,0.0048708557,0.007913619,0.008924507,0.012160138,0.01220516,0.013559462,0.015078905,0.015349722,0.015865898,0.016577937,0.016745448,0.016845448,0.016976675,0.017301546,0.018882796,-0.018559951,-0.016025994,-0.0151654575,-0.013227913,0.0060022646,0.013314353,0.015969828,0.017270636
2022-09-15,-0.00029773038,-0.021191098,-0.017108766,-0.017008767,-0.016908767,-0.016692217,-0.016592218,-0.016278196,-0.015603385,-0.013834645,-0.013734645,-0.013384565,-0.012613235,-0.012513235,-0.010748851,-0.010389405,-0.0097343065,-0.009305853,0.004259309,0.00534496,0.00784089,0.010843028,0.011076489,0.012564634,0.013013073,0.013083283,0.013609812,0.014411385,0.014511385,0.0148152,0.015362095,0.016289469,0.016619848,0.01728596,0.018678254,-0.017698612,-0.015863443,-0.014211344,-0.010712597,0.008260252,0.013190198,0.014793525,0.016486196
2022-09-16,0.0021222064,-0.022399565,-0.017193763,-0.01643841,-0.015768021,-0.012387043,-0.012287043,-0.012187043,-0.012087043,-0.011628119,-0.011528119,-0.011479217,-0.010369997,-0.010203214,-0.008976898,-0.0073084706,-0.0072084707,-0.005533186,0.0060176305,0.007702603,0.008349528,0.009356308,0.010736236,0.011107779,0.012148501,0.012929666,0.013029666,0.0131296655,0.014097505,0.014653006,0.015308383,0.015474581,0.016771307,0.016871307,0.018875875,-0.016007088,-0.012925533,-0.011295083,-0.008101249,0.008714914,0.012511271,0.01433623,0.01623663
2022-09-19,-0.0010042996,-0.022219999,-0.017166995,-0.017066995,-0.016966995,-0.016866995,-0.016766995,-0.015873369,-0.01479611,-0.013963179,-0.013453108,-0.012676484,-0.01265514,-0.0120289875,-0.011456627,-0.010560636,-0.009863398,-0.007760922,0.010417097,0.01172975,0.01182975,0.012778161,0.013025632,0.013683072,0.014931888,0.015031888,0.015131888,0.01574453,0.016093815,0.016981602,0.017605886,0.017705886,0.017805886,0.017905885,0.018852187,-0.017997596,-0.01569333,-0.013940068,-0.010463614,0.012337329,0.014893344,0.016351545,0.017810289
2022-09-20,-0.0008251795,-0.021792535,-0.017098168,-0.016998168,-0.016319431,-0.012774501,-0.012674501,-0.012574501,-0.012427396,-0.010982231,-0.010282955,-0.010213431,-0.00912102,-0.0090210205,-0.007935608,-0.006665826,-0.006419741,-0.0050594984,0.0057701548,0.0062169703,0.0065443404,0.0072982605,0.008527985,0.009990325,0.011201294,0.011745534,0.011845534,0.013269512,0.013369512,0.01452513,0.01462513,0.015268238,0.01619755,0.016721796,0.018965164,-0.016131828,-0.01313136,-0.010705379,-0.0072588203,0.007406204,0.011611697,0.013841447,0.016021091
2022-09-21,-0.0115486635,-0.022486385,-0.016061407,-0.015679806,-0.014661858,-0.01210992,-0.011060216,-0.010624013,-0.010524013,-0.010485907,-0.01014895,-0.009532226,-0.009432226,-0.009138089,-0.004769711,-0.0040003713,-0.003983232,-0.0032985366,0.0051934323,0.006257995,0.0067385375,0.009038575,0.009138575,0.009736804,0.010580335,0.011107616,0.011207616,0.01230863,0.013259032,0.01438441,0.015029923,0.015223309,0.016006215,0.016631233,0.018752571,-0.015275957,-0.011674791,-0.010060699,-0.0051168157,0.0075617745,0.011335207,0.013433181,0.016004289
2022-09-22,-0.0039403574,-0.022147333,-0.016475417,-0.015411147,-0.015201521,-0.014895682,-0.014522917,-0.013515471,-0.013415471,-0.013026359,-0.012333382,-0.012232961,-0.011859434,-0.010892375,-0.010390207,-0.009617295,-0.008568052,-0.007738696,0.005005712,0.0050230715,0.0072794515,0.009348171,0.010280112,0.011983002,0.012083001,0.012183001,0.012747259,0.013583252,0.013683252,0.014193895,0.01575,0.01585,0.01600632,0.016767541,0.018857589,-0.016648574,-0.013978273,-0.012604715,-0.009709442,0.007747881,0.012444652,0.014042797,0.016283806
2022-09-23,-0.012522054,-0.02215481,-0.01775875,-0.01765875,-0.01755875,-0.01745875,-0.015492261,-0.015392262,-0.015011646,-0.01377114,-0.013418428,-0.013318428,-0.013218428,-0.013118428,-0.013018428,-0.0129184285,-0.011512118,-0.009678984,0.0020474126,0.0034596128,0.0047782836,0.0074251923,0.0077337134,0.009290437,0.012304708,0.012520349,0.0126203485,0.014201145,0.01612033,0.01622033,0.016617266,0.016717266,0.016817266,0.016882077,0.018962733,-0.018084664,-0.015465212,-0.014051838,-0.012089277,0.0060030418,0.011993195,0.015195884,0.017079934
2022-09-26,-0.009912462,-0.022146124,-0.01737062,-0.01727062,-0.017170621,-0.017070621,-0.016970621,-0.016277827,-0.015711224,-0.01475777,-0.014116452,-0.01396969,-0.013024166,-0.012470353,-0.01242077,-0.012352742,-0.011129132,-0.008323596,0.0055369628,0.005709321,0.006666142,0.00971095,0.009715587,0.011778622,0.01277288,0.012872879,0.014491798,0.0153750945,0.016567394,0.016667394,0.016767394,0.016867394,0.016967393,0.017309003,0.019162279,-0.018145721,-0.016197613,-0.014458562,-0.011639186,0.008079251,0.013281916,0.016013814,0.017354691
2022-09-27,-0.00071217853,-0.02188938,-0.017046042,-0.016946042,-0.016846042,-0.016746042,-0.016646042,-0.015193762,-0.015116092,-0.014905726,-0.014805726,-0.014705726,-0.014605726,-0.014550538,-0.013635168,-0.012619871,-0.01219358,-0.009292133,0.004821781,0.00666156,0.0067615598,0.009697614,0.009797614,0.012285961,0.01315476,0.014316849,0.014575999,0.014897821,0.0156166535,0.017292708,0.017392708,0.017492708,0.017592708,0.017692707,0.01868549,-0.01783471,-0.015761532,-0.015144825,-0.012489295,0.008219455,0.013718191,0.015995178,0.017711263
2022-09-28,0.006722061,-0.0223086,-0.017735789,-0.017635789,-0.017535789,-0.01743579,-0.016458457,-0.015342516,-0.015085464,-0.0149854645,-0.014880783,-0.014694254,-0.014294305,-0.014194305,-0.013689922,-0.012706781,-0.012013403,-0.008904614,0.006429821,0.008206165,0.010518271,0.012571766,0.012671766,0.012771766,0.01452037,0.014594155,0.015771106,0.016052803,0.016152803,0.016350469,0.017227575,0.017327575,0.017427575,0.017527575,0.019255942,-0.018294886,-0.01590154,-0.014982663,-0.012401795,0.010449278,0.014488192,0.016350951,0.017537829
2022-09-29,0.009612937,-0.022335209,-0.017694965,-0.017594965,-0.017494965,-0.01691719,-0.01681719,-0.015950339,-0.015031346,-0.014931346,-0.014831346,-0.014731347,-0.014430567,-0.014330567,-0.012534674,-0.0107136825,-0.0099154925,-0.008649237,0.004028954,0.0057279286,0.006723984,0.008631985,0.009826275,0.011631423,0.013865019,0.014253678,0.015905242,0.016246326,0.016418245,0.016944403,0.017042994,0.017142994,0.017242994,0.017480237,0.019034002,-0.018251903,-0.016065037,-0.015088203,-0.011308887,0.0077955746,0.013780421,0.01655144,0.017528927
2022-09-30,0.0009562308,-0.021972071,-0.017254662,-0.017154662,-0.017054662,-0.016954662,-0.015994873,-0.0154378265,-0.015104781,-0.015004781,-0.014904781,-0.0148405945,-0.01476132,-0.01417023,-0.01219456,-0.010927914,-0.009794516,-0.007989554,0.0036932644,0.005961995,0.006541757,0.00978523,0.011253691,0.013494928,0.0148197645,0.014919764,0.01572062,0.016217759,0.016317759,0.016722497,0.017315982,0.017415982,0.017515982,0.017615981,0.01901557,-0.017846188,-0.015739385,-0.014987198,-0.011149428,0.008160402,0.014521727,0.016498923,0.017617201
2022-10-03,0.0026083621,-0.021928035,-0.017626852,-0.017526852,-0.017426852,-0.016946208,-0.015085804,-0.014985804,-0.014885805,-0.014785805,-0.014468572,-0.014368572,-0.014313307,-0.014213307,-0.012524405,-0.010735935,-0.009534764,-0.008377825,0.004060924,0.005768503,0.0072091185,0.00910048,0.010280176,0.014013928,0.015338883,0.015438883,0.015881643,0.016284145,0.016651554,0.016746333,0.016846333,0.016946333,0.017046332,0.01740098,0.01925379,-0.017802749,-0.015454014,-0.014593358,-0.0111083,0.008295583,0.014552693,0.016522001,0.017438753
2022-10-04,0.016998522,-0.021691939,-0.017036181,-0.016936181,-0.016836181,-0.016736181,-0.016636182,-0.015904801,-0.015094111,-0.014880107,-0.014355906,-0.013524678,-0.013019204,-0.0120369345,-0.009202026,-0.0070695644,-0.006444879,-0.0059606126,0.007570042,0.0085820425,0.009293494,0.012723268,0.014301222,0.014401222,0.0145012215,0.014601221,0.015081776,0.015160942,0.016922371,0.017022371,0.017122371,0.017222371,0.01744979,0.017478148,0.018992743,-0.017787334,-0.015890276,-0.014228466,-0.008440351,0.010534013,0.015097396,0.01632745,0.017567601
2022-10-05,-0.011148129,-0.021371007,-0.017721388,-0.017621389,-0.017521389,-0.017421389,-0.01732139,-0.015523886,-0.014765999,-0.0147250565,-0.014046889,-0.012858801,-0.012758801,-0.01260476,-0.008815124,-0.006313219,-0.006268363,-0.005912319,0.011349302,0.012322581,0.012608179,0.013158038,0.015329775,0.015385549,0.015658729,0.015758729,0.015782354,0.016414529,0.016514529,0.01668153,0.017288947,0.017388947,0.017488947,0.017588947,0.019347664,-0.018271312,-0.015991542,-0.014299569,-0.008033565,0.013019365,0.015914023,0.016576378,0.017659208
2022-10-06,-0.0061920015,-0.022160871,-0.017722536,-0.017622536,-0.017522536,-0.017422536,-0.015807316,-0.015540017,-0.014127896,-0.014089406,-0.012625047,-0.012427472,-0.012168053,-0.010035561,-0.007544205,-0.0047892337,-0.004689234,-0.004589234,0.009099229,0.00922822,0.011371492,0.011975073,0.013689173,0.015056123,0.015153331,0.015253331,0.015319494,0.016348703,0.016845496,0.016880443,0.016920548,0.017020548,0.017120548,0.01732741,0.019138616,-0.018127158,-0.015437434,-0.012952775,-0.006807876,0.011365469,0.015445556,0.016502937,0.017457511
2022-10-07,-0.002131318,-0.021936277,-0.017000344,-0.016900344,-0.016800344,-0.016700344,-0.016600344,-0.015319589,-0.014893078,-0.013950802,-0.013050632,-0.012241419,-0.011605325,-0.010935175,-0.00891497,-0.0069281883,-0.00661848,-0.0064179534,0.012219478,0.013301385,0.013399578,0.0135868145,0.01495261,0.015134635,0.015751492,0.015851492,0.016331999,0.016467944,0.016567944,0.017588662,0.017631553,0.017731553,0.017831553,0.017931553,0.019315021,-0.01780753,-0.015532832,-0.013416911,-0.008224202,0.013651749,0.015999068,0.01695762,0.018039668
2022-10-10,-0.00831588,-0.021916201,-0.017724503,-0.017624503,-0.017524503,-0.017508015,-0.017408015,-0.01646109,-0.015060439,-0.0137524735,-0.013618055,-0.012677581,-0.012064367,-0.011459443,-0.010196801,-0.008392698,-0.008230303,-0.007536472,0.010802421,0.011969784,0.012032514,0.012132514,0.014494825,0.014888005,0.014988005,0.015237649,0.015900178,0.017118823,0.017218823,0.017318822,0.017418822,0.017518822,0.017618822,0.017718822,0.018939218,-0.018416248,-0.016061304,-0.013922064,-0.009406771,0.012385047,0.015811626,0.017035093,0.0177829
2022-10-11,0.0054576425,-0.021956755,-0.01769688,-0.01759688,-0.01749688,-0.01739688,-0.01729688,-0.016017258,-0.014422576,-0.013268511,-0.012390183,-0.012113251,-0.011590375,-0.009591966,-0.009078526,-0.00750088,-0.006696425,-0.006454874,0.0068327575,0.0069327573,0.008613426,0.012260793,0.013211688,0.014082446,0.014767755,0.014867755,0.0149677545,0.015067754,0.015167754,0.015267754,0.015420705,0.015520705,0.016757665,0.017286507,0.018888658,-0.018368855,-0.015720421,-0.013058397,-0.008368791,0.009881497,0.01449948,0.015445736,0.016476866
2022-10-12,-0.006702884,-0.02210285,-0.017092278,-0.016992278,-0.016892279,-0.016792279,-0.016692279,-0.015205979,-0.014434284,-0.013099714,-0.011656229,-0.010612962,-0.009975459,-0.009098094,-0.0073152524,-0.0047786986,-0.0037215885,-0.0036215885,0.010243299,0.0102505805,0.011541376,0.0116219865,0.012945799,0.013756738,0.014724482,0.014824482,0.0149244815,0.016097443,0.01616312,0.016438723,0.01732509,0.01742509,0.017482206,0.017582206,0.01901497,-0.017914392,-0.015284906,-0.012371269,-0.0060100174,0.011676344,0.014812636,0.016221195,0.017557215
2022-10-13,0.009060178,-0.021629626,-0.017764637,-0.017664637,-0.017564638,-0.017464638,-0.017364638,-0.016858196,-0.01595465,-0.014189571,-0.014152976,-0.012949181,-0.012551738,-0.01209995,-0.011038468,-0.009454045,-0.008432907,-0.006762927,0.006381539,0.007859903,0.01051579,0.012195941,0.0130572235,0.013648194,0.013859076,0.014761167,0.015907852,0.01736744,0.01746744,0.017567439,0.017667439,0.017767439,0.017867438,0.017967438,0.019037927,-0.018357635,-0.016406339,-0.014424791,-0.009727506,0.01016245,0.015280293,0.017235521,0.018001536
2022-10-14,-0.00421941,-0.021477858,-0.018305955,-0.018205956,-0.018105956,-0.018005956,-0.016075527,-0.015546336,-0.0151095195,-0.014599838,-0.014499838,-0.014399839,-0.013999461,-0.012956496,-0.012348672,-0.010372104,-0.009051878,-0.008501666,0.0036283447,0.004426565,0.0058070645,0.0074880845,0.009799718,0.011789214,0.012898668,0.012998668,0.013098667,0.015537562,0.016195437,0.016360361,0.016738344,0.016838344,0.017089574,0.017189573,0.018880801,-0.01839425,-0.015907435,-0.014528168,-0.010934832,0.0068497458,0.013297105,0.015656319,0.017201483
2022-10-17,0.010638534,-0.021873765,-0.017712794,-0.017612794,-0.017512795,-0.017412795,-0.016468523,-0.015409719,-0.014735801,-0.014635801,-0.0145358015,-0.014435802,-0.013531803,-0.013240301,-0.012927224,-0.010767614,-0.010200524,-0.008252693,0.005857597,0.008097093,0.0114722485,0.012538735,0.014526509,0.014626509,0.015255939,0.015521983,0.015786301,0.016336612,0.016522164,0.01681173,0.017248023,0.017348023,0.017448023,0.017548023,0.019035341,-0.018196134,-0.015772527,-0.014502446,-0.011316771,0.010644322,0.015564668,0.016580965,0.017598229
2022-10-18,-8.636785e-05,-0.021967614,-0.01897133,-0.01785303,-0.01775303,-0.017357582,-0.017292622,-0.016525002,-0.015448422,-0.014522512,-0.014047806,-0.013742696,-0.012644014,-0.010880518,-0.009026499,-0.0075650816,-0.0073121386,-0.0072121387,0.008600702,0.010276412,0.0103764115,0.012935471,0.013374222,0.015140989,0.015816597,0.015916597,0.016016597,0.016116597,0.016216597,0.016316596,0.016416596,0.016516596,0.016616596,0.01738559,0.018759424,-0.018668436,-0.016328318,-0.014062676,-0.008971711,0.011601118,0.015373001,0.016256597,0.017078962
2022-10-19,-0.006355765,-0.021673925,-0.017686604,-0.017586604,-0.017334864,-0.017234864,-0.015728623,-0.015628623,-0.014656752,-0.013289173,-0.012543298,-0.011766754,-0.011360628,-0.009554549,-0.008507196,-0.006124317,-0.0060475874,-0.0060445857,0.012907492,0.013136084,0.01362899,0.01372899,0.014916427,0.016186325,0.016235547,0.016335547,0.016435547,0.016535547,0.016635546,0.01665338,0.016951652,0.017051652,0.017354144,0.017454144,0.018707732,-0.017931776,-0.0153779555,-0.01276877,-0.007698088,0.013927421,0.016125444,0.016722832,0.01736371
2022-10-20,0.004461418,-0.022042392,-0.018277233,-0.017978154,-0.017627176,-0.017527176,-0.016729051,-0.015328213,-0.013951525,-0.013305258,-0.012447676,-0.01223378,-0.01090583,-0.00908888,-0.007722756,-0.005506112,-0.0044047185,-0.0043047187,0.011318403,0.011418403,0.011565248,0.0129713705,0.013984294,0.014809872,0.015049395,0.015903257,0.016003257,0.016103256,0.016497461,0.01760286,0.01770286,0.01780286,0.01790286,0.01800286,0.01885203,-0.018440606,-0.01545844,-0.012624592,-0.0068344167,0.012464564,0.015680708,0.01682194,0.017992694
2022-10-24,0.005125515,-0.022828193,-0.018417602,-0.017798593,-0.017698593,-0.017598594,-0.017133674,-0.01626996,-0.015533056,-0.013258416,-0.013158416,-0.012504586,-0.012231564,-0.010347772,-0.009747907,-0.0075485026,-0.0074123535,-0.0069592544,0.0107694315,0.010946541,0.011491402,0.012115344,0.013923294,0.014023294,0.014473604,0.015293282,0.015393282,0.016367618,0.016467618,0.016567618,0.01684766,0.01694766,0.01704766,0.017516337,0.01887468,-0.01873533,-0.01599874,-0.013680896,-0.00883452,0.011959265,0.015235022,0.016368758,0.017350791
2022-10-25,0.008552362,-0.021343453,-0.017304339,-0.017204339,-0.017104339,-0.017004339,-0.016669365,-0.015655855,-0.015304283,-0.013454558,-0.012023765,-0.01175668,-0.010117496,-0.008179969,-0.0072465646,-0.0063892286,-0.0057280995,-0.0056280997,0.010408895,0.010445077,0.011337279,0.011791542,0.0127958255,0.013182306,0.014465408,0.014565408,0.014665408,0.01600983,0.01610983,0.016444277,0.01698651,0.01708651,0.01718651,0.017370308,0.018966574,-0.017885167,-0.01565768,-0.012458975,-0.0073497347,0.011689641,0.014599529,0.01608317,0.017370835
2022-10-26,0.010961162,-0.022295423,-0.01831653,-0.017886417,-0.017786417,-0.017686417,-0.017199993,-0.016245328,-0.014790462,-0.013059694,-0.012706374,-0.011766958,-0.011283742,-0.010025984,-0.008979316,-0.0075557805,-0.0067904266,-0.006154737,0.007922555,0.008637689,0.009608751,0.010686762,0.012015982,0.012816277,0.015178053,0.015278053,0.015378052,0.015942998,0.016042998,0.016142998,0.016242998,0.016342998,0.016442997,0.017321924,0.01908139,-0.018656956,-0.015836379,-0.013201311,-0.008249444,0.010406762,0.014439261,0.01599001,0.017026462
2022-10-28,-0.013389329,-0.02234619,-0.017709529,-0.01760953,-0.01750953,-0.01740953,-0.017148985,-0.0156179955,-0.015133994,-0.013205347,-0.01237732,-0.0115046045,-0.009605089,-0.00843104,-0.006732785,-0.005852609,-0.0051776436,-0.004478464,0.010812366,0.01192975,0.01202975,0.01325222,0.014468903,0.014568903,0.015202922,0.015302922,0.0154029215,0.01642128,0.01652128,0.0165426,0.01762949,0.01772949,0.017829489,0.017929489,0.01896148,-0.018424753,-0.01574317,-0.012539285,-0.006749221,0.012645403,0.015460921,0.016543513,0.01775851
2022-10-31,-0.004995494,-0.022320727,-0.018451111,-0.018351112,-0.018251112,-0.018151999,-0.017417504,-0.015519555,-0.014377549,-0.012353591,-0.012203498,-0.011733854,-0.010369815,-0.009011444,-0.0067802095,-0.0051130685,-0.0039361757,-0.0038361757,0.009781194,0.010669546,0.011893713,0.012665616,0.014563774,0.014663774,0.014763773,0.014863773,0.015460307,0.015560307,0.015660306,0.016936956,0.017260058,0.017360058,0.017460058,0.017560057,0.01878376,-0.01891849,-0.015603861,-0.0126759615,-0.006279896,0.011954768,0.015317718,0.016215587,0.017580178
2022-11-01,-0.0013844791,-0.022461787,-0.017117178,-0.016481236,-0.015301376,-0.013204381,-0.012935812,-0.012835812,-0.0124980435,-0.012122635,-0.01133303,-0.010947341,-0.010583565,-0.008535902,-0.007866906,-0.004688536,-0.0026546097,-0.0025991627,0.0058617396,0.0063982983,0.008147534,0.009942031,0.0099906195,0.010090619,0.01083581,0.012331684,0.012431684,0.0133119915,0.013635236,0.014418977,0.014703442,0.015650216,0.016987786,0.017087786,0.019187994,-0.016204108,-0.013374707,-0.01117727,-0.005751311,0.008237083,0.012028778,0.014157134,0.016209682
2022-11-02,0.0003975695,-0.021542333,-0.018397193,-0.017663028,-0.017600227,-0.017500227,-0.017400227,-0.017025681,-0.015266695,-0.015166695,-0.013408018,-0.012957903,-0.01204466,-0.0105951065,-0.009059733,-0.0066130525,-0.0057591936,-0.005087554,0.004570651,0.005852585,0.007443424,0.01008035,0.010180349,0.01077643,0.013221028,0.013321028,0.0139219705,0.01402197,0.01412004,0.015100731,0.01520073,0.0153488275,0.017091978,0.017183969,0.018821644,-0.018488042,-0.016504467,-0.013742941,-0.007895486,0.008233608,0.012680101,0.014851337,0.016331179
2022-11-03,-0.011858027,-0.021446874,-0.015308383,-0.014824715,-0.013176907,-0.011126334,-0.011052223,-0.010952223,-0.010852223,-0.010064182,-0.00957103,-0.009325499,-0.009225499,-0.009125499,-0.0069554136,-0.005848399,-0.005229345,-0.003246365,0.0051748147,0.0058452548,0.007233737,0.008454607,0.009142896,0.009789298,0.011033408,0.011385777,0.012039292,0.012051452,0.012731887,0.013853956,0.014722341,0.015514431,0.016785717,0.016885716,0.019128032,-0.014422144,-0.011549113,-0.009965295,-0.006121004,0.0075483643,0.011244675,0.01349246,0.016020894
2022-11-04,0.01393194,-0.022291394,-0.017608184,-0.017508185,-0.017408185,-0.017308185,-0.015228969,-0.015038546,-0.014777592,-0.01399563,-0.013640373,-0.013540373,-0.013440373,-0.012548908,-0.011823091,-0.011723091,-0.011623091,-0.008694939,0.0028553724,0.003699556,0.00467811,0.007640894,0.0083497325,0.0087712305,0.013067556,0.0134220375,0.014490564,0.015741033,0.015841033,0.01713726,0.01723726,0.017337259,0.017479328,0.017579328,0.018881386,-0.017968982,-0.015309784,-0.013927244,-0.011480917,0.006388298,0.012684259,0.016137844,0.0176345
2022-11-07,0.010645564,-0.022291424,-0.017829666,-0.017729666,-0.017175063,-0.017075064,-0.016767113,-0.01516607,-0.014670912,-0.014570912,-0.014108663,-0.013996383,-0.0137052415,-0.012187272,-0.010771579,-0.010671579,-0.0102895005,-0.008168146,0.006313304,0.0073924456,0.010669707,0.011740425,0.01222864,0.012244675,0.014769406,0.014864484,0.015352736,0.015954802,0.016054802,0.01660791,0.01671045,0.01681045,0.016870877,0.017300352,0.018960416,-0.018227665,-0.015780935,-0.01428784,-0.010779438,0.010177057,0.014380102,0.016168226,0.017277917
2022-11-08,0.0065678246,-0.021625828,-0.01891469,-0.017719017,-0.017619018,-0.017519018,-0.01608924,-0.015592896,-0.015025198,-0.013736901,-0.012449053,-0.012017995,-0.010959776,-0.010394288,-0.009524359,-0.008688466,-0.007891242,-0.0074581783,0.010713317,0.011442774,0.012520245,0.01287185,0.01297185,0.013209317,0.014327302,0.015807664,0.015941123,0.016041122,0.01650622,0.01714467,0.01770483,0.01780483,0.01790483,0.018004829,0.019235712,-0.018353557,-0.01563265,-0.012983511,-0.009116048,0.012375098,0.015034924,0.016707594,0.017978976
2022-11-09,-0.0038716916,-0.0226174,-0.018496985,-0.017235903,-0.015297486,-0.015197487,-0.015097487,-0.014997487,-0.014897487,-0.014345822,-0.013064639,-0.012964639,-0.012864639,-0.0128165465,-0.011773508,-0.011057228,-0.0102243535,-0.008528074,0.0068178875,0.008057485,0.008658054,0.0114054065,0.012015015,0.013342517,0.013442517,0.013542517,0.013847356,0.014944644,0.015044644,0.016032629,0.016132629,0.016232628,0.017258683,0.017358683,0.019056128,-0.01734137,-0.015314837,-0.01374816,-0.010909561,0.00967627,0.013975466,0.015425591,0.01696254
2022-11-11,0.02930845,-0.02170247,-0.017850257,-0.017797308,-0.017697308,-0.017597308,-0.016538452,-0.01579033,-0.015549875,-0.014063833,-0.011958234,-0.011858234,-0.0118556535,-0.010723881,-0.00944722,-0.008617686,-0.008517686,-0.0078006177,0.008331477,0.009033824,0.010641078,0.011832369,0.012452922,0.013070724,0.014847916,0.014947915,0.015509385,0.01586957,0.015949428,0.01686856,0.01696856,0.01706856,0.01716856,0.01749841,0.019164039,-0.018277159,-0.01594796,-0.01332522,-0.009248289,0.010937332,0.014641939,0.0162731,0.017513625
2022-11-14,0.00038245268,-0.02168969,-0.017059542,-0.016959542,-0.016859543,-0.016759543,-0.016659543,-0.016559543,-0.015501503,-0.015185947,-0.014886834,-0.0147194145,-0.013938575,-0.013838575,-0.011647312,-0.011547312,-0.011363071,-0.009622836,0.006262784,0.007808365,0.009636642,0.011349189,0.011719977,0.012509887,0.013183678,0.0146232955,0.014723295,0.016245106,0.016345106,0.016764296,0.016864296,0.016964296,0.017166452,0.01739713,0.019058883,-0.017805573,-0.016173216,-0.014965007,-0.01177999,0.009648132,0.014372513,0.01624885,0.01740978
2022-11-16,0.0071019856,-0.02257544,-0.017320484,-0.017220484,-0.017120484,-0.017020484,-0.016920485,-0.015574824,-0.014493901,-0.013109721,-0.012029478,-0.011384787,-0.010956143,-0.010346161,-0.008391249,-0.008245576,-0.007154877,-0.0052805683,0.009485132,0.01082994,0.0116233565,0.012405713,0.012505713,0.012605713,0.013359539,0.01360015,0.0148499925,0.016435355,0.016535355,0.016552715,0.017212225,0.017312225,0.017412225,0.017512225,0.01885077,-0.018191475,-0.015463883,-0.012949234,-0.008091411,0.011540736,0.014339929,0.016357128,0.017488033
2022-11-17,-0.007184273,-0.022343438,-0.01774144,-0.01764144,-0.01754144,-0.01744144,-0.0163309,-0.015402893,-0.014951164,-0.014671766,-0.014571766,-0.014471767,-0.014371767,-0.013965302,-0.013340591,-0.012039255,-0.010098864,-0.009006633,0.0003939366,0.0020562578,0.004386198,0.0077268174,0.008244563,0.010564312,0.012121411,0.014721957,0.014821957,0.014921957,0.015908813,0.017110374,0.017210374,0.017310373,0.017410373,0.017510373,0.018650338,-0.018279731,-0.015799632,-0.01483818,-0.011791422,0.005336924,0.013112632,0.016034694,0.017558366
2022-11-18,0.0033248311,-0.022593806,-0.017755821,-0.017655822,-0.017555822,-0.017455822,-0.015857438,-0.015757438,-0.0152231585,-0.013838501,-0.012654251,-0.012237563,-0.011607948,-0.01054074,-0.0086545115,-0.008554512,-0.008454512,-0.007691145,0.007585836,0.008708923,0.010892861,0.011562817,0.011684011,0.013181217,0.014616396,0.014744228,0.015570035,0.015855886,0.016525619,0.016639633,0.01678585,0.01688585,0.017252097,0.017400356,0.019152544,-0.018243741,-0.015666472,-0.013176707,-0.009118449,0.0106733665,0.0144209955,0.016368654,0.017372847
2022-11-21,-0.012017579,-0.021735346,-0.017636139,-0.017635962,-0.015740221,-0.015411676,-0.015311676,-0.014776016,-0.014676016,-0.014576016,-0.013895269,-0.013372085,-0.012317035,-0.012125732,-0.0103588635,-0.010258864,-0.010232579,-0.0091314735,0.0051485235,0.0063183545,0.0085522765,0.010817838,0.011483835,0.012647024,0.013624565,0.0137879085,0.014252331,0.014479065,0.015837913,0.015858855,0.016359935,0.01649439,0.017134968,0.01723805,0.018891355,-0.017167013,-0.0153951375,-0.013665145,-0.010670773,0.008892311,0.013651338,0.015512628,0.016968517
2022-11-22,0.004258581,-0.022099543,-0.017628238,-0.017528238,-0.01564555,-0.011921996,-0.011821996,-0.011721997,-0.011621997,-0.0110354535,-0.010935454,-0.010835454,-0.010735454,-0.010290598,-0.010190598,-0.009195438,-0.007976282,-0.0068019745,0.008012556,0.008713203,0.009218858,0.009318857,0.00975772,0.011760502,0.011860502,0.012077849,0.012369879,0.013244981,0.0140163135,0.014783893,0.014787746,0.016007122,0.016762517,0.016862517,0.019086953,-0.015823465,-0.012745936,-0.0110811,-0.008999949,0.009424795,0.01232499,0.014235517,0.016305646
2022-11-24,0.012187788,-0.022564609,-0.016702184,-0.016602185,-0.015317786,-0.012977013,-0.012968107,-0.012868107,-0.012667741,-0.01185666,-0.011182503,-0.010523115,-0.01023764,-0.009023072,-0.008923072,-0.007936417,-0.005950701,-0.0049886373,0.0061243717,0.007669665,0.008481459,0.008581459,0.009222521,0.01030255,0.011164836,0.0112648355,0.012946421,0.013950994,0.014050994,0.015343313,0.015443313,0.016033353,0.017102843,0.017202843,0.019081235,-0.01610594,-0.01339256,-0.0112158125,-0.0076643885,0.008404358,0.012016842,0.014678913,0.016620811
2022-11-25,-0.0002546051,-0.020500515,-0.0171244,-0.015008336,-0.014098016,-0.013717328,-0.013617328,-0.013517329,-0.013417329,-0.012465681,-0.012365681,-0.012265681,-0.012165681,-0.011690157,-0.011590158,-0.010555723,-0.009113483,-0.007685208,0.004967543,0.0059105977,0.0075983326,0.008879925,0.009993355,0.011016812,0.012203067,0.0124955615,0.0127283735,0.014595301,0.014695301,0.015146697,0.015735164,0.015835164,0.017394254,0.017494254,0.019123659,-0.015811518,-0.013605202,-0.012651235,-0.0102420505,0.007911893,0.012649545,0.014911985,0.016666988
2022-11-28,-0.00090605515,-0.022135753,-0.015224765,-0.013470429,-0.013262699,-0.011138726,-0.010992765,-0.0101918625,-0.009979417,-0.009455308,-0.0093553085,-0.009255309,-0.009155309,-0.008966429,-0.0065910183,-0.0052856645,-0.0043738806,-0.0031946904,0.005341559,0.0054466943,0.007312092,0.00822737,0.008465416,0.01111113,0.011786562,0.011886562,0.011986562,0.013994058,0.0140940575,0.014457846,0.014557846,0.015270673,0.016083045,0.016246825,0.018842334,-0.014550942,-0.010817956,-0.009689846,-0.0057401126,0.0076228552,0.011983003,0.014123114,0.015875105
2022-11-29,-0.003907591,-0.021352043,-0.016434418,-0.015961673,-0.014236045,-0.014136045,-0.014036045,-0.013936046,-0.012015895,-0.011915895,-0.011815895,-0.0117158955,-0.011615896,-0.011515896,-0.010673609,-0.009957519,-0.009656218,-0.0066058743,0.004149816,0.00568372,0.0069392985,0.009593123,0.010643457,0.01161571,0.012300962,0.0131209865,0.013220986,0.013955801,0.014230055,0.015320334,0.0154203335,0.015520333,0.017371505,0.017471505,0.018934876,-0.01603892,-0.01357311,-0.012199925,-0.009721823,0.0077333837,0.0129312575,0.014819736,0.016533475
2022-11-30,-0.005669235,-0.022274148,-0.016445061,-0.016345061,-0.016245062,-0.015950337,-0.01484072,-0.014453912,-0.01297352,-0.012899127,-0.011141357,-0.010590974,-0.010204291,-0.009680927,-0.0078583285,-0.0077966903,-0.0076199356,-0.0060179504,0.008058373,0.009015381,0.009598289,0.010124255,0.010655945,0.0115232235,0.012624995,0.012724995,0.013538884,0.015317363,0.016092302,0.016235033,0.016335033,0.016609902,0.017477144,0.017577143,0.01888424,-0.017151067,-0.014302468,-0.011768164,-0.007976776,0.009884259,0.013291311,0.015732145,0.01712827
2022-12-01,0.018164495,-0.02139837,-0.018372988,-0.018272988,-0.018172989,-0.018072989,-0.017972989,-0.014515468,-0.014415468,-0.012726546,-0.011900202,-0.010721213,-0.010621213,-0.009193787,-0.00890347,-0.008775986,-0.007757954,-0.0057657575,0.008933917,0.009355308,0.010544675,0.010960604,0.011060604,0.012071683,0.012834879,0.0129348785,0.013115094,0.014945658,0.015045658,0.016487194,0.01739576,0.01749576,0.017559035,0.017659035,0.019022731,-0.018798064,-0.015580691,-0.012820733,-0.008384876,0.010525877,0.013500003,0.015430528,0.017612096
2022-12-02,-0.0013167564,-0.02151301,-0.018435787,-0.018335788,-0.018235788,-0.018135788,-0.0176365,-0.016478533,-0.014690153,-0.014570832,-0.014031485,-0.013931485,-0.013908224,-0.013808224,-0.013646705,-0.012828439,-0.011352108,-0.010189648,0.0025015532,0.0043805474,0.0050231367,0.007204604,0.007917861,0.01063247,0.012836238,0.012936238,0.013459537,0.015743423,0.01591297,0.016200269,0.016300268,0.016400268,0.016500268,0.017376203,0.019011144,-0.018791374,-0.01634236,-0.014814918,-0.012389677,0.0063892156,0.012686053,0.015563294,0.017057631
2022-12-05,0.0049384227,-0.02230533,-0.018436728,-0.018336728,-0.018236728,-0.01659538,-0.015275573,-0.0151755735,-0.015060419,-0.014731832,-0.014504639,-0.01440464,-0.01430464,-0.01420464,-0.013274988,-0.012086696,-0.011986696,-0.010070655,0.0021268504,0.0031638604,0.00579968,0.008271045,0.008454607,0.012022743,0.012317207,0.012492156,0.013442632,0.014560711,0.015883334,0.016765445,0.016865445,0.016959384,0.017059384,0.017159384,0.019020872,-0.018169949,-0.015716026,-0.014669983,-0.012364735,0.006335729,0.012859133,0.015542301,0.017354107
2022-12-06,-0.0024447332,-0.021891838,-0.015330061,-0.0152300615,-0.015130062,-0.013071965,-0.012802458,-0.012702459,-0.012602459,-0.012502459,-0.012402459,-0.012302459,-0.012202459,-0.01210246,-0.009783047,-0.009377633,-0.008431026,-0.00787693,0.0047129444,0.0060989736,0.008208114,0.010441058,0.010500855,0.013028215,0.0132265845,0.013326584,0.013675171,0.01449777,0.01459777,0.014767274,0.015305723,0.016429111,0.016529111,0.016973248,0.018964723,-0.015645277,-0.013167979,-0.012422459,-0.009554219,0.008537535,0.01322414,0.0148134185,0.016488016
2022-12-07,0.0004237379,-0.022581592,-0.01658902,-0.016434591,-0.013355571,-0.0133413095,-0.013335978,-0.013235978,-0.013135978,-0.013035978,-0.012935978,-0.0128828,-0.0127828,-0.011747145,-0.010626624,-0.0105266245,-0.010426625,-0.00885525,0.004432134,0.006916304,0.00872773,0.010058941,0.012222016,0.013533488,0.013633488,0.013733488,0.013809737,0.014498308,0.014860966,0.014887133,0.015702108,0.016610185,0.017407477,0.017507477,0.019115595,-0.015840694,-0.013835701,-0.012787576,-0.010663585,0.008753719,0.013774887,0.015092725,0.016764501
2022-12-08,0.0039099017,-0.021774778,-0.017256023,-0.017156024,-0.017056024,-0.016956024,-0.016856024,-0.016313,-0.015930533,-0.01386424,-0.01376424,-0.013392626,-0.013264055,-0.012913814,-0.011195869,-0.010846154,-0.010361361,-0.0079968395,0.004654761,0.006497656,0.008737072,0.010663316,0.011588827,0.013135527,0.013614961,0.013757022,0.013857022,0.014312274,0.014568634,0.015632749,0.015732748,0.01643518,0.016743025,0.017275546,0.018986432,-0.017979775,-0.016023964,-0.014545733,-0.010758569,0.008833553,0.01368528,0.015022742,0.016812531
2022-12-09,-0.00041496876,-0.022193575,-0.015298581,-0.015198581,-0.014320829,-0.013106777,-0.013070828,-0.012876112,-0.012322585,-0.011705691,-0.011429284,-0.011236642,-0.011114081,-0.009557398,-0.009352286,-0.0059983535,-0.0055123856,-0.004692322,0.0066127353,0.0076837717,0.00885429,0.009315262,0.00999515,0.011211393,0.0113125695,0.012102655,0.012772954,0.013898903,0.0146898925,0.015345534,0.015445534,0.015495463,0.015784305,0.016704716,0.018858042,-0.015598118,-0.013034759,-0.011498836,-0.0073583974,0.008755727,0.012510727,0.014498318,0.016369859
2022-12-12,-0.0016212133,-0.021164939,-0.015737902,-0.0143911885,-0.012449205,-0.011588395,-0.010738487,-0.010491984,-0.010391984,-0.010291984,-0.010013104,-0.009920474,-0.009307419,-0.008999094,-0.0070098494,-0.005967917,-0.0049884017,-0.0040231803,0.0057945363,0.0061782957,0.007046303,0.008130756,0.008790407,0.009814942,0.010535164,0.010923404,0.011970146,0.012717992,0.013532978,0.014857999,0.014957999,0.015559986,0.016060112,0.016826112,0.0192521,-0.014335786,-0.011261126,-0.009890018,-0.006381965,0.00753701,0.011420948,0.013827845,0.01629084
2022-12-13,0.010720384,-0.022396594,-0.015367389,-0.015267389,-0.014138781,-0.01116643,-0.010925271,-0.010521534,-0.0102802925,-0.010180293,-0.0100469235,-0.009946924,-0.009777168,-0.00886682,-0.007301488,-0.0064796186,-0.0059429943,-0.004829403,0.004706695,0.004806695,0.0062122806,0.007449004,0.008729647,0.010403324,0.011050924,0.011150924,0.011717762,0.012078784,0.013309331,0.013419547,0.013519547,0.015948657,0.016016362,0.016384836,0.018911067,-0.014798893,-0.0114349555,-0.009979295,-0.0069000856,0.0068451194,0.011156445,0.0133083565,0.015636731
2022-12-14,0.00093731395,-0.02136471,-0.017177738,-0.01578415,-0.015679082,-0.015579082,-0.014911366,-0.014811366,-0.0136663085,-0.013566309,-0.012507607,-0.012407607,-0.012041118,-0.010754869,-0.010085388,-0.009985388,-0.009509661,-0.005982322,0.0053051873,0.0068252054,0.009590021,0.010593853,0.010693853,0.01123679,0.012253223,0.01314542,0.013982872,0.0142056765,0.014993864,0.015550533,0.015753815,0.015853815,0.017060598,0.017160598,0.018581528,-0.016942395,-0.014547899,-0.012776254,-0.0095940735,0.008913497,0.012966454,0.01515871,0.016580056
2022-12-15,0.00012209151,-0.021872971,-0.015338346,-0.014761379,-0.012628402,-0.011259848,-0.010944878,-0.010844878,-0.010744878,-0.010644878,-0.010108006,-0.009992125,-0.009892126,-0.009049415,-0.0075146863,-0.0062543675,-0.005303102,-0.003944065,0.0056097303,0.005627493,0.0065308213,0.007671013,0.0086659435,0.009304251,0.010753959,0.010853959,0.010862247,0.012960681,0.013060681,0.014699474,0.014799474,0.0154903205,0.015711825,0.01682489,0.019295322,-0.014408889,-0.011588179,-0.01014786,-0.00660167,0.007238603,0.011296862,0.013458982,0.016221896
2022-12-16,-0.0030049612,-0.02185604,-0.017204814,-0.017104814,-0.017004814,-0.016904814,-0.016804814,-0.015702726,-0.014711219,-0.0142173115,-0.01405968,-0.013763426,-0.013663426,-0.013563426,-0.013463426,-0.013367089,-0.012443973,-0.0093237115,0.0028811889,0.0047731455,0.005309041,0.0071028545,0.008008938,0.0087504545,0.011733317,0.012173235,0.013378753,0.015525364,0.0157759,0.016518032,0.016527502,0.016627502,0.017417144,0.017517144,0.018897561,-0.01795506,-0.015708176,-0.014560513,-0.012472326,0.0063599097,0.012195204,0.015723038,0.017217549
2022-12-19,-0.0034581623,-0.022296933,-0.018388921,-0.017018866,-0.016918866,-0.016818866,-0.016718866,-0.016618866,-0.015196991,-0.012909533,-0.012185552,-0.0121366745,-0.011584282,-0.009683416,-0.008623947,-0.008284455,-0.006501908,-0.004924642,0.009936584,0.011050896,0.011716163,0.011816163,0.012207224,0.012307224,0.012897133,0.012997133,0.014547896,0.014939411,0.015422188,0.016765425,0.017114498,0.017214498,0.017314497,0.01736756,0.018854769,-0.01822849,-0.015692625,-0.013073822,-0.008094326,0.011483388,0.013843283,0.015797883,0.01746335
2022-12-20,0.00568101,-0.021917483,-0.015204119,-0.015104119,-0.01333099,-0.013068183,-0.0129681835,-0.012447079,-0.011786136,-0.011365545,-0.011319553,-0.010379303,-0.010279303,-0.008631085,-0.00758827,-0.006771984,-0.005787816,-0.0047555678,0.006256903,0.0067126383,0.007839028,0.008495051,0.009034735,0.010034834,0.011533402,0.01168742,0.01178742,0.013265472,0.013361095,0.014204258,0.014879877,0.016183745,0.01676142,0.01686142,0.01868453,-0.015297791,-0.012734212,-0.010996852,-0.007056588,0.008167405,0.011645344,0.013875933,0.016162766
2022-12-21,-0.0023029153,-0.021556754,-0.017224856,-0.017124856,-0.017024856,-0.016924856,-0.016824856,-0.015825849,-0.015254578,-0.014047563,-0.012404435,-0.012144693,-0.01186485,-0.01087365,-0.007965997,-0.00750789,-0.007393076,-0.0064132125,0.010040116,0.010450708,0.011492719,0.012227503,0.012631377,0.012731377,0.014493726,0.014593726,0.014693726,0.016112912,0.016212912,0.017091474,0.017628398,0.017728398,0.017828397,0.017928397,0.019077241,-0.017911235,-0.01581554,-0.013444474,-0.008284974,0.011740955,0.014632173,0.016387884,0.017890781
2022-12-22,-0.0013078937,-0.02167686,-0.0153437,-0.0152437,-0.015027076,-0.012947019,-0.012847019,-0.0127470195,-0.012745302,-0.012076817,-0.011135689,-0.010957009,-0.010857009,-0.010615337,-0.008872707,-0.006764101,-0.006294631,-0.0049415156,0.007009119,0.00792587,0.008328949,0.009489228,0.010214423,0.010314423,0.011694045,0.011794045,0.0118940445,0.013865738,0.014576664,0.014748802,0.015097375,0.015211,0.016785411,0.016885411,0.019207383,-0.015568334,-0.0131319715,-0.011640072,-0.007565993,0.008889442,0.0121874865,0.014374132,0.016229995
2022-12-23,0.001119474,-0.021686837,-0.015232236,-0.014037808,-0.012008637,-0.011159731,-0.01103372,-0.0109337205,-0.010833721,-0.010395966,-0.009935241,-0.009835241,-0.009598915,-0.00875812,-0.0066891303,-0.0058744433,-0.005298284,-0.0043788753,0.0057584755,0.00672937,0.00717808,0.007581309,0.0084782755,0.009782563,0.010676453,0.010956526,0.011070508,0.012848213,0.012876435,0.0133862,0.0146534145,0.015496121,0.016495308,0.016603863,0.01905991,-0.014224231,-0.011446987,-0.010031944,-0.0064151944,0.007584737,0.011090355,0.013335334,0.0158399
2022-12-27,0.0033814402,-0.021536414,-0.014516136,-0.013795804,-0.013213241,-0.011549427,-0.010977537,-0.010509333,-0.010409333,-0.009911734,-0.009873301,-0.009773301,-0.009641624,-0.008627449,-0.0068041477,-0.0052011027,-0.004455486,-0.0030138483,0.0048275427,0.005421157,0.0067020347,0.0090014525,0.010593783,0.0111433305,0.01124333,0.011679331,0.012245931,0.0124675855,0.0131442,0.013339761,0.014057958,0.01569704,0.016738402,0.016852528,0.01922709,-0.01435855,-0.011120749,-0.009905849,-0.005849577,0.007439104,0.011844758,0.013587175,0.015834875
2022-12-28,-0.0028586627,-0.021329738,-0.01525714,-0.014665921,-0.013743908,-0.01148742,-0.010975358,-0.0107924845,-0.009852633,-0.009752633,-0.009652633,-0.009552633,-0.009452634,-0.009352634,-0.009245126,-0.0075559025,-0.0067214523,-0.005891844,0.0040455186,0.0041455184,0.0049740956,0.0064013163,0.00689318,0.008015792,0.008979036,0.009079035,0.009830873,0.011089054,0.0112705175,0.013172349,0.013272349,0.014012089,0.01500348,0.016813211,0.019002754,-0.014558712,-0.011207806,-0.009857179,-0.0077933916,0.0057090973,0.009649882,0.012073254,0.015254552
2022-12-29,0.004533387,-0.022472082,-0.014839212,-0.014694616,-0.012731831,-0.012398083,-0.011009645,-0.010367957,-0.009919148,-0.009239527,-0.009139528,-0.008705345,-0.008647653,-0.008029557,-0.007929557,-0.007663973,-0.00690425,-0.00680425,0.003548455,0.00445092,0.005162552,0.005910317,0.0063234656,0.007262654,0.00755553,0.00796472,0.008424458,0.00875855,0.00963186,0.012409092,0.012976304,0.014835238,0.014935238,0.016243732,0.018962927,-0.014690171,-0.011046179,-0.009349106,-0.007601475,0.005325555,0.008543696,0.0108318385,0.015085459
